ISO-10303-21;
HEADER;
/* Generated by software containing ST-Developer
 * from STEP Tools, Inc. (www.steptools.com) 
 */
/* OPTION: using custom renumber hook */

FILE_DESCRIPTION(
/* description */ ('STEP AP242 Edition 2',
'CAx-IF Rec.Pracs.---Representation and Presentation of Product Manufa
cturing Information (PMI)---4.0---2014-10-13',
'CAx-IF Rec.Pracs.---3D Tessellated Geometry---0.4---2014-09-14','2;1',
'CAx-IF Rec.Pracs.---User Defined Attributes---1.5---2016-08-15'),
/* implementation_level */ '2;1');

FILE_NAME(
/* name */ '4pin_asm_top - Deni8A7Ev9mp',
/* time_stamp */ '2026-09-13T16:41:16Z',
/* author */ (''),
/* organization */ (''),
/* preprocessor_version */ 'ST-DEVELOPER v20',
/* originating_system */ 'ONSHAPE BY PTC INC, 1.220',
/* authorisation */ '  ');

FILE_SCHEMA (('AP242_MANAGED_MODEL_BASED_3D_ENGINEERING_MIM_LF { 1 0 10303 442 3 1 4 }'));
ENDSEC;

DATA;
#10=SHAPE_REPRESENTATION_RELATIONSHIP('','',#2908,#11);
#11=ADVANCED_BREP_SHAPE_REPRESENTATION('',(#2906),#5147);
#12=B_SPLINE_SURFACE_WITH_KNOTS('',3,1,((#4461,#4462),(#4463,#4464),(#4465,
#4466),(#4467,#4468),(#4469,#4470),(#4471,#4472),(#4473,#4474)),
 .SURF_OF_LINEAR_EXTRUSION.,.F.,.F.,.F.,(4,1,1,1,4),(2,2),(0.,0.25,0.5,
0.75,1.),(0.,1.),.UNSPECIFIED.);
#13=B_SPLINE_SURFACE_WITH_KNOTS('',3,1,((#4499,#4500),(#4501,#4502),(#4503,
#4504),(#4505,#4506),(#4507,#4508)),.SURF_OF_LINEAR_EXTRUSION.,.F.,.F.,
 .F.,(4,1,4),(2,2),(0.,0.5,1.),(0.,1.),.UNSPECIFIED.);
#14=B_SPLINE_SURFACE_WITH_KNOTS('',3,1,((#4525,#4526),(#4527,#4528),(#4529,
#4530),(#4531,#4532)),.SURF_OF_LINEAR_EXTRUSION.,.F.,.F.,.F.,(4,4),(2,2),
(0.,1.),(0.,1.),.PIECEWISE_BEZIER_KNOTS.);
#15=B_SPLINE_SURFACE_WITH_KNOTS('',3,1,((#4551,#4552),(#4553,#4554),(#4555,
#4556),(#4557,#4558)),.SURF_OF_LINEAR_EXTRUSION.,.F.,.F.,.F.,(4,4),(2,2),
(0.,1.),(0.,1.),.PIECEWISE_BEZIER_KNOTS.);
#16=B_SPLINE_SURFACE_WITH_KNOTS('',3,1,((#4582,#4583),(#4584,#4585),(#4586,
#4587),(#4588,#4589),(#4590,#4591)),.SURF_OF_LINEAR_EXTRUSION.,.F.,.F.,
 .F.,(4,1,4),(2,2),(0.,0.5,1.),(0.,1.),.UNSPECIFIED.);
#17=B_SPLINE_SURFACE_WITH_KNOTS('',3,1,((#4651,#4652),(#4653,#4654),(#4655,
#4656),(#4657,#4658),(#4659,#4660)),.SURF_OF_LINEAR_EXTRUSION.,.F.,.F.,
 .F.,(4,1,4),(2,2),(0.,0.5,1.),(0.,1.),.UNSPECIFIED.);
#18=B_SPLINE_SURFACE_WITH_KNOTS('',3,1,((#4696,#4697),(#4698,#4699),(#4700,
#4701),(#4702,#4703),(#4704,#4705)),.SURF_OF_LINEAR_EXTRUSION.,.F.,.F.,
 .F.,(4,1,4),(2,2),(0.,0.5,1.),(0.,1.),.UNSPECIFIED.);
#19=CONICAL_SURFACE('',#2937,0.00025,0.785398163397448);
#20=CONICAL_SURFACE('',#2969,0.00025,0.785398163397448);
#21=CONICAL_SURFACE('',#2999,0.00025,0.785398163397448);
#22=CONICAL_SURFACE('',#3030,0.00025,0.785398163397448);
#23=CONICAL_SURFACE('',#3106,0.00065,0.78539816339745);
#24=CONICAL_SURFACE('',#3112,0.00065,0.78539816339745);
#25=CONICAL_SURFACE('',#3115,0.00065,0.78539816339745);
#26=CONICAL_SURFACE('',#3152,0.0029,0.00872664625997165);
#27=CONICAL_SURFACE('',#3156,0.0029,0.00872664625997165);
#28=CONICAL_SURFACE('',#3161,0.0029,0.00872664625997165);
#29=CONICAL_SURFACE('',#3164,0.0029,0.00872664625997165);
#30=CONICAL_SURFACE('',#3192,0.00294799777284917,0.00872664625997165);
#31=CONICAL_SURFACE('',#3193,0.00294799777284917,0.00872664625997165);
#32=CONICAL_SURFACE('',#3194,0.00294799777284917,0.00872664625997165);
#33=CONICAL_SURFACE('',#3195,0.00294799777284917,0.00872664625997165);
#34=LINE('',#4095,#250);
#35=LINE('',#4097,#251);
#36=LINE('',#4101,#252);
#37=LINE('',#4102,#253);
#38=LINE('',#4106,#254);
#39=LINE('',#4107,#255);
#40=LINE('',#4138,#256);
#41=LINE('',#4143,#257);
#42=LINE('',#4147,#258);
#43=LINE('',#4151,#259);
#44=LINE('',#4155,#260);
#45=LINE('',#4159,#261);
#46=LINE('',#4277,#262);
#47=LINE('',#4279,#263);
#48=LINE('',#4283,#264);
#49=LINE('',#4284,#265);
#50=LINE('',#4288,#266);
#51=LINE('',#4289,#267);
#52=LINE('',#4368,#268);
#53=LINE('',#4370,#269);
#54=LINE('',#4374,#270);
#55=LINE('',#4375,#271);
#56=LINE('',#4379,#272);
#57=LINE('',#4380,#273);
#58=LINE('',#4391,#274);
#59=LINE('',#4422,#275);
#60=LINE('',#4460,#276);
#61=LINE('',#4520,#277);
#62=LINE('',#4522,#278);
#63=LINE('',#4524,#279);
#64=LINE('',#4603,#280);
#65=LINE('',#4605,#281);
#66=LINE('',#4607,#282);
#67=LINE('',#4610,#283);
#68=LINE('',#4619,#284);
#69=LINE('',#4623,#285);
#70=LINE('',#4625,#286);
#71=LINE('',#4627,#287);
#72=LINE('',#4629,#288);
#73=LINE('',#4638,#289);
#74=LINE('',#4642,#290);
#75=LINE('',#4644,#291);
#76=LINE('',#4646,#292);
#77=LINE('',#4649,#293);
#78=LINE('',#4650,#294);
#79=LINE('',#4668,#295);
#80=LINE('',#4670,#296);
#81=LINE('',#4672,#297);
#82=LINE('',#4681,#298);
#83=LINE('',#4683,#299);
#84=LINE('',#4685,#300);
#85=LINE('',#4687,#301);
#86=LINE('',#4689,#302);
#87=LINE('',#4691,#303);
#88=LINE('',#4693,#304);
#89=LINE('',#4695,#305);
#90=LINE('',#4713,#306);
#91=LINE('',#4715,#307);
#92=LINE('',#4717,#308);
#93=LINE('',#4726,#309);
#94=LINE('',#4728,#310);
#95=LINE('',#4730,#311);
#96=LINE('',#4732,#312);
#97=LINE('',#4734,#313);
#98=LINE('',#4748,#314);
#99=LINE('',#4749,#315);
#100=LINE('',#4754,#316);
#101=LINE('',#4755,#317);
#102=LINE('',#4763,#318);
#103=LINE('',#4767,#319);
#104=LINE('',#4781,#320);
#105=LINE('',#4782,#321);
#106=LINE('',#4784,#322);
#107=LINE('',#4786,#323);
#108=LINE('',#4788,#324);
#109=LINE('',#4793,#325);
#110=LINE('',#4794,#326);
#111=LINE('',#4796,#327);
#112=LINE('',#4798,#328);
#113=LINE('',#4802,#329);
#114=LINE('',#4804,#330);
#115=LINE('',#4806,#331);
#116=LINE('',#4810,#332);
#117=LINE('',#4812,#333);
#118=LINE('',#4844,#334);
#119=LINE('',#4846,#335);
#120=LINE('',#4848,#336);
#121=LINE('',#4850,#337);
#122=LINE('',#4851,#338);
#123=LINE('',#4853,#339);
#124=LINE('',#4855,#340);
#125=LINE('',#4857,#341);
#126=LINE('',#4859,#342);
#127=LINE('',#4862,#343);
#128=LINE('',#4864,#344);
#129=LINE('',#4866,#345);
#130=LINE('',#4868,#346);
#131=LINE('',#4871,#347);
#132=LINE('',#4872,#348);
#133=LINE('',#4874,#349);
#134=LINE('',#4876,#350);
#135=LINE('',#4878,#351);
#136=LINE('',#4879,#352);
#137=LINE('',#4881,#353);
#138=LINE('',#4882,#354);
#139=LINE('',#4884,#355);
#140=LINE('',#4886,#356);
#141=LINE('',#4887,#357);
#142=LINE('',#4889,#358);
#143=LINE('',#4890,#359);
#144=LINE('',#4892,#360);
#145=LINE('',#4893,#361);
#146=LINE('',#4895,#362);
#147=LINE('',#4896,#363);
#148=LINE('',#4898,#364);
#149=LINE('',#4900,#365);
#150=LINE('',#4901,#366);
#151=LINE('',#4902,#367);
#152=LINE('',#4904,#368);
#153=LINE('',#4906,#369);
#154=LINE('',#4907,#370);
#155=LINE('',#4909,#371);
#156=LINE('',#4910,#372);
#157=LINE('',#4912,#373);
#158=LINE('',#4913,#374);
#159=LINE('',#4915,#375);
#160=LINE('',#4917,#376);
#161=LINE('',#4919,#377);
#162=LINE('',#4921,#378);
#163=LINE('',#4923,#379);
#164=LINE('',#4925,#380);
#165=LINE('',#4927,#381);
#166=LINE('',#4929,#382);
#167=LINE('',#4931,#383);
#168=LINE('',#4932,#384);
#169=LINE('',#4934,#385);
#170=LINE('',#4936,#386);
#171=LINE('',#4938,#387);
#172=LINE('',#4940,#388);
#173=LINE('',#4942,#389);
#174=LINE('',#4944,#390);
#175=LINE('',#4945,#391);
#176=LINE('',#4947,#392);
#177=LINE('',#4948,#393);
#178=LINE('',#4950,#394);
#179=LINE('',#4951,#395);
#180=LINE('',#4953,#396);
#181=LINE('',#4955,#397);
#182=LINE('',#4956,#398);
#183=LINE('',#4957,#399);
#184=LINE('',#4959,#400);
#185=LINE('',#4961,#401);
#186=LINE('',#4963,#402);
#187=LINE('',#4965,#403);
#188=LINE('',#4967,#404);
#189=LINE('',#4969,#405);
#190=LINE('',#4970,#406);
#191=LINE('',#4972,#407);
#192=LINE('',#4973,#408);
#193=LINE('',#4975,#409);
#194=LINE('',#4976,#410);
#195=LINE('',#4978,#411);
#196=LINE('',#4980,#412);
#197=LINE('',#4981,#413);
#198=LINE('',#4983,#414);
#199=LINE('',#4985,#415);
#200=LINE('',#4987,#416);
#201=LINE('',#4989,#417);
#202=LINE('',#4991,#418);
#203=LINE('',#4993,#419);
#204=LINE('',#4995,#420);
#205=LINE('',#4999,#421);
#206=LINE('',#5003,#422);
#207=LINE('',#5008,#423);
#208=LINE('',#5022,#424);
#209=LINE('',#5025,#425);
#210=LINE('',#5027,#426);
#211=LINE('',#5029,#427);
#212=LINE('',#5031,#428);
#213=LINE('',#5033,#429);
#214=LINE('',#5035,#430);
#215=LINE('',#5037,#431);
#216=LINE('',#5040,#432);
#217=LINE('',#5042,#433);
#218=LINE('',#5044,#434);
#219=LINE('',#5053,#435);
#220=LINE('',#5059,#436);
#221=LINE('',#5063,#437);
#222=LINE('',#5071,#438);
#223=LINE('',#5072,#439);
#224=LINE('',#5076,#440);
#225=LINE('',#5080,#441);
#226=LINE('',#5081,#442);
#227=LINE('',#5083,#443);
#228=LINE('',#5086,#444);
#229=LINE('',#5088,#445);
#230=LINE('',#5089,#446);
#231=LINE('',#5091,#447);
#232=LINE('',#5093,#448);
#233=LINE('',#5095,#449);
#234=LINE('',#5097,#450);
#235=LINE('',#5099,#451);
#236=LINE('',#5102,#452);
#237=LINE('',#5104,#453);
#238=LINE('',#5105,#454);
#239=LINE('',#5107,#455);
#240=LINE('',#5110,#456);
#241=LINE('',#5112,#457);
#242=LINE('',#5114,#458);
#243=LINE('',#5115,#459);
#244=LINE('',#5119,#460);
#245=LINE('',#5122,#461);
#246=LINE('',#5124,#462);
#247=LINE('',#5125,#463);
#248=LINE('',#5127,#464);
#249=LINE('',#5128,#465);
#250=VECTOR('',#3257,1.);
#251=VECTOR('',#3258,1.);
#252=VECTOR('',#3261,1.);
#253=VECTOR('',#3262,1.);
#254=VECTOR('',#3265,1.);
#255=VECTOR('',#3266,1.);
#256=VECTOR('',#3307,1.);
#257=VECTOR('',#3310,1.);
#258=VECTOR('',#3313,1.);
#259=VECTOR('',#3316,1.);
#260=VECTOR('',#3319,1.);
#261=VECTOR('',#3322,1.);
#262=VECTOR('',#3393,1.);
#263=VECTOR('',#3394,1.);
#264=VECTOR('',#3397,1.);
#265=VECTOR('',#3398,1.);
#266=VECTOR('',#3401,1.);
#267=VECTOR('',#3402,1.);
#268=VECTOR('',#3461,1.);
#269=VECTOR('',#3462,1.);
#270=VECTOR('',#3465,1.);
#271=VECTOR('',#3466,1.);
#272=VECTOR('',#3469,1.);
#273=VECTOR('',#3470,1.);
#274=VECTOR('',#3485,1.);
#275=VECTOR('',#3490,1.);
#276=VECTOR('',#3501,1.);
#277=VECTOR('',#3506,1.);
#278=VECTOR('',#3509,1.);
#279=VECTOR('',#3510,1.);
#280=VECTOR('',#3523,1.);
#281=VECTOR('',#3526,1.);
#282=VECTOR('',#3529,1.);
#283=VECTOR('',#3530,1.);
#284=VECTOR('',#3531,1.);
#285=VECTOR('',#3534,1.);
#286=VECTOR('',#3535,1.);
#287=VECTOR('',#3536,1.);
#288=VECTOR('',#3537,1.);
#289=VECTOR('',#3538,1.);
#290=VECTOR('',#3541,1.);
#291=VECTOR('',#3542,1.);
#292=VECTOR('',#3545,1.);
#293=VECTOR('',#3546,1.);
#294=VECTOR('',#3547,1.);
#295=VECTOR('',#3548,1.);
#296=VECTOR('',#3551,1.);
#297=VECTOR('',#3552,1.);
#298=VECTOR('',#3559,1.);
#299=VECTOR('',#3560,1.);
#300=VECTOR('',#3563,1.);
#301=VECTOR('',#3564,1.);
#302=VECTOR('',#3567,1.);
#303=VECTOR('',#3568,1.);
#304=VECTOR('',#3571,1.);
#305=VECTOR('',#3572,1.);
#306=VECTOR('',#3573,1.);
#307=VECTOR('',#3576,1.);
#308=VECTOR('',#3577,1.);
#309=VECTOR('',#3584,1.);
#310=VECTOR('',#3585,1.);
#311=VECTOR('',#3588,1.);
#312=VECTOR('',#3589,1.);
#313=VECTOR('',#3592,1.);
#314=VECTOR('',#3607,1.);
#315=VECTOR('',#3608,1.);
#316=VECTOR('',#3613,1.);
#317=VECTOR('',#3614,1.);
#318=VECTOR('',#3625,1.);
#319=VECTOR('',#3628,1.);
#320=VECTOR('',#3647,1.);
#321=VECTOR('',#3648,1.);
#322=VECTOR('',#3651,1.);
#323=VECTOR('',#3652,1.);
#324=VECTOR('',#3653,1.);
#325=VECTOR('',#3658,1.);
#326=VECTOR('',#3659,1.);
#327=VECTOR('',#3662,1.);
#328=VECTOR('',#3663,1.);
#329=VECTOR('',#3668,1.);
#330=VECTOR('',#3671,1.);
#331=VECTOR('',#3674,1.);
#332=VECTOR('',#3679,1.);
#333=VECTOR('',#3680,1.);
#334=VECTOR('',#3725,1.);
#335=VECTOR('',#3726,1.);
#336=VECTOR('',#3727,1.);
#337=VECTOR('',#3730,1.);
#338=VECTOR('',#3731,1.);
#339=VECTOR('',#3734,1.);
#340=VECTOR('',#3735,1.);
#341=VECTOR('',#3736,1.);
#342=VECTOR('',#3739,1.);
#343=VECTOR('',#3740,1.);
#344=VECTOR('',#3741,1.);
#345=VECTOR('',#3742,1.);
#346=VECTOR('',#3745,1.);
#347=VECTOR('',#3746,1.);
#348=VECTOR('',#3747,1.);
#349=VECTOR('',#3750,1.);
#350=VECTOR('',#3751,1.);
#351=VECTOR('',#3752,1.);
#352=VECTOR('',#3753,1.);
#353=VECTOR('',#3754,1.);
#354=VECTOR('',#3755,1.);
#355=VECTOR('',#3756,1.);
#356=VECTOR('',#3757,1.);
#357=VECTOR('',#3758,1.);
#358=VECTOR('',#3759,1.);
#359=VECTOR('',#3760,1.);
#360=VECTOR('',#3761,1.);
#361=VECTOR('',#3762,1.);
#362=VECTOR('',#3763,1.);
#363=VECTOR('',#3764,1.);
#364=VECTOR('',#3765,1.);
#365=VECTOR('',#3766,1.);
#366=VECTOR('',#3767,1.);
#367=VECTOR('',#3768,1.);
#368=VECTOR('',#3769,1.);
#369=VECTOR('',#3770,1.);
#370=VECTOR('',#3771,1.);
#371=VECTOR('',#3772,1.);
#372=VECTOR('',#3773,1.);
#373=VECTOR('',#3774,1.);
#374=VECTOR('',#3775,1.);
#375=VECTOR('',#3776,1.);
#376=VECTOR('',#3777,1.);
#377=VECTOR('',#3778,1.);
#378=VECTOR('',#3779,1.);
#379=VECTOR('',#3780,1.);
#380=VECTOR('',#3783,1.);
#381=VECTOR('',#3784,1.);
#382=VECTOR('',#3787,1.);
#383=VECTOR('',#3788,1.);
#384=VECTOR('',#3789,1.);
#385=VECTOR('',#3790,1.);
#386=VECTOR('',#3791,1.);
#387=VECTOR('',#3792,1.);
#388=VECTOR('',#3793,1.);
#389=VECTOR('',#3794,1.);
#390=VECTOR('',#3795,1.);
#391=VECTOR('',#3796,1.);
#392=VECTOR('',#3797,1.);
#393=VECTOR('',#3798,1.);
#394=VECTOR('',#3799,1.);
#395=VECTOR('',#3800,1.);
#396=VECTOR('',#3801,1.);
#397=VECTOR('',#3802,1.);
#398=VECTOR('',#3803,1.);
#399=VECTOR('',#3804,1.);
#400=VECTOR('',#3805,1.);
#401=VECTOR('',#3806,1.);
#402=VECTOR('',#3807,1.);
#403=VECTOR('',#3808,1.);
#404=VECTOR('',#3809,1.);
#405=VECTOR('',#3810,1.);
#406=VECTOR('',#3811,1.);
#407=VECTOR('',#3812,1.);
#408=VECTOR('',#3813,1.);
#409=VECTOR('',#3814,1.);
#410=VECTOR('',#3815,1.);
#411=VECTOR('',#3816,1.);
#412=VECTOR('',#3817,1.);
#413=VECTOR('',#3818,1.);
#414=VECTOR('',#3819,1.);
#415=VECTOR('',#3822,1.);
#416=VECTOR('',#3823,1.);
#417=VECTOR('',#3824,1.);
#418=VECTOR('',#3827,1.);
#419=VECTOR('',#3828,1.);
#420=VECTOR('',#3829,1.);
#421=VECTOR('',#3834,1.);
#422=VECTOR('',#3839,1.);
#423=VECTOR('',#3842,1.);
#424=VECTOR('',#3859,1.);
#425=VECTOR('',#3860,1.);
#426=VECTOR('',#3861,1.);
#427=VECTOR('',#3862,1.);
#428=VECTOR('',#3865,1.);
#429=VECTOR('',#3866,1.);
#430=VECTOR('',#3867,1.);
#431=VECTOR('',#3870,1.);
#432=VECTOR('',#3871,1.);
#433=VECTOR('',#3872,1.);
#434=VECTOR('',#3873,1.);
#435=VECTOR('',#3886,1.);
#436=VECTOR('',#3895,1.);
#437=VECTOR('',#3900,1.);
#438=VECTOR('',#3915,1.);
#439=VECTOR('',#3916,1.);
#440=VECTOR('',#3919,1.);
#441=VECTOR('',#3924,1.);
#442=VECTOR('',#3925,1.);
#443=VECTOR('',#3928,1.);
#444=VECTOR('',#3933,1.);
#445=VECTOR('',#3936,1.);
#446=VECTOR('',#3937,1.);
#447=VECTOR('',#3940,1.);
#448=VECTOR('',#3943,1.);
#449=VECTOR('',#3946,1.);
#450=VECTOR('',#3949,1.);
#451=VECTOR('',#3952,1.);
#452=VECTOR('',#3957,1.);
#453=VECTOR('',#3960,1.);
#454=VECTOR('',#3961,1.);
#455=VECTOR('',#3964,1.);
#456=VECTOR('',#3969,1.);
#457=VECTOR('',#3972,1.);
#458=VECTOR('',#3973,1.);
#459=VECTOR('',#3974,1.);
#460=VECTOR('',#3979,1.);
#461=VECTOR('',#3982,1.);
#462=VECTOR('',#3985,1.);
#463=VECTOR('',#3986,1.);
#464=VECTOR('',#3989,1.);
#465=VECTOR('',#3990,1.);
#466=B_SPLINE_CURVE_WITH_KNOTS('',3,(#4047,#4048,#4049,#4050),
 .UNSPECIFIED.,.F.,.F.,(4,4),(0.,0.000176431696903541),.UNSPECIFIED.);
#467=B_SPLINE_CURVE_WITH_KNOTS('',3,(#4053,#4054,#4055,#4056,#4057,#4058,
#4059),.UNSPECIFIED.,.F.,.F.,(4,3,4),(0.,0.61282310891248,1.),
 .UNSPECIFIED.);
#468=B_SPLINE_CURVE_WITH_KNOTS('',3,(#4065,#4066,#4067,#4068),
 .UNSPECIFIED.,.F.,.F.,(4,4),(4.9065389333868E-17,0.000154642321326906),
 .UNSPECIFIED.);
#469=B_SPLINE_CURVE_WITH_KNOTS('',3,(#4076,#4077,#4078,#4079),
 .UNSPECIFIED.,.F.,.F.,(4,4),(5.50320346484566E-16,0.000154640114528868),
 .UNSPECIFIED.);
#470=B_SPLINE_CURVE_WITH_KNOTS('',3,(#4085,#4086,#4087,#4088,#4089,#4090,
#4091),.UNSPECIFIED.,.F.,.F.,(4,3,4),(0.,0.640337682916117,1.),
 .UNSPECIFIED.);
#471=B_SPLINE_CURVE_WITH_KNOTS('',3,(#4169,#4170,#4171,#4172),
 .UNSPECIFIED.,.F.,.F.,(4,4),(4.00492013879178E-16,0.000154640114521114),
 .UNSPECIFIED.);
#472=B_SPLINE_CURVE_WITH_KNOTS('',3,(#4175,#4176,#4177,#4178,#4179,#4180,
#4181),.UNSPECIFIED.,.F.,.F.,(4,3,4),(0.,0.640337682915277,1.),
 .UNSPECIFIED.);
#473=B_SPLINE_CURVE_WITH_KNOTS('',3,(#4183,#4184,#4185,#4186),
 .UNSPECIFIED.,.F.,.F.,(4,4),(0.,0.000176431696874505),.UNSPECIFIED.);
#474=B_SPLINE_CURVE_WITH_KNOTS('',3,(#4188,#4189,#4190,#4191,#4192,#4193,
#4194),.UNSPECIFIED.,.F.,.F.,(4,3,4),(0.,0.61282310880622,1.),
 .UNSPECIFIED.);
#475=B_SPLINE_CURVE_WITH_KNOTS('',3,(#4197,#4198,#4199,#4200),
 .UNSPECIFIED.,.F.,.F.,(4,4),(0.,0.000154642321334521),.UNSPECIFIED.);
#476=B_SPLINE_CURVE_WITH_KNOTS('',3,(#4229,#4230,#4231,#4232),
 .UNSPECIFIED.,.F.,.F.,(4,4),(0.,0.000176431696872507),.UNSPECIFIED.);
#477=B_SPLINE_CURVE_WITH_KNOTS('',3,(#4235,#4236,#4237,#4238,#4239,#4240,
#4241),.UNSPECIFIED.,.F.,.F.,(4,3,4),(0.,0.612823108799719,1.),
 .UNSPECIFIED.);
#478=B_SPLINE_CURVE_WITH_KNOTS('',3,(#4247,#4248,#4249,#4250),
 .UNSPECIFIED.,.F.,.F.,(4,4),(4.9065389333868E-17,0.000154642321334214),
 .UNSPECIFIED.);
#479=B_SPLINE_CURVE_WITH_KNOTS('',3,(#4258,#4259,#4260,#4261),
 .UNSPECIFIED.,.F.,.F.,(4,4),(4.00492013879178E-16,0.000154640114521112),
 .UNSPECIFIED.);
#480=B_SPLINE_CURVE_WITH_KNOTS('',3,(#4267,#4268,#4269,#4270,#4271,#4272,
#4273),.UNSPECIFIED.,.F.,.F.,(4,3,4),(0.,0.640337682917916,1.),
 .UNSPECIFIED.);
#481=B_SPLINE_CURVE_WITH_KNOTS('',3,(#4320,#4321,#4322,#4323),
 .UNSPECIFIED.,.F.,.F.,(4,4),(0.,0.000176431696872557),.UNSPECIFIED.);
#482=B_SPLINE_CURVE_WITH_KNOTS('',3,(#4326,#4327,#4328,#4329,#4330,#4331,
#4332),.UNSPECIFIED.,.F.,.F.,(4,3,4),(0.,0.612823108799707,1.),
 .UNSPECIFIED.);
#483=B_SPLINE_CURVE_WITH_KNOTS('',3,(#4338,#4339,#4340,#4341),
 .UNSPECIFIED.,.F.,.F.,(4,4),(4.9065389333868E-17,0.000154642321334629),
 .UNSPECIFIED.);
#484=B_SPLINE_CURVE_WITH_KNOTS('',3,(#4349,#4350,#4351,#4352),
 .UNSPECIFIED.,.F.,.F.,(4,4),(4.00492013879178E-16,0.00015464011452111),
 .UNSPECIFIED.);
#485=B_SPLINE_CURVE_WITH_KNOTS('',3,(#4358,#4359,#4360,#4361,#4362,#4363,
#4364),.UNSPECIFIED.,.F.,.F.,(4,3,4),(0.,0.640337682917909,1.),
 .UNSPECIFIED.);
#486=B_SPLINE_CURVE_WITH_KNOTS('',3,(#4396,#4397,#4398,#4399,#4400,#4401,
#4402,#4403,#4404,#4405,#4406,#4407),.UNSPECIFIED.,.F.,.F.,(4,2,2,2,2,4),
(0.,0.181079512478235,0.362159024956469,0.633778293673822,0.905397562391177,
1.),.UNSPECIFIED.);
#487=B_SPLINE_CURVE_WITH_KNOTS('',3,(#4411,#4412,#4413,#4414,#4415,#4416,
#4417,#4418,#4419,#4420),.UNSPECIFIED.,.F.,.F.,(4,2,2,2,4),(0.,0.343006395359997,
0.570473794388208,0.797941193416424,1.),.UNSPECIFIED.);
#488=B_SPLINE_CURVE_WITH_KNOTS('',3,(#4424,#4425,#4426,#4427,#4428,#4429),
 .UNSPECIFIED.,.F.,.F.,(4,2,4),(0.,0.505415162454873,1.),.UNSPECIFIED.);
#489=B_SPLINE_CURVE_WITH_KNOTS('',3,(#4433,#4434,#4435,#4436),
 .UNSPECIFIED.,.F.,.F.,(4,4),(0.,1.),.UNSPECIFIED.);
#490=B_SPLINE_CURVE_WITH_KNOTS('',3,(#4442,#4443,#4444,#4445,#4446,#4447,
#4448,#4449,#4450,#4451),.UNSPECIFIED.,.F.,.F.,(4,2,2,2,4),(0.,0.170197938197711,
0.340395876395426,0.856336223078549,1.),.UNSPECIFIED.);
#491=B_SPLINE_CURVE_WITH_KNOTS('',3,(#4456,#4457,#4458,#4459),
 .UNSPECIFIED.,.F.,.F.,(4,4),(0.,1.),.UNSPECIFIED.);
#492=B_SPLINE_CURVE_WITH_KNOTS('',3,(#4475,#4476,#4477,#4478,#4479,#4480,
#4481,#4482,#4483,#4484,#4485,#4486),.UNSPECIFIED.,.F.,.F.,(4,2,2,2,2,4),
(0.,0.181079512478235,0.362159024956469,0.633778293673822,0.905397562391177,
1.),.UNSPECIFIED.);
#493=B_SPLINE_CURVE_WITH_KNOTS('',3,(#4488,#4489,#4490,#4491),
 .UNSPECIFIED.,.F.,.F.,(4,4),(0.,1.),.UNSPECIFIED.);
#494=B_SPLINE_CURVE_WITH_KNOTS('',3,(#4495,#4496,#4497,#4498),
 .UNSPECIFIED.,.F.,.F.,(4,4),(0.,1.),.UNSPECIFIED.);
#495=B_SPLINE_CURVE_WITH_KNOTS('',3,(#4509,#4510,#4511,#4512,#4513,#4514,
#4515,#4516,#4517,#4518),.UNSPECIFIED.,.F.,.F.,(4,2,2,2,4),(0.,0.343006395359997,
0.570473794388208,0.797941193416424,1.),.UNSPECIFIED.);
#496=B_SPLINE_CURVE_WITH_KNOTS('',3,(#4533,#4534,#4535,#4536,#4537,#4538),
 .UNSPECIFIED.,.F.,.F.,(4,2,4),(0.,0.505415162454873,1.),.UNSPECIFIED.);
#497=B_SPLINE_CURVE_WITH_KNOTS('',3,(#4540,#4541,#4542,#4543),
 .UNSPECIFIED.,.F.,.F.,(4,4),(0.,1.),.UNSPECIFIED.);
#498=B_SPLINE_CURVE_WITH_KNOTS('',3,(#4547,#4548,#4549,#4550),
 .UNSPECIFIED.,.F.,.F.,(4,4),(0.,1.),.UNSPECIFIED.);
#499=B_SPLINE_CURVE_WITH_KNOTS('',3,(#4559,#4560,#4561,#4562),
 .UNSPECIFIED.,.F.,.F.,(4,4),(0.,1.),.UNSPECIFIED.);
#500=B_SPLINE_CURVE_WITH_KNOTS('',3,(#4564,#4565,#4566,#4567),
 .UNSPECIFIED.,.F.,.F.,(4,4),(0.,1.),.UNSPECIFIED.);
#501=B_SPLINE_CURVE_WITH_KNOTS('',3,(#4571,#4572,#4573,#4574),
 .UNSPECIFIED.,.F.,.F.,(4,4),(0.,1.),.UNSPECIFIED.);
#502=B_SPLINE_CURVE_WITH_KNOTS('',3,(#4578,#4579,#4580,#4581),
 .UNSPECIFIED.,.F.,.F.,(4,4),(0.,1.),.UNSPECIFIED.);
#503=B_SPLINE_CURVE_WITH_KNOTS('',3,(#4592,#4593,#4594,#4595,#4596,#4597,
#4598,#4599,#4600,#4601),.UNSPECIFIED.,.F.,.F.,(4,2,2,2,4),(0.,0.170197938197711,
0.340395876395426,0.856336223078549,1.),.UNSPECIFIED.);
#504=B_SPLINE_CURVE_WITH_KNOTS('',3,(#4612,#4613,#4614,#4615,#4616,#4617),
 .UNSPECIFIED.,.F.,.F.,(4,2,4),(0.,0.231456415809421,1.),.UNSPECIFIED.);
#505=B_SPLINE_CURVE_WITH_KNOTS('',3,(#4631,#4632,#4633,#4634,#4635,#4636),
 .UNSPECIFIED.,.F.,.F.,(4,2,4),(0.,0.232355273592387,1.),.UNSPECIFIED.);
#506=B_SPLINE_CURVE_WITH_KNOTS('',3,(#4661,#4662,#4663,#4664,#4665,#4666),
 .UNSPECIFIED.,.F.,.F.,(4,2,4),(0.,0.231456415809421,1.),.UNSPECIFIED.);
#507=B_SPLINE_CURVE_WITH_KNOTS('',3,(#4676,#4677,#4678,#4679),
 .UNSPECIFIED.,.F.,.F.,(4,4),(2.49999999868421E-5,1.),.UNSPECIFIED.);
#508=B_SPLINE_CURVE_WITH_KNOTS('',3,(#4706,#4707,#4708,#4709,#4710,#4711),
 .UNSPECIFIED.,.F.,.F.,(4,2,4),(0.,0.232355273592387,1.),.UNSPECIFIED.);
#509=B_SPLINE_CURVE_WITH_KNOTS('',3,(#4721,#4722,#4723,#4724),
 .UNSPECIFIED.,.F.,.F.,(4,4),(2.49999999868422E-5,1.),.UNSPECIFIED.);
#510=TOROIDAL_SURFACE('',#2916,0.00035,0.00015);
#511=TOROIDAL_SURFACE('',#2923,0.0007,0.0003);
#512=TOROIDAL_SURFACE('',#2947,0.00035,0.00015);
#513=TOROIDAL_SURFACE('',#2962,0.0007,0.0003);
#514=TOROIDAL_SURFACE('',#2978,0.00035,0.00015);
#515=TOROIDAL_SURFACE('',#2985,0.0007,0.0003);
#516=TOROIDAL_SURFACE('',#3009,0.00035,0.00015);
#517=TOROIDAL_SURFACE('',#3016,0.0007,0.0003);
#518=TOROIDAL_SURFACE('',#3069,0.001285,0.0002);
#519=TOROIDAL_SURFACE('',#3078,0.001285,0.0002);
#520=TOROIDAL_SURFACE('',#3084,0.0023,0.0002);
#521=TOROIDAL_SURFACE('',#3088,0.0023,0.0002);
#522=PLANE('',#2914);
#523=PLANE('',#2921);
#524=PLANE('',#2940);
#525=PLANE('',#2945);
#526=PLANE('',#2952);
#527=PLANE('',#2971);
#528=PLANE('',#2976);
#529=PLANE('',#2983);
#530=PLANE('',#3002);
#531=PLANE('',#3007);
#532=PLANE('',#3014);
#533=PLANE('',#3033);
#534=PLANE('',#3034);
#535=PLANE('',#3044);
#536=PLANE('',#3051);
#537=PLANE('',#3052);
#538=PLANE('',#3055);
#539=PLANE('',#3056);
#540=PLANE('',#3059);
#541=PLANE('',#3060);
#542=PLANE('',#3061);
#543=PLANE('',#3062);
#544=PLANE('',#3063);
#545=PLANE('',#3066);
#546=PLANE('',#3067);
#547=PLANE('',#3068);
#548=PLANE('',#3093);
#549=PLANE('',#3096);
#550=PLANE('',#3099);
#551=PLANE('',#3102);
#552=PLANE('',#3105);
#553=PLANE('',#3109);
#554=PLANE('',#3118);
#555=PLANE('',#3121);
#556=PLANE('',#3124);
#557=PLANE('',#3125);
#558=PLANE('',#3126);
#559=PLANE('',#3127);
#560=PLANE('',#3128);
#561=PLANE('',#3129);
#562=PLANE('',#3130);
#563=PLANE('',#3131);
#564=PLANE('',#3132);
#565=PLANE('',#3133);
#566=PLANE('',#3134);
#567=PLANE('',#3137);
#568=PLANE('',#3142);
#569=PLANE('',#3146);
#570=PLANE('',#3147);
#571=PLANE('',#3148);
#572=PLANE('',#3160);
#573=PLANE('',#3167);
#574=PLANE('',#3170);
#575=PLANE('',#3171);
#576=PLANE('',#3172);
#577=PLANE('',#3173);
#578=PLANE('',#3174);
#579=PLANE('',#3175);
#580=PLANE('',#3176);
#581=PLANE('',#3177);
#582=PLANE('',#3178);
#583=PLANE('',#3179);
#584=PLANE('',#3180);
#585=PLANE('',#3181);
#586=PLANE('',#3182);
#587=PLANE('',#3183);
#588=PLANE('',#3184);
#589=PLANE('',#3185);
#590=PLANE('',#3186);
#591=PLANE('',#3187);
#592=PLANE('',#3190);
#593=PLANE('',#3191);
#594=PLANE('',#3196);
#595=PLANE('',#3197);
#596=PLANE('',#3198);
#597=PLANE('',#3199);
#598=PLANE('',#3200);
#599=PLANE('',#3201);
#600=PLANE('',#3202);
#601=PLANE('',#3203);
#602=PLANE('',#3204);
#603=PLANE('',#3205);
#604=PLANE('',#3206);
#605=PLANE('',#3207);
#606=PLANE('',#3208);
#607=CYLINDRICAL_SURFACE('',#2912,0.0003);
#608=CYLINDRICAL_SURFACE('',#2918,0.0006);
#609=CYLINDRICAL_SURFACE('',#2932,0.0003);
#610=CYLINDRICAL_SURFACE('',#2939,0.0003);
#611=CYLINDRICAL_SURFACE('',#2943,0.0003);
#612=CYLINDRICAL_SURFACE('',#2949,0.0006);
#613=CYLINDRICAL_SURFACE('',#2954,0.0003);
#614=CYLINDRICAL_SURFACE('',#2968,0.0003);
#615=CYLINDRICAL_SURFACE('',#2974,0.0003);
#616=CYLINDRICAL_SURFACE('',#2980,0.0006);
#617=CYLINDRICAL_SURFACE('',#2994,0.0003);
#618=CYLINDRICAL_SURFACE('',#3001,0.0003);
#619=CYLINDRICAL_SURFACE('',#3005,0.0003);
#620=CYLINDRICAL_SURFACE('',#3011,0.0006);
#621=CYLINDRICAL_SURFACE('',#3025,0.0003);
#622=CYLINDRICAL_SURFACE('',#3032,0.0003);
#623=CYLINDRICAL_SURFACE('',#3040,0.000277793523894812);
#624=CYLINDRICAL_SURFACE('',#3042,0.00071645426330783);
#625=CYLINDRICAL_SURFACE('',#3045,0.000196218035078668);
#626=CYLINDRICAL_SURFACE('',#3047,0.00139586988235718);
#627=CYLINDRICAL_SURFACE('',#3049,0.000176855866808547);
#628=CYLINDRICAL_SURFACE('',#3057,0.000613867817152753);
#629=CYLINDRICAL_SURFACE('',#3064,0.000321874139941516);
#630=CYLINDRICAL_SURFACE('',#3074,0.0002);
#631=CYLINDRICAL_SURFACE('',#3076,0.0002);
#632=CYLINDRICAL_SURFACE('',#3081,0.0002);
#633=CYLINDRICAL_SURFACE('',#3092,0.0002);
#634=CYLINDRICAL_SURFACE('',#3094,0.0025);
#635=CYLINDRICAL_SURFACE('',#3097,0.0025);
#636=CYLINDRICAL_SURFACE('',#3100,0.001085);
#637=CYLINDRICAL_SURFACE('',#3103,0.001085);
#638=CYLINDRICAL_SURFACE('',#3110,0.00075);
#639=CYLINDRICAL_SURFACE('',#3119,0.00075);
#640=CYLINDRICAL_SURFACE('',#3122,0.00075);
#641=CYLINDRICAL_SURFACE('',#3140,0.00045);
#642=CYLINDRICAL_SURFACE('',#3149,0.00045);
#643=CYLINDRICAL_SURFACE('',#3150,0.00045);
#644=CYLINDRICAL_SURFACE('',#3151,0.00045);
#645=ORIENTED_EDGE('',*,*,#1455,.F.);
#646=ORIENTED_EDGE('',*,*,#1456,.T.);
#647=ORIENTED_EDGE('',*,*,#1455,.T.);
#648=ORIENTED_EDGE('',*,*,#1456,.F.);
#649=ORIENTED_EDGE('',*,*,#1457,.T.);
#650=ORIENTED_EDGE('',*,*,#1458,.F.);
#651=ORIENTED_EDGE('',*,*,#1457,.F.);
#652=ORIENTED_EDGE('',*,*,#1459,.F.);
#653=ORIENTED_EDGE('',*,*,#1460,.T.);
#654=ORIENTED_EDGE('',*,*,#1461,.F.);
#655=ORIENTED_EDGE('',*,*,#1460,.F.);
#656=ORIENTED_EDGE('',*,*,#1462,.T.);
#657=ORIENTED_EDGE('',*,*,#1463,.T.);
#658=ORIENTED_EDGE('',*,*,#1464,.F.);
#659=ORIENTED_EDGE('',*,*,#1465,.F.);
#660=ORIENTED_EDGE('',*,*,#1466,.T.);
#661=ORIENTED_EDGE('',*,*,#1467,.F.);
#662=ORIENTED_EDGE('',*,*,#1468,.F.);
#663=ORIENTED_EDGE('',*,*,#1469,.F.);
#664=ORIENTED_EDGE('',*,*,#1470,.T.);
#665=ORIENTED_EDGE('',*,*,#1471,.F.);
#666=ORIENTED_EDGE('',*,*,#1472,.F.);
#667=ORIENTED_EDGE('',*,*,#1473,.T.);
#668=ORIENTED_EDGE('',*,*,#1474,.T.);
#669=ORIENTED_EDGE('',*,*,#1475,.F.);
#670=ORIENTED_EDGE('',*,*,#1468,.T.);
#671=ORIENTED_EDGE('',*,*,#1476,.F.);
#672=ORIENTED_EDGE('',*,*,#1477,.F.);
#673=ORIENTED_EDGE('',*,*,#1478,.F.);
#674=ORIENTED_EDGE('',*,*,#1464,.T.);
#675=ORIENTED_EDGE('',*,*,#1479,.T.);
#676=ORIENTED_EDGE('',*,*,#1480,.F.);
#677=ORIENTED_EDGE('',*,*,#1481,.T.);
#678=ORIENTED_EDGE('',*,*,#1472,.T.);
#679=ORIENTED_EDGE('',*,*,#1482,.F.);
#680=ORIENTED_EDGE('',*,*,#1483,.F.);
#681=ORIENTED_EDGE('',*,*,#1484,.T.);
#682=ORIENTED_EDGE('',*,*,#1485,.F.);
#683=ORIENTED_EDGE('',*,*,#1484,.F.);
#684=ORIENTED_EDGE('',*,*,#1461,.T.);
#685=ORIENTED_EDGE('',*,*,#1474,.F.);
#686=ORIENTED_EDGE('',*,*,#1485,.T.);
#687=ORIENTED_EDGE('',*,*,#1486,.F.);
#688=ORIENTED_EDGE('',*,*,#1487,.T.);
#689=ORIENTED_EDGE('',*,*,#1486,.T.);
#690=ORIENTED_EDGE('',*,*,#1487,.F.);
#691=ORIENTED_EDGE('',*,*,#1488,.T.);
#692=ORIENTED_EDGE('',*,*,#1489,.F.);
#693=ORIENTED_EDGE('',*,*,#1488,.F.);
#694=ORIENTED_EDGE('',*,*,#1490,.F.);
#695=ORIENTED_EDGE('',*,*,#1491,.T.);
#696=ORIENTED_EDGE('',*,*,#1492,.F.);
#697=ORIENTED_EDGE('',*,*,#1491,.F.);
#698=ORIENTED_EDGE('',*,*,#1493,.F.);
#699=ORIENTED_EDGE('',*,*,#1494,.T.);
#700=ORIENTED_EDGE('',*,*,#1495,.T.);
#701=ORIENTED_EDGE('',*,*,#1496,.F.);
#702=ORIENTED_EDGE('',*,*,#1497,.T.);
#703=ORIENTED_EDGE('',*,*,#1498,.T.);
#704=ORIENTED_EDGE('',*,*,#1499,.F.);
#705=ORIENTED_EDGE('',*,*,#1500,.F.);
#706=ORIENTED_EDGE('',*,*,#1501,.F.);
#707=ORIENTED_EDGE('',*,*,#1502,.T.);
#708=ORIENTED_EDGE('',*,*,#1503,.F.);
#709=ORIENTED_EDGE('',*,*,#1504,.F.);
#710=ORIENTED_EDGE('',*,*,#1505,.T.);
#711=ORIENTED_EDGE('',*,*,#1506,.F.);
#712=ORIENTED_EDGE('',*,*,#1502,.F.);
#713=ORIENTED_EDGE('',*,*,#1507,.F.);
#714=ORIENTED_EDGE('',*,*,#1508,.T.);
#715=ORIENTED_EDGE('',*,*,#1509,.F.);
#716=ORIENTED_EDGE('',*,*,#1498,.F.);
#717=ORIENTED_EDGE('',*,*,#1510,.T.);
#718=ORIENTED_EDGE('',*,*,#1511,.T.);
#719=ORIENTED_EDGE('',*,*,#1512,.T.);
#720=ORIENTED_EDGE('',*,*,#1494,.F.);
#721=ORIENTED_EDGE('',*,*,#1513,.F.);
#722=ORIENTED_EDGE('',*,*,#1514,.T.);
#723=ORIENTED_EDGE('',*,*,#1515,.T.);
#724=ORIENTED_EDGE('',*,*,#1492,.T.);
#725=ORIENTED_EDGE('',*,*,#1515,.F.);
#726=ORIENTED_EDGE('',*,*,#1516,.F.);
#727=ORIENTED_EDGE('',*,*,#1505,.F.);
#728=ORIENTED_EDGE('',*,*,#1516,.T.);
#729=ORIENTED_EDGE('',*,*,#1517,.F.);
#730=ORIENTED_EDGE('',*,*,#1518,.T.);
#731=ORIENTED_EDGE('',*,*,#1517,.T.);
#732=ORIENTED_EDGE('',*,*,#1518,.F.);
#733=ORIENTED_EDGE('',*,*,#1519,.T.);
#734=ORIENTED_EDGE('',*,*,#1520,.F.);
#735=ORIENTED_EDGE('',*,*,#1519,.F.);
#736=ORIENTED_EDGE('',*,*,#1521,.F.);
#737=ORIENTED_EDGE('',*,*,#1522,.T.);
#738=ORIENTED_EDGE('',*,*,#1523,.F.);
#739=ORIENTED_EDGE('',*,*,#1522,.F.);
#740=ORIENTED_EDGE('',*,*,#1524,.T.);
#741=ORIENTED_EDGE('',*,*,#1525,.T.);
#742=ORIENTED_EDGE('',*,*,#1526,.F.);
#743=ORIENTED_EDGE('',*,*,#1527,.F.);
#744=ORIENTED_EDGE('',*,*,#1528,.T.);
#745=ORIENTED_EDGE('',*,*,#1529,.F.);
#746=ORIENTED_EDGE('',*,*,#1530,.F.);
#747=ORIENTED_EDGE('',*,*,#1531,.F.);
#748=ORIENTED_EDGE('',*,*,#1532,.T.);
#749=ORIENTED_EDGE('',*,*,#1533,.F.);
#750=ORIENTED_EDGE('',*,*,#1534,.F.);
#751=ORIENTED_EDGE('',*,*,#1535,.T.);
#752=ORIENTED_EDGE('',*,*,#1536,.T.);
#753=ORIENTED_EDGE('',*,*,#1537,.F.);
#754=ORIENTED_EDGE('',*,*,#1530,.T.);
#755=ORIENTED_EDGE('',*,*,#1538,.F.);
#756=ORIENTED_EDGE('',*,*,#1539,.F.);
#757=ORIENTED_EDGE('',*,*,#1540,.F.);
#758=ORIENTED_EDGE('',*,*,#1526,.T.);
#759=ORIENTED_EDGE('',*,*,#1541,.T.);
#760=ORIENTED_EDGE('',*,*,#1542,.F.);
#761=ORIENTED_EDGE('',*,*,#1543,.T.);
#762=ORIENTED_EDGE('',*,*,#1534,.T.);
#763=ORIENTED_EDGE('',*,*,#1544,.F.);
#764=ORIENTED_EDGE('',*,*,#1545,.F.);
#765=ORIENTED_EDGE('',*,*,#1546,.T.);
#766=ORIENTED_EDGE('',*,*,#1547,.F.);
#767=ORIENTED_EDGE('',*,*,#1546,.F.);
#768=ORIENTED_EDGE('',*,*,#1523,.T.);
#769=ORIENTED_EDGE('',*,*,#1536,.F.);
#770=ORIENTED_EDGE('',*,*,#1547,.T.);
#771=ORIENTED_EDGE('',*,*,#1548,.F.);
#772=ORIENTED_EDGE('',*,*,#1549,.T.);
#773=ORIENTED_EDGE('',*,*,#1548,.T.);
#774=ORIENTED_EDGE('',*,*,#1549,.F.);
#775=ORIENTED_EDGE('',*,*,#1550,.T.);
#776=ORIENTED_EDGE('',*,*,#1551,.F.);
#777=ORIENTED_EDGE('',*,*,#1550,.F.);
#778=ORIENTED_EDGE('',*,*,#1552,.F.);
#779=ORIENTED_EDGE('',*,*,#1553,.T.);
#780=ORIENTED_EDGE('',*,*,#1554,.F.);
#781=ORIENTED_EDGE('',*,*,#1553,.F.);
#782=ORIENTED_EDGE('',*,*,#1555,.T.);
#783=ORIENTED_EDGE('',*,*,#1556,.T.);
#784=ORIENTED_EDGE('',*,*,#1557,.F.);
#785=ORIENTED_EDGE('',*,*,#1558,.F.);
#786=ORIENTED_EDGE('',*,*,#1559,.T.);
#787=ORIENTED_EDGE('',*,*,#1560,.F.);
#788=ORIENTED_EDGE('',*,*,#1561,.F.);
#789=ORIENTED_EDGE('',*,*,#1562,.F.);
#790=ORIENTED_EDGE('',*,*,#1563,.T.);
#791=ORIENTED_EDGE('',*,*,#1564,.F.);
#792=ORIENTED_EDGE('',*,*,#1565,.F.);
#793=ORIENTED_EDGE('',*,*,#1566,.T.);
#794=ORIENTED_EDGE('',*,*,#1567,.T.);
#795=ORIENTED_EDGE('',*,*,#1568,.F.);
#796=ORIENTED_EDGE('',*,*,#1561,.T.);
#797=ORIENTED_EDGE('',*,*,#1569,.F.);
#798=ORIENTED_EDGE('',*,*,#1570,.F.);
#799=ORIENTED_EDGE('',*,*,#1571,.F.);
#800=ORIENTED_EDGE('',*,*,#1557,.T.);
#801=ORIENTED_EDGE('',*,*,#1572,.T.);
#802=ORIENTED_EDGE('',*,*,#1573,.F.);
#803=ORIENTED_EDGE('',*,*,#1574,.T.);
#804=ORIENTED_EDGE('',*,*,#1565,.T.);
#805=ORIENTED_EDGE('',*,*,#1575,.F.);
#806=ORIENTED_EDGE('',*,*,#1576,.F.);
#807=ORIENTED_EDGE('',*,*,#1577,.T.);
#808=ORIENTED_EDGE('',*,*,#1578,.F.);
#809=ORIENTED_EDGE('',*,*,#1577,.F.);
#810=ORIENTED_EDGE('',*,*,#1554,.T.);
#811=ORIENTED_EDGE('',*,*,#1567,.F.);
#812=ORIENTED_EDGE('',*,*,#1578,.T.);
#813=ORIENTED_EDGE('',*,*,#1579,.F.);
#814=ORIENTED_EDGE('',*,*,#1580,.F.);
#815=ORIENTED_EDGE('',*,*,#1581,.F.);
#816=ORIENTED_EDGE('',*,*,#1582,.F.);
#817=ORIENTED_EDGE('',*,*,#1583,.F.);
#818=ORIENTED_EDGE('',*,*,#1584,.F.);
#819=ORIENTED_EDGE('',*,*,#1585,.F.);
#820=ORIENTED_EDGE('',*,*,#1586,.F.);
#821=ORIENTED_EDGE('',*,*,#1587,.F.);
#822=ORIENTED_EDGE('',*,*,#1588,.F.);
#823=ORIENTED_EDGE('',*,*,#1589,.F.);
#824=ORIENTED_EDGE('',*,*,#1590,.F.);
#825=ORIENTED_EDGE('',*,*,#1591,.F.);
#826=ORIENTED_EDGE('',*,*,#1592,.F.);
#827=ORIENTED_EDGE('',*,*,#1580,.T.);
#828=ORIENTED_EDGE('',*,*,#1593,.T.);
#829=ORIENTED_EDGE('',*,*,#1594,.F.);
#830=ORIENTED_EDGE('',*,*,#1595,.F.);
#831=ORIENTED_EDGE('',*,*,#1581,.T.);
#832=ORIENTED_EDGE('',*,*,#1592,.T.);
#833=ORIENTED_EDGE('',*,*,#1596,.F.);
#834=ORIENTED_EDGE('',*,*,#1597,.F.);
#835=ORIENTED_EDGE('',*,*,#1582,.T.);
#836=ORIENTED_EDGE('',*,*,#1595,.T.);
#837=ORIENTED_EDGE('',*,*,#1598,.F.);
#838=ORIENTED_EDGE('',*,*,#1599,.F.);
#839=ORIENTED_EDGE('',*,*,#1583,.T.);
#840=ORIENTED_EDGE('',*,*,#1597,.T.);
#841=ORIENTED_EDGE('',*,*,#1600,.F.);
#842=ORIENTED_EDGE('',*,*,#1601,.F.);
#843=ORIENTED_EDGE('',*,*,#1584,.T.);
#844=ORIENTED_EDGE('',*,*,#1599,.T.);
#845=ORIENTED_EDGE('',*,*,#1602,.F.);
#846=ORIENTED_EDGE('',*,*,#1603,.F.);
#847=ORIENTED_EDGE('',*,*,#1585,.T.);
#848=ORIENTED_EDGE('',*,*,#1601,.T.);
#849=ORIENTED_EDGE('',*,*,#1604,.F.);
#850=ORIENTED_EDGE('',*,*,#1605,.F.);
#851=ORIENTED_EDGE('',*,*,#1586,.T.);
#852=ORIENTED_EDGE('',*,*,#1603,.T.);
#853=ORIENTED_EDGE('',*,*,#1606,.F.);
#854=ORIENTED_EDGE('',*,*,#1607,.F.);
#855=ORIENTED_EDGE('',*,*,#1587,.T.);
#856=ORIENTED_EDGE('',*,*,#1605,.T.);
#857=ORIENTED_EDGE('',*,*,#1608,.F.);
#858=ORIENTED_EDGE('',*,*,#1609,.F.);
#859=ORIENTED_EDGE('',*,*,#1588,.T.);
#860=ORIENTED_EDGE('',*,*,#1607,.T.);
#861=ORIENTED_EDGE('',*,*,#1610,.F.);
#862=ORIENTED_EDGE('',*,*,#1611,.F.);
#863=ORIENTED_EDGE('',*,*,#1589,.T.);
#864=ORIENTED_EDGE('',*,*,#1609,.T.);
#865=ORIENTED_EDGE('',*,*,#1612,.F.);
#866=ORIENTED_EDGE('',*,*,#1613,.F.);
#867=ORIENTED_EDGE('',*,*,#1590,.T.);
#868=ORIENTED_EDGE('',*,*,#1611,.T.);
#869=ORIENTED_EDGE('',*,*,#1614,.F.);
#870=ORIENTED_EDGE('',*,*,#1593,.F.);
#871=ORIENTED_EDGE('',*,*,#1579,.T.);
#872=ORIENTED_EDGE('',*,*,#1613,.T.);
#873=ORIENTED_EDGE('',*,*,#1615,.F.);
#874=ORIENTED_EDGE('',*,*,#1616,.F.);
#875=ORIENTED_EDGE('',*,*,#1617,.F.);
#876=ORIENTED_EDGE('',*,*,#1618,.F.);
#877=ORIENTED_EDGE('',*,*,#1619,.F.);
#878=ORIENTED_EDGE('',*,*,#1620,.F.);
#879=ORIENTED_EDGE('',*,*,#1621,.F.);
#880=ORIENTED_EDGE('',*,*,#1622,.F.);
#881=ORIENTED_EDGE('',*,*,#1623,.F.);
#882=ORIENTED_EDGE('',*,*,#1624,.F.);
#883=ORIENTED_EDGE('',*,*,#1625,.F.);
#884=ORIENTED_EDGE('',*,*,#1626,.F.);
#885=ORIENTED_EDGE('',*,*,#1627,.F.);
#886=ORIENTED_EDGE('',*,*,#1628,.F.);
#887=ORIENTED_EDGE('',*,*,#1629,.F.);
#888=ORIENTED_EDGE('',*,*,#1630,.F.);
#889=ORIENTED_EDGE('',*,*,#1616,.T.);
#890=ORIENTED_EDGE('',*,*,#1631,.T.);
#891=ORIENTED_EDGE('',*,*,#1632,.F.);
#892=ORIENTED_EDGE('',*,*,#1633,.F.);
#893=ORIENTED_EDGE('',*,*,#1617,.T.);
#894=ORIENTED_EDGE('',*,*,#1630,.T.);
#895=ORIENTED_EDGE('',*,*,#1634,.F.);
#896=ORIENTED_EDGE('',*,*,#1635,.F.);
#897=ORIENTED_EDGE('',*,*,#1618,.T.);
#898=ORIENTED_EDGE('',*,*,#1633,.T.);
#899=ORIENTED_EDGE('',*,*,#1636,.F.);
#900=ORIENTED_EDGE('',*,*,#1637,.F.);
#901=ORIENTED_EDGE('',*,*,#1619,.T.);
#902=ORIENTED_EDGE('',*,*,#1635,.T.);
#903=ORIENTED_EDGE('',*,*,#1638,.F.);
#904=ORIENTED_EDGE('',*,*,#1639,.F.);
#905=ORIENTED_EDGE('',*,*,#1620,.T.);
#906=ORIENTED_EDGE('',*,*,#1637,.T.);
#907=ORIENTED_EDGE('',*,*,#1640,.F.);
#908=ORIENTED_EDGE('',*,*,#1641,.F.);
#909=ORIENTED_EDGE('',*,*,#1621,.T.);
#910=ORIENTED_EDGE('',*,*,#1639,.T.);
#911=ORIENTED_EDGE('',*,*,#1642,.F.);
#912=ORIENTED_EDGE('',*,*,#1643,.F.);
#913=ORIENTED_EDGE('',*,*,#1622,.T.);
#914=ORIENTED_EDGE('',*,*,#1641,.T.);
#915=ORIENTED_EDGE('',*,*,#1644,.F.);
#916=ORIENTED_EDGE('',*,*,#1645,.F.);
#917=ORIENTED_EDGE('',*,*,#1623,.T.);
#918=ORIENTED_EDGE('',*,*,#1643,.T.);
#919=ORIENTED_EDGE('',*,*,#1646,.F.);
#920=ORIENTED_EDGE('',*,*,#1647,.F.);
#921=ORIENTED_EDGE('',*,*,#1624,.T.);
#922=ORIENTED_EDGE('',*,*,#1645,.T.);
#923=ORIENTED_EDGE('',*,*,#1648,.F.);
#924=ORIENTED_EDGE('',*,*,#1649,.F.);
#925=ORIENTED_EDGE('',*,*,#1625,.T.);
#926=ORIENTED_EDGE('',*,*,#1647,.T.);
#927=ORIENTED_EDGE('',*,*,#1650,.F.);
#928=ORIENTED_EDGE('',*,*,#1651,.F.);
#929=ORIENTED_EDGE('',*,*,#1626,.T.);
#930=ORIENTED_EDGE('',*,*,#1649,.T.);
#931=ORIENTED_EDGE('',*,*,#1652,.F.);
#932=ORIENTED_EDGE('',*,*,#1653,.F.);
#933=ORIENTED_EDGE('',*,*,#1627,.T.);
#934=ORIENTED_EDGE('',*,*,#1651,.T.);
#935=ORIENTED_EDGE('',*,*,#1654,.F.);
#936=ORIENTED_EDGE('',*,*,#1655,.F.);
#937=ORIENTED_EDGE('',*,*,#1628,.T.);
#938=ORIENTED_EDGE('',*,*,#1653,.T.);
#939=ORIENTED_EDGE('',*,*,#1656,.F.);
#940=ORIENTED_EDGE('',*,*,#1631,.F.);
#941=ORIENTED_EDGE('',*,*,#1615,.T.);
#942=ORIENTED_EDGE('',*,*,#1655,.T.);
#943=ORIENTED_EDGE('',*,*,#1657,.T.);
#944=ORIENTED_EDGE('',*,*,#1658,.F.);
#945=ORIENTED_EDGE('',*,*,#1659,.T.);
#946=ORIENTED_EDGE('',*,*,#1660,.F.);
#947=ORIENTED_EDGE('',*,*,#1661,.T.);
#948=ORIENTED_EDGE('',*,*,#1662,.F.);
#949=ORIENTED_EDGE('',*,*,#1659,.F.);
#950=ORIENTED_EDGE('',*,*,#1663,.F.);
#951=ORIENTED_EDGE('',*,*,#1664,.T.);
#952=ORIENTED_EDGE('',*,*,#1665,.F.);
#953=ORIENTED_EDGE('',*,*,#1657,.F.);
#954=ORIENTED_EDGE('',*,*,#1666,.F.);
#955=ORIENTED_EDGE('',*,*,#1661,.F.);
#956=ORIENTED_EDGE('',*,*,#1667,.F.);
#957=ORIENTED_EDGE('',*,*,#1664,.F.);
#958=ORIENTED_EDGE('',*,*,#1668,.F.);
#959=ORIENTED_EDGE('',*,*,#1669,.T.);
#960=ORIENTED_EDGE('',*,*,#1670,.F.);
#961=ORIENTED_EDGE('',*,*,#1671,.T.);
#962=ORIENTED_EDGE('',*,*,#1672,.F.);
#963=ORIENTED_EDGE('',*,*,#1673,.T.);
#964=ORIENTED_EDGE('',*,*,#1674,.F.);
#965=ORIENTED_EDGE('',*,*,#1671,.F.);
#966=ORIENTED_EDGE('',*,*,#1675,.F.);
#967=ORIENTED_EDGE('',*,*,#1676,.T.);
#968=ORIENTED_EDGE('',*,*,#1677,.F.);
#969=ORIENTED_EDGE('',*,*,#1669,.F.);
#970=ORIENTED_EDGE('',*,*,#1678,.F.);
#971=ORIENTED_EDGE('',*,*,#1673,.F.);
#972=ORIENTED_EDGE('',*,*,#1679,.F.);
#973=ORIENTED_EDGE('',*,*,#1676,.F.);
#974=ORIENTED_EDGE('',*,*,#1680,.F.);
#975=ORIENTED_EDGE('',*,*,#1681,.T.);
#976=ORIENTED_EDGE('',*,*,#1682,.T.);
#977=ORIENTED_EDGE('',*,*,#1683,.F.);
#978=ORIENTED_EDGE('',*,*,#1666,.T.);
#979=ORIENTED_EDGE('',*,*,#1684,.F.);
#980=ORIENTED_EDGE('',*,*,#1685,.F.);
#981=ORIENTED_EDGE('',*,*,#1677,.T.);
#982=ORIENTED_EDGE('',*,*,#1686,.T.);
#983=ORIENTED_EDGE('',*,*,#1687,.F.);
#984=ORIENTED_EDGE('',*,*,#1686,.F.);
#985=ORIENTED_EDGE('',*,*,#1679,.T.);
#986=ORIENTED_EDGE('',*,*,#1688,.T.);
#987=ORIENTED_EDGE('',*,*,#1689,.F.);
#988=ORIENTED_EDGE('',*,*,#1688,.F.);
#989=ORIENTED_EDGE('',*,*,#1675,.T.);
#990=ORIENTED_EDGE('',*,*,#1690,.T.);
#991=ORIENTED_EDGE('',*,*,#1691,.F.);
#992=ORIENTED_EDGE('',*,*,#1690,.F.);
#993=ORIENTED_EDGE('',*,*,#1670,.T.);
#994=ORIENTED_EDGE('',*,*,#1685,.T.);
#995=ORIENTED_EDGE('',*,*,#1692,.T.);
#996=ORIENTED_EDGE('',*,*,#1693,.T.);
#997=ORIENTED_EDGE('',*,*,#1681,.F.);
#998=ORIENTED_EDGE('',*,*,#1660,.T.);
#999=ORIENTED_EDGE('',*,*,#1694,.T.);
#1000=ORIENTED_EDGE('',*,*,#1695,.T.);
#1001=ORIENTED_EDGE('',*,*,#1692,.F.);
#1002=ORIENTED_EDGE('',*,*,#1662,.T.);
#1003=ORIENTED_EDGE('',*,*,#1683,.T.);
#1004=ORIENTED_EDGE('',*,*,#1696,.T.);
#1005=ORIENTED_EDGE('',*,*,#1694,.F.);
#1006=ORIENTED_EDGE('',*,*,#1668,.T.);
#1007=ORIENTED_EDGE('',*,*,#1591,.T.);
#1008=ORIENTED_EDGE('',*,*,#1614,.T.);
#1009=ORIENTED_EDGE('',*,*,#1612,.T.);
#1010=ORIENTED_EDGE('',*,*,#1610,.T.);
#1011=ORIENTED_EDGE('',*,*,#1608,.T.);
#1012=ORIENTED_EDGE('',*,*,#1606,.T.);
#1013=ORIENTED_EDGE('',*,*,#1604,.T.);
#1014=ORIENTED_EDGE('',*,*,#1602,.T.);
#1015=ORIENTED_EDGE('',*,*,#1600,.T.);
#1016=ORIENTED_EDGE('',*,*,#1598,.T.);
#1017=ORIENTED_EDGE('',*,*,#1596,.T.);
#1018=ORIENTED_EDGE('',*,*,#1594,.T.);
#1019=ORIENTED_EDGE('',*,*,#1678,.T.);
#1020=ORIENTED_EDGE('',*,*,#1672,.T.);
#1021=ORIENTED_EDGE('',*,*,#1674,.T.);
#1022=ORIENTED_EDGE('',*,*,#1680,.T.);
#1023=ORIENTED_EDGE('',*,*,#1663,.T.);
#1024=ORIENTED_EDGE('',*,*,#1658,.T.);
#1025=ORIENTED_EDGE('',*,*,#1665,.T.);
#1026=ORIENTED_EDGE('',*,*,#1667,.T.);
#1027=ORIENTED_EDGE('',*,*,#1629,.T.);
#1028=ORIENTED_EDGE('',*,*,#1656,.T.);
#1029=ORIENTED_EDGE('',*,*,#1654,.T.);
#1030=ORIENTED_EDGE('',*,*,#1652,.T.);
#1031=ORIENTED_EDGE('',*,*,#1650,.T.);
#1032=ORIENTED_EDGE('',*,*,#1648,.T.);
#1033=ORIENTED_EDGE('',*,*,#1646,.T.);
#1034=ORIENTED_EDGE('',*,*,#1644,.T.);
#1035=ORIENTED_EDGE('',*,*,#1642,.T.);
#1036=ORIENTED_EDGE('',*,*,#1640,.T.);
#1037=ORIENTED_EDGE('',*,*,#1638,.T.);
#1038=ORIENTED_EDGE('',*,*,#1636,.T.);
#1039=ORIENTED_EDGE('',*,*,#1634,.T.);
#1040=ORIENTED_EDGE('',*,*,#1632,.T.);
#1041=ORIENTED_EDGE('',*,*,#1697,.F.);
#1042=ORIENTED_EDGE('',*,*,#1698,.F.);
#1043=ORIENTED_EDGE('',*,*,#1697,.T.);
#1044=ORIENTED_EDGE('',*,*,#1699,.T.);
#1045=ORIENTED_EDGE('',*,*,#1698,.T.);
#1046=ORIENTED_EDGE('',*,*,#1700,.F.);
#1047=ORIENTED_EDGE('',*,*,#1701,.F.);
#1048=ORIENTED_EDGE('',*,*,#1702,.F.);
#1049=ORIENTED_EDGE('',*,*,#1703,.F.);
#1050=ORIENTED_EDGE('',*,*,#1702,.T.);
#1051=ORIENTED_EDGE('',*,*,#1704,.T.);
#1052=ORIENTED_EDGE('',*,*,#1703,.T.);
#1053=ORIENTED_EDGE('',*,*,#1700,.T.);
#1054=ORIENTED_EDGE('',*,*,#1705,.T.);
#1055=ORIENTED_EDGE('',*,*,#1701,.T.);
#1056=ORIENTED_EDGE('',*,*,#1497,.F.);
#1057=ORIENTED_EDGE('',*,*,#1706,.T.);
#1058=ORIENTED_EDGE('',*,*,#1707,.T.);
#1059=ORIENTED_EDGE('',*,*,#1708,.T.);
#1060=ORIENTED_EDGE('',*,*,#1510,.F.);
#1061=ORIENTED_EDGE('',*,*,#1709,.T.);
#1062=ORIENTED_EDGE('',*,*,#1499,.T.);
#1063=ORIENTED_EDGE('',*,*,#1509,.T.);
#1064=ORIENTED_EDGE('',*,*,#1710,.F.);
#1065=ORIENTED_EDGE('',*,*,#1707,.F.);
#1066=ORIENTED_EDGE('',*,*,#1513,.T.);
#1067=ORIENTED_EDGE('',*,*,#1493,.T.);
#1068=ORIENTED_EDGE('',*,*,#1711,.F.);
#1069=ORIENTED_EDGE('',*,*,#1712,.F.);
#1070=ORIENTED_EDGE('',*,*,#1713,.T.);
#1071=ORIENTED_EDGE('',*,*,#1714,.T.);
#1072=ORIENTED_EDGE('',*,*,#1715,.T.);
#1073=ORIENTED_EDGE('',*,*,#1716,.T.);
#1074=ORIENTED_EDGE('',*,*,#1717,.T.);
#1075=ORIENTED_EDGE('',*,*,#1718,.T.);
#1076=ORIENTED_EDGE('',*,*,#1719,.F.);
#1077=ORIENTED_EDGE('',*,*,#1716,.F.);
#1078=ORIENTED_EDGE('',*,*,#1720,.T.);
#1079=ORIENTED_EDGE('',*,*,#1721,.F.);
#1080=ORIENTED_EDGE('',*,*,#1483,.T.);
#1081=ORIENTED_EDGE('',*,*,#1722,.F.);
#1082=ORIENTED_EDGE('',*,*,#1723,.F.);
#1083=ORIENTED_EDGE('',*,*,#1480,.T.);
#1084=ORIENTED_EDGE('',*,*,#1724,.F.);
#1085=ORIENTED_EDGE('',*,*,#1725,.T.);
#1086=ORIENTED_EDGE('',*,*,#1477,.T.);
#1087=ORIENTED_EDGE('',*,*,#1726,.T.);
#1088=ORIENTED_EDGE('',*,*,#1727,.T.);
#1089=ORIENTED_EDGE('',*,*,#1728,.F.);
#1090=ORIENTED_EDGE('',*,*,#1576,.T.);
#1091=ORIENTED_EDGE('',*,*,#1729,.F.);
#1092=ORIENTED_EDGE('',*,*,#1730,.F.);
#1093=ORIENTED_EDGE('',*,*,#1573,.T.);
#1094=ORIENTED_EDGE('',*,*,#1731,.F.);
#1095=ORIENTED_EDGE('',*,*,#1732,.T.);
#1096=ORIENTED_EDGE('',*,*,#1570,.T.);
#1097=ORIENTED_EDGE('',*,*,#1733,.T.);
#1098=ORIENTED_EDGE('',*,*,#1734,.T.);
#1099=ORIENTED_EDGE('',*,*,#1720,.F.);
#1100=ORIENTED_EDGE('',*,*,#1715,.F.);
#1101=ORIENTED_EDGE('',*,*,#1735,.T.);
#1102=ORIENTED_EDGE('',*,*,#1736,.T.);
#1103=ORIENTED_EDGE('',*,*,#1737,.F.);
#1104=ORIENTED_EDGE('',*,*,#1500,.T.);
#1105=ORIENTED_EDGE('',*,*,#1709,.F.);
#1106=ORIENTED_EDGE('',*,*,#1706,.F.);
#1107=ORIENTED_EDGE('',*,*,#1496,.T.);
#1108=ORIENTED_EDGE('',*,*,#1738,.F.);
#1109=ORIENTED_EDGE('',*,*,#1711,.T.);
#1110=ORIENTED_EDGE('',*,*,#1504,.T.);
#1111=ORIENTED_EDGE('',*,*,#1739,.T.);
#1112=ORIENTED_EDGE('',*,*,#1740,.T.);
#1113=ORIENTED_EDGE('',*,*,#1741,.F.);
#1114=ORIENTED_EDGE('',*,*,#1545,.T.);
#1115=ORIENTED_EDGE('',*,*,#1742,.F.);
#1116=ORIENTED_EDGE('',*,*,#1743,.F.);
#1117=ORIENTED_EDGE('',*,*,#1542,.T.);
#1118=ORIENTED_EDGE('',*,*,#1744,.F.);
#1119=ORIENTED_EDGE('',*,*,#1745,.T.);
#1120=ORIENTED_EDGE('',*,*,#1539,.T.);
#1121=ORIENTED_EDGE('',*,*,#1746,.T.);
#1122=ORIENTED_EDGE('',*,*,#1747,.T.);
#1123=ORIENTED_EDGE('',*,*,#1748,.F.);
#1124=ORIENTED_EDGE('',*,*,#1749,.F.);
#1125=ORIENTED_EDGE('',*,*,#1750,.T.);
#1126=ORIENTED_EDGE('',*,*,#1751,.T.);
#1127=ORIENTED_EDGE('',*,*,#1752,.T.);
#1128=ORIENTED_EDGE('',*,*,#1735,.F.);
#1129=ORIENTED_EDGE('',*,*,#1714,.F.);
#1130=ORIENTED_EDGE('',*,*,#1753,.T.);
#1131=ORIENTED_EDGE('',*,*,#1462,.F.);
#1132=ORIENTED_EDGE('',*,*,#1754,.F.);
#1133=ORIENTED_EDGE('',*,*,#1755,.T.);
#1134=ORIENTED_EDGE('',*,*,#1470,.F.);
#1135=ORIENTED_EDGE('',*,*,#1756,.T.);
#1136=ORIENTED_EDGE('',*,*,#1757,.F.);
#1137=ORIENTED_EDGE('',*,*,#1758,.F.);
#1138=ORIENTED_EDGE('',*,*,#1759,.F.);
#1139=ORIENTED_EDGE('',*,*,#1760,.T.);
#1140=ORIENTED_EDGE('',*,*,#1761,.F.);
#1141=ORIENTED_EDGE('',*,*,#1762,.F.);
#1142=ORIENTED_EDGE('',*,*,#1528,.F.);
#1143=ORIENTED_EDGE('',*,*,#1763,.F.);
#1144=ORIENTED_EDGE('',*,*,#1764,.F.);
#1145=ORIENTED_EDGE('',*,*,#1524,.F.);
#1146=ORIENTED_EDGE('',*,*,#1765,.F.);
#1147=ORIENTED_EDGE('',*,*,#1766,.T.);
#1148=ORIENTED_EDGE('',*,*,#1532,.F.);
#1149=ORIENTED_EDGE('',*,*,#1767,.T.);
#1150=ORIENTED_EDGE('',*,*,#1768,.F.);
#1151=ORIENTED_EDGE('',*,*,#1769,.F.);
#1152=ORIENTED_EDGE('',*,*,#1514,.F.);
#1153=ORIENTED_EDGE('',*,*,#1713,.F.);
#1154=ORIENTED_EDGE('',*,*,#1770,.F.);
#1155=ORIENTED_EDGE('',*,*,#1511,.F.);
#1156=ORIENTED_EDGE('',*,*,#1708,.F.);
#1157=ORIENTED_EDGE('',*,*,#1710,.T.);
#1158=ORIENTED_EDGE('',*,*,#1508,.F.);
#1159=ORIENTED_EDGE('',*,*,#1771,.T.);
#1160=ORIENTED_EDGE('',*,*,#1772,.F.);
#1161=ORIENTED_EDGE('',*,*,#1773,.F.);
#1162=ORIENTED_EDGE('',*,*,#1774,.T.);
#1163=ORIENTED_EDGE('',*,*,#1775,.T.);
#1164=ORIENTED_EDGE('',*,*,#1776,.F.);
#1165=ORIENTED_EDGE('',*,*,#1777,.F.);
#1166=ORIENTED_EDGE('',*,*,#1559,.F.);
#1167=ORIENTED_EDGE('',*,*,#1778,.F.);
#1168=ORIENTED_EDGE('',*,*,#1779,.F.);
#1169=ORIENTED_EDGE('',*,*,#1555,.F.);
#1170=ORIENTED_EDGE('',*,*,#1780,.F.);
#1171=ORIENTED_EDGE('',*,*,#1781,.T.);
#1172=ORIENTED_EDGE('',*,*,#1563,.F.);
#1173=ORIENTED_EDGE('',*,*,#1782,.T.);
#1174=ORIENTED_EDGE('',*,*,#1783,.F.);
#1175=ORIENTED_EDGE('',*,*,#1784,.F.);
#1176=ORIENTED_EDGE('',*,*,#1466,.F.);
#1177=ORIENTED_EDGE('',*,*,#1785,.F.);
#1178=ORIENTED_EDGE('',*,*,#1786,.F.);
#1179=ORIENTED_EDGE('',*,*,#1787,.T.);
#1180=ORIENTED_EDGE('',*,*,#1773,.T.);
#1181=ORIENTED_EDGE('',*,*,#1788,.F.);
#1182=ORIENTED_EDGE('',*,*,#1789,.F.);
#1183=ORIENTED_EDGE('',*,*,#1790,.F.);
#1184=ORIENTED_EDGE('',*,*,#1775,.F.);
#1185=ORIENTED_EDGE('',*,*,#1791,.T.);
#1186=ORIENTED_EDGE('',*,*,#1792,.F.);
#1187=ORIENTED_EDGE('',*,*,#1793,.T.);
#1188=ORIENTED_EDGE('',*,*,#1794,.F.);
#1189=ORIENTED_EDGE('',*,*,#1795,.T.);
#1190=ORIENTED_EDGE('',*,*,#1791,.F.);
#1191=ORIENTED_EDGE('',*,*,#1774,.F.);
#1192=ORIENTED_EDGE('',*,*,#1787,.F.);
#1193=ORIENTED_EDGE('',*,*,#1552,.T.);
#1194=ORIENTED_EDGE('',*,*,#1521,.T.);
#1195=ORIENTED_EDGE('',*,*,#1490,.T.);
#1196=ORIENTED_EDGE('',*,*,#1459,.T.);
#1197=ORIENTED_EDGE('',*,*,#1796,.T.);
#1198=ORIENTED_EDGE('',*,*,#1797,.F.);
#1199=ORIENTED_EDGE('',*,*,#1798,.F.);
#1200=ORIENTED_EDGE('',*,*,#1799,.F.);
#1201=ORIENTED_EDGE('',*,*,#1800,.F.);
#1202=ORIENTED_EDGE('',*,*,#1489,.T.);
#1203=ORIENTED_EDGE('',*,*,#1800,.T.);
#1204=ORIENTED_EDGE('',*,*,#1801,.T.);
#1205=ORIENTED_EDGE('',*,*,#1802,.T.);
#1206=ORIENTED_EDGE('',*,*,#1803,.T.);
#1207=ORIENTED_EDGE('',*,*,#1696,.F.);
#1208=ORIENTED_EDGE('',*,*,#1682,.F.);
#1209=ORIENTED_EDGE('',*,*,#1693,.F.);
#1210=ORIENTED_EDGE('',*,*,#1695,.F.);
#1211=ORIENTED_EDGE('',*,*,#1804,.F.);
#1212=ORIENTED_EDGE('',*,*,#1805,.T.);
#1213=ORIENTED_EDGE('',*,*,#1806,.T.);
#1214=ORIENTED_EDGE('',*,*,#1807,.T.);
#1215=ORIENTED_EDGE('',*,*,#1794,.T.);
#1216=ORIENTED_EDGE('',*,*,#1808,.T.);
#1217=ORIENTED_EDGE('',*,*,#1809,.T.);
#1218=ORIENTED_EDGE('',*,*,#1810,.T.);
#1219=ORIENTED_EDGE('',*,*,#1811,.F.);
#1220=ORIENTED_EDGE('',*,*,#1812,.T.);
#1221=ORIENTED_EDGE('',*,*,#1813,.T.);
#1222=ORIENTED_EDGE('',*,*,#1814,.T.);
#1223=ORIENTED_EDGE('',*,*,#1801,.F.);
#1224=ORIENTED_EDGE('',*,*,#1520,.T.);
#1225=ORIENTED_EDGE('',*,*,#1802,.F.);
#1226=ORIENTED_EDGE('',*,*,#1458,.T.);
#1227=ORIENTED_EDGE('',*,*,#1803,.F.);
#1228=ORIENTED_EDGE('',*,*,#1551,.T.);
#1229=ORIENTED_EDGE('',*,*,#1815,.F.);
#1230=ORIENTED_EDGE('',*,*,#1807,.F.);
#1231=ORIENTED_EDGE('',*,*,#1816,.F.);
#1232=ORIENTED_EDGE('',*,*,#1817,.F.);
#1233=ORIENTED_EDGE('',*,*,#1797,.T.);
#1234=ORIENTED_EDGE('',*,*,#1818,.F.);
#1235=ORIENTED_EDGE('',*,*,#1819,.F.);
#1236=ORIENTED_EDGE('',*,*,#1820,.F.);
#1237=ORIENTED_EDGE('',*,*,#1799,.T.);
#1238=ORIENTED_EDGE('',*,*,#1821,.F.);
#1239=ORIENTED_EDGE('',*,*,#1822,.F.);
#1240=ORIENTED_EDGE('',*,*,#1812,.F.);
#1241=ORIENTED_EDGE('',*,*,#1821,.T.);
#1242=ORIENTED_EDGE('',*,*,#1798,.T.);
#1243=ORIENTED_EDGE('',*,*,#1817,.T.);
#1244=ORIENTED_EDGE('',*,*,#1823,.T.);
#1245=ORIENTED_EDGE('',*,*,#1824,.F.);
#1246=ORIENTED_EDGE('',*,*,#1795,.F.);
#1247=ORIENTED_EDGE('',*,*,#1810,.F.);
#1248=ORIENTED_EDGE('',*,*,#1825,.F.);
#1249=ORIENTED_EDGE('',*,*,#1805,.F.);
#1250=ORIENTED_EDGE('',*,*,#1826,.F.);
#1251=ORIENTED_EDGE('',*,*,#1814,.F.);
#1252=ORIENTED_EDGE('',*,*,#1827,.F.);
#1253=ORIENTED_EDGE('',*,*,#1808,.F.);
#1254=ORIENTED_EDGE('',*,*,#1793,.F.);
#1255=ORIENTED_EDGE('',*,*,#1828,.F.);
#1256=ORIENTED_EDGE('',*,*,#1736,.F.);
#1257=ORIENTED_EDGE('',*,*,#1752,.F.);
#1258=ORIENTED_EDGE('',*,*,#1829,.T.);
#1259=ORIENTED_EDGE('',*,*,#1830,.T.);
#1260=ORIENTED_EDGE('',*,*,#1831,.F.);
#1261=ORIENTED_EDGE('',*,*,#1832,.T.);
#1262=ORIENTED_EDGE('',*,*,#1788,.T.);
#1263=ORIENTED_EDGE('',*,*,#1772,.T.);
#1264=ORIENTED_EDGE('',*,*,#1768,.T.);
#1265=ORIENTED_EDGE('',*,*,#1833,.F.);
#1266=ORIENTED_EDGE('',*,*,#1740,.F.);
#1267=ORIENTED_EDGE('',*,*,#1834,.F.);
#1268=ORIENTED_EDGE('',*,*,#1742,.T.);
#1269=ORIENTED_EDGE('',*,*,#1544,.T.);
#1270=ORIENTED_EDGE('',*,*,#1533,.T.);
#1271=ORIENTED_EDGE('',*,*,#1766,.F.);
#1272=ORIENTED_EDGE('',*,*,#1835,.F.);
#1273=ORIENTED_EDGE('',*,*,#1543,.F.);
#1274=ORIENTED_EDGE('',*,*,#1743,.T.);
#1275=ORIENTED_EDGE('',*,*,#1835,.T.);
#1276=ORIENTED_EDGE('',*,*,#1765,.T.);
#1277=ORIENTED_EDGE('',*,*,#1535,.F.);
#1278=ORIENTED_EDGE('',*,*,#1527,.T.);
#1279=ORIENTED_EDGE('',*,*,#1540,.T.);
#1280=ORIENTED_EDGE('',*,*,#1745,.F.);
#1281=ORIENTED_EDGE('',*,*,#1836,.F.);
#1282=ORIENTED_EDGE('',*,*,#1763,.T.);
#1283=ORIENTED_EDGE('',*,*,#1761,.T.);
#1284=ORIENTED_EDGE('',*,*,#1837,.F.);
#1285=ORIENTED_EDGE('',*,*,#1747,.F.);
#1286=ORIENTED_EDGE('',*,*,#1838,.F.);
#1287=ORIENTED_EDGE('',*,*,#1837,.T.);
#1288=ORIENTED_EDGE('',*,*,#1760,.F.);
#1289=ORIENTED_EDGE('',*,*,#1839,.F.);
#1290=ORIENTED_EDGE('',*,*,#1748,.T.);
#1291=ORIENTED_EDGE('',*,*,#1840,.T.);
#1292=ORIENTED_EDGE('',*,*,#1749,.T.);
#1293=ORIENTED_EDGE('',*,*,#1839,.T.);
#1294=ORIENTED_EDGE('',*,*,#1759,.T.);
#1295=ORIENTED_EDGE('',*,*,#1841,.T.);
#1296=ORIENTED_EDGE('',*,*,#1750,.F.);
#1297=ORIENTED_EDGE('',*,*,#1840,.F.);
#1298=ORIENTED_EDGE('',*,*,#1758,.T.);
#1299=ORIENTED_EDGE('',*,*,#1757,.T.);
#1300=ORIENTED_EDGE('',*,*,#1842,.F.);
#1301=ORIENTED_EDGE('',*,*,#1751,.F.);
#1302=ORIENTED_EDGE('',*,*,#1841,.F.);
#1303=ORIENTED_EDGE('',*,*,#1722,.T.);
#1304=ORIENTED_EDGE('',*,*,#1482,.T.);
#1305=ORIENTED_EDGE('',*,*,#1471,.T.);
#1306=ORIENTED_EDGE('',*,*,#1755,.F.);
#1307=ORIENTED_EDGE('',*,*,#1843,.F.);
#1308=ORIENTED_EDGE('',*,*,#1481,.F.);
#1309=ORIENTED_EDGE('',*,*,#1723,.T.);
#1310=ORIENTED_EDGE('',*,*,#1843,.T.);
#1311=ORIENTED_EDGE('',*,*,#1754,.T.);
#1312=ORIENTED_EDGE('',*,*,#1473,.F.);
#1313=ORIENTED_EDGE('',*,*,#1465,.T.);
#1314=ORIENTED_EDGE('',*,*,#1478,.T.);
#1315=ORIENTED_EDGE('',*,*,#1725,.F.);
#1316=ORIENTED_EDGE('',*,*,#1844,.F.);
#1317=ORIENTED_EDGE('',*,*,#1785,.T.);
#1318=ORIENTED_EDGE('',*,*,#1783,.T.);
#1319=ORIENTED_EDGE('',*,*,#1845,.F.);
#1320=ORIENTED_EDGE('',*,*,#1727,.F.);
#1321=ORIENTED_EDGE('',*,*,#1846,.F.);
#1322=ORIENTED_EDGE('',*,*,#1729,.T.);
#1323=ORIENTED_EDGE('',*,*,#1575,.T.);
#1324=ORIENTED_EDGE('',*,*,#1564,.T.);
#1325=ORIENTED_EDGE('',*,*,#1781,.F.);
#1326=ORIENTED_EDGE('',*,*,#1847,.F.);
#1327=ORIENTED_EDGE('',*,*,#1574,.F.);
#1328=ORIENTED_EDGE('',*,*,#1730,.T.);
#1329=ORIENTED_EDGE('',*,*,#1847,.T.);
#1330=ORIENTED_EDGE('',*,*,#1780,.T.);
#1331=ORIENTED_EDGE('',*,*,#1566,.F.);
#1332=ORIENTED_EDGE('',*,*,#1558,.T.);
#1333=ORIENTED_EDGE('',*,*,#1571,.T.);
#1334=ORIENTED_EDGE('',*,*,#1732,.F.);
#1335=ORIENTED_EDGE('',*,*,#1848,.F.);
#1336=ORIENTED_EDGE('',*,*,#1778,.T.);
#1337=ORIENTED_EDGE('',*,*,#1704,.F.);
#1338=ORIENTED_EDGE('',*,*,#1829,.F.);
#1339=ORIENTED_EDGE('',*,*,#1753,.F.);
#1340=ORIENTED_EDGE('',*,*,#1717,.F.);
#1341=ORIENTED_EDGE('',*,*,#1719,.T.);
#1342=ORIENTED_EDGE('',*,*,#1849,.F.);
#1343=ORIENTED_EDGE('',*,*,#1850,.T.);
#1344=ORIENTED_EDGE('',*,*,#1818,.T.);
#1345=ORIENTED_EDGE('',*,*,#1796,.F.);
#1346=ORIENTED_EDGE('',*,*,#1820,.T.);
#1347=ORIENTED_EDGE('',*,*,#1851,.T.);
#1348=ORIENTED_EDGE('',*,*,#1705,.F.);
#1349=ORIENTED_EDGE('',*,*,#1699,.F.);
#1350=ORIENTED_EDGE('',*,*,#1776,.T.);
#1351=ORIENTED_EDGE('',*,*,#1790,.T.);
#1352=ORIENTED_EDGE('',*,*,#1852,.T.);
#1353=ORIENTED_EDGE('',*,*,#1853,.F.);
#1354=ORIENTED_EDGE('',*,*,#1854,.T.);
#1355=ORIENTED_EDGE('',*,*,#1849,.T.);
#1356=ORIENTED_EDGE('',*,*,#1718,.F.);
#1357=ORIENTED_EDGE('',*,*,#1734,.F.);
#1358=ORIENTED_EDGE('',*,*,#1855,.F.);
#1359=ORIENTED_EDGE('',*,*,#1856,.T.);
#1360=ORIENTED_EDGE('',*,*,#1804,.T.);
#1361=ORIENTED_EDGE('',*,*,#1857,.T.);
#1362=ORIENTED_EDGE('',*,*,#1853,.T.);
#1363=ORIENTED_EDGE('',*,*,#1858,.T.);
#1364=ORIENTED_EDGE('',*,*,#1811,.T.);
#1365=ORIENTED_EDGE('',*,*,#1859,.T.);
#1366=ORIENTED_EDGE('',*,*,#1831,.T.);
#1367=ORIENTED_EDGE('',*,*,#1851,.F.);
#1368=ORIENTED_EDGE('',*,*,#1819,.T.);
#1369=ORIENTED_EDGE('',*,*,#1858,.F.);
#1370=ORIENTED_EDGE('',*,*,#1830,.F.);
#1371=ORIENTED_EDGE('',*,*,#1859,.F.);
#1372=ORIENTED_EDGE('',*,*,#1826,.T.);
#1373=ORIENTED_EDGE('',*,*,#1789,.T.);
#1374=ORIENTED_EDGE('',*,*,#1832,.F.);
#1375=ORIENTED_EDGE('',*,*,#1857,.F.);
#1376=ORIENTED_EDGE('',*,*,#1815,.T.);
#1377=ORIENTED_EDGE('',*,*,#1850,.F.);
#1378=ORIENTED_EDGE('',*,*,#1854,.F.);
#1379=ORIENTED_EDGE('',*,*,#1792,.T.);
#1380=ORIENTED_EDGE('',*,*,#1824,.T.);
#1381=ORIENTED_EDGE('',*,*,#1856,.F.);
#1382=ORIENTED_EDGE('',*,*,#1852,.F.);
#1383=ORIENTED_EDGE('',*,*,#1689,.T.);
#1384=ORIENTED_EDGE('',*,*,#1691,.T.);
#1385=ORIENTED_EDGE('',*,*,#1684,.T.);
#1386=ORIENTED_EDGE('',*,*,#1687,.T.);
#1387=ORIENTED_EDGE('',*,*,#1809,.F.);
#1388=ORIENTED_EDGE('',*,*,#1827,.T.);
#1389=ORIENTED_EDGE('',*,*,#1813,.F.);
#1390=ORIENTED_EDGE('',*,*,#1822,.T.);
#1391=ORIENTED_EDGE('',*,*,#1823,.F.);
#1392=ORIENTED_EDGE('',*,*,#1816,.T.);
#1393=ORIENTED_EDGE('',*,*,#1806,.F.);
#1394=ORIENTED_EDGE('',*,*,#1825,.T.);
#1395=ORIENTED_EDGE('',*,*,#1562,.T.);
#1396=ORIENTED_EDGE('',*,*,#1568,.T.);
#1397=ORIENTED_EDGE('',*,*,#1728,.T.);
#1398=ORIENTED_EDGE('',*,*,#1845,.T.);
#1399=ORIENTED_EDGE('',*,*,#1782,.F.);
#1400=ORIENTED_EDGE('',*,*,#1572,.F.);
#1401=ORIENTED_EDGE('',*,*,#1556,.F.);
#1402=ORIENTED_EDGE('',*,*,#1779,.T.);
#1403=ORIENTED_EDGE('',*,*,#1848,.T.);
#1404=ORIENTED_EDGE('',*,*,#1731,.T.);
#1405=ORIENTED_EDGE('',*,*,#1733,.F.);
#1406=ORIENTED_EDGE('',*,*,#1569,.T.);
#1407=ORIENTED_EDGE('',*,*,#1560,.T.);
#1408=ORIENTED_EDGE('',*,*,#1777,.T.);
#1409=ORIENTED_EDGE('',*,*,#1855,.T.);
#1410=ORIENTED_EDGE('',*,*,#1531,.T.);
#1411=ORIENTED_EDGE('',*,*,#1537,.T.);
#1412=ORIENTED_EDGE('',*,*,#1741,.T.);
#1413=ORIENTED_EDGE('',*,*,#1833,.T.);
#1414=ORIENTED_EDGE('',*,*,#1767,.F.);
#1415=ORIENTED_EDGE('',*,*,#1541,.F.);
#1416=ORIENTED_EDGE('',*,*,#1525,.F.);
#1417=ORIENTED_EDGE('',*,*,#1764,.T.);
#1418=ORIENTED_EDGE('',*,*,#1836,.T.);
#1419=ORIENTED_EDGE('',*,*,#1744,.T.);
#1420=ORIENTED_EDGE('',*,*,#1746,.F.);
#1421=ORIENTED_EDGE('',*,*,#1538,.T.);
#1422=ORIENTED_EDGE('',*,*,#1529,.T.);
#1423=ORIENTED_EDGE('',*,*,#1762,.T.);
#1424=ORIENTED_EDGE('',*,*,#1838,.T.);
#1425=ORIENTED_EDGE('',*,*,#1495,.F.);
#1426=ORIENTED_EDGE('',*,*,#1512,.F.);
#1427=ORIENTED_EDGE('',*,*,#1770,.T.);
#1428=ORIENTED_EDGE('',*,*,#1712,.T.);
#1429=ORIENTED_EDGE('',*,*,#1738,.T.);
#1430=ORIENTED_EDGE('',*,*,#1507,.T.);
#1431=ORIENTED_EDGE('',*,*,#1501,.T.);
#1432=ORIENTED_EDGE('',*,*,#1737,.T.);
#1433=ORIENTED_EDGE('',*,*,#1828,.T.);
#1434=ORIENTED_EDGE('',*,*,#1771,.F.);
#1435=ORIENTED_EDGE('',*,*,#1739,.F.);
#1436=ORIENTED_EDGE('',*,*,#1503,.T.);
#1437=ORIENTED_EDGE('',*,*,#1506,.T.);
#1438=ORIENTED_EDGE('',*,*,#1769,.T.);
#1439=ORIENTED_EDGE('',*,*,#1834,.T.);
#1440=ORIENTED_EDGE('',*,*,#1469,.T.);
#1441=ORIENTED_EDGE('',*,*,#1475,.T.);
#1442=ORIENTED_EDGE('',*,*,#1721,.T.);
#1443=ORIENTED_EDGE('',*,*,#1842,.T.);
#1444=ORIENTED_EDGE('',*,*,#1756,.F.);
#1445=ORIENTED_EDGE('',*,*,#1479,.F.);
#1446=ORIENTED_EDGE('',*,*,#1463,.F.);
#1447=ORIENTED_EDGE('',*,*,#1786,.T.);
#1448=ORIENTED_EDGE('',*,*,#1844,.T.);
#1449=ORIENTED_EDGE('',*,*,#1724,.T.);
#1450=ORIENTED_EDGE('',*,*,#1726,.F.);
#1451=ORIENTED_EDGE('',*,*,#1476,.T.);
#1452=ORIENTED_EDGE('',*,*,#1467,.T.);
#1453=ORIENTED_EDGE('',*,*,#1784,.T.);
#1454=ORIENTED_EDGE('',*,*,#1846,.T.);
#1455=EDGE_CURVE('',#1860,#1860,#2143,.T.);
#1456=EDGE_CURVE('',#1861,#1861,#2144,.T.);
#1457=EDGE_CURVE('',#1862,#1862,#2145,.T.);
#1458=EDGE_CURVE('',#1863,#1863,#2146,.T.);
#1459=EDGE_CURVE('',#1864,#1864,#2147,.T.);
#1460=EDGE_CURVE('',#1865,#1865,#2148,.T.);
#1461=EDGE_CURVE('',#1866,#1866,#2149,.T.);
#1462=EDGE_CURVE('',#1867,#1868,#466,.T.);
#1463=EDGE_CURVE('',#1868,#1869,#467,.T.);
#1464=EDGE_CURVE('',#1870,#1869,#2150,.T.);
#1465=EDGE_CURVE('',#1871,#1870,#2151,.T.);
#1466=EDGE_CURVE('',#1871,#1872,#468,.T.);
#1467=EDGE_CURVE('',#1873,#1872,#2152,.T.);
#1468=EDGE_CURVE('',#1874,#1873,#2153,.T.);
#1469=EDGE_CURVE('',#1875,#1874,#2154,.T.);
#1470=EDGE_CURVE('',#1875,#1876,#469,.T.);
#1471=EDGE_CURVE('',#1877,#1876,#2155,.T.);
#1472=EDGE_CURVE('',#1878,#1877,#2156,.T.);
#1473=EDGE_CURVE('',#1878,#1867,#470,.T.);
#1474=EDGE_CURVE('',#1879,#1879,#2157,.T.);
#1475=EDGE_CURVE('',#1874,#1880,#34,.T.);
#1476=EDGE_CURVE('',#1881,#1873,#35,.T.);
#1477=EDGE_CURVE('',#1882,#1881,#2158,.T.);
#1478=EDGE_CURVE('',#1870,#1882,#36,.T.);
#1479=EDGE_CURVE('',#1869,#1883,#37,.T.);
#1480=EDGE_CURVE('',#1884,#1883,#2159,.T.);
#1481=EDGE_CURVE('',#1884,#1878,#38,.T.);
#1482=EDGE_CURVE('',#1885,#1877,#39,.T.);
#1483=EDGE_CURVE('',#1880,#1885,#2160,.T.);
#1484=EDGE_CURVE('',#1886,#1886,#2161,.T.);
#1485=EDGE_CURVE('',#1887,#1887,#2162,.T.);
#1486=EDGE_CURVE('',#1888,#1888,#2163,.T.);
#1487=EDGE_CURVE('',#1889,#1889,#2164,.T.);
#1488=EDGE_CURVE('',#1890,#1890,#2165,.T.);
#1489=EDGE_CURVE('',#1891,#1891,#2166,.T.);
#1490=EDGE_CURVE('',#1892,#1892,#2167,.T.);
#1491=EDGE_CURVE('',#1893,#1893,#2168,.T.);
#1492=EDGE_CURVE('',#1894,#1894,#2169,.T.);
#1493=EDGE_CURVE('',#1895,#1896,#40,.T.);
#1494=EDGE_CURVE('',#1895,#1897,#2170,.T.);
#1495=EDGE_CURVE('',#1897,#1898,#41,.T.);
#1496=EDGE_CURVE('',#1899,#1898,#2171,.T.);
#1497=EDGE_CURVE('',#1899,#1900,#42,.T.);
#1498=EDGE_CURVE('',#1900,#1901,#2172,.T.);
#1499=EDGE_CURVE('',#1902,#1901,#43,.T.);
#1500=EDGE_CURVE('',#1903,#1902,#2173,.T.);
#1501=EDGE_CURVE('',#1904,#1903,#44,.T.);
#1502=EDGE_CURVE('',#1904,#1905,#2174,.T.);
#1503=EDGE_CURVE('',#1906,#1905,#45,.T.);
#1504=EDGE_CURVE('',#1896,#1906,#2175,.T.);
#1505=EDGE_CURVE('',#1907,#1907,#2176,.T.);
#1506=EDGE_CURVE('',#1905,#1908,#2177,.T.);
#1507=EDGE_CURVE('',#1909,#1904,#2178,.T.);
#1508=EDGE_CURVE('',#1909,#1910,#471,.T.);
#1509=EDGE_CURVE('',#1901,#1910,#2179,.T.);
#1510=EDGE_CURVE('',#1900,#1911,#472,.T.);
#1511=EDGE_CURVE('',#1911,#1912,#473,.T.);
#1512=EDGE_CURVE('',#1912,#1897,#474,.T.);
#1513=EDGE_CURVE('',#1913,#1895,#2180,.T.);
#1514=EDGE_CURVE('',#1913,#1908,#475,.T.);
#1515=EDGE_CURVE('',#1914,#1914,#2181,.T.);
#1516=EDGE_CURVE('',#1915,#1915,#2182,.T.);
#1517=EDGE_CURVE('',#1916,#1916,#2183,.T.);
#1518=EDGE_CURVE('',#1917,#1917,#2184,.T.);
#1519=EDGE_CURVE('',#1918,#1918,#2185,.T.);
#1520=EDGE_CURVE('',#1919,#1919,#2186,.T.);
#1521=EDGE_CURVE('',#1920,#1920,#2187,.T.);
#1522=EDGE_CURVE('',#1921,#1921,#2188,.T.);
#1523=EDGE_CURVE('',#1922,#1922,#2189,.T.);
#1524=EDGE_CURVE('',#1923,#1924,#476,.T.);
#1525=EDGE_CURVE('',#1924,#1925,#477,.T.);
#1526=EDGE_CURVE('',#1926,#1925,#2190,.T.);
#1527=EDGE_CURVE('',#1927,#1926,#2191,.T.);
#1528=EDGE_CURVE('',#1927,#1928,#478,.T.);
#1529=EDGE_CURVE('',#1929,#1928,#2192,.T.);
#1530=EDGE_CURVE('',#1930,#1929,#2193,.T.);
#1531=EDGE_CURVE('',#1931,#1930,#2194,.T.);
#1532=EDGE_CURVE('',#1931,#1932,#479,.T.);
#1533=EDGE_CURVE('',#1933,#1932,#2195,.T.);
#1534=EDGE_CURVE('',#1934,#1933,#2196,.T.);
#1535=EDGE_CURVE('',#1934,#1923,#480,.T.);
#1536=EDGE_CURVE('',#1935,#1935,#2197,.T.);
#1537=EDGE_CURVE('',#1930,#1936,#46,.T.);
#1538=EDGE_CURVE('',#1937,#1929,#47,.T.);
#1539=EDGE_CURVE('',#1938,#1937,#2198,.T.);
#1540=EDGE_CURVE('',#1926,#1938,#48,.T.);
#1541=EDGE_CURVE('',#1925,#1939,#49,.T.);
#1542=EDGE_CURVE('',#1940,#1939,#2199,.T.);
#1543=EDGE_CURVE('',#1940,#1934,#50,.T.);
#1544=EDGE_CURVE('',#1941,#1933,#51,.T.);
#1545=EDGE_CURVE('',#1936,#1941,#2200,.T.);
#1546=EDGE_CURVE('',#1942,#1942,#2201,.T.);
#1547=EDGE_CURVE('',#1943,#1943,#2202,.T.);
#1548=EDGE_CURVE('',#1944,#1944,#2203,.T.);
#1549=EDGE_CURVE('',#1945,#1945,#2204,.T.);
#1550=EDGE_CURVE('',#1946,#1946,#2205,.T.);
#1551=EDGE_CURVE('',#1947,#1947,#2206,.T.);
#1552=EDGE_CURVE('',#1948,#1948,#2207,.T.);
#1553=EDGE_CURVE('',#1949,#1949,#2208,.T.);
#1554=EDGE_CURVE('',#1950,#1950,#2209,.T.);
#1555=EDGE_CURVE('',#1951,#1952,#481,.T.);
#1556=EDGE_CURVE('',#1952,#1953,#482,.T.);
#1557=EDGE_CURVE('',#1954,#1953,#2210,.T.);
#1558=EDGE_CURVE('',#1955,#1954,#2211,.T.);
#1559=EDGE_CURVE('',#1955,#1956,#483,.T.);
#1560=EDGE_CURVE('',#1957,#1956,#2212,.T.);
#1561=EDGE_CURVE('',#1958,#1957,#2213,.T.);
#1562=EDGE_CURVE('',#1959,#1958,#2214,.T.);
#1563=EDGE_CURVE('',#1959,#1960,#484,.T.);
#1564=EDGE_CURVE('',#1961,#1960,#2215,.T.);
#1565=EDGE_CURVE('',#1962,#1961,#2216,.T.);
#1566=EDGE_CURVE('',#1962,#1951,#485,.T.);
#1567=EDGE_CURVE('',#1963,#1963,#2217,.T.);
#1568=EDGE_CURVE('',#1958,#1964,#52,.T.);
#1569=EDGE_CURVE('',#1965,#1957,#53,.T.);
#1570=EDGE_CURVE('',#1966,#1965,#2218,.T.);
#1571=EDGE_CURVE('',#1954,#1966,#54,.T.);
#1572=EDGE_CURVE('',#1953,#1967,#55,.T.);
#1573=EDGE_CURVE('',#1968,#1967,#2219,.T.);
#1574=EDGE_CURVE('',#1968,#1962,#56,.T.);
#1575=EDGE_CURVE('',#1969,#1961,#57,.T.);
#1576=EDGE_CURVE('',#1964,#1969,#2220,.T.);
#1577=EDGE_CURVE('',#1970,#1970,#2221,.T.);
#1578=EDGE_CURVE('',#1971,#1971,#2222,.T.);
#1579=EDGE_CURVE('',#1972,#1973,#58,.T.);
#1580=EDGE_CURVE('',#1974,#1972,#2223,.F.);
#1581=EDGE_CURVE('',#1975,#1974,#486,.T.);
#1582=EDGE_CURVE('',#1976,#1975,#2224,.T.);
#1583=EDGE_CURVE('',#1977,#1976,#487,.T.);
#1584=EDGE_CURVE('',#1978,#1977,#59,.T.);
#1585=EDGE_CURVE('',#1979,#1978,#488,.T.);
#1586=EDGE_CURVE('',#1980,#1979,#2225,.F.);
#1587=EDGE_CURVE('',#1981,#1980,#489,.T.);
#1588=EDGE_CURVE('',#1982,#1981,#2226,.T.);
#1589=EDGE_CURVE('',#1983,#1982,#2227,.T.);
#1590=EDGE_CURVE('',#1973,#1983,#490,.T.);
#1591=EDGE_CURVE('',#1984,#1985,#2228,.F.);
#1592=EDGE_CURVE('',#1974,#1984,#491,.F.);
#1593=EDGE_CURVE('',#1972,#1985,#60,.T.);
#1594=EDGE_CURVE('',#1986,#1984,#492,.T.);
#1595=EDGE_CURVE('',#1975,#1986,#493,.T.);
#1596=EDGE_CURVE('',#1987,#1986,#2229,.T.);
#1597=EDGE_CURVE('',#1976,#1987,#494,.F.);
#1598=EDGE_CURVE('',#1988,#1987,#495,.T.);
#1599=EDGE_CURVE('',#1977,#1988,#61,.T.);
#1600=EDGE_CURVE('',#1989,#1988,#62,.T.);
#1601=EDGE_CURVE('',#1978,#1989,#63,.T.);
#1602=EDGE_CURVE('',#1990,#1989,#496,.T.);
#1603=EDGE_CURVE('',#1979,#1990,#497,.T.);
#1604=EDGE_CURVE('',#1991,#1990,#2230,.F.);
#1605=EDGE_CURVE('',#1980,#1991,#498,.F.);
#1606=EDGE_CURVE('',#1992,#1991,#499,.T.);
#1607=EDGE_CURVE('',#1981,#1992,#500,.T.);
#1608=EDGE_CURVE('',#1993,#1992,#2231,.T.);
#1609=EDGE_CURVE('',#1982,#1993,#501,.F.);
#1610=EDGE_CURVE('',#1994,#1993,#2232,.T.);
#1611=EDGE_CURVE('',#1983,#1994,#502,.F.);
#1612=EDGE_CURVE('',#1995,#1994,#503,.T.);
#1613=EDGE_CURVE('',#1973,#1995,#64,.T.);
#1614=EDGE_CURVE('',#1985,#1995,#65,.T.);
#1615=EDGE_CURVE('',#1996,#1997,#66,.T.);
#1616=EDGE_CURVE('',#1998,#1996,#67,.T.);
#1617=EDGE_CURVE('',#1999,#1998,#504,.T.);
#1618=EDGE_CURVE('',#2000,#1999,#68,.T.);
#1619=EDGE_CURVE('',#2001,#2000,#2233,.F.);
#1620=EDGE_CURVE('',#2002,#2001,#69,.T.);
#1621=EDGE_CURVE('',#2003,#2002,#70,.T.);
#1622=EDGE_CURVE('',#2004,#2003,#71,.T.);
#1623=EDGE_CURVE('',#2005,#2004,#72,.T.);
#1624=EDGE_CURVE('',#2006,#2005,#505,.T.);
#1625=EDGE_CURVE('',#2007,#2006,#73,.T.);
#1626=EDGE_CURVE('',#2008,#2007,#2234,.F.);
#1627=EDGE_CURVE('',#2009,#2008,#74,.T.);
#1628=EDGE_CURVE('',#1997,#2009,#75,.T.);
#1629=EDGE_CURVE('',#2010,#2011,#76,.T.);
#1630=EDGE_CURVE('',#1998,#2010,#77,.T.);
#1631=EDGE_CURVE('',#1996,#2011,#78,.T.);
#1632=EDGE_CURVE('',#2012,#2010,#506,.T.);
#1633=EDGE_CURVE('',#1999,#2012,#79,.T.);
#1634=EDGE_CURVE('',#2013,#2012,#80,.T.);
#1635=EDGE_CURVE('',#2000,#2013,#81,.T.);
#1636=EDGE_CURVE('',#2014,#2013,#2235,.F.);
#1637=EDGE_CURVE('',#2001,#2014,#507,.T.);
#1638=EDGE_CURVE('',#2015,#2014,#82,.T.);
#1639=EDGE_CURVE('',#2002,#2015,#83,.T.);
#1640=EDGE_CURVE('',#2016,#2015,#84,.T.);
#1641=EDGE_CURVE('',#2003,#2016,#85,.T.);
#1642=EDGE_CURVE('',#2017,#2016,#86,.T.);
#1643=EDGE_CURVE('',#2004,#2017,#87,.T.);
#1644=EDGE_CURVE('',#2018,#2017,#88,.T.);
#1645=EDGE_CURVE('',#2005,#2018,#89,.T.);
#1646=EDGE_CURVE('',#2019,#2018,#508,.T.);
#1647=EDGE_CURVE('',#2006,#2019,#90,.T.);
#1648=EDGE_CURVE('',#2020,#2019,#91,.T.);
#1649=EDGE_CURVE('',#2007,#2020,#92,.T.);
#1650=EDGE_CURVE('',#2021,#2020,#2236,.F.);
#1651=EDGE_CURVE('',#2008,#2021,#509,.T.);
#1652=EDGE_CURVE('',#2022,#2021,#93,.T.);
#1653=EDGE_CURVE('',#2009,#2022,#94,.T.);
#1654=EDGE_CURVE('',#2023,#2022,#95,.T.);
#1655=EDGE_CURVE('',#1997,#2023,#96,.T.);
#1656=EDGE_CURVE('',#2011,#2023,#97,.T.);
#1657=EDGE_CURVE('',#2024,#2025,#2237,.T.);
#1658=EDGE_CURVE('',#2026,#2025,#2238,.T.);
#1659=EDGE_CURVE('',#2026,#2027,#2239,.T.);
#1660=EDGE_CURVE('',#2024,#2027,#2240,.T.);
#1661=EDGE_CURVE('',#2028,#2029,#2241,.T.);
#1662=EDGE_CURVE('',#2027,#2029,#98,.T.);
#1663=EDGE_CURVE('',#2028,#2026,#99,.T.);
#1664=EDGE_CURVE('',#2030,#2031,#2242,.T.);
#1665=EDGE_CURVE('',#2025,#2031,#100,.T.);
#1666=EDGE_CURVE('',#2030,#2024,#101,.T.);
#1667=EDGE_CURVE('',#2031,#2028,#2243,.T.);
#1668=EDGE_CURVE('',#2029,#2030,#2244,.T.);
#1669=EDGE_CURVE('',#2032,#2033,#2245,.T.);
#1670=EDGE_CURVE('',#2034,#2033,#102,.T.);
#1671=EDGE_CURVE('',#2034,#2035,#2246,.T.);
#1672=EDGE_CURVE('',#2032,#2035,#103,.T.);
#1673=EDGE_CURVE('',#2036,#2037,#2247,.T.);
#1674=EDGE_CURVE('',#2035,#2037,#2248,.T.);
#1675=EDGE_CURVE('',#2036,#2034,#2249,.T.);
#1676=EDGE_CURVE('',#2038,#2039,#2250,.T.);
#1677=EDGE_CURVE('',#2033,#2039,#2251,.T.);
#1678=EDGE_CURVE('',#2038,#2032,#2252,.T.);
#1679=EDGE_CURVE('',#2039,#2036,#104,.T.);
#1680=EDGE_CURVE('',#2037,#2038,#105,.T.);
#1681=EDGE_CURVE('',#2024,#2040,#106,.T.);
#1682=EDGE_CURVE('',#2040,#2041,#107,.T.);
#1683=EDGE_CURVE('',#2030,#2041,#108,.T.);
#1684=EDGE_CURVE('',#2042,#2043,#2253,.T.);
#1685=EDGE_CURVE('',#2033,#2042,#109,.T.);
#1686=EDGE_CURVE('',#2039,#2043,#110,.T.);
#1687=EDGE_CURVE('',#2043,#2044,#111,.T.);
#1688=EDGE_CURVE('',#2036,#2044,#112,.T.);
#1689=EDGE_CURVE('',#2044,#2045,#2254,.T.);
#1690=EDGE_CURVE('',#2034,#2045,#113,.T.);
#1691=EDGE_CURVE('',#2045,#2042,#114,.T.);
#1692=EDGE_CURVE('',#2027,#2046,#115,.T.);
#1693=EDGE_CURVE('',#2046,#2040,#2255,.T.);
#1694=EDGE_CURVE('',#2029,#2047,#116,.T.);
#1695=EDGE_CURVE('',#2047,#2046,#117,.T.);
#1696=EDGE_CURVE('',#2041,#2047,#2256,.T.);
#1697=EDGE_CURVE('',#2048,#2048,#2257,.T.);
#1698=EDGE_CURVE('',#2049,#2049,#2258,.T.);
#1699=EDGE_CURVE('',#2050,#2050,#2259,.T.);
#1700=EDGE_CURVE('',#2051,#2051,#2260,.T.);
#1701=EDGE_CURVE('',#2052,#2052,#2261,.T.);
#1702=EDGE_CURVE('',#2053,#2053,#2262,.T.);
#1703=EDGE_CURVE('',#2054,#2054,#2263,.T.);
#1704=EDGE_CURVE('',#2055,#2055,#2264,.T.);
#1705=EDGE_CURVE('',#2056,#2056,#2265,.T.);
#1706=EDGE_CURVE('',#1899,#2057,#118,.T.);
#1707=EDGE_CURVE('',#2057,#2058,#119,.T.);
#1708=EDGE_CURVE('',#2058,#1911,#120,.T.);
#1709=EDGE_CURVE('',#2057,#1902,#121,.T.);
#1710=EDGE_CURVE('',#2058,#1910,#122,.T.);
#1711=EDGE_CURVE('',#2059,#1896,#123,.T.);
#1712=EDGE_CURVE('',#2060,#2059,#124,.T.);
#1713=EDGE_CURVE('',#2060,#1913,#125,.T.);
#1714=EDGE_CURVE('',#2061,#2062,#126,.T.);
#1715=EDGE_CURVE('',#2062,#2063,#127,.T.);
#1716=EDGE_CURVE('',#2063,#2064,#128,.T.);
#1717=EDGE_CURVE('',#2064,#2061,#129,.T.);
#1718=EDGE_CURVE('',#2065,#2066,#130,.T.);
#1719=EDGE_CURVE('',#2064,#2066,#131,.T.);
#1720=EDGE_CURVE('',#2063,#2065,#132,.T.);
#1721=EDGE_CURVE('',#1880,#2067,#133,.T.);
#1722=EDGE_CURVE('',#2068,#1885,#134,.T.);
#1723=EDGE_CURVE('',#1884,#2068,#135,.T.);
#1724=EDGE_CURVE('',#2069,#1883,#136,.T.);
#1725=EDGE_CURVE('',#2069,#1882,#137,.T.);
#1726=EDGE_CURVE('',#1881,#2070,#138,.T.);
#1727=EDGE_CURVE('',#2070,#2071,#139,.T.);
#1728=EDGE_CURVE('',#1964,#2071,#140,.T.);
#1729=EDGE_CURVE('',#2072,#1969,#141,.T.);
#1730=EDGE_CURVE('',#1968,#2072,#142,.T.);
#1731=EDGE_CURVE('',#2073,#1967,#143,.T.);
#1732=EDGE_CURVE('',#2073,#1966,#144,.T.);
#1733=EDGE_CURVE('',#1965,#2074,#145,.T.);
#1734=EDGE_CURVE('',#2074,#2065,#146,.T.);
#1735=EDGE_CURVE('',#2062,#2075,#147,.T.);
#1736=EDGE_CURVE('',#2075,#2076,#148,.T.);
#1737=EDGE_CURVE('',#1903,#2076,#149,.T.);
#1738=EDGE_CURVE('',#2059,#1898,#150,.T.);
#1739=EDGE_CURVE('',#1906,#2077,#151,.T.);
#1740=EDGE_CURVE('',#2077,#2078,#152,.T.);
#1741=EDGE_CURVE('',#1936,#2078,#153,.T.);
#1742=EDGE_CURVE('',#2079,#1941,#154,.T.);
#1743=EDGE_CURVE('',#1940,#2079,#155,.T.);
#1744=EDGE_CURVE('',#2080,#1939,#156,.T.);
#1745=EDGE_CURVE('',#2080,#1938,#157,.T.);
#1746=EDGE_CURVE('',#1937,#2081,#158,.T.);
#1747=EDGE_CURVE('',#2081,#2082,#159,.T.);
#1748=EDGE_CURVE('',#2083,#2082,#160,.T.);
#1749=EDGE_CURVE('',#2084,#2083,#161,.T.);
#1750=EDGE_CURVE('',#2084,#2085,#162,.T.);
#1751=EDGE_CURVE('',#2085,#2067,#163,.T.);
#1752=EDGE_CURVE('',#2086,#2075,#164,.T.);
#1753=EDGE_CURVE('',#2061,#2086,#165,.T.);
#1754=EDGE_CURVE('',#2087,#1867,#166,.T.);
#1755=EDGE_CURVE('',#2087,#1876,#167,.T.);
#1756=EDGE_CURVE('',#1875,#2088,#168,.T.);
#1757=EDGE_CURVE('',#2089,#2088,#169,.T.);
#1758=EDGE_CURVE('',#2090,#2089,#170,.T.);
#1759=EDGE_CURVE('',#2091,#2090,#171,.T.);
#1760=EDGE_CURVE('',#2091,#2092,#172,.T.);
#1761=EDGE_CURVE('',#2093,#2092,#173,.T.);
#1762=EDGE_CURVE('',#1928,#2093,#174,.T.);
#1763=EDGE_CURVE('',#2094,#1927,#175,.T.);
#1764=EDGE_CURVE('',#1924,#2094,#176,.T.);
#1765=EDGE_CURVE('',#2095,#1923,#177,.T.);
#1766=EDGE_CURVE('',#2095,#1932,#178,.T.);
#1767=EDGE_CURVE('',#1931,#2096,#179,.T.);
#1768=EDGE_CURVE('',#2097,#2096,#180,.T.);
#1769=EDGE_CURVE('',#1908,#2097,#181,.T.);
#1770=EDGE_CURVE('',#1912,#2060,#182,.T.);
#1771=EDGE_CURVE('',#1909,#2098,#183,.T.);
#1772=EDGE_CURVE('',#2099,#2098,#184,.T.);
#1773=EDGE_CURVE('',#2100,#2099,#185,.T.);
#1774=EDGE_CURVE('',#2100,#2101,#186,.T.);
#1775=EDGE_CURVE('',#2101,#2102,#187,.T.);
#1776=EDGE_CURVE('',#2103,#2102,#188,.T.);
#1777=EDGE_CURVE('',#1956,#2103,#189,.T.);
#1778=EDGE_CURVE('',#2104,#1955,#190,.T.);
#1779=EDGE_CURVE('',#1952,#2104,#191,.T.);
#1780=EDGE_CURVE('',#2105,#1951,#192,.T.);
#1781=EDGE_CURVE('',#2105,#1960,#193,.T.);
#1782=EDGE_CURVE('',#1959,#2106,#194,.T.);
#1783=EDGE_CURVE('',#2107,#2106,#195,.T.);
#1784=EDGE_CURVE('',#1872,#2107,#196,.T.);
#1785=EDGE_CURVE('',#2108,#1871,#197,.T.);
#1786=EDGE_CURVE('',#1868,#2108,#198,.T.);
#1787=EDGE_CURVE('',#2109,#2100,#199,.T.);
#1788=EDGE_CURVE('',#2110,#2099,#200,.T.);
#1789=EDGE_CURVE('',#2109,#2110,#201,.T.);
#1790=EDGE_CURVE('',#2102,#2111,#202,.T.);
#1791=EDGE_CURVE('',#2101,#2112,#203,.T.);
#1792=EDGE_CURVE('',#2111,#2112,#204,.T.);
#1793=EDGE_CURVE('',#2109,#2113,#2266,.T.);
#1794=EDGE_CURVE('',#2114,#2113,#205,.T.);
#1795=EDGE_CURVE('',#2114,#2112,#2267,.T.);
#1796=EDGE_CURVE('',#2115,#2116,#206,.T.);
#1797=EDGE_CURVE('',#2117,#2116,#2268,.T.);
#1798=EDGE_CURVE('',#2118,#2117,#207,.T.);
#1799=EDGE_CURVE('',#2115,#2118,#2269,.T.);
#1800=EDGE_CURVE('',#2119,#2119,#2270,.T.);
#1801=EDGE_CURVE('',#2120,#2120,#2271,.T.);
#1802=EDGE_CURVE('',#2121,#2121,#2272,.T.);
#1803=EDGE_CURVE('',#2122,#2122,#2273,.T.);
#1804=EDGE_CURVE('',#2123,#2124,#208,.T.);
#1805=EDGE_CURVE('',#2123,#2125,#209,.T.);
#1806=EDGE_CURVE('',#2125,#2126,#210,.T.);
#1807=EDGE_CURVE('',#2126,#2124,#211,.T.);
#1808=EDGE_CURVE('',#2113,#2127,#212,.T.);
#1809=EDGE_CURVE('',#2127,#2128,#213,.T.);
#1810=EDGE_CURVE('',#2128,#2114,#214,.T.);
#1811=EDGE_CURVE('',#2129,#2130,#215,.T.);
#1812=EDGE_CURVE('',#2129,#2131,#216,.T.);
#1813=EDGE_CURVE('',#2131,#2132,#217,.T.);
#1814=EDGE_CURVE('',#2132,#2130,#218,.T.);
#1815=EDGE_CURVE('',#2124,#2133,#2274,.T.);
#1816=EDGE_CURVE('',#2134,#2126,#2275,.T.);
#1817=EDGE_CURVE('',#2117,#2134,#219,.T.);
#1818=EDGE_CURVE('',#2133,#2116,#2276,.T.);
#1819=EDGE_CURVE('',#2135,#2129,#2277,.T.);
#1820=EDGE_CURVE('',#2115,#2135,#2278,.T.);
#1821=EDGE_CURVE('',#2136,#2118,#220,.T.);
#1822=EDGE_CURVE('',#2131,#2136,#2279,.T.);
#1823=EDGE_CURVE('',#2134,#2136,#221,.T.);
#1824=EDGE_CURVE('',#2112,#2123,#2280,.T.);
#1825=EDGE_CURVE('',#2125,#2128,#2281,.T.);
#1826=EDGE_CURVE('',#2130,#2109,#2282,.T.);
#1827=EDGE_CURVE('',#2127,#2132,#2283,.T.);
#1828=EDGE_CURVE('',#2076,#2098,#222,.T.);
#1829=EDGE_CURVE('',#2086,#2137,#223,.T.);
#1830=EDGE_CURVE('',#2137,#2138,#2284,.T.);
#1831=EDGE_CURVE('',#2139,#2138,#224,.T.);
#1832=EDGE_CURVE('',#2139,#2110,#2285,.T.);
#1833=EDGE_CURVE('',#2078,#2096,#225,.T.);
#1834=EDGE_CURVE('',#2097,#2077,#226,.T.);
#1835=EDGE_CURVE('',#2079,#2095,#227,.T.);
#1836=EDGE_CURVE('',#2094,#2080,#228,.T.);
#1837=EDGE_CURVE('',#2082,#2092,#229,.T.);
#1838=EDGE_CURVE('',#2093,#2081,#230,.T.);
#1839=EDGE_CURVE('',#2083,#2091,#231,.T.);
#1840=EDGE_CURVE('',#2090,#2084,#232,.T.);
#1841=EDGE_CURVE('',#2089,#2085,#233,.T.);
#1842=EDGE_CURVE('',#2067,#2088,#234,.T.);
#1843=EDGE_CURVE('',#2068,#2087,#235,.T.);
#1844=EDGE_CURVE('',#2108,#2069,#236,.T.);
#1845=EDGE_CURVE('',#2071,#2106,#237,.T.);
#1846=EDGE_CURVE('',#2107,#2070,#238,.T.);
#1847=EDGE_CURVE('',#2072,#2105,#239,.T.);
#1848=EDGE_CURVE('',#2104,#2073,#240,.T.);
#1849=EDGE_CURVE('',#2140,#2066,#241,.T.);
#1850=EDGE_CURVE('',#2140,#2133,#242,.T.);
#1851=EDGE_CURVE('',#2135,#2137,#243,.T.);
#1852=EDGE_CURVE('',#2111,#2141,#2286,.T.);
#1853=EDGE_CURVE('',#2142,#2141,#244,.T.);
#1854=EDGE_CURVE('',#2142,#2140,#2287,.T.);
#1855=EDGE_CURVE('',#2103,#2074,#245,.T.);
#1856=EDGE_CURVE('',#2141,#2123,#246,.T.);
#1857=EDGE_CURVE('',#2124,#2142,#247,.T.);
#1858=EDGE_CURVE('',#2138,#2129,#248,.T.);
#1859=EDGE_CURVE('',#2130,#2139,#249,.T.);
#1860=VERTEX_POINT('',#4028);
#1861=VERTEX_POINT('',#4031);
#1862=VERTEX_POINT('',#4034);
#1863=VERTEX_POINT('',#4037);
#1864=VERTEX_POINT('',#4040);
#1865=VERTEX_POINT('',#4042);
#1866=VERTEX_POINT('',#4045);
#1867=VERTEX_POINT('',#4051);
#1868=VERTEX_POINT('',#4052);
#1869=VERTEX_POINT('',#4060);
#1870=VERTEX_POINT('',#4062);
#1871=VERTEX_POINT('',#4064);
#1872=VERTEX_POINT('',#4069);
#1873=VERTEX_POINT('',#4071);
#1874=VERTEX_POINT('',#4073);
#1875=VERTEX_POINT('',#4075);
#1876=VERTEX_POINT('',#4080);
#1877=VERTEX_POINT('',#4082);
#1878=VERTEX_POINT('',#4084);
#1879=VERTEX_POINT('',#4093);
#1880=VERTEX_POINT('',#4096);
#1881=VERTEX_POINT('',#4098);
#1882=VERTEX_POINT('',#4100);
#1883=VERTEX_POINT('',#4103);
#1884=VERTEX_POINT('',#4105);
#1885=VERTEX_POINT('',#4108);
#1886=VERTEX_POINT('',#4111);
#1887=VERTEX_POINT('',#4114);
#1888=VERTEX_POINT('',#4119);
#1889=VERTEX_POINT('',#4122);
#1890=VERTEX_POINT('',#4125);
#1891=VERTEX_POINT('',#4128);
#1892=VERTEX_POINT('',#4131);
#1893=VERTEX_POINT('',#4133);
#1894=VERTEX_POINT('',#4136);
#1895=VERTEX_POINT('',#4139);
#1896=VERTEX_POINT('',#4140);
#1897=VERTEX_POINT('',#4142);
#1898=VERTEX_POINT('',#4144);
#1899=VERTEX_POINT('',#4146);
#1900=VERTEX_POINT('',#4148);
#1901=VERTEX_POINT('',#4150);
#1902=VERTEX_POINT('',#4152);
#1903=VERTEX_POINT('',#4154);
#1904=VERTEX_POINT('',#4156);
#1905=VERTEX_POINT('',#4158);
#1906=VERTEX_POINT('',#4160);
#1907=VERTEX_POINT('',#4163);
#1908=VERTEX_POINT('',#4166);
#1909=VERTEX_POINT('',#4168);
#1910=VERTEX_POINT('',#4173);
#1911=VERTEX_POINT('',#4182);
#1912=VERTEX_POINT('',#4187);
#1913=VERTEX_POINT('',#4196);
#1914=VERTEX_POINT('',#4202);
#1915=VERTEX_POINT('',#4206);
#1916=VERTEX_POINT('',#4210);
#1917=VERTEX_POINT('',#4213);
#1918=VERTEX_POINT('',#4216);
#1919=VERTEX_POINT('',#4219);
#1920=VERTEX_POINT('',#4222);
#1921=VERTEX_POINT('',#4224);
#1922=VERTEX_POINT('',#4227);
#1923=VERTEX_POINT('',#4233);
#1924=VERTEX_POINT('',#4234);
#1925=VERTEX_POINT('',#4242);
#1926=VERTEX_POINT('',#4244);
#1927=VERTEX_POINT('',#4246);
#1928=VERTEX_POINT('',#4251);
#1929=VERTEX_POINT('',#4253);
#1930=VERTEX_POINT('',#4255);
#1931=VERTEX_POINT('',#4257);
#1932=VERTEX_POINT('',#4262);
#1933=VERTEX_POINT('',#4264);
#1934=VERTEX_POINT('',#4266);
#1935=VERTEX_POINT('',#4275);
#1936=VERTEX_POINT('',#4278);
#1937=VERTEX_POINT('',#4280);
#1938=VERTEX_POINT('',#4282);
#1939=VERTEX_POINT('',#4285);
#1940=VERTEX_POINT('',#4287);
#1941=VERTEX_POINT('',#4290);
#1942=VERTEX_POINT('',#4293);
#1943=VERTEX_POINT('',#4296);
#1944=VERTEX_POINT('',#4301);
#1945=VERTEX_POINT('',#4304);
#1946=VERTEX_POINT('',#4307);
#1947=VERTEX_POINT('',#4310);
#1948=VERTEX_POINT('',#4313);
#1949=VERTEX_POINT('',#4315);
#1950=VERTEX_POINT('',#4318);
#1951=VERTEX_POINT('',#4324);
#1952=VERTEX_POINT('',#4325);
#1953=VERTEX_POINT('',#4333);
#1954=VERTEX_POINT('',#4335);
#1955=VERTEX_POINT('',#4337);
#1956=VERTEX_POINT('',#4342);
#1957=VERTEX_POINT('',#4344);
#1958=VERTEX_POINT('',#4346);
#1959=VERTEX_POINT('',#4348);
#1960=VERTEX_POINT('',#4353);
#1961=VERTEX_POINT('',#4355);
#1962=VERTEX_POINT('',#4357);
#1963=VERTEX_POINT('',#4366);
#1964=VERTEX_POINT('',#4369);
#1965=VERTEX_POINT('',#4371);
#1966=VERTEX_POINT('',#4373);
#1967=VERTEX_POINT('',#4376);
#1968=VERTEX_POINT('',#4378);
#1969=VERTEX_POINT('',#4381);
#1970=VERTEX_POINT('',#4384);
#1971=VERTEX_POINT('',#4387);
#1972=VERTEX_POINT('',#4392);
#1973=VERTEX_POINT('',#4393);
#1974=VERTEX_POINT('',#4395);
#1975=VERTEX_POINT('',#4408);
#1976=VERTEX_POINT('',#4410);
#1977=VERTEX_POINT('',#4421);
#1978=VERTEX_POINT('',#4423);
#1979=VERTEX_POINT('',#4430);
#1980=VERTEX_POINT('',#4432);
#1981=VERTEX_POINT('',#4437);
#1982=VERTEX_POINT('',#4439);
#1983=VERTEX_POINT('',#4441);
#1984=VERTEX_POINT('',#4454);
#1985=VERTEX_POINT('',#4455);
#1986=VERTEX_POINT('',#4487);
#1987=VERTEX_POINT('',#4494);
#1988=VERTEX_POINT('',#4519);
#1989=VERTEX_POINT('',#4523);
#1990=VERTEX_POINT('',#4539);
#1991=VERTEX_POINT('',#4546);
#1992=VERTEX_POINT('',#4563);
#1993=VERTEX_POINT('',#4570);
#1994=VERTEX_POINT('',#4577);
#1995=VERTEX_POINT('',#4602);
#1996=VERTEX_POINT('',#4608);
#1997=VERTEX_POINT('',#4609);
#1998=VERTEX_POINT('',#4611);
#1999=VERTEX_POINT('',#4618);
#2000=VERTEX_POINT('',#4620);
#2001=VERTEX_POINT('',#4622);
#2002=VERTEX_POINT('',#4624);
#2003=VERTEX_POINT('',#4626);
#2004=VERTEX_POINT('',#4628);
#2005=VERTEX_POINT('',#4630);
#2006=VERTEX_POINT('',#4637);
#2007=VERTEX_POINT('',#4639);
#2008=VERTEX_POINT('',#4641);
#2009=VERTEX_POINT('',#4643);
#2010=VERTEX_POINT('',#4647);
#2011=VERTEX_POINT('',#4648);
#2012=VERTEX_POINT('',#4667);
#2013=VERTEX_POINT('',#4671);
#2014=VERTEX_POINT('',#4675);
#2015=VERTEX_POINT('',#4682);
#2016=VERTEX_POINT('',#4686);
#2017=VERTEX_POINT('',#4690);
#2018=VERTEX_POINT('',#4694);
#2019=VERTEX_POINT('',#4712);
#2020=VERTEX_POINT('',#4716);
#2021=VERTEX_POINT('',#4720);
#2022=VERTEX_POINT('',#4727);
#2023=VERTEX_POINT('',#4731);
#2024=VERTEX_POINT('',#4737);
#2025=VERTEX_POINT('',#4738);
#2026=VERTEX_POINT('',#4740);
#2027=VERTEX_POINT('',#4742);
#2028=VERTEX_POINT('',#4746);
#2029=VERTEX_POINT('',#4747);
#2030=VERTEX_POINT('',#4752);
#2031=VERTEX_POINT('',#4753);
#2032=VERTEX_POINT('',#4761);
#2033=VERTEX_POINT('',#4762);
#2034=VERTEX_POINT('',#4764);
#2035=VERTEX_POINT('',#4766);
#2036=VERTEX_POINT('',#4770);
#2037=VERTEX_POINT('',#4771);
#2038=VERTEX_POINT('',#4776);
#2039=VERTEX_POINT('',#4777);
#2040=VERTEX_POINT('',#4785);
#2041=VERTEX_POINT('',#4787);
#2042=VERTEX_POINT('',#4791);
#2043=VERTEX_POINT('',#4792);
#2044=VERTEX_POINT('',#4797);
#2045=VERTEX_POINT('',#4801);
#2046=VERTEX_POINT('',#4807);
#2047=VERTEX_POINT('',#4811);
#2048=VERTEX_POINT('',#4818);
#2049=VERTEX_POINT('',#4820);
#2050=VERTEX_POINT('',#4824);
#2051=VERTEX_POINT('',#4827);
#2052=VERTEX_POINT('',#4829);
#2053=VERTEX_POINT('',#4832);
#2054=VERTEX_POINT('',#4834);
#2055=VERTEX_POINT('',#4838);
#2056=VERTEX_POINT('',#4842);
#2057=VERTEX_POINT('',#4845);
#2058=VERTEX_POINT('',#4847);
#2059=VERTEX_POINT('',#4854);
#2060=VERTEX_POINT('',#4856);
#2061=VERTEX_POINT('',#4860);
#2062=VERTEX_POINT('',#4861);
#2063=VERTEX_POINT('',#4863);
#2064=VERTEX_POINT('',#4865);
#2065=VERTEX_POINT('',#4869);
#2066=VERTEX_POINT('',#4870);
#2067=VERTEX_POINT('',#4875);
#2068=VERTEX_POINT('',#4877);
#2069=VERTEX_POINT('',#4880);
#2070=VERTEX_POINT('',#4883);
#2071=VERTEX_POINT('',#4885);
#2072=VERTEX_POINT('',#4888);
#2073=VERTEX_POINT('',#4891);
#2074=VERTEX_POINT('',#4894);
#2075=VERTEX_POINT('',#4897);
#2076=VERTEX_POINT('',#4899);
#2077=VERTEX_POINT('',#4903);
#2078=VERTEX_POINT('',#4905);
#2079=VERTEX_POINT('',#4908);
#2080=VERTEX_POINT('',#4911);
#2081=VERTEX_POINT('',#4914);
#2082=VERTEX_POINT('',#4916);
#2083=VERTEX_POINT('',#4918);
#2084=VERTEX_POINT('',#4920);
#2085=VERTEX_POINT('',#4922);
#2086=VERTEX_POINT('',#4926);
#2087=VERTEX_POINT('',#4930);
#2088=VERTEX_POINT('',#4933);
#2089=VERTEX_POINT('',#4935);
#2090=VERTEX_POINT('',#4937);
#2091=VERTEX_POINT('',#4939);
#2092=VERTEX_POINT('',#4941);
#2093=VERTEX_POINT('',#4943);
#2094=VERTEX_POINT('',#4946);
#2095=VERTEX_POINT('',#4949);
#2096=VERTEX_POINT('',#4952);
#2097=VERTEX_POINT('',#4954);
#2098=VERTEX_POINT('',#4958);
#2099=VERTEX_POINT('',#4960);
#2100=VERTEX_POINT('',#4962);
#2101=VERTEX_POINT('',#4964);
#2102=VERTEX_POINT('',#4966);
#2103=VERTEX_POINT('',#4968);
#2104=VERTEX_POINT('',#4971);
#2105=VERTEX_POINT('',#4974);
#2106=VERTEX_POINT('',#4977);
#2107=VERTEX_POINT('',#4979);
#2108=VERTEX_POINT('',#4982);
#2109=VERTEX_POINT('',#4986);
#2110=VERTEX_POINT('',#4988);
#2111=VERTEX_POINT('',#4992);
#2112=VERTEX_POINT('',#4994);
#2113=VERTEX_POINT('',#4998);
#2114=VERTEX_POINT('',#5000);
#2115=VERTEX_POINT('',#5004);
#2116=VERTEX_POINT('',#5005);
#2117=VERTEX_POINT('',#5007);
#2118=VERTEX_POINT('',#5009);
#2119=VERTEX_POINT('',#5013);
#2120=VERTEX_POINT('',#5016);
#2121=VERTEX_POINT('',#5018);
#2122=VERTEX_POINT('',#5020);
#2123=VERTEX_POINT('',#5023);
#2124=VERTEX_POINT('',#5024);
#2125=VERTEX_POINT('',#5026);
#2126=VERTEX_POINT('',#5028);
#2127=VERTEX_POINT('',#5032);
#2128=VERTEX_POINT('',#5034);
#2129=VERTEX_POINT('',#5038);
#2130=VERTEX_POINT('',#5039);
#2131=VERTEX_POINT('',#5041);
#2132=VERTEX_POINT('',#5043);
#2133=VERTEX_POINT('',#5050);
#2134=VERTEX_POINT('',#5052);
#2135=VERTEX_POINT('',#5057);
#2136=VERTEX_POINT('',#5060);
#2137=VERTEX_POINT('',#5073);
#2138=VERTEX_POINT('',#5075);
#2139=VERTEX_POINT('',#5077);
#2140=VERTEX_POINT('',#5113);
#2141=VERTEX_POINT('',#5118);
#2142=VERTEX_POINT('',#5120);
#2143=CIRCLE('',#2911,0.0003);
#2144=CIRCLE('',#2913,0.0003);
#2145=CIRCLE('',#2915,0.00035);
#2146=CIRCLE('',#2917,0.00045);
#2147=CIRCLE('',#2919,0.0006);
#2148=CIRCLE('',#2920,0.0006);
#2149=CIRCLE('',#2922,0.0003);
#2150=CIRCLE('',#2924,0.0003);
#2151=CIRCLE('',#2925,0.000623188542521292);
#2152=CIRCLE('',#2926,0.000776811457478708);
#2153=CIRCLE('',#2927,0.0003);
#2154=CIRCLE('',#2928,0.000776811457478678);
#2155=CIRCLE('',#2929,0.000623188542521322);
#2156=CIRCLE('',#2930,0.0003);
#2157=CIRCLE('',#2931,0.0003);
#2158=CIRCLE('',#2933,0.0003);
#2159=CIRCLE('',#2934,0.0003);
#2160=CIRCLE('',#2935,0.0003);
#2161=CIRCLE('',#2936,0.0003);
#2162=CIRCLE('',#2938,0.00025);
#2163=CIRCLE('',#2942,0.0003);
#2164=CIRCLE('',#2944,0.0003);
#2165=CIRCLE('',#2946,0.00035);
#2166=CIRCLE('',#2948,0.00045);
#2167=CIRCLE('',#2950,0.0006);
#2168=CIRCLE('',#2951,0.0006);
#2169=CIRCLE('',#2953,0.0003);
#2170=CIRCLE('',#2955,0.0003);
#2171=CIRCLE('',#2956,0.0003);
#2172=CIRCLE('',#2957,0.0003);
#2173=CIRCLE('',#2958,0.0003);
#2174=CIRCLE('',#2959,0.0003);
#2175=CIRCLE('',#2960,0.0003);
#2176=CIRCLE('',#2961,0.0003);
#2177=CIRCLE('',#2963,0.000776811457478708);
#2178=CIRCLE('',#2964,0.000776811457478681);
#2179=CIRCLE('',#2965,0.000623188542521319);
#2180=CIRCLE('',#2966,0.000623188542521292);
#2181=CIRCLE('',#2967,0.0003);
#2182=CIRCLE('',#2970,0.00025);
#2183=CIRCLE('',#2973,0.0003);
#2184=CIRCLE('',#2975,0.0003);
#2185=CIRCLE('',#2977,0.00035);
#2186=CIRCLE('',#2979,0.00045);
#2187=CIRCLE('',#2981,0.0006);
#2188=CIRCLE('',#2982,0.0006);
#2189=CIRCLE('',#2984,0.0003);
#2190=CIRCLE('',#2986,0.0003);
#2191=CIRCLE('',#2987,0.000623188542521292);
#2192=CIRCLE('',#2988,0.000776811457478708);
#2193=CIRCLE('',#2989,0.0003);
#2194=CIRCLE('',#2990,0.000776811457478678);
#2195=CIRCLE('',#2991,0.000623188542521322);
#2196=CIRCLE('',#2992,0.0003);
#2197=CIRCLE('',#2993,0.0003);
#2198=CIRCLE('',#2995,0.0003);
#2199=CIRCLE('',#2996,0.0003);
#2200=CIRCLE('',#2997,0.0003);
#2201=CIRCLE('',#2998,0.0003);
#2202=CIRCLE('',#3000,0.00025);
#2203=CIRCLE('',#3004,0.0003);
#2204=CIRCLE('',#3006,0.0003);
#2205=CIRCLE('',#3008,0.00035);
#2206=CIRCLE('',#3010,0.00045);
#2207=CIRCLE('',#3012,0.0006);
#2208=CIRCLE('',#3013,0.0006);
#2209=CIRCLE('',#3015,0.0003);
#2210=CIRCLE('',#3017,0.0003);
#2211=CIRCLE('',#3018,0.000623188542521282);
#2212=CIRCLE('',#3019,0.000776811457478717);
#2213=CIRCLE('',#3020,0.0003);
#2214=CIRCLE('',#3021,0.000776811457478665);
#2215=CIRCLE('',#3022,0.000623188542521335);
#2216=CIRCLE('',#3023,0.0003);
#2217=CIRCLE('',#3024,0.0003);
#2218=CIRCLE('',#3026,0.0003);
#2219=CIRCLE('',#3027,0.0003);
#2220=CIRCLE('',#3028,0.0003);
#2221=CIRCLE('',#3029,0.0003);
#2222=CIRCLE('',#3031,0.00025);
#2223=CIRCLE('',#3035,0.000277793523894812);
#2224=CIRCLE('',#3036,0.00071645426330783);
#2225=CIRCLE('',#3037,0.000196218035078668);
#2226=CIRCLE('',#3038,0.00139586988235718);
#2227=CIRCLE('',#3039,0.000176855866808547);
#2228=CIRCLE('',#3041,0.000277793523894812);
#2229=CIRCLE('',#3043,0.00071645426330783);
#2230=CIRCLE('',#3046,0.000196218035078668);
#2231=CIRCLE('',#3048,0.00139586988235718);
#2232=CIRCLE('',#3050,0.000176855866808547);
#2233=CIRCLE('',#3053,0.000613867817152753);
#2234=CIRCLE('',#3054,0.000321874139941516);
#2235=CIRCLE('',#3058,0.000613867817152753);
#2236=CIRCLE('',#3065,0.000321874139941516);
#2237=CIRCLE('',#3070,0.0002);
#2238=CIRCLE('',#3071,0.001285);
#2239=CIRCLE('',#3072,0.0002);
#2240=CIRCLE('',#3073,0.001085);
#2241=CIRCLE('',#3075,0.0002);
#2242=CIRCLE('',#3077,0.0002);
#2243=CIRCLE('',#3079,0.001285);
#2244=CIRCLE('',#3080,0.001085);
#2245=CIRCLE('',#3082,0.0002);
#2246=CIRCLE('',#3083,0.0002);
#2247=CIRCLE('',#3085,0.0002);
#2248=CIRCLE('',#3086,0.0023);
#2249=CIRCLE('',#3087,0.0025);
#2250=CIRCLE('',#3089,0.0002);
#2251=CIRCLE('',#3090,0.0025);
#2252=CIRCLE('',#3091,0.0023);
#2253=CIRCLE('',#3095,0.0025);
#2254=CIRCLE('',#3098,0.0025);
#2255=CIRCLE('',#3101,0.001085);
#2256=CIRCLE('',#3104,0.001085);
#2257=CIRCLE('',#3107,0.00065);
#2258=CIRCLE('',#3108,0.00075);
#2259=CIRCLE('',#3111,0.00075);
#2260=CIRCLE('',#3113,0.00065);
#2261=CIRCLE('',#3114,0.00075);
#2262=CIRCLE('',#3116,0.00065);
#2263=CIRCLE('',#3117,0.00075);
#2264=CIRCLE('',#3120,0.00075);
#2265=CIRCLE('',#3123,0.00075);
#2266=CIRCLE('',#3135,0.00294799777284917);
#2267=CIRCLE('',#3136,0.00294799777284917);
#2268=CIRCLE('',#3138,0.00292356254303505);
#2269=CIRCLE('',#3139,0.00292356254303505);
#2270=CIRCLE('',#3141,0.00045);
#2271=CIRCLE('',#3143,0.00045);
#2272=CIRCLE('',#3144,0.00045);
#2273=CIRCLE('',#3145,0.00045);
#2274=CIRCLE('',#3153,0.00294799777284917);
#2275=CIRCLE('',#3154,0.0029);
#2276=CIRCLE('',#3155,76.5000870258453);
#2277=CIRCLE('',#3157,0.00294799777284917);
#2278=CIRCLE('',#3158,76.5000080369635);
#2279=CIRCLE('',#3159,0.0029);
#2280=CIRCLE('',#3162,0.00294799777284917);
#2281=CIRCLE('',#3163,0.0029);
#2282=CIRCLE('',#3165,0.00294799777284917);
#2283=CIRCLE('',#3166,0.0029);
#2284=CIRCLE('',#3168,0.00293490747116304);
#2285=CIRCLE('',#3169,0.00293490747116304);
#2286=CIRCLE('',#3188,0.00293490747116304);
#2287=CIRCLE('',#3189,0.00293490747116304);
#2288=EDGE_LOOP('',(#645));
#2289=EDGE_LOOP('',(#646));
#2290=EDGE_LOOP('',(#647));
#2291=EDGE_LOOP('',(#648));
#2292=EDGE_LOOP('',(#649));
#2293=EDGE_LOOP('',(#650));
#2294=EDGE_LOOP('',(#651));
#2295=EDGE_LOOP('',(#652));
#2296=EDGE_LOOP('',(#653));
#2297=EDGE_LOOP('',(#654));
#2298=EDGE_LOOP('',(#655));
#2299=EDGE_LOOP('',(#656,#657,#658,#659,#660,#661,#662,#663,#664,#665,#666,
#667));
#2300=EDGE_LOOP('',(#668));
#2301=EDGE_LOOP('',(#669,#670,#671,#672,#673,#674,#675,#676,#677,#678,#679,
#680));
#2302=EDGE_LOOP('',(#681));
#2303=EDGE_LOOP('',(#682));
#2304=EDGE_LOOP('',(#683));
#2305=EDGE_LOOP('',(#684));
#2306=EDGE_LOOP('',(#685));
#2307=EDGE_LOOP('',(#686));
#2308=EDGE_LOOP('',(#687));
#2309=EDGE_LOOP('',(#688));
#2310=EDGE_LOOP('',(#689));
#2311=EDGE_LOOP('',(#690));
#2312=EDGE_LOOP('',(#691));
#2313=EDGE_LOOP('',(#692));
#2314=EDGE_LOOP('',(#693));
#2315=EDGE_LOOP('',(#694));
#2316=EDGE_LOOP('',(#695));
#2317=EDGE_LOOP('',(#696));
#2318=EDGE_LOOP('',(#697));
#2319=EDGE_LOOP('',(#698,#699,#700,#701,#702,#703,#704,#705,#706,#707,#708,
#709));
#2320=EDGE_LOOP('',(#710));
#2321=EDGE_LOOP('',(#711,#712,#713,#714,#715,#716,#717,#718,#719,#720,#721,
#722));
#2322=EDGE_LOOP('',(#723));
#2323=EDGE_LOOP('',(#724));
#2324=EDGE_LOOP('',(#725));
#2325=EDGE_LOOP('',(#726));
#2326=EDGE_LOOP('',(#727));
#2327=EDGE_LOOP('',(#728));
#2328=EDGE_LOOP('',(#729));
#2329=EDGE_LOOP('',(#730));
#2330=EDGE_LOOP('',(#731));
#2331=EDGE_LOOP('',(#732));
#2332=EDGE_LOOP('',(#733));
#2333=EDGE_LOOP('',(#734));
#2334=EDGE_LOOP('',(#735));
#2335=EDGE_LOOP('',(#736));
#2336=EDGE_LOOP('',(#737));
#2337=EDGE_LOOP('',(#738));
#2338=EDGE_LOOP('',(#739));
#2339=EDGE_LOOP('',(#740,#741,#742,#743,#744,#745,#746,#747,#748,#749,#750,
#751));
#2340=EDGE_LOOP('',(#752));
#2341=EDGE_LOOP('',(#753,#754,#755,#756,#757,#758,#759,#760,#761,#762,#763,
#764));
#2342=EDGE_LOOP('',(#765));
#2343=EDGE_LOOP('',(#766));
#2344=EDGE_LOOP('',(#767));
#2345=EDGE_LOOP('',(#768));
#2346=EDGE_LOOP('',(#769));
#2347=EDGE_LOOP('',(#770));
#2348=EDGE_LOOP('',(#771));
#2349=EDGE_LOOP('',(#772));
#2350=EDGE_LOOP('',(#773));
#2351=EDGE_LOOP('',(#774));
#2352=EDGE_LOOP('',(#775));
#2353=EDGE_LOOP('',(#776));
#2354=EDGE_LOOP('',(#777));
#2355=EDGE_LOOP('',(#778));
#2356=EDGE_LOOP('',(#779));
#2357=EDGE_LOOP('',(#780));
#2358=EDGE_LOOP('',(#781));
#2359=EDGE_LOOP('',(#782,#783,#784,#785,#786,#787,#788,#789,#790,#791,#792,
#793));
#2360=EDGE_LOOP('',(#794));
#2361=EDGE_LOOP('',(#795,#796,#797,#798,#799,#800,#801,#802,#803,#804,#805,
#806));
#2362=EDGE_LOOP('',(#807));
#2363=EDGE_LOOP('',(#808));
#2364=EDGE_LOOP('',(#809));
#2365=EDGE_LOOP('',(#810));
#2366=EDGE_LOOP('',(#811));
#2367=EDGE_LOOP('',(#812));
#2368=EDGE_LOOP('',(#813,#814,#815,#816,#817,#818,#819,#820,#821,#822,#823,
#824));
#2369=EDGE_LOOP('',(#825,#826,#827,#828));
#2370=EDGE_LOOP('',(#829,#830,#831,#832));
#2371=EDGE_LOOP('',(#833,#834,#835,#836));
#2372=EDGE_LOOP('',(#837,#838,#839,#840));
#2373=EDGE_LOOP('',(#841,#842,#843,#844));
#2374=EDGE_LOOP('',(#845,#846,#847,#848));
#2375=EDGE_LOOP('',(#849,#850,#851,#852));
#2376=EDGE_LOOP('',(#853,#854,#855,#856));
#2377=EDGE_LOOP('',(#857,#858,#859,#860));
#2378=EDGE_LOOP('',(#861,#862,#863,#864));
#2379=EDGE_LOOP('',(#865,#866,#867,#868));
#2380=EDGE_LOOP('',(#869,#870,#871,#872));
#2381=EDGE_LOOP('',(#873,#874,#875,#876,#877,#878,#879,#880,#881,#882,#883,
#884,#885,#886));
#2382=EDGE_LOOP('',(#887,#888,#889,#890));
#2383=EDGE_LOOP('',(#891,#892,#893,#894));
#2384=EDGE_LOOP('',(#895,#896,#897,#898));
#2385=EDGE_LOOP('',(#899,#900,#901,#902));
#2386=EDGE_LOOP('',(#903,#904,#905,#906));
#2387=EDGE_LOOP('',(#907,#908,#909,#910));
#2388=EDGE_LOOP('',(#911,#912,#913,#914));
#2389=EDGE_LOOP('',(#915,#916,#917,#918));
#2390=EDGE_LOOP('',(#919,#920,#921,#922));
#2391=EDGE_LOOP('',(#923,#924,#925,#926));
#2392=EDGE_LOOP('',(#927,#928,#929,#930));
#2393=EDGE_LOOP('',(#931,#932,#933,#934));
#2394=EDGE_LOOP('',(#935,#936,#937,#938));
#2395=EDGE_LOOP('',(#939,#940,#941,#942));
#2396=EDGE_LOOP('',(#943,#944,#945,#946));
#2397=EDGE_LOOP('',(#947,#948,#949,#950));
#2398=EDGE_LOOP('',(#951,#952,#953,#954));
#2399=EDGE_LOOP('',(#955,#956,#957,#958));
#2400=EDGE_LOOP('',(#959,#960,#961,#962));
#2401=EDGE_LOOP('',(#963,#964,#965,#966));
#2402=EDGE_LOOP('',(#967,#968,#969,#970));
#2403=EDGE_LOOP('',(#971,#972,#973,#974));
#2404=EDGE_LOOP('',(#975,#976,#977,#978));
#2405=EDGE_LOOP('',(#979,#980,#981,#982));
#2406=EDGE_LOOP('',(#983,#984,#985,#986));
#2407=EDGE_LOOP('',(#987,#988,#989,#990));
#2408=EDGE_LOOP('',(#991,#992,#993,#994));
#2409=EDGE_LOOP('',(#995,#996,#997,#998));
#2410=EDGE_LOOP('',(#999,#1000,#1001,#1002));
#2411=EDGE_LOOP('',(#1003,#1004,#1005,#1006));
#2412=EDGE_LOOP('',(#1007,#1008,#1009,#1010,#1011,#1012,#1013,#1014,#1015,
#1016,#1017,#1018));
#2413=EDGE_LOOP('',(#1019,#1020,#1021,#1022));
#2414=EDGE_LOOP('',(#1023,#1024,#1025,#1026));
#2415=EDGE_LOOP('',(#1027,#1028,#1029,#1030,#1031,#1032,#1033,#1034,#1035,
#1036,#1037,#1038,#1039,#1040));
#2416=EDGE_LOOP('',(#1041));
#2417=EDGE_LOOP('',(#1042));
#2418=EDGE_LOOP('',(#1043));
#2419=EDGE_LOOP('',(#1044));
#2420=EDGE_LOOP('',(#1045));
#2421=EDGE_LOOP('',(#1046));
#2422=EDGE_LOOP('',(#1047));
#2423=EDGE_LOOP('',(#1048));
#2424=EDGE_LOOP('',(#1049));
#2425=EDGE_LOOP('',(#1050));
#2426=EDGE_LOOP('',(#1051));
#2427=EDGE_LOOP('',(#1052));
#2428=EDGE_LOOP('',(#1053));
#2429=EDGE_LOOP('',(#1054));
#2430=EDGE_LOOP('',(#1055));
#2431=EDGE_LOOP('',(#1056,#1057,#1058,#1059,#1060));
#2432=EDGE_LOOP('',(#1061,#1062,#1063,#1064,#1065));
#2433=EDGE_LOOP('',(#1066,#1067,#1068,#1069,#1070));
#2434=EDGE_LOOP('',(#1071,#1072,#1073,#1074));
#2435=EDGE_LOOP('',(#1075,#1076,#1077,#1078));
#2436=EDGE_LOOP('',(#1079,#1080,#1081,#1082,#1083,#1084,#1085,#1086,#1087,
#1088,#1089,#1090,#1091,#1092,#1093,#1094,#1095,#1096,#1097,#1098,#1099,
#1100,#1101,#1102,#1103,#1104,#1105,#1106,#1107,#1108,#1109,#1110,#1111,
#1112,#1113,#1114,#1115,#1116,#1117,#1118,#1119,#1120,#1121,#1122,#1123,
#1124,#1125,#1126));
#2437=EDGE_LOOP('',(#1127,#1128,#1129,#1130));
#2438=EDGE_LOOP('',(#1131,#1132,#1133,#1134,#1135,#1136,#1137,#1138,#1139,
#1140,#1141,#1142,#1143,#1144,#1145,#1146,#1147,#1148,#1149,#1150,#1151,
#1152,#1153,#1154,#1155,#1156,#1157,#1158,#1159,#1160,#1161,#1162,#1163,
#1164,#1165,#1166,#1167,#1168,#1169,#1170,#1171,#1172,#1173,#1174,#1175,
#1176,#1177,#1178));
#2439=EDGE_LOOP('',(#1179,#1180,#1181,#1182));
#2440=EDGE_LOOP('',(#1183,#1184,#1185,#1186));
#2441=EDGE_LOOP('',(#1187,#1188,#1189,#1190,#1191,#1192));
#2442=EDGE_LOOP('',(#1193));
#2443=EDGE_LOOP('',(#1194));
#2444=EDGE_LOOP('',(#1195));
#2445=EDGE_LOOP('',(#1196));
#2446=EDGE_LOOP('',(#1197,#1198,#1199,#1200));
#2447=EDGE_LOOP('',(#1201));
#2448=EDGE_LOOP('',(#1202));
#2449=EDGE_LOOP('',(#1203));
#2450=EDGE_LOOP('',(#1204));
#2451=EDGE_LOOP('',(#1205));
#2452=EDGE_LOOP('',(#1206));
#2453=EDGE_LOOP('',(#1207,#1208,#1209,#1210));
#2454=EDGE_LOOP('',(#1211,#1212,#1213,#1214));
#2455=EDGE_LOOP('',(#1215,#1216,#1217,#1218));
#2456=EDGE_LOOP('',(#1219,#1220,#1221,#1222));
#2457=EDGE_LOOP('',(#1223));
#2458=EDGE_LOOP('',(#1224));
#2459=EDGE_LOOP('',(#1225));
#2460=EDGE_LOOP('',(#1226));
#2461=EDGE_LOOP('',(#1227));
#2462=EDGE_LOOP('',(#1228));
#2463=EDGE_LOOP('',(#1229,#1230,#1231,#1232,#1233,#1234));
#2464=EDGE_LOOP('',(#1235,#1236,#1237,#1238,#1239,#1240));
#2465=EDGE_LOOP('',(#1241,#1242,#1243,#1244));
#2466=EDGE_LOOP('',(#1245,#1246,#1247,#1248,#1249));
#2467=EDGE_LOOP('',(#1250,#1251,#1252,#1253,#1254));
#2468=EDGE_LOOP('',(#1255,#1256,#1257,#1258,#1259,#1260,#1261,#1262,#1263));
#2469=EDGE_LOOP('',(#1264,#1265,#1266,#1267));
#2470=EDGE_LOOP('',(#1268,#1269,#1270,#1271,#1272));
#2471=EDGE_LOOP('',(#1273,#1274,#1275,#1276,#1277));
#2472=EDGE_LOOP('',(#1278,#1279,#1280,#1281,#1282));
#2473=EDGE_LOOP('',(#1283,#1284,#1285,#1286));
#2474=EDGE_LOOP('',(#1287,#1288,#1289,#1290));
#2475=EDGE_LOOP('',(#1291,#1292,#1293,#1294));
#2476=EDGE_LOOP('',(#1295,#1296,#1297,#1298));
#2477=EDGE_LOOP('',(#1299,#1300,#1301,#1302));
#2478=EDGE_LOOP('',(#1303,#1304,#1305,#1306,#1307));
#2479=EDGE_LOOP('',(#1308,#1309,#1310,#1311,#1312));
#2480=EDGE_LOOP('',(#1313,#1314,#1315,#1316,#1317));
#2481=EDGE_LOOP('',(#1318,#1319,#1320,#1321));
#2482=EDGE_LOOP('',(#1322,#1323,#1324,#1325,#1326));
#2483=EDGE_LOOP('',(#1327,#1328,#1329,#1330,#1331));
#2484=EDGE_LOOP('',(#1332,#1333,#1334,#1335,#1336));
#2485=EDGE_LOOP('',(#1337));
#2486=EDGE_LOOP('',(#1338,#1339,#1340,#1341,#1342,#1343,#1344,#1345,#1346,
#1347));
#2487=EDGE_LOOP('',(#1348));
#2488=EDGE_LOOP('',(#1349));
#2489=EDGE_LOOP('',(#1350,#1351,#1352,#1353,#1354,#1355,#1356,#1357,#1358));
#2490=EDGE_LOOP('',(#1359,#1360,#1361,#1362));
#2491=EDGE_LOOP('',(#1363,#1364,#1365,#1366));
#2492=EDGE_LOOP('',(#1367,#1368,#1369,#1370));
#2493=EDGE_LOOP('',(#1371,#1372,#1373,#1374));
#2494=EDGE_LOOP('',(#1375,#1376,#1377,#1378));
#2495=EDGE_LOOP('',(#1379,#1380,#1381,#1382));
#2496=EDGE_LOOP('',(#1383,#1384,#1385,#1386));
#2497=EDGE_LOOP('',(#1387,#1388,#1389,#1390,#1391,#1392,#1393,#1394));
#2498=EDGE_LOOP('',(#1395,#1396,#1397,#1398,#1399));
#2499=EDGE_LOOP('',(#1400,#1401,#1402,#1403,#1404));
#2500=EDGE_LOOP('',(#1405,#1406,#1407,#1408,#1409));
#2501=EDGE_LOOP('',(#1410,#1411,#1412,#1413,#1414));
#2502=EDGE_LOOP('',(#1415,#1416,#1417,#1418,#1419));
#2503=EDGE_LOOP('',(#1420,#1421,#1422,#1423,#1424));
#2504=EDGE_LOOP('',(#1425,#1426,#1427,#1428,#1429));
#2505=EDGE_LOOP('',(#1430,#1431,#1432,#1433,#1434));
#2506=EDGE_LOOP('',(#1435,#1436,#1437,#1438,#1439));
#2507=EDGE_LOOP('',(#1440,#1441,#1442,#1443,#1444));
#2508=EDGE_LOOP('',(#1445,#1446,#1447,#1448,#1449));
#2509=EDGE_LOOP('',(#1450,#1451,#1452,#1453,#1454));
#2510=FACE_BOUND('',#2288,.T.);
#2511=FACE_BOUND('',#2289,.T.);
#2512=FACE_BOUND('',#2290,.T.);
#2513=FACE_BOUND('',#2291,.T.);
#2514=FACE_BOUND('',#2292,.T.);
#2515=FACE_BOUND('',#2293,.T.);
#2516=FACE_BOUND('',#2294,.T.);
#2517=FACE_BOUND('',#2295,.T.);
#2518=FACE_BOUND('',#2296,.T.);
#2519=FACE_BOUND('',#2297,.T.);
#2520=FACE_BOUND('',#2298,.T.);
#2521=FACE_BOUND('',#2299,.T.);
#2522=FACE_BOUND('',#2300,.T.);
#2523=FACE_BOUND('',#2301,.T.);
#2524=FACE_BOUND('',#2302,.T.);
#2525=FACE_BOUND('',#2303,.T.);
#2526=FACE_BOUND('',#2304,.T.);
#2527=FACE_BOUND('',#2305,.T.);
#2528=FACE_BOUND('',#2306,.T.);
#2529=FACE_BOUND('',#2307,.T.);
#2530=FACE_BOUND('',#2308,.T.);
#2531=FACE_BOUND('',#2309,.T.);
#2532=FACE_BOUND('',#2310,.T.);
#2533=FACE_BOUND('',#2311,.T.);
#2534=FACE_BOUND('',#2312,.T.);
#2535=FACE_BOUND('',#2313,.T.);
#2536=FACE_BOUND('',#2314,.T.);
#2537=FACE_BOUND('',#2315,.T.);
#2538=FACE_BOUND('',#2316,.T.);
#2539=FACE_BOUND('',#2317,.T.);
#2540=FACE_BOUND('',#2318,.T.);
#2541=FACE_BOUND('',#2319,.T.);
#2542=FACE_BOUND('',#2320,.T.);
#2543=FACE_BOUND('',#2321,.T.);
#2544=FACE_BOUND('',#2322,.T.);
#2545=FACE_BOUND('',#2323,.T.);
#2546=FACE_BOUND('',#2324,.T.);
#2547=FACE_BOUND('',#2325,.T.);
#2548=FACE_BOUND('',#2326,.T.);
#2549=FACE_BOUND('',#2327,.T.);
#2550=FACE_BOUND('',#2328,.T.);
#2551=FACE_BOUND('',#2329,.T.);
#2552=FACE_BOUND('',#2330,.T.);
#2553=FACE_BOUND('',#2331,.T.);
#2554=FACE_BOUND('',#2332,.T.);
#2555=FACE_BOUND('',#2333,.T.);
#2556=FACE_BOUND('',#2334,.T.);
#2557=FACE_BOUND('',#2335,.T.);
#2558=FACE_BOUND('',#2336,.T.);
#2559=FACE_BOUND('',#2337,.T.);
#2560=FACE_BOUND('',#2338,.T.);
#2561=FACE_BOUND('',#2339,.T.);
#2562=FACE_BOUND('',#2340,.T.);
#2563=FACE_BOUND('',#2341,.T.);
#2564=FACE_BOUND('',#2342,.T.);
#2565=FACE_BOUND('',#2343,.T.);
#2566=FACE_BOUND('',#2344,.T.);
#2567=FACE_BOUND('',#2345,.T.);
#2568=FACE_BOUND('',#2346,.T.);
#2569=FACE_BOUND('',#2347,.T.);
#2570=FACE_BOUND('',#2348,.T.);
#2571=FACE_BOUND('',#2349,.T.);
#2572=FACE_BOUND('',#2350,.T.);
#2573=FACE_BOUND('',#2351,.T.);
#2574=FACE_BOUND('',#2352,.T.);
#2575=FACE_BOUND('',#2353,.T.);
#2576=FACE_BOUND('',#2354,.T.);
#2577=FACE_BOUND('',#2355,.T.);
#2578=FACE_BOUND('',#2356,.T.);
#2579=FACE_BOUND('',#2357,.T.);
#2580=FACE_BOUND('',#2358,.T.);
#2581=FACE_BOUND('',#2359,.T.);
#2582=FACE_BOUND('',#2360,.T.);
#2583=FACE_BOUND('',#2361,.T.);
#2584=FACE_BOUND('',#2362,.T.);
#2585=FACE_BOUND('',#2363,.T.);
#2586=FACE_BOUND('',#2364,.T.);
#2587=FACE_BOUND('',#2365,.T.);
#2588=FACE_BOUND('',#2366,.T.);
#2589=FACE_BOUND('',#2367,.T.);
#2590=FACE_BOUND('',#2368,.T.);
#2591=FACE_BOUND('',#2369,.T.);
#2592=FACE_BOUND('',#2370,.T.);
#2593=FACE_BOUND('',#2371,.T.);
#2594=FACE_BOUND('',#2372,.T.);
#2595=FACE_BOUND('',#2373,.T.);
#2596=FACE_BOUND('',#2374,.T.);
#2597=FACE_BOUND('',#2375,.T.);
#2598=FACE_BOUND('',#2376,.T.);
#2599=FACE_BOUND('',#2377,.T.);
#2600=FACE_BOUND('',#2378,.T.);
#2601=FACE_BOUND('',#2379,.T.);
#2602=FACE_BOUND('',#2380,.T.);
#2603=FACE_BOUND('',#2381,.T.);
#2604=FACE_BOUND('',#2382,.T.);
#2605=FACE_BOUND('',#2383,.T.);
#2606=FACE_BOUND('',#2384,.T.);
#2607=FACE_BOUND('',#2385,.T.);
#2608=FACE_BOUND('',#2386,.T.);
#2609=FACE_BOUND('',#2387,.T.);
#2610=FACE_BOUND('',#2388,.T.);
#2611=FACE_BOUND('',#2389,.T.);
#2612=FACE_BOUND('',#2390,.T.);
#2613=FACE_BOUND('',#2391,.T.);
#2614=FACE_BOUND('',#2392,.T.);
#2615=FACE_BOUND('',#2393,.T.);
#2616=FACE_BOUND('',#2394,.T.);
#2617=FACE_BOUND('',#2395,.T.);
#2618=FACE_BOUND('',#2396,.T.);
#2619=FACE_BOUND('',#2397,.T.);
#2620=FACE_BOUND('',#2398,.T.);
#2621=FACE_BOUND('',#2399,.T.);
#2622=FACE_BOUND('',#2400,.T.);
#2623=FACE_BOUND('',#2401,.T.);
#2624=FACE_BOUND('',#2402,.T.);
#2625=FACE_BOUND('',#2403,.T.);
#2626=FACE_BOUND('',#2404,.T.);
#2627=FACE_BOUND('',#2405,.T.);
#2628=FACE_BOUND('',#2406,.T.);
#2629=FACE_BOUND('',#2407,.T.);
#2630=FACE_BOUND('',#2408,.T.);
#2631=FACE_BOUND('',#2409,.T.);
#2632=FACE_BOUND('',#2410,.T.);
#2633=FACE_BOUND('',#2411,.T.);
#2634=FACE_BOUND('',#2412,.T.);
#2635=FACE_BOUND('',#2413,.T.);
#2636=FACE_BOUND('',#2414,.T.);
#2637=FACE_BOUND('',#2415,.T.);
#2638=FACE_BOUND('',#2416,.T.);
#2639=FACE_BOUND('',#2417,.T.);
#2640=FACE_BOUND('',#2418,.T.);
#2641=FACE_BOUND('',#2419,.T.);
#2642=FACE_BOUND('',#2420,.T.);
#2643=FACE_BOUND('',#2421,.T.);
#2644=FACE_BOUND('',#2422,.T.);
#2645=FACE_BOUND('',#2423,.T.);
#2646=FACE_BOUND('',#2424,.T.);
#2647=FACE_BOUND('',#2425,.T.);
#2648=FACE_BOUND('',#2426,.T.);
#2649=FACE_BOUND('',#2427,.T.);
#2650=FACE_BOUND('',#2428,.T.);
#2651=FACE_BOUND('',#2429,.T.);
#2652=FACE_BOUND('',#2430,.T.);
#2653=FACE_BOUND('',#2431,.T.);
#2654=FACE_BOUND('',#2432,.T.);
#2655=FACE_BOUND('',#2433,.T.);
#2656=FACE_BOUND('',#2434,.T.);
#2657=FACE_BOUND('',#2435,.T.);
#2658=FACE_BOUND('',#2436,.T.);
#2659=FACE_BOUND('',#2437,.T.);
#2660=FACE_BOUND('',#2438,.T.);
#2661=FACE_BOUND('',#2439,.T.);
#2662=FACE_BOUND('',#2440,.T.);
#2663=FACE_BOUND('',#2441,.T.);
#2664=FACE_BOUND('',#2442,.T.);
#2665=FACE_BOUND('',#2443,.T.);
#2666=FACE_BOUND('',#2444,.T.);
#2667=FACE_BOUND('',#2445,.T.);
#2668=FACE_BOUND('',#2446,.T.);
#2669=FACE_BOUND('',#2447,.T.);
#2670=FACE_BOUND('',#2448,.T.);
#2671=FACE_BOUND('',#2449,.T.);
#2672=FACE_BOUND('',#2450,.T.);
#2673=FACE_BOUND('',#2451,.T.);
#2674=FACE_BOUND('',#2452,.T.);
#2675=FACE_BOUND('',#2453,.T.);
#2676=FACE_BOUND('',#2454,.T.);
#2677=FACE_BOUND('',#2455,.T.);
#2678=FACE_BOUND('',#2456,.T.);
#2679=FACE_BOUND('',#2457,.T.);
#2680=FACE_BOUND('',#2458,.T.);
#2681=FACE_BOUND('',#2459,.T.);
#2682=FACE_BOUND('',#2460,.T.);
#2683=FACE_BOUND('',#2461,.T.);
#2684=FACE_BOUND('',#2462,.T.);
#2685=FACE_BOUND('',#2463,.T.);
#2686=FACE_BOUND('',#2464,.T.);
#2687=FACE_BOUND('',#2465,.T.);
#2688=FACE_BOUND('',#2466,.T.);
#2689=FACE_BOUND('',#2467,.T.);
#2690=FACE_BOUND('',#2468,.T.);
#2691=FACE_BOUND('',#2469,.T.);
#2692=FACE_BOUND('',#2470,.T.);
#2693=FACE_BOUND('',#2471,.T.);
#2694=FACE_BOUND('',#2472,.T.);
#2695=FACE_BOUND('',#2473,.T.);
#2696=FACE_BOUND('',#2474,.T.);
#2697=FACE_BOUND('',#2475,.T.);
#2698=FACE_BOUND('',#2476,.T.);
#2699=FACE_BOUND('',#2477,.T.);
#2700=FACE_BOUND('',#2478,.T.);
#2701=FACE_BOUND('',#2479,.T.);
#2702=FACE_BOUND('',#2480,.T.);
#2703=FACE_BOUND('',#2481,.T.);
#2704=FACE_BOUND('',#2482,.T.);
#2705=FACE_BOUND('',#2483,.T.);
#2706=FACE_BOUND('',#2484,.T.);
#2707=FACE_BOUND('',#2485,.T.);
#2708=FACE_BOUND('',#2486,.T.);
#2709=FACE_BOUND('',#2487,.T.);
#2710=FACE_BOUND('',#2488,.T.);
#2711=FACE_BOUND('',#2489,.T.);
#2712=FACE_BOUND('',#2490,.T.);
#2713=FACE_BOUND('',#2491,.T.);
#2714=FACE_BOUND('',#2492,.T.);
#2715=FACE_BOUND('',#2493,.T.);
#2716=FACE_BOUND('',#2494,.T.);
#2717=FACE_BOUND('',#2495,.T.);
#2718=FACE_BOUND('',#2496,.T.);
#2719=FACE_BOUND('',#2497,.T.);
#2720=FACE_BOUND('',#2498,.T.);
#2721=FACE_BOUND('',#2499,.T.);
#2722=FACE_BOUND('',#2500,.T.);
#2723=FACE_BOUND('',#2501,.T.);
#2724=FACE_BOUND('',#2502,.T.);
#2725=FACE_BOUND('',#2503,.T.);
#2726=FACE_BOUND('',#2504,.T.);
#2727=FACE_BOUND('',#2505,.T.);
#2728=FACE_BOUND('',#2506,.T.);
#2729=FACE_BOUND('',#2507,.T.);
#2730=FACE_BOUND('',#2508,.T.);
#2731=FACE_BOUND('',#2509,.T.);
#2732=SPHERICAL_SURFACE('',#2910,0.0003);
#2733=SPHERICAL_SURFACE('',#2941,0.0003);
#2734=SPHERICAL_SURFACE('',#2972,0.0003);
#2735=SPHERICAL_SURFACE('',#3003,0.0003);
#2736=ADVANCED_FACE('',(#2510),#2732,.T.);
#2737=ADVANCED_FACE('',(#2511,#2512),#607,.T.);
#2738=ADVANCED_FACE('',(#2513,#2514),#522,.T.);
#2739=ADVANCED_FACE('',(#2515,#2516),#510,.T.);
#2740=ADVANCED_FACE('',(#2517,#2518),#608,.T.);
#2741=ADVANCED_FACE('',(#2519,#2520),#523,.T.);
#2742=ADVANCED_FACE('',(#2521,#2522),#511,.T.);
#2743=ADVANCED_FACE('',(#2523,#2524),#609,.T.);
#2744=ADVANCED_FACE('',(#2525,#2526),#19,.T.);
#2745=ADVANCED_FACE('',(#2527,#2528),#610,.T.);
#2746=ADVANCED_FACE('',(#2529),#524,.T.);
#2747=ADVANCED_FACE('',(#2530),#2733,.T.);
#2748=ADVANCED_FACE('',(#2531,#2532),#611,.T.);
#2749=ADVANCED_FACE('',(#2533,#2534),#525,.T.);
#2750=ADVANCED_FACE('',(#2535,#2536),#512,.T.);
#2751=ADVANCED_FACE('',(#2537,#2538),#612,.T.);
#2752=ADVANCED_FACE('',(#2539,#2540),#526,.T.);
#2753=ADVANCED_FACE('',(#2541,#2542),#613,.T.);
#2754=ADVANCED_FACE('',(#2543,#2544),#513,.T.);
#2755=ADVANCED_FACE('',(#2545,#2546),#614,.T.);
#2756=ADVANCED_FACE('',(#2547,#2548),#20,.T.);
#2757=ADVANCED_FACE('',(#2549),#527,.T.);
#2758=ADVANCED_FACE('',(#2550),#2734,.T.);
#2759=ADVANCED_FACE('',(#2551,#2552),#615,.T.);
#2760=ADVANCED_FACE('',(#2553,#2554),#528,.T.);
#2761=ADVANCED_FACE('',(#2555,#2556),#514,.T.);
#2762=ADVANCED_FACE('',(#2557,#2558),#616,.T.);
#2763=ADVANCED_FACE('',(#2559,#2560),#529,.T.);
#2764=ADVANCED_FACE('',(#2561,#2562),#515,.T.);
#2765=ADVANCED_FACE('',(#2563,#2564),#617,.T.);
#2766=ADVANCED_FACE('',(#2565,#2566),#21,.T.);
#2767=ADVANCED_FACE('',(#2567,#2568),#618,.T.);
#2768=ADVANCED_FACE('',(#2569),#530,.T.);
#2769=ADVANCED_FACE('',(#2570),#2735,.T.);
#2770=ADVANCED_FACE('',(#2571,#2572),#619,.T.);
#2771=ADVANCED_FACE('',(#2573,#2574),#531,.T.);
#2772=ADVANCED_FACE('',(#2575,#2576),#516,.T.);
#2773=ADVANCED_FACE('',(#2577,#2578),#620,.T.);
#2774=ADVANCED_FACE('',(#2579,#2580),#532,.T.);
#2775=ADVANCED_FACE('',(#2581,#2582),#517,.T.);
#2776=ADVANCED_FACE('',(#2583,#2584),#621,.T.);
#2777=ADVANCED_FACE('',(#2585,#2586),#22,.T.);
#2778=ADVANCED_FACE('',(#2587,#2588),#622,.T.);
#2779=ADVANCED_FACE('',(#2589),#533,.T.);
#2780=ADVANCED_FACE('',(#2590),#534,.T.);
#2781=ADVANCED_FACE('',(#2591),#623,.F.);
#2782=ADVANCED_FACE('',(#2592),#12,.T.);
#2783=ADVANCED_FACE('',(#2593),#624,.T.);
#2784=ADVANCED_FACE('',(#2594),#13,.T.);
#2785=ADVANCED_FACE('',(#2595),#535,.T.);
#2786=ADVANCED_FACE('',(#2596),#14,.T.);
#2787=ADVANCED_FACE('',(#2597),#625,.F.);
#2788=ADVANCED_FACE('',(#2598),#15,.T.);
#2789=ADVANCED_FACE('',(#2599),#626,.T.);
#2790=ADVANCED_FACE('',(#2600),#627,.T.);
#2791=ADVANCED_FACE('',(#2601),#16,.T.);
#2792=ADVANCED_FACE('',(#2602),#536,.T.);
#2793=ADVANCED_FACE('',(#2603),#537,.T.);
#2794=ADVANCED_FACE('',(#2604),#538,.T.);
#2795=ADVANCED_FACE('',(#2605),#17,.T.);
#2796=ADVANCED_FACE('',(#2606),#539,.T.);
#2797=ADVANCED_FACE('',(#2607),#628,.F.);
#2798=ADVANCED_FACE('',(#2608),#540,.T.);
#2799=ADVANCED_FACE('',(#2609),#541,.T.);
#2800=ADVANCED_FACE('',(#2610),#542,.T.);
#2801=ADVANCED_FACE('',(#2611),#543,.T.);
#2802=ADVANCED_FACE('',(#2612),#18,.T.);
#2803=ADVANCED_FACE('',(#2613),#544,.T.);
#2804=ADVANCED_FACE('',(#2614),#629,.F.);
#2805=ADVANCED_FACE('',(#2615),#545,.T.);
#2806=ADVANCED_FACE('',(#2616),#546,.T.);
#2807=ADVANCED_FACE('',(#2617),#547,.T.);
#2808=ADVANCED_FACE('',(#2618),#518,.T.);
#2809=ADVANCED_FACE('',(#2619),#630,.T.);
#2810=ADVANCED_FACE('',(#2620),#631,.T.);
#2811=ADVANCED_FACE('',(#2621),#519,.T.);
#2812=ADVANCED_FACE('',(#2622),#632,.T.);
#2813=ADVANCED_FACE('',(#2623),#520,.T.);
#2814=ADVANCED_FACE('',(#2624),#521,.T.);
#2815=ADVANCED_FACE('',(#2625),#633,.T.);
#2816=ADVANCED_FACE('',(#2626),#548,.T.);
#2817=ADVANCED_FACE('',(#2627),#634,.T.);
#2818=ADVANCED_FACE('',(#2628),#549,.F.);
#2819=ADVANCED_FACE('',(#2629),#635,.T.);
#2820=ADVANCED_FACE('',(#2630),#550,.F.);
#2821=ADVANCED_FACE('',(#2631),#636,.F.);
#2822=ADVANCED_FACE('',(#2632),#551,.T.);
#2823=ADVANCED_FACE('',(#2633),#637,.F.);
#2824=ADVANCED_FACE('',(#2634,#2635,#2636,#2637),#552,.T.);
#2825=ADVANCED_FACE('',(#2638,#2639),#23,.T.);
#2826=ADVANCED_FACE('',(#2640),#553,.T.);
#2827=ADVANCED_FACE('',(#2641,#2642),#638,.T.);
#2828=ADVANCED_FACE('',(#2643,#2644),#24,.T.);
#2829=ADVANCED_FACE('',(#2645,#2646),#25,.T.);
#2830=ADVANCED_FACE('',(#2647),#554,.T.);
#2831=ADVANCED_FACE('',(#2648,#2649),#639,.T.);
#2832=ADVANCED_FACE('',(#2650),#555,.T.);
#2833=ADVANCED_FACE('',(#2651,#2652),#640,.T.);
#2834=ADVANCED_FACE('',(#2653),#556,.T.);
#2835=ADVANCED_FACE('',(#2654),#557,.F.);
#2836=ADVANCED_FACE('',(#2655),#558,.F.);
#2837=ADVANCED_FACE('',(#2656),#559,.T.);
#2838=ADVANCED_FACE('',(#2657),#560,.F.);
#2839=ADVANCED_FACE('',(#2658),#561,.F.);
#2840=ADVANCED_FACE('',(#2659),#562,.F.);
#2841=ADVANCED_FACE('',(#2660),#563,.T.);
#2842=ADVANCED_FACE('',(#2661),#564,.T.);
#2843=ADVANCED_FACE('',(#2662),#565,.T.);
#2844=ADVANCED_FACE('',(#2663,#2664,#2665,#2666,#2667),#566,.F.);
#2845=ADVANCED_FACE('',(#2668),#567,.T.);
#2846=ADVANCED_FACE('',(#2669,#2670),#641,.F.);
#2847=ADVANCED_FACE('',(#2671,#2672,#2673,#2674,#2675),#568,.T.);
#2848=ADVANCED_FACE('',(#2676),#569,.T.);
#2849=ADVANCED_FACE('',(#2677),#570,.T.);
#2850=ADVANCED_FACE('',(#2678),#571,.T.);
#2851=ADVANCED_FACE('',(#2679,#2680),#642,.F.);
#2852=ADVANCED_FACE('',(#2681,#2682),#643,.F.);
#2853=ADVANCED_FACE('',(#2683,#2684),#644,.F.);
#2854=ADVANCED_FACE('',(#2685),#26,.T.);
#2855=ADVANCED_FACE('',(#2686),#27,.T.);
#2856=ADVANCED_FACE('',(#2687),#572,.T.);
#2857=ADVANCED_FACE('',(#2688),#28,.T.);
#2858=ADVANCED_FACE('',(#2689),#29,.T.);
#2859=ADVANCED_FACE('',(#2690),#573,.T.);
#2860=ADVANCED_FACE('',(#2691),#574,.T.);
#2861=ADVANCED_FACE('',(#2692),#575,.F.);
#2862=ADVANCED_FACE('',(#2693),#576,.T.);
#2863=ADVANCED_FACE('',(#2694),#577,.F.);
#2864=ADVANCED_FACE('',(#2695),#578,.T.);
#2865=ADVANCED_FACE('',(#2696),#579,.F.);
#2866=ADVANCED_FACE('',(#2697),#580,.T.);
#2867=ADVANCED_FACE('',(#2698),#581,.F.);
#2868=ADVANCED_FACE('',(#2699),#582,.T.);
#2869=ADVANCED_FACE('',(#2700),#583,.F.);
#2870=ADVANCED_FACE('',(#2701),#584,.T.);
#2871=ADVANCED_FACE('',(#2702),#585,.F.);
#2872=ADVANCED_FACE('',(#2703),#586,.T.);
#2873=ADVANCED_FACE('',(#2704),#587,.F.);
#2874=ADVANCED_FACE('',(#2705),#588,.T.);
#2875=ADVANCED_FACE('',(#2706),#589,.F.);
#2876=ADVANCED_FACE('',(#2707,#2708,#2709),#590,.F.);
#2877=ADVANCED_FACE('',(#2710,#2711),#591,.T.);
#2878=ADVANCED_FACE('',(#2712),#592,.T.);
#2879=ADVANCED_FACE('',(#2713),#593,.T.);
#2880=ADVANCED_FACE('',(#2714),#30,.T.);
#2881=ADVANCED_FACE('',(#2715),#31,.T.);
#2882=ADVANCED_FACE('',(#2716),#32,.T.);
#2883=ADVANCED_FACE('',(#2717),#33,.T.);
#2884=ADVANCED_FACE('',(#2718,#2719),#594,.T.);
#2885=ADVANCED_FACE('',(#2720),#595,.F.);
#2886=ADVANCED_FACE('',(#2721),#596,.T.);
#2887=ADVANCED_FACE('',(#2722),#597,.F.);
#2888=ADVANCED_FACE('',(#2723),#598,.F.);
#2889=ADVANCED_FACE('',(#2724),#599,.T.);
#2890=ADVANCED_FACE('',(#2725),#600,.F.);
#2891=ADVANCED_FACE('',(#2726),#601,.T.);
#2892=ADVANCED_FACE('',(#2727),#602,.F.);
#2893=ADVANCED_FACE('',(#2728),#603,.F.);
#2894=ADVANCED_FACE('',(#2729),#604,.F.);
#2895=ADVANCED_FACE('',(#2730),#605,.T.);
#2896=ADVANCED_FACE('',(#2731),#606,.F.);
#2897=CLOSED_SHELL('',(#2736,#2737,#2738,#2739,#2740,#2741,#2742,#2743,
#2744,#2745,#2746,#2747,#2748,#2749,#2750,#2751,#2752,#2753,#2754,#2755,
#2756,#2757,#2758,#2759,#2760,#2761,#2762,#2763,#2764,#2765,#2766,#2767,
#2768,#2769,#2770,#2771,#2772,#2773,#2774,#2775,#2776,#2777,#2778,#2779,
#2780,#2781,#2782,#2783,#2784,#2785,#2786,#2787,#2788,#2789,#2790,#2791,
#2792,#2793,#2794,#2795,#2796,#2797,#2798,#2799,#2800,#2801,#2802,#2803,
#2804,#2805,#2806,#2807,#2808,#2809,#2810,#2811,#2812,#2813,#2814,#2815,
#2816,#2817,#2818,#2819,#2820,#2821,#2822,#2823,#2824,#2825,#2826,#2827,
#2828,#2829,#2830,#2831,#2832,#2833,#2834,#2835,#2836,#2837,#2838,#2839,
#2840,#2841,#2842,#2843,#2844,#2845,#2846,#2847,#2848,#2849,#2850,#2851,
#2852,#2853,#2854,#2855,#2856,#2857,#2858,#2859,#2860,#2861,#2862,#2863,
#2864,#2865,#2866,#2867,#2868,#2869,#2870,#2871,#2872,#2873,#2874,#2875,
#2876,#2877,#2878,#2879,#2880,#2881,#2882,#2883,#2884,#2885,#2886,#2887,
#2888,#2889,#2890,#2891,#2892,#2893,#2894,#2895,#2896));
#2898=STYLED_ITEM('',(#2899),#2906);
#2899=PRESENTATION_STYLE_ASSIGNMENT((#2900));
#2900=SURFACE_STYLE_USAGE(.BOTH.,#2901);
#2901=SURFACE_SIDE_STYLE('',(#2902));
#2902=SURFACE_STYLE_FILL_AREA(#2903);
#2903=FILL_AREA_STYLE('',(#2904));
#2904=FILL_AREA_STYLE_COLOUR('',#2905);
#2905=COLOUR_RGB('',0.4,0.8,1.);
#2906=MANIFOLD_SOLID_BREP('Deni8A7Ev9mp',#2897);
#2907=SHAPE_DEFINITION_REPRESENTATION(#5152,#2908);
#2908=SHAPE_REPRESENTATION('Deni8A7Ev9mp',(#2909),#5147);
#2909=AXIS2_PLACEMENT_3D('',#4025,#3209,#3210);
#2910=AXIS2_PLACEMENT_3D('',#4026,#3211,#3212);
#2911=AXIS2_PLACEMENT_3D('',#4027,#3213,#3214);
#2912=AXIS2_PLACEMENT_3D('',#4029,#3215,#3216);
#2913=AXIS2_PLACEMENT_3D('',#4030,#3217,#3218);
#2914=AXIS2_PLACEMENT_3D('',#4032,#3219,#3220);
#2915=AXIS2_PLACEMENT_3D('',#4033,#3221,#3222);
#2916=AXIS2_PLACEMENT_3D('',#4035,#3223,#3224);
#2917=AXIS2_PLACEMENT_3D('',#4036,#3225,#3226);
#2918=AXIS2_PLACEMENT_3D('',#4038,#3227,#3228);
#2919=AXIS2_PLACEMENT_3D('',#4039,#3229,#3230);
#2920=AXIS2_PLACEMENT_3D('',#4041,#3231,#3232);
#2921=AXIS2_PLACEMENT_3D('',#4043,#3233,#3234);
#2922=AXIS2_PLACEMENT_3D('',#4044,#3235,#3236);
#2923=AXIS2_PLACEMENT_3D('',#4046,#3237,#3238);
#2924=AXIS2_PLACEMENT_3D('',#4061,#3239,#3240);
#2925=AXIS2_PLACEMENT_3D('',#4063,#3241,#3242);
#2926=AXIS2_PLACEMENT_3D('',#4070,#3243,#3244);
#2927=AXIS2_PLACEMENT_3D('',#4072,#3245,#3246);
#2928=AXIS2_PLACEMENT_3D('',#4074,#3247,#3248);
#2929=AXIS2_PLACEMENT_3D('',#4081,#3249,#3250);
#2930=AXIS2_PLACEMENT_3D('',#4083,#3251,#3252);
#2931=AXIS2_PLACEMENT_3D('',#4092,#3253,#3254);
#2932=AXIS2_PLACEMENT_3D('',#4094,#3255,#3256);
#2933=AXIS2_PLACEMENT_3D('',#4099,#3259,#3260);
#2934=AXIS2_PLACEMENT_3D('',#4104,#3263,#3264);
#2935=AXIS2_PLACEMENT_3D('',#4109,#3267,#3268);
#2936=AXIS2_PLACEMENT_3D('',#4110,#3269,#3270);
#2937=AXIS2_PLACEMENT_3D('',#4112,#3271,#3272);
#2938=AXIS2_PLACEMENT_3D('',#4113,#3273,#3274);
#2939=AXIS2_PLACEMENT_3D('',#4115,#3275,#3276);
#2940=AXIS2_PLACEMENT_3D('',#4116,#3277,#3278);
#2941=AXIS2_PLACEMENT_3D('',#4117,#3279,#3280);
#2942=AXIS2_PLACEMENT_3D('',#4118,#3281,#3282);
#2943=AXIS2_PLACEMENT_3D('',#4120,#3283,#3284);
#2944=AXIS2_PLACEMENT_3D('',#4121,#3285,#3286);
#2945=AXIS2_PLACEMENT_3D('',#4123,#3287,#3288);
#2946=AXIS2_PLACEMENT_3D('',#4124,#3289,#3290);
#2947=AXIS2_PLACEMENT_3D('',#4126,#3291,#3292);
#2948=AXIS2_PLACEMENT_3D('',#4127,#3293,#3294);
#2949=AXIS2_PLACEMENT_3D('',#4129,#3295,#3296);
#2950=AXIS2_PLACEMENT_3D('',#4130,#3297,#3298);
#2951=AXIS2_PLACEMENT_3D('',#4132,#3299,#3300);
#2952=AXIS2_PLACEMENT_3D('',#4134,#3301,#3302);
#2953=AXIS2_PLACEMENT_3D('',#4135,#3303,#3304);
#2954=AXIS2_PLACEMENT_3D('',#4137,#3305,#3306);
#2955=AXIS2_PLACEMENT_3D('',#4141,#3308,#3309);
#2956=AXIS2_PLACEMENT_3D('',#4145,#3311,#3312);
#2957=AXIS2_PLACEMENT_3D('',#4149,#3314,#3315);
#2958=AXIS2_PLACEMENT_3D('',#4153,#3317,#3318);
#2959=AXIS2_PLACEMENT_3D('',#4157,#3320,#3321);
#2960=AXIS2_PLACEMENT_3D('',#4161,#3323,#3324);
#2961=AXIS2_PLACEMENT_3D('',#4162,#3325,#3326);
#2962=AXIS2_PLACEMENT_3D('',#4164,#3327,#3328);
#2963=AXIS2_PLACEMENT_3D('',#4165,#3329,#3330);
#2964=AXIS2_PLACEMENT_3D('',#4167,#3331,#3332);
#2965=AXIS2_PLACEMENT_3D('',#4174,#3333,#3334);
#2966=AXIS2_PLACEMENT_3D('',#4195,#3335,#3336);
#2967=AXIS2_PLACEMENT_3D('',#4201,#3337,#3338);
#2968=AXIS2_PLACEMENT_3D('',#4203,#3339,#3340);
#2969=AXIS2_PLACEMENT_3D('',#4204,#3341,#3342);
#2970=AXIS2_PLACEMENT_3D('',#4205,#3343,#3344);
#2971=AXIS2_PLACEMENT_3D('',#4207,#3345,#3346);
#2972=AXIS2_PLACEMENT_3D('',#4208,#3347,#3348);
#2973=AXIS2_PLACEMENT_3D('',#4209,#3349,#3350);
#2974=AXIS2_PLACEMENT_3D('',#4211,#3351,#3352);
#2975=AXIS2_PLACEMENT_3D('',#4212,#3353,#3354);
#2976=AXIS2_PLACEMENT_3D('',#4214,#3355,#3356);
#2977=AXIS2_PLACEMENT_3D('',#4215,#3357,#3358);
#2978=AXIS2_PLACEMENT_3D('',#4217,#3359,#3360);
#2979=AXIS2_PLACEMENT_3D('',#4218,#3361,#3362);
#2980=AXIS2_PLACEMENT_3D('',#4220,#3363,#3364);
#2981=AXIS2_PLACEMENT_3D('',#4221,#3365,#3366);
#2982=AXIS2_PLACEMENT_3D('',#4223,#3367,#3368);
#2983=AXIS2_PLACEMENT_3D('',#4225,#3369,#3370);
#2984=AXIS2_PLACEMENT_3D('',#4226,#3371,#3372);
#2985=AXIS2_PLACEMENT_3D('',#4228,#3373,#3374);
#2986=AXIS2_PLACEMENT_3D('',#4243,#3375,#3376);
#2987=AXIS2_PLACEMENT_3D('',#4245,#3377,#3378);
#2988=AXIS2_PLACEMENT_3D('',#4252,#3379,#3380);
#2989=AXIS2_PLACEMENT_3D('',#4254,#3381,#3382);
#2990=AXIS2_PLACEMENT_3D('',#4256,#3383,#3384);
#2991=AXIS2_PLACEMENT_3D('',#4263,#3385,#3386);
#2992=AXIS2_PLACEMENT_3D('',#4265,#3387,#3388);
#2993=AXIS2_PLACEMENT_3D('',#4274,#3389,#3390);
#2994=AXIS2_PLACEMENT_3D('',#4276,#3391,#3392);
#2995=AXIS2_PLACEMENT_3D('',#4281,#3395,#3396);
#2996=AXIS2_PLACEMENT_3D('',#4286,#3399,#3400);
#2997=AXIS2_PLACEMENT_3D('',#4291,#3403,#3404);
#2998=AXIS2_PLACEMENT_3D('',#4292,#3405,#3406);
#2999=AXIS2_PLACEMENT_3D('',#4294,#3407,#3408);
#3000=AXIS2_PLACEMENT_3D('',#4295,#3409,#3410);
#3001=AXIS2_PLACEMENT_3D('',#4297,#3411,#3412);
#3002=AXIS2_PLACEMENT_3D('',#4298,#3413,#3414);
#3003=AXIS2_PLACEMENT_3D('',#4299,#3415,#3416);
#3004=AXIS2_PLACEMENT_3D('',#4300,#3417,#3418);
#3005=AXIS2_PLACEMENT_3D('',#4302,#3419,#3420);
#3006=AXIS2_PLACEMENT_3D('',#4303,#3421,#3422);
#3007=AXIS2_PLACEMENT_3D('',#4305,#3423,#3424);
#3008=AXIS2_PLACEMENT_3D('',#4306,#3425,#3426);
#3009=AXIS2_PLACEMENT_3D('',#4308,#3427,#3428);
#3010=AXIS2_PLACEMENT_3D('',#4309,#3429,#3430);
#3011=AXIS2_PLACEMENT_3D('',#4311,#3431,#3432);
#3012=AXIS2_PLACEMENT_3D('',#4312,#3433,#3434);
#3013=AXIS2_PLACEMENT_3D('',#4314,#3435,#3436);
#3014=AXIS2_PLACEMENT_3D('',#4316,#3437,#3438);
#3015=AXIS2_PLACEMENT_3D('',#4317,#3439,#3440);
#3016=AXIS2_PLACEMENT_3D('',#4319,#3441,#3442);
#3017=AXIS2_PLACEMENT_3D('',#4334,#3443,#3444);
#3018=AXIS2_PLACEMENT_3D('',#4336,#3445,#3446);
#3019=AXIS2_PLACEMENT_3D('',#4343,#3447,#3448);
#3020=AXIS2_PLACEMENT_3D('',#4345,#3449,#3450);
#3021=AXIS2_PLACEMENT_3D('',#4347,#3451,#3452);
#3022=AXIS2_PLACEMENT_3D('',#4354,#3453,#3454);
#3023=AXIS2_PLACEMENT_3D('',#4356,#3455,#3456);
#3024=AXIS2_PLACEMENT_3D('',#4365,#3457,#3458);
#3025=AXIS2_PLACEMENT_3D('',#4367,#3459,#3460);
#3026=AXIS2_PLACEMENT_3D('',#4372,#3463,#3464);
#3027=AXIS2_PLACEMENT_3D('',#4377,#3467,#3468);
#3028=AXIS2_PLACEMENT_3D('',#4382,#3471,#3472);
#3029=AXIS2_PLACEMENT_3D('',#4383,#3473,#3474);
#3030=AXIS2_PLACEMENT_3D('',#4385,#3475,#3476);
#3031=AXIS2_PLACEMENT_3D('',#4386,#3477,#3478);
#3032=AXIS2_PLACEMENT_3D('',#4388,#3479,#3480);
#3033=AXIS2_PLACEMENT_3D('',#4389,#3481,#3482);
#3034=AXIS2_PLACEMENT_3D('',#4390,#3483,#3484);
#3035=AXIS2_PLACEMENT_3D('',#4394,#3486,#3487);
#3036=AXIS2_PLACEMENT_3D('',#4409,#3488,#3489);
#3037=AXIS2_PLACEMENT_3D('',#4431,#3491,#3492);
#3038=AXIS2_PLACEMENT_3D('',#4438,#3493,#3494);
#3039=AXIS2_PLACEMENT_3D('',#4440,#3495,#3496);
#3040=AXIS2_PLACEMENT_3D('',#4452,#3497,#3498);
#3041=AXIS2_PLACEMENT_3D('',#4453,#3499,#3500);
#3042=AXIS2_PLACEMENT_3D('',#4492,#3502,#3503);
#3043=AXIS2_PLACEMENT_3D('',#4493,#3504,#3505);
#3044=AXIS2_PLACEMENT_3D('',#4521,#3507,#3508);
#3045=AXIS2_PLACEMENT_3D('',#4544,#3511,#3512);
#3046=AXIS2_PLACEMENT_3D('',#4545,#3513,#3514);
#3047=AXIS2_PLACEMENT_3D('',#4568,#3515,#3516);
#3048=AXIS2_PLACEMENT_3D('',#4569,#3517,#3518);
#3049=AXIS2_PLACEMENT_3D('',#4575,#3519,#3520);
#3050=AXIS2_PLACEMENT_3D('',#4576,#3521,#3522);
#3051=AXIS2_PLACEMENT_3D('',#4604,#3524,#3525);
#3052=AXIS2_PLACEMENT_3D('',#4606,#3527,#3528);
#3053=AXIS2_PLACEMENT_3D('',#4621,#3532,#3533);
#3054=AXIS2_PLACEMENT_3D('',#4640,#3539,#3540);
#3055=AXIS2_PLACEMENT_3D('',#4645,#3543,#3544);
#3056=AXIS2_PLACEMENT_3D('',#4669,#3549,#3550);
#3057=AXIS2_PLACEMENT_3D('',#4673,#3553,#3554);
#3058=AXIS2_PLACEMENT_3D('',#4674,#3555,#3556);
#3059=AXIS2_PLACEMENT_3D('',#4680,#3557,#3558);
#3060=AXIS2_PLACEMENT_3D('',#4684,#3561,#3562);
#3061=AXIS2_PLACEMENT_3D('',#4688,#3565,#3566);
#3062=AXIS2_PLACEMENT_3D('',#4692,#3569,#3570);
#3063=AXIS2_PLACEMENT_3D('',#4714,#3574,#3575);
#3064=AXIS2_PLACEMENT_3D('',#4718,#3578,#3579);
#3065=AXIS2_PLACEMENT_3D('',#4719,#3580,#3581);
#3066=AXIS2_PLACEMENT_3D('',#4725,#3582,#3583);
#3067=AXIS2_PLACEMENT_3D('',#4729,#3586,#3587);
#3068=AXIS2_PLACEMENT_3D('',#4733,#3590,#3591);
#3069=AXIS2_PLACEMENT_3D('',#4735,#3593,#3594);
#3070=AXIS2_PLACEMENT_3D('',#4736,#3595,#3596);
#3071=AXIS2_PLACEMENT_3D('',#4739,#3597,#3598);
#3072=AXIS2_PLACEMENT_3D('',#4741,#3599,#3600);
#3073=AXIS2_PLACEMENT_3D('',#4743,#3601,#3602);
#3074=AXIS2_PLACEMENT_3D('',#4744,#3603,#3604);
#3075=AXIS2_PLACEMENT_3D('',#4745,#3605,#3606);
#3076=AXIS2_PLACEMENT_3D('',#4750,#3609,#3610);
#3077=AXIS2_PLACEMENT_3D('',#4751,#3611,#3612);
#3078=AXIS2_PLACEMENT_3D('',#4756,#3615,#3616);
#3079=AXIS2_PLACEMENT_3D('',#4757,#3617,#3618);
#3080=AXIS2_PLACEMENT_3D('',#4758,#3619,#3620);
#3081=AXIS2_PLACEMENT_3D('',#4759,#3621,#3622);
#3082=AXIS2_PLACEMENT_3D('',#4760,#3623,#3624);
#3083=AXIS2_PLACEMENT_3D('',#4765,#3626,#3627);
#3084=AXIS2_PLACEMENT_3D('',#4768,#3629,#3630);
#3085=AXIS2_PLACEMENT_3D('',#4769,#3631,#3632);
#3086=AXIS2_PLACEMENT_3D('',#4772,#3633,#3634);
#3087=AXIS2_PLACEMENT_3D('',#4773,#3635,#3636);
#3088=AXIS2_PLACEMENT_3D('',#4774,#3637,#3638);
#3089=AXIS2_PLACEMENT_3D('',#4775,#3639,#3640);
#3090=AXIS2_PLACEMENT_3D('',#4778,#3641,#3642);
#3091=AXIS2_PLACEMENT_3D('',#4779,#3643,#3644);
#3092=AXIS2_PLACEMENT_3D('',#4780,#3645,#3646);
#3093=AXIS2_PLACEMENT_3D('',#4783,#3649,#3650);
#3094=AXIS2_PLACEMENT_3D('',#4789,#3654,#3655);
#3095=AXIS2_PLACEMENT_3D('',#4790,#3656,#3657);
#3096=AXIS2_PLACEMENT_3D('',#4795,#3660,#3661);
#3097=AXIS2_PLACEMENT_3D('',#4799,#3664,#3665);
#3098=AXIS2_PLACEMENT_3D('',#4800,#3666,#3667);
#3099=AXIS2_PLACEMENT_3D('',#4803,#3669,#3670);
#3100=AXIS2_PLACEMENT_3D('',#4805,#3672,#3673);
#3101=AXIS2_PLACEMENT_3D('',#4808,#3675,#3676);
#3102=AXIS2_PLACEMENT_3D('',#4809,#3677,#3678);
#3103=AXIS2_PLACEMENT_3D('',#4813,#3681,#3682);
#3104=AXIS2_PLACEMENT_3D('',#4814,#3683,#3684);
#3105=AXIS2_PLACEMENT_3D('',#4815,#3685,#3686);
#3106=AXIS2_PLACEMENT_3D('',#4816,#3687,#3688);
#3107=AXIS2_PLACEMENT_3D('',#4817,#3689,#3690);
#3108=AXIS2_PLACEMENT_3D('',#4819,#3691,#3692);
#3109=AXIS2_PLACEMENT_3D('',#4821,#3693,#3694);
#3110=AXIS2_PLACEMENT_3D('',#4822,#3695,#3696);
#3111=AXIS2_PLACEMENT_3D('',#4823,#3697,#3698);
#3112=AXIS2_PLACEMENT_3D('',#4825,#3699,#3700);
#3113=AXIS2_PLACEMENT_3D('',#4826,#3701,#3702);
#3114=AXIS2_PLACEMENT_3D('',#4828,#3703,#3704);
#3115=AXIS2_PLACEMENT_3D('',#4830,#3705,#3706);
#3116=AXIS2_PLACEMENT_3D('',#4831,#3707,#3708);
#3117=AXIS2_PLACEMENT_3D('',#4833,#3709,#3710);
#3118=AXIS2_PLACEMENT_3D('',#4835,#3711,#3712);
#3119=AXIS2_PLACEMENT_3D('',#4836,#3713,#3714);
#3120=AXIS2_PLACEMENT_3D('',#4837,#3715,#3716);
#3121=AXIS2_PLACEMENT_3D('',#4839,#3717,#3718);
#3122=AXIS2_PLACEMENT_3D('',#4840,#3719,#3720);
#3123=AXIS2_PLACEMENT_3D('',#4841,#3721,#3722);
#3124=AXIS2_PLACEMENT_3D('',#4843,#3723,#3724);
#3125=AXIS2_PLACEMENT_3D('',#4849,#3728,#3729);
#3126=AXIS2_PLACEMENT_3D('',#4852,#3732,#3733);
#3127=AXIS2_PLACEMENT_3D('',#4858,#3737,#3738);
#3128=AXIS2_PLACEMENT_3D('',#4867,#3743,#3744);
#3129=AXIS2_PLACEMENT_3D('',#4873,#3748,#3749);
#3130=AXIS2_PLACEMENT_3D('',#4924,#3781,#3782);
#3131=AXIS2_PLACEMENT_3D('',#4928,#3785,#3786);
#3132=AXIS2_PLACEMENT_3D('',#4984,#3820,#3821);
#3133=AXIS2_PLACEMENT_3D('',#4990,#3825,#3826);
#3134=AXIS2_PLACEMENT_3D('',#4996,#3830,#3831);
#3135=AXIS2_PLACEMENT_3D('',#4997,#3832,#3833);
#3136=AXIS2_PLACEMENT_3D('',#5001,#3835,#3836);
#3137=AXIS2_PLACEMENT_3D('',#5002,#3837,#3838);
#3138=AXIS2_PLACEMENT_3D('',#5006,#3840,#3841);
#3139=AXIS2_PLACEMENT_3D('',#5010,#3843,#3844);
#3140=AXIS2_PLACEMENT_3D('',#5011,#3845,#3846);
#3141=AXIS2_PLACEMENT_3D('',#5012,#3847,#3848);
#3142=AXIS2_PLACEMENT_3D('',#5014,#3849,#3850);
#3143=AXIS2_PLACEMENT_3D('',#5015,#3851,#3852);
#3144=AXIS2_PLACEMENT_3D('',#5017,#3853,#3854);
#3145=AXIS2_PLACEMENT_3D('',#5019,#3855,#3856);
#3146=AXIS2_PLACEMENT_3D('',#5021,#3857,#3858);
#3147=AXIS2_PLACEMENT_3D('',#5030,#3863,#3864);
#3148=AXIS2_PLACEMENT_3D('',#5036,#3868,#3869);
#3149=AXIS2_PLACEMENT_3D('',#5045,#3874,#3875);
#3150=AXIS2_PLACEMENT_3D('',#5046,#3876,#3877);
#3151=AXIS2_PLACEMENT_3D('',#5047,#3878,#3879);
#3152=AXIS2_PLACEMENT_3D('',#5048,#3880,#3881);
#3153=AXIS2_PLACEMENT_3D('',#5049,#3882,#3883);
#3154=AXIS2_PLACEMENT_3D('',#5051,#3884,#3885);
#3155=AXIS2_PLACEMENT_3D('',#5054,#3887,#3888);
#3156=AXIS2_PLACEMENT_3D('',#5055,#3889,#3890);
#3157=AXIS2_PLACEMENT_3D('',#5056,#3891,#3892);
#3158=AXIS2_PLACEMENT_3D('',#5058,#3893,#3894);
#3159=AXIS2_PLACEMENT_3D('',#5061,#3896,#3897);
#3160=AXIS2_PLACEMENT_3D('',#5062,#3898,#3899);
#3161=AXIS2_PLACEMENT_3D('',#5064,#3901,#3902);
#3162=AXIS2_PLACEMENT_3D('',#5065,#3903,#3904);
#3163=AXIS2_PLACEMENT_3D('',#5066,#3905,#3906);
#3164=AXIS2_PLACEMENT_3D('',#5067,#3907,#3908);
#3165=AXIS2_PLACEMENT_3D('',#5068,#3909,#3910);
#3166=AXIS2_PLACEMENT_3D('',#5069,#3911,#3912);
#3167=AXIS2_PLACEMENT_3D('',#5070,#3913,#3914);
#3168=AXIS2_PLACEMENT_3D('',#5074,#3917,#3918);
#3169=AXIS2_PLACEMENT_3D('',#5078,#3920,#3921);
#3170=AXIS2_PLACEMENT_3D('',#5079,#3922,#3923);
#3171=AXIS2_PLACEMENT_3D('',#5082,#3926,#3927);
#3172=AXIS2_PLACEMENT_3D('',#5084,#3929,#3930);
#3173=AXIS2_PLACEMENT_3D('',#5085,#3931,#3932);
#3174=AXIS2_PLACEMENT_3D('',#5087,#3934,#3935);
#3175=AXIS2_PLACEMENT_3D('',#5090,#3938,#3939);
#3176=AXIS2_PLACEMENT_3D('',#5092,#3941,#3942);
#3177=AXIS2_PLACEMENT_3D('',#5094,#3944,#3945);
#3178=AXIS2_PLACEMENT_3D('',#5096,#3947,#3948);
#3179=AXIS2_PLACEMENT_3D('',#5098,#3950,#3951);
#3180=AXIS2_PLACEMENT_3D('',#5100,#3953,#3954);
#3181=AXIS2_PLACEMENT_3D('',#5101,#3955,#3956);
#3182=AXIS2_PLACEMENT_3D('',#5103,#3958,#3959);
#3183=AXIS2_PLACEMENT_3D('',#5106,#3962,#3963);
#3184=AXIS2_PLACEMENT_3D('',#5108,#3965,#3966);
#3185=AXIS2_PLACEMENT_3D('',#5109,#3967,#3968);
#3186=AXIS2_PLACEMENT_3D('',#5111,#3970,#3971);
#3187=AXIS2_PLACEMENT_3D('',#5116,#3975,#3976);
#3188=AXIS2_PLACEMENT_3D('',#5117,#3977,#3978);
#3189=AXIS2_PLACEMENT_3D('',#5121,#3980,#3981);
#3190=AXIS2_PLACEMENT_3D('',#5123,#3983,#3984);
#3191=AXIS2_PLACEMENT_3D('',#5126,#3987,#3988);
#3192=AXIS2_PLACEMENT_3D('',#5129,#3991,#3992);
#3193=AXIS2_PLACEMENT_3D('',#5130,#3993,#3994);
#3194=AXIS2_PLACEMENT_3D('',#5131,#3995,#3996);
#3195=AXIS2_PLACEMENT_3D('',#5132,#3997,#3998);
#3196=AXIS2_PLACEMENT_3D('',#5133,#3999,#4000);
#3197=AXIS2_PLACEMENT_3D('',#5134,#4001,#4002);
#3198=AXIS2_PLACEMENT_3D('',#5135,#4003,#4004);
#3199=AXIS2_PLACEMENT_3D('',#5136,#4005,#4006);
#3200=AXIS2_PLACEMENT_3D('',#5137,#4007,#4008);
#3201=AXIS2_PLACEMENT_3D('',#5138,#4009,#4010);
#3202=AXIS2_PLACEMENT_3D('',#5139,#4011,#4012);
#3203=AXIS2_PLACEMENT_3D('',#5140,#4013,#4014);
#3204=AXIS2_PLACEMENT_3D('',#5141,#4015,#4016);
#3205=AXIS2_PLACEMENT_3D('',#5142,#4017,#4018);
#3206=AXIS2_PLACEMENT_3D('',#5143,#4019,#4020);
#3207=AXIS2_PLACEMENT_3D('',#5144,#4021,#4022);
#3208=AXIS2_PLACEMENT_3D('',#5145,#4023,#4024);
#3209=DIRECTION('',(0.,0.,1.));
#3210=DIRECTION('',(1.,0.,0.));
#3211=DIRECTION('',(0.,-1.,0.));
#3212=DIRECTION('',(0.,0.,-1.));
#3213=DIRECTION('',(0.,1.,0.));
#3214=DIRECTION('',(0.,0.,-1.));
#3215=DIRECTION('',(0.,-1.,0.));
#3216=DIRECTION('',(0.,0.,-1.));
#3217=DIRECTION('',(0.,-1.,0.));
#3218=DIRECTION('',(0.,0.,-1.));
#3219=DIRECTION('',(0.,-1.,0.));
#3220=DIRECTION('',(0.,0.,-1.));
#3221=DIRECTION('',(0.,-1.,0.));
#3222=DIRECTION('',(0.,0.,-1.));
#3223=DIRECTION('',(0.,-1.,0.));
#3224=DIRECTION('',(0.,0.,-1.));
#3225=DIRECTION('',(0.,1.,0.));
#3226=DIRECTION('',(1.,0.,0.));
#3227=DIRECTION('',(0.,-1.,0.));
#3228=DIRECTION('',(0.,0.,-1.));
#3229=DIRECTION('',(0.,-1.,0.));
#3230=DIRECTION('',(0.,0.,-1.));
#3231=DIRECTION('',(0.,-1.,0.));
#3232=DIRECTION('',(0.,0.,-1.));
#3233=DIRECTION('',(0.,1.,0.));
#3234=DIRECTION('',(0.,0.,1.));
#3235=DIRECTION('',(0.,1.,0.));
#3236=DIRECTION('',(0.,0.,1.));
#3237=DIRECTION('',(-1.,0.,0.));
#3238=DIRECTION('',(0.,1.,0.));
#3239=DIRECTION('',(0.,5.0532154980743E-16,-1.));
#3240=DIRECTION('',(0.,1.,0.));
#3241=DIRECTION('',(-1.,0.,2.89120579329468E-15));
#3242=DIRECTION('',(0.,0.,1.));
#3243=DIRECTION('',(1.,0.,-2.89120579329468E-15));
#3244=DIRECTION('',(0.,0.,-1.));
#3245=DIRECTION('',(0.,5.0532154980743E-16,-1.));
#3246=DIRECTION('',(0.,1.,0.));
#3247=DIRECTION('',(-1.,0.,7.22801448323669E-16));
#3248=DIRECTION('',(0.,0.,1.));
#3249=DIRECTION('',(1.,0.,-7.22801448323669E-16));
#3250=DIRECTION('',(0.,0.,-1.));
#3251=DIRECTION('',(0.,5.0532154980743E-16,-1.));
#3252=DIRECTION('',(0.,1.,0.));
#3253=DIRECTION('',(0.,1.,0.));
#3254=DIRECTION('',(0.,0.,1.));
#3255=DIRECTION('',(0.,0.,-1.));
#3256=DIRECTION('',(0.,1.,0.));
#3257=DIRECTION('',(0.,0.,-1.));
#3258=DIRECTION('',(0.,0.,1.));
#3259=DIRECTION('',(8.733850833911E-16,0.,1.));
#3260=DIRECTION('',(1.,0.,0.));
#3261=DIRECTION('',(0.,0.,-1.));
#3262=DIRECTION('',(0.,0.,-1.));
#3263=DIRECTION('',(8.733850833911E-16,0.,1.));
#3264=DIRECTION('',(1.,0.,0.));
#3265=DIRECTION('',(0.,0.,1.));
#3266=DIRECTION('',(0.,0.,1.));
#3267=DIRECTION('',(8.733850833911E-16,0.,1.));
#3268=DIRECTION('',(1.,0.,0.));
#3269=DIRECTION('',(0.,0.,1.));
#3270=DIRECTION('',(0.,1.,0.));
#3271=DIRECTION('',(0.,0.,1.));
#3272=DIRECTION('',(0.,-1.,-3.46857980700187E-17));
#3273=DIRECTION('',(0.,5.0532154980743E-16,-1.));
#3274=DIRECTION('',(0.,1.,0.));
#3275=DIRECTION('',(0.,-1.,0.));
#3276=DIRECTION('',(0.,0.,-1.));
#3277=DIRECTION('',(0.,0.,-1.));
#3278=DIRECTION('',(0.,1.,0.));
#3279=DIRECTION('',(0.,-1.,0.));
#3280=DIRECTION('',(0.,0.,-1.));
#3281=DIRECTION('',(0.,1.,0.));
#3282=DIRECTION('',(0.,0.,-1.));
#3283=DIRECTION('',(0.,-1.,0.));
#3284=DIRECTION('',(0.,0.,-1.));
#3285=DIRECTION('',(0.,-1.,0.));
#3286=DIRECTION('',(0.,0.,-1.));
#3287=DIRECTION('',(0.,-1.,0.));
#3288=DIRECTION('',(0.,0.,-1.));
#3289=DIRECTION('',(0.,-1.,0.));
#3290=DIRECTION('',(0.,0.,-1.));
#3291=DIRECTION('',(0.,-1.,0.));
#3292=DIRECTION('',(0.,0.,-1.));
#3293=DIRECTION('',(0.,1.,0.));
#3294=DIRECTION('',(1.,0.,0.));
#3295=DIRECTION('',(0.,-1.,0.));
#3296=DIRECTION('',(0.,0.,-1.));
#3297=DIRECTION('',(0.,-1.,0.));
#3298=DIRECTION('',(0.,0.,-1.));
#3299=DIRECTION('',(0.,-1.,0.));
#3300=DIRECTION('',(0.,0.,-1.));
#3301=DIRECTION('',(0.,1.,0.));
#3302=DIRECTION('',(0.,0.,1.));
#3303=DIRECTION('',(0.,1.,0.));
#3304=DIRECTION('',(0.,0.,1.));
#3305=DIRECTION('',(0.,0.,-1.));
#3306=DIRECTION('',(0.,1.,0.));
#3307=DIRECTION('',(0.,0.,-1.));
#3308=DIRECTION('',(0.,5.0532154980743E-16,-1.));
#3309=DIRECTION('',(0.,1.,0.));
#3310=DIRECTION('',(0.,0.,-1.));
#3311=DIRECTION('',(8.733850833911E-16,0.,1.));
#3312=DIRECTION('',(1.,0.,0.));
#3313=DIRECTION('',(0.,0.,1.));
#3314=DIRECTION('',(0.,5.0532154980743E-16,-1.));
#3315=DIRECTION('',(0.,1.,0.));
#3316=DIRECTION('',(0.,0.,1.));
#3317=DIRECTION('',(8.733850833911E-16,0.,1.));
#3318=DIRECTION('',(1.,0.,0.));
#3319=DIRECTION('',(0.,0.,-1.));
#3320=DIRECTION('',(0.,5.0532154980743E-16,-1.));
#3321=DIRECTION('',(0.,1.,0.));
#3322=DIRECTION('',(0.,0.,1.));
#3323=DIRECTION('',(8.733850833911E-16,0.,1.));
#3324=DIRECTION('',(1.,0.,0.));
#3325=DIRECTION('',(0.,0.,1.));
#3326=DIRECTION('',(0.,1.,0.));
#3327=DIRECTION('',(-1.,0.,0.));
#3328=DIRECTION('',(0.,1.,0.));
#3329=DIRECTION('',(1.,0.,-2.89120579329468E-15));
#3330=DIRECTION('',(0.,0.,-1.));
#3331=DIRECTION('',(-1.,0.,7.22801448323669E-16));
#3332=DIRECTION('',(0.,0.,1.));
#3333=DIRECTION('',(1.,0.,-7.22801448323669E-16));
#3334=DIRECTION('',(0.,0.,-1.));
#3335=DIRECTION('',(-1.,0.,2.89120579329468E-15));
#3336=DIRECTION('',(0.,0.,1.));
#3337=DIRECTION('',(0.,1.,0.));
#3338=DIRECTION('',(0.,0.,1.));
#3339=DIRECTION('',(0.,-1.,0.));
#3340=DIRECTION('',(0.,0.,-1.));
#3341=DIRECTION('',(0.,0.,1.));
#3342=DIRECTION('',(0.,-1.,-3.46857980700187E-17));
#3343=DIRECTION('',(0.,5.0532154980743E-16,-1.));
#3344=DIRECTION('',(0.,1.,0.));
#3345=DIRECTION('',(0.,0.,-1.));
#3346=DIRECTION('',(0.,1.,0.));
#3347=DIRECTION('',(0.,-1.,0.));
#3348=DIRECTION('',(0.,0.,-1.));
#3349=DIRECTION('',(0.,1.,0.));
#3350=DIRECTION('',(0.,0.,-1.));
#3351=DIRECTION('',(0.,-1.,0.));
#3352=DIRECTION('',(0.,0.,-1.));
#3353=DIRECTION('',(0.,-1.,0.));
#3354=DIRECTION('',(0.,0.,-1.));
#3355=DIRECTION('',(0.,-1.,0.));
#3356=DIRECTION('',(0.,0.,-1.));
#3357=DIRECTION('',(0.,-1.,0.));
#3358=DIRECTION('',(0.,0.,-1.));
#3359=DIRECTION('',(0.,-1.,0.));
#3360=DIRECTION('',(0.,0.,-1.));
#3361=DIRECTION('',(0.,1.,0.));
#3362=DIRECTION('',(1.,0.,0.));
#3363=DIRECTION('',(0.,-1.,0.));
#3364=DIRECTION('',(0.,0.,-1.));
#3365=DIRECTION('',(0.,-1.,0.));
#3366=DIRECTION('',(0.,0.,-1.));
#3367=DIRECTION('',(0.,-1.,0.));
#3368=DIRECTION('',(0.,0.,-1.));
#3369=DIRECTION('',(0.,1.,0.));
#3370=DIRECTION('',(0.,0.,1.));
#3371=DIRECTION('',(0.,1.,0.));
#3372=DIRECTION('',(0.,0.,1.));
#3373=DIRECTION('',(-1.,0.,0.));
#3374=DIRECTION('',(0.,1.,0.));
#3375=DIRECTION('',(0.,5.0532154980743E-16,-1.));
#3376=DIRECTION('',(0.,1.,0.));
#3377=DIRECTION('',(-1.,0.,2.89120579329468E-15));
#3378=DIRECTION('',(0.,0.,1.));
#3379=DIRECTION('',(1.,0.,-2.89120579329468E-15));
#3380=DIRECTION('',(0.,0.,-1.));
#3381=DIRECTION('',(0.,5.0532154980743E-16,-1.));
#3382=DIRECTION('',(0.,1.,0.));
#3383=DIRECTION('',(-1.,0.,7.22801448323669E-16));
#3384=DIRECTION('',(0.,0.,1.));
#3385=DIRECTION('',(1.,0.,-7.22801448323669E-16));
#3386=DIRECTION('',(0.,0.,-1.));
#3387=DIRECTION('',(0.,5.0532154980743E-16,-1.));
#3388=DIRECTION('',(0.,1.,0.));
#3389=DIRECTION('',(0.,1.,0.));
#3390=DIRECTION('',(0.,0.,1.));
#3391=DIRECTION('',(0.,0.,-1.));
#3392=DIRECTION('',(0.,1.,0.));
#3393=DIRECTION('',(0.,0.,-1.));
#3394=DIRECTION('',(0.,0.,1.));
#3395=DIRECTION('',(8.733850833911E-16,0.,1.));
#3396=DIRECTION('',(1.,0.,0.));
#3397=DIRECTION('',(0.,0.,-1.));
#3398=DIRECTION('',(0.,0.,-1.));
#3399=DIRECTION('',(8.733850833911E-16,0.,1.));
#3400=DIRECTION('',(1.,0.,0.));
#3401=DIRECTION('',(0.,0.,1.));
#3402=DIRECTION('',(0.,0.,1.));
#3403=DIRECTION('',(8.733850833911E-16,0.,1.));
#3404=DIRECTION('',(1.,0.,0.));
#3405=DIRECTION('',(0.,0.,1.));
#3406=DIRECTION('',(0.,1.,0.));
#3407=DIRECTION('',(0.,0.,1.));
#3408=DIRECTION('',(0.,-1.,-3.46857980700187E-17));
#3409=DIRECTION('',(0.,5.0532154980743E-16,-1.));
#3410=DIRECTION('',(0.,1.,0.));
#3411=DIRECTION('',(0.,-1.,0.));
#3412=DIRECTION('',(0.,0.,-1.));
#3413=DIRECTION('',(0.,0.,-1.));
#3414=DIRECTION('',(0.,1.,0.));
#3415=DIRECTION('',(0.,-1.,0.));
#3416=DIRECTION('',(0.,0.,-1.));
#3417=DIRECTION('',(0.,1.,0.));
#3418=DIRECTION('',(0.,0.,-1.));
#3419=DIRECTION('',(0.,-1.,0.));
#3420=DIRECTION('',(0.,0.,-1.));
#3421=DIRECTION('',(0.,-1.,0.));
#3422=DIRECTION('',(0.,0.,-1.));
#3423=DIRECTION('',(0.,-1.,0.));
#3424=DIRECTION('',(0.,0.,-1.));
#3425=DIRECTION('',(0.,-1.,0.));
#3426=DIRECTION('',(0.,0.,-1.));
#3427=DIRECTION('',(0.,-1.,0.));
#3428=DIRECTION('',(0.,0.,-1.));
#3429=DIRECTION('',(0.,1.,0.));
#3430=DIRECTION('',(1.,0.,0.));
#3431=DIRECTION('',(0.,-1.,0.));
#3432=DIRECTION('',(0.,0.,-1.));
#3433=DIRECTION('',(0.,-1.,0.));
#3434=DIRECTION('',(0.,0.,-1.));
#3435=DIRECTION('',(0.,-1.,0.));
#3436=DIRECTION('',(0.,0.,-1.));
#3437=DIRECTION('',(0.,1.,0.));
#3438=DIRECTION('',(0.,0.,1.));
#3439=DIRECTION('',(0.,1.,0.));
#3440=DIRECTION('',(0.,0.,1.));
#3441=DIRECTION('',(-1.,0.,0.));
#3442=DIRECTION('',(0.,1.,0.));
#3443=DIRECTION('',(0.,5.0532154980743E-16,-1.));
#3444=DIRECTION('',(0.,1.,0.));
#3445=DIRECTION('',(-1.,0.,2.89120579329468E-15));
#3446=DIRECTION('',(0.,0.,1.));
#3447=DIRECTION('',(1.,0.,-2.89120579329468E-15));
#3448=DIRECTION('',(0.,0.,-1.));
#3449=DIRECTION('',(0.,5.0532154980743E-16,-1.));
#3450=DIRECTION('',(0.,1.,0.));
#3451=DIRECTION('',(-1.,0.,7.22801448323669E-16));
#3452=DIRECTION('',(0.,0.,1.));
#3453=DIRECTION('',(1.,0.,-7.22801448323669E-16));
#3454=DIRECTION('',(0.,0.,-1.));
#3455=DIRECTION('',(0.,5.0532154980743E-16,-1.));
#3456=DIRECTION('',(0.,1.,0.));
#3457=DIRECTION('',(0.,1.,0.));
#3458=DIRECTION('',(0.,0.,1.));
#3459=DIRECTION('',(0.,0.,-1.));
#3460=DIRECTION('',(0.,1.,0.));
#3461=DIRECTION('',(0.,0.,-1.));
#3462=DIRECTION('',(0.,0.,1.));
#3463=DIRECTION('',(8.733850833911E-16,0.,1.));
#3464=DIRECTION('',(1.,0.,0.));
#3465=DIRECTION('',(0.,0.,-1.));
#3466=DIRECTION('',(0.,0.,-1.));
#3467=DIRECTION('',(8.733850833911E-16,0.,1.));
#3468=DIRECTION('',(1.,0.,0.));
#3469=DIRECTION('',(0.,0.,1.));
#3470=DIRECTION('',(0.,0.,1.));
#3471=DIRECTION('',(8.733850833911E-16,0.,1.));
#3472=DIRECTION('',(1.,0.,0.));
#3473=DIRECTION('',(0.,0.,1.));
#3474=DIRECTION('',(0.,1.,0.));
#3475=DIRECTION('',(0.,0.,1.));
#3476=DIRECTION('',(0.,-1.,-3.46857980700187E-17));
#3477=DIRECTION('',(0.,5.0532154980743E-16,-1.));
#3478=DIRECTION('',(0.,1.,0.));
#3479=DIRECTION('',(0.,-1.,0.));
#3480=DIRECTION('',(0.,0.,-1.));
#3481=DIRECTION('',(0.,0.,-1.));
#3482=DIRECTION('',(0.,1.,0.));
#3483=DIRECTION('',(0.,-1.,0.));
#3484=DIRECTION('',(1.,0.,0.));
#3485=DIRECTION('',(-7.36472857296897E-15,0.,1.));
#3486=DIRECTION('',(0.,-1.,0.));
#3487=DIRECTION('',(-1.,0.,0.));
#3488=DIRECTION('',(0.,-1.,0.));
#3489=DIRECTION('',(-1.,0.,0.));
#3490=DIRECTION('',(0.,0.,-1.));
#3491=DIRECTION('',(0.,-1.,0.));
#3492=DIRECTION('',(-1.,0.,0.));
#3493=DIRECTION('',(0.,-1.,0.));
#3494=DIRECTION('',(-1.,0.,0.));
#3495=DIRECTION('',(0.,-1.,0.));
#3496=DIRECTION('',(-1.,0.,0.));
#3497=DIRECTION('',(0.,-1.,0.));
#3498=DIRECTION('',(-0.350932806665856,0.,-0.936400643531189));
#3499=DIRECTION('',(0.,-1.,0.));
#3500=DIRECTION('',(-1.,0.,0.));
#3501=DIRECTION('',(0.,-1.,0.));
#3502=DIRECTION('',(0.,-1.,0.));
#3503=DIRECTION('',(-0.528433264153099,0.,-0.84897484375952));
#3504=DIRECTION('',(0.,-1.,0.));
#3505=DIRECTION('',(-1.,0.,0.));
#3506=DIRECTION('',(0.,-1.,0.));
#3507=DIRECTION('',(-1.,0.,0.));
#3508=DIRECTION('',(0.,-1.,0.));
#3509=DIRECTION('',(0.,0.,-1.));
#3510=DIRECTION('',(0.,-1.,0.));
#3511=DIRECTION('',(0.,-1.,0.));
#3512=DIRECTION('',(-0.986307189087792,0.,0.164918551878609));
#3513=DIRECTION('',(0.,-1.,0.));
#3514=DIRECTION('',(-1.,0.,0.));
#3515=DIRECTION('',(0.,-1.,0.));
#3516=DIRECTION('',(0.479355219926722,0.,0.877620973501092));
#3517=DIRECTION('',(0.,-1.,0.));
#3518=DIRECTION('',(-1.,0.,0.));
#3519=DIRECTION('',(0.,-1.,0.));
#3520=DIRECTION('',(0.695175045823561,0.,0.718840493895698));
#3521=DIRECTION('',(0.,-1.,0.));
#3522=DIRECTION('',(-1.,0.,0.));
#3523=DIRECTION('',(0.,-1.,0.));
#3524=DIRECTION('',(1.,0.,7.36472857296897E-15));
#3525=DIRECTION('',(-7.36563587899752E-15,0.,1.));
#3526=DIRECTION('',(-7.36472857296897E-15,0.,1.));
#3527=DIRECTION('',(0.,-1.,0.));
#3528=DIRECTION('',(1.,0.,0.));
#3529=DIRECTION('',(5.42101086242752E-15,0.,-1.));
#3530=DIRECTION('',(1.,0.,0.));
#3531=DIRECTION('',(1.,0.,0.));
#3532=DIRECTION('',(0.,-1.,0.));
#3533=DIRECTION('',(-1.,0.,0.));
#3534=DIRECTION('',(0.539152105737831,0.,-0.842208410595894));
#3535=DIRECTION('',(1.,0.,0.));
#3536=DIRECTION('',(-5.42101086242752E-15,0.,1.));
#3537=DIRECTION('',(-1.,0.,0.));
#3538=DIRECTION('',(-1.,0.,0.));
#3539=DIRECTION('',(0.,-1.,0.));
#3540=DIRECTION('',(-1.,0.,0.));
#3541=DIRECTION('',(-0.542882746171558,0.,0.839808504308707));
#3542=DIRECTION('',(-1.,0.,0.));
#3543=DIRECTION('',(0.,0.,-1.));
#3544=DIRECTION('',(1.,0.,0.));
#3545=DIRECTION('',(1.,0.,0.));
#3546=DIRECTION('',(0.,-1.,0.));
#3547=DIRECTION('',(0.,-1.,0.));
#3548=DIRECTION('',(0.,-1.,0.));
#3549=DIRECTION('',(0.,0.,-1.));
#3550=DIRECTION('',(1.,0.,0.));
#3551=DIRECTION('',(1.,0.,0.));
#3552=DIRECTION('',(0.,-1.,0.));
#3553=DIRECTION('',(0.,-1.,0.));
#3554=DIRECTION('',(0.863872495246829,0.,0.503710543820574));
#3555=DIRECTION('',(0.,-1.,0.));
#3556=DIRECTION('',(-1.,0.,0.));
#3557=DIRECTION('',(-0.842208410595894,0.,-0.539152105737831));
#3558=DIRECTION('',(0.539152105737831,0.,-0.842208410595894));
#3559=DIRECTION('',(0.539152105737831,0.,-0.842208410595894));
#3560=DIRECTION('',(0.,-1.,0.));
#3561=DIRECTION('',(0.,0.,-1.));
#3562=DIRECTION('',(1.,0.,0.));
#3563=DIRECTION('',(1.,0.,0.));
#3564=DIRECTION('',(0.,-1.,0.));
#3565=DIRECTION('',(1.,0.,5.42101086242752E-15));
#3566=DIRECTION('',(-5.41927613895155E-15,0.,1.));
#3567=DIRECTION('',(-5.42101086242752E-15,0.,1.));
#3568=DIRECTION('',(0.,-1.,0.));
#3569=DIRECTION('',(0.,0.,1.));
#3570=DIRECTION('',(-1.,0.,0.));
#3571=DIRECTION('',(-1.,0.,0.));
#3572=DIRECTION('',(0.,-1.,0.));
#3573=DIRECTION('',(0.,-1.,0.));
#3574=DIRECTION('',(0.,0.,1.));
#3575=DIRECTION('',(0.,-1.,0.));
#3576=DIRECTION('',(-1.,0.,0.));
#3577=DIRECTION('',(0.,-1.,0.));
#3578=DIRECTION('',(0.,-1.,0.));
#3579=DIRECTION('',(-0.886411455611364,0.,-0.462898186819676));
#3580=DIRECTION('',(0.,-1.,0.));
#3581=DIRECTION('',(-1.,0.,0.));
#3582=DIRECTION('',(0.839808504308707,0.,0.542882746171558));
#3583=DIRECTION('',(-0.542882746171558,0.,0.839808504308707));
#3584=DIRECTION('',(-0.542882746171558,0.,0.839808504308707));
#3585=DIRECTION('',(0.,-1.,0.));
#3586=DIRECTION('',(0.,0.,1.));
#3587=DIRECTION('',(-1.,0.,0.));
#3588=DIRECTION('',(-1.,0.,0.));
#3589=DIRECTION('',(0.,-1.,0.));
#3590=DIRECTION('',(-1.,0.,-5.42101086242752E-15));
#3591=DIRECTION('',(5.41927613895155E-15,0.,-1.));
#3592=DIRECTION('',(5.42101086242752E-15,0.,-1.));
#3593=DIRECTION('',(0.,-1.,0.));
#3594=DIRECTION('',(1.,0.,0.));
#3595=DIRECTION('',(1.,0.,0.));
#3596=DIRECTION('',(0.,1.,0.));
#3597=DIRECTION('',(0.,1.,0.));
#3598=DIRECTION('',(1.,0.,0.));
#3599=DIRECTION('',(1.,0.,0.));
#3600=DIRECTION('',(0.,1.,0.));
#3601=DIRECTION('',(0.,-1.,0.));
#3602=DIRECTION('',(1.,0.,0.));
#3603=DIRECTION('',(-1.,0.,0.));
#3604=DIRECTION('',(0.,-1.,0.));
#3605=DIRECTION('',(1.,0.,0.));
#3606=DIRECTION('',(0.,1.,0.));
#3607=DIRECTION('',(-1.,0.,0.));
#3608=DIRECTION('',(1.,0.,0.));
#3609=DIRECTION('',(1.,0.,0.));
#3610=DIRECTION('',(0.,1.,0.));
#3611=DIRECTION('',(1.,0.,0.));
#3612=DIRECTION('',(0.,1.,0.));
#3613=DIRECTION('',(-1.,0.,0.));
#3614=DIRECTION('',(1.,0.,0.));
#3615=DIRECTION('',(0.,-1.,0.));
#3616=DIRECTION('',(1.,0.,0.));
#3617=DIRECTION('',(0.,1.,0.));
#3618=DIRECTION('',(1.,0.,0.));
#3619=DIRECTION('',(0.,-1.,0.));
#3620=DIRECTION('',(1.,0.,0.));
#3621=DIRECTION('',(1.,0.,1.44560289664734E-16));
#3622=DIRECTION('',(0.,0.,1.));
#3623=DIRECTION('',(-1.,0.,0.));
#3624=DIRECTION('',(0.,-1.,0.));
#3625=DIRECTION('',(1.,0.,1.44560289664734E-16));
#3626=DIRECTION('',(1.,0.,0.));
#3627=DIRECTION('',(0.,1.,0.));
#3628=DIRECTION('',(-1.,0.,-1.44560289664734E-16));
#3629=DIRECTION('',(0.,-1.,0.));
#3630=DIRECTION('',(1.,0.,0.));
#3631=DIRECTION('',(-1.,0.,0.));
#3632=DIRECTION('',(0.,-1.,0.));
#3633=DIRECTION('',(0.,-1.,0.));
#3634=DIRECTION('',(1.,0.,0.));
#3635=DIRECTION('',(0.,1.,0.));
#3636=DIRECTION('',(1.,0.,0.));
#3637=DIRECTION('',(0.,-1.,0.));
#3638=DIRECTION('',(1.,0.,0.));
#3639=DIRECTION('',(1.,0.,0.));
#3640=DIRECTION('',(0.,1.,0.));
#3641=DIRECTION('',(0.,1.,0.));
#3642=DIRECTION('',(1.,0.,0.));
#3643=DIRECTION('',(0.,-1.,0.));
#3644=DIRECTION('',(1.,0.,0.));
#3645=DIRECTION('',(-1.,0.,1.44560289664734E-16));
#3646=DIRECTION('',(0.,0.,-1.));
#3647=DIRECTION('',(-1.,0.,1.44560289664734E-16));
#3648=DIRECTION('',(1.,0.,-1.44560289664734E-16));
#3649=DIRECTION('',(0.,0.,1.));
#3650=DIRECTION('',(0.,-1.,0.));
#3651=DIRECTION('',(0.,1.,0.));
#3652=DIRECTION('',(-1.,0.,0.));
#3653=DIRECTION('',(0.,1.,0.));
#3654=DIRECTION('',(0.,1.,0.));
#3655=DIRECTION('',(-1.,0.,0.));
#3656=DIRECTION('',(0.,1.,0.));
#3657=DIRECTION('',(-1.,0.,0.));
#3658=DIRECTION('',(0.,1.,0.));
#3659=DIRECTION('',(0.,1.,0.));
#3660=DIRECTION('',(0.,0.,1.));
#3661=DIRECTION('',(-1.,0.,0.));
#3662=DIRECTION('',(-1.,0.,1.44560289664734E-16));
#3663=DIRECTION('',(0.,1.,0.));
#3664=DIRECTION('',(0.,1.,0.));
#3665=DIRECTION('',(-1.,0.,0.));
#3666=DIRECTION('',(0.,1.,0.));
#3667=DIRECTION('',(-1.,0.,0.));
#3668=DIRECTION('',(0.,1.,0.));
#3669=DIRECTION('',(0.,0.,-1.));
#3670=DIRECTION('',(1.,0.,0.));
#3671=DIRECTION('',(1.,0.,1.44560289664734E-16));
#3672=DIRECTION('',(0.,1.,0.));
#3673=DIRECTION('',(-1.,0.,0.));
#3674=DIRECTION('',(0.,1.,0.));
#3675=DIRECTION('',(0.,1.,0.));
#3676=DIRECTION('',(-1.,0.,0.));
#3677=DIRECTION('',(0.,0.,-1.));
#3678=DIRECTION('',(0.,1.,0.));
#3679=DIRECTION('',(0.,1.,0.));
#3680=DIRECTION('',(1.,0.,0.));
#3681=DIRECTION('',(0.,1.,0.));
#3682=DIRECTION('',(-1.,0.,0.));
#3683=DIRECTION('',(0.,1.,0.));
#3684=DIRECTION('',(-1.,0.,0.));
#3685=DIRECTION('',(0.,-1.,0.));
#3686=DIRECTION('',(1.,0.,0.));
#3687=DIRECTION('',(0.,-1.,0.));
#3688=DIRECTION('',(1.,4.50735125922118E-17,0.));
#3689=DIRECTION('',(0.,1.,0.));
#3690=DIRECTION('',(-1.,0.,0.));
#3691=DIRECTION('',(0.,-1.,0.));
#3692=DIRECTION('',(-1.,0.,0.));
#3693=DIRECTION('',(0.,1.,0.));
#3694=DIRECTION('',(-1.,0.,0.));
#3695=DIRECTION('',(0.,-1.,0.));
#3696=DIRECTION('',(1.,0.,0.));
#3697=DIRECTION('',(0.,1.,0.));
#3698=DIRECTION('',(-1.,0.,0.));
#3699=DIRECTION('',(0.,0.,1.));
#3700=DIRECTION('',(0.,-1.,3.20715378059969E-17));
#3701=DIRECTION('',(0.,0.,-1.));
#3702=DIRECTION('',(0.,1.,0.));
#3703=DIRECTION('',(0.,0.,1.));
#3704=DIRECTION('',(0.,1.,0.));
#3705=DIRECTION('',(0.,0.,1.));
#3706=DIRECTION('',(0.,-1.,3.20715378059969E-17));
#3707=DIRECTION('',(0.,0.,-1.));
#3708=DIRECTION('',(0.,1.,0.));
#3709=DIRECTION('',(0.,0.,1.));
#3710=DIRECTION('',(0.,1.,0.));
#3711=DIRECTION('',(0.,0.,-1.));
#3712=DIRECTION('',(0.,1.,0.));
#3713=DIRECTION('',(0.,0.,1.));
#3714=DIRECTION('',(0.,-1.,0.));
#3715=DIRECTION('',(0.,0.,-1.));
#3716=DIRECTION('',(0.,-1.,0.));
#3717=DIRECTION('',(0.,0.,-1.));
#3718=DIRECTION('',(0.,1.,0.));
#3719=DIRECTION('',(0.,0.,1.));
#3720=DIRECTION('',(0.,-1.,0.));
#3721=DIRECTION('',(0.,0.,-1.));
#3722=DIRECTION('',(0.,-1.,0.));
#3723=DIRECTION('',(0.,1.,0.));
#3724=DIRECTION('',(-1.,0.,0.));
#3725=DIRECTION('',(-1.,0.,8.733850833911E-16));
#3726=DIRECTION('',(7.22801448323669E-16,0.,1.));
#3727=DIRECTION('',(1.,0.,-1.02999206386123E-15));
#3728=DIRECTION('',(-1.,0.,7.22801448323669E-16));
#3729=DIRECTION('',(-7.21644966006352E-16,0.,-1.));
#3730=DIRECTION('',(0.,1.,0.));
#3731=DIRECTION('',(0.,1.,0.));
#3732=DIRECTION('',(1.,0.,-2.89120579329468E-15));
#3733=DIRECTION('',(2.89351875792931E-15,0.,1.));
#3734=DIRECTION('',(0.,1.,0.));
#3735=DIRECTION('',(-2.89120579329468E-15,0.,-1.));
#3736=DIRECTION('',(0.,1.,0.));
#3737=DIRECTION('',(0.,1.,0.));
#3738=DIRECTION('',(-1.,0.,0.));
#3739=DIRECTION('',(1.57702134179711E-15,0.,1.));
#3740=DIRECTION('',(1.,0.,-8.733850833911E-16));
#3741=DIRECTION('',(0.,0.,-1.));
#3742=DIRECTION('',(-1.,0.,0.));
#3743=DIRECTION('',(1.,0.,0.));
#3744=DIRECTION('',(0.,1.,0.));
#3745=DIRECTION('',(0.,0.,-1.));
#3746=DIRECTION('',(0.,1.,0.));
#3747=DIRECTION('',(0.,1.,0.));
#3748=DIRECTION('',(0.,0.,1.));
#3749=DIRECTION('',(-1.,0.,0.));
#3750=DIRECTION('',(0.,1.,0.));
#3751=DIRECTION('',(0.,1.,0.));
#3752=DIRECTION('',(-1.,0.,8.733850833911E-16));
#3753=DIRECTION('',(-1.,0.,8.733850833911E-16));
#3754=DIRECTION('',(0.,1.,0.));
#3755=DIRECTION('',(0.,1.,0.));
#3756=DIRECTION('',(1.,0.,-8.733850833911E-16));
#3757=DIRECTION('',(0.,1.,0.));
#3758=DIRECTION('',(0.,1.,0.));
#3759=DIRECTION('',(-1.,0.,8.733850833911E-16));
#3760=DIRECTION('',(-1.,0.,8.733850833911E-16));
#3761=DIRECTION('',(0.,1.,0.));
#3762=DIRECTION('',(0.,1.,0.));
#3763=DIRECTION('',(1.,0.,-8.733850833911E-16));
#3764=DIRECTION('',(0.,1.,0.));
#3765=DIRECTION('',(1.,0.,-8.733850833911E-16));
#3766=DIRECTION('',(0.,1.,0.));
#3767=DIRECTION('',(-1.,0.,8.733850833911E-16));
#3768=DIRECTION('',(0.,1.,0.));
#3769=DIRECTION('',(1.,0.,-8.733850833911E-16));
#3770=DIRECTION('',(0.,1.,0.));
#3771=DIRECTION('',(0.,1.,0.));
#3772=DIRECTION('',(-1.,0.,8.733850833911E-16));
#3773=DIRECTION('',(-1.,0.,8.733850833911E-16));
#3774=DIRECTION('',(0.,1.,0.));
#3775=DIRECTION('',(0.,1.,0.));
#3776=DIRECTION('',(1.,0.,-8.733850833911E-16));
#3777=DIRECTION('',(0.,1.,0.));
#3778=DIRECTION('',(-1.,0.,8.733850833911E-16));
#3779=DIRECTION('',(0.,1.,0.));
#3780=DIRECTION('',(1.,0.,-8.733850833911E-16));
#3781=DIRECTION('',(-1.,0.,1.57702134179711E-15));
#3782=DIRECTION('',(-1.57512891618694E-15,0.,-1.));
#3783=DIRECTION('',(1.57702134179711E-15,0.,1.));
#3784=DIRECTION('',(0.,1.,0.));
#3785=DIRECTION('',(0.,0.,1.));
#3786=DIRECTION('',(-1.,0.,0.));
#3787=DIRECTION('',(1.,0.,-1.02999206386123E-15));
#3788=DIRECTION('',(0.,1.,0.));
#3789=DIRECTION('',(0.,1.,0.));
#3790=DIRECTION('',(1.,0.,-1.02999206386123E-15));
#3791=DIRECTION('',(0.,1.,0.));
#3792=DIRECTION('',(1.,0.,-1.02999206386123E-15));
#3793=DIRECTION('',(0.,1.,0.));
#3794=DIRECTION('',(1.,0.,-1.02999206386123E-15));
#3795=DIRECTION('',(0.,1.,0.));
#3796=DIRECTION('',(0.,1.,0.));
#3797=DIRECTION('',(1.,0.,-1.02999206386123E-15));
#3798=DIRECTION('',(1.,0.,-1.02999206386123E-15));
#3799=DIRECTION('',(0.,1.,0.));
#3800=DIRECTION('',(0.,1.,0.));
#3801=DIRECTION('',(1.,0.,-1.02999206386123E-15));
#3802=DIRECTION('',(0.,1.,0.));
#3803=DIRECTION('',(1.,0.,-1.02999206386123E-15));
#3804=DIRECTION('',(0.,1.,0.));
#3805=DIRECTION('',(1.,0.,-1.02999206386123E-15));
#3806=DIRECTION('',(0.,1.,0.));
#3807=DIRECTION('',(1.,0.,-1.02999206386123E-15));
#3808=DIRECTION('',(0.,1.,0.));
#3809=DIRECTION('',(1.,0.,-1.02999206386123E-15));
#3810=DIRECTION('',(0.,1.,0.));
#3811=DIRECTION('',(0.,1.,0.));
#3812=DIRECTION('',(1.,0.,-1.02999206386123E-15));
#3813=DIRECTION('',(1.,0.,-1.02999206386123E-15));
#3814=DIRECTION('',(0.,1.,0.));
#3815=DIRECTION('',(0.,1.,0.));
#3816=DIRECTION('',(1.,0.,-1.02999206386123E-15));
#3817=DIRECTION('',(0.,1.,0.));
#3818=DIRECTION('',(0.,1.,0.));
#3819=DIRECTION('',(1.,0.,-1.02999206386123E-15));
#3820=DIRECTION('',(1.,0.,-1.15648231731787E-15));
#3821=DIRECTION('',(1.15879528195251E-15,0.,1.));
#3822=DIRECTION('',(-1.15648231731787E-15,0.,-1.));
#3823=DIRECTION('',(-1.15648231731787E-15,0.,-1.));
#3824=DIRECTION('',(0.,0.999958881696211,-0.00906834697517512));
#3825=DIRECTION('',(-1.,0.,0.));
#3826=DIRECTION('',(0.,-1.,0.));
#3827=DIRECTION('',(0.,0.,1.));
#3828=DIRECTION('',(0.,0.,1.));
#3829=DIRECTION('',(0.,-0.999958881696212,0.00906834697512427));
#3830=DIRECTION('',(0.,-1.,0.));
#3831=DIRECTION('',(1.,0.,0.));
#3832=DIRECTION('',(0.,1.,0.));
#3833=DIRECTION('',(1.,0.,0.));
#3834=DIRECTION('',(-1.,0.,0.));
#3835=DIRECTION('',(0.,1.,0.));
#3836=DIRECTION('',(1.,0.,0.));
#3837=DIRECTION('',(0.,1.,0.));
#3838=DIRECTION('',(-1.,0.,0.));
#3839=DIRECTION('',(1.,-1.42190448850558E-16,0.));
#3840=DIRECTION('',(-1.42190448850558E-16,-1.,0.));
#3841=DIRECTION('',(-1.,0.,0.));
#3842=DIRECTION('',(1.,-1.42190448850558E-16,1.24087724822747E-18));
#3843=DIRECTION('',(-1.42190448850558E-16,-1.,0.));
#3844=DIRECTION('',(-1.,0.,0.));
#3845=DIRECTION('',(0.,1.,0.));
#3846=DIRECTION('',(-1.,0.,0.));
#3847=DIRECTION('',(0.,1.,0.));
#3848=DIRECTION('',(-1.,0.,0.));
#3849=DIRECTION('',(0.,-1.,0.));
#3850=DIRECTION('',(1.,0.,0.));
#3851=DIRECTION('',(0.,1.,0.));
#3852=DIRECTION('',(-1.,0.,0.));
#3853=DIRECTION('',(0.,1.,0.));
#3854=DIRECTION('',(-1.,0.,0.));
#3855=DIRECTION('',(0.,1.,0.));
#3856=DIRECTION('',(-1.,0.,0.));
#3857=DIRECTION('',(0.999961923064171,-0.00872653549837393,0.));
#3858=DIRECTION('',(0.00872653549837393,0.999961923064171,0.));
#3859=DIRECTION('',(0.,0.,-1.));
#3860=DIRECTION('',(-0.00872653549837393,-0.999961923064171,0.));
#3861=DIRECTION('',(0.,0.,-1.));
#3862=DIRECTION('',(0.00872653549837393,0.999961923064171,0.));
#3863=DIRECTION('',(0.,-0.00872653549837393,0.999961923064171));
#3864=DIRECTION('',(0.,-0.999961923064171,-0.00872653549837394));
#3865=DIRECTION('',(0.,-0.999961923064171,-0.00872653549837393));
#3866=DIRECTION('',(1.,0.,0.));
#3867=DIRECTION('',(0.,0.999961923064171,0.00872653549837393));
#3868=DIRECTION('',(-0.999961923064171,-0.00872653549837393,0.));
#3869=DIRECTION('',(0.00872653549837393,-0.999961923064171,0.));
#3870=DIRECTION('',(0.,0.,1.));
#3871=DIRECTION('',(0.00872653549837393,-0.999961923064171,0.));
#3872=DIRECTION('',(0.,0.,1.));
#3873=DIRECTION('',(-0.00872653549837393,0.999961923064171,0.));
#3874=DIRECTION('',(0.,1.,0.));
#3875=DIRECTION('',(-1.,0.,0.));
#3876=DIRECTION('',(0.,1.,0.));
#3877=DIRECTION('',(-1.,0.,0.));
#3878=DIRECTION('',(0.,1.,0.));
#3879=DIRECTION('',(-1.,0.,0.));
#3880=DIRECTION('',(0.,1.,0.));
#3881=DIRECTION('',(1.,-4.47598658691791E-15,0.));
#3882=DIRECTION('',(0.,1.,0.));
#3883=DIRECTION('',(1.,0.,0.));
#3884=DIRECTION('',(0.,-1.,0.));
#3885=DIRECTION('',(1.,0.,0.));
#3886=DIRECTION('',(0.,-0.999961923064171,0.00872653549837393));
#3887=DIRECTION('',(-1.18270705587961E-11,1.23102786443975E-13,-1.));
#3888=DIRECTION('',(0.999946025644827,-0.0103896966806319,-1.18277111992371E-11));
#3889=DIRECTION('',(0.,1.,0.));
#3890=DIRECTION('',(1.,-4.47598658691791E-15,0.));
#3891=DIRECTION('',(0.,1.,0.));
#3892=DIRECTION('',(1.,0.,0.));
#3893=DIRECTION('',(1.18603754454889E-11,1.23449442391774E-13,-1.));
#3894=DIRECTION('',(-0.999945644678121,-0.0104262979650813,-1.18610178879027E-11));
#3895=DIRECTION('',(0.,0.999961923064171,-0.00872653549837393));
#3896=DIRECTION('',(0.,-1.,0.));
#3897=DIRECTION('',(1.,0.,0.));
#3898=DIRECTION('',(0.,-0.00872653549837393,-0.999961923064171));
#3899=DIRECTION('',(0.,0.999961923064171,-0.00872653549837394));
#3900=DIRECTION('',(-1.,0.,0.));
#3901=DIRECTION('',(0.,1.,0.));
#3902=DIRECTION('',(1.,-4.47598658691791E-15,0.));
#3903=DIRECTION('',(0.,1.,0.));
#3904=DIRECTION('',(1.,0.,0.));
#3905=DIRECTION('',(0.,-1.,0.));
#3906=DIRECTION('',(1.,0.,0.));
#3907=DIRECTION('',(0.,1.,0.));
#3908=DIRECTION('',(1.,-4.47598658691791E-15,0.));
#3909=DIRECTION('',(0.,1.,0.));
#3910=DIRECTION('',(1.,0.,0.));
#3911=DIRECTION('',(0.,-1.,0.));
#3912=DIRECTION('',(1.,0.,0.));
#3913=DIRECTION('',(0.,1.,0.));
#3914=DIRECTION('',(-1.,0.,0.));
#3915=DIRECTION('',(7.22801448323669E-16,0.,1.));
#3916=DIRECTION('',(-1.,1.09202264717229E-16,0.));
#3917=DIRECTION('',(0.,1.,0.));
#3918=DIRECTION('',(-1.,0.,0.));
#3919=DIRECTION('',(0.,0.,-1.));
#3920=DIRECTION('',(0.,1.,0.));
#3921=DIRECTION('',(-1.,0.,0.));
#3922=DIRECTION('',(0.,1.,0.));
#3923=DIRECTION('',(-1.,0.,0.));
#3924=DIRECTION('',(7.22801448323669E-16,0.,1.));
#3925=DIRECTION('',(-2.89120579329468E-15,0.,-1.));
#3926=DIRECTION('',(-1.,0.,7.22801448323669E-16));
#3927=DIRECTION('',(-7.21644966006352E-16,0.,-1.));
#3928=DIRECTION('',(7.22801448323669E-16,0.,1.));
#3929=DIRECTION('',(0.,1.,0.));
#3930=DIRECTION('',(-1.,0.,0.));
#3931=DIRECTION('',(1.,0.,-2.89120579329468E-15));
#3932=DIRECTION('',(2.89351875792931E-15,0.,1.));
#3933=DIRECTION('',(-2.89120579329468E-15,0.,-1.));
#3934=DIRECTION('',(0.,1.,0.));
#3935=DIRECTION('',(-1.,0.,0.));
#3936=DIRECTION('',(7.22801448323669E-16,0.,1.));
#3937=DIRECTION('',(-2.89120579329468E-15,0.,-1.));
#3938=DIRECTION('',(-1.,0.,7.22801448323669E-16));
#3939=DIRECTION('',(-7.21644966006352E-16,0.,-1.));
#3940=DIRECTION('',(7.22801448323669E-16,0.,1.));
#3941=DIRECTION('',(0.,1.,0.));
#3942=DIRECTION('',(-1.,0.,0.));
#3943=DIRECTION('',(-2.89120579329468E-15,0.,-1.));
#3944=DIRECTION('',(1.,0.,-2.89120579329468E-15));
#3945=DIRECTION('',(2.89351875792931E-15,0.,1.));
#3946=DIRECTION('',(-2.89120579329468E-15,0.,-1.));
#3947=DIRECTION('',(0.,1.,0.));
#3948=DIRECTION('',(-1.,0.,0.));
#3949=DIRECTION('',(7.22801448323669E-16,0.,1.));
#3950=DIRECTION('',(-1.,0.,7.22801448323669E-16));
#3951=DIRECTION('',(-7.21644966006352E-16,0.,-1.));
#3952=DIRECTION('',(7.22801448323669E-16,0.,1.));
#3953=DIRECTION('',(0.,1.,0.));
#3954=DIRECTION('',(-1.,0.,0.));
#3955=DIRECTION('',(1.,0.,-2.89120579329468E-15));
#3956=DIRECTION('',(2.89351875792931E-15,0.,1.));
#3957=DIRECTION('',(-2.89120579329468E-15,0.,-1.));
#3958=DIRECTION('',(0.,1.,0.));
#3959=DIRECTION('',(-1.,0.,0.));
#3960=DIRECTION('',(7.22801448323669E-16,0.,1.));
#3961=DIRECTION('',(-2.89120579329468E-15,0.,-1.));
#3962=DIRECTION('',(-1.,0.,7.22801448323669E-16));
#3963=DIRECTION('',(-7.21644966006352E-16,0.,-1.));
#3964=DIRECTION('',(7.22801448323669E-16,0.,1.));
#3965=DIRECTION('',(0.,1.,0.));
#3966=DIRECTION('',(-1.,0.,0.));
#3967=DIRECTION('',(1.,0.,-2.89120579329468E-15));
#3968=DIRECTION('',(2.89351875792931E-15,0.,1.));
#3969=DIRECTION('',(-2.89120579329468E-15,0.,-1.));
#3970=DIRECTION('',(0.,0.,1.));
#3971=DIRECTION('',(0.,-1.,0.));
#3972=DIRECTION('',(-1.,1.09202264717229E-16,0.));
#3973=DIRECTION('',(0.0103994973104529,-0.999945923765725,0.));
#3974=DIRECTION('',(0.010399497310444,0.999945923765726,0.));
#3975=DIRECTION('',(0.,1.,0.));
#3976=DIRECTION('',(-1.,0.,0.));
#3977=DIRECTION('',(0.,1.,0.));
#3978=DIRECTION('',(-1.,0.,0.));
#3979=DIRECTION('',(0.,0.,1.));
#3980=DIRECTION('',(0.,1.,0.));
#3981=DIRECTION('',(-1.,0.,0.));
#3982=DIRECTION('',(-2.89120579329468E-15,0.,-1.));
#3983=DIRECTION('',(0.999961923064171,0.00872653549837393,0.));
#3984=DIRECTION('',(-0.00872653549837393,0.999961923064171,0.));
#3985=DIRECTION('',(0.00872653549837393,-0.999961923064171,0.));
#3986=DIRECTION('',(-0.00872653549837393,0.999961923064171,0.));
#3987=DIRECTION('',(-0.999961923064171,0.00872653549837393,0.));
#3988=DIRECTION('',(-0.00872653549837393,-0.999961923064171,0.));
#3989=DIRECTION('',(-0.00872653549837393,-0.999961923064171,0.));
#3990=DIRECTION('',(0.00872653549837393,0.999961923064171,0.));
#3991=DIRECTION('',(0.,-1.,0.));
#3992=DIRECTION('',(-1.,8.91516977146612E-16,0.));
#3993=DIRECTION('',(0.,-1.,0.));
#3994=DIRECTION('',(-1.,8.91516977146612E-16,0.));
#3995=DIRECTION('',(0.,-1.,0.));
#3996=DIRECTION('',(-1.,8.91516977146612E-16,0.));
#3997=DIRECTION('',(0.,-1.,0.));
#3998=DIRECTION('',(-1.,8.91516977146612E-16,0.));
#3999=DIRECTION('',(0.,-1.,0.));
#4000=DIRECTION('',(1.,0.,0.));
#4001=DIRECTION('',(-1.,0.,7.22801448323669E-16));
#4002=DIRECTION('',(-7.21644966006352E-16,0.,-1.));
#4003=DIRECTION('',(0.,1.,0.));
#4004=DIRECTION('',(-1.,0.,0.));
#4005=DIRECTION('',(1.,0.,-2.89120579329468E-15));
#4006=DIRECTION('',(2.89351875792931E-15,0.,1.));
#4007=DIRECTION('',(-1.,0.,7.22801448323669E-16));
#4008=DIRECTION('',(-7.21644966006352E-16,0.,-1.));
#4009=DIRECTION('',(0.,1.,0.));
#4010=DIRECTION('',(-1.,0.,0.));
#4011=DIRECTION('',(1.,0.,-2.89120579329468E-15));
#4012=DIRECTION('',(2.89351875792931E-15,0.,1.));
#4013=DIRECTION('',(0.,1.,0.));
#4014=DIRECTION('',(-1.,0.,0.));
#4015=DIRECTION('',(-1.,0.,7.22801448323669E-16));
#4016=DIRECTION('',(-7.21644966006352E-16,0.,-1.));
#4017=DIRECTION('',(1.,0.,-2.89120579329468E-15));
#4018=DIRECTION('',(2.89351875792931E-15,0.,1.));
#4019=DIRECTION('',(-1.,0.,7.22801448323669E-16));
#4020=DIRECTION('',(-7.21644966006352E-16,0.,-1.));
#4021=DIRECTION('',(0.,1.,0.));
#4022=DIRECTION('',(-1.,0.,0.));
#4023=DIRECTION('',(1.,0.,-2.89120579329468E-15));
#4024=DIRECTION('',(2.89351875792931E-15,0.,1.));
#4025=CARTESIAN_POINT('',(0.,0.,0.));
#4026=CARTESIAN_POINT('',(0.0376,0.0183,-0.0031));
#4027=CARTESIAN_POINT('',(0.0376,0.0183,-0.0031));
#4028=CARTESIAN_POINT('',(0.0376,0.0183,-0.0034));
#4029=CARTESIAN_POINT('',(0.0376,0.0245,-0.0031));
#4030=CARTESIAN_POINT('',(0.0376,0.0192,-0.0031));
#4031=CARTESIAN_POINT('',(0.0376,0.0192,-0.0034));
#4032=CARTESIAN_POINT('',(0.0331,0.0192,-0.0034));
#4033=CARTESIAN_POINT('',(0.0376,0.0192,-0.0031));
#4034=CARTESIAN_POINT('',(0.0376,0.0192,-0.00345));
#4035=CARTESIAN_POINT('',(0.0376,0.01935,-0.0031));
#4036=CARTESIAN_POINT('',(0.0376,0.019238196601125,-0.0031));
#4037=CARTESIAN_POINT('',(0.03805,0.019238196601125,-0.0031));
#4038=CARTESIAN_POINT('',(0.0376,0.0245,-0.0031));
#4039=CARTESIAN_POINT('',(0.0376,0.0241,-0.0031));
#4040=CARTESIAN_POINT('',(0.0376,0.0241,-0.0037));
#4041=CARTESIAN_POINT('',(0.0376,0.0245,-0.0031));
#4042=CARTESIAN_POINT('',(0.0376,0.0245,-0.0037));
#4043=CARTESIAN_POINT('',(0.0331,0.0245,-0.0037));
#4044=CARTESIAN_POINT('',(0.0376,0.0245,-0.0031));
#4045=CARTESIAN_POINT('',(0.0376,0.0245,-0.0028));
#4046=CARTESIAN_POINT('',(0.0376,0.0246,-0.0038));
#4047=CARTESIAN_POINT('',(0.0375125212026502,0.02501,-0.00375));
#4048=CARTESIAN_POINT('',(0.037569548836758,0.0249924866708117,-0.00375));
#4049=CARTESIAN_POINT('',(0.0376304504023221,0.0249924864371252,-0.00375));
#4050=CARTESIAN_POINT('',(0.037687478797378,0.0250100000000087,-0.00375));
#4051=CARTESIAN_POINT('',(0.0375125212026502,0.02501,-0.00375));
#4052=CARTESIAN_POINT('',(0.0376874787973783,0.0250100000000043,-0.00375));
#4053=CARTESIAN_POINT('',(0.0376874787973786,0.0250100000000088,-0.00375));
#4054=CARTESIAN_POINT('',(0.0376836328135705,0.0250100000000088,-0.00375968511229378));
#4055=CARTESIAN_POINT('',(0.0376804731944711,0.02501,-0.00376972763998918));
#4056=CARTESIAN_POINT('',(0.037678631798716,0.02501,-0.00377998445495624));
#4057=CARTESIAN_POINT('',(0.0376774479911934,0.02501,-0.00378657841754302));
#4058=CARTESIAN_POINT('',(0.0376768114574787,0.02501,-0.00379330061623382));
#4059=CARTESIAN_POINT('',(0.0376768114574787,0.02501,-0.0038));
#4060=CARTESIAN_POINT('',(0.0376768114573831,0.0250099999999747,-0.0038));
#4061=CARTESIAN_POINT('',(0.0376,0.0253,-0.0038));
#4062=CARTESIAN_POINT('',(0.03789,0.0252231885425213,-0.0038));
#4063=CARTESIAN_POINT('',(0.03789,0.0246,-0.0038));
#4064=CARTESIAN_POINT('',(0.03789,0.0252211794905902,-0.00375));
#4065=CARTESIAN_POINT('',(0.03789,0.0252211794905902,-0.00375));
#4066=CARTESIAN_POINT('',(0.03790334744385,0.0252717354604784,-0.00375));
#4067=CARTESIAN_POINT('',(0.0379033621428082,0.0253246473351197,-0.00375));
#4068=CARTESIAN_POINT('',(0.03789,0.0253752006452979,-0.00375));
#4069=CARTESIAN_POINT('',(0.03789,0.0253752006452979,-0.00375));
#4070=CARTESIAN_POINT('',(0.03789,0.0246,-0.0038));
#4071=CARTESIAN_POINT('',(0.03789,0.0253768114574787,-0.0038));
#4072=CARTESIAN_POINT('',(0.0376,0.0253,-0.0038));
#4073=CARTESIAN_POINT('',(0.03731,0.0253768114574787,-0.0038));
#4074=CARTESIAN_POINT('',(0.03731,0.0246,-0.0038));
#4075=CARTESIAN_POINT('',(0.03731,0.0253752006452984,-0.00375));
#4076=CARTESIAN_POINT('',(0.03731,0.0253752006452989,-0.00375));
#4077=CARTESIAN_POINT('',(0.0372966376390244,0.0253246465097239,-0.00375));
#4078=CARTESIAN_POINT('',(0.0372966523627999,0.0252717361928203,-0.00375));
#4079=CARTESIAN_POINT('',(0.0373100000000029,0.025221179490579,-0.00375));
#4080=CARTESIAN_POINT('',(0.0373100000000015,0.0252211794905846,-0.00375));
#4081=CARTESIAN_POINT('',(0.03731,0.0246,-0.0038));
#4082=CARTESIAN_POINT('',(0.03731,0.0252231885425213,-0.0038));
#4083=CARTESIAN_POINT('',(0.0376,0.0253,-0.0038));
#4084=CARTESIAN_POINT('',(0.0375231885425213,0.02501,-0.0038));
#4085=CARTESIAN_POINT('',(0.0375231885425213,0.02501,-0.0038));
#4086=CARTESIAN_POINT('',(0.0375231885425213,0.02501,-0.00378892050436563));
#4087=CARTESIAN_POINT('',(0.0375213932885334,0.02501,-0.00377777279384661));
#4088=CARTESIAN_POINT('',(0.037518378226861,0.02501,-0.00376711143245964));
#4089=CARTESIAN_POINT('',(0.0375167376404407,0.02501,-0.00376131026266184));
#4090=CARTESIAN_POINT('',(0.0375147461997847,0.02501,-0.00375560307795561));
#4091=CARTESIAN_POINT('',(0.0375125212026502,0.02501,-0.00375));
#4092=CARTESIAN_POINT('',(0.0376,0.0246,-0.0031));
#4093=CARTESIAN_POINT('',(0.0376,0.0246,-0.0028));
#4094=CARTESIAN_POINT('',(0.0376,0.0253,-0.0038));
#4095=CARTESIAN_POINT('',(0.03731,0.0253768114574787,-0.0038));
#4096=CARTESIAN_POINT('',(0.03731,0.0253768114574787,-0.00435));
#4097=CARTESIAN_POINT('',(0.03789,0.0253768114574787,-0.0038));
#4098=CARTESIAN_POINT('',(0.03789,0.0253768114574787,-0.00435));
#4099=CARTESIAN_POINT('',(0.0376,0.0253,-0.00435));
#4100=CARTESIAN_POINT('',(0.03789,0.0252231885425213,-0.00435));
#4101=CARTESIAN_POINT('',(0.03789,0.0252231885425213,-0.0038));
#4102=CARTESIAN_POINT('',(0.0376768114574787,0.02501,-0.0038));
#4103=CARTESIAN_POINT('',(0.0376768114574787,0.02501,-0.00435));
#4104=CARTESIAN_POINT('',(0.0376,0.0253,-0.00435));
#4105=CARTESIAN_POINT('',(0.0375231885425213,0.02501,-0.00435));
#4106=CARTESIAN_POINT('',(0.0375231885425213,0.02501,-0.0038));
#4107=CARTESIAN_POINT('',(0.03731,0.0252231885425213,-0.0038));
#4108=CARTESIAN_POINT('',(0.03731,0.0252231885425213,-0.00435));
#4109=CARTESIAN_POINT('',(0.0376,0.0253,-0.00435));
#4110=CARTESIAN_POINT('',(0.0376,0.0253,-0.00665));
#4111=CARTESIAN_POINT('',(0.0376,0.0256,-0.00665));
#4112=CARTESIAN_POINT('',(0.0376,0.0253,-0.0067));
#4113=CARTESIAN_POINT('',(0.0376,0.0253,-0.0067));
#4114=CARTESIAN_POINT('',(0.0376,0.02555,-0.0067));
#4115=CARTESIAN_POINT('',(0.0376,0.0245,-0.0031));
#4116=CARTESIAN_POINT('',(0.0331,0.0253,-0.0067));
#4117=CARTESIAN_POINT('',(0.0331,0.0183,-0.0031));
#4118=CARTESIAN_POINT('',(0.0331,0.0183,-0.0031));
#4119=CARTESIAN_POINT('',(0.0331,0.0183,-0.0034));
#4120=CARTESIAN_POINT('',(0.0331,0.0245,-0.0031));
#4121=CARTESIAN_POINT('',(0.0331,0.0192,-0.0031));
#4122=CARTESIAN_POINT('',(0.0331,0.0192,-0.0034));
#4123=CARTESIAN_POINT('',(0.0331,0.0192,-0.0034));
#4124=CARTESIAN_POINT('',(0.0331,0.0192,-0.0031));
#4125=CARTESIAN_POINT('',(0.0331,0.0192,-0.00345));
#4126=CARTESIAN_POINT('',(0.0331,0.01935,-0.0031));
#4127=CARTESIAN_POINT('',(0.0331,0.019238196601125,-0.0031));
#4128=CARTESIAN_POINT('',(0.03355,0.019238196601125,-0.0031));
#4129=CARTESIAN_POINT('',(0.0331,0.0245,-0.0031));
#4130=CARTESIAN_POINT('',(0.0331,0.0241,-0.0031));
#4131=CARTESIAN_POINT('',(0.0331,0.0241,-0.0037));
#4132=CARTESIAN_POINT('',(0.0331,0.0245,-0.0031));
#4133=CARTESIAN_POINT('',(0.0331,0.0245,-0.0037));
#4134=CARTESIAN_POINT('',(0.0331,0.0245,-0.0037));
#4135=CARTESIAN_POINT('',(0.0331,0.0245,-0.0031));
#4136=CARTESIAN_POINT('',(0.0331,0.0245,-0.0028));
#4137=CARTESIAN_POINT('',(0.0331,0.0253,-0.0038));
#4138=CARTESIAN_POINT('',(0.03339,0.0252231885425213,-0.0038));
#4139=CARTESIAN_POINT('',(0.03339,0.0252231885425213,-0.0038));
#4140=CARTESIAN_POINT('',(0.03339,0.0252231885425213,-0.00435));
#4141=CARTESIAN_POINT('',(0.0331,0.0253,-0.0038));
#4142=CARTESIAN_POINT('',(0.0331768114574787,0.02501,-0.0038));
#4143=CARTESIAN_POINT('',(0.0331768114574787,0.02501,-0.0038));
#4144=CARTESIAN_POINT('',(0.0331768114574787,0.02501,-0.00435));
#4145=CARTESIAN_POINT('',(0.0331,0.0253,-0.00435));
#4146=CARTESIAN_POINT('',(0.0330231885425213,0.02501,-0.00435));
#4147=CARTESIAN_POINT('',(0.0330231885425213,0.02501,-0.0038));
#4148=CARTESIAN_POINT('',(0.0330231885425213,0.02501,-0.00379999999999987));
#4149=CARTESIAN_POINT('',(0.0331,0.0253,-0.0038));
#4150=CARTESIAN_POINT('',(0.03281,0.0252231885425213,-0.0038));
#4151=CARTESIAN_POINT('',(0.03281,0.0252231885425213,-0.0038));
#4152=CARTESIAN_POINT('',(0.03281,0.0252231885425213,-0.00435));
#4153=CARTESIAN_POINT('',(0.0331,0.0253,-0.00435));
#4154=CARTESIAN_POINT('',(0.03281,0.0253768114574787,-0.00435));
#4155=CARTESIAN_POINT('',(0.03281,0.0253768114574787,-0.0038));
#4156=CARTESIAN_POINT('',(0.03281,0.0253768114574787,-0.0038));
#4157=CARTESIAN_POINT('',(0.0331,0.0253,-0.0038));
#4158=CARTESIAN_POINT('',(0.03339,0.0253768114574787,-0.0038));
#4159=CARTESIAN_POINT('',(0.03339,0.0253768114574787,-0.0038));
#4160=CARTESIAN_POINT('',(0.03339,0.0253768114574787,-0.00435));
#4161=CARTESIAN_POINT('',(0.0331,0.0253,-0.00435));
#4162=CARTESIAN_POINT('',(0.0331,0.0253,-0.00665));
#4163=CARTESIAN_POINT('',(0.0331,0.0256,-0.00665));
#4164=CARTESIAN_POINT('',(0.0331,0.0246,-0.0038));
#4165=CARTESIAN_POINT('',(0.03339,0.0246,-0.0038));
#4166=CARTESIAN_POINT('',(0.0333899999999981,0.0253752006453051,-0.00375));
#4167=CARTESIAN_POINT('',(0.03281,0.0246,-0.0038));
#4168=CARTESIAN_POINT('',(0.03281,0.0253752006452974,-0.00375));
#4169=CARTESIAN_POINT('',(0.03281,0.025375200645297,-0.00375));
#4170=CARTESIAN_POINT('',(0.0327966376390254,0.0253246465097244,-0.00375));
#4171=CARTESIAN_POINT('',(0.0327966523627996,0.0252717361928296,-0.00375));
#4172=CARTESIAN_POINT('',(0.03281,0.0252211794905902,-0.00375));
#4173=CARTESIAN_POINT('',(0.03281,0.0252211794905902,-0.00375));
#4174=CARTESIAN_POINT('',(0.03281,0.0246,-0.0038));
#4175=CARTESIAN_POINT('',(0.0330231885425213,0.02501,-0.00379999999999987));
#4176=CARTESIAN_POINT('',(0.0330231885425213,0.02501,-0.00378892050436554));
#4177=CARTESIAN_POINT('',(0.0330213932885334,0.02501,-0.00377777279384656));
#4178=CARTESIAN_POINT('',(0.033018378226861,0.02501,-0.00376711143245964));
#4179=CARTESIAN_POINT('',(0.0330167376404407,0.02501,-0.00376131026266184));
#4180=CARTESIAN_POINT('',(0.0330147461997847,0.02501,-0.00375560307795561));
#4181=CARTESIAN_POINT('',(0.0330125212026502,0.02501,-0.00375));
#4182=CARTESIAN_POINT('',(0.0330125212026502,0.02501,-0.00375));
#4183=CARTESIAN_POINT('',(0.0330125212026502,0.02501,-0.00375));
#4184=CARTESIAN_POINT('',(0.0330695488367486,0.0249924866708146,-0.00375));
#4185=CARTESIAN_POINT('',(0.0331304504023017,0.024992486437125,-0.00375));
#4186=CARTESIAN_POINT('',(0.0331874787973499,0.02501,-0.00375));
#4187=CARTESIAN_POINT('',(0.0331874787973499,0.02501,-0.00375));
#4188=CARTESIAN_POINT('',(0.0331874787973499,0.02501,-0.00375));
#4189=CARTESIAN_POINT('',(0.0331836328135415,0.02501,-0.00375968511229076));
#4190=CARTESIAN_POINT('',(0.0331804731944706,0.02501,-0.00376972763999184));
#4191=CARTESIAN_POINT('',(0.033178631798716,0.02501,-0.00377998445495623));
#4192=CARTESIAN_POINT('',(0.0331774479911934,0.02501,-0.00378657841754302));
#4193=CARTESIAN_POINT('',(0.0331768114574787,0.02501,-0.00379330061623382));
#4194=CARTESIAN_POINT('',(0.0331768114574787,0.02501,-0.0038));
#4195=CARTESIAN_POINT('',(0.03339,0.0246,-0.0038));
#4196=CARTESIAN_POINT('',(0.03339,0.0252211794905901,-0.00375));
#4197=CARTESIAN_POINT('',(0.03339,0.0252211794905901,-0.00375));
#4198=CARTESIAN_POINT('',(0.0334033474438507,0.0252717354604808,-0.00375));
#4199=CARTESIAN_POINT('',(0.0334033621428077,0.0253246473351324,-0.00375));
#4200=CARTESIAN_POINT('',(0.0333899999999962,0.0253752006453124,-0.00375));
#4201=CARTESIAN_POINT('',(0.0331,0.0246,-0.0031));
#4202=CARTESIAN_POINT('',(0.0331,0.0246,-0.0028));
#4203=CARTESIAN_POINT('',(0.0331,0.0245,-0.0031));
#4204=CARTESIAN_POINT('',(0.0331,0.0253,-0.0067));
#4205=CARTESIAN_POINT('',(0.0331,0.0253,-0.0067));
#4206=CARTESIAN_POINT('',(0.0331,0.02555,-0.0067));
#4207=CARTESIAN_POINT('',(0.0331,0.0253,-0.0067));
#4208=CARTESIAN_POINT('',(0.0346,0.0183,-0.0031));
#4209=CARTESIAN_POINT('',(0.0346,0.0183,-0.0031));
#4210=CARTESIAN_POINT('',(0.0346,0.0183,-0.0034));
#4211=CARTESIAN_POINT('',(0.0346,0.0245,-0.0031));
#4212=CARTESIAN_POINT('',(0.0346,0.0192,-0.0031));
#4213=CARTESIAN_POINT('',(0.0346,0.0192,-0.0034));
#4214=CARTESIAN_POINT('',(0.0331,0.0192,-0.0034));
#4215=CARTESIAN_POINT('',(0.0346,0.0192,-0.0031));
#4216=CARTESIAN_POINT('',(0.0346,0.0192,-0.00345));
#4217=CARTESIAN_POINT('',(0.0346,0.01935,-0.0031));
#4218=CARTESIAN_POINT('',(0.0346,0.019238196601125,-0.0031));
#4219=CARTESIAN_POINT('',(0.03505,0.019238196601125,-0.0031));
#4220=CARTESIAN_POINT('',(0.0346,0.0245,-0.0031));
#4221=CARTESIAN_POINT('',(0.0346,0.0241,-0.0031));
#4222=CARTESIAN_POINT('',(0.0346,0.0241,-0.0037));
#4223=CARTESIAN_POINT('',(0.0346,0.0245,-0.0031));
#4224=CARTESIAN_POINT('',(0.0346,0.0245,-0.0037));
#4225=CARTESIAN_POINT('',(0.0331,0.0245,-0.0037));
#4226=CARTESIAN_POINT('',(0.0346,0.0245,-0.0031));
#4227=CARTESIAN_POINT('',(0.0346,0.0245,-0.0028));
#4228=CARTESIAN_POINT('',(0.0346,0.0246,-0.0038));
#4229=CARTESIAN_POINT('',(0.0345125212026504,0.02501,-0.00375));
#4230=CARTESIAN_POINT('',(0.0345695488367482,0.0249924866708148,-0.00375));
#4231=CARTESIAN_POINT('',(0.0346304504023005,0.024992486437125,-0.00375));
#4232=CARTESIAN_POINT('',(0.0346874787973482,0.0250099999999995,-0.00375));
#4233=CARTESIAN_POINT('',(0.0345125212026504,0.02501,-0.00375));
#4234=CARTESIAN_POINT('',(0.0346874787973481,0.02501,-0.00375));
#4235=CARTESIAN_POINT('',(0.0346874787973481,0.0250099999999995,-0.00375));
#4236=CARTESIAN_POINT('',(0.0346836328135397,0.0250099999999995,-0.00375968511229057));
#4237=CARTESIAN_POINT('',(0.0346804731944706,0.02501,-0.003769727639992));
#4238=CARTESIAN_POINT('',(0.034678631798716,0.02501,-0.00377998445495624));
#4239=CARTESIAN_POINT('',(0.0346774479911934,0.02501,-0.00378657841754302));
#4240=CARTESIAN_POINT('',(0.0346768114574787,0.02501,-0.00379330061623382));
#4241=CARTESIAN_POINT('',(0.0346768114574787,0.02501,-0.0038));
#4242=CARTESIAN_POINT('',(0.0346768114574841,0.0250100000000015,-0.0038));
#4243=CARTESIAN_POINT('',(0.0346,0.0253,-0.0038));
#4244=CARTESIAN_POINT('',(0.03489,0.0252231885425213,-0.0038));
#4245=CARTESIAN_POINT('',(0.03489,0.0246,-0.0038));
#4246=CARTESIAN_POINT('',(0.03489,0.0252211794905902,-0.00375));
#4247=CARTESIAN_POINT('',(0.03489,0.0252211794905902,-0.00375));
#4248=CARTESIAN_POINT('',(0.0349033474438506,0.0252717354604807,-0.00375));
#4249=CARTESIAN_POINT('',(0.0349033621428077,0.0253246473351321,-0.00375));
#4250=CARTESIAN_POINT('',(0.0348899999999964,0.025375200645312,-0.00375));
#4251=CARTESIAN_POINT('',(0.0348899999999982,0.0253752006453049,-0.00375));
#4252=CARTESIAN_POINT('',(0.03489,0.0246,-0.0038));
#4253=CARTESIAN_POINT('',(0.03489,0.0253768114574787,-0.0038));
#4254=CARTESIAN_POINT('',(0.0346,0.0253,-0.0038));
#4255=CARTESIAN_POINT('',(0.03431,0.0253768114574787,-0.0038));
#4256=CARTESIAN_POINT('',(0.03431,0.0246,-0.0038));
#4257=CARTESIAN_POINT('',(0.03431,0.0253752006452974,-0.00375));
#4258=CARTESIAN_POINT('',(0.03431,0.025375200645297,-0.00375));
#4259=CARTESIAN_POINT('',(0.0342966376390254,0.0253246465097244,-0.00375));
#4260=CARTESIAN_POINT('',(0.0342966523627996,0.0252717361928295,-0.00375));
#4261=CARTESIAN_POINT('',(0.03431,0.0252211794905901,-0.00375));
#4262=CARTESIAN_POINT('',(0.03431,0.0252211794905902,-0.00375));
#4263=CARTESIAN_POINT('',(0.03431,0.0246,-0.0038));
#4264=CARTESIAN_POINT('',(0.03431,0.0252231885425213,-0.0038));
#4265=CARTESIAN_POINT('',(0.0346,0.0253,-0.0038));
#4266=CARTESIAN_POINT('',(0.0345231885425213,0.02501,-0.0038));
#4267=CARTESIAN_POINT('',(0.0345231885425213,0.02501,-0.0038));
#4268=CARTESIAN_POINT('',(0.0345231885425213,0.02501,-0.00378892050436563));
#4269=CARTESIAN_POINT('',(0.0345213932885334,0.02501,-0.0037777727938466));
#4270=CARTESIAN_POINT('',(0.034518378226861,0.02501,-0.00376711143245964));
#4271=CARTESIAN_POINT('',(0.0345167376404407,0.02501,-0.00376131026266187));
#4272=CARTESIAN_POINT('',(0.034514746199785,0.02501,-0.00375560307795558));
#4273=CARTESIAN_POINT('',(0.0345125212026504,0.02501,-0.00375));
#4274=CARTESIAN_POINT('',(0.0346,0.0246,-0.0031));
#4275=CARTESIAN_POINT('',(0.0346,0.0246,-0.0028));
#4276=CARTESIAN_POINT('',(0.0346,0.0253,-0.0038));
#4277=CARTESIAN_POINT('',(0.03431,0.0253768114574787,-0.0038));
#4278=CARTESIAN_POINT('',(0.03431,0.0253768114574787,-0.00435));
#4279=CARTESIAN_POINT('',(0.03489,0.0253768114574787,-0.0038));
#4280=CARTESIAN_POINT('',(0.03489,0.0253768114574787,-0.00435));
#4281=CARTESIAN_POINT('',(0.0346,0.0253,-0.00435));
#4282=CARTESIAN_POINT('',(0.03489,0.0252231885425213,-0.00435));
#4283=CARTESIAN_POINT('',(0.03489,0.0252231885425213,-0.0038));
#4284=CARTESIAN_POINT('',(0.0346768114574787,0.02501,-0.0038));
#4285=CARTESIAN_POINT('',(0.0346768114574787,0.02501,-0.00435));
#4286=CARTESIAN_POINT('',(0.0346,0.0253,-0.00435));
#4287=CARTESIAN_POINT('',(0.0345231885425213,0.02501,-0.00435));
#4288=CARTESIAN_POINT('',(0.0345231885425213,0.02501,-0.0038));
#4289=CARTESIAN_POINT('',(0.03431,0.0252231885425213,-0.0038));
#4290=CARTESIAN_POINT('',(0.03431,0.0252231885425213,-0.00435));
#4291=CARTESIAN_POINT('',(0.0346,0.0253,-0.00435));
#4292=CARTESIAN_POINT('',(0.0346,0.0253,-0.00665));
#4293=CARTESIAN_POINT('',(0.0346,0.0256,-0.00665));
#4294=CARTESIAN_POINT('',(0.0346,0.0253,-0.0067));
#4295=CARTESIAN_POINT('',(0.0346,0.0253,-0.0067));
#4296=CARTESIAN_POINT('',(0.0346,0.02555,-0.0067));
#4297=CARTESIAN_POINT('',(0.0346,0.0245,-0.0031));
#4298=CARTESIAN_POINT('',(0.0331,0.0253,-0.0067));
#4299=CARTESIAN_POINT('',(0.0391,0.0183,-0.0031));
#4300=CARTESIAN_POINT('',(0.0391,0.0183,-0.0031));
#4301=CARTESIAN_POINT('',(0.0391,0.0183,-0.0034));
#4302=CARTESIAN_POINT('',(0.0391,0.0245,-0.0031));
#4303=CARTESIAN_POINT('',(0.0391,0.0192,-0.0031));
#4304=CARTESIAN_POINT('',(0.0391,0.0192,-0.0034));
#4305=CARTESIAN_POINT('',(0.0331,0.0192,-0.0034));
#4306=CARTESIAN_POINT('',(0.0391,0.0192,-0.0031));
#4307=CARTESIAN_POINT('',(0.0391,0.0192,-0.00345));
#4308=CARTESIAN_POINT('',(0.0391,0.01935,-0.0031));
#4309=CARTESIAN_POINT('',(0.0391,0.019238196601125,-0.0031));
#4310=CARTESIAN_POINT('',(0.03955,0.019238196601125,-0.0031));
#4311=CARTESIAN_POINT('',(0.0391,0.0245,-0.0031));
#4312=CARTESIAN_POINT('',(0.0391,0.0241,-0.0031));
#4313=CARTESIAN_POINT('',(0.0391,0.0241,-0.0037));
#4314=CARTESIAN_POINT('',(0.0391,0.0245,-0.0031));
#4315=CARTESIAN_POINT('',(0.0391,0.0245,-0.0037));
#4316=CARTESIAN_POINT('',(0.0331,0.0245,-0.0037));
#4317=CARTESIAN_POINT('',(0.0391,0.0245,-0.0031));
#4318=CARTESIAN_POINT('',(0.0391,0.0245,-0.0028));
#4319=CARTESIAN_POINT('',(0.0391,0.0246,-0.0038));
#4320=CARTESIAN_POINT('',(0.0390125212026504,0.02501,-0.00375));
#4321=CARTESIAN_POINT('',(0.0390695488367482,0.0249924866708148,-0.00375));
#4322=CARTESIAN_POINT('',(0.0391304504023005,0.024992486437125,-0.00375));
#4323=CARTESIAN_POINT('',(0.0391874787973482,0.0250099999999995,-0.00375));
#4324=CARTESIAN_POINT('',(0.0390125212026504,0.02501,-0.00375));
#4325=CARTESIAN_POINT('',(0.0391874787973482,0.02501,-0.00375));
#4326=CARTESIAN_POINT('',(0.0391874787973481,0.0250099999999995,-0.00375));
#4327=CARTESIAN_POINT('',(0.0391836328135397,0.0250099999999995,-0.00375968511229058));
#4328=CARTESIAN_POINT('',(0.0391804731944706,0.02501,-0.003769727639992));
#4329=CARTESIAN_POINT('',(0.039178631798716,0.02501,-0.00377998445495624));
#4330=CARTESIAN_POINT('',(0.0391774479911934,0.02501,-0.00378657841754302));
#4331=CARTESIAN_POINT('',(0.0391768114574787,0.02501,-0.00379330061623382));
#4332=CARTESIAN_POINT('',(0.0391768114574787,0.02501,-0.0038));
#4333=CARTESIAN_POINT('',(0.0391768114574841,0.0250100000000015,-0.0038));
#4334=CARTESIAN_POINT('',(0.0391,0.0253,-0.0038));
#4335=CARTESIAN_POINT('',(0.03939,0.0252231885425213,-0.0038));
#4336=CARTESIAN_POINT('',(0.03939,0.0246,-0.0038));
#4337=CARTESIAN_POINT('',(0.03939,0.0252211794905902,-0.00375));
#4338=CARTESIAN_POINT('',(0.03939,0.0252211794905902,-0.00375));
#4339=CARTESIAN_POINT('',(0.0394033474438506,0.0252717354604809,-0.00375));
#4340=CARTESIAN_POINT('',(0.0394033621428077,0.0253246473351328,-0.00375));
#4341=CARTESIAN_POINT('',(0.0393899999999962,0.0253752006453128,-0.00375));
#4342=CARTESIAN_POINT('',(0.0393899999999981,0.0253752006453053,-0.00375));
#4343=CARTESIAN_POINT('',(0.03939,0.0246,-0.0038));
#4344=CARTESIAN_POINT('',(0.03939,0.0253768114574787,-0.0038));
#4345=CARTESIAN_POINT('',(0.0391,0.0253,-0.0038));
#4346=CARTESIAN_POINT('',(0.03881,0.0253768114574787,-0.0038));
#4347=CARTESIAN_POINT('',(0.03881,0.0246,-0.0038));
#4348=CARTESIAN_POINT('',(0.03881,0.0253752006452974,-0.00375));
#4349=CARTESIAN_POINT('',(0.03881,0.025375200645297,-0.00375));
#4350=CARTESIAN_POINT('',(0.0387966376390254,0.0253246465097244,-0.00375));
#4351=CARTESIAN_POINT('',(0.0387966523627996,0.0252717361928295,-0.00375));
#4352=CARTESIAN_POINT('',(0.03881,0.0252211794905901,-0.00375));
#4353=CARTESIAN_POINT('',(0.03881,0.0252211794905902,-0.00375));
#4354=CARTESIAN_POINT('',(0.03881,0.0246,-0.0038));
#4355=CARTESIAN_POINT('',(0.03881,0.0252231885425213,-0.0038));
#4356=CARTESIAN_POINT('',(0.0391,0.0253,-0.0038));
#4357=CARTESIAN_POINT('',(0.0390231885425213,0.02501,-0.0038));
#4358=CARTESIAN_POINT('',(0.0390231885425213,0.02501,-0.0038));
#4359=CARTESIAN_POINT('',(0.0390231885425213,0.02501,-0.00378892050436563));
#4360=CARTESIAN_POINT('',(0.0390213932885334,0.02501,-0.00377777279384661));
#4361=CARTESIAN_POINT('',(0.039018378226861,0.02501,-0.00376711143245964));
#4362=CARTESIAN_POINT('',(0.0390167376404407,0.02501,-0.00376131026266187));
#4363=CARTESIAN_POINT('',(0.039014746199785,0.02501,-0.00375560307795558));
#4364=CARTESIAN_POINT('',(0.0390125212026504,0.02501,-0.00375));
#4365=CARTESIAN_POINT('',(0.0391,0.0246,-0.0031));
#4366=CARTESIAN_POINT('',(0.0391,0.0246,-0.0028));
#4367=CARTESIAN_POINT('',(0.0391,0.0253,-0.0038));
#4368=CARTESIAN_POINT('',(0.03881,0.0253768114574787,-0.0038));
#4369=CARTESIAN_POINT('',(0.03881,0.0253768114574787,-0.00435));
#4370=CARTESIAN_POINT('',(0.03939,0.0253768114574787,-0.0038));
#4371=CARTESIAN_POINT('',(0.03939,0.0253768114574787,-0.00435));
#4372=CARTESIAN_POINT('',(0.0391,0.0253,-0.00435));
#4373=CARTESIAN_POINT('',(0.03939,0.0252231885425213,-0.00435));
#4374=CARTESIAN_POINT('',(0.03939,0.0252231885425213,-0.0038));
#4375=CARTESIAN_POINT('',(0.0391768114574787,0.02501,-0.0038));
#4376=CARTESIAN_POINT('',(0.0391768114574787,0.02501,-0.00435));
#4377=CARTESIAN_POINT('',(0.0391,0.0253,-0.00435));
#4378=CARTESIAN_POINT('',(0.0390231885425213,0.02501,-0.00435));
#4379=CARTESIAN_POINT('',(0.0390231885425213,0.02501,-0.0038));
#4380=CARTESIAN_POINT('',(0.03881,0.0252231885425213,-0.0038));
#4381=CARTESIAN_POINT('',(0.03881,0.0252231885425213,-0.00435));
#4382=CARTESIAN_POINT('',(0.0391,0.0253,-0.00435));
#4383=CARTESIAN_POINT('',(0.0391,0.0253,-0.00665));
#4384=CARTESIAN_POINT('',(0.0391,0.0256,-0.00665));
#4385=CARTESIAN_POINT('',(0.0391,0.0253,-0.0067));
#4386=CARTESIAN_POINT('',(0.0391,0.0253,-0.0067));
#4387=CARTESIAN_POINT('',(0.0391,0.02555,-0.0067));
#4388=CARTESIAN_POINT('',(0.0391,0.0245,-0.0031));
#4389=CARTESIAN_POINT('',(0.0331,0.0253,-0.0067));
#4390=CARTESIAN_POINT('',(0.0405929297820823,0.01781,-0.00285142857142855));
#4391=CARTESIAN_POINT('',(0.0310670702179177,0.01781,-0.00346745762711867));
#4392=CARTESIAN_POINT('',(0.0310670702179177,0.01781,-0.00346804206940212));
#4393=CARTESIAN_POINT('',(0.0310670703845847,0.01781,-0.00334968559487269));
#4394=CARTESIAN_POINT('',(0.0312021794208731,0.01781,-0.00322531847105483));
#4395=CARTESIAN_POINT('',(0.0311592736077482,0.01781,-0.00350019370460051));
#4396=CARTESIAN_POINT('',(0.0313471670702179,0.01781,-0.00305641646489107));
#4397=CARTESIAN_POINT('',(0.031425617433414,0.01781,-0.00309380145278453));
#4398=CARTESIAN_POINT('',(0.0314804358353511,0.01781,-0.00313138014527848));
#4399=CARTESIAN_POINT('',(0.031543196125908,0.01781,-0.00320653753026637));
#4400=CARTESIAN_POINT('',(0.0315588861985472,0.01781,-0.00324857142857146));
#4401=CARTESIAN_POINT('',(0.0315588861985472,0.01781,-0.00336576271186443));
#4402=CARTESIAN_POINT('',(0.0315333171912833,0.01781,-0.00341961259079906));
#4403=CARTESIAN_POINT('',(0.0314314285714285,0.01781,-0.00349476997578695));
#4404=CARTESIAN_POINT('',(0.0313607263922518,0.01781,-0.00351336561743344));
#4405=CARTESIAN_POINT('',(0.0312384987893462,0.01781,-0.00351336561743344));
#4406=CARTESIAN_POINT('',(0.0312015012106537,0.01781,-0.00350910411622279));
#4407=CARTESIAN_POINT('',(0.0311592736077482,0.01781,-0.00350019370460051));
#4408=CARTESIAN_POINT('',(0.0313471670702179,0.01781,-0.00305641646489107));
#4409=CARTESIAN_POINT('',(0.0316376268929629,0.01781,-0.00240081298503439));
#4410=CARTESIAN_POINT('',(0.0312080871670702,0.01781,-0.00297312348668284));
#4411=CARTESIAN_POINT('',(0.031524794188862,0.01781,-0.00282803874092013));
#4412=CARTESIAN_POINT('',(0.0314765617433414,0.01781,-0.00279472154963683));
#4413=CARTESIAN_POINT('',(0.0314155447941888,0.01781,-0.0027778692493947));
#4414=CARTESIAN_POINT('',(0.0312931234866828,0.01781,-0.0027778692493947));
#4415=CARTESIAN_POINT('',(0.031253220338983,0.01781,-0.00278813559322037));
#4416=CARTESIAN_POINT('',(0.031191622276029,0.01781,-0.00282920096852303));
#4417=CARTESIAN_POINT('',(0.0311761259079903,0.01781,-0.00285767554479422));
#4418=CARTESIAN_POINT('',(0.0311761259079903,0.01781,-0.00292644067796613));
#4419=CARTESIAN_POINT('',(0.0311867796610169,0.01781,-0.00295278450363199));
#4420=CARTESIAN_POINT('',(0.0312080871670702,0.01781,-0.00297312348668284));
#4421=CARTESIAN_POINT('',(0.0315247940221952,0.01781,-0.00282803842322961));
#4422=CARTESIAN_POINT('',(0.031524794188862,0.01781,-0.00271549636803877));
#4423=CARTESIAN_POINT('',(0.0315247940221949,0.01781,-0.00271549646915051));
#4424=CARTESIAN_POINT('',(0.0311476513317191,0.01781,-0.00274493946731238));
#4425=CARTESIAN_POINT('',(0.0312011138014528,0.01781,-0.00270600484261504));
#4426=CARTESIAN_POINT('',(0.0312683292978208,0.01781,-0.00268644067796613));
#4427=CARTESIAN_POINT('',(0.0314292978208232,0.01781,-0.00268644067796613));
#4428=CARTESIAN_POINT('',(0.031487602905569,0.01781,-0.00269612590799034));
#4429=CARTESIAN_POINT('',(0.031524794188862,0.01781,-0.00271549636803877));
#4430=CARTESIAN_POINT('',(0.0311476513317191,0.01781,-0.00274493946731238));
#4431=CARTESIAN_POINT('',(0.0312632237633522,0.01781,-0.00290279560327137));
#4432=CARTESIAN_POINT('',(0.0311058111380145,0.01781,-0.003020387409201));
#4433=CARTESIAN_POINT('',(0.0312644552058111,0.01781,-0.00313176755447945));
#4434=CARTESIAN_POINT('',(0.0311842615012106,0.01781,-0.00309186440677969));
#4435=CARTESIAN_POINT('',(0.0311313801452784,0.01781,-0.00305467312348671));
#4436=CARTESIAN_POINT('',(0.0311058111380145,0.01781,-0.003020387409201));
#4437=CARTESIAN_POINT('',(0.0312644552058111,0.01781,-0.00313176755447945));
#4438=CARTESIAN_POINT('',(0.0306682977041816,0.01781,-0.00439413368793653));
#4439=CARTESIAN_POINT('',(0.0313828533541051,0.01781,-0.00319522196361503));
#4440=CARTESIAN_POINT('',(0.0312879220699813,0.01781,-0.00334464115720764));
#4441=CARTESIAN_POINT('',(0.031432397094431,0.01781,-0.00324276029055693));
#4442=CARTESIAN_POINT('',(0.0310670702179177,0.01781,-0.00334968523002424));
#4443=CARTESIAN_POINT('',(0.0310916707021792,0.01781,-0.00337099273607751));
#4444=CARTESIAN_POINT('',(0.0311242130750605,0.01781,-0.00338861985472158));
#4445=CARTESIAN_POINT('',(0.0312063438256658,0.01781,-0.00341612590799035));
#4446=CARTESIAN_POINT('',(0.0312450847457627,0.01781,-0.00342309927360778));
#4447=CARTESIAN_POINT('',(0.0313942372881356,0.01781,-0.00342309927360778));
#4448=CARTESIAN_POINT('',(0.031450411622276,0.01781,-0.00338319612590802));
#4449=CARTESIAN_POINT('',(0.031450411622276,0.01781,-0.00328092009685233));
#4450=CARTESIAN_POINT('',(0.031444406779661,0.01781,-0.00326077481840197));
#4451=CARTESIAN_POINT('',(0.031432397094431,0.01781,-0.00324276029055693));
#4452=CARTESIAN_POINT('',(0.0312021794208731,0.01781,-0.00322531847105483));
#4453=CARTESIAN_POINT('',(0.0312021794208731,0.0178,-0.00322531847105483));
#4454=CARTESIAN_POINT('',(0.0311592736077482,0.0178,-0.00350019370460051));
#4455=CARTESIAN_POINT('',(0.0310670702179177,0.0178,-0.00346804206940212));
#4456=CARTESIAN_POINT('',(0.0311593368680743,0.0178,-0.00349978842858676));
#4457=CARTESIAN_POINT('',(0.0311593368680743,0.0178033333333333,-0.00349978842858676));
#4458=CARTESIAN_POINT('',(0.0311593368680743,0.0178066666666667,-0.00349978842858676));
#4459=CARTESIAN_POINT('',(0.0311593368680743,0.01781,-0.00349978842858676));
#4460=CARTESIAN_POINT('',(0.0310670702179177,0.01781,-0.00346804206940213));
#4461=CARTESIAN_POINT('',(0.0313471670702179,0.01781,-0.00305641646489107));
#4462=CARTESIAN_POINT('',(0.0313471670702179,0.0178,-0.00305641646489107));
#4463=CARTESIAN_POINT('',(0.0314554763456882,0.01781,-0.00310803051468308));
#4464=CARTESIAN_POINT('',(0.0314554763456882,0.0178,-0.00310803051468308));
#4465=CARTESIAN_POINT('',(0.0315716872067632,0.01781,-0.00320405899229156));
#4466=CARTESIAN_POINT('',(0.0315716872067632,0.0178,-0.00320405899229156));
#4467=CARTESIAN_POINT('',(0.0315608478580338,0.01781,-0.00340669623620522));
#4468=CARTESIAN_POINT('',(0.0315608478580338,0.0178,-0.00340669623620522));
#4469=CARTESIAN_POINT('',(0.0314198621919802,0.01781,-0.00350796897597914));
#4470=CARTESIAN_POINT('',(0.0314198621919802,0.0178,-0.00350796897597914));
#4471=CARTESIAN_POINT('',(0.0312708658773896,0.01781,-0.00352374069727718));
#4472=CARTESIAN_POINT('',(0.0312708658773896,0.0178,-0.00352374069727718));
#4473=CARTESIAN_POINT('',(0.0311592736077482,0.01781,-0.00350019370460051));
#4474=CARTESIAN_POINT('',(0.0311592736077482,0.0178,-0.00350019370460051));
#4475=CARTESIAN_POINT('',(0.0313471670702179,0.0178,-0.00305641646489107));
#4476=CARTESIAN_POINT('',(0.031425617433414,0.0178,-0.00309380145278453));
#4477=CARTESIAN_POINT('',(0.0314804358353511,0.0178,-0.00313138014527848));
#4478=CARTESIAN_POINT('',(0.031543196125908,0.0178,-0.00320653753026637));
#4479=CARTESIAN_POINT('',(0.0315588861985472,0.0178,-0.00324857142857146));
#4480=CARTESIAN_POINT('',(0.0315588861985472,0.0178,-0.00336576271186443));
#4481=CARTESIAN_POINT('',(0.0315333171912833,0.0178,-0.00341961259079906));
#4482=CARTESIAN_POINT('',(0.0314314285714285,0.0178,-0.00349476997578695));
#4483=CARTESIAN_POINT('',(0.0313607263922518,0.0178,-0.00351336561743344));
#4484=CARTESIAN_POINT('',(0.0312384987893462,0.0178,-0.00351336561743344));
#4485=CARTESIAN_POINT('',(0.0312015012106537,0.0178,-0.00350910411622279));
#4486=CARTESIAN_POINT('',(0.0311592736077482,0.0178,-0.00350019370460051));
#4487=CARTESIAN_POINT('',(0.0313471670702179,0.0178,-0.00305641646489107));
#4488=CARTESIAN_POINT('',(0.0313474146340643,0.01781,-0.00305585768289623));
#4489=CARTESIAN_POINT('',(0.0313474146340643,0.0178066666666667,-0.00305585768289623));
#4490=CARTESIAN_POINT('',(0.0313474146340643,0.0178033333333333,-0.00305585768289623));
#4491=CARTESIAN_POINT('',(0.0313474146340643,0.0178,-0.00305585768289623));
#4492=CARTESIAN_POINT('',(0.0316376268929629,0.01781,-0.00240081298503439));
#4493=CARTESIAN_POINT('',(0.0316376268929629,0.0178,-0.00240081298503439));
#4494=CARTESIAN_POINT('',(0.0312080871670702,0.0178,-0.00297312348668284));
#4495=CARTESIAN_POINT('',(0.0312075577344387,0.0178,-0.00297382889257818));
#4496=CARTESIAN_POINT('',(0.0312075577344387,0.0178033333333333,-0.00297382889257818));
#4497=CARTESIAN_POINT('',(0.0312075577344387,0.0178066666666667,-0.00297382889257818));
#4498=CARTESIAN_POINT('',(0.0312075577344387,0.01781,-0.00297382889257818));
#4499=CARTESIAN_POINT('',(0.031524794188862,0.01781,-0.00282803874092013));
#4500=CARTESIAN_POINT('',(0.031524794188862,0.0178,-0.00282803874092013));
#4501=CARTESIAN_POINT('',(0.0314544858124395,0.01781,-0.00277947231222668));
#4502=CARTESIAN_POINT('',(0.0314544858124395,0.0178,-0.00277947231222668));
#4503=CARTESIAN_POINT('',(0.0312024037305882,0.01781,-0.00273394748080868));
#4504=CARTESIAN_POINT('',(0.0312024037305882,0.0178,-0.00273394748080868));
#4505=CARTESIAN_POINT('',(0.0311553611651365,0.01781,-0.00292279412120072));
#4506=CARTESIAN_POINT('',(0.0311553611651365,0.0178,-0.00292279412120072));
#4507=CARTESIAN_POINT('',(0.0312080871670702,0.01781,-0.00297312348668284));
#4508=CARTESIAN_POINT('',(0.0312080871670702,0.0178,-0.00297312348668284));
#4509=CARTESIAN_POINT('',(0.031524794188862,0.0178,-0.00282803874092013));
#4510=CARTESIAN_POINT('',(0.0314765617433414,0.0178,-0.00279472154963683));
#4511=CARTESIAN_POINT('',(0.0314155447941888,0.0178,-0.0027778692493947));
#4512=CARTESIAN_POINT('',(0.0312931234866828,0.0178,-0.0027778692493947));
#4513=CARTESIAN_POINT('',(0.031253220338983,0.0178,-0.00278813559322037));
#4514=CARTESIAN_POINT('',(0.031191622276029,0.0178,-0.00282920096852303));
#4515=CARTESIAN_POINT('',(0.0311761259079903,0.0178,-0.00285767554479422));
#4516=CARTESIAN_POINT('',(0.0311761259079903,0.0178,-0.00292644067796613));
#4517=CARTESIAN_POINT('',(0.0311867796610169,0.0178,-0.00295278450363199));
#4518=CARTESIAN_POINT('',(0.0312080871670702,0.0178,-0.00297312348668284));
#4519=CARTESIAN_POINT('',(0.031524794188862,0.0178,-0.00282803874092013));
#4520=CARTESIAN_POINT('',(0.031524794188862,0.01781,-0.00282803874092013));
#4521=CARTESIAN_POINT('',(0.031524794188862,0.01781,-0.00271549636803877));
#4522=CARTESIAN_POINT('',(0.031524794188862,0.0178,-0.0031));
#4523=CARTESIAN_POINT('',(0.031524794188862,0.0178,-0.00271549636803877));
#4524=CARTESIAN_POINT('',(0.031524794188862,0.01781,-0.00271549636803877));
#4525=CARTESIAN_POINT('',(0.0311476513317191,0.01781,-0.00274493946731238));
#4526=CARTESIAN_POINT('',(0.0311476513317191,0.0178,-0.00274493946731238));
#4527=CARTESIAN_POINT('',(0.0312534306468351,0.01781,-0.00266790453130407));
#4528=CARTESIAN_POINT('',(0.0312534306468351,0.0178,-0.00266790453130407));
#4529=CARTESIAN_POINT('',(0.0314495972146126,0.01781,-0.00267633127728392));
#4530=CARTESIAN_POINT('',(0.0314495972146126,0.0178,-0.00267633127728392));
#4531=CARTESIAN_POINT('',(0.031524794188862,0.01781,-0.00271549636803877));
#4532=CARTESIAN_POINT('',(0.031524794188862,0.0178,-0.00271549636803877));
#4533=CARTESIAN_POINT('',(0.0311476513317191,0.0178,-0.00274493946731238));
#4534=CARTESIAN_POINT('',(0.0312011138014528,0.0178,-0.00270600484261504));
#4535=CARTESIAN_POINT('',(0.0312683292978208,0.0178,-0.00268644067796613));
#4536=CARTESIAN_POINT('',(0.0314292978208232,0.0178,-0.00268644067796613));
#4537=CARTESIAN_POINT('',(0.031487602905569,0.0178,-0.00269612590799034));
#4538=CARTESIAN_POINT('',(0.031524794188862,0.0178,-0.00271549636803877));
#4539=CARTESIAN_POINT('',(0.0311476513317191,0.0178,-0.00274493946731238));
#4540=CARTESIAN_POINT('',(0.0311473106762556,0.01781,-0.00274447417853718));
#4541=CARTESIAN_POINT('',(0.0311473106762556,0.0178066666666667,-0.00274447417853718));
#4542=CARTESIAN_POINT('',(0.0311473106762556,0.0178033333333333,-0.00274447417853718));
#4543=CARTESIAN_POINT('',(0.0311473106762556,0.0178,-0.00274447417853718));
#4544=CARTESIAN_POINT('',(0.0312632237633522,0.01781,-0.00290279560327137));
#4545=CARTESIAN_POINT('',(0.0312632237633522,0.0178,-0.00290279560327137));
#4546=CARTESIAN_POINT('',(0.0311058111380145,0.0178,-0.003020387409201));
#4547=CARTESIAN_POINT('',(0.0311060254471963,0.0178,-0.0030202273140138));
#4548=CARTESIAN_POINT('',(0.0311060254471963,0.0178033333333333,-0.0030202273140138));
#4549=CARTESIAN_POINT('',(0.0311060254471963,0.0178066666666667,-0.0030202273140138));
#4550=CARTESIAN_POINT('',(0.0311060254471963,0.01781,-0.0030202273140138));
#4551=CARTESIAN_POINT('',(0.0312644552058111,0.01781,-0.00313176755447945));
#4552=CARTESIAN_POINT('',(0.0312644552058111,0.0178,-0.00313176755447945));
#4553=CARTESIAN_POINT('',(0.0311842615012106,0.01781,-0.00309186440677969));
#4554=CARTESIAN_POINT('',(0.0311842615012106,0.0178,-0.00309186440677969));
#4555=CARTESIAN_POINT('',(0.0311313801452784,0.01781,-0.00305467312348671));
#4556=CARTESIAN_POINT('',(0.0311313801452784,0.0178,-0.00305467312348671));
#4557=CARTESIAN_POINT('',(0.0311058111380145,0.01781,-0.003020387409201));
#4558=CARTESIAN_POINT('',(0.0311058111380145,0.0178,-0.003020387409201));
#4559=CARTESIAN_POINT('',(0.0312644552058111,0.0178,-0.00313176755447945));
#4560=CARTESIAN_POINT('',(0.0311842615012106,0.0178,-0.00309186440677969));
#4561=CARTESIAN_POINT('',(0.0311313801452784,0.0178,-0.00305467312348671));
#4562=CARTESIAN_POINT('',(0.0311058111380145,0.0178,-0.003020387409201));
#4563=CARTESIAN_POINT('',(0.0312644552058111,0.0178,-0.00313176755447945));
#4564=CARTESIAN_POINT('',(0.0312643757790303,0.01781,-0.00313193574103736));
#4565=CARTESIAN_POINT('',(0.0312643757790303,0.0178066666666667,-0.00313193574103736));
#4566=CARTESIAN_POINT('',(0.0312643757790303,0.0178033333333333,-0.00313193574103736));
#4567=CARTESIAN_POINT('',(0.0312643757790303,0.0178,-0.00313193574103736));
#4568=CARTESIAN_POINT('',(0.0306682977041816,0.01781,-0.00439413368793653));
#4569=CARTESIAN_POINT('',(0.0306682977041816,0.0178,-0.00439413368793653));
#4570=CARTESIAN_POINT('',(0.031382853354105,0.0178,-0.00319522196361503));
#4571=CARTESIAN_POINT('',(0.0313829427704128,0.0178,-0.00319507774354394));
#4572=CARTESIAN_POINT('',(0.0313829427704128,0.0178033333333333,-0.00319507774354394));
#4573=CARTESIAN_POINT('',(0.0313829427704128,0.0178066666666667,-0.00319507774354394));
#4574=CARTESIAN_POINT('',(0.0313829427704128,0.01781,-0.00319507774354394));
#4575=CARTESIAN_POINT('',(0.0312879220699813,0.01781,-0.00334464115720764));
#4576=CARTESIAN_POINT('',(0.0312879220699813,0.0178,-0.00334464115720764));
#4577=CARTESIAN_POINT('',(0.031432397094431,0.0178,-0.00324276029055693));
#4578=CARTESIAN_POINT('',(0.0314324554545489,0.0178,-0.00324271913618156));
#4579=CARTESIAN_POINT('',(0.0314324554545489,0.0178033333333333,-0.00324271913618156));
#4580=CARTESIAN_POINT('',(0.0314324554545489,0.0178066666666667,-0.00324271913618156));
#4581=CARTESIAN_POINT('',(0.0314324554545489,0.01781,-0.00324271913618156));
#4582=CARTESIAN_POINT('',(0.0310670702179177,0.01781,-0.00334968523002424));
#4583=CARTESIAN_POINT('',(0.0310670702179177,0.0178,-0.00334968523002424));
#4584=CARTESIAN_POINT('',(0.0311393404361178,0.01781,-0.00341228148200855));
#4585=CARTESIAN_POINT('',(0.0311393404361178,0.0178,-0.00341228148200855));
#4586=CARTESIAN_POINT('',(0.0314334112635983,0.01781,-0.00346440658608262));
#4587=CARTESIAN_POINT('',(0.0314334112635983,0.0178,-0.00346440658608262));
#4588=CARTESIAN_POINT('',(0.0314741949835279,0.01781,-0.00330545712420237));
#4589=CARTESIAN_POINT('',(0.0314741949835279,0.0178,-0.00330545712420237));
#4590=CARTESIAN_POINT('',(0.031432397094431,0.01781,-0.00324276029055693));
#4591=CARTESIAN_POINT('',(0.031432397094431,0.0178,-0.00324276029055693));
#4592=CARTESIAN_POINT('',(0.0310670702179177,0.0178,-0.00334968523002424));
#4593=CARTESIAN_POINT('',(0.0310916707021792,0.0178,-0.00337099273607751));
#4594=CARTESIAN_POINT('',(0.0311242130750605,0.0178,-0.00338861985472158));
#4595=CARTESIAN_POINT('',(0.0312063438256658,0.0178,-0.00341612590799035));
#4596=CARTESIAN_POINT('',(0.0312450847457627,0.0178,-0.00342309927360778));
#4597=CARTESIAN_POINT('',(0.0313942372881356,0.0178,-0.00342309927360778));
#4598=CARTESIAN_POINT('',(0.031450411622276,0.0178,-0.00338319612590802));
#4599=CARTESIAN_POINT('',(0.031450411622276,0.0178,-0.00328092009685233));
#4600=CARTESIAN_POINT('',(0.031444406779661,0.0178,-0.00326077481840197));
#4601=CARTESIAN_POINT('',(0.031432397094431,0.0178,-0.00324276029055693));
#4602=CARTESIAN_POINT('',(0.0310670702179177,0.0178,-0.00334968523002424));
#4603=CARTESIAN_POINT('',(0.0310670702179177,0.01781,-0.00334968523002424));
#4604=CARTESIAN_POINT('',(0.0310670702179177,0.01781,-0.00346745762711867));
#4605=CARTESIAN_POINT('',(0.0310670702179177,0.0178,-0.0031));
#4606=CARTESIAN_POINT('',(0.0405929297820823,0.01781,-0.00285142857142855));
#4607=CARTESIAN_POINT('',(0.0411329297820824,0.01781,-0.0027));
#4608=CARTESIAN_POINT('',(0.0411329296154158,0.01781,-0.00270000016666664));
#4609=CARTESIAN_POINT('',(0.0411329296154158,0.01781,-0.0034999998333333));
#4610=CARTESIAN_POINT('',(0.0404795641646489,0.01781,-0.0027));
#4611=CARTESIAN_POINT('',(0.0410306539196933,0.01781,-0.00270000016666664));
#4612=CARTESIAN_POINT('',(0.0410358837772397,0.01781,-0.0033667312348668));
#4613=CARTESIAN_POINT('',(0.041032397094431,0.01781,-0.00334406779661014));
#4614=CARTESIAN_POINT('',(0.0410306537530267,0.01781,-0.00330513317191281));
#4615=CARTESIAN_POINT('',(0.0410306537530267,0.01781,-0.00306661824051652));
#4616=CARTESIAN_POINT('',(0.0410306537530267,0.01781,-0.00288330912025825));
#4617=CARTESIAN_POINT('',(0.0410306537530267,0.01781,-0.0027));
#4618=CARTESIAN_POINT('',(0.0410358835829712,0.01781,-0.00336673106819926));
#4619=CARTESIAN_POINT('',(0.0410337530266344,0.01781,-0.0033667312348668));
#4620=CARTESIAN_POINT('',(0.0410340168988487,0.01781,-0.0033667312348668));
#4621=CARTESIAN_POINT('',(0.0404926870478027,0.01781,-0.00365620608576486));
#4622=CARTESIAN_POINT('',(0.0410007647910451,0.01780999975,-0.00331156507410922));
#4623=CARTESIAN_POINT('',(0.0406093462469734,0.01781,-0.0027));
#4624=CARTESIAN_POINT('',(0.0406093461557751,0.01781,-0.00270000016666665));
#4625=CARTESIAN_POINT('',(0.0404795641646489,0.01781,-0.0027));
#4626=CARTESIAN_POINT('',(0.0404795643313156,0.01781,-0.00270000016666665));
#4627=CARTESIAN_POINT('',(0.0404795641646489,0.01781,-0.0035));
#4628=CARTESIAN_POINT('',(0.0404795643313155,0.01781,-0.00349999983333331));
#4629=CARTESIAN_POINT('',(0.0411329297820824,0.01781,-0.0035));
#4630=CARTESIAN_POINT('',(0.0405818400270379,0.01781,-0.00349999983333331));
#4631=CARTESIAN_POINT('',(0.0405777723970944,0.01781,-0.00282552058111378));
#4632=CARTESIAN_POINT('',(0.0405804842615012,0.01781,-0.00284334140435833));
#4633=CARTESIAN_POINT('',(0.0405818401937046,0.01781,-0.00288072639225179));
#4634=CARTESIAN_POINT('',(0.0405818401937046,0.01781,-0.00312498789346245));
#4635=CARTESIAN_POINT('',(0.0405818401937046,0.01781,-0.00331249394673121));
#4636=CARTESIAN_POINT('',(0.0405818401937046,0.01781,-0.0035));
#4637=CARTESIAN_POINT('',(0.0405777723970944,0.01781,-0.00282552058111378));
#4638=CARTESIAN_POINT('',(0.0405808716707022,0.01781,-0.00282552058111378));
#4639=CARTESIAN_POINT('',(0.0405808344959068,0.01781,-0.00282552058111378));
#4640=CARTESIAN_POINT('',(0.0408782439744952,0.01781,-0.00270243295375484));
#4641=CARTESIAN_POINT('',(0.0406081986227671,0.01780999975,-0.00287761764508147));
#4642=CARTESIAN_POINT('',(0.0410105084745763,0.01781,-0.0035));
#4643=CARTESIAN_POINT('',(0.0410105085652949,0.01781,-0.0034999998333333));
#4644=CARTESIAN_POINT('',(0.0411329297820824,0.01781,-0.0035));
#4645=CARTESIAN_POINT('',(0.0404795641646489,0.01781,-0.0027));
#4646=CARTESIAN_POINT('',(0.0331,0.0178,-0.0027));
#4647=CARTESIAN_POINT('',(0.0410306539196985,0.0178,-0.00270000016666664));
#4648=CARTESIAN_POINT('',(0.0411329296154158,0.0178,-0.00270000016666664));
#4649=CARTESIAN_POINT('',(0.0410306537530267,0.01781,-0.0027));
#4650=CARTESIAN_POINT('',(0.0411329297820824,0.01781,-0.0027));
#4651=CARTESIAN_POINT('',(0.0410358837772397,0.01781,-0.0033667312348668));
#4652=CARTESIAN_POINT('',(0.0410358837772397,0.0178,-0.0033667312348668));
#4653=CARTESIAN_POINT('',(0.0410283517267746,0.01781,-0.00331777290684335));
#4654=CARTESIAN_POINT('',(0.0410283517267746,0.0178,-0.00331777290684335));
#4655=CARTESIAN_POINT('',(0.0410318047661528,0.01781,-0.00304702960791808));
#4656=CARTESIAN_POINT('',(0.0410318047661528,0.0178,-0.00304702960791808));
#4657=CARTESIAN_POINT('',(0.0410306537530267,0.01781,-0.00281925746569813));
#4658=CARTESIAN_POINT('',(0.0410306537530267,0.0178,-0.00281925746569813));
#4659=CARTESIAN_POINT('',(0.0410306537530267,0.01781,-0.0027));
#4660=CARTESIAN_POINT('',(0.0410306537530267,0.0178,-0.0027));
#4661=CARTESIAN_POINT('',(0.0410358837772397,0.0178,-0.0033667312348668));
#4662=CARTESIAN_POINT('',(0.041032397094431,0.0178,-0.00334406779661014));
#4663=CARTESIAN_POINT('',(0.0410306537530267,0.0178,-0.00330513317191281));
#4664=CARTESIAN_POINT('',(0.0410306537530267,0.0178,-0.00306661824051652));
#4665=CARTESIAN_POINT('',(0.0410306537530267,0.0178,-0.00288330912025825));
#4666=CARTESIAN_POINT('',(0.0410306537530267,0.0178,-0.0027));
#4667=CARTESIAN_POINT('',(0.0410358835829712,0.0178,-0.00336673106819926));
#4668=CARTESIAN_POINT('',(0.0410358837772397,0.01781,-0.0033667312348668));
#4669=CARTESIAN_POINT('',(0.0410337530266344,0.01781,-0.0033667312348668));
#4670=CARTESIAN_POINT('',(0.0331,0.0178,-0.0033667312348668));
#4671=CARTESIAN_POINT('',(0.0410340168988487,0.0178,-0.0033667312348668));
#4672=CARTESIAN_POINT('',(0.0410340168988487,0.01781,-0.0033667312348668));
#4673=CARTESIAN_POINT('',(0.0404926870478027,0.01781,-0.00365620608576486));
#4674=CARTESIAN_POINT('',(0.0404926870478027,0.0178,-0.00365620608576486));
#4675=CARTESIAN_POINT('',(0.0410007647910451,0.0178,-0.00331156507410922));
#4676=CARTESIAN_POINT('',(0.0410008232445521,0.01780999975,-0.00331152542372881));
#4677=CARTESIAN_POINT('',(0.0410008232445521,0.0178066665,-0.00331152542372881));
#4678=CARTESIAN_POINT('',(0.0410008232445521,0.01780333325,-0.00331152542372881));
#4679=CARTESIAN_POINT('',(0.0410008232445521,0.0178,-0.00331152542372881));
#4680=CARTESIAN_POINT('',(0.0406093462469734,0.01781,-0.0027));
#4681=CARTESIAN_POINT('',(0.0386081233600419,0.0178,0.000426106211797528));
#4682=CARTESIAN_POINT('',(0.0406093461557751,0.0178,-0.00270000016666665));
#4683=CARTESIAN_POINT('',(0.0406093462469734,0.01781,-0.0027));
#4684=CARTESIAN_POINT('',(0.0404795641646489,0.01781,-0.0027));
#4685=CARTESIAN_POINT('',(0.0331,0.0178,-0.0027));
#4686=CARTESIAN_POINT('',(0.0404795643313156,0.0178,-0.00270000016666665));
#4687=CARTESIAN_POINT('',(0.0404795641646489,0.01781,-0.0027));
#4688=CARTESIAN_POINT('',(0.0404795641646489,0.01781,-0.0035));
#4689=CARTESIAN_POINT('',(0.0404795641646489,0.0178,-0.00309999999999996));
#4690=CARTESIAN_POINT('',(0.0404795643313155,0.0178,-0.00349999983333331));
#4691=CARTESIAN_POINT('',(0.0404795641646489,0.01781,-0.0035));
#4692=CARTESIAN_POINT('',(0.0411329297820824,0.01781,-0.0035));
#4693=CARTESIAN_POINT('',(0.0331,0.0178,-0.0035));
#4694=CARTESIAN_POINT('',(0.0405818400270349,0.0178,-0.00349999983333331));
#4695=CARTESIAN_POINT('',(0.0405818401937046,0.01781,-0.0035));
#4696=CARTESIAN_POINT('',(0.0405777723970944,0.01781,-0.00282552058111378));
#4697=CARTESIAN_POINT('',(0.0405777723970944,0.0178,-0.00282552058111378));
#4698=CARTESIAN_POINT('',(0.0405836079960995,0.01781,-0.00286386880314685));
#4699=CARTESIAN_POINT('',(0.0405836079960995,0.0178,-0.00286386880314685));
#4700=CARTESIAN_POINT('',(0.0405809562925072,0.01781,-0.00314634647009724));
#4701=CARTESIAN_POINT('',(0.0405809562925072,0.0178,-0.00314634647009724));
#4702=CARTESIAN_POINT('',(0.0405818401937046,0.01781,-0.00337786924939466));
#4703=CARTESIAN_POINT('',(0.0405818401937046,0.0178,-0.00337786924939466));
#4704=CARTESIAN_POINT('',(0.0405818401937046,0.01781,-0.0035));
#4705=CARTESIAN_POINT('',(0.0405818401937046,0.0178,-0.0035));
#4706=CARTESIAN_POINT('',(0.0405777723970944,0.0178,-0.00282552058111378));
#4707=CARTESIAN_POINT('',(0.0405804842615012,0.0178,-0.00284334140435833));
#4708=CARTESIAN_POINT('',(0.0405818401937046,0.0178,-0.00288072639225179));
#4709=CARTESIAN_POINT('',(0.0405818401937046,0.0178,-0.00312498789346245));
#4710=CARTESIAN_POINT('',(0.0405818401937046,0.0178,-0.00331249394673121));
#4711=CARTESIAN_POINT('',(0.0405818401937046,0.0178,-0.0035));
#4712=CARTESIAN_POINT('',(0.0405777723970944,0.0178,-0.00282552058111378));
#4713=CARTESIAN_POINT('',(0.0405777723970944,0.01781,-0.00282552058111378));
#4714=CARTESIAN_POINT('',(0.0405808716707022,0.01781,-0.00282552058111378));
#4715=CARTESIAN_POINT('',(0.0331,0.0178,-0.00282552058111378));
#4716=CARTESIAN_POINT('',(0.0405808344959068,0.0178,-0.00282552058111378));
#4717=CARTESIAN_POINT('',(0.0405808344959068,0.01781,-0.00282552058111378));
#4718=CARTESIAN_POINT('',(0.0408782439744952,0.01781,-0.00270243295375484));
#4719=CARTESIAN_POINT('',(0.0408782439744952,0.0178,-0.00270243295375484));
#4720=CARTESIAN_POINT('',(0.0406081986227671,0.0178,-0.00287761764508147));
#4721=CARTESIAN_POINT('',(0.0406081840193705,0.01780999975,-0.00287762711864408));
#4722=CARTESIAN_POINT('',(0.0406081840193705,0.0178066665,-0.00287762711864408));
#4723=CARTESIAN_POINT('',(0.0406081840193705,0.01780333325,-0.00287762711864408));
#4724=CARTESIAN_POINT('',(0.0406081840193705,0.0178,-0.00287762711864408));
#4725=CARTESIAN_POINT('',(0.0410105084745763,0.01781,-0.0035));
#4726=CARTESIAN_POINT('',(0.038496743139388,0.0178,0.000388650949427031));
#4727=CARTESIAN_POINT('',(0.0410105085652949,0.0178,-0.0034999998333333));
#4728=CARTESIAN_POINT('',(0.0410105084745763,0.01781,-0.0035));
#4729=CARTESIAN_POINT('',(0.0411329297820824,0.01781,-0.0035));
#4730=CARTESIAN_POINT('',(0.0331,0.0178,-0.0035));
#4731=CARTESIAN_POINT('',(0.0411329296154158,0.0178,-0.0034999998333333));
#4732=CARTESIAN_POINT('',(0.0411329297820824,0.01781,-0.0035));
#4733=CARTESIAN_POINT('',(0.0411329297820824,0.01781,-0.0027));
#4734=CARTESIAN_POINT('',(0.0411329297820824,0.0178,-0.00309999999999995));
#4735=CARTESIAN_POINT('',(0.039115,0.018,-0.0031));
#4736=CARTESIAN_POINT('',(0.039115,0.018,-0.004385));
#4737=CARTESIAN_POINT('',(0.039115,0.018,-0.004185));
#4738=CARTESIAN_POINT('',(0.039115,0.0178,-0.004385));
#4739=CARTESIAN_POINT('',(0.039115,0.0178,-0.0031));
#4740=CARTESIAN_POINT('',(0.039115,0.0178,-0.001815));
#4741=CARTESIAN_POINT('',(0.039115,0.018,-0.001815));
#4742=CARTESIAN_POINT('',(0.039115,0.018,-0.002015));
#4743=CARTESIAN_POINT('',(0.039115,0.018,-0.0031));
#4744=CARTESIAN_POINT('',(0.039115,0.018,-0.001815));
#4745=CARTESIAN_POINT('',(0.033085,0.018,-0.001815));
#4746=CARTESIAN_POINT('',(0.033085,0.0178,-0.001815));
#4747=CARTESIAN_POINT('',(0.033085,0.018,-0.002015));
#4748=CARTESIAN_POINT('',(0.039115,0.018,-0.002015));
#4749=CARTESIAN_POINT('',(0.0331,0.0178,-0.001815));
#4750=CARTESIAN_POINT('',(0.033085,0.018,-0.004385));
#4751=CARTESIAN_POINT('',(0.033085,0.018,-0.004385));
#4752=CARTESIAN_POINT('',(0.033085,0.018,-0.004185));
#4753=CARTESIAN_POINT('',(0.033085,0.0178,-0.004385));
#4754=CARTESIAN_POINT('',(0.0331,0.0178,-0.004385));
#4755=CARTESIAN_POINT('',(0.033085,0.018,-0.004185));
#4756=CARTESIAN_POINT('',(0.033085,0.018,-0.0031));
#4757=CARTESIAN_POINT('',(0.033085,0.0178,-0.0031));
#4758=CARTESIAN_POINT('',(0.033085,0.018,-0.0031));
#4759=CARTESIAN_POINT('',(0.0331,0.018,-0.0008));
#4760=CARTESIAN_POINT('',(0.0391,0.018,-0.0008));
#4761=CARTESIAN_POINT('',(0.0391,0.0178,-0.0008));
#4762=CARTESIAN_POINT('',(0.0391,0.018,-0.0006));
#4763=CARTESIAN_POINT('',(0.0391,0.018,-0.0006));
#4764=CARTESIAN_POINT('',(0.0331,0.018,-0.0006));
#4765=CARTESIAN_POINT('',(0.0331,0.018,-0.0008));
#4766=CARTESIAN_POINT('',(0.0331,0.0178,-0.0008));
#4767=CARTESIAN_POINT('',(0.0331,0.0178,-0.0008));
#4768=CARTESIAN_POINT('',(0.0331,0.018,-0.0031));
#4769=CARTESIAN_POINT('',(0.0331,0.018,-0.0054));
#4770=CARTESIAN_POINT('',(0.0331,0.018,-0.0056));
#4771=CARTESIAN_POINT('',(0.0331,0.0178,-0.0054));
#4772=CARTESIAN_POINT('',(0.0331,0.0178,-0.0031));
#4773=CARTESIAN_POINT('',(0.0331,0.018,-0.0031));
#4774=CARTESIAN_POINT('',(0.0391,0.018,-0.0031));
#4775=CARTESIAN_POINT('',(0.0391,0.018,-0.0054));
#4776=CARTESIAN_POINT('',(0.0391,0.0178,-0.0054));
#4777=CARTESIAN_POINT('',(0.0391,0.018,-0.0056));
#4778=CARTESIAN_POINT('',(0.0391,0.018,-0.0031));
#4779=CARTESIAN_POINT('',(0.0391,0.0178,-0.0031));
#4780=CARTESIAN_POINT('',(0.0331,0.018,-0.0054));
#4781=CARTESIAN_POINT('',(0.0331,0.018,-0.0056));
#4782=CARTESIAN_POINT('',(0.0391,0.0178,-0.0054));
#4783=CARTESIAN_POINT('',(0.033085,0.0178,-0.004185));
#4784=CARTESIAN_POINT('',(0.039115,0.0178,-0.004185));
#4785=CARTESIAN_POINT('',(0.039115,0.019,-0.004185));
#4786=CARTESIAN_POINT('',(0.0361,0.019,-0.004185));
#4787=CARTESIAN_POINT('',(0.033085,0.019,-0.004185));
#4788=CARTESIAN_POINT('',(0.033085,0.0178,-0.004185));
#4789=CARTESIAN_POINT('',(0.0391,0.0178,-0.0031));
#4790=CARTESIAN_POINT('',(0.0391,0.0186,-0.0031));
#4791=CARTESIAN_POINT('',(0.0391,0.0186,-0.0006));
#4792=CARTESIAN_POINT('',(0.0391,0.0186,-0.0056));
#4793=CARTESIAN_POINT('',(0.0391,0.0178,-0.0006));
#4794=CARTESIAN_POINT('',(0.0391,0.0178,-0.0056));
#4795=CARTESIAN_POINT('',(0.0331,0.0178,-0.0056));
#4796=CARTESIAN_POINT('',(0.0361,0.0186,-0.0056));
#4797=CARTESIAN_POINT('',(0.0331,0.0186,-0.0056));
#4798=CARTESIAN_POINT('',(0.0331,0.0178,-0.0056));
#4799=CARTESIAN_POINT('',(0.0331,0.0178,-0.0031));
#4800=CARTESIAN_POINT('',(0.0331,0.0186,-0.0031));
#4801=CARTESIAN_POINT('',(0.0331,0.0186,-0.0006));
#4802=CARTESIAN_POINT('',(0.0331,0.0178,-0.0006));
#4803=CARTESIAN_POINT('',(0.0391,0.0178,-0.0006));
#4804=CARTESIAN_POINT('',(0.0361,0.0186,-0.0006));
#4805=CARTESIAN_POINT('',(0.039115,0.0178,-0.0031));
#4806=CARTESIAN_POINT('',(0.039115,0.0178,-0.002015));
#4807=CARTESIAN_POINT('',(0.039115,0.019,-0.002015));
#4808=CARTESIAN_POINT('',(0.039115,0.019,-0.0031));
#4809=CARTESIAN_POINT('',(0.039115,0.0178,-0.002015));
#4810=CARTESIAN_POINT('',(0.033085,0.0178,-0.002015));
#4811=CARTESIAN_POINT('',(0.033085,0.019,-0.002015));
#4812=CARTESIAN_POINT('',(0.0361,0.019,-0.002015));
#4813=CARTESIAN_POINT('',(0.033085,0.0178,-0.0031));
#4814=CARTESIAN_POINT('',(0.033085,0.019,-0.0031));
#4815=CARTESIAN_POINT('',(0.0331,0.0178,-0.0031));
#4816=CARTESIAN_POINT('',(0.0413,0.0268,-0.0031));
#4817=CARTESIAN_POINT('',(0.0413,0.0268,-0.0031));
#4818=CARTESIAN_POINT('',(0.04065,0.0268,-0.0031));
#4819=CARTESIAN_POINT('',(0.0413,0.0267,-0.0031));
#4820=CARTESIAN_POINT('',(0.04055,0.0267,-0.0031));
#4821=CARTESIAN_POINT('',(0.0413,0.0268,-0.0031));
#4822=CARTESIAN_POINT('',(0.0413,0.0268,-0.0031));
#4823=CARTESIAN_POINT('',(0.0413,0.0256,-0.0031));
#4824=CARTESIAN_POINT('',(0.04055,0.0256,-0.0031));
#4825=CARTESIAN_POINT('',(0.0407,0.0241,-0.0063));
#4826=CARTESIAN_POINT('',(0.0407,0.0241,-0.0063));
#4827=CARTESIAN_POINT('',(0.0407,0.02475,-0.0063));
#4828=CARTESIAN_POINT('',(0.0407,0.0241,-0.0062));
#4829=CARTESIAN_POINT('',(0.0407,0.02485,-0.0062));
#4830=CARTESIAN_POINT('',(0.0315,0.0241,-0.0063));
#4831=CARTESIAN_POINT('',(0.0315,0.0241,-0.0063));
#4832=CARTESIAN_POINT('',(0.0315,0.02475,-0.0063));
#4833=CARTESIAN_POINT('',(0.0315,0.0241,-0.0062));
#4834=CARTESIAN_POINT('',(0.0315,0.02485,-0.0062));
#4835=CARTESIAN_POINT('',(0.0315,0.0241,-0.0063));
#4836=CARTESIAN_POINT('',(0.0315,0.0241,-0.0063));
#4837=CARTESIAN_POINT('',(0.0315,0.0241,-0.0049));
#4838=CARTESIAN_POINT('',(0.0315,0.02335,-0.0049));
#4839=CARTESIAN_POINT('',(0.0315,0.0241,-0.0063));
#4840=CARTESIAN_POINT('',(0.0407,0.0241,-0.0063));
#4841=CARTESIAN_POINT('',(0.0407,0.0241,-0.0049));
#4842=CARTESIAN_POINT('',(0.0407,0.02335,-0.0049));
#4843=CARTESIAN_POINT('',(0.0334,0.02501,-0.00435));
#4844=CARTESIAN_POINT('',(0.0325,0.02501,-0.00435));
#4845=CARTESIAN_POINT('',(0.03281,0.02501,-0.00435));
#4846=CARTESIAN_POINT('',(0.03281,0.02501,-0.00435));
#4847=CARTESIAN_POINT('',(0.03281,0.02501,-0.00375));
#4848=CARTESIAN_POINT('',(0.0334,0.02501,-0.00375));
#4849=CARTESIAN_POINT('',(0.03281,0.025,-0.00435));
#4850=CARTESIAN_POINT('',(0.03281,0.025,-0.00435));
#4851=CARTESIAN_POINT('',(0.03281,0.025,-0.00375));
#4852=CARTESIAN_POINT('',(0.03339,0.025,-0.00375));
#4853=CARTESIAN_POINT('',(0.03339,0.0241,-0.00435));
#4854=CARTESIAN_POINT('',(0.03339,0.02501,-0.00435));
#4855=CARTESIAN_POINT('',(0.03339,0.02501,-0.00435));
#4856=CARTESIAN_POINT('',(0.03339,0.02501,-0.00375));
#4857=CARTESIAN_POINT('',(0.03339,0.0241,-0.00375));
#4858=CARTESIAN_POINT('',(0.0325,0.0246,-0.00435));
#4859=CARTESIAN_POINT('',(0.0325,0.0246,-0.00435));
#4860=CARTESIAN_POINT('',(0.0325,0.0246,-0.0049));
#4861=CARTESIAN_POINT('',(0.0325,0.0246,-0.00435));
#4862=CARTESIAN_POINT('',(0.0325,0.0246,-0.00435));
#4863=CARTESIAN_POINT('',(0.0397,0.0246,-0.00435));
#4864=CARTESIAN_POINT('',(0.0397,0.0246,-0.00435));
#4865=CARTESIAN_POINT('',(0.0397,0.0246,-0.0049));
#4866=CARTESIAN_POINT('',(0.0422,0.0246,-0.0049));
#4867=CARTESIAN_POINT('',(0.0397,0.0241,-0.00435));
#4868=CARTESIAN_POINT('',(0.0397,0.0256,-0.00435));
#4869=CARTESIAN_POINT('',(0.0397,0.0256,-0.00435));
#4870=CARTESIAN_POINT('',(0.0397,0.0256,-0.0049));
#4871=CARTESIAN_POINT('',(0.0397,0.0241,-0.0049));
#4872=CARTESIAN_POINT('',(0.0397,0.0241,-0.00435));
#4873=CARTESIAN_POINT('',(0.0325,0.0241,-0.00435));
#4874=CARTESIAN_POINT('',(0.03731,0.025,-0.00435));
#4875=CARTESIAN_POINT('',(0.03731,0.0256,-0.00435));
#4876=CARTESIAN_POINT('',(0.03731,0.025,-0.00435));
#4877=CARTESIAN_POINT('',(0.03731,0.02501,-0.00435));
#4878=CARTESIAN_POINT('',(0.0325,0.02501,-0.00435));
#4879=CARTESIAN_POINT('',(0.0325,0.02501,-0.00435));
#4880=CARTESIAN_POINT('',(0.03789,0.02501,-0.00435));
#4881=CARTESIAN_POINT('',(0.03789,0.0241,-0.00435));
#4882=CARTESIAN_POINT('',(0.03789,0.0241,-0.00435));
#4883=CARTESIAN_POINT('',(0.03789,0.0256,-0.00435));
#4884=CARTESIAN_POINT('',(0.0325,0.0256,-0.00435));
#4885=CARTESIAN_POINT('',(0.03881,0.0256,-0.00435));
#4886=CARTESIAN_POINT('',(0.03881,0.025,-0.00435));
#4887=CARTESIAN_POINT('',(0.03881,0.025,-0.00435));
#4888=CARTESIAN_POINT('',(0.03881,0.02501,-0.00435));
#4889=CARTESIAN_POINT('',(0.0325,0.02501,-0.00435));
#4890=CARTESIAN_POINT('',(0.0325,0.02501,-0.00435));
#4891=CARTESIAN_POINT('',(0.03939,0.02501,-0.00435));
#4892=CARTESIAN_POINT('',(0.03939,0.0241,-0.00435));
#4893=CARTESIAN_POINT('',(0.03939,0.0241,-0.00435));
#4894=CARTESIAN_POINT('',(0.03939,0.0256,-0.00435));
#4895=CARTESIAN_POINT('',(0.0325,0.0256,-0.00435));
#4896=CARTESIAN_POINT('',(0.0325,0.0241,-0.00435));
#4897=CARTESIAN_POINT('',(0.0325,0.0256,-0.00435));
#4898=CARTESIAN_POINT('',(0.0325,0.0256,-0.00435));
#4899=CARTESIAN_POINT('',(0.03281,0.0256,-0.00435));
#4900=CARTESIAN_POINT('',(0.03281,0.025,-0.00435));
#4901=CARTESIAN_POINT('',(0.0325,0.02501,-0.00435));
#4902=CARTESIAN_POINT('',(0.03339,0.0241,-0.00435));
#4903=CARTESIAN_POINT('',(0.03339,0.0256,-0.00435));
#4904=CARTESIAN_POINT('',(0.0325,0.0256,-0.00435));
#4905=CARTESIAN_POINT('',(0.03431,0.0256,-0.00435));
#4906=CARTESIAN_POINT('',(0.03431,0.025,-0.00435));
#4907=CARTESIAN_POINT('',(0.03431,0.025,-0.00435));
#4908=CARTESIAN_POINT('',(0.03431,0.02501,-0.00435));
#4909=CARTESIAN_POINT('',(0.0325,0.02501,-0.00435));
#4910=CARTESIAN_POINT('',(0.0325,0.02501,-0.00435));
#4911=CARTESIAN_POINT('',(0.03489,0.02501,-0.00435));
#4912=CARTESIAN_POINT('',(0.03489,0.0241,-0.00435));
#4913=CARTESIAN_POINT('',(0.03489,0.0241,-0.00435));
#4914=CARTESIAN_POINT('',(0.03489,0.0256,-0.00435));
#4915=CARTESIAN_POINT('',(0.0325,0.0256,-0.00435));
#4916=CARTESIAN_POINT('',(0.03581,0.0256,-0.00435));
#4917=CARTESIAN_POINT('',(0.03581,0.025,-0.00435));
#4918=CARTESIAN_POINT('',(0.03581,0.02501,-0.00435));
#4919=CARTESIAN_POINT('',(0.0325,0.02501,-0.00435));
#4920=CARTESIAN_POINT('',(0.03639,0.02501,-0.00435));
#4921=CARTESIAN_POINT('',(0.03639,0.0241,-0.00435));
#4922=CARTESIAN_POINT('',(0.03639,0.0256,-0.00435));
#4923=CARTESIAN_POINT('',(0.0325,0.0256,-0.00435));
#4924=CARTESIAN_POINT('',(0.0325,0.0241,-0.0049));
#4925=CARTESIAN_POINT('',(0.0325,0.0256,-0.0049));
#4926=CARTESIAN_POINT('',(0.0325,0.0256,-0.0049));
#4927=CARTESIAN_POINT('',(0.0325,0.0241,-0.0049));
#4928=CARTESIAN_POINT('',(0.0321,0.0241,-0.00375));
#4929=CARTESIAN_POINT('',(0.0379,0.02501,-0.00375));
#4930=CARTESIAN_POINT('',(0.03731,0.02501,-0.00375));
#4931=CARTESIAN_POINT('',(0.03731,0.025,-0.00375));
#4932=CARTESIAN_POINT('',(0.03731,0.025,-0.00375));
#4933=CARTESIAN_POINT('',(0.03731,0.0256,-0.00375));
#4934=CARTESIAN_POINT('',(0.0321,0.0256,-0.00375));
#4935=CARTESIAN_POINT('',(0.03639,0.0256,-0.00375));
#4936=CARTESIAN_POINT('',(0.03639,0.0241,-0.00375));
#4937=CARTESIAN_POINT('',(0.03639,0.02501,-0.00375));
#4938=CARTESIAN_POINT('',(0.0364,0.02501,-0.00375));
#4939=CARTESIAN_POINT('',(0.03581,0.02501,-0.00375));
#4940=CARTESIAN_POINT('',(0.03581,0.025,-0.00375));
#4941=CARTESIAN_POINT('',(0.03581,0.0256,-0.00375));
#4942=CARTESIAN_POINT('',(0.0321,0.0256,-0.00375));
#4943=CARTESIAN_POINT('',(0.03489,0.0256,-0.00375));
#4944=CARTESIAN_POINT('',(0.03489,0.0241,-0.00375));
#4945=CARTESIAN_POINT('',(0.03489,0.0241,-0.00375));
#4946=CARTESIAN_POINT('',(0.03489,0.02501,-0.00375));
#4947=CARTESIAN_POINT('',(0.0349,0.02501,-0.00375));
#4948=CARTESIAN_POINT('',(0.0349,0.02501,-0.00375));
#4949=CARTESIAN_POINT('',(0.03431,0.02501,-0.00375));
#4950=CARTESIAN_POINT('',(0.03431,0.025,-0.00375));
#4951=CARTESIAN_POINT('',(0.03431,0.025,-0.00375));
#4952=CARTESIAN_POINT('',(0.03431,0.0256,-0.00375));
#4953=CARTESIAN_POINT('',(0.0321,0.0256,-0.00375));
#4954=CARTESIAN_POINT('',(0.03339,0.0256,-0.00375));
#4955=CARTESIAN_POINT('',(0.03339,0.0241,-0.00375));
#4956=CARTESIAN_POINT('',(0.0334,0.02501,-0.00375));
#4957=CARTESIAN_POINT('',(0.03281,0.025,-0.00375));
#4958=CARTESIAN_POINT('',(0.03281,0.0256,-0.00375));
#4959=CARTESIAN_POINT('',(0.0321,0.0256,-0.00375));
#4960=CARTESIAN_POINT('',(0.0321,0.0256,-0.00375));
#4961=CARTESIAN_POINT('',(0.0321,0.0241,-0.00375));
#4962=CARTESIAN_POINT('',(0.0321,0.0241,-0.00375));
#4963=CARTESIAN_POINT('',(0.0321,0.0241,-0.00375));
#4964=CARTESIAN_POINT('',(0.0401,0.0241,-0.00375));
#4965=CARTESIAN_POINT('',(0.0401,0.0241,-0.00375));
#4966=CARTESIAN_POINT('',(0.0401,0.0256,-0.00375));
#4967=CARTESIAN_POINT('',(0.0321,0.0256,-0.00375));
#4968=CARTESIAN_POINT('',(0.03939,0.0256,-0.00375));
#4969=CARTESIAN_POINT('',(0.03939,0.0241,-0.00375));
#4970=CARTESIAN_POINT('',(0.03939,0.0241,-0.00375));
#4971=CARTESIAN_POINT('',(0.03939,0.02501,-0.00375));
#4972=CARTESIAN_POINT('',(0.0394,0.02501,-0.00375));
#4973=CARTESIAN_POINT('',(0.0394,0.02501,-0.00375));
#4974=CARTESIAN_POINT('',(0.03881,0.02501,-0.00375));
#4975=CARTESIAN_POINT('',(0.03881,0.025,-0.00375));
#4976=CARTESIAN_POINT('',(0.03881,0.025,-0.00375));
#4977=CARTESIAN_POINT('',(0.03881,0.0256,-0.00375));
#4978=CARTESIAN_POINT('',(0.0321,0.0256,-0.00375));
#4979=CARTESIAN_POINT('',(0.03789,0.0256,-0.00375));
#4980=CARTESIAN_POINT('',(0.03789,0.0241,-0.00375));
#4981=CARTESIAN_POINT('',(0.03789,0.0241,-0.00375));
#4982=CARTESIAN_POINT('',(0.03789,0.02501,-0.00375));
#4983=CARTESIAN_POINT('',(0.0379,0.02501,-0.00375));
#4984=CARTESIAN_POINT('',(0.0321,0.0241,1.73472347597681E-18));
#4985=CARTESIAN_POINT('',(0.0321,0.0241,1.73472347597681E-18));
#4986=CARTESIAN_POINT('',(0.0321,0.0241,-6.26260611749337E-5));
#4987=CARTESIAN_POINT('',(0.0321,0.0256,1.73472347597681E-18));
#4988=CARTESIAN_POINT('',(0.0321,0.0256,-7.62291409732657E-5));
#4989=CARTESIAN_POINT('',(0.0321,0.02485,-6.94276010740998E-5));
#4990=CARTESIAN_POINT('',(0.0401,0.0241,-0.00375));
#4991=CARTESIAN_POINT('',(0.0401,0.0256,-0.00375));
#4992=CARTESIAN_POINT('',(0.0401,0.0256,-7.62291409732666E-5));
#4993=CARTESIAN_POINT('',(0.0401,0.0241,-0.00375));
#4994=CARTESIAN_POINT('',(0.0401,0.0241,-6.26260611749361E-5));
#4995=CARTESIAN_POINT('',(0.0401,0.02485,-6.94276010740633E-5));
#4996=CARTESIAN_POINT('',(0.0401,0.0241,-5.20417042793042E-18));
#4997=CARTESIAN_POINT('',(0.0329,0.0241,-0.0029));
#4998=CARTESIAN_POINT('',(0.0329,0.0241,4.79977728491694E-5));
#4999=CARTESIAN_POINT('',(0.0401,0.0241,4.79977728491694E-5));
#5000=CARTESIAN_POINT('',(0.0393,0.0241,4.79977728491694E-5));
#5001=CARTESIAN_POINT('',(0.0393,0.0241,-0.0029));
#5002=CARTESIAN_POINT('',(0.03,0.0213,-0.0049));
#5003=CARTESIAN_POINT('',(0.03,0.0213,-0.0049));
#5004=CARTESIAN_POINT('',(0.0304531207747341,0.0213,-0.0049));
#5005=CARTESIAN_POINT('',(0.0417468792252658,0.0213,-0.0049));
#5006=CARTESIAN_POINT('',(0.0393,0.0213,-0.0033));
#5007=CARTESIAN_POINT('',(0.0393,0.0213,-0.00622356254303505));
#5008=CARTESIAN_POINT('',(0.0361,0.0213,-0.00622356254303505));
#5009=CARTESIAN_POINT('',(0.0329,0.0213,-0.00622356254303505));
#5010=CARTESIAN_POINT('',(0.0329,0.0213,-0.0033));
#5011=CARTESIAN_POINT('',(0.0331,0.0186,-0.0031));
#5012=CARTESIAN_POINT('',(0.0331,0.019,-0.0031));
#5013=CARTESIAN_POINT('',(0.03265,0.019,-0.0031));
#5014=CARTESIAN_POINT('',(0.0361,0.019,-0.0031));
#5015=CARTESIAN_POINT('',(0.0346,0.019,-0.0031));
#5016=CARTESIAN_POINT('',(0.03415,0.019,-0.0031));
#5017=CARTESIAN_POINT('',(0.0376,0.019,-0.0031));
#5018=CARTESIAN_POINT('',(0.03715,0.019,-0.0031));
#5019=CARTESIAN_POINT('',(0.0391,0.019,-0.0031));
#5020=CARTESIAN_POINT('',(0.03865,0.019,-0.0031));
#5021=CARTESIAN_POINT('',(0.0422,0.0186,-0.0031));
#5022=CARTESIAN_POINT('',(0.0422479977728492,0.0241,-0.0031));
#5023=CARTESIAN_POINT('',(0.0422479977728492,0.0241000000000017,-0.0029));
#5024=CARTESIAN_POINT('',(0.0422479977728492,0.0241000000000017,-0.0033));
#5025=CARTESIAN_POINT('',(0.0422,0.0186,-0.0029));
#5026=CARTESIAN_POINT('',(0.0422,0.0186,-0.0029));
#5027=CARTESIAN_POINT('',(0.0422,0.0186,-0.0031));
#5028=CARTESIAN_POINT('',(0.0422,0.0186,-0.0033));
#5029=CARTESIAN_POINT('',(0.0422,0.0186,-0.0033));
#5030=CARTESIAN_POINT('',(0.0361,0.0186,-4.33680868994202E-18));
#5031=CARTESIAN_POINT('',(0.0329,0.0186,-4.33680868994202E-18));
#5032=CARTESIAN_POINT('',(0.0329,0.0186,-4.33680868994202E-18));
#5033=CARTESIAN_POINT('',(0.0361,0.0186,-4.33680868994202E-18));
#5034=CARTESIAN_POINT('',(0.0393,0.0186,-4.33680868994202E-18));
#5035=CARTESIAN_POINT('',(0.0393,0.0186,-4.33680868994202E-18));
#5036=CARTESIAN_POINT('',(0.03,0.0186,-0.0031));
#5037=CARTESIAN_POINT('',(0.0299520022271508,0.0241,-0.0031));
#5038=CARTESIAN_POINT('',(0.0299520022271508,0.0240999999999989,-0.0033));
#5039=CARTESIAN_POINT('',(0.0299520022271508,0.0240999999999989,-0.0029));
#5040=CARTESIAN_POINT('',(0.03,0.0186,-0.0033));
#5041=CARTESIAN_POINT('',(0.03,0.0186,-0.0033));
#5042=CARTESIAN_POINT('',(0.03,0.0186,-0.0031));
#5043=CARTESIAN_POINT('',(0.03,0.0186,-0.0029));
#5044=CARTESIAN_POINT('',(0.03,0.0186,-0.0029));
#5045=CARTESIAN_POINT('',(0.0346,0.0186,-0.0031));
#5046=CARTESIAN_POINT('',(0.0376,0.0186,-0.0031));
#5047=CARTESIAN_POINT('',(0.0391,0.0186,-0.0031));
#5048=CARTESIAN_POINT('',(0.0393,0.0186,-0.0033));
#5049=CARTESIAN_POINT('',(0.0393,0.0241,-0.0033));
#5050=CARTESIAN_POINT('',(0.0417760231963218,0.024100000000017,-0.0049));
#5051=CARTESIAN_POINT('',(0.0393,0.0186,-0.0033));
#5052=CARTESIAN_POINT('',(0.0393,0.0186,-0.0062));
#5053=CARTESIAN_POINT('',(0.0393,0.0186,-0.0062));
#5054=CARTESIAN_POINT('',(-76.4541819597811,0.818912700240493,-0.00489999909517907));
#5055=CARTESIAN_POINT('',(0.0329,0.0186,-0.0033));
#5056=CARTESIAN_POINT('',(0.0329,0.0241,-0.0033));
#5057=CARTESIAN_POINT('',(0.0304239768036782,0.0240999999999982,-0.0049));
#5058=CARTESIAN_POINT('',(76.5263029751776,0.818911878124498,-0.00489999909263204));
#5059=CARTESIAN_POINT('',(0.0329,0.0186,-0.0062));
#5060=CARTESIAN_POINT('',(0.0329,0.0186,-0.0062));
#5061=CARTESIAN_POINT('',(0.0329,0.0186,-0.0033));
#5062=CARTESIAN_POINT('',(0.0361,0.0186,-0.0062));
#5063=CARTESIAN_POINT('',(0.0361,0.0186,-0.0062));
#5064=CARTESIAN_POINT('',(0.0393,0.0186,-0.0029));
#5065=CARTESIAN_POINT('',(0.0393,0.0241,-0.0029));
#5066=CARTESIAN_POINT('',(0.0393,0.0186,-0.0029));
#5067=CARTESIAN_POINT('',(0.0329,0.0186,-0.0029));
#5068=CARTESIAN_POINT('',(0.0329,0.0241,-0.0029));
#5069=CARTESIAN_POINT('',(0.0329,0.0186,-0.0029));
#5070=CARTESIAN_POINT('',(0.0361,0.0256,-0.0031));
#5071=CARTESIAN_POINT('',(0.03281,0.0256,-0.0031));
#5072=CARTESIAN_POINT('',(0.0422,0.0256,-0.0049));
#5073=CARTESIAN_POINT('',(0.030439576893238,0.0256,-0.0049));
#5074=CARTESIAN_POINT('',(0.0329,0.0256,-0.0033));
#5075=CARTESIAN_POINT('',(0.029965092528837,0.0256,-0.0033));
#5076=CARTESIAN_POINT('',(0.029965092528837,0.0256,-0.00185100111357542));
#5077=CARTESIAN_POINT('',(0.029965092528837,0.0256,-0.0029));
#5078=CARTESIAN_POINT('',(0.0329,0.0256,-0.0029));
#5079=CARTESIAN_POINT('',(0.0361,0.0256,-0.0031));
#5080=CARTESIAN_POINT('',(0.03431,0.0256,-0.0031));
#5081=CARTESIAN_POINT('',(0.03339,0.0256,-0.0031));
#5082=CARTESIAN_POINT('',(0.03431,0.025,-0.00435));
#5083=CARTESIAN_POINT('',(0.03431,0.02501,-0.00435));
#5084=CARTESIAN_POINT('',(0.0334,0.02501,-0.00435));
#5085=CARTESIAN_POINT('',(0.03489,0.025,-0.00375));
#5086=CARTESIAN_POINT('',(0.03489,0.02501,-0.00435));
#5087=CARTESIAN_POINT('',(0.0361,0.0256,-0.0031));
#5088=CARTESIAN_POINT('',(0.03581,0.0256,-0.0031));
#5089=CARTESIAN_POINT('',(0.03489,0.0256,-0.0031));
#5090=CARTESIAN_POINT('',(0.03581,0.025,-0.00435));
#5091=CARTESIAN_POINT('',(0.03581,0.02501,-0.00435));
#5092=CARTESIAN_POINT('',(0.0334,0.02501,-0.00435));
#5093=CARTESIAN_POINT('',(0.03639,0.02501,-0.00435));
#5094=CARTESIAN_POINT('',(0.03639,0.025,-0.00375));
#5095=CARTESIAN_POINT('',(0.03639,0.0256,-0.0031));
#5096=CARTESIAN_POINT('',(0.0361,0.0256,-0.0031));
#5097=CARTESIAN_POINT('',(0.03731,0.0256,-0.0031));
#5098=CARTESIAN_POINT('',(0.03731,0.025,-0.00435));
#5099=CARTESIAN_POINT('',(0.03731,0.02501,-0.00435));
#5100=CARTESIAN_POINT('',(0.0334,0.02501,-0.00435));
#5101=CARTESIAN_POINT('',(0.03789,0.025,-0.00375));
#5102=CARTESIAN_POINT('',(0.03789,0.02501,-0.00435));
#5103=CARTESIAN_POINT('',(0.0361,0.0256,-0.0031));
#5104=CARTESIAN_POINT('',(0.03881,0.0256,-0.0031));
#5105=CARTESIAN_POINT('',(0.03789,0.0256,-0.0031));
#5106=CARTESIAN_POINT('',(0.03881,0.025,-0.00435));
#5107=CARTESIAN_POINT('',(0.03881,0.02501,-0.00435));
#5108=CARTESIAN_POINT('',(0.0334,0.02501,-0.00435));
#5109=CARTESIAN_POINT('',(0.03939,0.025,-0.00375));
#5110=CARTESIAN_POINT('',(0.03939,0.02501,-0.00435));
#5111=CARTESIAN_POINT('',(0.0422,0.0213,-0.0049));
#5112=CARTESIAN_POINT('',(0.0422,0.0256,-0.0049));
#5113=CARTESIAN_POINT('',(0.041760423106762,0.0256,-0.0049));
#5114=CARTESIAN_POINT('',(0.0417682231515418,0.0248500000000085,-0.0049));
#5115=CARTESIAN_POINT('',(0.0304317768484581,0.0248499999999983,-0.0049));
#5116=CARTESIAN_POINT('',(0.0361,0.0256,-0.0031));
#5117=CARTESIAN_POINT('',(0.0393,0.0256,-0.0029));
#5118=CARTESIAN_POINT('',(0.042234907471163,0.0256,-0.0029));
#5119=CARTESIAN_POINT('',(0.042234907471163,0.0256,-0.00185100111357542));
#5120=CARTESIAN_POINT('',(0.042234907471163,0.0256,-0.0033));
#5121=CARTESIAN_POINT('',(0.0393,0.0256,-0.0033));
#5122=CARTESIAN_POINT('',(0.03939,0.0256,-0.0031));
#5123=CARTESIAN_POINT('',(0.0422479977728492,0.0241,-0.00185100111357542));
#5124=CARTESIAN_POINT('',(0.0422479977728492,0.0241,-0.0029));
#5125=CARTESIAN_POINT('',(0.0422479977728492,0.0241,-0.0033));
#5126=CARTESIAN_POINT('',(0.0299520022271508,0.0241,-0.00185100111357542));
#5127=CARTESIAN_POINT('',(0.0299520022271508,0.0241,-0.0033));
#5128=CARTESIAN_POINT('',(0.0299520022271508,0.0241,-0.0029));
#5129=CARTESIAN_POINT('',(0.0329,0.0241,-0.0033));
#5130=CARTESIAN_POINT('',(0.0329,0.0241,-0.0029));
#5131=CARTESIAN_POINT('',(0.0393,0.0241,-0.0033));
#5132=CARTESIAN_POINT('',(0.0393,0.0241,-0.0029));
#5133=CARTESIAN_POINT('',(0.0361,0.0186,-0.0031));
#5134=CARTESIAN_POINT('',(0.03881,0.025,-0.00435));
#5135=CARTESIAN_POINT('',(0.0334,0.02501,-0.00435));
#5136=CARTESIAN_POINT('',(0.03939,0.025,-0.00375));
#5137=CARTESIAN_POINT('',(0.03431,0.025,-0.00435));
#5138=CARTESIAN_POINT('',(0.0334,0.02501,-0.00435));
#5139=CARTESIAN_POINT('',(0.03489,0.025,-0.00375));
#5140=CARTESIAN_POINT('',(0.0334,0.02501,-0.00435));
#5141=CARTESIAN_POINT('',(0.03281,0.025,-0.00435));
#5142=CARTESIAN_POINT('',(0.03339,0.025,-0.00375));
#5143=CARTESIAN_POINT('',(0.03731,0.025,-0.00435));
#5144=CARTESIAN_POINT('',(0.0334,0.02501,-0.00435));
#5145=CARTESIAN_POINT('',(0.03789,0.025,-0.00375));
#5146=MECHANICAL_DESIGN_GEOMETRIC_PRESENTATION_REPRESENTATION('',(#2898),
#5147);
#5147=(
GEOMETRIC_REPRESENTATION_CONTEXT(3)
GLOBAL_UNCERTAINTY_ASSIGNED_CONTEXT((#5148))
GLOBAL_UNIT_ASSIGNED_CONTEXT((#5151,#5150,#5149))
REPRESENTATION_CONTEXT('Deni8A7Ev9mp','TOP_LEVEL_ASSEMBLY_PART')
);
#5148=UNCERTAINTY_MEASURE_WITH_UNIT(LENGTH_MEASURE(2.E-5),#5151,
'DISTANCE_ACCURACY_VALUE','Maximum Tolerance applied to model');
#5149=(
NAMED_UNIT(*)
SI_UNIT($,.STERADIAN.)
SOLID_ANGLE_UNIT()
);
#5150=(
NAMED_UNIT(*)
PLANE_ANGLE_UNIT()
SI_UNIT($,.RADIAN.)
);
#5151=(
LENGTH_UNIT()
NAMED_UNIT(*)
SI_UNIT($,.METRE.)
);
#5152=PRODUCT_DEFINITION_SHAPE('','',#5153);
#5153=PRODUCT_DEFINITION('','',#5155,#5154);
#5154=PRODUCT_DEFINITION_CONTEXT('',#5161,'design');
#5155=PRODUCT_DEFINITION_FORMATION_WITH_SPECIFIED_SOURCE('','',#5157,
 .NOT_KNOWN.);
#5156=PRODUCT_RELATED_PRODUCT_CATEGORY('','',(#5157));
#5157=PRODUCT('Deni8A7Ev9mp','Deni8A7Ev9mp','Deni8A7Ev9mp',(#5159));
#5158=PRODUCT_CATEGORY('','');
#5159=PRODUCT_CONTEXT('',#5161,'mechanical');
#5160=APPLICATION_PROTOCOL_DEFINITION('international standard',
'ap242_managed_model_based_3d_engineering',2020,#5161);
#5161=APPLICATION_CONTEXT('managed model based 3d engineering');
ENDSEC;
END-ISO-10303-21;
