ISO-10303-21;
HEADER;
/* Generated by software containing ST-Developer
 * from STEP Tools, Inc. (www.steptools.com) 
 */
/* OPTION: using custom renumber hook */

FILE_DESCRIPTION(
/* description */ ('STEP AP242 Edition 2',
'CAx-IF Rec.Pracs.---Representation and Presentation of Product Manufa
cturing Information (PMI)---4.0---2014-10-13',
'CAx-IF Rec.Pracs.---3D Tessellated Geometry---0.4---2014-09-14','2;1',
'CAx-IF Rec.Pracs.---User Defined Attributes---1.5---2016-08-15'),
/* implementation_level */ '2;1');

FILE_NAME(
/* name */ '4pin_asm_top - Deni8A7Ev9mp',
/* time_stamp */ '2026-09-13T16:41:32Z',
/* author */ (''),
/* organization */ (''),
/* preprocessor_version */ 'ST-DEVELOPER v20',
/* originating_system */ 'ONSHAPE BY PTC INC, 1.220',
/* authorisation */ '  ');

FILE_SCHEMA (('AP242_MANAGED_MODEL_BASED_3D_ENGINEERING_MIM_LF { 1 0 10303 442 3 1 4 }'));
ENDSEC;

DATA;
#10=SHAPE_REPRESENTATION_RELATIONSHIP('','',#2824,#11);
#11=ADVANCED_BREP_SHAPE_REPRESENTATION('',(#2822),#4985);
#12=B_SPLINE_SURFACE_WITH_KNOTS('',3,1,((#4129,#4130),(#4131,#4132),(#4133,
#4134),(#4135,#4136),(#4137,#4138),(#4139,#4140),(#4141,#4142)),
 .SURF_OF_LINEAR_EXTRUSION.,.F.,.F.,.F.,(4,1,1,1,4),(2,2),(0.,0.25,0.5,
0.75,1.),(0.,1.),.UNSPECIFIED.);
#13=B_SPLINE_SURFACE_WITH_KNOTS('',3,1,((#4167,#4168),(#4169,#4170),(#4171,
#4172),(#4173,#4174),(#4175,#4176)),.SURF_OF_LINEAR_EXTRUSION.,.F.,.F.,
 .F.,(4,1,4),(2,2),(8.67361737988404E-19,0.5,1.),(0.,1.),.UNSPECIFIED.);
#14=B_SPLINE_SURFACE_WITH_KNOTS('',3,1,((#4193,#4194),(#4195,#4196),(#4197,
#4198),(#4199,#4200)),.SURF_OF_LINEAR_EXTRUSION.,.F.,.F.,.F.,(4,4),(2,2),
(0.,1.),(0.,1.),.PIECEWISE_BEZIER_KNOTS.);
#15=B_SPLINE_SURFACE_WITH_KNOTS('',3,1,((#4219,#4220),(#4221,#4222),(#4223,
#4224),(#4225,#4226)),.SURF_OF_LINEAR_EXTRUSION.,.F.,.F.,.F.,(4,4),(2,2),
(0.,1.),(0.,1.),.PIECEWISE_BEZIER_KNOTS.);
#16=B_SPLINE_SURFACE_WITH_KNOTS('',3,1,((#4250,#4251),(#4252,#4253),(#4254,
#4255),(#4256,#4257),(#4258,#4259)),.SURF_OF_LINEAR_EXTRUSION.,.F.,.F.,
 .F.,(4,1,4),(2,2),(0.,0.5,1.),(0.,1.),.UNSPECIFIED.);
#17=B_SPLINE_SURFACE_WITH_KNOTS('',3,1,((#4319,#4320),(#4321,#4322),(#4323,
#4324),(#4325,#4326),(#4327,#4328)),.SURF_OF_LINEAR_EXTRUSION.,.F.,.F.,
 .F.,(4,1,4),(2,2),(0.,0.5,1.),(0.,1.),.UNSPECIFIED.);
#18=B_SPLINE_SURFACE_WITH_KNOTS('',3,1,((#4364,#4365),(#4366,#4367),(#4368,
#4369),(#4370,#4371),(#4372,#4373)),.SURF_OF_LINEAR_EXTRUSION.,.F.,.F.,
 .F.,(4,1,4),(2,2),(0.,0.5,1.),(0.,1.),.UNSPECIFIED.);
#19=CONICAL_SURFACE('',#2844,0.0003,0.785398163397448);
#20=CONICAL_SURFACE('',#2972,0.0003,0.785398163397448);
#21=CONICAL_SURFACE('',#2989,0.0003,0.785398163397448);
#22=CONICAL_SURFACE('',#3006,0.0003,0.785398163397448);
#23=CONICAL_SURFACE('',#3009,0.00065,0.785398163397448);
#24=CONICAL_SURFACE('',#3015,0.00065,0.785398163397446);
#25=CONICAL_SURFACE('',#3018,0.00065,0.78539816339745);
#26=CONICAL_SURFACE('',#3044,0.0029,0.00872664625997165);
#27=CONICAL_SURFACE('',#3047,0.0029,0.00872664625997165);
#28=CONICAL_SURFACE('',#3071,0.0029,0.00872664625997165);
#29=CONICAL_SURFACE('',#3075,0.0029,0.00872664625997165);
#30=CONICAL_SURFACE('',#3086,0.00294799777284917,0.00872664625997165);
#31=CONICAL_SURFACE('',#3087,0.00294799777284917,0.00872664625997165);
#32=CONICAL_SURFACE('',#3088,0.00294799777284917,0.00872664625997165);
#33=CONICAL_SURFACE('',#3089,0.00294799777284917,0.00872664625997165);
#34=B_SPLINE_CURVE_WITH_KNOTS('',3,(#3924,#3925,#3926,#3927),
 .UNSPECIFIED.,.F.,.F.,(4,4),(9.75781955236954E-19,0.000170646894364876),
 .UNSPECIFIED.);
#35=B_SPLINE_CURVE_WITH_KNOTS('',3,(#3930,#3931,#3932,#3933,#3934),
 .UNSPECIFIED.,.F.,.F.,(4,1,4),(2.05221574869593E-14,0.000169692331488787,
0.000339384662957053),.UNSPECIFIED.);
#36=B_SPLINE_CURVE_WITH_KNOTS('',3,(#3936,#3937,#3938,#3939,#3940),
 .UNSPECIFIED.,.F.,.F.,(4,1,4),(1.62993690657857E-14,0.000281681770263058,
0.000563363540509816),.UNSPECIFIED.);
#37=B_SPLINE_CURVE_WITH_KNOTS('',3,(#3942,#3943,#3944,#3945,#3946),
 .UNSPECIFIED.,.F.,.F.,(4,1,4),(0.,0.000169309289349604,0.000338618578699208),
 .UNSPECIFIED.);
#38=B_SPLINE_CURVE_WITH_KNOTS('',3,(#3949,#3950,#3951,#3952),
 .UNSPECIFIED.,.F.,.F.,(4,4),(8.03740973959436E-16,0.000170713987938042),
 .UNSPECIFIED.);
#39=B_SPLINE_CURVE_WITH_KNOTS('',3,(#4021,#4022,#4023,#4024,#4025,#4026,
#4027,#4028,#4029,#4030,#4031),.UNSPECIFIED.,.T.,.F.,(1,1,1,1,1,1,1,1,1,
1,1,1,1,1,1),(-0.375,-0.25,-0.125,0.,0.125,0.25,0.375,0.5,0.625,0.75,0.875,
1.,1.125,1.25,1.375),.UNSPECIFIED.);
#40=B_SPLINE_CURVE_WITH_KNOTS('',3,(#4064,#4065,#4066,#4067,#4068,#4069,
#4070,#4071,#4072,#4073,#4074,#4075),.UNSPECIFIED.,.F.,.F.,(4,2,2,2,2,4),
(0.,0.181079512478235,0.362159024956469,0.633778293673822,0.905397562391177,
1.),.UNSPECIFIED.);
#41=B_SPLINE_CURVE_WITH_KNOTS('',3,(#4079,#4080,#4081,#4082,#4083,#4084,
#4085,#4086,#4087,#4088),.UNSPECIFIED.,.F.,.F.,(4,2,2,2,4),(0.,0.343006395359997,
0.570473794388208,0.797941193416424,1.),.UNSPECIFIED.);
#42=B_SPLINE_CURVE_WITH_KNOTS('',3,(#4092,#4093,#4094,#4095,#4096,#4097),
 .UNSPECIFIED.,.F.,.F.,(4,2,4),(0.,0.505415162454873,1.),.UNSPECIFIED.);
#43=B_SPLINE_CURVE_WITH_KNOTS('',3,(#4101,#4102,#4103,#4104),
 .UNSPECIFIED.,.F.,.F.,(4,4),(0.,1.),.UNSPECIFIED.);
#44=B_SPLINE_CURVE_WITH_KNOTS('',3,(#4110,#4111,#4112,#4113,#4114,#4115,
#4116,#4117,#4118,#4119),.UNSPECIFIED.,.F.,.F.,(4,2,2,2,4),(0.,0.170197938197711,
0.340395876395426,0.856336223078549,1.),.UNSPECIFIED.);
#45=B_SPLINE_CURVE_WITH_KNOTS('',3,(#4124,#4125,#4126,#4127),
 .UNSPECIFIED.,.F.,.F.,(4,4),(0.,1.),.UNSPECIFIED.);
#46=B_SPLINE_CURVE_WITH_KNOTS('',3,(#4143,#4144,#4145,#4146,#4147,#4148,
#4149,#4150,#4151,#4152,#4153,#4154),.UNSPECIFIED.,.F.,.F.,(4,2,2,2,2,4),
(0.,0.181079512478235,0.362159024956469,0.633778293673822,0.905397562391177,
1.),.UNSPECIFIED.);
#47=B_SPLINE_CURVE_WITH_KNOTS('',3,(#4156,#4157,#4158,#4159),
 .UNSPECIFIED.,.F.,.F.,(4,4),(0.,1.),.UNSPECIFIED.);
#48=B_SPLINE_CURVE_WITH_KNOTS('',3,(#4163,#4164,#4165,#4166),
 .UNSPECIFIED.,.F.,.F.,(4,4),(0.,1.),.UNSPECIFIED.);
#49=B_SPLINE_CURVE_WITH_KNOTS('',3,(#4177,#4178,#4179,#4180,#4181,#4182,
#4183,#4184,#4185,#4186),.UNSPECIFIED.,.F.,.F.,(4,2,2,2,4),(0.,0.343006395359997,
0.570473794388208,0.797941193416424,1.),.UNSPECIFIED.);
#50=B_SPLINE_CURVE_WITH_KNOTS('',3,(#4201,#4202,#4203,#4204,#4205,#4206),
 .UNSPECIFIED.,.F.,.F.,(4,2,4),(0.,0.505415162454873,1.),.UNSPECIFIED.);
#51=B_SPLINE_CURVE_WITH_KNOTS('',3,(#4208,#4209,#4210,#4211),
 .UNSPECIFIED.,.F.,.F.,(4,4),(0.,1.),.UNSPECIFIED.);
#52=B_SPLINE_CURVE_WITH_KNOTS('',3,(#4215,#4216,#4217,#4218),
 .UNSPECIFIED.,.F.,.F.,(4,4),(0.,1.),.UNSPECIFIED.);
#53=B_SPLINE_CURVE_WITH_KNOTS('',3,(#4227,#4228,#4229,#4230),
 .UNSPECIFIED.,.F.,.F.,(4,4),(0.,1.),.UNSPECIFIED.);
#54=B_SPLINE_CURVE_WITH_KNOTS('',3,(#4232,#4233,#4234,#4235),
 .UNSPECIFIED.,.F.,.F.,(4,4),(0.,1.),.UNSPECIFIED.);
#55=B_SPLINE_CURVE_WITH_KNOTS('',3,(#4239,#4240,#4241,#4242),
 .UNSPECIFIED.,.F.,.F.,(4,4),(0.,1.),.UNSPECIFIED.);
#56=B_SPLINE_CURVE_WITH_KNOTS('',3,(#4246,#4247,#4248,#4249),
 .UNSPECIFIED.,.F.,.F.,(4,4),(0.,1.),.UNSPECIFIED.);
#57=B_SPLINE_CURVE_WITH_KNOTS('',3,(#4260,#4261,#4262,#4263,#4264,#4265,
#4266,#4267,#4268,#4269),.UNSPECIFIED.,.F.,.F.,(4,2,2,2,4),(0.,0.170197938197711,
0.340395876395426,0.856336223078549,1.),.UNSPECIFIED.);
#58=B_SPLINE_CURVE_WITH_KNOTS('',3,(#4280,#4281,#4282,#4283,#4284,#4285),
 .UNSPECIFIED.,.F.,.F.,(4,2,4),(0.,0.231456415809421,1.),.UNSPECIFIED.);
#59=B_SPLINE_CURVE_WITH_KNOTS('',3,(#4299,#4300,#4301,#4302,#4303,#4304),
 .UNSPECIFIED.,.F.,.F.,(4,2,4),(0.,0.232355273592387,1.),.UNSPECIFIED.);
#60=B_SPLINE_CURVE_WITH_KNOTS('',3,(#4329,#4330,#4331,#4332,#4333,#4334),
 .UNSPECIFIED.,.F.,.F.,(4,2,4),(0.,0.231456415809421,1.),.UNSPECIFIED.);
#61=B_SPLINE_CURVE_WITH_KNOTS('',3,(#4344,#4345,#4346,#4347),
 .UNSPECIFIED.,.F.,.F.,(4,4),(2.49999999868421E-5,1.),.UNSPECIFIED.);
#62=B_SPLINE_CURVE_WITH_KNOTS('',3,(#4374,#4375,#4376,#4377,#4378,#4379),
 .UNSPECIFIED.,.F.,.F.,(4,2,4),(0.,0.232355273592387,1.),.UNSPECIFIED.);
#63=B_SPLINE_CURVE_WITH_KNOTS('',3,(#4389,#4390,#4391,#4392),
 .UNSPECIFIED.,.F.,.F.,(4,4),(2.49999999868422E-5,1.),.UNSPECIFIED.);
#64=B_SPLINE_CURVE_WITH_KNOTS('',3,(#4492,#4493,#4494,#4495),
 .UNSPECIFIED.,.F.,.F.,(4,4),(9.75781955236954E-19,0.000170646894365847),
 .UNSPECIFIED.);
#65=B_SPLINE_CURVE_WITH_KNOTS('',3,(#4498,#4499,#4500,#4501,#4502),
 .UNSPECIFIED.,.F.,.F.,(4,1,4),(2.05221574869593E-14,0.000169692331488788,
0.000339384662957053),.UNSPECIFIED.);
#66=B_SPLINE_CURVE_WITH_KNOTS('',3,(#4504,#4505,#4506,#4507,#4508),
 .UNSPECIFIED.,.F.,.F.,(4,1,4),(1.62993690657857E-14,0.00028168177026306,
0.000563363540509821),.UNSPECIFIED.);
#67=B_SPLINE_CURVE_WITH_KNOTS('',3,(#4510,#4511,#4512,#4513,#4514),
 .UNSPECIFIED.,.F.,.F.,(4,1,4),(0.,0.000169309289349604,0.000338618578699207),
 .UNSPECIFIED.);
#68=B_SPLINE_CURVE_WITH_KNOTS('',3,(#4517,#4518,#4519,#4520),
 .UNSPECIFIED.,.F.,.F.,(4,4),(7.80133348746849E-16,0.000170713987938049),
 .UNSPECIFIED.);
#69=B_SPLINE_CURVE_WITH_KNOTS('',3,(#4533,#4534,#4535,#4536),
 .UNSPECIFIED.,.F.,.F.,(4,4),(1.02999206386123E-18,0.000170646894360026),
 .UNSPECIFIED.);
#70=B_SPLINE_CURVE_WITH_KNOTS('',3,(#4542,#4543,#4544,#4545,#4546),
 .UNSPECIFIED.,.F.,.F.,(4,1,4),(6.84281899314271E-17,0.000169692331505713,
0.000339384663011358),.UNSPECIFIED.);
#71=B_SPLINE_CURVE_WITH_KNOTS('',3,(#4548,#4549,#4550,#4551,#4552),
 .UNSPECIFIED.,.F.,.F.,(4,1,4),(9.17529750032391E-17,0.000281681770301344,
0.000563363540602597),.UNSPECIFIED.);
#72=B_SPLINE_CURVE_WITH_KNOTS('',3,(#4554,#4555,#4556,#4557,#4558),
 .UNSPECIFIED.,.F.,.F.,(4,1,4),(0.,0.00016930928935877,0.00033861857871754),
 .UNSPECIFIED.);
#73=B_SPLINE_CURVE_WITH_KNOTS('',3,(#4564,#4565,#4566,#4567),
 .UNSPECIFIED.,.F.,.F.,(4,4),(9.75781955236954E-19,0.000170713987939636),
 .UNSPECIFIED.);
#74=B_SPLINE_CURVE_WITH_KNOTS('',3,(#4626,#4627,#4628,#4629),
 .UNSPECIFIED.,.F.,.F.,(4,4),(0.,0.000170646894365859),.UNSPECIFIED.);
#75=B_SPLINE_CURVE_WITH_KNOTS('',3,(#4632,#4633,#4634,#4635,#4636),
 .UNSPECIFIED.,.F.,.F.,(4,1,4),(2.05221574869593E-14,0.000169692331488788,
0.000339384662957053),.UNSPECIFIED.);
#76=B_SPLINE_CURVE_WITH_KNOTS('',3,(#4638,#4639,#4640,#4641,#4642),
 .UNSPECIFIED.,.F.,.F.,(4,1,4),(1.62993690657857E-14,0.000281681770263057,
0.000563363540509814),.UNSPECIFIED.);
#77=B_SPLINE_CURVE_WITH_KNOTS('',3,(#4644,#4645,#4646,#4647,#4648),
 .UNSPECIFIED.,.F.,.F.,(4,1,4),(0.,0.000169309289349604,0.000338618578699207),
 .UNSPECIFIED.);
#78=B_SPLINE_CURVE_WITH_KNOTS('',3,(#4651,#4652,#4653,#4654),
 .UNSPECIFIED.,.F.,.F.,(4,4),(7.79159462302114E-16,0.000170713987938036),
 .UNSPECIFIED.);
#79=TOROIDAL_SURFACE('',#2838,0.0007,0.0003);
#80=TOROIDAL_SURFACE('',#2858,0.0008,0.00025);
#81=TOROIDAL_SURFACE('',#2864,0.00079999999999999,0.00025);
#82=TOROIDAL_SURFACE('',#2929,0.001285,0.0002);
#83=TOROIDAL_SURFACE('',#2937,0.001285,0.0002);
#84=TOROIDAL_SURFACE('',#2942,0.0023,0.0002);
#85=TOROIDAL_SURFACE('',#2946,0.0023,0.0002);
#86=TOROIDAL_SURFACE('',#2966,0.0007,0.0003);
#87=TOROIDAL_SURFACE('',#2975,0.0007,0.0003);
#88=TOROIDAL_SURFACE('',#3000,0.0007,0.0003);
#89=LINE('',#3895,#312);
#90=LINE('',#3900,#313);
#91=LINE('',#3904,#314);
#92=LINE('',#3908,#315);
#93=LINE('',#3912,#316);
#94=LINE('',#3916,#317);
#95=LINE('',#3963,#318);
#96=LINE('',#3967,#319);
#97=LINE('',#3968,#320);
#98=LINE('',#3973,#321);
#99=LINE('',#3977,#322);
#100=LINE('',#3981,#323);
#101=LINE('',#3983,#324);
#102=LINE('',#3985,#325);
#103=LINE('',#3989,#326);
#104=LINE('',#3991,#327);
#105=LINE('',#3999,#328);
#106=LINE('',#4007,#329);
#107=LINE('',#4059,#330);
#108=LINE('',#4090,#331);
#109=LINE('',#4128,#332);
#110=LINE('',#4188,#333);
#111=LINE('',#4190,#334);
#112=LINE('',#4192,#335);
#113=LINE('',#4271,#336);
#114=LINE('',#4273,#337);
#115=LINE('',#4275,#338);
#116=LINE('',#4278,#339);
#117=LINE('',#4287,#340);
#118=LINE('',#4291,#341);
#119=LINE('',#4293,#342);
#120=LINE('',#4295,#343);
#121=LINE('',#4297,#344);
#122=LINE('',#4306,#345);
#123=LINE('',#4310,#346);
#124=LINE('',#4312,#347);
#125=LINE('',#4314,#348);
#126=LINE('',#4317,#349);
#127=LINE('',#4318,#350);
#128=LINE('',#4336,#351);
#129=LINE('',#4338,#352);
#130=LINE('',#4340,#353);
#131=LINE('',#4349,#354);
#132=LINE('',#4351,#355);
#133=LINE('',#4353,#356);
#134=LINE('',#4355,#357);
#135=LINE('',#4357,#358);
#136=LINE('',#4359,#359);
#137=LINE('',#4361,#360);
#138=LINE('',#4363,#361);
#139=LINE('',#4381,#362);
#140=LINE('',#4383,#363);
#141=LINE('',#4385,#364);
#142=LINE('',#4394,#365);
#143=LINE('',#4396,#366);
#144=LINE('',#4398,#367);
#145=LINE('',#4400,#368);
#146=LINE('',#4402,#369);
#147=LINE('',#4412,#370);
#148=LINE('',#4416,#371);
#149=LINE('',#4423,#372);
#150=LINE('',#4427,#373);
#151=LINE('',#4441,#374);
#152=LINE('',#4442,#375);
#153=LINE('',#4447,#376);
#154=LINE('',#4448,#377);
#155=LINE('',#4450,#378);
#156=LINE('',#4452,#379);
#157=LINE('',#4456,#380);
#158=LINE('',#4458,#381);
#159=LINE('',#4463,#382);
#160=LINE('',#4468,#383);
#161=LINE('',#4472,#384);
#162=LINE('',#4476,#385);
#163=LINE('',#4480,#386);
#164=LINE('',#4484,#387);
#165=LINE('',#4575,#388);
#166=LINE('',#4579,#389);
#167=LINE('',#4580,#390);
#168=LINE('',#4584,#391);
#169=LINE('',#4585,#392);
#170=LINE('',#4589,#393);
#171=LINE('',#4597,#394);
#172=LINE('',#4602,#395);
#173=LINE('',#4606,#396);
#174=LINE('',#4610,#397);
#175=LINE('',#4614,#398);
#176=LINE('',#4618,#399);
#177=LINE('',#4689,#400);
#178=LINE('',#4694,#401);
#179=LINE('',#4698,#402);
#180=LINE('',#4700,#403);
#181=LINE('',#4702,#404);
#182=LINE('',#4704,#405);
#183=LINE('',#4705,#406);
#184=LINE('',#4707,#407);
#185=LINE('',#4709,#408);
#186=LINE('',#4711,#409);
#187=LINE('',#4713,#410);
#188=LINE('',#4716,#411);
#189=LINE('',#4718,#412);
#190=LINE('',#4720,#413);
#191=LINE('',#4722,#414);
#192=LINE('',#4725,#415);
#193=LINE('',#4727,#416);
#194=LINE('',#4729,#417);
#195=LINE('',#4733,#418);
#196=LINE('',#4736,#419);
#197=LINE('',#4738,#420);
#198=LINE('',#4741,#421);
#199=LINE('',#4743,#422);
#200=LINE('',#4745,#423);
#201=LINE('',#4747,#424);
#202=LINE('',#4749,#425);
#203=LINE('',#4751,#426);
#204=LINE('',#4753,#427);
#205=LINE('',#4755,#428);
#206=LINE('',#4757,#429);
#207=LINE('',#4759,#430);
#208=LINE('',#4762,#431);
#209=LINE('',#4764,#432);
#210=LINE('',#4766,#433);
#211=LINE('',#4768,#434);
#212=LINE('',#4771,#435);
#213=LINE('',#4773,#436);
#214=LINE('',#4775,#437);
#215=LINE('',#4777,#438);
#216=LINE('',#4780,#439);
#217=LINE('',#4782,#440);
#218=LINE('',#4784,#441);
#219=LINE('',#4792,#442);
#220=LINE('',#4794,#443);
#221=LINE('',#4796,#444);
#222=LINE('',#4798,#445);
#223=LINE('',#4800,#446);
#224=LINE('',#4802,#447);
#225=LINE('',#4804,#448);
#226=LINE('',#4805,#449);
#227=LINE('',#4807,#450);
#228=LINE('',#4808,#451);
#229=LINE('',#4810,#452);
#230=LINE('',#4811,#453);
#231=LINE('',#4813,#454);
#232=LINE('',#4815,#455);
#233=LINE('',#4816,#456);
#234=LINE('',#4818,#457);
#235=LINE('',#4819,#458);
#236=LINE('',#4821,#459);
#237=LINE('',#4822,#460);
#238=LINE('',#4824,#461);
#239=LINE('',#4825,#462);
#240=LINE('',#4827,#463);
#241=LINE('',#4828,#464);
#242=LINE('',#4830,#465);
#243=LINE('',#4831,#466);
#244=LINE('',#4833,#467);
#245=LINE('',#4834,#468);
#246=LINE('',#4836,#469);
#247=LINE('',#4837,#470);
#248=LINE('',#4839,#471);
#249=LINE('',#4841,#472);
#250=LINE('',#4843,#473);
#251=LINE('',#4845,#474);
#252=LINE('',#4848,#475);
#253=LINE('',#4852,#476);
#254=LINE('',#4854,#477);
#255=LINE('',#4856,#478);
#256=LINE('',#4858,#479);
#257=LINE('',#4860,#480);
#258=LINE('',#4862,#481);
#259=LINE('',#4864,#482);
#260=LINE('',#4866,#483);
#261=LINE('',#4868,#484);
#262=LINE('',#4870,#485);
#263=LINE('',#4872,#486);
#264=LINE('',#4874,#487);
#265=LINE('',#4876,#488);
#266=LINE('',#4878,#489);
#267=LINE('',#4880,#490);
#268=LINE('',#4882,#491);
#269=LINE('',#4884,#492);
#270=LINE('',#4886,#493);
#271=LINE('',#4888,#494);
#272=LINE('',#4890,#495);
#273=LINE('',#4892,#496);
#274=LINE('',#4894,#497);
#275=LINE('',#4896,#498);
#276=LINE('',#4898,#499);
#277=LINE('',#4900,#500);
#278=LINE('',#4902,#501);
#279=LINE('',#4904,#502);
#280=LINE('',#4906,#503);
#281=LINE('',#4908,#504);
#282=LINE('',#4910,#505);
#283=LINE('',#4912,#506);
#284=LINE('',#4914,#507);
#285=LINE('',#4926,#508);
#286=LINE('',#4927,#509);
#287=LINE('',#4929,#510);
#288=LINE('',#4933,#511);
#289=LINE('',#4936,#512);
#290=LINE('',#4938,#513);
#291=LINE('',#4939,#514);
#292=LINE('',#4941,#515);
#293=LINE('',#4942,#516);
#294=LINE('',#4944,#517);
#295=LINE('',#4945,#518);
#296=LINE('',#4951,#519);
#297=LINE('',#4953,#520);
#298=LINE('',#4955,#521);
#299=LINE('',#4957,#522);
#300=LINE('',#4959,#523);
#301=LINE('',#4961,#524);
#302=LINE('',#4963,#525);
#303=LINE('',#4965,#526);
#304=LINE('',#4967,#527);
#305=LINE('',#4969,#528);
#306=LINE('',#4971,#529);
#307=LINE('',#4973,#530);
#308=LINE('',#4976,#531);
#309=LINE('',#4978,#532);
#310=LINE('',#4980,#533);
#311=LINE('',#4982,#534);
#312=VECTOR('',#3118,1.);
#313=VECTOR('',#3121,1.);
#314=VECTOR('',#3124,1.);
#315=VECTOR('',#3127,1.);
#316=VECTOR('',#3130,1.);
#317=VECTOR('',#3133,1.);
#318=VECTOR('',#3158,1.);
#319=VECTOR('',#3161,1.);
#320=VECTOR('',#3162,1.);
#321=VECTOR('',#3165,1.);
#322=VECTOR('',#3170,1.);
#323=VECTOR('',#3173,1.);
#324=VECTOR('',#3176,1.);
#325=VECTOR('',#3177,1.);
#326=VECTOR('',#3182,1.);
#327=VECTOR('',#3185,1.);
#328=VECTOR('',#3196,1.);
#329=VECTOR('',#3207,1.);
#330=VECTOR('',#3262,1.);
#331=VECTOR('',#3267,1.);
#332=VECTOR('',#3278,1.);
#333=VECTOR('',#3283,1.);
#334=VECTOR('',#3286,1.);
#335=VECTOR('',#3287,1.);
#336=VECTOR('',#3300,1.);
#337=VECTOR('',#3303,1.);
#338=VECTOR('',#3306,1.);
#339=VECTOR('',#3307,1.);
#340=VECTOR('',#3308,1.);
#341=VECTOR('',#3311,1.);
#342=VECTOR('',#3312,1.);
#343=VECTOR('',#3313,1.);
#344=VECTOR('',#3314,1.);
#345=VECTOR('',#3315,1.);
#346=VECTOR('',#3318,1.);
#347=VECTOR('',#3319,1.);
#348=VECTOR('',#3322,1.);
#349=VECTOR('',#3323,1.);
#350=VECTOR('',#3324,1.);
#351=VECTOR('',#3325,1.);
#352=VECTOR('',#3328,1.);
#353=VECTOR('',#3329,1.);
#354=VECTOR('',#3336,1.);
#355=VECTOR('',#3337,1.);
#356=VECTOR('',#3340,1.);
#357=VECTOR('',#3341,1.);
#358=VECTOR('',#3344,1.);
#359=VECTOR('',#3345,1.);
#360=VECTOR('',#3348,1.);
#361=VECTOR('',#3349,1.);
#362=VECTOR('',#3350,1.);
#363=VECTOR('',#3353,1.);
#364=VECTOR('',#3354,1.);
#365=VECTOR('',#3361,1.);
#366=VECTOR('',#3362,1.);
#367=VECTOR('',#3365,1.);
#368=VECTOR('',#3366,1.);
#369=VECTOR('',#3369,1.);
#370=VECTOR('',#3382,1.);
#371=VECTOR('',#3387,1.);
#372=VECTOR('',#3396,1.);
#373=VECTOR('',#3399,1.);
#374=VECTOR('',#3418,1.);
#375=VECTOR('',#3419,1.);
#376=VECTOR('',#3424,1.);
#377=VECTOR('',#3425,1.);
#378=VECTOR('',#3428,1.);
#379=VECTOR('',#3429,1.);
#380=VECTOR('',#3434,1.);
#381=VECTOR('',#3437,1.);
#382=VECTOR('',#3444,1.);
#383=VECTOR('',#3447,1.);
#384=VECTOR('',#3450,1.);
#385=VECTOR('',#3453,1.);
#386=VECTOR('',#3456,1.);
#387=VECTOR('',#3459,1.);
#388=VECTOR('',#3502,1.);
#389=VECTOR('',#3505,1.);
#390=VECTOR('',#3506,1.);
#391=VECTOR('',#3509,1.);
#392=VECTOR('',#3510,1.);
#393=VECTOR('',#3513,1.);
#394=VECTOR('',#3524,1.);
#395=VECTOR('',#3527,1.);
#396=VECTOR('',#3530,1.);
#397=VECTOR('',#3533,1.);
#398=VECTOR('',#3536,1.);
#399=VECTOR('',#3539,1.);
#400=VECTOR('',#3598,1.);
#401=VECTOR('',#3601,1.);
#402=VECTOR('',#3606,1.);
#403=VECTOR('',#3607,1.);
#404=VECTOR('',#3608,1.);
#405=VECTOR('',#3611,1.);
#406=VECTOR('',#3612,1.);
#407=VECTOR('',#3615,1.);
#408=VECTOR('',#3616,1.);
#409=VECTOR('',#3617,1.);
#410=VECTOR('',#3620,1.);
#411=VECTOR('',#3621,1.);
#412=VECTOR('',#3622,1.);
#413=VECTOR('',#3623,1.);
#414=VECTOR('',#3626,1.);
#415=VECTOR('',#3627,1.);
#416=VECTOR('',#3628,1.);
#417=VECTOR('',#3629,1.);
#418=VECTOR('',#3634,1.);
#419=VECTOR('',#3637,1.);
#420=VECTOR('',#3640,1.);
#421=VECTOR('',#3641,1.);
#422=VECTOR('',#3642,1.);
#423=VECTOR('',#3643,1.);
#424=VECTOR('',#3646,1.);
#425=VECTOR('',#3647,1.);
#426=VECTOR('',#3648,1.);
#427=VECTOR('',#3651,1.);
#428=VECTOR('',#3652,1.);
#429=VECTOR('',#3653,1.);
#430=VECTOR('',#3656,1.);
#431=VECTOR('',#3657,1.);
#432=VECTOR('',#3658,1.);
#433=VECTOR('',#3659,1.);
#434=VECTOR('',#3662,1.);
#435=VECTOR('',#3663,1.);
#436=VECTOR('',#3664,1.);
#437=VECTOR('',#3665,1.);
#438=VECTOR('',#3668,1.);
#439=VECTOR('',#3669,1.);
#440=VECTOR('',#3670,1.);
#441=VECTOR('',#3671,1.);
#442=VECTOR('',#3686,1.);
#443=VECTOR('',#3687,1.);
#444=VECTOR('',#3688,1.);
#445=VECTOR('',#3689,1.);
#446=VECTOR('',#3690,1.);
#447=VECTOR('',#3691,1.);
#448=VECTOR('',#3692,1.);
#449=VECTOR('',#3693,1.);
#450=VECTOR('',#3694,1.);
#451=VECTOR('',#3695,1.);
#452=VECTOR('',#3696,1.);
#453=VECTOR('',#3697,1.);
#454=VECTOR('',#3698,1.);
#455=VECTOR('',#3699,1.);
#456=VECTOR('',#3700,1.);
#457=VECTOR('',#3701,1.);
#458=VECTOR('',#3702,1.);
#459=VECTOR('',#3703,1.);
#460=VECTOR('',#3704,1.);
#461=VECTOR('',#3705,1.);
#462=VECTOR('',#3706,1.);
#463=VECTOR('',#3707,1.);
#464=VECTOR('',#3708,1.);
#465=VECTOR('',#3709,1.);
#466=VECTOR('',#3710,1.);
#467=VECTOR('',#3711,1.);
#468=VECTOR('',#3712,1.);
#469=VECTOR('',#3713,1.);
#470=VECTOR('',#3714,1.);
#471=VECTOR('',#3715,1.);
#472=VECTOR('',#3718,1.);
#473=VECTOR('',#3719,1.);
#474=VECTOR('',#3720,1.);
#475=VECTOR('',#3723,1.);
#476=VECTOR('',#3728,1.);
#477=VECTOR('',#3729,1.);
#478=VECTOR('',#3732,1.);
#479=VECTOR('',#3733,1.);
#480=VECTOR('',#3736,1.);
#481=VECTOR('',#3739,1.);
#482=VECTOR('',#3740,1.);
#483=VECTOR('',#3743,1.);
#484=VECTOR('',#3744,1.);
#485=VECTOR('',#3747,1.);
#486=VECTOR('',#3748,1.);
#487=VECTOR('',#3749,1.);
#488=VECTOR('',#3752,1.);
#489=VECTOR('',#3755,1.);
#490=VECTOR('',#3756,1.);
#491=VECTOR('',#3759,1.);
#492=VECTOR('',#3760,1.);
#493=VECTOR('',#3763,1.);
#494=VECTOR('',#3764,1.);
#495=VECTOR('',#3767,1.);
#496=VECTOR('',#3770,1.);
#497=VECTOR('',#3771,1.);
#498=VECTOR('',#3774,1.);
#499=VECTOR('',#3775,1.);
#500=VECTOR('',#3778,1.);
#501=VECTOR('',#3779,1.);
#502=VECTOR('',#3782,1.);
#503=VECTOR('',#3785,1.);
#504=VECTOR('',#3786,1.);
#505=VECTOR('',#3789,1.);
#506=VECTOR('',#3790,1.);
#507=VECTOR('',#3791,1.);
#508=VECTOR('',#3810,1.);
#509=VECTOR('',#3811,1.);
#510=VECTOR('',#3812,1.);
#511=VECTOR('',#3817,1.);
#512=VECTOR('',#3820,1.);
#513=VECTOR('',#3823,1.);
#514=VECTOR('',#3824,1.);
#515=VECTOR('',#3827,1.);
#516=VECTOR('',#3828,1.);
#517=VECTOR('',#3831,1.);
#518=VECTOR('',#3832,1.);
#519=VECTOR('',#3843,1.);
#520=VECTOR('',#3844,1.);
#521=VECTOR('',#3847,1.);
#522=VECTOR('',#3850,1.);
#523=VECTOR('',#3853,1.);
#524=VECTOR('',#3854,1.);
#525=VECTOR('',#3857,1.);
#526=VECTOR('',#3860,1.);
#527=VECTOR('',#3863,1.);
#528=VECTOR('',#3864,1.);
#529=VECTOR('',#3867,1.);
#530=VECTOR('',#3870,1.);
#531=VECTOR('',#3875,1.);
#532=VECTOR('',#3876,1.);
#533=VECTOR('',#3879,1.);
#534=VECTOR('',#3882,1.);
#535=CYLINDRICAL_SURFACE('',#2828,0.00055);
#536=CYLINDRICAL_SURFACE('',#2830,0.0003);
#537=CYLINDRICAL_SURFACE('',#2852,0.00105);
#538=CYLINDRICAL_SURFACE('',#2855,0.00105);
#539=CYLINDRICAL_SURFACE('',#2862,0.00025);
#540=CYLINDRICAL_SURFACE('',#2867,0.00025);
#541=CYLINDRICAL_SURFACE('',#2873,0.00056);
#542=CYLINDRICAL_SURFACE('',#2875,0.00056);
#543=CYLINDRICAL_SURFACE('',#2876,0.00056);
#544=CYLINDRICAL_SURFACE('',#2878,0.00056);
#545=CYLINDRICAL_SURFACE('',#2882,0.00055);
#546=CYLINDRICAL_SURFACE('',#2887,0.00055);
#547=CYLINDRICAL_SURFACE('',#2890,0.00055);
#548=CYLINDRICAL_SURFACE('',#2900,0.000277793523896362);
#549=CYLINDRICAL_SURFACE('',#2902,0.000716454263401199);
#550=CYLINDRICAL_SURFACE('',#2905,0.000196218035078655);
#551=CYLINDRICAL_SURFACE('',#2907,0.00139586988237799);
#552=CYLINDRICAL_SURFACE('',#2909,0.000176855866808546);
#553=CYLINDRICAL_SURFACE('',#2917,0.000613867817222461);
#554=CYLINDRICAL_SURFACE('',#2924,0.000321874139941961);
#555=CYLINDRICAL_SURFACE('',#2933,0.0002);
#556=CYLINDRICAL_SURFACE('',#2935,0.0002);
#557=CYLINDRICAL_SURFACE('',#2939,0.0002);
#558=CYLINDRICAL_SURFACE('',#2950,0.0002);
#559=CYLINDRICAL_SURFACE('',#2951,0.0025);
#560=CYLINDRICAL_SURFACE('',#2954,0.0025);
#561=CYLINDRICAL_SURFACE('',#2958,0.0003);
#562=CYLINDRICAL_SURFACE('',#2984,0.0003);
#563=CYLINDRICAL_SURFACE('',#2992,0.0003);
#564=CYLINDRICAL_SURFACE('',#3013,0.00075);
#565=CYLINDRICAL_SURFACE('',#3022,0.00075);
#566=CYLINDRICAL_SURFACE('',#3025,0.00075);
#567=ORIENTED_EDGE('',*,*,#1373,.F.);
#568=ORIENTED_EDGE('',*,*,#1373,.T.);
#569=ORIENTED_EDGE('',*,*,#1374,.F.);
#570=ORIENTED_EDGE('',*,*,#1375,.T.);
#571=ORIENTED_EDGE('',*,*,#1376,.F.);
#572=ORIENTED_EDGE('',*,*,#1377,.F.);
#573=ORIENTED_EDGE('',*,*,#1378,.F.);
#574=ORIENTED_EDGE('',*,*,#1379,.F.);
#575=ORIENTED_EDGE('',*,*,#1380,.F.);
#576=ORIENTED_EDGE('',*,*,#1381,.F.);
#577=ORIENTED_EDGE('',*,*,#1382,.F.);
#578=ORIENTED_EDGE('',*,*,#1383,.F.);
#579=ORIENTED_EDGE('',*,*,#1384,.T.);
#580=ORIENTED_EDGE('',*,*,#1385,.F.);
#581=ORIENTED_EDGE('',*,*,#1386,.T.);
#582=ORIENTED_EDGE('',*,*,#1387,.F.);
#583=ORIENTED_EDGE('',*,*,#1388,.F.);
#584=ORIENTED_EDGE('',*,*,#1379,.T.);
#585=ORIENTED_EDGE('',*,*,#1389,.T.);
#586=ORIENTED_EDGE('',*,*,#1390,.T.);
#587=ORIENTED_EDGE('',*,*,#1391,.T.);
#588=ORIENTED_EDGE('',*,*,#1387,.T.);
#589=ORIENTED_EDGE('',*,*,#1392,.F.);
#590=ORIENTED_EDGE('',*,*,#1393,.T.);
#591=ORIENTED_EDGE('',*,*,#1394,.F.);
#592=ORIENTED_EDGE('',*,*,#1383,.T.);
#593=ORIENTED_EDGE('',*,*,#1395,.T.);
#594=ORIENTED_EDGE('',*,*,#1396,.T.);
#595=ORIENTED_EDGE('',*,*,#1397,.T.);
#596=ORIENTED_EDGE('',*,*,#1375,.F.);
#597=ORIENTED_EDGE('',*,*,#1398,.F.);
#598=ORIENTED_EDGE('',*,*,#1398,.T.);
#599=ORIENTED_EDGE('',*,*,#1399,.T.);
#600=ORIENTED_EDGE('',*,*,#1400,.T.);
#601=ORIENTED_EDGE('',*,*,#1401,.T.);
#602=ORIENTED_EDGE('',*,*,#1402,.T.);
#603=ORIENTED_EDGE('',*,*,#1403,.T.);
#604=ORIENTED_EDGE('',*,*,#1404,.T.);
#605=ORIENTED_EDGE('',*,*,#1405,.T.);
#606=ORIENTED_EDGE('',*,*,#1406,.T.);
#607=ORIENTED_EDGE('',*,*,#1407,.T.);
#608=ORIENTED_EDGE('',*,*,#1408,.T.);
#609=ORIENTED_EDGE('',*,*,#1409,.F.);
#610=ORIENTED_EDGE('',*,*,#1399,.F.);
#611=ORIENTED_EDGE('',*,*,#1409,.T.);
#612=ORIENTED_EDGE('',*,*,#1410,.T.);
#613=ORIENTED_EDGE('',*,*,#1411,.F.);
#614=ORIENTED_EDGE('',*,*,#1400,.F.);
#615=ORIENTED_EDGE('',*,*,#1411,.T.);
#616=ORIENTED_EDGE('',*,*,#1412,.T.);
#617=ORIENTED_EDGE('',*,*,#1413,.F.);
#618=ORIENTED_EDGE('',*,*,#1401,.F.);
#619=ORIENTED_EDGE('',*,*,#1413,.T.);
#620=ORIENTED_EDGE('',*,*,#1414,.T.);
#621=ORIENTED_EDGE('',*,*,#1407,.F.);
#622=ORIENTED_EDGE('',*,*,#1402,.F.);
#623=ORIENTED_EDGE('',*,*,#1415,.T.);
#624=ORIENTED_EDGE('',*,*,#1416,.F.);
#625=ORIENTED_EDGE('',*,*,#1417,.F.);
#626=ORIENTED_EDGE('',*,*,#1408,.F.);
#627=ORIENTED_EDGE('',*,*,#1417,.T.);
#628=ORIENTED_EDGE('',*,*,#1418,.F.);
#629=ORIENTED_EDGE('',*,*,#1419,.T.);
#630=ORIENTED_EDGE('',*,*,#1410,.F.);
#631=ORIENTED_EDGE('',*,*,#1420,.T.);
#632=ORIENTED_EDGE('',*,*,#1412,.F.);
#633=ORIENTED_EDGE('',*,*,#1419,.F.);
#634=ORIENTED_EDGE('',*,*,#1421,.F.);
#635=ORIENTED_EDGE('',*,*,#1420,.F.);
#636=ORIENTED_EDGE('',*,*,#1422,.F.);
#637=ORIENTED_EDGE('',*,*,#1415,.F.);
#638=ORIENTED_EDGE('',*,*,#1414,.F.);
#639=ORIENTED_EDGE('',*,*,#1423,.T.);
#640=ORIENTED_EDGE('',*,*,#1424,.T.);
#641=ORIENTED_EDGE('',*,*,#1425,.T.);
#642=ORIENTED_EDGE('',*,*,#1426,.T.);
#643=ORIENTED_EDGE('',*,*,#1421,.T.);
#644=ORIENTED_EDGE('',*,*,#1418,.T.);
#645=ORIENTED_EDGE('',*,*,#1416,.T.);
#646=ORIENTED_EDGE('',*,*,#1422,.T.);
#647=ORIENTED_EDGE('',*,*,#1426,.F.);
#648=ORIENTED_EDGE('',*,*,#1427,.T.);
#649=ORIENTED_EDGE('',*,*,#1425,.F.);
#650=ORIENTED_EDGE('',*,*,#1428,.T.);
#651=ORIENTED_EDGE('',*,*,#1424,.F.);
#652=ORIENTED_EDGE('',*,*,#1429,.T.);
#653=ORIENTED_EDGE('',*,*,#1423,.F.);
#654=ORIENTED_EDGE('',*,*,#1430,.T.);
#655=ORIENTED_EDGE('',*,*,#1427,.F.);
#656=ORIENTED_EDGE('',*,*,#1431,.T.);
#657=ORIENTED_EDGE('',*,*,#1432,.T.);
#658=ORIENTED_EDGE('',*,*,#1428,.F.);
#659=ORIENTED_EDGE('',*,*,#1429,.F.);
#660=ORIENTED_EDGE('',*,*,#1374,.T.);
#661=ORIENTED_EDGE('',*,*,#1430,.F.);
#662=ORIENTED_EDGE('',*,*,#1433,.T.);
#663=ORIENTED_EDGE('',*,*,#1434,.T.);
#664=ORIENTED_EDGE('',*,*,#1431,.F.);
#665=ORIENTED_EDGE('',*,*,#1432,.F.);
#666=ORIENTED_EDGE('',*,*,#1435,.T.);
#667=ORIENTED_EDGE('',*,*,#1433,.F.);
#668=ORIENTED_EDGE('',*,*,#1434,.F.);
#669=ORIENTED_EDGE('',*,*,#1435,.F.);
#670=ORIENTED_EDGE('',*,*,#1436,.F.);
#671=ORIENTED_EDGE('',*,*,#1437,.F.);
#672=ORIENTED_EDGE('',*,*,#1438,.F.);
#673=ORIENTED_EDGE('',*,*,#1439,.F.);
#674=ORIENTED_EDGE('',*,*,#1440,.F.);
#675=ORIENTED_EDGE('',*,*,#1441,.F.);
#676=ORIENTED_EDGE('',*,*,#1442,.F.);
#677=ORIENTED_EDGE('',*,*,#1443,.F.);
#678=ORIENTED_EDGE('',*,*,#1444,.F.);
#679=ORIENTED_EDGE('',*,*,#1445,.F.);
#680=ORIENTED_EDGE('',*,*,#1446,.F.);
#681=ORIENTED_EDGE('',*,*,#1447,.F.);
#682=ORIENTED_EDGE('',*,*,#1448,.F.);
#683=ORIENTED_EDGE('',*,*,#1449,.F.);
#684=ORIENTED_EDGE('',*,*,#1437,.T.);
#685=ORIENTED_EDGE('',*,*,#1450,.T.);
#686=ORIENTED_EDGE('',*,*,#1451,.F.);
#687=ORIENTED_EDGE('',*,*,#1452,.F.);
#688=ORIENTED_EDGE('',*,*,#1438,.T.);
#689=ORIENTED_EDGE('',*,*,#1449,.T.);
#690=ORIENTED_EDGE('',*,*,#1453,.F.);
#691=ORIENTED_EDGE('',*,*,#1454,.F.);
#692=ORIENTED_EDGE('',*,*,#1439,.T.);
#693=ORIENTED_EDGE('',*,*,#1452,.T.);
#694=ORIENTED_EDGE('',*,*,#1455,.F.);
#695=ORIENTED_EDGE('',*,*,#1456,.F.);
#696=ORIENTED_EDGE('',*,*,#1440,.T.);
#697=ORIENTED_EDGE('',*,*,#1454,.T.);
#698=ORIENTED_EDGE('',*,*,#1457,.F.);
#699=ORIENTED_EDGE('',*,*,#1458,.F.);
#700=ORIENTED_EDGE('',*,*,#1441,.T.);
#701=ORIENTED_EDGE('',*,*,#1456,.T.);
#702=ORIENTED_EDGE('',*,*,#1459,.F.);
#703=ORIENTED_EDGE('',*,*,#1460,.F.);
#704=ORIENTED_EDGE('',*,*,#1442,.T.);
#705=ORIENTED_EDGE('',*,*,#1458,.T.);
#706=ORIENTED_EDGE('',*,*,#1461,.F.);
#707=ORIENTED_EDGE('',*,*,#1462,.F.);
#708=ORIENTED_EDGE('',*,*,#1443,.T.);
#709=ORIENTED_EDGE('',*,*,#1460,.T.);
#710=ORIENTED_EDGE('',*,*,#1463,.F.);
#711=ORIENTED_EDGE('',*,*,#1464,.F.);
#712=ORIENTED_EDGE('',*,*,#1444,.T.);
#713=ORIENTED_EDGE('',*,*,#1462,.T.);
#714=ORIENTED_EDGE('',*,*,#1465,.F.);
#715=ORIENTED_EDGE('',*,*,#1466,.F.);
#716=ORIENTED_EDGE('',*,*,#1445,.T.);
#717=ORIENTED_EDGE('',*,*,#1464,.T.);
#718=ORIENTED_EDGE('',*,*,#1467,.F.);
#719=ORIENTED_EDGE('',*,*,#1468,.F.);
#720=ORIENTED_EDGE('',*,*,#1446,.T.);
#721=ORIENTED_EDGE('',*,*,#1466,.T.);
#722=ORIENTED_EDGE('',*,*,#1469,.F.);
#723=ORIENTED_EDGE('',*,*,#1470,.F.);
#724=ORIENTED_EDGE('',*,*,#1447,.T.);
#725=ORIENTED_EDGE('',*,*,#1468,.T.);
#726=ORIENTED_EDGE('',*,*,#1471,.F.);
#727=ORIENTED_EDGE('',*,*,#1450,.F.);
#728=ORIENTED_EDGE('',*,*,#1436,.T.);
#729=ORIENTED_EDGE('',*,*,#1470,.T.);
#730=ORIENTED_EDGE('',*,*,#1472,.F.);
#731=ORIENTED_EDGE('',*,*,#1473,.F.);
#732=ORIENTED_EDGE('',*,*,#1474,.F.);
#733=ORIENTED_EDGE('',*,*,#1475,.F.);
#734=ORIENTED_EDGE('',*,*,#1476,.F.);
#735=ORIENTED_EDGE('',*,*,#1477,.F.);
#736=ORIENTED_EDGE('',*,*,#1478,.F.);
#737=ORIENTED_EDGE('',*,*,#1479,.F.);
#738=ORIENTED_EDGE('',*,*,#1480,.F.);
#739=ORIENTED_EDGE('',*,*,#1481,.F.);
#740=ORIENTED_EDGE('',*,*,#1482,.F.);
#741=ORIENTED_EDGE('',*,*,#1483,.F.);
#742=ORIENTED_EDGE('',*,*,#1484,.F.);
#743=ORIENTED_EDGE('',*,*,#1485,.F.);
#744=ORIENTED_EDGE('',*,*,#1486,.F.);
#745=ORIENTED_EDGE('',*,*,#1487,.F.);
#746=ORIENTED_EDGE('',*,*,#1473,.T.);
#747=ORIENTED_EDGE('',*,*,#1488,.T.);
#748=ORIENTED_EDGE('',*,*,#1489,.F.);
#749=ORIENTED_EDGE('',*,*,#1490,.F.);
#750=ORIENTED_EDGE('',*,*,#1474,.T.);
#751=ORIENTED_EDGE('',*,*,#1487,.T.);
#752=ORIENTED_EDGE('',*,*,#1491,.F.);
#753=ORIENTED_EDGE('',*,*,#1492,.F.);
#754=ORIENTED_EDGE('',*,*,#1475,.T.);
#755=ORIENTED_EDGE('',*,*,#1490,.T.);
#756=ORIENTED_EDGE('',*,*,#1493,.F.);
#757=ORIENTED_EDGE('',*,*,#1494,.F.);
#758=ORIENTED_EDGE('',*,*,#1476,.T.);
#759=ORIENTED_EDGE('',*,*,#1492,.T.);
#760=ORIENTED_EDGE('',*,*,#1495,.F.);
#761=ORIENTED_EDGE('',*,*,#1496,.F.);
#762=ORIENTED_EDGE('',*,*,#1477,.T.);
#763=ORIENTED_EDGE('',*,*,#1494,.T.);
#764=ORIENTED_EDGE('',*,*,#1497,.F.);
#765=ORIENTED_EDGE('',*,*,#1498,.F.);
#766=ORIENTED_EDGE('',*,*,#1478,.T.);
#767=ORIENTED_EDGE('',*,*,#1496,.T.);
#768=ORIENTED_EDGE('',*,*,#1499,.F.);
#769=ORIENTED_EDGE('',*,*,#1500,.F.);
#770=ORIENTED_EDGE('',*,*,#1479,.T.);
#771=ORIENTED_EDGE('',*,*,#1498,.T.);
#772=ORIENTED_EDGE('',*,*,#1501,.F.);
#773=ORIENTED_EDGE('',*,*,#1502,.F.);
#774=ORIENTED_EDGE('',*,*,#1480,.T.);
#775=ORIENTED_EDGE('',*,*,#1500,.T.);
#776=ORIENTED_EDGE('',*,*,#1503,.F.);
#777=ORIENTED_EDGE('',*,*,#1504,.F.);
#778=ORIENTED_EDGE('',*,*,#1481,.T.);
#779=ORIENTED_EDGE('',*,*,#1502,.T.);
#780=ORIENTED_EDGE('',*,*,#1505,.F.);
#781=ORIENTED_EDGE('',*,*,#1506,.F.);
#782=ORIENTED_EDGE('',*,*,#1482,.T.);
#783=ORIENTED_EDGE('',*,*,#1504,.T.);
#784=ORIENTED_EDGE('',*,*,#1507,.F.);
#785=ORIENTED_EDGE('',*,*,#1508,.F.);
#786=ORIENTED_EDGE('',*,*,#1483,.T.);
#787=ORIENTED_EDGE('',*,*,#1506,.T.);
#788=ORIENTED_EDGE('',*,*,#1509,.F.);
#789=ORIENTED_EDGE('',*,*,#1510,.F.);
#790=ORIENTED_EDGE('',*,*,#1484,.T.);
#791=ORIENTED_EDGE('',*,*,#1508,.T.);
#792=ORIENTED_EDGE('',*,*,#1511,.F.);
#793=ORIENTED_EDGE('',*,*,#1512,.F.);
#794=ORIENTED_EDGE('',*,*,#1485,.T.);
#795=ORIENTED_EDGE('',*,*,#1510,.T.);
#796=ORIENTED_EDGE('',*,*,#1513,.F.);
#797=ORIENTED_EDGE('',*,*,#1488,.F.);
#798=ORIENTED_EDGE('',*,*,#1472,.T.);
#799=ORIENTED_EDGE('',*,*,#1512,.T.);
#800=ORIENTED_EDGE('',*,*,#1514,.T.);
#801=ORIENTED_EDGE('',*,*,#1515,.F.);
#802=ORIENTED_EDGE('',*,*,#1516,.T.);
#803=ORIENTED_EDGE('',*,*,#1406,.F.);
#804=ORIENTED_EDGE('',*,*,#1517,.T.);
#805=ORIENTED_EDGE('',*,*,#1403,.F.);
#806=ORIENTED_EDGE('',*,*,#1516,.F.);
#807=ORIENTED_EDGE('',*,*,#1518,.F.);
#808=ORIENTED_EDGE('',*,*,#1519,.T.);
#809=ORIENTED_EDGE('',*,*,#1520,.F.);
#810=ORIENTED_EDGE('',*,*,#1514,.F.);
#811=ORIENTED_EDGE('',*,*,#1405,.F.);
#812=ORIENTED_EDGE('',*,*,#1517,.F.);
#813=ORIENTED_EDGE('',*,*,#1521,.F.);
#814=ORIENTED_EDGE('',*,*,#1519,.F.);
#815=ORIENTED_EDGE('',*,*,#1404,.F.);
#816=ORIENTED_EDGE('',*,*,#1522,.T.);
#817=ORIENTED_EDGE('',*,*,#1523,.F.);
#818=ORIENTED_EDGE('',*,*,#1524,.T.);
#819=ORIENTED_EDGE('',*,*,#1525,.F.);
#820=ORIENTED_EDGE('',*,*,#1526,.T.);
#821=ORIENTED_EDGE('',*,*,#1527,.F.);
#822=ORIENTED_EDGE('',*,*,#1524,.F.);
#823=ORIENTED_EDGE('',*,*,#1528,.F.);
#824=ORIENTED_EDGE('',*,*,#1529,.T.);
#825=ORIENTED_EDGE('',*,*,#1530,.F.);
#826=ORIENTED_EDGE('',*,*,#1522,.F.);
#827=ORIENTED_EDGE('',*,*,#1531,.F.);
#828=ORIENTED_EDGE('',*,*,#1526,.F.);
#829=ORIENTED_EDGE('',*,*,#1532,.F.);
#830=ORIENTED_EDGE('',*,*,#1529,.F.);
#831=ORIENTED_EDGE('',*,*,#1533,.F.);
#832=ORIENTED_EDGE('',*,*,#1534,.F.);
#833=ORIENTED_EDGE('',*,*,#1535,.F.);
#834=ORIENTED_EDGE('',*,*,#1530,.T.);
#835=ORIENTED_EDGE('',*,*,#1536,.T.);
#836=ORIENTED_EDGE('',*,*,#1537,.F.);
#837=ORIENTED_EDGE('',*,*,#1536,.F.);
#838=ORIENTED_EDGE('',*,*,#1532,.T.);
#839=ORIENTED_EDGE('',*,*,#1538,.T.);
#840=ORIENTED_EDGE('',*,*,#1539,.F.);
#841=ORIENTED_EDGE('',*,*,#1538,.F.);
#842=ORIENTED_EDGE('',*,*,#1528,.T.);
#843=ORIENTED_EDGE('',*,*,#1540,.T.);
#844=ORIENTED_EDGE('',*,*,#1541,.F.);
#845=ORIENTED_EDGE('',*,*,#1540,.F.);
#846=ORIENTED_EDGE('',*,*,#1523,.T.);
#847=ORIENTED_EDGE('',*,*,#1535,.T.);
#848=ORIENTED_EDGE('',*,*,#1448,.T.);
#849=ORIENTED_EDGE('',*,*,#1471,.T.);
#850=ORIENTED_EDGE('',*,*,#1469,.T.);
#851=ORIENTED_EDGE('',*,*,#1467,.T.);
#852=ORIENTED_EDGE('',*,*,#1465,.T.);
#853=ORIENTED_EDGE('',*,*,#1463,.T.);
#854=ORIENTED_EDGE('',*,*,#1461,.T.);
#855=ORIENTED_EDGE('',*,*,#1459,.T.);
#856=ORIENTED_EDGE('',*,*,#1457,.T.);
#857=ORIENTED_EDGE('',*,*,#1455,.T.);
#858=ORIENTED_EDGE('',*,*,#1453,.T.);
#859=ORIENTED_EDGE('',*,*,#1451,.T.);
#860=ORIENTED_EDGE('',*,*,#1531,.T.);
#861=ORIENTED_EDGE('',*,*,#1525,.T.);
#862=ORIENTED_EDGE('',*,*,#1527,.T.);
#863=ORIENTED_EDGE('',*,*,#1533,.T.);
#864=ORIENTED_EDGE('',*,*,#1518,.T.);
#865=ORIENTED_EDGE('',*,*,#1515,.T.);
#866=ORIENTED_EDGE('',*,*,#1520,.T.);
#867=ORIENTED_EDGE('',*,*,#1521,.T.);
#868=ORIENTED_EDGE('',*,*,#1486,.T.);
#869=ORIENTED_EDGE('',*,*,#1513,.T.);
#870=ORIENTED_EDGE('',*,*,#1511,.T.);
#871=ORIENTED_EDGE('',*,*,#1509,.T.);
#872=ORIENTED_EDGE('',*,*,#1507,.T.);
#873=ORIENTED_EDGE('',*,*,#1505,.T.);
#874=ORIENTED_EDGE('',*,*,#1503,.T.);
#875=ORIENTED_EDGE('',*,*,#1501,.T.);
#876=ORIENTED_EDGE('',*,*,#1499,.T.);
#877=ORIENTED_EDGE('',*,*,#1497,.T.);
#878=ORIENTED_EDGE('',*,*,#1495,.T.);
#879=ORIENTED_EDGE('',*,*,#1493,.T.);
#880=ORIENTED_EDGE('',*,*,#1491,.T.);
#881=ORIENTED_EDGE('',*,*,#1489,.T.);
#882=ORIENTED_EDGE('',*,*,#1542,.T.);
#883=ORIENTED_EDGE('',*,*,#1543,.F.);
#884=ORIENTED_EDGE('',*,*,#1544,.F.);
#885=ORIENTED_EDGE('',*,*,#1545,.F.);
#886=ORIENTED_EDGE('',*,*,#1546,.F.);
#887=ORIENTED_EDGE('',*,*,#1547,.F.);
#888=ORIENTED_EDGE('',*,*,#1548,.F.);
#889=ORIENTED_EDGE('',*,*,#1549,.F.);
#890=ORIENTED_EDGE('',*,*,#1550,.F.);
#891=ORIENTED_EDGE('',*,*,#1551,.T.);
#892=ORIENTED_EDGE('',*,*,#1552,.F.);
#893=ORIENTED_EDGE('',*,*,#1553,.T.);
#894=ORIENTED_EDGE('',*,*,#1554,.F.);
#895=ORIENTED_EDGE('',*,*,#1555,.F.);
#896=ORIENTED_EDGE('',*,*,#1546,.T.);
#897=ORIENTED_EDGE('',*,*,#1556,.T.);
#898=ORIENTED_EDGE('',*,*,#1557,.T.);
#899=ORIENTED_EDGE('',*,*,#1558,.T.);
#900=ORIENTED_EDGE('',*,*,#1554,.T.);
#901=ORIENTED_EDGE('',*,*,#1559,.F.);
#902=ORIENTED_EDGE('',*,*,#1560,.T.);
#903=ORIENTED_EDGE('',*,*,#1561,.F.);
#904=ORIENTED_EDGE('',*,*,#1550,.T.);
#905=ORIENTED_EDGE('',*,*,#1562,.T.);
#906=ORIENTED_EDGE('',*,*,#1563,.T.);
#907=ORIENTED_EDGE('',*,*,#1564,.T.);
#908=ORIENTED_EDGE('',*,*,#1542,.F.);
#909=ORIENTED_EDGE('',*,*,#1565,.F.);
#910=ORIENTED_EDGE('',*,*,#1565,.T.);
#911=ORIENTED_EDGE('',*,*,#1566,.T.);
#912=ORIENTED_EDGE('',*,*,#1567,.T.);
#913=ORIENTED_EDGE('',*,*,#1568,.T.);
#914=ORIENTED_EDGE('',*,*,#1569,.T.);
#915=ORIENTED_EDGE('',*,*,#1570,.T.);
#916=ORIENTED_EDGE('',*,*,#1571,.F.);
#917=ORIENTED_EDGE('',*,*,#1572,.T.);
#918=ORIENTED_EDGE('',*,*,#1573,.F.);
#919=ORIENTED_EDGE('',*,*,#1574,.T.);
#920=ORIENTED_EDGE('',*,*,#1575,.T.);
#921=ORIENTED_EDGE('',*,*,#1576,.T.);
#922=ORIENTED_EDGE('',*,*,#1577,.T.);
#923=ORIENTED_EDGE('',*,*,#1578,.F.);
#924=ORIENTED_EDGE('',*,*,#1579,.T.);
#925=ORIENTED_EDGE('',*,*,#1580,.F.);
#926=ORIENTED_EDGE('',*,*,#1581,.F.);
#927=ORIENTED_EDGE('',*,*,#1582,.F.);
#928=ORIENTED_EDGE('',*,*,#1566,.F.);
#929=ORIENTED_EDGE('',*,*,#1583,.F.);
#930=ORIENTED_EDGE('',*,*,#1584,.F.);
#931=ORIENTED_EDGE('',*,*,#1585,.F.);
#932=ORIENTED_EDGE('',*,*,#1574,.F.);
#933=ORIENTED_EDGE('',*,*,#1586,.T.);
#934=ORIENTED_EDGE('',*,*,#1587,.F.);
#935=ORIENTED_EDGE('',*,*,#1588,.T.);
#936=ORIENTED_EDGE('',*,*,#1570,.F.);
#937=ORIENTED_EDGE('',*,*,#1579,.F.);
#938=ORIENTED_EDGE('',*,*,#1589,.F.);
#939=ORIENTED_EDGE('',*,*,#1589,.T.);
#940=ORIENTED_EDGE('',*,*,#1590,.T.);
#941=ORIENTED_EDGE('',*,*,#1591,.F.);
#942=ORIENTED_EDGE('',*,*,#1592,.F.);
#943=ORIENTED_EDGE('',*,*,#1593,.F.);
#944=ORIENTED_EDGE('',*,*,#1594,.F.);
#945=ORIENTED_EDGE('',*,*,#1595,.T.);
#946=ORIENTED_EDGE('',*,*,#1596,.F.);
#947=ORIENTED_EDGE('',*,*,#1597,.T.);
#948=ORIENTED_EDGE('',*,*,#1598,.F.);
#949=ORIENTED_EDGE('',*,*,#1599,.F.);
#950=ORIENTED_EDGE('',*,*,#1600,.F.);
#951=ORIENTED_EDGE('',*,*,#1601,.F.);
#952=ORIENTED_EDGE('',*,*,#1602,.F.);
#953=ORIENTED_EDGE('',*,*,#1603,.F.);
#954=ORIENTED_EDGE('',*,*,#1602,.T.);
#955=ORIENTED_EDGE('',*,*,#1604,.T.);
#956=ORIENTED_EDGE('',*,*,#1605,.T.);
#957=ORIENTED_EDGE('',*,*,#1606,.T.);
#958=ORIENTED_EDGE('',*,*,#1598,.T.);
#959=ORIENTED_EDGE('',*,*,#1607,.F.);
#960=ORIENTED_EDGE('',*,*,#1608,.T.);
#961=ORIENTED_EDGE('',*,*,#1609,.F.);
#962=ORIENTED_EDGE('',*,*,#1594,.T.);
#963=ORIENTED_EDGE('',*,*,#1610,.T.);
#964=ORIENTED_EDGE('',*,*,#1611,.T.);
#965=ORIENTED_EDGE('',*,*,#1612,.T.);
#966=ORIENTED_EDGE('',*,*,#1590,.F.);
#967=ORIENTED_EDGE('',*,*,#1613,.F.);
#968=ORIENTED_EDGE('',*,*,#1613,.T.);
#969=ORIENTED_EDGE('',*,*,#1614,.F.);
#970=ORIENTED_EDGE('',*,*,#1615,.F.);
#971=ORIENTED_EDGE('',*,*,#1614,.T.);
#972=ORIENTED_EDGE('',*,*,#1616,.T.);
#973=ORIENTED_EDGE('',*,*,#1615,.T.);
#974=ORIENTED_EDGE('',*,*,#1617,.F.);
#975=ORIENTED_EDGE('',*,*,#1618,.F.);
#976=ORIENTED_EDGE('',*,*,#1619,.F.);
#977=ORIENTED_EDGE('',*,*,#1620,.F.);
#978=ORIENTED_EDGE('',*,*,#1619,.T.);
#979=ORIENTED_EDGE('',*,*,#1621,.T.);
#980=ORIENTED_EDGE('',*,*,#1620,.T.);
#981=ORIENTED_EDGE('',*,*,#1617,.T.);
#982=ORIENTED_EDGE('',*,*,#1622,.T.);
#983=ORIENTED_EDGE('',*,*,#1618,.T.);
#984=ORIENTED_EDGE('',*,*,#1623,.F.);
#985=ORIENTED_EDGE('',*,*,#1624,.F.);
#986=ORIENTED_EDGE('',*,*,#1625,.T.);
#987=ORIENTED_EDGE('',*,*,#1626,.F.);
#988=ORIENTED_EDGE('',*,*,#1586,.F.);
#989=ORIENTED_EDGE('',*,*,#1573,.T.);
#990=ORIENTED_EDGE('',*,*,#1627,.F.);
#991=ORIENTED_EDGE('',*,*,#1628,.F.);
#992=ORIENTED_EDGE('',*,*,#1629,.F.);
#993=ORIENTED_EDGE('',*,*,#1575,.F.);
#994=ORIENTED_EDGE('',*,*,#1585,.T.);
#995=ORIENTED_EDGE('',*,*,#1630,.F.);
#996=ORIENTED_EDGE('',*,*,#1628,.T.);
#997=ORIENTED_EDGE('',*,*,#1631,.T.);
#998=ORIENTED_EDGE('',*,*,#1567,.F.);
#999=ORIENTED_EDGE('',*,*,#1582,.T.);
#1000=ORIENTED_EDGE('',*,*,#1632,.T.);
#1001=ORIENTED_EDGE('',*,*,#1633,.F.);
#1002=ORIENTED_EDGE('',*,*,#1634,.F.);
#1003=ORIENTED_EDGE('',*,*,#1635,.T.);
#1004=ORIENTED_EDGE('',*,*,#1636,.T.);
#1005=ORIENTED_EDGE('',*,*,#1637,.F.);
#1006=ORIENTED_EDGE('',*,*,#1638,.F.);
#1007=ORIENTED_EDGE('',*,*,#1639,.F.);
#1008=ORIENTED_EDGE('',*,*,#1640,.F.);
#1009=ORIENTED_EDGE('',*,*,#1641,.T.);
#1010=ORIENTED_EDGE('',*,*,#1642,.F.);
#1011=ORIENTED_EDGE('',*,*,#1643,.T.);
#1012=ORIENTED_EDGE('',*,*,#1641,.F.);
#1013=ORIENTED_EDGE('',*,*,#1644,.F.);
#1014=ORIENTED_EDGE('',*,*,#1635,.F.);
#1015=ORIENTED_EDGE('',*,*,#1645,.T.);
#1016=ORIENTED_EDGE('',*,*,#1646,.F.);
#1017=ORIENTED_EDGE('',*,*,#1603,.T.);
#1018=ORIENTED_EDGE('',*,*,#1578,.T.);
#1019=ORIENTED_EDGE('',*,*,#1555,.T.);
#1020=ORIENTED_EDGE('',*,*,#1388,.T.);
#1021=ORIENTED_EDGE('',*,*,#1647,.F.);
#1022=ORIENTED_EDGE('',*,*,#1648,.T.);
#1023=ORIENTED_EDGE('',*,*,#1649,.F.);
#1024=ORIENTED_EDGE('',*,*,#1650,.F.);
#1025=ORIENTED_EDGE('',*,*,#1651,.F.);
#1026=ORIENTED_EDGE('',*,*,#1652,.F.);
#1027=ORIENTED_EDGE('',*,*,#1653,.F.);
#1028=ORIENTED_EDGE('',*,*,#1649,.T.);
#1029=ORIENTED_EDGE('',*,*,#1654,.F.);
#1030=ORIENTED_EDGE('',*,*,#1647,.T.);
#1031=ORIENTED_EDGE('',*,*,#1655,.T.);
#1032=ORIENTED_EDGE('',*,*,#1656,.F.);
#1033=ORIENTED_EDGE('',*,*,#1657,.F.);
#1034=ORIENTED_EDGE('',*,*,#1658,.T.);
#1035=ORIENTED_EDGE('',*,*,#1659,.T.);
#1036=ORIENTED_EDGE('',*,*,#1660,.T.);
#1037=ORIENTED_EDGE('',*,*,#1661,.F.);
#1038=ORIENTED_EDGE('',*,*,#1662,.T.);
#1039=ORIENTED_EDGE('',*,*,#1663,.T.);
#1040=ORIENTED_EDGE('',*,*,#1664,.T.);
#1041=ORIENTED_EDGE('',*,*,#1665,.F.);
#1042=ORIENTED_EDGE('',*,*,#1666,.T.);
#1043=ORIENTED_EDGE('',*,*,#1667,.T.);
#1044=ORIENTED_EDGE('',*,*,#1668,.T.);
#1045=ORIENTED_EDGE('',*,*,#1669,.F.);
#1046=ORIENTED_EDGE('',*,*,#1660,.F.);
#1047=ORIENTED_EDGE('',*,*,#1670,.F.);
#1048=ORIENTED_EDGE('',*,*,#1666,.F.);
#1049=ORIENTED_EDGE('',*,*,#1671,.F.);
#1050=ORIENTED_EDGE('',*,*,#1668,.F.);
#1051=ORIENTED_EDGE('',*,*,#1672,.F.);
#1052=ORIENTED_EDGE('',*,*,#1662,.F.);
#1053=ORIENTED_EDGE('',*,*,#1390,.F.);
#1054=ORIENTED_EDGE('',*,*,#1673,.T.);
#1055=ORIENTED_EDGE('',*,*,#1674,.F.);
#1056=ORIENTED_EDGE('',*,*,#1675,.F.);
#1057=ORIENTED_EDGE('',*,*,#1676,.T.);
#1058=ORIENTED_EDGE('',*,*,#1677,.T.);
#1059=ORIENTED_EDGE('',*,*,#1678,.F.);
#1060=ORIENTED_EDGE('',*,*,#1679,.F.);
#1061=ORIENTED_EDGE('',*,*,#1563,.F.);
#1062=ORIENTED_EDGE('',*,*,#1680,.F.);
#1063=ORIENTED_EDGE('',*,*,#1681,.T.);
#1064=ORIENTED_EDGE('',*,*,#1560,.F.);
#1065=ORIENTED_EDGE('',*,*,#1682,.T.);
#1066=ORIENTED_EDGE('',*,*,#1683,.T.);
#1067=ORIENTED_EDGE('',*,*,#1557,.F.);
#1068=ORIENTED_EDGE('',*,*,#1684,.T.);
#1069=ORIENTED_EDGE('',*,*,#1685,.F.);
#1070=ORIENTED_EDGE('',*,*,#1686,.F.);
#1071=ORIENTED_EDGE('',*,*,#1611,.F.);
#1072=ORIENTED_EDGE('',*,*,#1687,.F.);
#1073=ORIENTED_EDGE('',*,*,#1688,.T.);
#1074=ORIENTED_EDGE('',*,*,#1608,.F.);
#1075=ORIENTED_EDGE('',*,*,#1689,.T.);
#1076=ORIENTED_EDGE('',*,*,#1690,.T.);
#1077=ORIENTED_EDGE('',*,*,#1605,.F.);
#1078=ORIENTED_EDGE('',*,*,#1691,.T.);
#1079=ORIENTED_EDGE('',*,*,#1692,.F.);
#1080=ORIENTED_EDGE('',*,*,#1636,.F.);
#1081=ORIENTED_EDGE('',*,*,#1644,.T.);
#1082=ORIENTED_EDGE('',*,*,#1640,.T.);
#1083=ORIENTED_EDGE('',*,*,#1693,.F.);
#1084=ORIENTED_EDGE('',*,*,#1694,.F.);
#1085=ORIENTED_EDGE('',*,*,#1576,.F.);
#1086=ORIENTED_EDGE('',*,*,#1631,.F.);
#1087=ORIENTED_EDGE('',*,*,#1627,.T.);
#1088=ORIENTED_EDGE('',*,*,#1572,.F.);
#1089=ORIENTED_EDGE('',*,*,#1695,.T.);
#1090=ORIENTED_EDGE('',*,*,#1696,.T.);
#1091=ORIENTED_EDGE('',*,*,#1568,.F.);
#1092=ORIENTED_EDGE('',*,*,#1634,.T.);
#1093=ORIENTED_EDGE('',*,*,#1697,.F.);
#1094=ORIENTED_EDGE('',*,*,#1698,.F.);
#1095=ORIENTED_EDGE('',*,*,#1396,.F.);
#1096=ORIENTED_EDGE('',*,*,#1699,.F.);
#1097=ORIENTED_EDGE('',*,*,#1700,.T.);
#1098=ORIENTED_EDGE('',*,*,#1393,.F.);
#1099=ORIENTED_EDGE('',*,*,#1701,.T.);
#1100=ORIENTED_EDGE('',*,*,#1702,.T.);
#1101=ORIENTED_EDGE('',*,*,#1703,.T.);
#1102=ORIENTED_EDGE('',*,*,#1656,.T.);
#1103=ORIENTED_EDGE('',*,*,#1704,.T.);
#1104=ORIENTED_EDGE('',*,*,#1705,.T.);
#1105=ORIENTED_EDGE('',*,*,#1693,.T.);
#1106=ORIENTED_EDGE('',*,*,#1639,.T.);
#1107=ORIENTED_EDGE('',*,*,#1706,.T.);
#1108=ORIENTED_EDGE('',*,*,#1707,.F.);
#1109=ORIENTED_EDGE('',*,*,#1708,.T.);
#1110=ORIENTED_EDGE('',*,*,#1709,.T.);
#1111=ORIENTED_EDGE('',*,*,#1710,.T.);
#1112=ORIENTED_EDGE('',*,*,#1697,.T.);
#1113=ORIENTED_EDGE('',*,*,#1633,.T.);
#1114=ORIENTED_EDGE('',*,*,#1384,.F.);
#1115=ORIENTED_EDGE('',*,*,#1394,.T.);
#1116=ORIENTED_EDGE('',*,*,#1700,.F.);
#1117=ORIENTED_EDGE('',*,*,#1711,.F.);
#1118=ORIENTED_EDGE('',*,*,#1712,.F.);
#1119=ORIENTED_EDGE('',*,*,#1395,.F.);
#1120=ORIENTED_EDGE('',*,*,#1382,.T.);
#1121=ORIENTED_EDGE('',*,*,#1713,.F.);
#1122=ORIENTED_EDGE('',*,*,#1711,.T.);
#1123=ORIENTED_EDGE('',*,*,#1699,.T.);
#1124=ORIENTED_EDGE('',*,*,#1389,.F.);
#1125=ORIENTED_EDGE('',*,*,#1378,.T.);
#1126=ORIENTED_EDGE('',*,*,#1714,.T.);
#1127=ORIENTED_EDGE('',*,*,#1715,.F.);
#1128=ORIENTED_EDGE('',*,*,#1673,.F.);
#1129=ORIENTED_EDGE('',*,*,#1716,.T.);
#1130=ORIENTED_EDGE('',*,*,#1717,.T.);
#1131=ORIENTED_EDGE('',*,*,#1674,.T.);
#1132=ORIENTED_EDGE('',*,*,#1715,.T.);
#1133=ORIENTED_EDGE('',*,*,#1676,.F.);
#1134=ORIENTED_EDGE('',*,*,#1718,.F.);
#1135=ORIENTED_EDGE('',*,*,#1719,.F.);
#1136=ORIENTED_EDGE('',*,*,#1720,.F.);
#1137=ORIENTED_EDGE('',*,*,#1717,.F.);
#1138=ORIENTED_EDGE('',*,*,#1721,.F.);
#1139=ORIENTED_EDGE('',*,*,#1718,.T.);
#1140=ORIENTED_EDGE('',*,*,#1675,.T.);
#1141=ORIENTED_EDGE('',*,*,#1722,.F.);
#1142=ORIENTED_EDGE('',*,*,#1677,.F.);
#1143=ORIENTED_EDGE('',*,*,#1720,.T.);
#1144=ORIENTED_EDGE('',*,*,#1723,.T.);
#1145=ORIENTED_EDGE('',*,*,#1724,.T.);
#1146=ORIENTED_EDGE('',*,*,#1725,.T.);
#1147=ORIENTED_EDGE('',*,*,#1678,.T.);
#1148=ORIENTED_EDGE('',*,*,#1722,.T.);
#1149=ORIENTED_EDGE('',*,*,#1551,.F.);
#1150=ORIENTED_EDGE('',*,*,#1561,.T.);
#1151=ORIENTED_EDGE('',*,*,#1681,.F.);
#1152=ORIENTED_EDGE('',*,*,#1726,.F.);
#1153=ORIENTED_EDGE('',*,*,#1727,.F.);
#1154=ORIENTED_EDGE('',*,*,#1562,.F.);
#1155=ORIENTED_EDGE('',*,*,#1549,.T.);
#1156=ORIENTED_EDGE('',*,*,#1728,.F.);
#1157=ORIENTED_EDGE('',*,*,#1726,.T.);
#1158=ORIENTED_EDGE('',*,*,#1680,.T.);
#1159=ORIENTED_EDGE('',*,*,#1556,.F.);
#1160=ORIENTED_EDGE('',*,*,#1545,.T.);
#1161=ORIENTED_EDGE('',*,*,#1729,.T.);
#1162=ORIENTED_EDGE('',*,*,#1730,.F.);
#1163=ORIENTED_EDGE('',*,*,#1684,.F.);
#1164=ORIENTED_EDGE('',*,*,#1731,.T.);
#1165=ORIENTED_EDGE('',*,*,#1732,.T.);
#1166=ORIENTED_EDGE('',*,*,#1685,.T.);
#1167=ORIENTED_EDGE('',*,*,#1730,.T.);
#1168=ORIENTED_EDGE('',*,*,#1595,.F.);
#1169=ORIENTED_EDGE('',*,*,#1609,.T.);
#1170=ORIENTED_EDGE('',*,*,#1688,.F.);
#1171=ORIENTED_EDGE('',*,*,#1733,.F.);
#1172=ORIENTED_EDGE('',*,*,#1734,.F.);
#1173=ORIENTED_EDGE('',*,*,#1610,.F.);
#1174=ORIENTED_EDGE('',*,*,#1593,.T.);
#1175=ORIENTED_EDGE('',*,*,#1735,.F.);
#1176=ORIENTED_EDGE('',*,*,#1733,.T.);
#1177=ORIENTED_EDGE('',*,*,#1687,.T.);
#1178=ORIENTED_EDGE('',*,*,#1604,.F.);
#1179=ORIENTED_EDGE('',*,*,#1601,.T.);
#1180=ORIENTED_EDGE('',*,*,#1736,.T.);
#1181=ORIENTED_EDGE('',*,*,#1737,.F.);
#1182=ORIENTED_EDGE('',*,*,#1691,.F.);
#1183=ORIENTED_EDGE('',*,*,#1738,.T.);
#1184=ORIENTED_EDGE('',*,*,#1623,.T.);
#1185=ORIENTED_EDGE('',*,*,#1739,.T.);
#1186=ORIENTED_EDGE('',*,*,#1740,.T.);
#1187=ORIENTED_EDGE('',*,*,#1741,.F.);
#1188=ORIENTED_EDGE('',*,*,#1742,.F.);
#1189=ORIENTED_EDGE('',*,*,#1624,.T.);
#1190=ORIENTED_EDGE('',*,*,#1738,.F.);
#1191=ORIENTED_EDGE('',*,*,#1743,.F.);
#1192=ORIENTED_EDGE('',*,*,#1658,.F.);
#1193=ORIENTED_EDGE('',*,*,#1744,.F.);
#1194=ORIENTED_EDGE('',*,*,#1664,.F.);
#1195=ORIENTED_EDGE('',*,*,#1745,.F.);
#1196=ORIENTED_EDGE('',*,*,#1739,.F.);
#1197=ORIENTED_EDGE('',*,*,#1626,.T.);
#1198=ORIENTED_EDGE('',*,*,#1746,.F.);
#1199=ORIENTED_EDGE('',*,*,#1621,.F.);
#1200=ORIENTED_EDGE('',*,*,#1747,.T.);
#1201=ORIENTED_EDGE('',*,*,#1746,.T.);
#1202=ORIENTED_EDGE('',*,*,#1625,.F.);
#1203=ORIENTED_EDGE('',*,*,#1742,.T.);
#1204=ORIENTED_EDGE('',*,*,#1748,.T.);
#1205=ORIENTED_EDGE('',*,*,#1749,.F.);
#1206=ORIENTED_EDGE('',*,*,#1651,.T.);
#1207=ORIENTED_EDGE('',*,*,#1648,.F.);
#1208=ORIENTED_EDGE('',*,*,#1654,.T.);
#1209=ORIENTED_EDGE('',*,*,#1703,.F.);
#1210=ORIENTED_EDGE('',*,*,#1622,.F.);
#1211=ORIENTED_EDGE('',*,*,#1616,.F.);
#1212=ORIENTED_EDGE('',*,*,#1749,.T.);
#1213=ORIENTED_EDGE('',*,*,#1750,.T.);
#1214=ORIENTED_EDGE('',*,*,#1751,.F.);
#1215=ORIENTED_EDGE('',*,*,#1752,.T.);
#1216=ORIENTED_EDGE('',*,*,#1637,.T.);
#1217=ORIENTED_EDGE('',*,*,#1692,.T.);
#1218=ORIENTED_EDGE('',*,*,#1737,.T.);
#1219=ORIENTED_EDGE('',*,*,#1753,.T.);
#1220=ORIENTED_EDGE('',*,*,#1652,.T.);
#1221=ORIENTED_EDGE('',*,*,#1754,.T.);
#1222=ORIENTED_EDGE('',*,*,#1665,.T.);
#1223=ORIENTED_EDGE('',*,*,#1755,.T.);
#1224=ORIENTED_EDGE('',*,*,#1646,.T.);
#1225=ORIENTED_EDGE('',*,*,#1756,.T.);
#1226=ORIENTED_EDGE('',*,*,#1657,.T.);
#1227=ORIENTED_EDGE('',*,*,#1757,.T.);
#1228=ORIENTED_EDGE('',*,*,#1751,.T.);
#1229=ORIENTED_EDGE('',*,*,#1758,.T.);
#1230=ORIENTED_EDGE('',*,*,#1661,.T.);
#1231=ORIENTED_EDGE('',*,*,#1759,.T.);
#1232=ORIENTED_EDGE('',*,*,#1707,.T.);
#1233=ORIENTED_EDGE('',*,*,#1755,.F.);
#1234=ORIENTED_EDGE('',*,*,#1671,.T.);
#1235=ORIENTED_EDGE('',*,*,#1758,.F.);
#1236=ORIENTED_EDGE('',*,*,#1706,.F.);
#1237=ORIENTED_EDGE('',*,*,#1642,.T.);
#1238=ORIENTED_EDGE('',*,*,#1643,.F.);
#1239=ORIENTED_EDGE('',*,*,#1759,.F.);
#1240=ORIENTED_EDGE('',*,*,#1744,.T.);
#1241=ORIENTED_EDGE('',*,*,#1747,.F.);
#1242=ORIENTED_EDGE('',*,*,#1708,.F.);
#1243=ORIENTED_EDGE('',*,*,#1757,.F.);
#1244=ORIENTED_EDGE('',*,*,#1669,.T.);
#1245=ORIENTED_EDGE('',*,*,#1754,.F.);
#1246=ORIENTED_EDGE('',*,*,#1645,.F.);
#1247=ORIENTED_EDGE('',*,*,#1638,.T.);
#1248=ORIENTED_EDGE('',*,*,#1752,.F.);
#1249=ORIENTED_EDGE('',*,*,#1748,.F.);
#1250=ORIENTED_EDGE('',*,*,#1741,.T.);
#1251=ORIENTED_EDGE('',*,*,#1756,.F.);
#1252=ORIENTED_EDGE('',*,*,#1750,.F.);
#1253=ORIENTED_EDGE('',*,*,#1689,.F.);
#1254=ORIENTED_EDGE('',*,*,#1607,.T.);
#1255=ORIENTED_EDGE('',*,*,#1597,.F.);
#1256=ORIENTED_EDGE('',*,*,#1760,.F.);
#1257=ORIENTED_EDGE('',*,*,#1761,.F.);
#1258=ORIENTED_EDGE('',*,*,#1612,.F.);
#1259=ORIENTED_EDGE('',*,*,#1686,.T.);
#1260=ORIENTED_EDGE('',*,*,#1732,.F.);
#1261=ORIENTED_EDGE('',*,*,#1762,.F.);
#1262=ORIENTED_EDGE('',*,*,#1591,.T.);
#1263=ORIENTED_EDGE('',*,*,#1606,.F.);
#1264=ORIENTED_EDGE('',*,*,#1690,.F.);
#1265=ORIENTED_EDGE('',*,*,#1761,.T.);
#1266=ORIENTED_EDGE('',*,*,#1763,.T.);
#1267=ORIENTED_EDGE('',*,*,#1599,.T.);
#1268=ORIENTED_EDGE('',*,*,#1695,.F.);
#1269=ORIENTED_EDGE('',*,*,#1571,.T.);
#1270=ORIENTED_EDGE('',*,*,#1588,.F.);
#1271=ORIENTED_EDGE('',*,*,#1764,.F.);
#1272=ORIENTED_EDGE('',*,*,#1765,.F.);
#1273=ORIENTED_EDGE('',*,*,#1577,.F.);
#1274=ORIENTED_EDGE('',*,*,#1694,.T.);
#1275=ORIENTED_EDGE('',*,*,#1705,.F.);
#1276=ORIENTED_EDGE('',*,*,#1766,.F.);
#1277=ORIENTED_EDGE('',*,*,#1583,.T.);
#1278=ORIENTED_EDGE('',*,*,#1569,.F.);
#1279=ORIENTED_EDGE('',*,*,#1696,.F.);
#1280=ORIENTED_EDGE('',*,*,#1765,.T.);
#1281=ORIENTED_EDGE('',*,*,#1767,.T.);
#1282=ORIENTED_EDGE('',*,*,#1580,.T.);
#1283=ORIENTED_EDGE('',*,*,#1682,.F.);
#1284=ORIENTED_EDGE('',*,*,#1559,.T.);
#1285=ORIENTED_EDGE('',*,*,#1553,.F.);
#1286=ORIENTED_EDGE('',*,*,#1768,.F.);
#1287=ORIENTED_EDGE('',*,*,#1769,.F.);
#1288=ORIENTED_EDGE('',*,*,#1564,.F.);
#1289=ORIENTED_EDGE('',*,*,#1679,.T.);
#1290=ORIENTED_EDGE('',*,*,#1725,.F.);
#1291=ORIENTED_EDGE('',*,*,#1770,.F.);
#1292=ORIENTED_EDGE('',*,*,#1547,.T.);
#1293=ORIENTED_EDGE('',*,*,#1558,.F.);
#1294=ORIENTED_EDGE('',*,*,#1683,.F.);
#1295=ORIENTED_EDGE('',*,*,#1769,.T.);
#1296=ORIENTED_EDGE('',*,*,#1771,.T.);
#1297=ORIENTED_EDGE('',*,*,#1543,.T.);
#1298=ORIENTED_EDGE('',*,*,#1539,.T.);
#1299=ORIENTED_EDGE('',*,*,#1541,.T.);
#1300=ORIENTED_EDGE('',*,*,#1534,.T.);
#1301=ORIENTED_EDGE('',*,*,#1537,.T.);
#1302=ORIENTED_EDGE('',*,*,#1740,.F.);
#1303=ORIENTED_EDGE('',*,*,#1745,.T.);
#1304=ORIENTED_EDGE('',*,*,#1663,.F.);
#1305=ORIENTED_EDGE('',*,*,#1672,.T.);
#1306=ORIENTED_EDGE('',*,*,#1667,.F.);
#1307=ORIENTED_EDGE('',*,*,#1670,.T.);
#1308=ORIENTED_EDGE('',*,*,#1659,.F.);
#1309=ORIENTED_EDGE('',*,*,#1743,.T.);
#1310=ORIENTED_EDGE('',*,*,#1701,.F.);
#1311=ORIENTED_EDGE('',*,*,#1392,.T.);
#1312=ORIENTED_EDGE('',*,*,#1386,.F.);
#1313=ORIENTED_EDGE('',*,*,#1772,.F.);
#1314=ORIENTED_EDGE('',*,*,#1773,.F.);
#1315=ORIENTED_EDGE('',*,*,#1397,.F.);
#1316=ORIENTED_EDGE('',*,*,#1698,.T.);
#1317=ORIENTED_EDGE('',*,*,#1710,.F.);
#1318=ORIENTED_EDGE('',*,*,#1774,.F.);
#1319=ORIENTED_EDGE('',*,*,#1380,.T.);
#1320=ORIENTED_EDGE('',*,*,#1391,.F.);
#1321=ORIENTED_EDGE('',*,*,#1702,.F.);
#1322=ORIENTED_EDGE('',*,*,#1773,.T.);
#1323=ORIENTED_EDGE('',*,*,#1775,.T.);
#1324=ORIENTED_EDGE('',*,*,#1376,.T.);
#1325=ORIENTED_EDGE('',*,*,#1713,.T.);
#1326=ORIENTED_EDGE('',*,*,#1381,.T.);
#1327=ORIENTED_EDGE('',*,*,#1774,.T.);
#1328=ORIENTED_EDGE('',*,*,#1709,.F.);
#1329=ORIENTED_EDGE('',*,*,#1632,.F.);
#1330=ORIENTED_EDGE('',*,*,#1581,.T.);
#1331=ORIENTED_EDGE('',*,*,#1767,.F.);
#1332=ORIENTED_EDGE('',*,*,#1764,.T.);
#1333=ORIENTED_EDGE('',*,*,#1587,.T.);
#1334=ORIENTED_EDGE('',*,*,#1629,.T.);
#1335=ORIENTED_EDGE('',*,*,#1630,.T.);
#1336=ORIENTED_EDGE('',*,*,#1584,.T.);
#1337=ORIENTED_EDGE('',*,*,#1766,.T.);
#1338=ORIENTED_EDGE('',*,*,#1704,.F.);
#1339=ORIENTED_EDGE('',*,*,#1655,.F.);
#1340=ORIENTED_EDGE('',*,*,#1650,.T.);
#1341=ORIENTED_EDGE('',*,*,#1653,.T.);
#1342=ORIENTED_EDGE('',*,*,#1753,.F.);
#1343=ORIENTED_EDGE('',*,*,#1736,.F.);
#1344=ORIENTED_EDGE('',*,*,#1600,.T.);
#1345=ORIENTED_EDGE('',*,*,#1763,.F.);
#1346=ORIENTED_EDGE('',*,*,#1760,.T.);
#1347=ORIENTED_EDGE('',*,*,#1596,.T.);
#1348=ORIENTED_EDGE('',*,*,#1734,.T.);
#1349=ORIENTED_EDGE('',*,*,#1735,.T.);
#1350=ORIENTED_EDGE('',*,*,#1592,.T.);
#1351=ORIENTED_EDGE('',*,*,#1762,.T.);
#1352=ORIENTED_EDGE('',*,*,#1731,.F.);
#1353=ORIENTED_EDGE('',*,*,#1729,.F.);
#1354=ORIENTED_EDGE('',*,*,#1544,.T.);
#1355=ORIENTED_EDGE('',*,*,#1771,.F.);
#1356=ORIENTED_EDGE('',*,*,#1768,.T.);
#1357=ORIENTED_EDGE('',*,*,#1552,.T.);
#1358=ORIENTED_EDGE('',*,*,#1727,.T.);
#1359=ORIENTED_EDGE('',*,*,#1728,.T.);
#1360=ORIENTED_EDGE('',*,*,#1548,.T.);
#1361=ORIENTED_EDGE('',*,*,#1770,.T.);
#1362=ORIENTED_EDGE('',*,*,#1724,.F.);
#1363=ORIENTED_EDGE('',*,*,#1723,.F.);
#1364=ORIENTED_EDGE('',*,*,#1719,.T.);
#1365=ORIENTED_EDGE('',*,*,#1721,.T.);
#1366=ORIENTED_EDGE('',*,*,#1716,.F.);
#1367=ORIENTED_EDGE('',*,*,#1714,.F.);
#1368=ORIENTED_EDGE('',*,*,#1377,.T.);
#1369=ORIENTED_EDGE('',*,*,#1775,.F.);
#1370=ORIENTED_EDGE('',*,*,#1772,.T.);
#1371=ORIENTED_EDGE('',*,*,#1385,.T.);
#1372=ORIENTED_EDGE('',*,*,#1712,.T.);
#1373=EDGE_CURVE('',#1776,#1776,#2052,.T.);
#1374=EDGE_CURVE('',#1777,#1777,#2053,.T.);
#1375=EDGE_CURVE('',#1778,#1778,#2054,.T.);
#1376=EDGE_CURVE('',#1779,#1780,#89,.T.);
#1377=EDGE_CURVE('',#1781,#1779,#2055,.T.);
#1378=EDGE_CURVE('',#1782,#1781,#90,.T.);
#1379=EDGE_CURVE('',#1783,#1782,#2056,.T.);
#1380=EDGE_CURVE('',#1784,#1783,#91,.T.);
#1381=EDGE_CURVE('',#1785,#1784,#2057,.T.);
#1382=EDGE_CURVE('',#1786,#1785,#92,.T.);
#1383=EDGE_CURVE('',#1787,#1786,#2058,.T.);
#1384=EDGE_CURVE('',#1787,#1788,#93,.T.);
#1385=EDGE_CURVE('',#1789,#1788,#2059,.T.);
#1386=EDGE_CURVE('',#1789,#1790,#94,.T.);
#1387=EDGE_CURVE('',#1780,#1790,#2060,.T.);
#1388=EDGE_CURVE('',#1791,#1791,#2061,.T.);
#1389=EDGE_CURVE('',#1782,#1792,#2062,.T.);
#1390=EDGE_CURVE('',#1792,#1793,#34,.T.);
#1391=EDGE_CURVE('',#1793,#1780,#2063,.T.);
#1392=EDGE_CURVE('',#1794,#1790,#35,.T.);
#1393=EDGE_CURVE('',#1794,#1795,#36,.T.);
#1394=EDGE_CURVE('',#1787,#1795,#37,.T.);
#1395=EDGE_CURVE('',#1786,#1796,#2064,.T.);
#1396=EDGE_CURVE('',#1796,#1797,#38,.T.);
#1397=EDGE_CURVE('',#1797,#1783,#2065,.T.);
#1398=EDGE_CURVE('',#1798,#1798,#2066,.T.);
#1399=EDGE_CURVE('',#1799,#1800,#2067,.T.);
#1400=EDGE_CURVE('',#1800,#1801,#95,.T.);
#1401=EDGE_CURVE('',#1801,#1802,#2068,.T.);
#1402=EDGE_CURVE('',#1802,#1799,#96,.T.);
#1403=EDGE_CURVE('',#1803,#1804,#97,.T.);
#1404=EDGE_CURVE('',#1804,#1805,#2069,.T.);
#1405=EDGE_CURVE('',#1805,#1806,#98,.T.);
#1406=EDGE_CURVE('',#1806,#1803,#2070,.T.);
#1407=EDGE_CURVE('',#1799,#1807,#99,.T.);
#1408=EDGE_CURVE('',#1807,#1808,#2071,.T.);
#1409=EDGE_CURVE('',#1800,#1808,#100,.T.);
#1410=EDGE_CURVE('',#1808,#1809,#101,.T.);
#1411=EDGE_CURVE('',#1801,#1809,#102,.T.);
#1412=EDGE_CURVE('',#1809,#1810,#2072,.T.);
#1413=EDGE_CURVE('',#1802,#1810,#103,.T.);
#1414=EDGE_CURVE('',#1810,#1807,#104,.T.);
#1415=EDGE_CURVE('',#1807,#1811,#2073,.T.);
#1416=EDGE_CURVE('',#1812,#1811,#2074,.T.);
#1417=EDGE_CURVE('',#1808,#1812,#2075,.T.);
#1418=EDGE_CURVE('',#1813,#1812,#105,.T.);
#1419=EDGE_CURVE('',#1813,#1809,#2076,.T.);
#1420=EDGE_CURVE('',#1814,#1810,#2077,.T.);
#1421=EDGE_CURVE('',#1814,#1813,#2078,.T.);
#1422=EDGE_CURVE('',#1811,#1814,#106,.T.);
#1423=EDGE_CURVE('',#1815,#1815,#2079,.T.);
#1424=EDGE_CURVE('',#1816,#1816,#2080,.T.);
#1425=EDGE_CURVE('',#1817,#1817,#2081,.T.);
#1426=EDGE_CURVE('',#1818,#1818,#2082,.T.);
#1427=EDGE_CURVE('',#1819,#1819,#2083,.T.);
#1428=EDGE_CURVE('',#1820,#1820,#39,.T.);
#1429=EDGE_CURVE('',#1821,#1821,#2084,.T.);
#1430=EDGE_CURVE('',#1822,#1822,#2085,.T.);
#1431=EDGE_CURVE('',#1823,#1823,#2086,.T.);
#1432=EDGE_CURVE('',#1824,#1824,#2087,.T.);
#1433=EDGE_CURVE('',#1825,#1825,#2088,.T.);
#1434=EDGE_CURVE('',#1826,#1826,#2089,.T.);
#1435=EDGE_CURVE('',#1827,#1827,#2090,.T.);
#1436=EDGE_CURVE('',#1828,#1829,#107,.T.);
#1437=EDGE_CURVE('',#1830,#1828,#2091,.F.);
#1438=EDGE_CURVE('',#1831,#1830,#40,.T.);
#1439=EDGE_CURVE('',#1832,#1831,#2092,.T.);
#1440=EDGE_CURVE('',#1833,#1832,#41,.T.);
#1441=EDGE_CURVE('',#1834,#1833,#108,.T.);
#1442=EDGE_CURVE('',#1835,#1834,#42,.T.);
#1443=EDGE_CURVE('',#1836,#1835,#2093,.F.);
#1444=EDGE_CURVE('',#1837,#1836,#43,.T.);
#1445=EDGE_CURVE('',#1838,#1837,#2094,.T.);
#1446=EDGE_CURVE('',#1839,#1838,#2095,.T.);
#1447=EDGE_CURVE('',#1829,#1839,#44,.T.);
#1448=EDGE_CURVE('',#1840,#1841,#2096,.F.);
#1449=EDGE_CURVE('',#1830,#1840,#45,.F.);
#1450=EDGE_CURVE('',#1828,#1841,#109,.T.);
#1451=EDGE_CURVE('',#1842,#1840,#46,.T.);
#1452=EDGE_CURVE('',#1831,#1842,#47,.T.);
#1453=EDGE_CURVE('',#1843,#1842,#2097,.T.);
#1454=EDGE_CURVE('',#1832,#1843,#48,.F.);
#1455=EDGE_CURVE('',#1844,#1843,#49,.T.);
#1456=EDGE_CURVE('',#1833,#1844,#110,.T.);
#1457=EDGE_CURVE('',#1845,#1844,#111,.T.);
#1458=EDGE_CURVE('',#1834,#1845,#112,.T.);
#1459=EDGE_CURVE('',#1846,#1845,#50,.T.);
#1460=EDGE_CURVE('',#1835,#1846,#51,.T.);
#1461=EDGE_CURVE('',#1847,#1846,#2098,.F.);
#1462=EDGE_CURVE('',#1836,#1847,#52,.F.);
#1463=EDGE_CURVE('',#1848,#1847,#53,.T.);
#1464=EDGE_CURVE('',#1837,#1848,#54,.T.);
#1465=EDGE_CURVE('',#1849,#1848,#2099,.T.);
#1466=EDGE_CURVE('',#1838,#1849,#55,.F.);
#1467=EDGE_CURVE('',#1850,#1849,#2100,.T.);
#1468=EDGE_CURVE('',#1839,#1850,#56,.F.);
#1469=EDGE_CURVE('',#1851,#1850,#57,.T.);
#1470=EDGE_CURVE('',#1829,#1851,#113,.T.);
#1471=EDGE_CURVE('',#1841,#1851,#114,.T.);
#1472=EDGE_CURVE('',#1852,#1853,#115,.T.);
#1473=EDGE_CURVE('',#1854,#1852,#116,.T.);
#1474=EDGE_CURVE('',#1855,#1854,#58,.T.);
#1475=EDGE_CURVE('',#1856,#1855,#117,.T.);
#1476=EDGE_CURVE('',#1857,#1856,#2101,.F.);
#1477=EDGE_CURVE('',#1858,#1857,#118,.T.);
#1478=EDGE_CURVE('',#1859,#1858,#119,.T.);
#1479=EDGE_CURVE('',#1860,#1859,#120,.T.);
#1480=EDGE_CURVE('',#1861,#1860,#121,.T.);
#1481=EDGE_CURVE('',#1862,#1861,#59,.T.);
#1482=EDGE_CURVE('',#1863,#1862,#122,.T.);
#1483=EDGE_CURVE('',#1864,#1863,#2102,.F.);
#1484=EDGE_CURVE('',#1865,#1864,#123,.T.);
#1485=EDGE_CURVE('',#1853,#1865,#124,.T.);
#1486=EDGE_CURVE('',#1866,#1867,#125,.T.);
#1487=EDGE_CURVE('',#1854,#1866,#126,.T.);
#1488=EDGE_CURVE('',#1852,#1867,#127,.T.);
#1489=EDGE_CURVE('',#1868,#1866,#60,.T.);
#1490=EDGE_CURVE('',#1855,#1868,#128,.T.);
#1491=EDGE_CURVE('',#1869,#1868,#129,.T.);
#1492=EDGE_CURVE('',#1856,#1869,#130,.T.);
#1493=EDGE_CURVE('',#1870,#1869,#2103,.F.);
#1494=EDGE_CURVE('',#1857,#1870,#61,.T.);
#1495=EDGE_CURVE('',#1871,#1870,#131,.T.);
#1496=EDGE_CURVE('',#1858,#1871,#132,.T.);
#1497=EDGE_CURVE('',#1872,#1871,#133,.T.);
#1498=EDGE_CURVE('',#1859,#1872,#134,.T.);
#1499=EDGE_CURVE('',#1873,#1872,#135,.T.);
#1500=EDGE_CURVE('',#1860,#1873,#136,.T.);
#1501=EDGE_CURVE('',#1874,#1873,#137,.T.);
#1502=EDGE_CURVE('',#1861,#1874,#138,.T.);
#1503=EDGE_CURVE('',#1875,#1874,#62,.T.);
#1504=EDGE_CURVE('',#1862,#1875,#139,.T.);
#1505=EDGE_CURVE('',#1876,#1875,#140,.T.);
#1506=EDGE_CURVE('',#1863,#1876,#141,.T.);
#1507=EDGE_CURVE('',#1877,#1876,#2104,.F.);
#1508=EDGE_CURVE('',#1864,#1877,#63,.T.);
#1509=EDGE_CURVE('',#1878,#1877,#142,.T.);
#1510=EDGE_CURVE('',#1865,#1878,#143,.T.);
#1511=EDGE_CURVE('',#1879,#1878,#144,.T.);
#1512=EDGE_CURVE('',#1853,#1879,#145,.T.);
#1513=EDGE_CURVE('',#1867,#1879,#146,.T.);
#1514=EDGE_CURVE('',#1806,#1880,#2105,.T.);
#1515=EDGE_CURVE('',#1881,#1880,#2106,.T.);
#1516=EDGE_CURVE('',#1881,#1803,#2107,.T.);
#1517=EDGE_CURVE('',#1882,#1804,#2108,.T.);
#1518=EDGE_CURVE('',#1882,#1881,#147,.T.);
#1519=EDGE_CURVE('',#1805,#1883,#2109,.T.);
#1520=EDGE_CURVE('',#1880,#1883,#148,.T.);
#1521=EDGE_CURVE('',#1883,#1882,#2110,.T.);
#1522=EDGE_CURVE('',#1884,#1885,#2111,.T.);
#1523=EDGE_CURVE('',#1886,#1885,#149,.T.);
#1524=EDGE_CURVE('',#1886,#1887,#2112,.T.);
#1525=EDGE_CURVE('',#1884,#1887,#150,.T.);
#1526=EDGE_CURVE('',#1888,#1889,#2113,.T.);
#1527=EDGE_CURVE('',#1887,#1889,#2114,.T.);
#1528=EDGE_CURVE('',#1888,#1886,#2115,.T.);
#1529=EDGE_CURVE('',#1890,#1891,#2116,.T.);
#1530=EDGE_CURVE('',#1885,#1891,#2117,.T.);
#1531=EDGE_CURVE('',#1890,#1884,#2118,.T.);
#1532=EDGE_CURVE('',#1891,#1888,#151,.T.);
#1533=EDGE_CURVE('',#1889,#1890,#152,.T.);
#1534=EDGE_CURVE('',#1892,#1893,#2119,.T.);
#1535=EDGE_CURVE('',#1885,#1892,#153,.T.);
#1536=EDGE_CURVE('',#1891,#1893,#154,.T.);
#1537=EDGE_CURVE('',#1893,#1894,#155,.T.);
#1538=EDGE_CURVE('',#1888,#1894,#156,.T.);
#1539=EDGE_CURVE('',#1894,#1895,#2120,.T.);
#1540=EDGE_CURVE('',#1886,#1895,#157,.T.);
#1541=EDGE_CURVE('',#1895,#1892,#158,.T.);
#1542=EDGE_CURVE('',#1896,#1896,#2121,.T.);
#1543=EDGE_CURVE('',#1897,#1898,#159,.T.);
#1544=EDGE_CURVE('',#1899,#1897,#2122,.T.);
#1545=EDGE_CURVE('',#1900,#1899,#160,.T.);
#1546=EDGE_CURVE('',#1901,#1900,#2123,.T.);
#1547=EDGE_CURVE('',#1902,#1901,#161,.T.);
#1548=EDGE_CURVE('',#1903,#1902,#2124,.T.);
#1549=EDGE_CURVE('',#1904,#1903,#162,.T.);
#1550=EDGE_CURVE('',#1905,#1904,#2125,.T.);
#1551=EDGE_CURVE('',#1905,#1906,#163,.T.);
#1552=EDGE_CURVE('',#1907,#1906,#2126,.T.);
#1553=EDGE_CURVE('',#1907,#1908,#164,.T.);
#1554=EDGE_CURVE('',#1898,#1908,#2127,.T.);
#1555=EDGE_CURVE('',#1909,#1909,#2128,.T.);
#1556=EDGE_CURVE('',#1900,#1910,#2129,.T.);
#1557=EDGE_CURVE('',#1910,#1911,#64,.T.);
#1558=EDGE_CURVE('',#1911,#1898,#2130,.T.);
#1559=EDGE_CURVE('',#1912,#1908,#65,.T.);
#1560=EDGE_CURVE('',#1912,#1913,#66,.T.);
#1561=EDGE_CURVE('',#1905,#1913,#67,.T.);
#1562=EDGE_CURVE('',#1904,#1914,#2131,.T.);
#1563=EDGE_CURVE('',#1914,#1915,#68,.T.);
#1564=EDGE_CURVE('',#1915,#1901,#2132,.T.);
#1565=EDGE_CURVE('',#1916,#1916,#2133,.T.);
#1566=EDGE_CURVE('',#1917,#1918,#2134,.T.);
#1567=EDGE_CURVE('',#1918,#1919,#2135,.T.);
#1568=EDGE_CURVE('',#1919,#1920,#69,.T.);
#1569=EDGE_CURVE('',#1920,#1921,#2136,.T.);
#1570=EDGE_CURVE('',#1921,#1922,#2137,.T.);
#1571=EDGE_CURVE('',#1923,#1922,#70,.T.);
#1572=EDGE_CURVE('',#1923,#1924,#71,.T.);
#1573=EDGE_CURVE('',#1925,#1924,#72,.T.);
#1574=EDGE_CURVE('',#1925,#1926,#2138,.T.);
#1575=EDGE_CURVE('',#1926,#1927,#2139,.T.);
#1576=EDGE_CURVE('',#1927,#1928,#73,.T.);
#1577=EDGE_CURVE('',#1928,#1917,#2140,.T.);
#1578=EDGE_CURVE('',#1929,#1929,#2141,.T.);
#1579=EDGE_CURVE('',#1930,#1930,#2142,.T.);
#1580=EDGE_CURVE('',#1931,#1921,#165,.T.);
#1581=EDGE_CURVE('',#1932,#1931,#2143,.T.);
#1582=EDGE_CURVE('',#1918,#1932,#166,.T.);
#1583=EDGE_CURVE('',#1933,#1917,#167,.T.);
#1584=EDGE_CURVE('',#1934,#1933,#2144,.T.);
#1585=EDGE_CURVE('',#1926,#1934,#168,.T.);
#1586=EDGE_CURVE('',#1925,#1935,#169,.T.);
#1587=EDGE_CURVE('',#1936,#1935,#2145,.T.);
#1588=EDGE_CURVE('',#1936,#1922,#170,.T.);
#1589=EDGE_CURVE('',#1937,#1937,#2146,.T.);
#1590=EDGE_CURVE('',#1938,#1938,#2147,.T.);
#1591=EDGE_CURVE('',#1939,#1940,#171,.T.);
#1592=EDGE_CURVE('',#1941,#1939,#2148,.T.);
#1593=EDGE_CURVE('',#1942,#1941,#172,.T.);
#1594=EDGE_CURVE('',#1943,#1942,#2149,.T.);
#1595=EDGE_CURVE('',#1943,#1944,#173,.T.);
#1596=EDGE_CURVE('',#1945,#1944,#2150,.T.);
#1597=EDGE_CURVE('',#1945,#1946,#174,.T.);
#1598=EDGE_CURVE('',#1947,#1946,#2151,.T.);
#1599=EDGE_CURVE('',#1948,#1947,#175,.T.);
#1600=EDGE_CURVE('',#1949,#1948,#2152,.T.);
#1601=EDGE_CURVE('',#1950,#1949,#176,.T.);
#1602=EDGE_CURVE('',#1940,#1950,#2153,.T.);
#1603=EDGE_CURVE('',#1951,#1951,#2154,.T.);
#1604=EDGE_CURVE('',#1950,#1952,#2155,.T.);
#1605=EDGE_CURVE('',#1952,#1953,#74,.T.);
#1606=EDGE_CURVE('',#1953,#1947,#2156,.T.);
#1607=EDGE_CURVE('',#1954,#1946,#75,.T.);
#1608=EDGE_CURVE('',#1954,#1955,#76,.T.);
#1609=EDGE_CURVE('',#1943,#1955,#77,.T.);
#1610=EDGE_CURVE('',#1942,#1956,#2157,.T.);
#1611=EDGE_CURVE('',#1956,#1957,#78,.T.);
#1612=EDGE_CURVE('',#1957,#1940,#2158,.T.);
#1613=EDGE_CURVE('',#1958,#1958,#2159,.T.);
#1614=EDGE_CURVE('',#1959,#1959,#2160,.T.);
#1615=EDGE_CURVE('',#1960,#1960,#2161,.T.);
#1616=EDGE_CURVE('',#1961,#1961,#2162,.T.);
#1617=EDGE_CURVE('',#1962,#1962,#2163,.T.);
#1618=EDGE_CURVE('',#1963,#1963,#2164,.T.);
#1619=EDGE_CURVE('',#1964,#1964,#2165,.T.);
#1620=EDGE_CURVE('',#1965,#1965,#2166,.T.);
#1621=EDGE_CURVE('',#1966,#1966,#2167,.T.);
#1622=EDGE_CURVE('',#1967,#1967,#2168,.T.);
#1623=EDGE_CURVE('',#1968,#1969,#177,.T.);
#1624=EDGE_CURVE('',#1970,#1968,#2169,.T.);
#1625=EDGE_CURVE('',#1970,#1971,#178,.T.);
#1626=EDGE_CURVE('',#1969,#1971,#2170,.T.);
#1627=EDGE_CURVE('',#1972,#1924,#179,.T.);
#1628=EDGE_CURVE('',#1973,#1972,#180,.T.);
#1629=EDGE_CURVE('',#1935,#1973,#181,.T.);
#1630=EDGE_CURVE('',#1973,#1934,#182,.T.);
#1631=EDGE_CURVE('',#1972,#1927,#183,.T.);
#1632=EDGE_CURVE('',#1932,#1974,#184,.T.);
#1633=EDGE_CURVE('',#1975,#1974,#185,.T.);
#1634=EDGE_CURVE('',#1919,#1975,#186,.T.);
#1635=EDGE_CURVE('',#1976,#1977,#187,.T.);
#1636=EDGE_CURVE('',#1977,#1978,#188,.T.);
#1637=EDGE_CURVE('',#1979,#1978,#189,.T.);
#1638=EDGE_CURVE('',#1976,#1979,#190,.T.);
#1639=EDGE_CURVE('',#1980,#1981,#191,.T.);
#1640=EDGE_CURVE('',#1982,#1980,#192,.T.);
#1641=EDGE_CURVE('',#1982,#1983,#193,.T.);
#1642=EDGE_CURVE('',#1981,#1983,#194,.T.);
#1643=EDGE_CURVE('',#1984,#1983,#2171,.T.);
#1644=EDGE_CURVE('',#1977,#1982,#195,.T.);
#1645=EDGE_CURVE('',#1976,#1985,#2172,.T.);
#1646=EDGE_CURVE('',#1984,#1985,#196,.T.);
#1647=EDGE_CURVE('',#1986,#1987,#197,.T.);
#1648=EDGE_CURVE('',#1986,#1988,#198,.T.);
#1649=EDGE_CURVE('',#1989,#1988,#199,.T.);
#1650=EDGE_CURVE('',#1987,#1989,#200,.T.);
#1651=EDGE_CURVE('',#1990,#1988,#201,.T.);
#1652=EDGE_CURVE('',#1991,#1990,#202,.T.);
#1653=EDGE_CURVE('',#1989,#1991,#203,.T.);
#1654=EDGE_CURVE('',#1986,#1992,#204,.T.);
#1655=EDGE_CURVE('',#1987,#1993,#205,.T.);
#1656=EDGE_CURVE('',#1992,#1993,#206,.T.);
#1657=EDGE_CURVE('',#1994,#1995,#207,.T.);
#1658=EDGE_CURVE('',#1994,#1996,#208,.T.);
#1659=EDGE_CURVE('',#1996,#1997,#209,.T.);
#1660=EDGE_CURVE('',#1997,#1995,#210,.T.);
#1661=EDGE_CURVE('',#1998,#1999,#211,.T.);
#1662=EDGE_CURVE('',#1998,#2000,#212,.T.);
#1663=EDGE_CURVE('',#2000,#2001,#213,.T.);
#1664=EDGE_CURVE('',#2001,#1999,#214,.T.);
#1665=EDGE_CURVE('',#2002,#2003,#215,.T.);
#1666=EDGE_CURVE('',#2002,#2004,#216,.T.);
#1667=EDGE_CURVE('',#2004,#2005,#217,.T.);
#1668=EDGE_CURVE('',#2005,#2003,#218,.T.);
#1669=EDGE_CURVE('',#1995,#2002,#2173,.T.);
#1670=EDGE_CURVE('',#2004,#1997,#2174,.T.);
#1671=EDGE_CURVE('',#2003,#1998,#2175,.T.);
#1672=EDGE_CURVE('',#2000,#2005,#2176,.T.);
#1673=EDGE_CURVE('',#1792,#2006,#219,.T.);
#1674=EDGE_CURVE('',#2007,#2006,#220,.T.);
#1675=EDGE_CURVE('',#2008,#2007,#221,.T.);
#1676=EDGE_CURVE('',#2008,#2009,#222,.T.);
#1677=EDGE_CURVE('',#2009,#2010,#223,.T.);
#1678=EDGE_CURVE('',#2011,#2010,#224,.T.);
#1679=EDGE_CURVE('',#1915,#2011,#225,.T.);
#1680=EDGE_CURVE('',#2012,#1914,#226,.T.);
#1681=EDGE_CURVE('',#2012,#1913,#227,.T.);
#1682=EDGE_CURVE('',#1912,#2013,#228,.T.);
#1683=EDGE_CURVE('',#2013,#1911,#229,.T.);
#1684=EDGE_CURVE('',#1910,#2014,#230,.T.);
#1685=EDGE_CURVE('',#2015,#2014,#231,.T.);
#1686=EDGE_CURVE('',#1957,#2015,#232,.T.);
#1687=EDGE_CURVE('',#2016,#1956,#233,.T.);
#1688=EDGE_CURVE('',#2016,#1955,#234,.T.);
#1689=EDGE_CURVE('',#1954,#2017,#235,.T.);
#1690=EDGE_CURVE('',#2017,#1953,#236,.T.);
#1691=EDGE_CURVE('',#1952,#2018,#237,.T.);
#1692=EDGE_CURVE('',#1978,#2018,#238,.T.);
#1693=EDGE_CURVE('',#2019,#1980,#239,.T.);
#1694=EDGE_CURVE('',#1928,#2019,#240,.T.);
#1695=EDGE_CURVE('',#1923,#2020,#241,.T.);
#1696=EDGE_CURVE('',#2020,#1920,#242,.T.);
#1697=EDGE_CURVE('',#2021,#1975,#243,.T.);
#1698=EDGE_CURVE('',#1797,#2021,#244,.T.);
#1699=EDGE_CURVE('',#2022,#1796,#245,.T.);
#1700=EDGE_CURVE('',#2022,#1795,#246,.T.);
#1701=EDGE_CURVE('',#1794,#2023,#247,.T.);
#1702=EDGE_CURVE('',#2023,#1793,#248,.T.);
#1703=EDGE_CURVE('',#2024,#1992,#249,.T.);
#1704=EDGE_CURVE('',#1993,#2025,#250,.T.);
#1705=EDGE_CURVE('',#2025,#2019,#251,.T.);
#1706=EDGE_CURVE('',#1981,#2026,#2177,.T.);
#1707=EDGE_CURVE('',#2027,#2026,#252,.T.);
#1708=EDGE_CURVE('',#2027,#2024,#2178,.T.);
#1709=EDGE_CURVE('',#1974,#2028,#253,.T.);
#1710=EDGE_CURVE('',#2028,#2021,#254,.T.);
#1711=EDGE_CURVE('',#2029,#2022,#255,.T.);
#1712=EDGE_CURVE('',#1788,#2029,#256,.T.);
#1713=EDGE_CURVE('',#2029,#1785,#257,.T.);
#1714=EDGE_CURVE('',#1781,#2030,#258,.T.);
#1715=EDGE_CURVE('',#2006,#2030,#259,.T.);
#1716=EDGE_CURVE('',#2030,#2031,#260,.T.);
#1717=EDGE_CURVE('',#2031,#2007,#261,.T.);
#1718=EDGE_CURVE('',#2032,#2008,#262,.T.);
#1719=EDGE_CURVE('',#2033,#2032,#263,.T.);
#1720=EDGE_CURVE('',#2009,#2033,#264,.T.);
#1721=EDGE_CURVE('',#2032,#2031,#265,.T.);
#1722=EDGE_CURVE('',#2010,#2034,#266,.T.);
#1723=EDGE_CURVE('',#2033,#2034,#267,.T.);
#1724=EDGE_CURVE('',#2034,#2035,#268,.T.);
#1725=EDGE_CURVE('',#2035,#2011,#269,.T.);
#1726=EDGE_CURVE('',#2036,#2012,#270,.T.);
#1727=EDGE_CURVE('',#1906,#2036,#271,.T.);
#1728=EDGE_CURVE('',#2036,#1903,#272,.T.);
#1729=EDGE_CURVE('',#1899,#2037,#273,.T.);
#1730=EDGE_CURVE('',#2014,#2037,#274,.T.);
#1731=EDGE_CURVE('',#2037,#2038,#275,.T.);
#1732=EDGE_CURVE('',#2038,#2015,#276,.T.);
#1733=EDGE_CURVE('',#2039,#2016,#277,.T.);
#1734=EDGE_CURVE('',#1944,#2039,#278,.T.);
#1735=EDGE_CURVE('',#2039,#1941,#279,.T.);
#1736=EDGE_CURVE('',#1949,#2040,#280,.T.);
#1737=EDGE_CURVE('',#2018,#2040,#281,.T.);
#1738=EDGE_CURVE('',#2041,#1968,#282,.T.);
#1739=EDGE_CURVE('',#1969,#2042,#283,.T.);
#1740=EDGE_CURVE('',#2042,#2041,#284,.T.);
#1741=EDGE_CURVE('',#2043,#1994,#2179,.T.);
#1742=EDGE_CURVE('',#1970,#2043,#2180,.T.);
#1743=EDGE_CURVE('',#1996,#2041,#2181,.T.);
#1744=EDGE_CURVE('',#1999,#2044,#2182,.T.);
#1745=EDGE_CURVE('',#2042,#2001,#2183,.T.);
#1746=EDGE_CURVE('',#2044,#1971,#2184,.T.);
#1747=EDGE_CURVE('',#2024,#2044,#285,.T.);
#1748=EDGE_CURVE('',#2043,#2045,#286,.T.);
#1749=EDGE_CURVE('',#1990,#2045,#287,.T.);
#1750=EDGE_CURVE('',#2045,#2046,#2185,.T.);
#1751=EDGE_CURVE('',#2047,#2046,#288,.T.);
#1752=EDGE_CURVE('',#2047,#1979,#2186,.T.);
#1753=EDGE_CURVE('',#2040,#1991,#289,.T.);
#1754=EDGE_CURVE('',#1985,#2002,#290,.T.);
#1755=EDGE_CURVE('',#2003,#1984,#291,.T.);
#1756=EDGE_CURVE('',#2046,#1994,#292,.T.);
#1757=EDGE_CURVE('',#1995,#2047,#293,.T.);
#1758=EDGE_CURVE('',#2026,#1998,#294,.T.);
#1759=EDGE_CURVE('',#1999,#2027,#295,.T.);
#1760=EDGE_CURVE('',#2048,#1945,#296,.T.);
#1761=EDGE_CURVE('',#2017,#2048,#297,.T.);
#1762=EDGE_CURVE('',#1939,#2038,#298,.T.);
#1763=EDGE_CURVE('',#2048,#1948,#299,.T.);
#1764=EDGE_CURVE('',#2049,#1936,#300,.T.);
#1765=EDGE_CURVE('',#2020,#2049,#301,.T.);
#1766=EDGE_CURVE('',#1933,#2025,#302,.T.);
#1767=EDGE_CURVE('',#2049,#1931,#303,.T.);
#1768=EDGE_CURVE('',#2050,#1907,#304,.T.);
#1769=EDGE_CURVE('',#2013,#2050,#305,.T.);
#1770=EDGE_CURVE('',#1902,#2035,#306,.T.);
#1771=EDGE_CURVE('',#2050,#1897,#307,.T.);
#1772=EDGE_CURVE('',#2051,#1789,#308,.T.);
#1773=EDGE_CURVE('',#2023,#2051,#309,.T.);
#1774=EDGE_CURVE('',#1784,#2028,#310,.T.);
#1775=EDGE_CURVE('',#2051,#1779,#311,.T.);
#1776=VERTEX_POINT('',#3888);
#1777=VERTEX_POINT('',#3891);
#1778=VERTEX_POINT('',#3894);
#1779=VERTEX_POINT('',#3896);
#1780=VERTEX_POINT('',#3897);
#1781=VERTEX_POINT('',#3899);
#1782=VERTEX_POINT('',#3901);
#1783=VERTEX_POINT('',#3903);
#1784=VERTEX_POINT('',#3905);
#1785=VERTEX_POINT('',#3907);
#1786=VERTEX_POINT('',#3909);
#1787=VERTEX_POINT('',#3911);
#1788=VERTEX_POINT('',#3913);
#1789=VERTEX_POINT('',#3915);
#1790=VERTEX_POINT('',#3917);
#1791=VERTEX_POINT('',#3921);
#1792=VERTEX_POINT('',#3923);
#1793=VERTEX_POINT('',#3928);
#1794=VERTEX_POINT('',#3935);
#1795=VERTEX_POINT('',#3941);
#1796=VERTEX_POINT('',#3948);
#1797=VERTEX_POINT('',#3953);
#1798=VERTEX_POINT('',#3957);
#1799=VERTEX_POINT('',#3961);
#1800=VERTEX_POINT('',#3962);
#1801=VERTEX_POINT('',#3964);
#1802=VERTEX_POINT('',#3966);
#1803=VERTEX_POINT('',#3969);
#1804=VERTEX_POINT('',#3970);
#1805=VERTEX_POINT('',#3972);
#1806=VERTEX_POINT('',#3974);
#1807=VERTEX_POINT('',#3978);
#1808=VERTEX_POINT('',#3980);
#1809=VERTEX_POINT('',#3984);
#1810=VERTEX_POINT('',#3988);
#1811=VERTEX_POINT('',#3994);
#1812=VERTEX_POINT('',#3996);
#1813=VERTEX_POINT('',#4000);
#1814=VERTEX_POINT('',#4004);
#1815=VERTEX_POINT('',#4010);
#1816=VERTEX_POINT('',#4012);
#1817=VERTEX_POINT('',#4014);
#1818=VERTEX_POINT('',#4016);
#1819=VERTEX_POINT('',#4019);
#1820=VERTEX_POINT('',#4032);
#1821=VERTEX_POINT('',#4035);
#1822=VERTEX_POINT('',#4038);
#1823=VERTEX_POINT('',#4041);
#1824=VERTEX_POINT('',#4044);
#1825=VERTEX_POINT('',#4048);
#1826=VERTEX_POINT('',#4051);
#1827=VERTEX_POINT('',#4055);
#1828=VERTEX_POINT('',#4060);
#1829=VERTEX_POINT('',#4061);
#1830=VERTEX_POINT('',#4063);
#1831=VERTEX_POINT('',#4076);
#1832=VERTEX_POINT('',#4078);
#1833=VERTEX_POINT('',#4089);
#1834=VERTEX_POINT('',#4091);
#1835=VERTEX_POINT('',#4098);
#1836=VERTEX_POINT('',#4100);
#1837=VERTEX_POINT('',#4105);
#1838=VERTEX_POINT('',#4107);
#1839=VERTEX_POINT('',#4109);
#1840=VERTEX_POINT('',#4122);
#1841=VERTEX_POINT('',#4123);
#1842=VERTEX_POINT('',#4155);
#1843=VERTEX_POINT('',#4162);
#1844=VERTEX_POINT('',#4187);
#1845=VERTEX_POINT('',#4191);
#1846=VERTEX_POINT('',#4207);
#1847=VERTEX_POINT('',#4214);
#1848=VERTEX_POINT('',#4231);
#1849=VERTEX_POINT('',#4238);
#1850=VERTEX_POINT('',#4245);
#1851=VERTEX_POINT('',#4270);
#1852=VERTEX_POINT('',#4276);
#1853=VERTEX_POINT('',#4277);
#1854=VERTEX_POINT('',#4279);
#1855=VERTEX_POINT('',#4286);
#1856=VERTEX_POINT('',#4288);
#1857=VERTEX_POINT('',#4290);
#1858=VERTEX_POINT('',#4292);
#1859=VERTEX_POINT('',#4294);
#1860=VERTEX_POINT('',#4296);
#1861=VERTEX_POINT('',#4298);
#1862=VERTEX_POINT('',#4305);
#1863=VERTEX_POINT('',#4307);
#1864=VERTEX_POINT('',#4309);
#1865=VERTEX_POINT('',#4311);
#1866=VERTEX_POINT('',#4315);
#1867=VERTEX_POINT('',#4316);
#1868=VERTEX_POINT('',#4335);
#1869=VERTEX_POINT('',#4339);
#1870=VERTEX_POINT('',#4343);
#1871=VERTEX_POINT('',#4350);
#1872=VERTEX_POINT('',#4354);
#1873=VERTEX_POINT('',#4358);
#1874=VERTEX_POINT('',#4362);
#1875=VERTEX_POINT('',#4380);
#1876=VERTEX_POINT('',#4384);
#1877=VERTEX_POINT('',#4388);
#1878=VERTEX_POINT('',#4395);
#1879=VERTEX_POINT('',#4399);
#1880=VERTEX_POINT('',#4405);
#1881=VERTEX_POINT('',#4407);
#1882=VERTEX_POINT('',#4411);
#1883=VERTEX_POINT('',#4415);
#1884=VERTEX_POINT('',#4421);
#1885=VERTEX_POINT('',#4422);
#1886=VERTEX_POINT('',#4424);
#1887=VERTEX_POINT('',#4426);
#1888=VERTEX_POINT('',#4430);
#1889=VERTEX_POINT('',#4431);
#1890=VERTEX_POINT('',#4436);
#1891=VERTEX_POINT('',#4437);
#1892=VERTEX_POINT('',#4445);
#1893=VERTEX_POINT('',#4446);
#1894=VERTEX_POINT('',#4451);
#1895=VERTEX_POINT('',#4455);
#1896=VERTEX_POINT('',#4462);
#1897=VERTEX_POINT('',#4464);
#1898=VERTEX_POINT('',#4465);
#1899=VERTEX_POINT('',#4467);
#1900=VERTEX_POINT('',#4469);
#1901=VERTEX_POINT('',#4471);
#1902=VERTEX_POINT('',#4473);
#1903=VERTEX_POINT('',#4475);
#1904=VERTEX_POINT('',#4477);
#1905=VERTEX_POINT('',#4479);
#1906=VERTEX_POINT('',#4481);
#1907=VERTEX_POINT('',#4483);
#1908=VERTEX_POINT('',#4485);
#1909=VERTEX_POINT('',#4489);
#1910=VERTEX_POINT('',#4491);
#1911=VERTEX_POINT('',#4496);
#1912=VERTEX_POINT('',#4503);
#1913=VERTEX_POINT('',#4509);
#1914=VERTEX_POINT('',#4516);
#1915=VERTEX_POINT('',#4521);
#1916=VERTEX_POINT('',#4525);
#1917=VERTEX_POINT('',#4529);
#1918=VERTEX_POINT('',#4530);
#1919=VERTEX_POINT('',#4532);
#1920=VERTEX_POINT('',#4537);
#1921=VERTEX_POINT('',#4539);
#1922=VERTEX_POINT('',#4541);
#1923=VERTEX_POINT('',#4547);
#1924=VERTEX_POINT('',#4553);
#1925=VERTEX_POINT('',#4559);
#1926=VERTEX_POINT('',#4561);
#1927=VERTEX_POINT('',#4563);
#1928=VERTEX_POINT('',#4568);
#1929=VERTEX_POINT('',#4571);
#1930=VERTEX_POINT('',#4574);
#1931=VERTEX_POINT('',#4576);
#1932=VERTEX_POINT('',#4578);
#1933=VERTEX_POINT('',#4581);
#1934=VERTEX_POINT('',#4583);
#1935=VERTEX_POINT('',#4586);
#1936=VERTEX_POINT('',#4588);
#1937=VERTEX_POINT('',#4592);
#1938=VERTEX_POINT('',#4596);
#1939=VERTEX_POINT('',#4598);
#1940=VERTEX_POINT('',#4599);
#1941=VERTEX_POINT('',#4601);
#1942=VERTEX_POINT('',#4603);
#1943=VERTEX_POINT('',#4605);
#1944=VERTEX_POINT('',#4607);
#1945=VERTEX_POINT('',#4609);
#1946=VERTEX_POINT('',#4611);
#1947=VERTEX_POINT('',#4613);
#1948=VERTEX_POINT('',#4615);
#1949=VERTEX_POINT('',#4617);
#1950=VERTEX_POINT('',#4619);
#1951=VERTEX_POINT('',#4623);
#1952=VERTEX_POINT('',#4625);
#1953=VERTEX_POINT('',#4630);
#1954=VERTEX_POINT('',#4637);
#1955=VERTEX_POINT('',#4643);
#1956=VERTEX_POINT('',#4650);
#1957=VERTEX_POINT('',#4655);
#1958=VERTEX_POINT('',#4659);
#1959=VERTEX_POINT('',#4663);
#1960=VERTEX_POINT('',#4665);
#1961=VERTEX_POINT('',#4669);
#1962=VERTEX_POINT('',#4672);
#1963=VERTEX_POINT('',#4674);
#1964=VERTEX_POINT('',#4677);
#1965=VERTEX_POINT('',#4679);
#1966=VERTEX_POINT('',#4683);
#1967=VERTEX_POINT('',#4687);
#1968=VERTEX_POINT('',#4690);
#1969=VERTEX_POINT('',#4691);
#1970=VERTEX_POINT('',#4693);
#1971=VERTEX_POINT('',#4695);
#1972=VERTEX_POINT('',#4699);
#1973=VERTEX_POINT('',#4701);
#1974=VERTEX_POINT('',#4708);
#1975=VERTEX_POINT('',#4710);
#1976=VERTEX_POINT('',#4714);
#1977=VERTEX_POINT('',#4715);
#1978=VERTEX_POINT('',#4717);
#1979=VERTEX_POINT('',#4719);
#1980=VERTEX_POINT('',#4723);
#1981=VERTEX_POINT('',#4724);
#1982=VERTEX_POINT('',#4726);
#1983=VERTEX_POINT('',#4728);
#1984=VERTEX_POINT('',#4732);
#1985=VERTEX_POINT('',#4735);
#1986=VERTEX_POINT('',#4739);
#1987=VERTEX_POINT('',#4740);
#1988=VERTEX_POINT('',#4742);
#1989=VERTEX_POINT('',#4744);
#1990=VERTEX_POINT('',#4748);
#1991=VERTEX_POINT('',#4750);
#1992=VERTEX_POINT('',#4754);
#1993=VERTEX_POINT('',#4756);
#1994=VERTEX_POINT('',#4760);
#1995=VERTEX_POINT('',#4761);
#1996=VERTEX_POINT('',#4763);
#1997=VERTEX_POINT('',#4765);
#1998=VERTEX_POINT('',#4769);
#1999=VERTEX_POINT('',#4770);
#2000=VERTEX_POINT('',#4772);
#2001=VERTEX_POINT('',#4774);
#2002=VERTEX_POINT('',#4778);
#2003=VERTEX_POINT('',#4779);
#2004=VERTEX_POINT('',#4781);
#2005=VERTEX_POINT('',#4783);
#2006=VERTEX_POINT('',#4793);
#2007=VERTEX_POINT('',#4795);
#2008=VERTEX_POINT('',#4797);
#2009=VERTEX_POINT('',#4799);
#2010=VERTEX_POINT('',#4801);
#2011=VERTEX_POINT('',#4803);
#2012=VERTEX_POINT('',#4806);
#2013=VERTEX_POINT('',#4809);
#2014=VERTEX_POINT('',#4812);
#2015=VERTEX_POINT('',#4814);
#2016=VERTEX_POINT('',#4817);
#2017=VERTEX_POINT('',#4820);
#2018=VERTEX_POINT('',#4823);
#2019=VERTEX_POINT('',#4826);
#2020=VERTEX_POINT('',#4829);
#2021=VERTEX_POINT('',#4832);
#2022=VERTEX_POINT('',#4835);
#2023=VERTEX_POINT('',#4838);
#2024=VERTEX_POINT('',#4842);
#2025=VERTEX_POINT('',#4844);
#2026=VERTEX_POINT('',#4847);
#2027=VERTEX_POINT('',#4849);
#2028=VERTEX_POINT('',#4853);
#2029=VERTEX_POINT('',#4857);
#2030=VERTEX_POINT('',#4863);
#2031=VERTEX_POINT('',#4867);
#2032=VERTEX_POINT('',#4871);
#2033=VERTEX_POINT('',#4873);
#2034=VERTEX_POINT('',#4879);
#2035=VERTEX_POINT('',#4883);
#2036=VERTEX_POINT('',#4887);
#2037=VERTEX_POINT('',#4893);
#2038=VERTEX_POINT('',#4897);
#2039=VERTEX_POINT('',#4901);
#2040=VERTEX_POINT('',#4907);
#2041=VERTEX_POINT('',#4911);
#2042=VERTEX_POINT('',#4913);
#2043=VERTEX_POINT('',#4917);
#2044=VERTEX_POINT('',#4922);
#2045=VERTEX_POINT('',#4928);
#2046=VERTEX_POINT('',#4932);
#2047=VERTEX_POINT('',#4934);
#2048=VERTEX_POINT('',#4952);
#2049=VERTEX_POINT('',#4960);
#2050=VERTEX_POINT('',#4968);
#2051=VERTEX_POINT('',#4977);
#2052=CIRCLE('',#2827,0.00055);
#2053=CIRCLE('',#2829,0.00055);
#2054=CIRCLE('',#2831,0.0003);
#2055=CIRCLE('',#2832,0.0003);
#2056=CIRCLE('',#2833,0.0003);
#2057=CIRCLE('',#2834,0.0003);
#2058=CIRCLE('',#2835,0.0003);
#2059=CIRCLE('',#2836,0.0003);
#2060=CIRCLE('',#2837,0.0003);
#2061=CIRCLE('',#2839,0.0003);
#2062=CIRCLE('',#2840,0.000776811457478686);
#2063=CIRCLE('',#2841,0.000623188542521316);
#2064=CIRCLE('',#2842,0.000623188542521313);
#2065=CIRCLE('',#2843,0.000776811457478689);
#2066=CIRCLE('',#2845,0.00022);
#2067=CIRCLE('',#2848,0.00105);
#2068=CIRCLE('',#2849,0.00105);
#2069=CIRCLE('',#2850,0.001085);
#2070=CIRCLE('',#2851,0.001085);
#2071=CIRCLE('',#2853,0.00105);
#2072=CIRCLE('',#2856,0.00105);
#2073=CIRCLE('',#2859,0.00025);
#2074=CIRCLE('',#2860,0.0008);
#2075=CIRCLE('',#2861,0.00025);
#2076=CIRCLE('',#2863,0.00025);
#2077=CIRCLE('',#2865,0.00025);
#2078=CIRCLE('',#2866,0.00079999999999999);
#2079=CIRCLE('',#2869,0.00056);
#2080=CIRCLE('',#2870,0.00056);
#2081=CIRCLE('',#2871,0.00056);
#2082=CIRCLE('',#2872,0.00056);
#2083=CIRCLE('',#2874,0.00056);
#2084=CIRCLE('',#2877,0.00056);
#2085=CIRCLE('',#2879,0.00056);
#2086=CIRCLE('',#2881,0.00055);
#2087=CIRCLE('',#2883,0.00055);
#2088=CIRCLE('',#2886,0.00055);
#2089=CIRCLE('',#2888,0.00055);
#2090=CIRCLE('',#2891,0.00055);
#2091=CIRCLE('',#2895,0.000277793523896362);
#2092=CIRCLE('',#2896,0.000716454263401199);
#2093=CIRCLE('',#2897,0.000196218035078655);
#2094=CIRCLE('',#2898,0.00139586988237799);
#2095=CIRCLE('',#2899,0.000176855866808546);
#2096=CIRCLE('',#2901,0.000277793523896362);
#2097=CIRCLE('',#2903,0.000716454263401199);
#2098=CIRCLE('',#2906,0.000196218035078655);
#2099=CIRCLE('',#2908,0.00139586988237799);
#2100=CIRCLE('',#2910,0.000176855866808546);
#2101=CIRCLE('',#2913,0.000613867817222461);
#2102=CIRCLE('',#2914,0.000321874139941961);
#2103=CIRCLE('',#2918,0.000613867817222461);
#2104=CIRCLE('',#2925,0.000321874139941961);
#2105=CIRCLE('',#2930,0.0002);
#2106=CIRCLE('',#2931,0.001285);
#2107=CIRCLE('',#2932,0.0002);
#2108=CIRCLE('',#2934,0.0002);
#2109=CIRCLE('',#2936,0.0002);
#2110=CIRCLE('',#2938,0.001285);
#2111=CIRCLE('',#2940,0.0002);
#2112=CIRCLE('',#2941,0.0002);
#2113=CIRCLE('',#2943,0.0002);
#2114=CIRCLE('',#2944,0.0023);
#2115=CIRCLE('',#2945,0.0025);
#2116=CIRCLE('',#2947,0.0002);
#2117=CIRCLE('',#2948,0.0025);
#2118=CIRCLE('',#2949,0.0023);
#2119=CIRCLE('',#2952,0.0025);
#2120=CIRCLE('',#2955,0.0025);
#2121=CIRCLE('',#2959,0.0003);
#2122=CIRCLE('',#2960,0.0003);
#2123=CIRCLE('',#2961,0.0003);
#2124=CIRCLE('',#2962,0.0003);
#2125=CIRCLE('',#2963,0.0003);
#2126=CIRCLE('',#2964,0.0003);
#2127=CIRCLE('',#2965,0.0003);
#2128=CIRCLE('',#2967,0.0003);
#2129=CIRCLE('',#2968,0.000776811457478686);
#2130=CIRCLE('',#2969,0.000623188542521316);
#2131=CIRCLE('',#2970,0.00062318854252131);
#2132=CIRCLE('',#2971,0.000776811457478692);
#2133=CIRCLE('',#2973,0.00022);
#2134=CIRCLE('',#2976,0.0003);
#2135=CIRCLE('',#2977,0.000776811457478687);
#2136=CIRCLE('',#2978,0.000623188542521315);
#2137=CIRCLE('',#2979,0.0003);
#2138=CIRCLE('',#2980,0.0003);
#2139=CIRCLE('',#2981,0.000623188542521311);
#2140=CIRCLE('',#2982,0.000776811457478691);
#2141=CIRCLE('',#2983,0.0003);
#2142=CIRCLE('',#2985,0.0003);
#2143=CIRCLE('',#2986,0.0003);
#2144=CIRCLE('',#2987,0.0003);
#2145=CIRCLE('',#2988,0.0003);
#2146=CIRCLE('',#2990,0.00022);
#2147=CIRCLE('',#2993,0.0003);
#2148=CIRCLE('',#2994,0.0003);
#2149=CIRCLE('',#2995,0.0003);
#2150=CIRCLE('',#2996,0.0003);
#2151=CIRCLE('',#2997,0.0003);
#2152=CIRCLE('',#2998,0.0003);
#2153=CIRCLE('',#2999,0.0003);
#2154=CIRCLE('',#3001,0.0003);
#2155=CIRCLE('',#3002,0.000776811457478692);
#2156=CIRCLE('',#3003,0.00062318854252131);
#2157=CIRCLE('',#3004,0.000623188542521316);
#2158=CIRCLE('',#3005,0.000776811457478686);
#2159=CIRCLE('',#3007,0.00022);
#2160=CIRCLE('',#3010,0.00065);
#2161=CIRCLE('',#3011,0.00075);
#2162=CIRCLE('',#3014,0.00075);
#2163=CIRCLE('',#3016,0.00065);
#2164=CIRCLE('',#3017,0.00075);
#2165=CIRCLE('',#3019,0.00065);
#2166=CIRCLE('',#3020,0.00075);
#2167=CIRCLE('',#3023,0.00075);
#2168=CIRCLE('',#3026,0.00075);
#2169=CIRCLE('',#3028,0.00292356254303505);
#2170=CIRCLE('',#3029,0.00292356254303505);
#2171=CIRCLE('',#3036,0.00294363433895379);
#2172=CIRCLE('',#3037,0.00294363433895379);
#2173=CIRCLE('',#3045,0.00294799777284917);
#2174=CIRCLE('',#3046,0.0029);
#2175=CIRCLE('',#3048,0.00294799777284917);
#2176=CIRCLE('',#3049,0.0029);
#2177=CIRCLE('',#3052,0.00293490747116304);
#2178=CIRCLE('',#3053,0.00293490747116304);
#2179=CIRCLE('',#3072,0.00294799777284917);
#2180=CIRCLE('',#3073,76.4999975489997);
#2181=CIRCLE('',#3074,0.0029);
#2182=CIRCLE('',#3076,0.00294799777284917);
#2183=CIRCLE('',#3077,0.0029);
#2184=CIRCLE('',#3078,76.5000911825717);
#2185=CIRCLE('',#3081,0.00293490747116304);
#2186=CIRCLE('',#3082,0.00293490747116304);
#2187=EDGE_LOOP('',(#567));
#2188=EDGE_LOOP('',(#568));
#2189=EDGE_LOOP('',(#569));
#2190=EDGE_LOOP('',(#570));
#2191=EDGE_LOOP('',(#571,#572,#573,#574,#575,#576,#577,#578,#579,#580,#581,
#582));
#2192=EDGE_LOOP('',(#583));
#2193=EDGE_LOOP('',(#584,#585,#586,#587,#588,#589,#590,#591,#592,#593,#594,
#595));
#2194=EDGE_LOOP('',(#596));
#2195=EDGE_LOOP('',(#597));
#2196=EDGE_LOOP('',(#598));
#2197=EDGE_LOOP('',(#599,#600,#601,#602));
#2198=EDGE_LOOP('',(#603,#604,#605,#606));
#2199=EDGE_LOOP('',(#607,#608,#609,#610));
#2200=EDGE_LOOP('',(#611,#612,#613,#614));
#2201=EDGE_LOOP('',(#615,#616,#617,#618));
#2202=EDGE_LOOP('',(#619,#620,#621,#622));
#2203=EDGE_LOOP('',(#623,#624,#625,#626));
#2204=EDGE_LOOP('',(#627,#628,#629,#630));
#2205=EDGE_LOOP('',(#631,#632,#633,#634));
#2206=EDGE_LOOP('',(#635,#636,#637,#638));
#2207=EDGE_LOOP('',(#639));
#2208=EDGE_LOOP('',(#640));
#2209=EDGE_LOOP('',(#641));
#2210=EDGE_LOOP('',(#642));
#2211=EDGE_LOOP('',(#643,#644,#645,#646));
#2212=EDGE_LOOP('',(#647));
#2213=EDGE_LOOP('',(#648));
#2214=EDGE_LOOP('',(#649));
#2215=EDGE_LOOP('',(#650));
#2216=EDGE_LOOP('',(#651));
#2217=EDGE_LOOP('',(#652));
#2218=EDGE_LOOP('',(#653));
#2219=EDGE_LOOP('',(#654));
#2220=EDGE_LOOP('',(#655));
#2221=EDGE_LOOP('',(#656));
#2222=EDGE_LOOP('',(#657));
#2223=EDGE_LOOP('',(#658));
#2224=EDGE_LOOP('',(#659));
#2225=EDGE_LOOP('',(#660));
#2226=EDGE_LOOP('',(#661));
#2227=EDGE_LOOP('',(#662));
#2228=EDGE_LOOP('',(#663));
#2229=EDGE_LOOP('',(#664));
#2230=EDGE_LOOP('',(#665));
#2231=EDGE_LOOP('',(#666));
#2232=EDGE_LOOP('',(#667));
#2233=EDGE_LOOP('',(#668));
#2234=EDGE_LOOP('',(#669));
#2235=EDGE_LOOP('',(#670,#671,#672,#673,#674,#675,#676,#677,#678,#679,#680,
#681));
#2236=EDGE_LOOP('',(#682,#683,#684,#685));
#2237=EDGE_LOOP('',(#686,#687,#688,#689));
#2238=EDGE_LOOP('',(#690,#691,#692,#693));
#2239=EDGE_LOOP('',(#694,#695,#696,#697));
#2240=EDGE_LOOP('',(#698,#699,#700,#701));
#2241=EDGE_LOOP('',(#702,#703,#704,#705));
#2242=EDGE_LOOP('',(#706,#707,#708,#709));
#2243=EDGE_LOOP('',(#710,#711,#712,#713));
#2244=EDGE_LOOP('',(#714,#715,#716,#717));
#2245=EDGE_LOOP('',(#718,#719,#720,#721));
#2246=EDGE_LOOP('',(#722,#723,#724,#725));
#2247=EDGE_LOOP('',(#726,#727,#728,#729));
#2248=EDGE_LOOP('',(#730,#731,#732,#733,#734,#735,#736,#737,#738,#739,#740,
#741,#742,#743));
#2249=EDGE_LOOP('',(#744,#745,#746,#747));
#2250=EDGE_LOOP('',(#748,#749,#750,#751));
#2251=EDGE_LOOP('',(#752,#753,#754,#755));
#2252=EDGE_LOOP('',(#756,#757,#758,#759));
#2253=EDGE_LOOP('',(#760,#761,#762,#763));
#2254=EDGE_LOOP('',(#764,#765,#766,#767));
#2255=EDGE_LOOP('',(#768,#769,#770,#771));
#2256=EDGE_LOOP('',(#772,#773,#774,#775));
#2257=EDGE_LOOP('',(#776,#777,#778,#779));
#2258=EDGE_LOOP('',(#780,#781,#782,#783));
#2259=EDGE_LOOP('',(#784,#785,#786,#787));
#2260=EDGE_LOOP('',(#788,#789,#790,#791));
#2261=EDGE_LOOP('',(#792,#793,#794,#795));
#2262=EDGE_LOOP('',(#796,#797,#798,#799));
#2263=EDGE_LOOP('',(#800,#801,#802,#803));
#2264=EDGE_LOOP('',(#804,#805,#806,#807));
#2265=EDGE_LOOP('',(#808,#809,#810,#811));
#2266=EDGE_LOOP('',(#812,#813,#814,#815));
#2267=EDGE_LOOP('',(#816,#817,#818,#819));
#2268=EDGE_LOOP('',(#820,#821,#822,#823));
#2269=EDGE_LOOP('',(#824,#825,#826,#827));
#2270=EDGE_LOOP('',(#828,#829,#830,#831));
#2271=EDGE_LOOP('',(#832,#833,#834,#835));
#2272=EDGE_LOOP('',(#836,#837,#838,#839));
#2273=EDGE_LOOP('',(#840,#841,#842,#843));
#2274=EDGE_LOOP('',(#844,#845,#846,#847));
#2275=EDGE_LOOP('',(#848,#849,#850,#851,#852,#853,#854,#855,#856,#857,#858,
#859));
#2276=EDGE_LOOP('',(#860,#861,#862,#863));
#2277=EDGE_LOOP('',(#864,#865,#866,#867));
#2278=EDGE_LOOP('',(#868,#869,#870,#871,#872,#873,#874,#875,#876,#877,#878,
#879,#880,#881));
#2279=EDGE_LOOP('',(#882));
#2280=EDGE_LOOP('',(#883,#884,#885,#886,#887,#888,#889,#890,#891,#892,#893,
#894));
#2281=EDGE_LOOP('',(#895));
#2282=EDGE_LOOP('',(#896,#897,#898,#899,#900,#901,#902,#903,#904,#905,#906,
#907));
#2283=EDGE_LOOP('',(#908));
#2284=EDGE_LOOP('',(#909));
#2285=EDGE_LOOP('',(#910));
#2286=EDGE_LOOP('',(#911,#912,#913,#914,#915,#916,#917,#918,#919,#920,#921,
#922));
#2287=EDGE_LOOP('',(#923));
#2288=EDGE_LOOP('',(#924));
#2289=EDGE_LOOP('',(#925,#926,#927,#928,#929,#930,#931,#932,#933,#934,#935,
#936));
#2290=EDGE_LOOP('',(#937));
#2291=EDGE_LOOP('',(#938));
#2292=EDGE_LOOP('',(#939));
#2293=EDGE_LOOP('',(#940));
#2294=EDGE_LOOP('',(#941,#942,#943,#944,#945,#946,#947,#948,#949,#950,#951,
#952));
#2295=EDGE_LOOP('',(#953));
#2296=EDGE_LOOP('',(#954,#955,#956,#957,#958,#959,#960,#961,#962,#963,#964,
#965));
#2297=EDGE_LOOP('',(#966));
#2298=EDGE_LOOP('',(#967));
#2299=EDGE_LOOP('',(#968));
#2300=EDGE_LOOP('',(#969));
#2301=EDGE_LOOP('',(#970));
#2302=EDGE_LOOP('',(#971));
#2303=EDGE_LOOP('',(#972));
#2304=EDGE_LOOP('',(#973));
#2305=EDGE_LOOP('',(#974));
#2306=EDGE_LOOP('',(#975));
#2307=EDGE_LOOP('',(#976));
#2308=EDGE_LOOP('',(#977));
#2309=EDGE_LOOP('',(#978));
#2310=EDGE_LOOP('',(#979));
#2311=EDGE_LOOP('',(#980));
#2312=EDGE_LOOP('',(#981));
#2313=EDGE_LOOP('',(#982));
#2314=EDGE_LOOP('',(#983));
#2315=EDGE_LOOP('',(#984,#985,#986,#987));
#2316=EDGE_LOOP('',(#988,#989,#990,#991,#992));
#2317=EDGE_LOOP('',(#993,#994,#995,#996,#997));
#2318=EDGE_LOOP('',(#998,#999,#1000,#1001,#1002));
#2319=EDGE_LOOP('',(#1003,#1004,#1005,#1006));
#2320=EDGE_LOOP('',(#1007,#1008,#1009,#1010));
#2321=EDGE_LOOP('',(#1011,#1012,#1013,#1014,#1015,#1016));
#2322=EDGE_LOOP('',(#1017));
#2323=EDGE_LOOP('',(#1018));
#2324=EDGE_LOOP('',(#1019));
#2325=EDGE_LOOP('',(#1020));
#2326=EDGE_LOOP('',(#1021,#1022,#1023,#1024));
#2327=EDGE_LOOP('',(#1025,#1026,#1027,#1028));
#2328=EDGE_LOOP('',(#1029,#1030,#1031,#1032));
#2329=EDGE_LOOP('',(#1033,#1034,#1035,#1036));
#2330=EDGE_LOOP('',(#1037,#1038,#1039,#1040));
#2331=EDGE_LOOP('',(#1041,#1042,#1043,#1044));
#2332=EDGE_LOOP('',(#1045,#1046,#1047,#1048));
#2333=EDGE_LOOP('',(#1049,#1050,#1051,#1052));
#2334=EDGE_LOOP('',(#1053,#1054,#1055,#1056,#1057,#1058,#1059,#1060,#1061,
#1062,#1063,#1064,#1065,#1066,#1067,#1068,#1069,#1070,#1071,#1072,#1073,
#1074,#1075,#1076,#1077,#1078,#1079,#1080,#1081,#1082,#1083,#1084,#1085,
#1086,#1087,#1088,#1089,#1090,#1091,#1092,#1093,#1094,#1095,#1096,#1097,
#1098,#1099,#1100));
#2335=EDGE_LOOP('',(#1101,#1102,#1103,#1104,#1105,#1106,#1107,#1108,#1109));
#2336=EDGE_LOOP('',(#1110,#1111,#1112,#1113));
#2337=EDGE_LOOP('',(#1114,#1115,#1116,#1117,#1118));
#2338=EDGE_LOOP('',(#1119,#1120,#1121,#1122,#1123));
#2339=EDGE_LOOP('',(#1124,#1125,#1126,#1127,#1128));
#2340=EDGE_LOOP('',(#1129,#1130,#1131,#1132));
#2341=EDGE_LOOP('',(#1133,#1134,#1135,#1136));
#2342=EDGE_LOOP('',(#1137,#1138,#1139,#1140));
#2343=EDGE_LOOP('',(#1141,#1142,#1143,#1144));
#2344=EDGE_LOOP('',(#1145,#1146,#1147,#1148));
#2345=EDGE_LOOP('',(#1149,#1150,#1151,#1152,#1153));
#2346=EDGE_LOOP('',(#1154,#1155,#1156,#1157,#1158));
#2347=EDGE_LOOP('',(#1159,#1160,#1161,#1162,#1163));
#2348=EDGE_LOOP('',(#1164,#1165,#1166,#1167));
#2349=EDGE_LOOP('',(#1168,#1169,#1170,#1171,#1172));
#2350=EDGE_LOOP('',(#1173,#1174,#1175,#1176,#1177));
#2351=EDGE_LOOP('',(#1178,#1179,#1180,#1181,#1182));
#2352=EDGE_LOOP('',(#1183,#1184,#1185,#1186));
#2353=EDGE_LOOP('',(#1187,#1188,#1189,#1190,#1191,#1192));
#2354=EDGE_LOOP('',(#1193,#1194,#1195,#1196,#1197,#1198));
#2355=EDGE_LOOP('',(#1199));
#2356=EDGE_LOOP('',(#1200,#1201,#1202,#1203,#1204,#1205,#1206,#1207,#1208,
#1209));
#2357=EDGE_LOOP('',(#1210));
#2358=EDGE_LOOP('',(#1211));
#2359=EDGE_LOOP('',(#1212,#1213,#1214,#1215,#1216,#1217,#1218,#1219,#1220));
#2360=EDGE_LOOP('',(#1221,#1222,#1223,#1224));
#2361=EDGE_LOOP('',(#1225,#1226,#1227,#1228));
#2362=EDGE_LOOP('',(#1229,#1230,#1231,#1232));
#2363=EDGE_LOOP('',(#1233,#1234,#1235,#1236,#1237,#1238));
#2364=EDGE_LOOP('',(#1239,#1240,#1241,#1242));
#2365=EDGE_LOOP('',(#1243,#1244,#1245,#1246,#1247,#1248));
#2366=EDGE_LOOP('',(#1249,#1250,#1251,#1252));
#2367=EDGE_LOOP('',(#1253,#1254,#1255,#1256,#1257));
#2368=EDGE_LOOP('',(#1258,#1259,#1260,#1261,#1262));
#2369=EDGE_LOOP('',(#1263,#1264,#1265,#1266,#1267));
#2370=EDGE_LOOP('',(#1268,#1269,#1270,#1271,#1272));
#2371=EDGE_LOOP('',(#1273,#1274,#1275,#1276,#1277));
#2372=EDGE_LOOP('',(#1278,#1279,#1280,#1281,#1282));
#2373=EDGE_LOOP('',(#1283,#1284,#1285,#1286,#1287));
#2374=EDGE_LOOP('',(#1288,#1289,#1290,#1291,#1292));
#2375=EDGE_LOOP('',(#1293,#1294,#1295,#1296,#1297));
#2376=EDGE_LOOP('',(#1298,#1299,#1300,#1301));
#2377=EDGE_LOOP('',(#1302,#1303,#1304,#1305,#1306,#1307,#1308,#1309));
#2378=EDGE_LOOP('',(#1310,#1311,#1312,#1313,#1314));
#2379=EDGE_LOOP('',(#1315,#1316,#1317,#1318,#1319));
#2380=EDGE_LOOP('',(#1320,#1321,#1322,#1323,#1324));
#2381=EDGE_LOOP('',(#1325,#1326,#1327,#1328,#1329,#1330,#1331,#1332,#1333,
#1334,#1335,#1336,#1337,#1338,#1339,#1340,#1341,#1342,#1343,#1344,#1345,
#1346,#1347,#1348,#1349,#1350,#1351,#1352,#1353,#1354,#1355,#1356,#1357,
#1358,#1359,#1360,#1361,#1362,#1363,#1364,#1365,#1366,#1367,#1368,#1369,
#1370,#1371,#1372));
#2382=FACE_BOUND('',#2187,.T.);
#2383=FACE_BOUND('',#2188,.T.);
#2384=FACE_BOUND('',#2189,.T.);
#2385=FACE_BOUND('',#2190,.T.);
#2386=FACE_BOUND('',#2191,.T.);
#2387=FACE_BOUND('',#2192,.T.);
#2388=FACE_BOUND('',#2193,.T.);
#2389=FACE_BOUND('',#2194,.T.);
#2390=FACE_BOUND('',#2195,.T.);
#2391=FACE_BOUND('',#2196,.T.);
#2392=FACE_BOUND('',#2197,.T.);
#2393=FACE_BOUND('',#2198,.T.);
#2394=FACE_BOUND('',#2199,.T.);
#2395=FACE_BOUND('',#2200,.T.);
#2396=FACE_BOUND('',#2201,.T.);
#2397=FACE_BOUND('',#2202,.T.);
#2398=FACE_BOUND('',#2203,.T.);
#2399=FACE_BOUND('',#2204,.T.);
#2400=FACE_BOUND('',#2205,.T.);
#2401=FACE_BOUND('',#2206,.T.);
#2402=FACE_BOUND('',#2207,.T.);
#2403=FACE_BOUND('',#2208,.T.);
#2404=FACE_BOUND('',#2209,.T.);
#2405=FACE_BOUND('',#2210,.T.);
#2406=FACE_BOUND('',#2211,.T.);
#2407=FACE_BOUND('',#2212,.T.);
#2408=FACE_BOUND('',#2213,.T.);
#2409=FACE_BOUND('',#2214,.T.);
#2410=FACE_BOUND('',#2215,.T.);
#2411=FACE_BOUND('',#2216,.T.);
#2412=FACE_BOUND('',#2217,.T.);
#2413=FACE_BOUND('',#2218,.T.);
#2414=FACE_BOUND('',#2219,.T.);
#2415=FACE_BOUND('',#2220,.T.);
#2416=FACE_BOUND('',#2221,.T.);
#2417=FACE_BOUND('',#2222,.T.);
#2418=FACE_BOUND('',#2223,.T.);
#2419=FACE_BOUND('',#2224,.T.);
#2420=FACE_BOUND('',#2225,.T.);
#2421=FACE_BOUND('',#2226,.T.);
#2422=FACE_BOUND('',#2227,.T.);
#2423=FACE_BOUND('',#2228,.T.);
#2424=FACE_BOUND('',#2229,.T.);
#2425=FACE_BOUND('',#2230,.T.);
#2426=FACE_BOUND('',#2231,.T.);
#2427=FACE_BOUND('',#2232,.T.);
#2428=FACE_BOUND('',#2233,.T.);
#2429=FACE_BOUND('',#2234,.T.);
#2430=FACE_BOUND('',#2235,.T.);
#2431=FACE_BOUND('',#2236,.T.);
#2432=FACE_BOUND('',#2237,.T.);
#2433=FACE_BOUND('',#2238,.T.);
#2434=FACE_BOUND('',#2239,.T.);
#2435=FACE_BOUND('',#2240,.T.);
#2436=FACE_BOUND('',#2241,.T.);
#2437=FACE_BOUND('',#2242,.T.);
#2438=FACE_BOUND('',#2243,.T.);
#2439=FACE_BOUND('',#2244,.T.);
#2440=FACE_BOUND('',#2245,.T.);
#2441=FACE_BOUND('',#2246,.T.);
#2442=FACE_BOUND('',#2247,.T.);
#2443=FACE_BOUND('',#2248,.T.);
#2444=FACE_BOUND('',#2249,.T.);
#2445=FACE_BOUND('',#2250,.T.);
#2446=FACE_BOUND('',#2251,.T.);
#2447=FACE_BOUND('',#2252,.T.);
#2448=FACE_BOUND('',#2253,.T.);
#2449=FACE_BOUND('',#2254,.T.);
#2450=FACE_BOUND('',#2255,.T.);
#2451=FACE_BOUND('',#2256,.T.);
#2452=FACE_BOUND('',#2257,.T.);
#2453=FACE_BOUND('',#2258,.T.);
#2454=FACE_BOUND('',#2259,.T.);
#2455=FACE_BOUND('',#2260,.T.);
#2456=FACE_BOUND('',#2261,.T.);
#2457=FACE_BOUND('',#2262,.T.);
#2458=FACE_BOUND('',#2263,.T.);
#2459=FACE_BOUND('',#2264,.T.);
#2460=FACE_BOUND('',#2265,.T.);
#2461=FACE_BOUND('',#2266,.T.);
#2462=FACE_BOUND('',#2267,.T.);
#2463=FACE_BOUND('',#2268,.T.);
#2464=FACE_BOUND('',#2269,.T.);
#2465=FACE_BOUND('',#2270,.T.);
#2466=FACE_BOUND('',#2271,.T.);
#2467=FACE_BOUND('',#2272,.T.);
#2468=FACE_BOUND('',#2273,.T.);
#2469=FACE_BOUND('',#2274,.T.);
#2470=FACE_BOUND('',#2275,.T.);
#2471=FACE_BOUND('',#2276,.T.);
#2472=FACE_BOUND('',#2277,.T.);
#2473=FACE_BOUND('',#2278,.T.);
#2474=FACE_BOUND('',#2279,.T.);
#2475=FACE_BOUND('',#2280,.T.);
#2476=FACE_BOUND('',#2281,.T.);
#2477=FACE_BOUND('',#2282,.T.);
#2478=FACE_BOUND('',#2283,.T.);
#2479=FACE_BOUND('',#2284,.T.);
#2480=FACE_BOUND('',#2285,.T.);
#2481=FACE_BOUND('',#2286,.T.);
#2482=FACE_BOUND('',#2287,.T.);
#2483=FACE_BOUND('',#2288,.T.);
#2484=FACE_BOUND('',#2289,.T.);
#2485=FACE_BOUND('',#2290,.T.);
#2486=FACE_BOUND('',#2291,.T.);
#2487=FACE_BOUND('',#2292,.T.);
#2488=FACE_BOUND('',#2293,.T.);
#2489=FACE_BOUND('',#2294,.T.);
#2490=FACE_BOUND('',#2295,.T.);
#2491=FACE_BOUND('',#2296,.T.);
#2492=FACE_BOUND('',#2297,.T.);
#2493=FACE_BOUND('',#2298,.T.);
#2494=FACE_BOUND('',#2299,.T.);
#2495=FACE_BOUND('',#2300,.T.);
#2496=FACE_BOUND('',#2301,.T.);
#2497=FACE_BOUND('',#2302,.T.);
#2498=FACE_BOUND('',#2303,.T.);
#2499=FACE_BOUND('',#2304,.T.);
#2500=FACE_BOUND('',#2305,.T.);
#2501=FACE_BOUND('',#2306,.T.);
#2502=FACE_BOUND('',#2307,.T.);
#2503=FACE_BOUND('',#2308,.T.);
#2504=FACE_BOUND('',#2309,.T.);
#2505=FACE_BOUND('',#2310,.T.);
#2506=FACE_BOUND('',#2311,.T.);
#2507=FACE_BOUND('',#2312,.T.);
#2508=FACE_BOUND('',#2313,.T.);
#2509=FACE_BOUND('',#2314,.T.);
#2510=FACE_BOUND('',#2315,.T.);
#2511=FACE_BOUND('',#2316,.T.);
#2512=FACE_BOUND('',#2317,.T.);
#2513=FACE_BOUND('',#2318,.T.);
#2514=FACE_BOUND('',#2319,.T.);
#2515=FACE_BOUND('',#2320,.T.);
#2516=FACE_BOUND('',#2321,.T.);
#2517=FACE_BOUND('',#2322,.T.);
#2518=FACE_BOUND('',#2323,.T.);
#2519=FACE_BOUND('',#2324,.T.);
#2520=FACE_BOUND('',#2325,.T.);
#2521=FACE_BOUND('',#2326,.T.);
#2522=FACE_BOUND('',#2327,.T.);
#2523=FACE_BOUND('',#2328,.T.);
#2524=FACE_BOUND('',#2329,.T.);
#2525=FACE_BOUND('',#2330,.T.);
#2526=FACE_BOUND('',#2331,.T.);
#2527=FACE_BOUND('',#2332,.T.);
#2528=FACE_BOUND('',#2333,.T.);
#2529=FACE_BOUND('',#2334,.T.);
#2530=FACE_BOUND('',#2335,.T.);
#2531=FACE_BOUND('',#2336,.T.);
#2532=FACE_BOUND('',#2337,.T.);
#2533=FACE_BOUND('',#2338,.T.);
#2534=FACE_BOUND('',#2339,.T.);
#2535=FACE_BOUND('',#2340,.T.);
#2536=FACE_BOUND('',#2341,.T.);
#2537=FACE_BOUND('',#2342,.T.);
#2538=FACE_BOUND('',#2343,.T.);
#2539=FACE_BOUND('',#2344,.T.);
#2540=FACE_BOUND('',#2345,.T.);
#2541=FACE_BOUND('',#2346,.T.);
#2542=FACE_BOUND('',#2347,.T.);
#2543=FACE_BOUND('',#2348,.T.);
#2544=FACE_BOUND('',#2349,.T.);
#2545=FACE_BOUND('',#2350,.T.);
#2546=FACE_BOUND('',#2351,.T.);
#2547=FACE_BOUND('',#2352,.T.);
#2548=FACE_BOUND('',#2353,.T.);
#2549=FACE_BOUND('',#2354,.T.);
#2550=FACE_BOUND('',#2355,.T.);
#2551=FACE_BOUND('',#2356,.T.);
#2552=FACE_BOUND('',#2357,.T.);
#2553=FACE_BOUND('',#2358,.T.);
#2554=FACE_BOUND('',#2359,.T.);
#2555=FACE_BOUND('',#2360,.T.);
#2556=FACE_BOUND('',#2361,.T.);
#2557=FACE_BOUND('',#2362,.T.);
#2558=FACE_BOUND('',#2363,.T.);
#2559=FACE_BOUND('',#2364,.T.);
#2560=FACE_BOUND('',#2365,.T.);
#2561=FACE_BOUND('',#2366,.T.);
#2562=FACE_BOUND('',#2367,.T.);
#2563=FACE_BOUND('',#2368,.T.);
#2564=FACE_BOUND('',#2369,.T.);
#2565=FACE_BOUND('',#2370,.T.);
#2566=FACE_BOUND('',#2371,.T.);
#2567=FACE_BOUND('',#2372,.T.);
#2568=FACE_BOUND('',#2373,.T.);
#2569=FACE_BOUND('',#2374,.T.);
#2570=FACE_BOUND('',#2375,.T.);
#2571=FACE_BOUND('',#2376,.T.);
#2572=FACE_BOUND('',#2377,.T.);
#2573=FACE_BOUND('',#2378,.T.);
#2574=FACE_BOUND('',#2379,.T.);
#2575=FACE_BOUND('',#2380,.T.);
#2576=FACE_BOUND('',#2381,.T.);
#2577=PLANE('',#2826);
#2578=PLANE('',#2846);
#2579=PLANE('',#2847);
#2580=PLANE('',#2854);
#2581=PLANE('',#2857);
#2582=PLANE('',#2868);
#2583=PLANE('',#2880);
#2584=PLANE('',#2884);
#2585=PLANE('',#2885);
#2586=PLANE('',#2889);
#2587=PLANE('',#2892);
#2588=PLANE('',#2893);
#2589=PLANE('',#2894);
#2590=PLANE('',#2904);
#2591=PLANE('',#2911);
#2592=PLANE('',#2912);
#2593=PLANE('',#2915);
#2594=PLANE('',#2916);
#2595=PLANE('',#2919);
#2596=PLANE('',#2920);
#2597=PLANE('',#2921);
#2598=PLANE('',#2922);
#2599=PLANE('',#2923);
#2600=PLANE('',#2926);
#2601=PLANE('',#2927);
#2602=PLANE('',#2928);
#2603=PLANE('',#2953);
#2604=PLANE('',#2956);
#2605=PLANE('',#2957);
#2606=PLANE('',#2974);
#2607=PLANE('',#2991);
#2608=PLANE('',#3008);
#2609=PLANE('',#3012);
#2610=PLANE('',#3021);
#2611=PLANE('',#3024);
#2612=PLANE('',#3027);
#2613=PLANE('',#3030);
#2614=PLANE('',#3031);
#2615=PLANE('',#3032);
#2616=PLANE('',#3033);
#2617=PLANE('',#3034);
#2618=PLANE('',#3035);
#2619=PLANE('',#3038);
#2620=PLANE('',#3039);
#2621=PLANE('',#3040);
#2622=PLANE('',#3041);
#2623=PLANE('',#3042);
#2624=PLANE('',#3043);
#2625=PLANE('',#3050);
#2626=PLANE('',#3051);
#2627=PLANE('',#3054);
#2628=PLANE('',#3055);
#2629=PLANE('',#3056);
#2630=PLANE('',#3057);
#2631=PLANE('',#3058);
#2632=PLANE('',#3059);
#2633=PLANE('',#3060);
#2634=PLANE('',#3061);
#2635=PLANE('',#3062);
#2636=PLANE('',#3063);
#2637=PLANE('',#3064);
#2638=PLANE('',#3065);
#2639=PLANE('',#3066);
#2640=PLANE('',#3067);
#2641=PLANE('',#3068);
#2642=PLANE('',#3069);
#2643=PLANE('',#3070);
#2644=PLANE('',#3079);
#2645=PLANE('',#3080);
#2646=PLANE('',#3083);
#2647=PLANE('',#3084);
#2648=PLANE('',#3085);
#2649=PLANE('',#3090);
#2650=PLANE('',#3091);
#2651=PLANE('',#3092);
#2652=PLANE('',#3093);
#2653=PLANE('',#3094);
#2654=PLANE('',#3095);
#2655=PLANE('',#3096);
#2656=PLANE('',#3097);
#2657=PLANE('',#3098);
#2658=PLANE('',#3099);
#2659=PLANE('',#3100);
#2660=PLANE('',#3101);
#2661=PLANE('',#3102);
#2662=PLANE('',#3103);
#2663=ADVANCED_FACE('',(#2382),#2577,.T.);
#2664=ADVANCED_FACE('',(#2383,#2384),#535,.T.);
#2665=ADVANCED_FACE('',(#2385,#2386),#536,.T.);
#2666=ADVANCED_FACE('',(#2387,#2388),#79,.T.);
#2667=ADVANCED_FACE('',(#2389,#2390),#19,.T.);
#2668=ADVANCED_FACE('',(#2391),#2578,.F.);
#2669=ADVANCED_FACE('',(#2392,#2393),#2579,.F.);
#2670=ADVANCED_FACE('',(#2394),#537,.T.);
#2671=ADVANCED_FACE('',(#2395),#2580,.F.);
#2672=ADVANCED_FACE('',(#2396),#538,.T.);
#2673=ADVANCED_FACE('',(#2397),#2581,.F.);
#2674=ADVANCED_FACE('',(#2398),#80,.T.);
#2675=ADVANCED_FACE('',(#2399),#539,.T.);
#2676=ADVANCED_FACE('',(#2400),#81,.T.);
#2677=ADVANCED_FACE('',(#2401),#540,.T.);
#2678=ADVANCED_FACE('',(#2402,#2403,#2404,#2405,#2406),#2582,.T.);
#2679=ADVANCED_FACE('',(#2407,#2408),#541,.F.);
#2680=ADVANCED_FACE('',(#2409,#2410),#542,.F.);
#2681=ADVANCED_FACE('',(#2411,#2412),#543,.F.);
#2682=ADVANCED_FACE('',(#2413,#2414),#544,.F.);
#2683=ADVANCED_FACE('',(#2415,#2416),#2583,.T.);
#2684=ADVANCED_FACE('',(#2417,#2418),#545,.T.);
#2685=ADVANCED_FACE('',(#2419,#2420),#2584,.T.);
#2686=ADVANCED_FACE('',(#2421,#2422),#2585,.T.);
#2687=ADVANCED_FACE('',(#2423,#2424),#546,.T.);
#2688=ADVANCED_FACE('',(#2425),#2586,.T.);
#2689=ADVANCED_FACE('',(#2426,#2427),#547,.T.);
#2690=ADVANCED_FACE('',(#2428),#2587,.T.);
#2691=ADVANCED_FACE('',(#2429),#2588,.T.);
#2692=ADVANCED_FACE('',(#2430),#2589,.T.);
#2693=ADVANCED_FACE('',(#2431),#548,.F.);
#2694=ADVANCED_FACE('',(#2432),#12,.T.);
#2695=ADVANCED_FACE('',(#2433),#549,.T.);
#2696=ADVANCED_FACE('',(#2434),#13,.T.);
#2697=ADVANCED_FACE('',(#2435),#2590,.T.);
#2698=ADVANCED_FACE('',(#2436),#14,.T.);
#2699=ADVANCED_FACE('',(#2437),#550,.F.);
#2700=ADVANCED_FACE('',(#2438),#15,.T.);
#2701=ADVANCED_FACE('',(#2439),#551,.T.);
#2702=ADVANCED_FACE('',(#2440),#552,.T.);
#2703=ADVANCED_FACE('',(#2441),#16,.T.);
#2704=ADVANCED_FACE('',(#2442),#2591,.T.);
#2705=ADVANCED_FACE('',(#2443),#2592,.T.);
#2706=ADVANCED_FACE('',(#2444),#2593,.T.);
#2707=ADVANCED_FACE('',(#2445),#17,.T.);
#2708=ADVANCED_FACE('',(#2446),#2594,.T.);
#2709=ADVANCED_FACE('',(#2447),#553,.F.);
#2710=ADVANCED_FACE('',(#2448),#2595,.T.);
#2711=ADVANCED_FACE('',(#2449),#2596,.T.);
#2712=ADVANCED_FACE('',(#2450),#2597,.T.);
#2713=ADVANCED_FACE('',(#2451),#2598,.T.);
#2714=ADVANCED_FACE('',(#2452),#18,.T.);
#2715=ADVANCED_FACE('',(#2453),#2599,.T.);
#2716=ADVANCED_FACE('',(#2454),#554,.F.);
#2717=ADVANCED_FACE('',(#2455),#2600,.T.);
#2718=ADVANCED_FACE('',(#2456),#2601,.T.);
#2719=ADVANCED_FACE('',(#2457),#2602,.T.);
#2720=ADVANCED_FACE('',(#2458),#82,.T.);
#2721=ADVANCED_FACE('',(#2459),#555,.T.);
#2722=ADVANCED_FACE('',(#2460),#556,.T.);
#2723=ADVANCED_FACE('',(#2461),#83,.T.);
#2724=ADVANCED_FACE('',(#2462),#557,.T.);
#2725=ADVANCED_FACE('',(#2463),#84,.T.);
#2726=ADVANCED_FACE('',(#2464),#85,.T.);
#2727=ADVANCED_FACE('',(#2465),#558,.T.);
#2728=ADVANCED_FACE('',(#2466),#559,.T.);
#2729=ADVANCED_FACE('',(#2467),#2603,.F.);
#2730=ADVANCED_FACE('',(#2468),#560,.T.);
#2731=ADVANCED_FACE('',(#2469),#2604,.F.);
#2732=ADVANCED_FACE('',(#2470,#2471,#2472,#2473),#2605,.T.);
#2733=ADVANCED_FACE('',(#2474,#2475),#561,.T.);
#2734=ADVANCED_FACE('',(#2476,#2477),#86,.T.);
#2735=ADVANCED_FACE('',(#2478,#2479),#20,.T.);
#2736=ADVANCED_FACE('',(#2480),#2606,.F.);
#2737=ADVANCED_FACE('',(#2481,#2482),#87,.T.);
#2738=ADVANCED_FACE('',(#2483,#2484),#562,.T.);
#2739=ADVANCED_FACE('',(#2485,#2486),#21,.T.);
#2740=ADVANCED_FACE('',(#2487),#2607,.F.);
#2741=ADVANCED_FACE('',(#2488,#2489),#563,.T.);
#2742=ADVANCED_FACE('',(#2490,#2491),#88,.T.);
#2743=ADVANCED_FACE('',(#2492,#2493),#22,.T.);
#2744=ADVANCED_FACE('',(#2494),#2608,.F.);
#2745=ADVANCED_FACE('',(#2495,#2496),#23,.T.);
#2746=ADVANCED_FACE('',(#2497),#2609,.T.);
#2747=ADVANCED_FACE('',(#2498,#2499),#564,.T.);
#2748=ADVANCED_FACE('',(#2500,#2501),#24,.T.);
#2749=ADVANCED_FACE('',(#2502,#2503),#25,.T.);
#2750=ADVANCED_FACE('',(#2504),#2610,.T.);
#2751=ADVANCED_FACE('',(#2505,#2506),#565,.T.);
#2752=ADVANCED_FACE('',(#2507),#2611,.T.);
#2753=ADVANCED_FACE('',(#2508,#2509),#566,.T.);
#2754=ADVANCED_FACE('',(#2510),#2612,.T.);
#2755=ADVANCED_FACE('',(#2511),#2613,.F.);
#2756=ADVANCED_FACE('',(#2512),#2614,.T.);
#2757=ADVANCED_FACE('',(#2513),#2615,.T.);
#2758=ADVANCED_FACE('',(#2514),#2616,.T.);
#2759=ADVANCED_FACE('',(#2515),#2617,.T.);
#2760=ADVANCED_FACE('',(#2516,#2517,#2518,#2519,#2520),#2618,.F.);
#2761=ADVANCED_FACE('',(#2521),#2619,.F.);
#2762=ADVANCED_FACE('',(#2522),#2620,.T.);
#2763=ADVANCED_FACE('',(#2523),#2621,.T.);
#2764=ADVANCED_FACE('',(#2524),#2622,.T.);
#2765=ADVANCED_FACE('',(#2525),#2623,.T.);
#2766=ADVANCED_FACE('',(#2526),#2624,.T.);
#2767=ADVANCED_FACE('',(#2527),#26,.T.);
#2768=ADVANCED_FACE('',(#2528),#27,.T.);
#2769=ADVANCED_FACE('',(#2529),#2625,.T.);
#2770=ADVANCED_FACE('',(#2530),#2626,.T.);
#2771=ADVANCED_FACE('',(#2531),#2627,.T.);
#2772=ADVANCED_FACE('',(#2532),#2628,.F.);
#2773=ADVANCED_FACE('',(#2533),#2629,.T.);
#2774=ADVANCED_FACE('',(#2534),#2630,.T.);
#2775=ADVANCED_FACE('',(#2535),#2631,.T.);
#2776=ADVANCED_FACE('',(#2536),#2632,.F.);
#2777=ADVANCED_FACE('',(#2537),#2633,.T.);
#2778=ADVANCED_FACE('',(#2538),#2634,.T.);
#2779=ADVANCED_FACE('',(#2539),#2635,.T.);
#2780=ADVANCED_FACE('',(#2540),#2636,.F.);
#2781=ADVANCED_FACE('',(#2541),#2637,.T.);
#2782=ADVANCED_FACE('',(#2542),#2638,.T.);
#2783=ADVANCED_FACE('',(#2543),#2639,.T.);
#2784=ADVANCED_FACE('',(#2544),#2640,.F.);
#2785=ADVANCED_FACE('',(#2545),#2641,.T.);
#2786=ADVANCED_FACE('',(#2546),#2642,.T.);
#2787=ADVANCED_FACE('',(#2547),#2643,.T.);
#2788=ADVANCED_FACE('',(#2548),#28,.T.);
#2789=ADVANCED_FACE('',(#2549),#29,.T.);
#2790=ADVANCED_FACE('',(#2550,#2551,#2552),#2644,.F.);
#2791=ADVANCED_FACE('',(#2553,#2554),#2645,.T.);
#2792=ADVANCED_FACE('',(#2555),#2646,.T.);
#2793=ADVANCED_FACE('',(#2556),#2647,.T.);
#2794=ADVANCED_FACE('',(#2557),#2648,.T.);
#2795=ADVANCED_FACE('',(#2558),#30,.T.);
#2796=ADVANCED_FACE('',(#2559),#31,.T.);
#2797=ADVANCED_FACE('',(#2560),#32,.T.);
#2798=ADVANCED_FACE('',(#2561),#33,.T.);
#2799=ADVANCED_FACE('',(#2562),#2649,.F.);
#2800=ADVANCED_FACE('',(#2563),#2650,.T.);
#2801=ADVANCED_FACE('',(#2564),#2651,.T.);
#2802=ADVANCED_FACE('',(#2565),#2652,.F.);
#2803=ADVANCED_FACE('',(#2566),#2653,.T.);
#2804=ADVANCED_FACE('',(#2567),#2654,.T.);
#2805=ADVANCED_FACE('',(#2568),#2655,.F.);
#2806=ADVANCED_FACE('',(#2569),#2656,.T.);
#2807=ADVANCED_FACE('',(#2570),#2657,.T.);
#2808=ADVANCED_FACE('',(#2571,#2572),#2658,.T.);
#2809=ADVANCED_FACE('',(#2573),#2659,.F.);
#2810=ADVANCED_FACE('',(#2574),#2660,.T.);
#2811=ADVANCED_FACE('',(#2575),#2661,.T.);
#2812=ADVANCED_FACE('',(#2576),#2662,.T.);
#2813=CLOSED_SHELL('',(#2663,#2664,#2665,#2666,#2667,#2668,#2669,#2670,
#2671,#2672,#2673,#2674,#2675,#2676,#2677,#2678,#2679,#2680,#2681,#2682,
#2683,#2684,#2685,#2686,#2687,#2688,#2689,#2690,#2691,#2692,#2693,#2694,
#2695,#2696,#2697,#2698,#2699,#2700,#2701,#2702,#2703,#2704,#2705,#2706,
#2707,#2708,#2709,#2710,#2711,#2712,#2713,#2714,#2715,#2716,#2717,#2718,
#2719,#2720,#2721,#2722,#2723,#2724,#2725,#2726,#2727,#2728,#2729,#2730,
#2731,#2732,#2733,#2734,#2735,#2736,#2737,#2738,#2739,#2740,#2741,#2742,
#2743,#2744,#2745,#2746,#2747,#2748,#2749,#2750,#2751,#2752,#2753,#2754,
#2755,#2756,#2757,#2758,#2759,#2760,#2761,#2762,#2763,#2764,#2765,#2766,
#2767,#2768,#2769,#2770,#2771,#2772,#2773,#2774,#2775,#2776,#2777,#2778,
#2779,#2780,#2781,#2782,#2783,#2784,#2785,#2786,#2787,#2788,#2789,#2790,
#2791,#2792,#2793,#2794,#2795,#2796,#2797,#2798,#2799,#2800,#2801,#2802,
#2803,#2804,#2805,#2806,#2807,#2808,#2809,#2810,#2811,#2812));
#2814=STYLED_ITEM('',(#2815),#2822);
#2815=PRESENTATION_STYLE_ASSIGNMENT((#2816));
#2816=SURFACE_STYLE_USAGE(.BOTH.,#2817);
#2817=SURFACE_SIDE_STYLE('',(#2818));
#2818=SURFACE_STYLE_FILL_AREA(#2819);
#2819=FILL_AREA_STYLE('',(#2820));
#2820=FILL_AREA_STYLE_COLOUR('',#2821);
#2821=COLOUR_RGB('',0.4,0.4,0.8);
#2822=MANIFOLD_SOLID_BREP('Deni8A7Ev9mp',#2813);
#2823=SHAPE_DEFINITION_REPRESENTATION(#4990,#2824);
#2824=SHAPE_REPRESENTATION('Deni8A7Ev9mp',(#2825),#4985);
#2825=AXIS2_PLACEMENT_3D('',#3885,#3104,#3105);
#2826=AXIS2_PLACEMENT_3D('',#3886,#3106,#3107);
#2827=AXIS2_PLACEMENT_3D('',#3887,#3108,#3109);
#2828=AXIS2_PLACEMENT_3D('',#3889,#3110,#3111);
#2829=AXIS2_PLACEMENT_3D('',#3890,#3112,#3113);
#2830=AXIS2_PLACEMENT_3D('',#3892,#3114,#3115);
#2831=AXIS2_PLACEMENT_3D('',#3893,#3116,#3117);
#2832=AXIS2_PLACEMENT_3D('',#3898,#3119,#3120);
#2833=AXIS2_PLACEMENT_3D('',#3902,#3122,#3123);
#2834=AXIS2_PLACEMENT_3D('',#3906,#3125,#3126);
#2835=AXIS2_PLACEMENT_3D('',#3910,#3128,#3129);
#2836=AXIS2_PLACEMENT_3D('',#3914,#3131,#3132);
#2837=AXIS2_PLACEMENT_3D('',#3918,#3134,#3135);
#2838=AXIS2_PLACEMENT_3D('',#3919,#3136,#3137);
#2839=AXIS2_PLACEMENT_3D('',#3920,#3138,#3139);
#2840=AXIS2_PLACEMENT_3D('',#3922,#3140,#3141);
#2841=AXIS2_PLACEMENT_3D('',#3929,#3142,#3143);
#2842=AXIS2_PLACEMENT_3D('',#3947,#3144,#3145);
#2843=AXIS2_PLACEMENT_3D('',#3954,#3146,#3147);
#2844=AXIS2_PLACEMENT_3D('',#3955,#3148,#3149);
#2845=AXIS2_PLACEMENT_3D('',#3956,#3150,#3151);
#2846=AXIS2_PLACEMENT_3D('',#3958,#3152,#3153);
#2847=AXIS2_PLACEMENT_3D('',#3959,#3154,#3155);
#2848=AXIS2_PLACEMENT_3D('',#3960,#3156,#3157);
#2849=AXIS2_PLACEMENT_3D('',#3965,#3159,#3160);
#2850=AXIS2_PLACEMENT_3D('',#3971,#3163,#3164);
#2851=AXIS2_PLACEMENT_3D('',#3975,#3166,#3167);
#2852=AXIS2_PLACEMENT_3D('',#3976,#3168,#3169);
#2853=AXIS2_PLACEMENT_3D('',#3979,#3171,#3172);
#2854=AXIS2_PLACEMENT_3D('',#3982,#3174,#3175);
#2855=AXIS2_PLACEMENT_3D('',#3986,#3178,#3179);
#2856=AXIS2_PLACEMENT_3D('',#3987,#3180,#3181);
#2857=AXIS2_PLACEMENT_3D('',#3990,#3183,#3184);
#2858=AXIS2_PLACEMENT_3D('',#3992,#3186,#3187);
#2859=AXIS2_PLACEMENT_3D('',#3993,#3188,#3189);
#2860=AXIS2_PLACEMENT_3D('',#3995,#3190,#3191);
#2861=AXIS2_PLACEMENT_3D('',#3997,#3192,#3193);
#2862=AXIS2_PLACEMENT_3D('',#3998,#3194,#3195);
#2863=AXIS2_PLACEMENT_3D('',#4001,#3197,#3198);
#2864=AXIS2_PLACEMENT_3D('',#4002,#3199,#3200);
#2865=AXIS2_PLACEMENT_3D('',#4003,#3201,#3202);
#2866=AXIS2_PLACEMENT_3D('',#4005,#3203,#3204);
#2867=AXIS2_PLACEMENT_3D('',#4006,#3205,#3206);
#2868=AXIS2_PLACEMENT_3D('',#4008,#3208,#3209);
#2869=AXIS2_PLACEMENT_3D('',#4009,#3210,#3211);
#2870=AXIS2_PLACEMENT_3D('',#4011,#3212,#3213);
#2871=AXIS2_PLACEMENT_3D('',#4013,#3214,#3215);
#2872=AXIS2_PLACEMENT_3D('',#4015,#3216,#3217);
#2873=AXIS2_PLACEMENT_3D('',#4017,#3218,#3219);
#2874=AXIS2_PLACEMENT_3D('',#4018,#3220,#3221);
#2875=AXIS2_PLACEMENT_3D('',#4020,#3222,#3223);
#2876=AXIS2_PLACEMENT_3D('',#4033,#3224,#3225);
#2877=AXIS2_PLACEMENT_3D('',#4034,#3226,#3227);
#2878=AXIS2_PLACEMENT_3D('',#4036,#3228,#3229);
#2879=AXIS2_PLACEMENT_3D('',#4037,#3230,#3231);
#2880=AXIS2_PLACEMENT_3D('',#4039,#3232,#3233);
#2881=AXIS2_PLACEMENT_3D('',#4040,#3234,#3235);
#2882=AXIS2_PLACEMENT_3D('',#4042,#3236,#3237);
#2883=AXIS2_PLACEMENT_3D('',#4043,#3238,#3239);
#2884=AXIS2_PLACEMENT_3D('',#4045,#3240,#3241);
#2885=AXIS2_PLACEMENT_3D('',#4046,#3242,#3243);
#2886=AXIS2_PLACEMENT_3D('',#4047,#3244,#3245);
#2887=AXIS2_PLACEMENT_3D('',#4049,#3246,#3247);
#2888=AXIS2_PLACEMENT_3D('',#4050,#3248,#3249);
#2889=AXIS2_PLACEMENT_3D('',#4052,#3250,#3251);
#2890=AXIS2_PLACEMENT_3D('',#4053,#3252,#3253);
#2891=AXIS2_PLACEMENT_3D('',#4054,#3254,#3255);
#2892=AXIS2_PLACEMENT_3D('',#4056,#3256,#3257);
#2893=AXIS2_PLACEMENT_3D('',#4057,#3258,#3259);
#2894=AXIS2_PLACEMENT_3D('',#4058,#3260,#3261);
#2895=AXIS2_PLACEMENT_3D('',#4062,#3263,#3264);
#2896=AXIS2_PLACEMENT_3D('',#4077,#3265,#3266);
#2897=AXIS2_PLACEMENT_3D('',#4099,#3268,#3269);
#2898=AXIS2_PLACEMENT_3D('',#4106,#3270,#3271);
#2899=AXIS2_PLACEMENT_3D('',#4108,#3272,#3273);
#2900=AXIS2_PLACEMENT_3D('',#4120,#3274,#3275);
#2901=AXIS2_PLACEMENT_3D('',#4121,#3276,#3277);
#2902=AXIS2_PLACEMENT_3D('',#4160,#3279,#3280);
#2903=AXIS2_PLACEMENT_3D('',#4161,#3281,#3282);
#2904=AXIS2_PLACEMENT_3D('',#4189,#3284,#3285);
#2905=AXIS2_PLACEMENT_3D('',#4212,#3288,#3289);
#2906=AXIS2_PLACEMENT_3D('',#4213,#3290,#3291);
#2907=AXIS2_PLACEMENT_3D('',#4236,#3292,#3293);
#2908=AXIS2_PLACEMENT_3D('',#4237,#3294,#3295);
#2909=AXIS2_PLACEMENT_3D('',#4243,#3296,#3297);
#2910=AXIS2_PLACEMENT_3D('',#4244,#3298,#3299);
#2911=AXIS2_PLACEMENT_3D('',#4272,#3301,#3302);
#2912=AXIS2_PLACEMENT_3D('',#4274,#3304,#3305);
#2913=AXIS2_PLACEMENT_3D('',#4289,#3309,#3310);
#2914=AXIS2_PLACEMENT_3D('',#4308,#3316,#3317);
#2915=AXIS2_PLACEMENT_3D('',#4313,#3320,#3321);
#2916=AXIS2_PLACEMENT_3D('',#4337,#3326,#3327);
#2917=AXIS2_PLACEMENT_3D('',#4341,#3330,#3331);
#2918=AXIS2_PLACEMENT_3D('',#4342,#3332,#3333);
#2919=AXIS2_PLACEMENT_3D('',#4348,#3334,#3335);
#2920=AXIS2_PLACEMENT_3D('',#4352,#3338,#3339);
#2921=AXIS2_PLACEMENT_3D('',#4356,#3342,#3343);
#2922=AXIS2_PLACEMENT_3D('',#4360,#3346,#3347);
#2923=AXIS2_PLACEMENT_3D('',#4382,#3351,#3352);
#2924=AXIS2_PLACEMENT_3D('',#4386,#3355,#3356);
#2925=AXIS2_PLACEMENT_3D('',#4387,#3357,#3358);
#2926=AXIS2_PLACEMENT_3D('',#4393,#3359,#3360);
#2927=AXIS2_PLACEMENT_3D('',#4397,#3363,#3364);
#2928=AXIS2_PLACEMENT_3D('',#4401,#3367,#3368);
#2929=AXIS2_PLACEMENT_3D('',#4403,#3370,#3371);
#2930=AXIS2_PLACEMENT_3D('',#4404,#3372,#3373);
#2931=AXIS2_PLACEMENT_3D('',#4406,#3374,#3375);
#2932=AXIS2_PLACEMENT_3D('',#4408,#3376,#3377);
#2933=AXIS2_PLACEMENT_3D('',#4409,#3378,#3379);
#2934=AXIS2_PLACEMENT_3D('',#4410,#3380,#3381);
#2935=AXIS2_PLACEMENT_3D('',#4413,#3383,#3384);
#2936=AXIS2_PLACEMENT_3D('',#4414,#3385,#3386);
#2937=AXIS2_PLACEMENT_3D('',#4417,#3388,#3389);
#2938=AXIS2_PLACEMENT_3D('',#4418,#3390,#3391);
#2939=AXIS2_PLACEMENT_3D('',#4419,#3392,#3393);
#2940=AXIS2_PLACEMENT_3D('',#4420,#3394,#3395);
#2941=AXIS2_PLACEMENT_3D('',#4425,#3397,#3398);
#2942=AXIS2_PLACEMENT_3D('',#4428,#3400,#3401);
#2943=AXIS2_PLACEMENT_3D('',#4429,#3402,#3403);
#2944=AXIS2_PLACEMENT_3D('',#4432,#3404,#3405);
#2945=AXIS2_PLACEMENT_3D('',#4433,#3406,#3407);
#2946=AXIS2_PLACEMENT_3D('',#4434,#3408,#3409);
#2947=AXIS2_PLACEMENT_3D('',#4435,#3410,#3411);
#2948=AXIS2_PLACEMENT_3D('',#4438,#3412,#3413);
#2949=AXIS2_PLACEMENT_3D('',#4439,#3414,#3415);
#2950=AXIS2_PLACEMENT_3D('',#4440,#3416,#3417);
#2951=AXIS2_PLACEMENT_3D('',#4443,#3420,#3421);
#2952=AXIS2_PLACEMENT_3D('',#4444,#3422,#3423);
#2953=AXIS2_PLACEMENT_3D('',#4449,#3426,#3427);
#2954=AXIS2_PLACEMENT_3D('',#4453,#3430,#3431);
#2955=AXIS2_PLACEMENT_3D('',#4454,#3432,#3433);
#2956=AXIS2_PLACEMENT_3D('',#4457,#3435,#3436);
#2957=AXIS2_PLACEMENT_3D('',#4459,#3438,#3439);
#2958=AXIS2_PLACEMENT_3D('',#4460,#3440,#3441);
#2959=AXIS2_PLACEMENT_3D('',#4461,#3442,#3443);
#2960=AXIS2_PLACEMENT_3D('',#4466,#3445,#3446);
#2961=AXIS2_PLACEMENT_3D('',#4470,#3448,#3449);
#2962=AXIS2_PLACEMENT_3D('',#4474,#3451,#3452);
#2963=AXIS2_PLACEMENT_3D('',#4478,#3454,#3455);
#2964=AXIS2_PLACEMENT_3D('',#4482,#3457,#3458);
#2965=AXIS2_PLACEMENT_3D('',#4486,#3460,#3461);
#2966=AXIS2_PLACEMENT_3D('',#4487,#3462,#3463);
#2967=AXIS2_PLACEMENT_3D('',#4488,#3464,#3465);
#2968=AXIS2_PLACEMENT_3D('',#4490,#3466,#3467);
#2969=AXIS2_PLACEMENT_3D('',#4497,#3468,#3469);
#2970=AXIS2_PLACEMENT_3D('',#4515,#3470,#3471);
#2971=AXIS2_PLACEMENT_3D('',#4522,#3472,#3473);
#2972=AXIS2_PLACEMENT_3D('',#4523,#3474,#3475);
#2973=AXIS2_PLACEMENT_3D('',#4524,#3476,#3477);
#2974=AXIS2_PLACEMENT_3D('',#4526,#3478,#3479);
#2975=AXIS2_PLACEMENT_3D('',#4527,#3480,#3481);
#2976=AXIS2_PLACEMENT_3D('',#4528,#3482,#3483);
#2977=AXIS2_PLACEMENT_3D('',#4531,#3484,#3485);
#2978=AXIS2_PLACEMENT_3D('',#4538,#3486,#3487);
#2979=AXIS2_PLACEMENT_3D('',#4540,#3488,#3489);
#2980=AXIS2_PLACEMENT_3D('',#4560,#3490,#3491);
#2981=AXIS2_PLACEMENT_3D('',#4562,#3492,#3493);
#2982=AXIS2_PLACEMENT_3D('',#4569,#3494,#3495);
#2983=AXIS2_PLACEMENT_3D('',#4570,#3496,#3497);
#2984=AXIS2_PLACEMENT_3D('',#4572,#3498,#3499);
#2985=AXIS2_PLACEMENT_3D('',#4573,#3500,#3501);
#2986=AXIS2_PLACEMENT_3D('',#4577,#3503,#3504);
#2987=AXIS2_PLACEMENT_3D('',#4582,#3507,#3508);
#2988=AXIS2_PLACEMENT_3D('',#4587,#3511,#3512);
#2989=AXIS2_PLACEMENT_3D('',#4590,#3514,#3515);
#2990=AXIS2_PLACEMENT_3D('',#4591,#3516,#3517);
#2991=AXIS2_PLACEMENT_3D('',#4593,#3518,#3519);
#2992=AXIS2_PLACEMENT_3D('',#4594,#3520,#3521);
#2993=AXIS2_PLACEMENT_3D('',#4595,#3522,#3523);
#2994=AXIS2_PLACEMENT_3D('',#4600,#3525,#3526);
#2995=AXIS2_PLACEMENT_3D('',#4604,#3528,#3529);
#2996=AXIS2_PLACEMENT_3D('',#4608,#3531,#3532);
#2997=AXIS2_PLACEMENT_3D('',#4612,#3534,#3535);
#2998=AXIS2_PLACEMENT_3D('',#4616,#3537,#3538);
#2999=AXIS2_PLACEMENT_3D('',#4620,#3540,#3541);
#3000=AXIS2_PLACEMENT_3D('',#4621,#3542,#3543);
#3001=AXIS2_PLACEMENT_3D('',#4622,#3544,#3545);
#3002=AXIS2_PLACEMENT_3D('',#4624,#3546,#3547);
#3003=AXIS2_PLACEMENT_3D('',#4631,#3548,#3549);
#3004=AXIS2_PLACEMENT_3D('',#4649,#3550,#3551);
#3005=AXIS2_PLACEMENT_3D('',#4656,#3552,#3553);
#3006=AXIS2_PLACEMENT_3D('',#4657,#3554,#3555);
#3007=AXIS2_PLACEMENT_3D('',#4658,#3556,#3557);
#3008=AXIS2_PLACEMENT_3D('',#4660,#3558,#3559);
#3009=AXIS2_PLACEMENT_3D('',#4661,#3560,#3561);
#3010=AXIS2_PLACEMENT_3D('',#4662,#3562,#3563);
#3011=AXIS2_PLACEMENT_3D('',#4664,#3564,#3565);
#3012=AXIS2_PLACEMENT_3D('',#4666,#3566,#3567);
#3013=AXIS2_PLACEMENT_3D('',#4667,#3568,#3569);
#3014=AXIS2_PLACEMENT_3D('',#4668,#3570,#3571);
#3015=AXIS2_PLACEMENT_3D('',#4670,#3572,#3573);
#3016=AXIS2_PLACEMENT_3D('',#4671,#3574,#3575);
#3017=AXIS2_PLACEMENT_3D('',#4673,#3576,#3577);
#3018=AXIS2_PLACEMENT_3D('',#4675,#3578,#3579);
#3019=AXIS2_PLACEMENT_3D('',#4676,#3580,#3581);
#3020=AXIS2_PLACEMENT_3D('',#4678,#3582,#3583);
#3021=AXIS2_PLACEMENT_3D('',#4680,#3584,#3585);
#3022=AXIS2_PLACEMENT_3D('',#4681,#3586,#3587);
#3023=AXIS2_PLACEMENT_3D('',#4682,#3588,#3589);
#3024=AXIS2_PLACEMENT_3D('',#4684,#3590,#3591);
#3025=AXIS2_PLACEMENT_3D('',#4685,#3592,#3593);
#3026=AXIS2_PLACEMENT_3D('',#4686,#3594,#3595);
#3027=AXIS2_PLACEMENT_3D('',#4688,#3596,#3597);
#3028=AXIS2_PLACEMENT_3D('',#4692,#3599,#3600);
#3029=AXIS2_PLACEMENT_3D('',#4696,#3602,#3603);
#3030=AXIS2_PLACEMENT_3D('',#4697,#3604,#3605);
#3031=AXIS2_PLACEMENT_3D('',#4703,#3609,#3610);
#3032=AXIS2_PLACEMENT_3D('',#4706,#3613,#3614);
#3033=AXIS2_PLACEMENT_3D('',#4712,#3618,#3619);
#3034=AXIS2_PLACEMENT_3D('',#4721,#3624,#3625);
#3035=AXIS2_PLACEMENT_3D('',#4730,#3630,#3631);
#3036=AXIS2_PLACEMENT_3D('',#4731,#3632,#3633);
#3037=AXIS2_PLACEMENT_3D('',#4734,#3635,#3636);
#3038=AXIS2_PLACEMENT_3D('',#4737,#3638,#3639);
#3039=AXIS2_PLACEMENT_3D('',#4746,#3644,#3645);
#3040=AXIS2_PLACEMENT_3D('',#4752,#3649,#3650);
#3041=AXIS2_PLACEMENT_3D('',#4758,#3654,#3655);
#3042=AXIS2_PLACEMENT_3D('',#4767,#3660,#3661);
#3043=AXIS2_PLACEMENT_3D('',#4776,#3666,#3667);
#3044=AXIS2_PLACEMENT_3D('',#4785,#3672,#3673);
#3045=AXIS2_PLACEMENT_3D('',#4786,#3674,#3675);
#3046=AXIS2_PLACEMENT_3D('',#4787,#3676,#3677);
#3047=AXIS2_PLACEMENT_3D('',#4788,#3678,#3679);
#3048=AXIS2_PLACEMENT_3D('',#4789,#3680,#3681);
#3049=AXIS2_PLACEMENT_3D('',#4790,#3682,#3683);
#3050=AXIS2_PLACEMENT_3D('',#4791,#3684,#3685);
#3051=AXIS2_PLACEMENT_3D('',#4840,#3716,#3717);
#3052=AXIS2_PLACEMENT_3D('',#4846,#3721,#3722);
#3053=AXIS2_PLACEMENT_3D('',#4850,#3724,#3725);
#3054=AXIS2_PLACEMENT_3D('',#4851,#3726,#3727);
#3055=AXIS2_PLACEMENT_3D('',#4855,#3730,#3731);
#3056=AXIS2_PLACEMENT_3D('',#4859,#3734,#3735);
#3057=AXIS2_PLACEMENT_3D('',#4861,#3737,#3738);
#3058=AXIS2_PLACEMENT_3D('',#4865,#3741,#3742);
#3059=AXIS2_PLACEMENT_3D('',#4869,#3745,#3746);
#3060=AXIS2_PLACEMENT_3D('',#4875,#3750,#3751);
#3061=AXIS2_PLACEMENT_3D('',#4877,#3753,#3754);
#3062=AXIS2_PLACEMENT_3D('',#4881,#3757,#3758);
#3063=AXIS2_PLACEMENT_3D('',#4885,#3761,#3762);
#3064=AXIS2_PLACEMENT_3D('',#4889,#3765,#3766);
#3065=AXIS2_PLACEMENT_3D('',#4891,#3768,#3769);
#3066=AXIS2_PLACEMENT_3D('',#4895,#3772,#3773);
#3067=AXIS2_PLACEMENT_3D('',#4899,#3776,#3777);
#3068=AXIS2_PLACEMENT_3D('',#4903,#3780,#3781);
#3069=AXIS2_PLACEMENT_3D('',#4905,#3783,#3784);
#3070=AXIS2_PLACEMENT_3D('',#4909,#3787,#3788);
#3071=AXIS2_PLACEMENT_3D('',#4915,#3792,#3793);
#3072=AXIS2_PLACEMENT_3D('',#4916,#3794,#3795);
#3073=AXIS2_PLACEMENT_3D('',#4918,#3796,#3797);
#3074=AXIS2_PLACEMENT_3D('',#4919,#3798,#3799);
#3075=AXIS2_PLACEMENT_3D('',#4920,#3800,#3801);
#3076=AXIS2_PLACEMENT_3D('',#4921,#3802,#3803);
#3077=AXIS2_PLACEMENT_3D('',#4923,#3804,#3805);
#3078=AXIS2_PLACEMENT_3D('',#4924,#3806,#3807);
#3079=AXIS2_PLACEMENT_3D('',#4925,#3808,#3809);
#3080=AXIS2_PLACEMENT_3D('',#4930,#3813,#3814);
#3081=AXIS2_PLACEMENT_3D('',#4931,#3815,#3816);
#3082=AXIS2_PLACEMENT_3D('',#4935,#3818,#3819);
#3083=AXIS2_PLACEMENT_3D('',#4937,#3821,#3822);
#3084=AXIS2_PLACEMENT_3D('',#4940,#3825,#3826);
#3085=AXIS2_PLACEMENT_3D('',#4943,#3829,#3830);
#3086=AXIS2_PLACEMENT_3D('',#4946,#3833,#3834);
#3087=AXIS2_PLACEMENT_3D('',#4947,#3835,#3836);
#3088=AXIS2_PLACEMENT_3D('',#4948,#3837,#3838);
#3089=AXIS2_PLACEMENT_3D('',#4949,#3839,#3840);
#3090=AXIS2_PLACEMENT_3D('',#4950,#3841,#3842);
#3091=AXIS2_PLACEMENT_3D('',#4954,#3845,#3846);
#3092=AXIS2_PLACEMENT_3D('',#4956,#3848,#3849);
#3093=AXIS2_PLACEMENT_3D('',#4958,#3851,#3852);
#3094=AXIS2_PLACEMENT_3D('',#4962,#3855,#3856);
#3095=AXIS2_PLACEMENT_3D('',#4964,#3858,#3859);
#3096=AXIS2_PLACEMENT_3D('',#4966,#3861,#3862);
#3097=AXIS2_PLACEMENT_3D('',#4970,#3865,#3866);
#3098=AXIS2_PLACEMENT_3D('',#4972,#3868,#3869);
#3099=AXIS2_PLACEMENT_3D('',#4974,#3871,#3872);
#3100=AXIS2_PLACEMENT_3D('',#4975,#3873,#3874);
#3101=AXIS2_PLACEMENT_3D('',#4979,#3877,#3878);
#3102=AXIS2_PLACEMENT_3D('',#4981,#3880,#3881);
#3103=AXIS2_PLACEMENT_3D('',#4983,#3883,#3884);
#3104=DIRECTION('',(0.,0.,1.));
#3105=DIRECTION('',(1.,0.,0.));
#3106=DIRECTION('',(0.,1.,0.));
#3107=DIRECTION('',(1.,0.,0.));
#3108=DIRECTION('',(0.,-1.,0.));
#3109=DIRECTION('',(0.,0.,-1.));
#3110=DIRECTION('',(0.,-1.,0.));
#3111=DIRECTION('',(0.,0.,-1.));
#3112=DIRECTION('',(0.,-1.,0.));
#3113=DIRECTION('',(0.,0.,-1.));
#3114=DIRECTION('',(0.,0.,-1.));
#3115=DIRECTION('',(0.,1.,0.));
#3116=DIRECTION('',(0.,0.,1.));
#3117=DIRECTION('',(0.,-1.,0.));
#3118=DIRECTION('',(0.,0.,1.));
#3119=DIRECTION('',(0.,0.,1.));
#3120=DIRECTION('',(0.,1.,0.));
#3121=DIRECTION('',(0.,0.,-1.));
#3122=DIRECTION('',(0.,0.,1.));
#3123=DIRECTION('',(0.,-1.,0.));
#3124=DIRECTION('',(0.,0.,1.));
#3125=DIRECTION('',(0.,0.,1.));
#3126=DIRECTION('',(0.,1.,0.));
#3127=DIRECTION('',(0.,0.,-1.));
#3128=DIRECTION('',(0.,0.,1.));
#3129=DIRECTION('',(0.,-1.,0.));
#3130=DIRECTION('',(0.,0.,-1.));
#3131=DIRECTION('',(0.,0.,1.));
#3132=DIRECTION('',(0.,1.,0.));
#3133=DIRECTION('',(0.,0.,1.));
#3134=DIRECTION('',(0.,0.,1.));
#3135=DIRECTION('',(0.,-1.,0.));
#3136=DIRECTION('',(-1.,0.,0.));
#3137=DIRECTION('',(0.,1.,0.));
#3138=DIRECTION('',(0.,1.,5.0532154980743E-16));
#3139=DIRECTION('',(0.,-7.2280144832367E-16,1.));
#3140=DIRECTION('',(-1.,0.,7.2280144832367E-16));
#3141=DIRECTION('',(0.,0.,1.));
#3142=DIRECTION('',(1.,0.,-7.2280144832367E-16));
#3143=DIRECTION('',(0.,0.,-1.));
#3144=DIRECTION('',(-1.,0.,-7.2280144832367E-16));
#3145=DIRECTION('',(0.,0.,1.));
#3146=DIRECTION('',(1.,0.,7.2280144832367E-16));
#3147=DIRECTION('',(0.,0.,-1.));
#3148=DIRECTION('',(0.,0.,1.));
#3149=DIRECTION('',(0.,-1.,4.16208771602952E-17));
#3150=DIRECTION('',(0.,0.,-1.));
#3151=DIRECTION('',(0.,-1.,0.));
#3152=DIRECTION('',(0.,0.,1.));
#3153=DIRECTION('',(0.,-1.,0.));
#3154=DIRECTION('',(0.,-1.,0.));
#3155=DIRECTION('',(-1.,0.,0.));
#3156=DIRECTION('',(0.,-1.,0.));
#3157=DIRECTION('',(1.,0.,0.));
#3158=DIRECTION('',(-1.,0.,0.));
#3159=DIRECTION('',(0.,-1.,0.));
#3160=DIRECTION('',(1.,0.,0.));
#3161=DIRECTION('',(1.,0.,0.));
#3162=DIRECTION('',(1.,0.,0.));
#3163=DIRECTION('',(0.,1.,0.));
#3164=DIRECTION('',(-1.,0.,0.));
#3165=DIRECTION('',(-1.,0.,0.));
#3166=DIRECTION('',(0.,1.,0.));
#3167=DIRECTION('',(-1.,0.,0.));
#3168=DIRECTION('',(0.,1.,0.));
#3169=DIRECTION('',(1.,0.,0.));
#3170=DIRECTION('',(0.,1.,0.));
#3171=DIRECTION('',(0.,-1.,0.));
#3172=DIRECTION('',(1.,0.,0.));
#3173=DIRECTION('',(0.,1.,0.));
#3174=DIRECTION('',(0.,0.,-1.));
#3175=DIRECTION('',(0.,1.,0.));
#3176=DIRECTION('',(-1.,0.,0.));
#3177=DIRECTION('',(0.,1.,0.));
#3178=DIRECTION('',(0.,1.,0.));
#3179=DIRECTION('',(1.,0.,0.));
#3180=DIRECTION('',(0.,-1.,0.));
#3181=DIRECTION('',(1.,0.,0.));
#3182=DIRECTION('',(0.,1.,0.));
#3183=DIRECTION('',(0.,0.,1.));
#3184=DIRECTION('',(0.,-1.,0.));
#3185=DIRECTION('',(1.,0.,0.));
#3186=DIRECTION('',(0.,1.,0.));
#3187=DIRECTION('',(1.,0.,0.));
#3188=DIRECTION('',(1.,0.,0.));
#3189=DIRECTION('',(0.,-1.,0.));
#3190=DIRECTION('',(0.,1.,0.));
#3191=DIRECTION('',(1.,0.,0.));
#3192=DIRECTION('',(-1.,0.,0.));
#3193=DIRECTION('',(0.,1.,0.));
#3194=DIRECTION('',(1.,0.,0.));
#3195=DIRECTION('',(0.,-1.,0.));
#3196=DIRECTION('',(1.,0.,0.));
#3197=DIRECTION('',(1.,0.,0.));
#3198=DIRECTION('',(0.,-1.,0.));
#3199=DIRECTION('',(0.,1.,0.));
#3200=DIRECTION('',(1.,0.,0.));
#3201=DIRECTION('',(-1.,0.,0.));
#3202=DIRECTION('',(0.,1.,0.));
#3203=DIRECTION('',(0.,1.,0.));
#3204=DIRECTION('',(1.,0.,0.));
#3205=DIRECTION('',(-1.,0.,0.));
#3206=DIRECTION('',(0.,1.,0.));
#3207=DIRECTION('',(-1.,0.,0.));
#3208=DIRECTION('',(0.,1.,0.));
#3209=DIRECTION('',(1.,0.,0.));
#3210=DIRECTION('',(0.,-1.,0.));
#3211=DIRECTION('',(-1.,0.,0.));
#3212=DIRECTION('',(0.,-1.,0.));
#3213=DIRECTION('',(-1.,0.,0.));
#3214=DIRECTION('',(0.,-1.,0.));
#3215=DIRECTION('',(-1.,0.,0.));
#3216=DIRECTION('',(0.,-1.,0.));
#3217=DIRECTION('',(-1.,0.,0.));
#3218=DIRECTION('',(0.,-1.,0.));
#3219=DIRECTION('',(-1.,0.,0.));
#3220=DIRECTION('',(0.,-1.,0.));
#3221=DIRECTION('',(-1.,0.,0.));
#3222=DIRECTION('',(0.,-1.,0.));
#3223=DIRECTION('',(-1.,0.,0.));
#3224=DIRECTION('',(0.,-1.,0.));
#3225=DIRECTION('',(-1.,0.,0.));
#3226=DIRECTION('',(0.,-1.,0.));
#3227=DIRECTION('',(-1.,0.,0.));
#3228=DIRECTION('',(0.,-1.,0.));
#3229=DIRECTION('',(-1.,0.,0.));
#3230=DIRECTION('',(0.,-1.,0.));
#3231=DIRECTION('',(-1.,0.,0.));
#3232=DIRECTION('',(0.,1.,0.));
#3233=DIRECTION('',(-1.,0.,0.));
#3234=DIRECTION('',(0.,-1.,0.));
#3235=DIRECTION('',(0.,0.,-1.));
#3236=DIRECTION('',(0.,-1.,0.));
#3237=DIRECTION('',(0.,0.,-1.));
#3238=DIRECTION('',(0.,-1.,0.));
#3239=DIRECTION('',(0.,0.,-1.));
#3240=DIRECTION('',(0.,1.,0.));
#3241=DIRECTION('',(-1.,0.,0.));
#3242=DIRECTION('',(0.,1.,0.));
#3243=DIRECTION('',(-1.,0.,0.));
#3244=DIRECTION('',(0.,-1.,0.));
#3245=DIRECTION('',(0.,0.,-1.));
#3246=DIRECTION('',(0.,-1.,0.));
#3247=DIRECTION('',(0.,0.,-1.));
#3248=DIRECTION('',(0.,-1.,0.));
#3249=DIRECTION('',(0.,0.,-1.));
#3250=DIRECTION('',(0.,1.,0.));
#3251=DIRECTION('',(1.,0.,0.));
#3252=DIRECTION('',(0.,-1.,0.));
#3253=DIRECTION('',(0.,0.,-1.));
#3254=DIRECTION('',(0.,-1.,0.));
#3255=DIRECTION('',(0.,0.,-1.));
#3256=DIRECTION('',(0.,1.,0.));
#3257=DIRECTION('',(1.,0.,0.));
#3258=DIRECTION('',(0.,1.,0.));
#3259=DIRECTION('',(1.,0.,0.));
#3260=DIRECTION('',(0.,1.,0.));
#3261=DIRECTION('',(-1.,0.,0.));
#3262=DIRECTION('',(0.,0.,1.));
#3263=DIRECTION('',(0.,1.,0.));
#3264=DIRECTION('',(1.,0.,0.));
#3265=DIRECTION('',(0.,1.,0.));
#3266=DIRECTION('',(1.,0.,0.));
#3267=DIRECTION('',(0.,0.,-1.));
#3268=DIRECTION('',(0.,1.,0.));
#3269=DIRECTION('',(1.,0.,0.));
#3270=DIRECTION('',(0.,1.,0.));
#3271=DIRECTION('',(1.,0.,0.));
#3272=DIRECTION('',(0.,1.,0.));
#3273=DIRECTION('',(1.,0.,0.));
#3274=DIRECTION('',(0.,1.,0.));
#3275=DIRECTION('',(0.350932806665423,0.,-0.936400643531351));
#3276=DIRECTION('',(0.,1.,0.));
#3277=DIRECTION('',(1.,0.,0.));
#3278=DIRECTION('',(0.,1.,0.));
#3279=DIRECTION('',(0.,1.,0.));
#3280=DIRECTION('',(0.528433264150747,0.,-0.848974843760984));
#3281=DIRECTION('',(0.,1.,0.));
#3282=DIRECTION('',(1.,0.,0.));
#3283=DIRECTION('',(0.,1.,0.));
#3284=DIRECTION('',(1.,0.,0.));
#3285=DIRECTION('',(0.,1.,0.));
#3286=DIRECTION('',(0.,0.,-1.));
#3287=DIRECTION('',(0.,1.,0.));
#3288=DIRECTION('',(0.,1.,0.));
#3289=DIRECTION('',(0.986307189087789,0.,0.164918551878628));
#3290=DIRECTION('',(0.,1.,0.));
#3291=DIRECTION('',(1.,0.,0.));
#3292=DIRECTION('',(0.,1.,0.));
#3293=DIRECTION('',(-0.479355219926731,0.,0.877620973501087));
#3294=DIRECTION('',(0.,1.,0.));
#3295=DIRECTION('',(1.,0.,0.));
#3296=DIRECTION('',(0.,1.,0.));
#3297=DIRECTION('',(-0.695175045823691,0.,0.718840493895572));
#3298=DIRECTION('',(0.,1.,0.));
#3299=DIRECTION('',(1.,0.,0.));
#3300=DIRECTION('',(0.,1.,0.));
#3301=DIRECTION('',(-1.,0.,0.));
#3302=DIRECTION('',(0.,0.,1.));
#3303=DIRECTION('',(0.,0.,1.));
#3304=DIRECTION('',(0.,1.,0.));
#3305=DIRECTION('',(-1.,0.,0.));
#3306=DIRECTION('',(0.,0.,-1.));
#3307=DIRECTION('',(-1.,0.,0.));
#3308=DIRECTION('',(-1.,0.,0.));
#3309=DIRECTION('',(0.,1.,0.));
#3310=DIRECTION('',(1.,0.,0.));
#3311=DIRECTION('',(-0.539152105737831,0.,-0.842208410595894));
#3312=DIRECTION('',(-1.,0.,0.));
#3313=DIRECTION('',(0.,0.,1.));
#3314=DIRECTION('',(1.,0.,0.));
#3315=DIRECTION('',(1.,0.,0.));
#3316=DIRECTION('',(0.,1.,0.));
#3317=DIRECTION('',(1.,0.,0.));
#3318=DIRECTION('',(0.542882746171558,0.,0.839808504308707));
#3319=DIRECTION('',(1.,0.,0.));
#3320=DIRECTION('',(0.,0.,-1.));
#3321=DIRECTION('',(-1.,0.,0.));
#3322=DIRECTION('',(-1.,0.,0.));
#3323=DIRECTION('',(0.,1.,0.));
#3324=DIRECTION('',(0.,1.,0.));
#3325=DIRECTION('',(0.,1.,0.));
#3326=DIRECTION('',(0.,0.,-1.));
#3327=DIRECTION('',(-1.,0.,0.));
#3328=DIRECTION('',(-1.,0.,0.));
#3329=DIRECTION('',(0.,1.,0.));
#3330=DIRECTION('',(0.,1.,0.));
#3331=DIRECTION('',(-0.863872495246129,0.,0.503710543821774));
#3332=DIRECTION('',(0.,1.,0.));
#3333=DIRECTION('',(1.,0.,0.));
#3334=DIRECTION('',(0.842208410595894,0.,-0.539152105737831));
#3335=DIRECTION('',(-0.539152105737831,0.,-0.842208410595894));
#3336=DIRECTION('',(-0.539152105737831,0.,-0.842208410595894));
#3337=DIRECTION('',(0.,1.,0.));
#3338=DIRECTION('',(0.,0.,-1.));
#3339=DIRECTION('',(-1.,0.,0.));
#3340=DIRECTION('',(-1.,0.,0.));
#3341=DIRECTION('',(0.,1.,0.));
#3342=DIRECTION('',(-1.,0.,0.));
#3343=DIRECTION('',(0.,0.,1.));
#3344=DIRECTION('',(0.,0.,1.));
#3345=DIRECTION('',(0.,1.,0.));
#3346=DIRECTION('',(0.,0.,1.));
#3347=DIRECTION('',(0.,-1.,0.));
#3348=DIRECTION('',(1.,0.,0.));
#3349=DIRECTION('',(0.,1.,0.));
#3350=DIRECTION('',(0.,1.,0.));
#3351=DIRECTION('',(0.,0.,1.));
#3352=DIRECTION('',(0.,1.,0.));
#3353=DIRECTION('',(1.,0.,0.));
#3354=DIRECTION('',(0.,1.,0.));
#3355=DIRECTION('',(0.,1.,0.));
#3356=DIRECTION('',(0.886411455611372,0.,-0.462898186819659));
#3357=DIRECTION('',(0.,1.,0.));
#3358=DIRECTION('',(1.,0.,0.));
#3359=DIRECTION('',(-0.839808504308707,0.,0.542882746171558));
#3360=DIRECTION('',(0.542882746171558,0.,0.839808504308707));
#3361=DIRECTION('',(0.542882746171558,0.,0.839808504308707));
#3362=DIRECTION('',(0.,1.,0.));
#3363=DIRECTION('',(0.,0.,1.));
#3364=DIRECTION('',(0.,-1.,0.));
#3365=DIRECTION('',(1.,0.,0.));
#3366=DIRECTION('',(0.,1.,0.));
#3367=DIRECTION('',(1.,0.,0.));
#3368=DIRECTION('',(0.,0.,-1.));
#3369=DIRECTION('',(0.,0.,-1.));
#3370=DIRECTION('',(0.,1.,0.));
#3371=DIRECTION('',(-1.,0.,0.));
#3372=DIRECTION('',(-1.,0.,0.));
#3373=DIRECTION('',(0.,-1.,0.));
#3374=DIRECTION('',(0.,-1.,0.));
#3375=DIRECTION('',(-1.,0.,0.));
#3376=DIRECTION('',(-1.,0.,0.));
#3377=DIRECTION('',(0.,-1.,0.));
#3378=DIRECTION('',(1.,0.,0.));
#3379=DIRECTION('',(0.,1.,0.));
#3380=DIRECTION('',(-1.,0.,0.));
#3381=DIRECTION('',(0.,-1.,0.));
#3382=DIRECTION('',(-1.,0.,0.));
#3383=DIRECTION('',(-1.,0.,0.));
#3384=DIRECTION('',(0.,-1.,0.));
#3385=DIRECTION('',(-1.,0.,0.));
#3386=DIRECTION('',(0.,-1.,0.));
#3387=DIRECTION('',(1.,0.,0.));
#3388=DIRECTION('',(0.,1.,0.));
#3389=DIRECTION('',(-1.,0.,0.));
#3390=DIRECTION('',(0.,-1.,0.));
#3391=DIRECTION('',(-1.,0.,0.));
#3392=DIRECTION('',(-1.,0.,0.));
#3393=DIRECTION('',(0.,0.,1.));
#3394=DIRECTION('',(1.,0.,0.));
#3395=DIRECTION('',(0.,1.,0.));
#3396=DIRECTION('',(-1.,0.,1.44560289664734E-16));
#3397=DIRECTION('',(-1.,0.,0.));
#3398=DIRECTION('',(0.,-1.,0.));
#3399=DIRECTION('',(1.,0.,-1.44560289664734E-16));
#3400=DIRECTION('',(0.,1.,0.));
#3401=DIRECTION('',(-1.,0.,0.));
#3402=DIRECTION('',(1.,0.,0.));
#3403=DIRECTION('',(0.,1.,0.));
#3404=DIRECTION('',(0.,1.,0.));
#3405=DIRECTION('',(-1.,0.,0.));
#3406=DIRECTION('',(0.,-1.,0.));
#3407=DIRECTION('',(-1.,0.,0.));
#3408=DIRECTION('',(0.,1.,0.));
#3409=DIRECTION('',(-1.,0.,0.));
#3410=DIRECTION('',(-1.,0.,0.));
#3411=DIRECTION('',(0.,-1.,0.));
#3412=DIRECTION('',(0.,-1.,0.));
#3413=DIRECTION('',(-1.,0.,0.));
#3414=DIRECTION('',(0.,1.,0.));
#3415=DIRECTION('',(-1.,0.,0.));
#3416=DIRECTION('',(1.,0.,0.));
#3417=DIRECTION('',(0.,0.,-1.));
#3418=DIRECTION('',(1.,0.,1.44560289664734E-16));
#3419=DIRECTION('',(-1.,0.,-1.44560289664734E-16));
#3420=DIRECTION('',(0.,-1.,0.));
#3421=DIRECTION('',(1.,0.,0.));
#3422=DIRECTION('',(0.,-1.,0.));
#3423=DIRECTION('',(1.,0.,0.));
#3424=DIRECTION('',(0.,-1.,0.));
#3425=DIRECTION('',(0.,-1.,0.));
#3426=DIRECTION('',(0.,0.,1.));
#3427=DIRECTION('',(1.,0.,0.));
#3428=DIRECTION('',(1.,0.,1.44560289664734E-16));
#3429=DIRECTION('',(0.,-1.,0.));
#3430=DIRECTION('',(0.,-1.,0.));
#3431=DIRECTION('',(1.,0.,0.));
#3432=DIRECTION('',(0.,-1.,0.));
#3433=DIRECTION('',(1.,0.,0.));
#3434=DIRECTION('',(0.,-1.,0.));
#3435=DIRECTION('',(0.,0.,-1.));
#3436=DIRECTION('',(-1.,0.,0.));
#3437=DIRECTION('',(-1.,0.,1.44560289664734E-16));
#3438=DIRECTION('',(0.,1.,0.));
#3439=DIRECTION('',(-1.,0.,0.));
#3440=DIRECTION('',(0.,0.,-1.));
#3441=DIRECTION('',(0.,1.,0.));
#3442=DIRECTION('',(0.,0.,1.));
#3443=DIRECTION('',(0.,-1.,0.));
#3444=DIRECTION('',(0.,0.,1.));
#3445=DIRECTION('',(0.,0.,1.));
#3446=DIRECTION('',(0.,1.,0.));
#3447=DIRECTION('',(0.,0.,-1.));
#3448=DIRECTION('',(0.,0.,1.));
#3449=DIRECTION('',(0.,-1.,0.));
#3450=DIRECTION('',(0.,0.,1.));
#3451=DIRECTION('',(0.,0.,1.));
#3452=DIRECTION('',(0.,1.,0.));
#3453=DIRECTION('',(0.,0.,-1.));
#3454=DIRECTION('',(0.,0.,1.));
#3455=DIRECTION('',(0.,-1.,0.));
#3456=DIRECTION('',(0.,0.,-1.));
#3457=DIRECTION('',(0.,0.,1.));
#3458=DIRECTION('',(0.,1.,0.));
#3459=DIRECTION('',(0.,0.,1.));
#3460=DIRECTION('',(0.,0.,1.));
#3461=DIRECTION('',(0.,-1.,0.));
#3462=DIRECTION('',(-1.,0.,0.));
#3463=DIRECTION('',(0.,1.,0.));
#3464=DIRECTION('',(0.,1.,5.0532154980743E-16));
#3465=DIRECTION('',(0.,-7.2280144832367E-16,1.));
#3466=DIRECTION('',(-1.,0.,7.2280144832367E-16));
#3467=DIRECTION('',(0.,0.,1.));
#3468=DIRECTION('',(1.,0.,-7.2280144832367E-16));
#3469=DIRECTION('',(0.,0.,-1.));
#3470=DIRECTION('',(-1.,0.,-7.2280144832367E-16));
#3471=DIRECTION('',(0.,0.,1.));
#3472=DIRECTION('',(1.,0.,7.2280144832367E-16));
#3473=DIRECTION('',(0.,0.,-1.));
#3474=DIRECTION('',(0.,0.,1.));
#3475=DIRECTION('',(0.,-1.,4.16208771602952E-17));
#3476=DIRECTION('',(0.,0.,-1.));
#3477=DIRECTION('',(0.,-1.,0.));
#3478=DIRECTION('',(0.,0.,1.));
#3479=DIRECTION('',(0.,-1.,0.));
#3480=DIRECTION('',(-1.,0.,0.));
#3481=DIRECTION('',(0.,1.,0.));
#3482=DIRECTION('',(0.,0.,1.));
#3483=DIRECTION('',(0.,-1.,0.));
#3484=DIRECTION('',(-1.,0.,7.2280144832367E-16));
#3485=DIRECTION('',(0.,0.,1.));
#3486=DIRECTION('',(1.,0.,-7.2280144832367E-16));
#3487=DIRECTION('',(0.,0.,-1.));
#3488=DIRECTION('',(0.,0.,1.));
#3489=DIRECTION('',(0.,-1.,0.));
#3490=DIRECTION('',(0.,0.,1.));
#3491=DIRECTION('',(0.,-1.,0.));
#3492=DIRECTION('',(-1.,0.,-7.2280144832367E-16));
#3493=DIRECTION('',(0.,0.,1.));
#3494=DIRECTION('',(1.,0.,7.2280144832367E-16));
#3495=DIRECTION('',(0.,0.,-1.));
#3496=DIRECTION('',(0.,1.,5.0532154980743E-16));
#3497=DIRECTION('',(0.,-7.2280144832367E-16,1.));
#3498=DIRECTION('',(0.,0.,-1.));
#3499=DIRECTION('',(0.,1.,0.));
#3500=DIRECTION('',(0.,0.,1.));
#3501=DIRECTION('',(0.,-1.,0.));
#3502=DIRECTION('',(0.,0.,1.));
#3503=DIRECTION('',(0.,0.,1.));
#3504=DIRECTION('',(0.,1.,0.));
#3505=DIRECTION('',(0.,0.,-1.));
#3506=DIRECTION('',(0.,0.,1.));
#3507=DIRECTION('',(0.,0.,1.));
#3508=DIRECTION('',(0.,1.,0.));
#3509=DIRECTION('',(0.,0.,-1.));
#3510=DIRECTION('',(0.,0.,-1.));
#3511=DIRECTION('',(0.,0.,1.));
#3512=DIRECTION('',(0.,1.,0.));
#3513=DIRECTION('',(0.,0.,1.));
#3514=DIRECTION('',(0.,0.,1.));
#3515=DIRECTION('',(0.,-1.,4.16208771602952E-17));
#3516=DIRECTION('',(0.,0.,-1.));
#3517=DIRECTION('',(0.,-1.,0.));
#3518=DIRECTION('',(0.,0.,1.));
#3519=DIRECTION('',(0.,-1.,0.));
#3520=DIRECTION('',(0.,0.,-1.));
#3521=DIRECTION('',(0.,1.,0.));
#3522=DIRECTION('',(0.,0.,1.));
#3523=DIRECTION('',(0.,-1.,0.));
#3524=DIRECTION('',(0.,0.,1.));
#3525=DIRECTION('',(0.,0.,1.));
#3526=DIRECTION('',(0.,1.,0.));
#3527=DIRECTION('',(0.,0.,-1.));
#3528=DIRECTION('',(0.,0.,1.));
#3529=DIRECTION('',(0.,-1.,0.));
#3530=DIRECTION('',(0.,0.,-1.));
#3531=DIRECTION('',(0.,0.,1.));
#3532=DIRECTION('',(0.,1.,0.));
#3533=DIRECTION('',(0.,0.,1.));
#3534=DIRECTION('',(0.,0.,1.));
#3535=DIRECTION('',(0.,-1.,0.));
#3536=DIRECTION('',(0.,0.,1.));
#3537=DIRECTION('',(0.,0.,1.));
#3538=DIRECTION('',(0.,1.,0.));
#3539=DIRECTION('',(0.,0.,-1.));
#3540=DIRECTION('',(0.,0.,1.));
#3541=DIRECTION('',(0.,-1.,0.));
#3542=DIRECTION('',(-1.,0.,0.));
#3543=DIRECTION('',(0.,1.,0.));
#3544=DIRECTION('',(0.,1.,5.0532154980743E-16));
#3545=DIRECTION('',(0.,-7.2280144832367E-16,1.));
#3546=DIRECTION('',(-1.,0.,7.2280144832367E-16));
#3547=DIRECTION('',(0.,0.,1.));
#3548=DIRECTION('',(1.,0.,-7.2280144832367E-16));
#3549=DIRECTION('',(0.,0.,-1.));
#3550=DIRECTION('',(-1.,0.,-7.2280144832367E-16));
#3551=DIRECTION('',(0.,0.,1.));
#3552=DIRECTION('',(1.,0.,7.2280144832367E-16));
#3553=DIRECTION('',(0.,0.,-1.));
#3554=DIRECTION('',(0.,0.,1.));
#3555=DIRECTION('',(0.,-1.,4.16208771602952E-17));
#3556=DIRECTION('',(0.,0.,-1.));
#3557=DIRECTION('',(0.,-1.,0.));
#3558=DIRECTION('',(0.,0.,1.));
#3559=DIRECTION('',(0.,-1.,0.));
#3560=DIRECTION('',(0.,1.,0.));
#3561=DIRECTION('',(1.,2.10198592377143E-17,0.));
#3562=DIRECTION('',(0.,-1.,0.));
#3563=DIRECTION('',(-1.,0.,0.));
#3564=DIRECTION('',(0.,1.,0.));
#3565=DIRECTION('',(-1.,0.,0.));
#3566=DIRECTION('',(0.,-1.,0.));
#3567=DIRECTION('',(-1.,0.,0.));
#3568=DIRECTION('',(0.,1.,0.));
#3569=DIRECTION('',(1.,0.,0.));
#3570=DIRECTION('',(0.,-1.,0.));
#3571=DIRECTION('',(0.,0.,-1.));
#3572=DIRECTION('',(0.,0.,1.));
#3573=DIRECTION('',(0.,-1.,2.94711428487541E-17));
#3574=DIRECTION('',(0.,0.,-1.));
#3575=DIRECTION('',(0.,1.,0.));
#3576=DIRECTION('',(0.,0.,1.));
#3577=DIRECTION('',(0.,1.,0.));
#3578=DIRECTION('',(0.,0.,1.));
#3579=DIRECTION('',(0.,-1.,2.9471142848754E-17));
#3580=DIRECTION('',(0.,0.,-1.));
#3581=DIRECTION('',(0.,1.,0.));
#3582=DIRECTION('',(0.,0.,1.));
#3583=DIRECTION('',(0.,1.,0.));
#3584=DIRECTION('',(0.,0.,-1.));
#3585=DIRECTION('',(0.,1.,0.));
#3586=DIRECTION('',(0.,0.,1.));
#3587=DIRECTION('',(0.,-1.,0.));
#3588=DIRECTION('',(0.,0.,-1.));
#3589=DIRECTION('',(0.,-1.,0.));
#3590=DIRECTION('',(0.,0.,-1.));
#3591=DIRECTION('',(0.,1.,0.));
#3592=DIRECTION('',(0.,0.,1.));
#3593=DIRECTION('',(0.,-1.,0.));
#3594=DIRECTION('',(0.,0.,-1.));
#3595=DIRECTION('',(0.,-1.,0.));
#3596=DIRECTION('',(0.,-1.,0.));
#3597=DIRECTION('',(-1.,0.,0.));
#3598=DIRECTION('',(-1.,1.42190448850558E-16,1.24087724822747E-18));
#3599=DIRECTION('',(1.42190448850558E-16,1.,0.));
#3600=DIRECTION('',(-1.,0.,0.));
#3601=DIRECTION('',(-1.,1.42190448850558E-16,0.));
#3602=DIRECTION('',(1.42190448850558E-16,1.,0.));
#3603=DIRECTION('',(-1.,0.,0.));
#3604=DIRECTION('',(0.,1.,0.));
#3605=DIRECTION('',(1.,0.,0.));
#3606=DIRECTION('',(1.,0.,0.));
#3607=DIRECTION('',(-7.2280144832367E-16,0.,1.));
#3608=DIRECTION('',(-1.,0.,0.));
#3609=DIRECTION('',(1.,0.,0.));
#3610=DIRECTION('',(0.,0.,-1.));
#3611=DIRECTION('',(0.,-1.,0.));
#3612=DIRECTION('',(0.,-1.,0.));
#3613=DIRECTION('',(-1.,0.,0.));
#3614=DIRECTION('',(0.,0.,1.));
#3615=DIRECTION('',(0.,-1.,0.));
#3616=DIRECTION('',(-7.2280144832367E-16,0.,-1.));
#3617=DIRECTION('',(0.,-1.,0.));
#3618=DIRECTION('',(-1.,0.,0.));
#3619=DIRECTION('',(0.,1.,0.));
#3620=DIRECTION('',(0.,0.,-1.));
#3621=DIRECTION('',(0.,-1.,0.));
#3622=DIRECTION('',(0.,0.,-1.));
#3623=DIRECTION('',(0.,-0.999961204613417,-0.00880847705811881));
#3624=DIRECTION('',(1.,0.,0.));
#3625=DIRECTION('',(0.,-1.,0.));
#3626=DIRECTION('',(0.,0.,1.));
#3627=DIRECTION('',(0.,-1.,0.));
#3628=DIRECTION('',(0.,0.,1.));
#3629=DIRECTION('',(0.,0.999961204613417,0.00880847705811975));
#3630=DIRECTION('',(0.,1.,0.));
#3631=DIRECTION('',(1.,0.,0.));
#3632=DIRECTION('',(0.,-1.,0.));
#3633=DIRECTION('',(1.,0.,0.));
#3634=DIRECTION('',(-1.,0.,0.));
#3635=DIRECTION('',(0.,-1.,0.));
#3636=DIRECTION('',(1.,0.,0.));
#3637=DIRECTION('',(1.,0.,0.));
#3638=DIRECTION('',(0.,1.,0.));
#3639=DIRECTION('',(1.,0.,0.));
#3640=DIRECTION('',(2.06514699521048E-16,0.,1.));
#3641=DIRECTION('',(1.,0.,0.));
#3642=DIRECTION('',(0.,0.,-1.));
#3643=DIRECTION('',(1.,0.,0.));
#3644=DIRECTION('',(-1.,0.,0.));
#3645=DIRECTION('',(0.,1.,0.));
#3646=DIRECTION('',(0.,1.,0.));
#3647=DIRECTION('',(0.,0.,-1.));
#3648=DIRECTION('',(0.,-1.,0.));
#3649=DIRECTION('',(1.,0.,0.));
#3650=DIRECTION('',(0.,-1.,0.));
#3651=DIRECTION('',(0.,-1.,0.));
#3652=DIRECTION('',(0.,-1.,0.));
#3653=DIRECTION('',(2.06514699521048E-16,0.,1.));
#3654=DIRECTION('',(0.999961923064171,0.00872653549837393,0.));
#3655=DIRECTION('',(0.00872653549837393,-0.999961923064171,0.));
#3656=DIRECTION('',(0.,0.,1.));
#3657=DIRECTION('',(-0.00872653549837393,0.999961923064171,0.));
#3658=DIRECTION('',(0.,0.,1.));
#3659=DIRECTION('',(0.00872653549837393,-0.999961923064171,0.));
#3660=DIRECTION('',(-0.999961923064171,0.00872653549837393,0.));
#3661=DIRECTION('',(0.00872653549837393,0.999961923064171,0.));
#3662=DIRECTION('',(0.,0.,-1.));
#3663=DIRECTION('',(0.00872653549837393,0.999961923064171,0.));
#3664=DIRECTION('',(0.,0.,-1.));
#3665=DIRECTION('',(-0.00872653549837393,-0.999961923064171,0.));
#3666=DIRECTION('',(0.,0.00872653549837393,0.999961923064171));
#3667=DIRECTION('',(0.,-0.999961923064171,0.00872653549837393));
#3668=DIRECTION('',(-1.,0.,0.));
#3669=DIRECTION('',(0.,0.999961923064171,-0.00872653549837393));
#3670=DIRECTION('',(-1.,0.,0.));
#3671=DIRECTION('',(0.,-0.999961923064171,0.00872653549837393));
#3672=DIRECTION('',(0.,-1.,0.));
#3673=DIRECTION('',(1.,5.96798211589055E-16,0.));
#3674=DIRECTION('',(0.,-1.,0.));
#3675=DIRECTION('',(-1.,0.,0.));
#3676=DIRECTION('',(0.,1.,0.));
#3677=DIRECTION('',(1.,0.,0.));
#3678=DIRECTION('',(0.,-1.,0.));
#3679=DIRECTION('',(1.,5.96798211589055E-16,0.));
#3680=DIRECTION('',(0.,-1.,0.));
#3681=DIRECTION('',(-1.,0.,0.));
#3682=DIRECTION('',(0.,1.,0.));
#3683=DIRECTION('',(1.,0.,0.));
#3684=DIRECTION('',(0.,0.,1.));
#3685=DIRECTION('',(0.,-1.,0.));
#3686=DIRECTION('',(0.,-1.,0.));
#3687=DIRECTION('',(-1.,0.,0.));
#3688=DIRECTION('',(0.,-1.,0.));
#3689=DIRECTION('',(1.,0.,0.));
#3690=DIRECTION('',(0.,-1.,0.));
#3691=DIRECTION('',(-1.,0.,0.));
#3692=DIRECTION('',(0.,-1.,0.));
#3693=DIRECTION('',(0.,-1.,0.));
#3694=DIRECTION('',(1.,0.,0.));
#3695=DIRECTION('',(1.,0.,0.));
#3696=DIRECTION('',(0.,-1.,0.));
#3697=DIRECTION('',(0.,-1.,0.));
#3698=DIRECTION('',(-1.,0.,0.));
#3699=DIRECTION('',(0.,-1.,0.));
#3700=DIRECTION('',(0.,-1.,0.));
#3701=DIRECTION('',(1.,0.,0.));
#3702=DIRECTION('',(1.,0.,0.));
#3703=DIRECTION('',(0.,-1.,0.));
#3704=DIRECTION('',(0.,-1.,0.));
#3705=DIRECTION('',(-1.,0.,0.));
#3706=DIRECTION('',(-1.,0.,0.));
#3707=DIRECTION('',(0.,-1.,0.));
#3708=DIRECTION('',(1.,0.,0.));
#3709=DIRECTION('',(0.,-1.,0.));
#3710=DIRECTION('',(-1.,0.,0.));
#3711=DIRECTION('',(0.,-1.,0.));
#3712=DIRECTION('',(0.,-1.,0.));
#3713=DIRECTION('',(1.,0.,0.));
#3714=DIRECTION('',(1.,0.,0.));
#3715=DIRECTION('',(0.,-1.,0.));
#3716=DIRECTION('',(0.,-1.,0.));
#3717=DIRECTION('',(-1.,0.,0.));
#3718=DIRECTION('',(1.,-1.09202264717229E-16,0.));
#3719=DIRECTION('',(1.,0.,0.));
#3720=DIRECTION('',(-7.2280144832367E-16,0.,1.));
#3721=DIRECTION('',(0.,-1.,0.));
#3722=DIRECTION('',(-1.,0.,0.));
#3723=DIRECTION('',(0.,0.,1.));
#3724=DIRECTION('',(0.,-1.,0.));
#3725=DIRECTION('',(-1.,0.,0.));
#3726=DIRECTION('',(0.,-1.,0.));
#3727=DIRECTION('',(-1.,0.,0.));
#3728=DIRECTION('',(1.,0.,0.));
#3729=DIRECTION('',(-7.2280144832367E-16,0.,1.));
#3730=DIRECTION('',(0.,1.,0.));
#3731=DIRECTION('',(1.,0.,0.));
#3732=DIRECTION('',(-7.2280144832367E-16,0.,1.));
#3733=DIRECTION('',(-1.,0.,0.));
#3734=DIRECTION('',(1.,0.,0.));
#3735=DIRECTION('',(0.,0.,-1.));
#3736=DIRECTION('',(0.,-1.,0.));
#3737=DIRECTION('',(-1.,0.,0.));
#3738=DIRECTION('',(0.,0.,1.));
#3739=DIRECTION('',(0.,-1.,0.));
#3740=DIRECTION('',(-7.2280144832367E-16,0.,-1.));
#3741=DIRECTION('',(0.,-1.,0.));
#3742=DIRECTION('',(-1.,0.,0.));
#3743=DIRECTION('',(1.,0.,0.));
#3744=DIRECTION('',(-7.2280144832367E-16,0.,1.));
#3745=DIRECTION('',(0.,1.,0.));
#3746=DIRECTION('',(1.,0.,0.));
#3747=DIRECTION('',(-7.2280144832367E-16,0.,1.));
#3748=DIRECTION('',(-1.,0.,0.));
#3749=DIRECTION('',(-7.2280144832367E-16,0.,-1.));
#3750=DIRECTION('',(1.,0.,0.));
#3751=DIRECTION('',(0.,0.,-1.));
#3752=DIRECTION('',(0.,-1.,0.));
#3753=DIRECTION('',(-1.,0.,0.));
#3754=DIRECTION('',(0.,0.,1.));
#3755=DIRECTION('',(-7.2280144832367E-16,0.,-1.));
#3756=DIRECTION('',(0.,-1.,0.));
#3757=DIRECTION('',(0.,-1.,0.));
#3758=DIRECTION('',(-1.,0.,0.));
#3759=DIRECTION('',(1.,0.,0.));
#3760=DIRECTION('',(-7.2280144832367E-16,0.,1.));
#3761=DIRECTION('',(0.,1.,0.));
#3762=DIRECTION('',(1.,0.,0.));
#3763=DIRECTION('',(-7.2280144832367E-16,0.,1.));
#3764=DIRECTION('',(-1.,0.,0.));
#3765=DIRECTION('',(1.,0.,0.));
#3766=DIRECTION('',(0.,0.,-1.));
#3767=DIRECTION('',(0.,-1.,0.));
#3768=DIRECTION('',(-1.,0.,0.));
#3769=DIRECTION('',(0.,0.,1.));
#3770=DIRECTION('',(0.,-1.,0.));
#3771=DIRECTION('',(-7.2280144832367E-16,0.,-1.));
#3772=DIRECTION('',(0.,-1.,0.));
#3773=DIRECTION('',(-1.,0.,0.));
#3774=DIRECTION('',(1.,0.,0.));
#3775=DIRECTION('',(-7.2280144832367E-16,0.,1.));
#3776=DIRECTION('',(0.,1.,0.));
#3777=DIRECTION('',(1.,0.,0.));
#3778=DIRECTION('',(-7.2280144832367E-16,0.,1.));
#3779=DIRECTION('',(-1.,0.,0.));
#3780=DIRECTION('',(1.,0.,0.));
#3781=DIRECTION('',(0.,0.,-1.));
#3782=DIRECTION('',(0.,-1.,0.));
#3783=DIRECTION('',(-1.,0.,0.));
#3784=DIRECTION('',(0.,0.,1.));
#3785=DIRECTION('',(0.,-1.,0.));
#3786=DIRECTION('',(-7.2280144832367E-16,0.,-1.));
#3787=DIRECTION('',(0.,0.00872653549837393,-0.999961923064171));
#3788=DIRECTION('',(0.,0.999961923064171,0.00872653549837393));
#3789=DIRECTION('',(0.,-0.999961923064171,-0.00872653549837393));
#3790=DIRECTION('',(0.,0.999961923064171,0.00872653549837393));
#3791=DIRECTION('',(1.,0.,0.));
#3792=DIRECTION('',(0.,-1.,0.));
#3793=DIRECTION('',(1.,5.96798211589055E-16,0.));
#3794=DIRECTION('',(0.,-1.,0.));
#3795=DIRECTION('',(-1.,0.,0.));
#3796=DIRECTION('',(-1.18603754454889E-11,-1.23449442391803E-13,-1.));
#3797=DIRECTION('',(0.999945644678095,0.0104262979675928,-1.18610178926766E-11));
#3798=DIRECTION('',(0.,1.,0.));
#3799=DIRECTION('',(1.,0.,0.));
#3800=DIRECTION('',(0.,-1.,0.));
#3801=DIRECTION('',(1.,5.96798211589055E-16,0.));
#3802=DIRECTION('',(0.,-1.,0.));
#3803=DIRECTION('',(-1.,0.,0.));
#3804=DIRECTION('',(0.,1.,0.));
#3805=DIRECTION('',(1.,0.,0.));
#3806=DIRECTION('',(1.18270705587961E-11,-1.23102786443889E-13,-1.));
#3807=DIRECTION('',(-0.999946025644816,0.010389696681619,-1.18277112028327E-11));
#3808=DIRECTION('',(0.,0.,1.));
#3809=DIRECTION('',(0.,-1.,0.));
#3810=DIRECTION('',(-0.0103994973104642,0.999945923765725,0.));
#3811=DIRECTION('',(-0.0103994973104463,-0.999945923765726,0.));
#3812=DIRECTION('',(1.,-1.09202264717229E-16,0.));
#3813=DIRECTION('',(0.,-1.,0.));
#3814=DIRECTION('',(-1.,0.,0.));
#3815=DIRECTION('',(0.,-1.,0.));
#3816=DIRECTION('',(-1.,0.,0.));
#3817=DIRECTION('',(0.,0.,-1.));
#3818=DIRECTION('',(0.,-1.,0.));
#3819=DIRECTION('',(-1.,0.,0.));
#3820=DIRECTION('',(1.,0.,0.));
#3821=DIRECTION('',(0.,-0.00872653549837393,0.999961923064171));
#3822=DIRECTION('',(0.,-0.999961923064171,-0.00872653549837393));
#3823=DIRECTION('',(0.,0.999961923064171,0.00872653549837393));
#3824=DIRECTION('',(0.,-0.999961923064171,-0.00872653549837393));
#3825=DIRECTION('',(0.999961923064171,-0.00872653549837393,0.));
#3826=DIRECTION('',(-0.00872653549837393,-0.999961923064171,0.));
#3827=DIRECTION('',(0.00872653549837393,0.999961923064171,0.));
#3828=DIRECTION('',(-0.00872653549837393,-0.999961923064171,0.));
#3829=DIRECTION('',(-0.999961923064171,-0.00872653549837393,0.));
#3830=DIRECTION('',(-0.00872653549837393,0.999961923064171,0.));
#3831=DIRECTION('',(-0.00872653549837393,0.999961923064171,0.));
#3832=DIRECTION('',(0.00872653549837393,-0.999961923064171,0.));
#3833=DIRECTION('',(0.,1.,0.));
#3834=DIRECTION('',(1.,4.90334337430636E-15,0.));
#3835=DIRECTION('',(0.,1.,0.));
#3836=DIRECTION('',(1.,4.90334337430636E-15,0.));
#3837=DIRECTION('',(0.,1.,0.));
#3838=DIRECTION('',(1.,4.90334337430636E-15,0.));
#3839=DIRECTION('',(0.,1.,0.));
#3840=DIRECTION('',(1.,4.90334337430636E-15,0.));
#3841=DIRECTION('',(0.,1.,0.));
#3842=DIRECTION('',(1.,0.,0.));
#3843=DIRECTION('',(-1.,0.,0.));
#3844=DIRECTION('',(-7.2280144832367E-16,0.,-1.));
#3845=DIRECTION('',(1.,0.,0.));
#3846=DIRECTION('',(0.,0.,-1.));
#3847=DIRECTION('',(0.,-1.,0.));
#3848=DIRECTION('',(-1.,0.,0.));
#3849=DIRECTION('',(0.,0.,1.));
#3850=DIRECTION('',(0.,-1.,0.));
#3851=DIRECTION('',(0.,1.,0.));
#3852=DIRECTION('',(1.,0.,0.));
#3853=DIRECTION('',(-1.,0.,0.));
#3854=DIRECTION('',(-7.2280144832367E-16,0.,-1.));
#3855=DIRECTION('',(1.,0.,0.));
#3856=DIRECTION('',(0.,0.,-1.));
#3857=DIRECTION('',(0.,-1.,0.));
#3858=DIRECTION('',(-1.,0.,0.));
#3859=DIRECTION('',(0.,0.,1.));
#3860=DIRECTION('',(0.,-1.,0.));
#3861=DIRECTION('',(0.,1.,0.));
#3862=DIRECTION('',(1.,0.,0.));
#3863=DIRECTION('',(-1.,0.,0.));
#3864=DIRECTION('',(-7.2280144832367E-16,0.,-1.));
#3865=DIRECTION('',(1.,0.,0.));
#3866=DIRECTION('',(0.,0.,-1.));
#3867=DIRECTION('',(0.,-1.,0.));
#3868=DIRECTION('',(-1.,0.,0.));
#3869=DIRECTION('',(0.,0.,1.));
#3870=DIRECTION('',(0.,-1.,0.));
#3871=DIRECTION('',(0.,1.,0.));
#3872=DIRECTION('',(1.,0.,0.));
#3873=DIRECTION('',(0.,1.,0.));
#3874=DIRECTION('',(1.,0.,0.));
#3875=DIRECTION('',(-1.,0.,0.));
#3876=DIRECTION('',(-7.2280144832367E-16,0.,-1.));
#3877=DIRECTION('',(1.,0.,0.));
#3878=DIRECTION('',(0.,0.,-1.));
#3879=DIRECTION('',(0.,-1.,0.));
#3880=DIRECTION('',(-1.,0.,0.));
#3881=DIRECTION('',(0.,0.,1.));
#3882=DIRECTION('',(0.,-1.,0.));
#3883=DIRECTION('',(0.,0.,-1.));
#3884=DIRECTION('',(0.,1.,0.));
#3885=CARTESIAN_POINT('',(0.,0.,0.));
#3886=CARTESIAN_POINT('',(0.0361,0.0088,-0.0031));
#3887=CARTESIAN_POINT('',(0.0346,0.0088,-0.0031));
#3888=CARTESIAN_POINT('',(0.0346,0.0088,-0.00365));
#3889=CARTESIAN_POINT('',(0.0346,0.0088,-0.0031));
#3890=CARTESIAN_POINT('',(0.0346,0.0078,-0.0031));
#3891=CARTESIAN_POINT('',(0.0346,0.0078,-0.00365));
#3892=CARTESIAN_POINT('',(0.0346,0.0003,-0.0038));
#3893=CARTESIAN_POINT('',(0.0346,0.0003,-0.00662));
#3894=CARTESIAN_POINT('',(0.0346,0.,-0.00662));
#3895=CARTESIAN_POINT('',(0.03489,0.000376811457478685,-0.0038));
#3896=CARTESIAN_POINT('',(0.03489,0.000376811457478689,-0.0041));
#3897=CARTESIAN_POINT('',(0.03489,0.000376811457478687,-0.0038));
#3898=CARTESIAN_POINT('',(0.0346,0.0003,-0.0041));
#3899=CARTESIAN_POINT('',(0.03489,0.000223188542521311,-0.0041));
#3900=CARTESIAN_POINT('',(0.03489,0.000223188542521315,-0.0038));
#3901=CARTESIAN_POINT('',(0.03489,0.000223188542521313,-0.0038));
#3902=CARTESIAN_POINT('',(0.0346,0.0003,-0.0038));
#3903=CARTESIAN_POINT('',(0.03431,0.000223188542521311,-0.0038));
#3904=CARTESIAN_POINT('',(0.03431,0.000223188542521312,-0.0038));
#3905=CARTESIAN_POINT('',(0.03431,0.00022318854252131,-0.0041));
#3906=CARTESIAN_POINT('',(0.0346,0.0003,-0.0041));
#3907=CARTESIAN_POINT('',(0.03431,0.00037681145747869,-0.0041));
#3908=CARTESIAN_POINT('',(0.03431,0.000376811457478688,-0.0038));
#3909=CARTESIAN_POINT('',(0.03431,0.000376811457478689,-0.0038));
#3910=CARTESIAN_POINT('',(0.0346,0.0003,-0.0038));
#3911=CARTESIAN_POINT('',(0.0345231885425213,0.00059,-0.0038));
#3912=CARTESIAN_POINT('',(0.0345231885425213,0.00059,-0.0038));
#3913=CARTESIAN_POINT('',(0.0345231885425213,0.00059,-0.0041));
#3914=CARTESIAN_POINT('',(0.0346,0.0003,-0.0041));
#3915=CARTESIAN_POINT('',(0.0346768114574787,0.00059,-0.0041));
#3916=CARTESIAN_POINT('',(0.0346768114574787,0.00059,-0.0038));
#3917=CARTESIAN_POINT('',(0.0346768114574787,0.00059,-0.0038));
#3918=CARTESIAN_POINT('',(0.0346,0.0003,-0.0038));
#3919=CARTESIAN_POINT('',(0.0346,0.001,-0.0038));
#3920=CARTESIAN_POINT('',(0.0346,0.001,-0.0031));
#3921=CARTESIAN_POINT('',(0.0346,0.001,-0.0028));
#3922=CARTESIAN_POINT('',(0.03489,0.001,-0.0038));
#3923=CARTESIAN_POINT('',(0.03489,0.000283455486051173,-0.0035));
#3924=CARTESIAN_POINT('',(0.03489,0.000283455486051172,-0.0035));
#3925=CARTESIAN_POINT('',(0.0349037100478914,0.000339571060250007,-0.0035));
#3926=CARTESIAN_POINT('',(0.0349030488345727,0.000397566030999047,-0.0035));
#3927=CARTESIAN_POINT('',(0.0348899999999978,0.000453772978039875,-0.0035));
#3928=CARTESIAN_POINT('',(0.0348899999999989,0.000453772978035108,-0.0035));
#3929=CARTESIAN_POINT('',(0.03489,0.001,-0.0038));
#3930=CARTESIAN_POINT('',(0.0348305419800343,0.00059,-0.00350000000004925));
#3931=CARTESIAN_POINT('',(0.0348055340268813,0.00059,-0.00355086040775399));
#3932=CARTESIAN_POINT('',(0.03474989424046,0.00059,-0.00364689441333055));
#3933=CARTESIAN_POINT('',(0.0346768114574787,0.00059,-0.00374281417503487));
#3934=CARTESIAN_POINT('',(0.0346768114574787,0.00059,-0.0038));
#3935=CARTESIAN_POINT('',(0.0348305419800326,0.000590000000020609,-0.00350000000002462));
#3936=CARTESIAN_POINT('',(0.0348305419800308,0.000590000000041219,-0.0035));
#3937=CARTESIAN_POINT('',(0.034777528300763,0.000668890922520383,-0.0035));
#3938=CARTESIAN_POINT('',(0.0345998010198286,0.000801972927951961,-0.0035));
#3939=CARTESIAN_POINT('',(0.0344224526585434,0.000668862587609539,-0.0035));
#3940=CARTESIAN_POINT('',(0.034369458019969,0.000590000000041045,-0.0035));
#3941=CARTESIAN_POINT('',(0.0343694580199791,0.000590000000022576,-0.0035));
#3942=CARTESIAN_POINT('',(0.0345231885425213,0.00059,-0.0038));
#3943=CARTESIAN_POINT('',(0.0345231885425213,0.00059,-0.00374232867797393));
#3944=CARTESIAN_POINT('',(0.0344500143895964,0.00059,-0.00364700007978297));
#3945=CARTESIAN_POINT('',(0.0343944312267485,0.00059,-0.00355078974165205));
#3946=CARTESIAN_POINT('',(0.0343694580199673,0.00059,-0.00350000000005264));
#3947=CARTESIAN_POINT('',(0.03431,0.001,-0.0038));
#3948=CARTESIAN_POINT('',(0.03431,0.000453772978029563,-0.0035));
#3949=CARTESIAN_POINT('',(0.0343099999999996,0.000453772978028781,-0.0035));
#3950=CARTESIAN_POINT('',(0.0342969601049873,0.000397604537524212,-0.0035));
#3951=CARTESIAN_POINT('',(0.0342963003918558,0.00033952833009964,-0.0035));
#3952=CARTESIAN_POINT('',(0.03431,0.000283455486051164,-0.0035));
#3953=CARTESIAN_POINT('',(0.03431,0.000283455486051168,-0.0035));
#3954=CARTESIAN_POINT('',(0.03431,0.001,-0.0038));
#3955=CARTESIAN_POINT('',(0.0346,0.0003,-0.00662));
#3956=CARTESIAN_POINT('',(0.0346,0.0003,-0.0067));
#3957=CARTESIAN_POINT('',(0.0346,8.E-5,-0.0067));
#3958=CARTESIAN_POINT('',(0.0331,0.0003,-0.0067));
#3959=CARTESIAN_POINT('',(0.033065,0.0076,-0.0031));
#3960=CARTESIAN_POINT('',(0.0391,0.0076,-0.0031));
#3961=CARTESIAN_POINT('',(0.0391,0.0076,-0.00415));
#3962=CARTESIAN_POINT('',(0.0391,0.0076,-0.00205));
#3963=CARTESIAN_POINT('',(0.0391,0.0076,-0.00205));
#3964=CARTESIAN_POINT('',(0.0331,0.0076,-0.00205));
#3965=CARTESIAN_POINT('',(0.0331,0.0076,-0.0031));
#3966=CARTESIAN_POINT('',(0.0331,0.0076,-0.00415));
#3967=CARTESIAN_POINT('',(0.0331,0.0076,-0.00415));
#3968=CARTESIAN_POINT('',(0.033085,0.0076,-0.002015));
#3969=CARTESIAN_POINT('',(0.033085,0.0076,-0.002015));
#3970=CARTESIAN_POINT('',(0.039115,0.0076,-0.002015));
#3971=CARTESIAN_POINT('',(0.039115,0.0076,-0.0031));
#3972=CARTESIAN_POINT('',(0.039115,0.0076,-0.004185));
#3973=CARTESIAN_POINT('',(0.039115,0.0076,-0.004185));
#3974=CARTESIAN_POINT('',(0.033085,0.0076,-0.004185));
#3975=CARTESIAN_POINT('',(0.033085,0.0076,-0.0031));
#3976=CARTESIAN_POINT('',(0.0391,0.0076,-0.0031));
#3977=CARTESIAN_POINT('',(0.0391,0.0076,-0.00415));
#3978=CARTESIAN_POINT('',(0.0391,0.00855,-0.00415));
#3979=CARTESIAN_POINT('',(0.0391,0.00855,-0.0031));
#3980=CARTESIAN_POINT('',(0.0391,0.00855,-0.00205));
#3981=CARTESIAN_POINT('',(0.0391,0.0076,-0.00205));
#3982=CARTESIAN_POINT('',(0.0391,0.0076,-0.00205));
#3983=CARTESIAN_POINT('',(0.0331,0.00855,-0.00205));
#3984=CARTESIAN_POINT('',(0.0331,0.00855,-0.00205));
#3985=CARTESIAN_POINT('',(0.0331,0.0076,-0.00205));
#3986=CARTESIAN_POINT('',(0.0331,0.0076,-0.0031));
#3987=CARTESIAN_POINT('',(0.0331,0.00855,-0.0031));
#3988=CARTESIAN_POINT('',(0.0331,0.00855,-0.00415));
#3989=CARTESIAN_POINT('',(0.0331,0.0076,-0.00415));
#3990=CARTESIAN_POINT('',(0.0331,0.0076,-0.00415));
#3991=CARTESIAN_POINT('',(0.0391,0.00855,-0.00415));
#3992=CARTESIAN_POINT('',(0.0391,0.00855,-0.0031));
#3993=CARTESIAN_POINT('',(0.0391,0.00855,-0.0039));
#3994=CARTESIAN_POINT('',(0.0391,0.0088,-0.0039));
#3995=CARTESIAN_POINT('',(0.0391,0.0088,-0.0031));
#3996=CARTESIAN_POINT('',(0.0391,0.0088,-0.0023));
#3997=CARTESIAN_POINT('',(0.0391,0.00855,-0.0023));
#3998=CARTESIAN_POINT('',(0.0391,0.00855,-0.0023));
#3999=CARTESIAN_POINT('',(0.0391,0.0088,-0.0023));
#4000=CARTESIAN_POINT('',(0.0331,0.0088,-0.0023));
#4001=CARTESIAN_POINT('',(0.0331,0.00855,-0.0023));
#4002=CARTESIAN_POINT('',(0.0331,0.00855,-0.0031));
#4003=CARTESIAN_POINT('',(0.0331,0.00855,-0.0039));
#4004=CARTESIAN_POINT('',(0.0331,0.0088,-0.0039));
#4005=CARTESIAN_POINT('',(0.0331,0.0088,-0.0031));
#4006=CARTESIAN_POINT('',(0.0331,0.00855,-0.0039));
#4007=CARTESIAN_POINT('',(0.0331,0.0088,-0.0039));
#4008=CARTESIAN_POINT('',(0.0361,0.0088,-0.0031));
#4009=CARTESIAN_POINT('',(0.0331,0.0088,-0.0031));
#4010=CARTESIAN_POINT('',(0.03254,0.0088,-0.0031));
#4011=CARTESIAN_POINT('',(0.0346,0.0088,-0.0031));
#4012=CARTESIAN_POINT('',(0.03404,0.0088,-0.0031));
#4013=CARTESIAN_POINT('',(0.0376,0.0088,-0.0031));
#4014=CARTESIAN_POINT('',(0.03704,0.0088,-0.0031));
#4015=CARTESIAN_POINT('',(0.0391,0.0088,-0.0031));
#4016=CARTESIAN_POINT('',(0.03854,0.0088,-0.0031));
#4017=CARTESIAN_POINT('',(0.0391,0.0088,-0.0031));
#4018=CARTESIAN_POINT('',(0.0391,0.0078,-0.0031));
#4019=CARTESIAN_POINT('',(0.03854,0.0078,-0.0031));
#4020=CARTESIAN_POINT('',(0.0376,0.0088,-0.0031));
#4021=CARTESIAN_POINT('',(0.0371611774900609,0.0078,-0.00266117749006092));
#4022=CARTESIAN_POINT('',(0.0369794112549695,0.0078,-0.0031));
#4023=CARTESIAN_POINT('',(0.0371611774900609,0.0078,-0.00353882250993909));
#4024=CARTESIAN_POINT('',(0.0376,0.0078,-0.00372058874503046));
#4025=CARTESIAN_POINT('',(0.0380388225099391,0.0078,-0.00353882250993908));
#4026=CARTESIAN_POINT('',(0.0382205887450305,0.0078,-0.0031));
#4027=CARTESIAN_POINT('',(0.0380388225099391,0.0078,-0.00266117749006091));
#4028=CARTESIAN_POINT('',(0.0376,0.0078,-0.00247941125496954));
#4029=CARTESIAN_POINT('',(0.0371611774900609,0.0078,-0.00266117749006092));
#4030=CARTESIAN_POINT('',(0.0369794112549695,0.0078,-0.0031));
#4031=CARTESIAN_POINT('',(0.0371611774900609,0.0078,-0.00353882250993909));
#4032=CARTESIAN_POINT('',(0.03704,0.0078,-0.0031));
#4033=CARTESIAN_POINT('',(0.0346,0.0088,-0.0031));
#4034=CARTESIAN_POINT('',(0.0346,0.0078,-0.0031));
#4035=CARTESIAN_POINT('',(0.03404,0.0078,-0.0031));
#4036=CARTESIAN_POINT('',(0.0331,0.0088,-0.0031));
#4037=CARTESIAN_POINT('',(0.0331,0.0078,-0.0031));
#4038=CARTESIAN_POINT('',(0.03254,0.0078,-0.0031));
#4039=CARTESIAN_POINT('',(0.0391,0.0078,-0.0031));
#4040=CARTESIAN_POINT('',(0.0391,0.0078,-0.0031));
#4041=CARTESIAN_POINT('',(0.0391,0.0078,-0.00365));
#4042=CARTESIAN_POINT('',(0.0376,0.0088,-0.0031));
#4043=CARTESIAN_POINT('',(0.0376,0.0088,-0.0031));
#4044=CARTESIAN_POINT('',(0.0376,0.0088,-0.00365));
#4045=CARTESIAN_POINT('',(0.0391,0.0078,-0.0031));
#4046=CARTESIAN_POINT('',(0.0391,0.0078,-0.0031));
#4047=CARTESIAN_POINT('',(0.0331,0.0078,-0.0031));
#4048=CARTESIAN_POINT('',(0.0331,0.0078,-0.00365));
#4049=CARTESIAN_POINT('',(0.0391,0.0088,-0.0031));
#4050=CARTESIAN_POINT('',(0.0391,0.0088,-0.0031));
#4051=CARTESIAN_POINT('',(0.0391,0.0088,-0.00365));
#4052=CARTESIAN_POINT('',(0.0361,0.0088,-0.0031));
#4053=CARTESIAN_POINT('',(0.0331,0.0088,-0.0031));
#4054=CARTESIAN_POINT('',(0.0331,0.0088,-0.0031));
#4055=CARTESIAN_POINT('',(0.0331,0.0088,-0.00365));
#4056=CARTESIAN_POINT('',(0.0361,0.0088,-0.0031));
#4057=CARTESIAN_POINT('',(0.0361,0.0088,-0.0031));
#4058=CARTESIAN_POINT('',(0.0316070702179177,0.00779,-0.00285142857142855));
#4059=CARTESIAN_POINT('',(0.0411329297820824,0.00779,-0.00346745762711867));
#4060=CARTESIAN_POINT('',(0.0411329297820824,0.00779,-0.00346804206940211));
#4061=CARTESIAN_POINT('',(0.0411329296154153,0.00779,-0.00334968559487269));
#4062=CARTESIAN_POINT('',(0.0409978205791265,0.00779,-0.00322531847105333));
#4063=CARTESIAN_POINT('',(0.0410407263922518,0.00779,-0.00350019370460051));
#4064=CARTESIAN_POINT('',(0.0408528329297821,0.00779,-0.00305641646489107));
#4065=CARTESIAN_POINT('',(0.040774382566586,0.00779,-0.00309380145278453));
#4066=CARTESIAN_POINT('',(0.0407195641646489,0.00779,-0.00313138014527848));
#4067=CARTESIAN_POINT('',(0.040656803874092,0.00779,-0.00320653753026637));
#4068=CARTESIAN_POINT('',(0.0406411138014528,0.00779,-0.00324857142857146));
#4069=CARTESIAN_POINT('',(0.0406411138014528,0.00779,-0.00336576271186443));
#4070=CARTESIAN_POINT('',(0.0406666828087167,0.00779,-0.00341961259079906));
#4071=CARTESIAN_POINT('',(0.0407685714285714,0.00779,-0.00349476997578695));
#4072=CARTESIAN_POINT('',(0.0408392736077482,0.00779,-0.00351336561743344));
#4073=CARTESIAN_POINT('',(0.0409615012106538,0.00779,-0.00351336561743344));
#4074=CARTESIAN_POINT('',(0.0409984987893463,0.00779,-0.00350910411622279));
#4075=CARTESIAN_POINT('',(0.0410407263922518,0.00779,-0.00350019370460051));
#4076=CARTESIAN_POINT('',(0.0408528329297821,0.00779,-0.00305641646489107));
#4077=CARTESIAN_POINT('',(0.0405623731069893,0.00779,-0.00240081298495389));
#4078=CARTESIAN_POINT('',(0.0409919128329298,0.00779,-0.00297312348668284));
#4079=CARTESIAN_POINT('',(0.040675205811138,0.00779,-0.00282803874092012));
#4080=CARTESIAN_POINT('',(0.0407234382566586,0.00779,-0.00279472154963683));
#4081=CARTESIAN_POINT('',(0.0407844552058112,0.00779,-0.0027778692493947));
#4082=CARTESIAN_POINT('',(0.0409068765133172,0.00779,-0.0027778692493947));
#4083=CARTESIAN_POINT('',(0.040946779661017,0.00779,-0.00278813559322037));
#4084=CARTESIAN_POINT('',(0.041008377723971,0.00779,-0.00282920096852303));
#4085=CARTESIAN_POINT('',(0.0410238740920097,0.00779,-0.00285767554479422));
#4086=CARTESIAN_POINT('',(0.0410238740920097,0.00779,-0.00292644067796613));
#4087=CARTESIAN_POINT('',(0.0410132203389831,0.00779,-0.00295278450363199));
#4088=CARTESIAN_POINT('',(0.0409919128329298,0.00779,-0.00297312348668284));
#4089=CARTESIAN_POINT('',(0.0406752059778048,0.00779,-0.0028280384232296));
#4090=CARTESIAN_POINT('',(0.040675205811138,0.00779,-0.00271549636803877));
#4091=CARTESIAN_POINT('',(0.0406752059778051,0.00779,-0.00271549646915051));
#4092=CARTESIAN_POINT('',(0.0410523486682809,0.00779,-0.00274493946731238));
#4093=CARTESIAN_POINT('',(0.0409988861985472,0.00779,-0.00270600484261504));
#4094=CARTESIAN_POINT('',(0.0409316707021792,0.00779,-0.00268644067796613));
#4095=CARTESIAN_POINT('',(0.0407707021791768,0.00779,-0.00268644067796613));
#4096=CARTESIAN_POINT('',(0.040712397094431,0.00779,-0.00269612590799034));
#4097=CARTESIAN_POINT('',(0.040675205811138,0.00779,-0.00271549636803877));
#4098=CARTESIAN_POINT('',(0.0410523486682809,0.00779,-0.00274493946731238));
#4099=CARTESIAN_POINT('',(0.0409367762366478,0.00779,-0.00290279560327137));
#4100=CARTESIAN_POINT('',(0.0410941888619855,0.00779,-0.003020387409201));
#4101=CARTESIAN_POINT('',(0.0409355447941889,0.00779,-0.00313176755447945));
#4102=CARTESIAN_POINT('',(0.0410157384987894,0.00779,-0.00309186440677969));
#4103=CARTESIAN_POINT('',(0.0410686198547216,0.00779,-0.00305467312348671));
#4104=CARTESIAN_POINT('',(0.0410941888619855,0.00779,-0.003020387409201));
#4105=CARTESIAN_POINT('',(0.0409355447941889,0.00779,-0.00313176755447945));
#4106=CARTESIAN_POINT('',(0.0415317022958284,0.00779,-0.0043941336879548));
#4107=CARTESIAN_POINT('',(0.0408171466458949,0.00779,-0.00319522196361503));
#4108=CARTESIAN_POINT('',(0.0409120779300187,0.00779,-0.00334464115720763));
#4109=CARTESIAN_POINT('',(0.040767602905569,0.00779,-0.00324276029055693));
#4110=CARTESIAN_POINT('',(0.0411329297820824,0.00779,-0.00334968523002424));
#4111=CARTESIAN_POINT('',(0.0411083292978209,0.00779,-0.00337099273607751));
#4112=CARTESIAN_POINT('',(0.0410757869249395,0.00779,-0.00338861985472158));
#4113=CARTESIAN_POINT('',(0.0409936561743342,0.00779,-0.00341612590799034));
#4114=CARTESIAN_POINT('',(0.0409549152542373,0.00779,-0.00342309927360778));
#4115=CARTESIAN_POINT('',(0.0408057627118644,0.00779,-0.00342309927360778));
#4116=CARTESIAN_POINT('',(0.040749588377724,0.00779,-0.00338319612590802));
#4117=CARTESIAN_POINT('',(0.040749588377724,0.00779,-0.00328092009685233));
#4118=CARTESIAN_POINT('',(0.040755593220339,0.00779,-0.00326077481840197));
#4119=CARTESIAN_POINT('',(0.040767602905569,0.00779,-0.00324276029055693));
#4120=CARTESIAN_POINT('',(0.0409978205791265,0.00779,-0.00322531847105333));
#4121=CARTESIAN_POINT('',(0.0409978205791265,0.0078,-0.00322531847105333));
#4122=CARTESIAN_POINT('',(0.0410407263922518,0.0078,-0.00350019370460051));
#4123=CARTESIAN_POINT('',(0.0411329297820824,0.0078,-0.00346804206940211));
#4124=CARTESIAN_POINT('',(0.0410406631319257,0.0078,-0.00349978842858677));
#4125=CARTESIAN_POINT('',(0.0410406631319257,0.00779666666666667,-0.00349978842858677));
#4126=CARTESIAN_POINT('',(0.0410406631319257,0.00779333333333334,-0.00349978842858677));
#4127=CARTESIAN_POINT('',(0.0410406631319257,0.00779,-0.00349978842858677));
#4128=CARTESIAN_POINT('',(0.0411329297820824,0.00779,-0.00346804206940212));
#4129=CARTESIAN_POINT('',(0.0408528329297821,0.00779,-0.00305641646489107));
#4130=CARTESIAN_POINT('',(0.0408528329297821,0.0078,-0.00305641646489107));
#4131=CARTESIAN_POINT('',(0.0407445236543118,0.00779,-0.00310803051468308));
#4132=CARTESIAN_POINT('',(0.0407445236543118,0.0078,-0.00310803051468308));
#4133=CARTESIAN_POINT('',(0.0406283127932368,0.00779,-0.00320405899229156));
#4134=CARTESIAN_POINT('',(0.0406283127932368,0.0078,-0.00320405899229156));
#4135=CARTESIAN_POINT('',(0.0406391521419663,0.00779,-0.00340669623620522));
#4136=CARTESIAN_POINT('',(0.0406391521419663,0.0078,-0.00340669623620522));
#4137=CARTESIAN_POINT('',(0.0407801378080198,0.00779,-0.00350796897597914));
#4138=CARTESIAN_POINT('',(0.0407801378080198,0.0078,-0.00350796897597914));
#4139=CARTESIAN_POINT('',(0.0409291341226104,0.00779,-0.00352374069727718));
#4140=CARTESIAN_POINT('',(0.0409291341226104,0.0078,-0.00352374069727718));
#4141=CARTESIAN_POINT('',(0.0410407263922518,0.00779,-0.00350019370460051));
#4142=CARTESIAN_POINT('',(0.0410407263922518,0.0078,-0.00350019370460051));
#4143=CARTESIAN_POINT('',(0.0408528329297821,0.0078,-0.00305641646489107));
#4144=CARTESIAN_POINT('',(0.040774382566586,0.0078,-0.00309380145278453));
#4145=CARTESIAN_POINT('',(0.0407195641646489,0.0078,-0.00313138014527848));
#4146=CARTESIAN_POINT('',(0.040656803874092,0.0078,-0.00320653753026637));
#4147=CARTESIAN_POINT('',(0.0406411138014528,0.0078,-0.00324857142857146));
#4148=CARTESIAN_POINT('',(0.0406411138014528,0.0078,-0.00336576271186443));
#4149=CARTESIAN_POINT('',(0.0406666828087167,0.0078,-0.00341961259079906));
#4150=CARTESIAN_POINT('',(0.0407685714285714,0.0078,-0.00349476997578695));
#4151=CARTESIAN_POINT('',(0.0408392736077482,0.0078,-0.00351336561743344));
#4152=CARTESIAN_POINT('',(0.0409615012106538,0.0078,-0.00351336561743344));
#4153=CARTESIAN_POINT('',(0.0409984987893463,0.0078,-0.00350910411622279));
#4154=CARTESIAN_POINT('',(0.0410407263922518,0.0078,-0.00350019370460051));
#4155=CARTESIAN_POINT('',(0.0408528329297821,0.0078,-0.00305641646489107));
#4156=CARTESIAN_POINT('',(0.0408525853659359,0.00779,-0.00305585768289662));
#4157=CARTESIAN_POINT('',(0.0408525853659359,0.00779333333333334,-0.00305585768289662));
#4158=CARTESIAN_POINT('',(0.0408525853659359,0.00779666666666667,-0.00305585768289662));
#4159=CARTESIAN_POINT('',(0.0408525853659359,0.0078,-0.00305585768289662));
#4160=CARTESIAN_POINT('',(0.0405623731069893,0.00779,-0.00240081298495389));
#4161=CARTESIAN_POINT('',(0.0405623731069893,0.0078,-0.00240081298495389));
#4162=CARTESIAN_POINT('',(0.0409919128329298,0.0078,-0.00297312348668284));
#4163=CARTESIAN_POINT('',(0.0409924422655615,0.0078,-0.00297382889257843));
#4164=CARTESIAN_POINT('',(0.0409924422655615,0.00779666666666667,-0.00297382889257843));
#4165=CARTESIAN_POINT('',(0.0409924422655615,0.00779333333333334,-0.00297382889257843));
#4166=CARTESIAN_POINT('',(0.0409924422655615,0.00779,-0.00297382889257843));
#4167=CARTESIAN_POINT('',(0.040675205811138,0.00779,-0.00282803874092012));
#4168=CARTESIAN_POINT('',(0.040675205811138,0.0078,-0.00282803874092012));
#4169=CARTESIAN_POINT('',(0.0407455141875605,0.00779,-0.00277947231222668));
#4170=CARTESIAN_POINT('',(0.0407455141875605,0.0078,-0.00277947231222668));
#4171=CARTESIAN_POINT('',(0.0409975962694118,0.00779,-0.00273394748080867));
#4172=CARTESIAN_POINT('',(0.0409975962694118,0.0078,-0.00273394748080867));
#4173=CARTESIAN_POINT('',(0.0410446388348635,0.00779,-0.00292279412120072));
#4174=CARTESIAN_POINT('',(0.0410446388348635,0.0078,-0.00292279412120072));
#4175=CARTESIAN_POINT('',(0.0409919128329298,0.00779,-0.00297312348668284));
#4176=CARTESIAN_POINT('',(0.0409919128329298,0.0078,-0.00297312348668284));
#4177=CARTESIAN_POINT('',(0.040675205811138,0.0078,-0.00282803874092012));
#4178=CARTESIAN_POINT('',(0.0407234382566586,0.0078,-0.00279472154963683));
#4179=CARTESIAN_POINT('',(0.0407844552058112,0.0078,-0.0027778692493947));
#4180=CARTESIAN_POINT('',(0.0409068765133172,0.0078,-0.0027778692493947));
#4181=CARTESIAN_POINT('',(0.040946779661017,0.0078,-0.00278813559322037));
#4182=CARTESIAN_POINT('',(0.041008377723971,0.0078,-0.00282920096852303));
#4183=CARTESIAN_POINT('',(0.0410238740920097,0.0078,-0.00285767554479422));
#4184=CARTESIAN_POINT('',(0.0410238740920097,0.0078,-0.00292644067796613));
#4185=CARTESIAN_POINT('',(0.0410132203389831,0.0078,-0.00295278450363199));
#4186=CARTESIAN_POINT('',(0.0409919128329298,0.0078,-0.00297312348668284));
#4187=CARTESIAN_POINT('',(0.040675205811138,0.0078,-0.00282803874092012));
#4188=CARTESIAN_POINT('',(0.040675205811138,0.00779,-0.00282803874092012));
#4189=CARTESIAN_POINT('',(0.040675205811138,0.00779,-0.00271549636803877));
#4190=CARTESIAN_POINT('',(0.040675205811138,0.0078,-0.0031));
#4191=CARTESIAN_POINT('',(0.040675205811138,0.0078,-0.00271549636803877));
#4192=CARTESIAN_POINT('',(0.040675205811138,0.00779,-0.00271549636803877));
#4193=CARTESIAN_POINT('',(0.0410523486682809,0.00779,-0.00274493946731238));
#4194=CARTESIAN_POINT('',(0.0410523486682809,0.0078,-0.00274493946731238));
#4195=CARTESIAN_POINT('',(0.0409465693531649,0.00779,-0.00266790453130407));
#4196=CARTESIAN_POINT('',(0.0409465693531649,0.0078,-0.00266790453130407));
#4197=CARTESIAN_POINT('',(0.0407504027853873,0.00779,-0.00267633127728392));
#4198=CARTESIAN_POINT('',(0.0407504027853873,0.0078,-0.00267633127728392));
#4199=CARTESIAN_POINT('',(0.040675205811138,0.00779,-0.00271549636803877));
#4200=CARTESIAN_POINT('',(0.040675205811138,0.0078,-0.00271549636803877));
#4201=CARTESIAN_POINT('',(0.0410523486682809,0.0078,-0.00274493946731238));
#4202=CARTESIAN_POINT('',(0.0409988861985472,0.0078,-0.00270600484261504));
#4203=CARTESIAN_POINT('',(0.0409316707021792,0.0078,-0.00268644067796613));
#4204=CARTESIAN_POINT('',(0.0407707021791768,0.0078,-0.00268644067796613));
#4205=CARTESIAN_POINT('',(0.040712397094431,0.0078,-0.00269612590799034));
#4206=CARTESIAN_POINT('',(0.040675205811138,0.0078,-0.00271549636803877));
#4207=CARTESIAN_POINT('',(0.0410523486682809,0.0078,-0.00274493946731238));
#4208=CARTESIAN_POINT('',(0.0410526893237444,0.00779,-0.00274447417853719));
#4209=CARTESIAN_POINT('',(0.0410526893237444,0.00779333333333334,-0.00274447417853719));
#4210=CARTESIAN_POINT('',(0.0410526893237444,0.00779666666666667,-0.00274447417853719));
#4211=CARTESIAN_POINT('',(0.0410526893237444,0.0078,-0.00274447417853719));
#4212=CARTESIAN_POINT('',(0.0409367762366478,0.00779,-0.00290279560327137));
#4213=CARTESIAN_POINT('',(0.0409367762366478,0.0078,-0.00290279560327137));
#4214=CARTESIAN_POINT('',(0.0410941888619855,0.0078,-0.003020387409201));
#4215=CARTESIAN_POINT('',(0.0410939745528037,0.0078,-0.0030202273140138));
#4216=CARTESIAN_POINT('',(0.0410939745528037,0.00779666666666667,-0.0030202273140138));
#4217=CARTESIAN_POINT('',(0.0410939745528037,0.00779333333333334,-0.0030202273140138));
#4218=CARTESIAN_POINT('',(0.0410939745528037,0.00779,-0.0030202273140138));
#4219=CARTESIAN_POINT('',(0.0409355447941889,0.00779,-0.00313176755447945));
#4220=CARTESIAN_POINT('',(0.0409355447941889,0.0078,-0.00313176755447945));
#4221=CARTESIAN_POINT('',(0.0410157384987894,0.00779,-0.00309186440677969));
#4222=CARTESIAN_POINT('',(0.0410157384987894,0.0078,-0.00309186440677969));
#4223=CARTESIAN_POINT('',(0.0410686198547216,0.00779,-0.00305467312348671));
#4224=CARTESIAN_POINT('',(0.0410686198547216,0.0078,-0.00305467312348671));
#4225=CARTESIAN_POINT('',(0.0410941888619855,0.00779,-0.003020387409201));
#4226=CARTESIAN_POINT('',(0.0410941888619855,0.0078,-0.003020387409201));
#4227=CARTESIAN_POINT('',(0.0409355447941889,0.0078,-0.00313176755447945));
#4228=CARTESIAN_POINT('',(0.0410157384987894,0.0078,-0.00309186440677969));
#4229=CARTESIAN_POINT('',(0.0410686198547216,0.0078,-0.00305467312348671));
#4230=CARTESIAN_POINT('',(0.0410941888619855,0.0078,-0.003020387409201));
#4231=CARTESIAN_POINT('',(0.0409355447941889,0.0078,-0.00313176755447945));
#4232=CARTESIAN_POINT('',(0.0409356242209697,0.00779,-0.00313193574103734));
#4233=CARTESIAN_POINT('',(0.0409356242209697,0.00779333333333334,-0.00313193574103734));
#4234=CARTESIAN_POINT('',(0.0409356242209697,0.00779666666666667,-0.00313193574103734));
#4235=CARTESIAN_POINT('',(0.0409356242209697,0.0078,-0.00313193574103734));
#4236=CARTESIAN_POINT('',(0.0415317022958284,0.00779,-0.0043941336879548));
#4237=CARTESIAN_POINT('',(0.0415317022958284,0.0078,-0.0043941336879548));
#4238=CARTESIAN_POINT('',(0.0408171466458949,0.0078,-0.00319522196361503));
#4239=CARTESIAN_POINT('',(0.0408170572295872,0.0078,-0.00319507774354393));
#4240=CARTESIAN_POINT('',(0.0408170572295872,0.00779666666666667,-0.00319507774354393));
#4241=CARTESIAN_POINT('',(0.0408170572295872,0.00779333333333334,-0.00319507774354393));
#4242=CARTESIAN_POINT('',(0.0408170572295872,0.00779,-0.00319507774354393));
#4243=CARTESIAN_POINT('',(0.0409120779300187,0.00779,-0.00334464115720763));
#4244=CARTESIAN_POINT('',(0.0409120779300187,0.0078,-0.00334464115720763));
#4245=CARTESIAN_POINT('',(0.040767602905569,0.0078,-0.00324276029055693));
#4246=CARTESIAN_POINT('',(0.0407675445454511,0.0078,-0.00324271913618156));
#4247=CARTESIAN_POINT('',(0.0407675445454511,0.00779666666666667,-0.00324271913618156));
#4248=CARTESIAN_POINT('',(0.0407675445454511,0.00779333333333334,-0.00324271913618156));
#4249=CARTESIAN_POINT('',(0.0407675445454511,0.00779,-0.00324271913618156));
#4250=CARTESIAN_POINT('',(0.0411329297820824,0.00779,-0.00334968523002424));
#4251=CARTESIAN_POINT('',(0.0411329297820824,0.0078,-0.00334968523002424));
#4252=CARTESIAN_POINT('',(0.0410606595638823,0.00779,-0.00341228148200855));
#4253=CARTESIAN_POINT('',(0.0410606595638823,0.0078,-0.00341228148200855));
#4254=CARTESIAN_POINT('',(0.0407665887364017,0.00779,-0.00346440658608262));
#4255=CARTESIAN_POINT('',(0.0407665887364017,0.0078,-0.00346440658608262));
#4256=CARTESIAN_POINT('',(0.0407258050164722,0.00779,-0.00330545712420237));
#4257=CARTESIAN_POINT('',(0.0407258050164722,0.0078,-0.00330545712420237));
#4258=CARTESIAN_POINT('',(0.040767602905569,0.00779,-0.00324276029055693));
#4259=CARTESIAN_POINT('',(0.040767602905569,0.0078,-0.00324276029055693));
#4260=CARTESIAN_POINT('',(0.0411329297820824,0.0078,-0.00334968523002424));
#4261=CARTESIAN_POINT('',(0.0411083292978209,0.0078,-0.00337099273607751));
#4262=CARTESIAN_POINT('',(0.0410757869249395,0.0078,-0.00338861985472158));
#4263=CARTESIAN_POINT('',(0.0409936561743342,0.0078,-0.00341612590799034));
#4264=CARTESIAN_POINT('',(0.0409549152542373,0.0078,-0.00342309927360778));
#4265=CARTESIAN_POINT('',(0.0408057627118644,0.0078,-0.00342309927360778));
#4266=CARTESIAN_POINT('',(0.040749588377724,0.0078,-0.00338319612590802));
#4267=CARTESIAN_POINT('',(0.040749588377724,0.0078,-0.00328092009685233));
#4268=CARTESIAN_POINT('',(0.040755593220339,0.0078,-0.00326077481840197));
#4269=CARTESIAN_POINT('',(0.040767602905569,0.0078,-0.00324276029055693));
#4270=CARTESIAN_POINT('',(0.0411329296154153,0.0078,-0.00334968559487269));
#4271=CARTESIAN_POINT('',(0.0411329297820824,0.00779,-0.00334968523002424));
#4272=CARTESIAN_POINT('',(0.0411329297820824,0.00779,-0.00346745762711867));
#4273=CARTESIAN_POINT('',(0.0411329297820824,0.0078,-0.0031));
#4274=CARTESIAN_POINT('',(0.0316070702179177,0.00779,-0.00285142857142855));
#4275=CARTESIAN_POINT('',(0.0310670702179177,0.00779,-0.0027));
#4276=CARTESIAN_POINT('',(0.0310670703845843,0.00779,-0.00270000016666664));
#4277=CARTESIAN_POINT('',(0.0310670703845842,0.00779,-0.0034999998333333));
#4278=CARTESIAN_POINT('',(0.0317204358353511,0.00779,-0.0027));
#4279=CARTESIAN_POINT('',(0.0311693460803067,0.00779,-0.00270000016666664));
#4280=CARTESIAN_POINT('',(0.0311641162227603,0.00779,-0.0033667312348668));
#4281=CARTESIAN_POINT('',(0.031167602905569,0.00779,-0.00334406779661014));
#4282=CARTESIAN_POINT('',(0.0311693462469733,0.00779,-0.00330513317191281));
#4283=CARTESIAN_POINT('',(0.0311693462469733,0.00779,-0.00306661824051652));
#4284=CARTESIAN_POINT('',(0.0311693462469733,0.00779,-0.00288330912025825));
#4285=CARTESIAN_POINT('',(0.0311693462469733,0.00779,-0.0027));
#4286=CARTESIAN_POINT('',(0.0311641164170289,0.00779,-0.00336673106819926));
#4287=CARTESIAN_POINT('',(0.0311662469733656,0.00779,-0.0033667312348668));
#4288=CARTESIAN_POINT('',(0.0311659831011513,0.00779,-0.0033667312348668));
#4289=CARTESIAN_POINT('',(0.0317073129522571,0.00779,-0.00365620608580073));
#4290=CARTESIAN_POINT('',(0.031199235208955,0.00779000025,-0.0033115650741092));
#4291=CARTESIAN_POINT('',(0.0315906537530266,0.00779,-0.0027));
#4292=CARTESIAN_POINT('',(0.0315906538442249,0.00779,-0.00270000016666664));
#4293=CARTESIAN_POINT('',(0.0317204358353511,0.00779,-0.0027));
#4294=CARTESIAN_POINT('',(0.0317204356686844,0.00779,-0.00270000016666665));
#4295=CARTESIAN_POINT('',(0.0317204358353511,0.00779,-0.0035));
#4296=CARTESIAN_POINT('',(0.0317204356686844,0.00779,-0.00349999983333331));
#4297=CARTESIAN_POINT('',(0.0397,0.00779,-0.0035));
#4298=CARTESIAN_POINT('',(0.0316181599729621,0.00779,-0.00349999983333331));
#4299=CARTESIAN_POINT('',(0.0316222276029055,0.00779,-0.00282552058111378));
#4300=CARTESIAN_POINT('',(0.0316195157384988,0.00779,-0.00284334140435833));
#4301=CARTESIAN_POINT('',(0.0316181598062954,0.00779,-0.00288072639225179));
#4302=CARTESIAN_POINT('',(0.0316181598062954,0.00779,-0.00312498789346244));
#4303=CARTESIAN_POINT('',(0.0316181598062954,0.00779,-0.00331249394673121));
#4304=CARTESIAN_POINT('',(0.0316181598062954,0.00779,-0.0035));
#4305=CARTESIAN_POINT('',(0.0316222276029055,0.00779,-0.00282552058111378));
#4306=CARTESIAN_POINT('',(0.0316191283292978,0.00779,-0.00282552058111378));
#4307=CARTESIAN_POINT('',(0.0316191655040932,0.00779,-0.00282552058111378));
#4308=CARTESIAN_POINT('',(0.0313217560255043,0.00779,-0.00270243295375466));
#4309=CARTESIAN_POINT('',(0.0315918013772329,0.00779000025,-0.00287761764508147));
#4310=CARTESIAN_POINT('',(0.0311894915254237,0.00779,-0.0035));
#4311=CARTESIAN_POINT('',(0.0311894914347052,0.00779,-0.0034999998333333));
#4312=CARTESIAN_POINT('',(0.0397,0.00779,-0.0035));
#4313=CARTESIAN_POINT('',(0.0317204358353511,0.00779,-0.0027));
#4314=CARTESIAN_POINT('',(0.0391,0.0078,-0.0027));
#4315=CARTESIAN_POINT('',(0.0311693460803015,0.0078,-0.00270000016666664));
#4316=CARTESIAN_POINT('',(0.0310670703845843,0.0078,-0.00270000016666664));
#4317=CARTESIAN_POINT('',(0.0311693462469733,0.00779,-0.0027));
#4318=CARTESIAN_POINT('',(0.0310670702179177,0.00779,-0.0027));
#4319=CARTESIAN_POINT('',(0.0311641162227603,0.00779,-0.0033667312348668));
#4320=CARTESIAN_POINT('',(0.0311641162227603,0.0078,-0.0033667312348668));
#4321=CARTESIAN_POINT('',(0.0311716482732254,0.00779,-0.00331777290684335));
#4322=CARTESIAN_POINT('',(0.0311716482732254,0.0078,-0.00331777290684335));
#4323=CARTESIAN_POINT('',(0.0311681952338472,0.00779,-0.00304702960791808));
#4324=CARTESIAN_POINT('',(0.0311681952338472,0.0078,-0.00304702960791808));
#4325=CARTESIAN_POINT('',(0.0311693462469733,0.00779,-0.00281925746569813));
#4326=CARTESIAN_POINT('',(0.0311693462469733,0.0078,-0.00281925746569813));
#4327=CARTESIAN_POINT('',(0.0311693462469733,0.00779,-0.0027));
#4328=CARTESIAN_POINT('',(0.0311693462469733,0.0078,-0.0027));
#4329=CARTESIAN_POINT('',(0.0311641162227603,0.0078,-0.0033667312348668));
#4330=CARTESIAN_POINT('',(0.031167602905569,0.0078,-0.00334406779661014));
#4331=CARTESIAN_POINT('',(0.0311693462469733,0.0078,-0.00330513317191281));
#4332=CARTESIAN_POINT('',(0.0311693462469733,0.0078,-0.00306661824051652));
#4333=CARTESIAN_POINT('',(0.0311693462469733,0.0078,-0.00288330912025825));
#4334=CARTESIAN_POINT('',(0.0311693462469733,0.0078,-0.0027));
#4335=CARTESIAN_POINT('',(0.0311641164170289,0.0078,-0.00336673106819926));
#4336=CARTESIAN_POINT('',(0.0311641162227603,0.00779,-0.0033667312348668));
#4337=CARTESIAN_POINT('',(0.0311662469733656,0.00779,-0.0033667312348668));
#4338=CARTESIAN_POINT('',(0.0391,0.0078,-0.0033667312348668));
#4339=CARTESIAN_POINT('',(0.0311659831011513,0.0078,-0.0033667312348668));
#4340=CARTESIAN_POINT('',(0.0311659831011513,0.00779,-0.0033667312348668));
#4341=CARTESIAN_POINT('',(0.0317073129522571,0.00779,-0.00365620608580073));
#4342=CARTESIAN_POINT('',(0.0317073129522571,0.0078,-0.00365620608580073));
#4343=CARTESIAN_POINT('',(0.031199235208955,0.0078,-0.0033115650741092));
#4344=CARTESIAN_POINT('',(0.0311991767554479,0.00779000025,-0.00331152542372882));
#4345=CARTESIAN_POINT('',(0.0311991767554479,0.0077933335,-0.00331152542372882));
#4346=CARTESIAN_POINT('',(0.0311991767554479,0.00779666675,-0.00331152542372882));
#4347=CARTESIAN_POINT('',(0.0311991767554479,0.0078,-0.00331152542372882));
#4348=CARTESIAN_POINT('',(0.0315906537530266,0.00779,-0.0027));
#4349=CARTESIAN_POINT('',(0.0335918766399581,0.0078,0.000426106211797531));
#4350=CARTESIAN_POINT('',(0.0315906538442249,0.0078,-0.00270000016666664));
#4351=CARTESIAN_POINT('',(0.0315906537530266,0.00779,-0.0027));
#4352=CARTESIAN_POINT('',(0.0317204358353511,0.00779,-0.0027));
#4353=CARTESIAN_POINT('',(0.0391,0.0078,-0.0027));
#4354=CARTESIAN_POINT('',(0.0317204356686844,0.0078,-0.00270000016666665));
#4355=CARTESIAN_POINT('',(0.0317204358353511,0.00779,-0.0027));
#4356=CARTESIAN_POINT('',(0.0317204358353511,0.00779,-0.0035));
#4357=CARTESIAN_POINT('',(0.0317204358353511,0.0078,-0.0031));
#4358=CARTESIAN_POINT('',(0.0317204356686844,0.0078,-0.00349999983333331));
#4359=CARTESIAN_POINT('',(0.0317204358353511,0.00779,-0.0035));
#4360=CARTESIAN_POINT('',(0.0397,0.001,-0.0035));
#4361=CARTESIAN_POINT('',(0.0391,0.0078,-0.0035));
#4362=CARTESIAN_POINT('',(0.0316181599729651,0.0078,-0.00349999983333331));
#4363=CARTESIAN_POINT('',(0.0316181598062954,0.00779,-0.0035));
#4364=CARTESIAN_POINT('',(0.0316222276029055,0.00779,-0.00282552058111378));
#4365=CARTESIAN_POINT('',(0.0316222276029055,0.0078,-0.00282552058111378));
#4366=CARTESIAN_POINT('',(0.0316163920039006,0.00779,-0.00286386880314685));
#4367=CARTESIAN_POINT('',(0.0316163920039006,0.0078,-0.00286386880314685));
#4368=CARTESIAN_POINT('',(0.0316190437074928,0.00779,-0.00314634647009723));
#4369=CARTESIAN_POINT('',(0.0316190437074928,0.0078,-0.00314634647009723));
#4370=CARTESIAN_POINT('',(0.0316181598062954,0.00779,-0.00337786924939466));
#4371=CARTESIAN_POINT('',(0.0316181598062954,0.0078,-0.00337786924939466));
#4372=CARTESIAN_POINT('',(0.0316181598062954,0.00779,-0.0035));
#4373=CARTESIAN_POINT('',(0.0316181598062954,0.0078,-0.0035));
#4374=CARTESIAN_POINT('',(0.0316222276029055,0.0078,-0.00282552058111378));
#4375=CARTESIAN_POINT('',(0.0316195157384988,0.0078,-0.00284334140435833));
#4376=CARTESIAN_POINT('',(0.0316181598062954,0.0078,-0.00288072639225179));
#4377=CARTESIAN_POINT('',(0.0316181598062954,0.0078,-0.00312498789346244));
#4378=CARTESIAN_POINT('',(0.0316181598062954,0.0078,-0.00331249394673121));
#4379=CARTESIAN_POINT('',(0.0316181598062954,0.0078,-0.0035));
#4380=CARTESIAN_POINT('',(0.0316222276029055,0.0078,-0.00282552058111378));
#4381=CARTESIAN_POINT('',(0.0316222276029055,0.00779,-0.00282552058111378));
#4382=CARTESIAN_POINT('',(0.0316191283292978,0.00779,-0.00282552058111378));
#4383=CARTESIAN_POINT('',(0.0391,0.0078,-0.00282552058111378));
#4384=CARTESIAN_POINT('',(0.0316191655040932,0.0078,-0.00282552058111378));
#4385=CARTESIAN_POINT('',(0.0316191655040932,0.00779,-0.00282552058111378));
#4386=CARTESIAN_POINT('',(0.0313217560255043,0.00779,-0.00270243295375466));
#4387=CARTESIAN_POINT('',(0.0313217560255043,0.0078,-0.00270243295375466));
#4388=CARTESIAN_POINT('',(0.0315918013772329,0.0078,-0.00287761764508147));
#4389=CARTESIAN_POINT('',(0.0315918159806295,0.00779000025,-0.00287762711864408));
#4390=CARTESIAN_POINT('',(0.0315918159806295,0.0077933335,-0.00287762711864408));
#4391=CARTESIAN_POINT('',(0.0315918159806295,0.00779666675,-0.00287762711864408));
#4392=CARTESIAN_POINT('',(0.0315918159806295,0.0078,-0.00287762711864408));
#4393=CARTESIAN_POINT('',(0.0311894915254237,0.00779,-0.0035));
#4394=CARTESIAN_POINT('',(0.033703256860612,0.0078,0.000388650949427036));
#4395=CARTESIAN_POINT('',(0.0311894914347052,0.0078,-0.0034999998333333));
#4396=CARTESIAN_POINT('',(0.0311894915254237,0.00779,-0.0035));
#4397=CARTESIAN_POINT('',(0.0397,0.001,-0.0035));
#4398=CARTESIAN_POINT('',(0.0391,0.0078,-0.0035));
#4399=CARTESIAN_POINT('',(0.0310670703845842,0.0078,-0.0034999998333333));
#4400=CARTESIAN_POINT('',(0.0310670702179176,0.00779,-0.0035));
#4401=CARTESIAN_POINT('',(0.0310670702179177,0.00779,-0.0027));
#4402=CARTESIAN_POINT('',(0.0310670702179177,0.0078,-0.0031));
#4403=CARTESIAN_POINT('',(0.033085,0.0076,-0.0031));
#4404=CARTESIAN_POINT('',(0.033085,0.0076,-0.004385));
#4405=CARTESIAN_POINT('',(0.033085,0.0078,-0.004385));
#4406=CARTESIAN_POINT('',(0.033085,0.0078,-0.0031));
#4407=CARTESIAN_POINT('',(0.033085,0.0078,-0.001815));
#4408=CARTESIAN_POINT('',(0.033085,0.0076,-0.001815));
#4409=CARTESIAN_POINT('',(0.033085,0.0076,-0.001815));
#4410=CARTESIAN_POINT('',(0.039115,0.0076,-0.001815));
#4411=CARTESIAN_POINT('',(0.039115,0.0078,-0.001815));
#4412=CARTESIAN_POINT('',(0.0391,0.0078,-0.001815));
#4413=CARTESIAN_POINT('',(0.039115,0.0076,-0.004385));
#4414=CARTESIAN_POINT('',(0.039115,0.0076,-0.004385));
#4415=CARTESIAN_POINT('',(0.039115,0.0078,-0.004385));
#4416=CARTESIAN_POINT('',(0.0391,0.0078,-0.004385));
#4417=CARTESIAN_POINT('',(0.039115,0.0076,-0.0031));
#4418=CARTESIAN_POINT('',(0.039115,0.0078,-0.0031));
#4419=CARTESIAN_POINT('',(0.0391,0.0076,-0.0008));
#4420=CARTESIAN_POINT('',(0.0331,0.0076,-0.0008));
#4421=CARTESIAN_POINT('',(0.0331,0.0078,-0.0008));
#4422=CARTESIAN_POINT('',(0.0331,0.0076,-0.0006));
#4423=CARTESIAN_POINT('',(0.0331,0.0076,-0.0006));
#4424=CARTESIAN_POINT('',(0.0391,0.0076,-0.0006));
#4425=CARTESIAN_POINT('',(0.0391,0.0076,-0.0008));
#4426=CARTESIAN_POINT('',(0.0391,0.0078,-0.0008));
#4427=CARTESIAN_POINT('',(0.0391,0.0078,-0.0008));
#4428=CARTESIAN_POINT('',(0.0391,0.0076,-0.0031));
#4429=CARTESIAN_POINT('',(0.0391,0.0076,-0.0054));
#4430=CARTESIAN_POINT('',(0.0391,0.0076,-0.0056));
#4431=CARTESIAN_POINT('',(0.0391,0.0078,-0.0054));
#4432=CARTESIAN_POINT('',(0.0391,0.0078,-0.0031));
#4433=CARTESIAN_POINT('',(0.0391,0.0076,-0.0031));
#4434=CARTESIAN_POINT('',(0.0331,0.0076,-0.0031));
#4435=CARTESIAN_POINT('',(0.0331,0.0076,-0.0054));
#4436=CARTESIAN_POINT('',(0.0331,0.0078,-0.0054));
#4437=CARTESIAN_POINT('',(0.0331,0.0076,-0.0056));
#4438=CARTESIAN_POINT('',(0.0331,0.0076,-0.0031));
#4439=CARTESIAN_POINT('',(0.0331,0.0078,-0.0031));
#4440=CARTESIAN_POINT('',(0.0391,0.0076,-0.0054));
#4441=CARTESIAN_POINT('',(0.0391,0.0076,-0.0056));
#4442=CARTESIAN_POINT('',(0.0331,0.0078,-0.0054));
#4443=CARTESIAN_POINT('',(0.0331,0.0078,-0.0031));
#4444=CARTESIAN_POINT('',(0.0331,0.007,-0.0031));
#4445=CARTESIAN_POINT('',(0.0331,0.007,-0.0006));
#4446=CARTESIAN_POINT('',(0.0331,0.007,-0.0056));
#4447=CARTESIAN_POINT('',(0.0331,0.0078,-0.0006));
#4448=CARTESIAN_POINT('',(0.0331,0.0078,-0.0056));
#4449=CARTESIAN_POINT('',(0.0391,0.0078,-0.0056));
#4450=CARTESIAN_POINT('',(0.0361,0.007,-0.0056));
#4451=CARTESIAN_POINT('',(0.0391,0.007,-0.0056));
#4452=CARTESIAN_POINT('',(0.0391,0.0078,-0.0056));
#4453=CARTESIAN_POINT('',(0.0391,0.0078,-0.0031));
#4454=CARTESIAN_POINT('',(0.0391,0.007,-0.0031));
#4455=CARTESIAN_POINT('',(0.0391,0.007,-0.0006));
#4456=CARTESIAN_POINT('',(0.0391,0.0078,-0.0006));
#4457=CARTESIAN_POINT('',(0.0331,0.0078,-0.0006));
#4458=CARTESIAN_POINT('',(0.0361,0.007,-0.0006));
#4459=CARTESIAN_POINT('',(0.0391,0.0078,-0.0031));
#4460=CARTESIAN_POINT('',(0.0376,0.0003,-0.0038));
#4461=CARTESIAN_POINT('',(0.0376,0.0003,-0.00662));
#4462=CARTESIAN_POINT('',(0.0376,0.,-0.00662));
#4463=CARTESIAN_POINT('',(0.03789,0.000376811457478685,-0.0038));
#4464=CARTESIAN_POINT('',(0.03789,0.000376811457478689,-0.0041));
#4465=CARTESIAN_POINT('',(0.03789,0.000376811457478687,-0.0038));
#4466=CARTESIAN_POINT('',(0.0376,0.0003,-0.0041));
#4467=CARTESIAN_POINT('',(0.03789,0.000223188542521311,-0.0041));
#4468=CARTESIAN_POINT('',(0.03789,0.000223188542521315,-0.0038));
#4469=CARTESIAN_POINT('',(0.03789,0.000223188542521313,-0.0038));
#4470=CARTESIAN_POINT('',(0.0376,0.0003,-0.0038));
#4471=CARTESIAN_POINT('',(0.03731,0.000223188542521309,-0.0038));
#4472=CARTESIAN_POINT('',(0.03731,0.000223188542521309,-0.0038));
#4473=CARTESIAN_POINT('',(0.03731,0.000223188542521309,-0.0041));
#4474=CARTESIAN_POINT('',(0.0376,0.0003,-0.0041));
#4475=CARTESIAN_POINT('',(0.03731,0.000376811457478691,-0.0041));
#4476=CARTESIAN_POINT('',(0.03731,0.000376811457478691,-0.0038));
#4477=CARTESIAN_POINT('',(0.03731,0.000376811457478691,-0.0038));
#4478=CARTESIAN_POINT('',(0.0376,0.0003,-0.0038));
#4479=CARTESIAN_POINT('',(0.0375231885425213,0.00059,-0.0038));
#4480=CARTESIAN_POINT('',(0.0375231885425213,0.00059,-0.0038));
#4481=CARTESIAN_POINT('',(0.0375231885425213,0.00059,-0.0041));
#4482=CARTESIAN_POINT('',(0.0376,0.0003,-0.0041));
#4483=CARTESIAN_POINT('',(0.0376768114574787,0.00059,-0.0041));
#4484=CARTESIAN_POINT('',(0.0376768114574787,0.00059,-0.0038));
#4485=CARTESIAN_POINT('',(0.0376768114574787,0.00059,-0.0038));
#4486=CARTESIAN_POINT('',(0.0376,0.0003,-0.0038));
#4487=CARTESIAN_POINT('',(0.0376,0.001,-0.0038));
#4488=CARTESIAN_POINT('',(0.0376,0.001,-0.0031));
#4489=CARTESIAN_POINT('',(0.0376,0.001,-0.0028));
#4490=CARTESIAN_POINT('',(0.03789,0.001,-0.0038));
#4491=CARTESIAN_POINT('',(0.03789,0.000283455486051173,-0.0035));
#4492=CARTESIAN_POINT('',(0.03789,0.000283455486051172,-0.0035));
#4493=CARTESIAN_POINT('',(0.0379037100478914,0.000339571060250327,-0.0035));
#4494=CARTESIAN_POINT('',(0.0379030488345726,0.000397566031000702,-0.0035));
#4495=CARTESIAN_POINT('',(0.0378899999999973,0.000453772978041784,-0.0035));
#4496=CARTESIAN_POINT('',(0.0378899999999987,0.000453772978036062,-0.0035));
#4497=CARTESIAN_POINT('',(0.03789,0.001,-0.0038));
#4498=CARTESIAN_POINT('',(0.0378305419800343,0.00059,-0.00350000000004924));
#4499=CARTESIAN_POINT('',(0.0378055340268812,0.00059,-0.00355086040775399));
#4500=CARTESIAN_POINT('',(0.03774989424046,0.00059,-0.00364689441333055));
#4501=CARTESIAN_POINT('',(0.0376768114574787,0.00059,-0.00374281417503487));
#4502=CARTESIAN_POINT('',(0.0376768114574787,0.00059,-0.0038));
#4503=CARTESIAN_POINT('',(0.0378305419800326,0.000590000000020609,-0.00350000000002462));
#4504=CARTESIAN_POINT('',(0.0378305419800309,0.000590000000041219,-0.0035));
#4505=CARTESIAN_POINT('',(0.037777528300763,0.000668890922520383,-0.0035));
#4506=CARTESIAN_POINT('',(0.0375998010198286,0.000801972927951964,-0.0035));
#4507=CARTESIAN_POINT('',(0.0374224526585434,0.000668862587609532,-0.0035));
#4508=CARTESIAN_POINT('',(0.037369458019969,0.000590000000041038,-0.0035));
#4509=CARTESIAN_POINT('',(0.0373694580199792,0.000590000000022572,-0.0035));
#4510=CARTESIAN_POINT('',(0.0375231885425213,0.00059,-0.0038));
#4511=CARTESIAN_POINT('',(0.0375231885425213,0.00059,-0.00374232867797393));
#4512=CARTESIAN_POINT('',(0.0374500143895964,0.00059,-0.00364700007978296));
#4513=CARTESIAN_POINT('',(0.0373944312267485,0.00059,-0.00355078974165204));
#4514=CARTESIAN_POINT('',(0.0373694580199673,0.00059,-0.00350000000005264));
#4515=CARTESIAN_POINT('',(0.03731,0.001,-0.0038));
#4516=CARTESIAN_POINT('',(0.03731,0.000453772978029567,-0.0035));
#4517=CARTESIAN_POINT('',(0.03731,0.000453772978028785,-0.0035));
#4518=CARTESIAN_POINT('',(0.0372969601049877,0.000397604537524234,-0.0035));
#4519=CARTESIAN_POINT('',(0.0372963003918558,0.000339528330099675,-0.0035));
#4520=CARTESIAN_POINT('',(0.03731,0.000283455486051162,-0.0035));
#4521=CARTESIAN_POINT('',(0.03731,0.000283455486051164,-0.0035));
#4522=CARTESIAN_POINT('',(0.03731,0.001,-0.0038));
#4523=CARTESIAN_POINT('',(0.0376,0.0003,-0.00662));
#4524=CARTESIAN_POINT('',(0.0376,0.0003,-0.0067));
#4525=CARTESIAN_POINT('',(0.0376,8.E-5,-0.0067));
#4526=CARTESIAN_POINT('',(0.0331,0.0003,-0.0067));
#4527=CARTESIAN_POINT('',(0.0331,0.001,-0.0038));
#4528=CARTESIAN_POINT('',(0.0331,0.0003,-0.0038));
#4529=CARTESIAN_POINT('',(0.03281,0.000223188542521318,-0.0038));
#4530=CARTESIAN_POINT('',(0.03339,0.000223188542521312,-0.0038));
#4531=CARTESIAN_POINT('',(0.03339,0.001,-0.0038));
#4532=CARTESIAN_POINT('',(0.03339,0.000283455486051172,-0.0035));
#4533=CARTESIAN_POINT('',(0.03339,0.000283455486051171,-0.0035));
#4534=CARTESIAN_POINT('',(0.033403710047891,0.000339571060248405,-0.0035));
#4535=CARTESIAN_POINT('',(0.0334030488345731,0.000397566030990797,-0.0035));
#4536=CARTESIAN_POINT('',(0.03339,0.000453772978030344,-0.0035));
#4537=CARTESIAN_POINT('',(0.03339,0.000453772978030343,-0.0035));
#4538=CARTESIAN_POINT('',(0.03339,0.001,-0.0038));
#4539=CARTESIAN_POINT('',(0.03339,0.000376811457478688,-0.0038));
#4540=CARTESIAN_POINT('',(0.0331,0.0003,-0.0038));
#4541=CARTESIAN_POINT('',(0.0331768114574787,0.00059,-0.0038));
#4542=CARTESIAN_POINT('',(0.0333305419800585,0.00059,-0.00350000000000022));
#4543=CARTESIAN_POINT('',(0.0333055340269029,0.00059,-0.00355086040771771));
#4544=CARTESIAN_POINT('',(0.0332498942404894,0.00059,-0.00364689441329132));
#4545=CARTESIAN_POINT('',(0.0331768114574787,0.00059,-0.00374281417502227));
#4546=CARTESIAN_POINT('',(0.0331768114574787,0.00059,-0.0038));
#4547=CARTESIAN_POINT('',(0.0333305419800584,0.000590000000000125,-0.00350000000000011));
#4548=CARTESIAN_POINT('',(0.0333305419800584,0.00059000000000025,-0.0035));
#4549=CARTESIAN_POINT('',(0.0332775283007896,0.00066889092250109,-0.0035));
#4550=CARTESIAN_POINT('',(0.0330998010198497,0.000801972927971416,-0.0035));
#4551=CARTESIAN_POINT('',(0.0329224526585167,0.000668862587589946,-0.0035));
#4552=CARTESIAN_POINT('',(0.0328694580199415,0.000590000000000012,-0.0035));
#4553=CARTESIAN_POINT('',(0.0328694580199415,0.00059,-0.0035));
#4554=CARTESIAN_POINT('',(0.0330231885425213,0.00059,-0.0038));
#4555=CARTESIAN_POINT('',(0.0330231885425213,0.00059,-0.00374232867797082));
#4556=CARTESIAN_POINT('',(0.0329500143896005,0.00059,-0.00364700007979307));
#4557=CARTESIAN_POINT('',(0.0328944312267207,0.00059,-0.00355078974160383));
#4558=CARTESIAN_POINT('',(0.0328694580199414,0.00059,-0.00350000000000005));
#4559=CARTESIAN_POINT('',(0.0330231885425213,0.00059,-0.0038));
#4560=CARTESIAN_POINT('',(0.0331,0.0003,-0.0038));
#4561=CARTESIAN_POINT('',(0.03281,0.000376811457478682,-0.0038));
#4562=CARTESIAN_POINT('',(0.03281,0.001,-0.0038));
#4563=CARTESIAN_POINT('',(0.03281,0.000453772978030347,-0.0035));
#4564=CARTESIAN_POINT('',(0.03281,0.000453772978030346,-0.0035));
#4565=CARTESIAN_POINT('',(0.0327969601049873,0.000397604537525042,-0.0035));
#4566=CARTESIAN_POINT('',(0.0327963003918556,0.000339528330100426,-0.0035));
#4567=CARTESIAN_POINT('',(0.03281,0.000283455486051164,-0.0035));
#4568=CARTESIAN_POINT('',(0.03281,0.000283455486051166,-0.0035));
#4569=CARTESIAN_POINT('',(0.03281,0.001,-0.0038));
#4570=CARTESIAN_POINT('',(0.0331,0.001,-0.0031));
#4571=CARTESIAN_POINT('',(0.0331,0.001,-0.0028));
#4572=CARTESIAN_POINT('',(0.0331,0.0003,-0.0038));
#4573=CARTESIAN_POINT('',(0.0331,0.0003,-0.00662));
#4574=CARTESIAN_POINT('',(0.0331,0.,-0.00662));
#4575=CARTESIAN_POINT('',(0.03339,0.000376811457478686,-0.0038));
#4576=CARTESIAN_POINT('',(0.03339,0.00037681145747869,-0.0041));
#4577=CARTESIAN_POINT('',(0.0331,0.0003,-0.0041));
#4578=CARTESIAN_POINT('',(0.03339,0.000223188542521312,-0.0041));
#4579=CARTESIAN_POINT('',(0.03339,0.000223188542521314,-0.0038));
#4580=CARTESIAN_POINT('',(0.03281,0.00022318854252131,-0.0038));
#4581=CARTESIAN_POINT('',(0.03281,0.000223188542521327,-0.0041));
#4582=CARTESIAN_POINT('',(0.0331,0.0003,-0.0041));
#4583=CARTESIAN_POINT('',(0.03281,0.000376811457478678,-0.0041));
#4584=CARTESIAN_POINT('',(0.03281,0.00037681145747869,-0.0038));
#4585=CARTESIAN_POINT('',(0.0330231885425213,0.00059,-0.0038));
#4586=CARTESIAN_POINT('',(0.0330231885425213,0.00059,-0.0041));
#4587=CARTESIAN_POINT('',(0.0331,0.0003,-0.0041));
#4588=CARTESIAN_POINT('',(0.0331768114574787,0.00059,-0.0041));
#4589=CARTESIAN_POINT('',(0.0331768114574787,0.00059,-0.0038));
#4590=CARTESIAN_POINT('',(0.0331,0.0003,-0.00662));
#4591=CARTESIAN_POINT('',(0.0331,0.0003,-0.0067));
#4592=CARTESIAN_POINT('',(0.0331,8.E-5,-0.0067));
#4593=CARTESIAN_POINT('',(0.0331,0.0003,-0.0067));
#4594=CARTESIAN_POINT('',(0.0391,0.0003,-0.0038));
#4595=CARTESIAN_POINT('',(0.0391,0.0003,-0.00662));
#4596=CARTESIAN_POINT('',(0.0391,0.,-0.00662));
#4597=CARTESIAN_POINT('',(0.03881,0.000223188542521315,-0.0038));
#4598=CARTESIAN_POINT('',(0.03881,0.000223188542521311,-0.0041));
#4599=CARTESIAN_POINT('',(0.03881,0.000223188542521313,-0.0038));
#4600=CARTESIAN_POINT('',(0.0391,0.0003,-0.0041));
#4601=CARTESIAN_POINT('',(0.03881,0.000376811457478689,-0.0041));
#4602=CARTESIAN_POINT('',(0.03881,0.000376811457478685,-0.0038));
#4603=CARTESIAN_POINT('',(0.03881,0.000376811457478687,-0.0038));
#4604=CARTESIAN_POINT('',(0.0391,0.0003,-0.0038));
#4605=CARTESIAN_POINT('',(0.0390231885425213,0.00059,-0.0038));
#4606=CARTESIAN_POINT('',(0.0390231885425213,0.00059,-0.0038));
#4607=CARTESIAN_POINT('',(0.0390231885425213,0.00059,-0.0041));
#4608=CARTESIAN_POINT('',(0.0391,0.0003,-0.0041));
#4609=CARTESIAN_POINT('',(0.0391768114574787,0.00059,-0.0041));
#4610=CARTESIAN_POINT('',(0.0391768114574787,0.00059,-0.0038));
#4611=CARTESIAN_POINT('',(0.0391768114574787,0.00059,-0.0038));
#4612=CARTESIAN_POINT('',(0.0391,0.0003,-0.0038));
#4613=CARTESIAN_POINT('',(0.03939,0.000376811457478691,-0.0038));
#4614=CARTESIAN_POINT('',(0.03939,0.000376811457478691,-0.0038));
#4615=CARTESIAN_POINT('',(0.03939,0.000376811457478691,-0.0041));
#4616=CARTESIAN_POINT('',(0.0391,0.0003,-0.0041));
#4617=CARTESIAN_POINT('',(0.03939,0.000223188542521309,-0.0041));
#4618=CARTESIAN_POINT('',(0.03939,0.000223188542521309,-0.0038));
#4619=CARTESIAN_POINT('',(0.03939,0.000223188542521309,-0.0038));
#4620=CARTESIAN_POINT('',(0.0391,0.0003,-0.0038));
#4621=CARTESIAN_POINT('',(0.0391,0.001,-0.0038));
#4622=CARTESIAN_POINT('',(0.0391,0.001,-0.0031));
#4623=CARTESIAN_POINT('',(0.0391,0.001,-0.0028));
#4624=CARTESIAN_POINT('',(0.03939,0.001,-0.0038));
#4625=CARTESIAN_POINT('',(0.03939,0.000283455486051166,-0.0035));
#4626=CARTESIAN_POINT('',(0.03939,0.000283455486051166,-0.0035));
#4627=CARTESIAN_POINT('',(0.0394037100478914,0.000339571060250326,-0.0035));
#4628=CARTESIAN_POINT('',(0.0394030488345726,0.000397566031000704,-0.0035));
#4629=CARTESIAN_POINT('',(0.0393899999999974,0.00045377297804179,-0.0035));
#4630=CARTESIAN_POINT('',(0.0393899999999987,0.000453772978036069,-0.0035));
#4631=CARTESIAN_POINT('',(0.03939,0.001,-0.0038));
#4632=CARTESIAN_POINT('',(0.0393305419800343,0.00059,-0.00350000000004924));
#4633=CARTESIAN_POINT('',(0.0393055340268813,0.00059,-0.00355086040775399));
#4634=CARTESIAN_POINT('',(0.03924989424046,0.00059,-0.00364689441333055));
#4635=CARTESIAN_POINT('',(0.0391768114574787,0.00059,-0.00374281417503487));
#4636=CARTESIAN_POINT('',(0.0391768114574787,0.00059,-0.0038));
#4637=CARTESIAN_POINT('',(0.0393305419800326,0.000590000000020609,-0.00350000000002462));
#4638=CARTESIAN_POINT('',(0.0393305419800309,0.000590000000041219,-0.0035));
#4639=CARTESIAN_POINT('',(0.039277528300763,0.000668890922520383,-0.0035));
#4640=CARTESIAN_POINT('',(0.0390998010198286,0.000801972927951965,-0.0035));
#4641=CARTESIAN_POINT('',(0.0389224526585434,0.000668862587609532,-0.0035));
#4642=CARTESIAN_POINT('',(0.038869458019969,0.000590000000041038,-0.0035));
#4643=CARTESIAN_POINT('',(0.0388694580199792,0.000590000000022572,-0.0035));
#4644=CARTESIAN_POINT('',(0.0390231885425213,0.00059,-0.0038));
#4645=CARTESIAN_POINT('',(0.0390231885425213,0.00059,-0.00374232867797393));
#4646=CARTESIAN_POINT('',(0.0389500143895964,0.00059,-0.00364700007978296));
#4647=CARTESIAN_POINT('',(0.0388944312267485,0.00059,-0.00355078974165204));
#4648=CARTESIAN_POINT('',(0.0388694580199673,0.00059,-0.00350000000005264));
#4649=CARTESIAN_POINT('',(0.03881,0.001,-0.0038));
#4650=CARTESIAN_POINT('',(0.03881,0.00045377297802956,-0.0035));
#4651=CARTESIAN_POINT('',(0.03881,0.000453772978028779,-0.0035));
#4652=CARTESIAN_POINT('',(0.0387969601049876,0.000397604537524231,-0.0035));
#4653=CARTESIAN_POINT('',(0.0387963003918558,0.000339528330099678,-0.0035));
#4654=CARTESIAN_POINT('',(0.03881,0.000283455486051168,-0.0035));
#4655=CARTESIAN_POINT('',(0.03881,0.000283455486051171,-0.0035));
#4656=CARTESIAN_POINT('',(0.03881,0.001,-0.0038));
#4657=CARTESIAN_POINT('',(0.0391,0.0003,-0.00662));
#4658=CARTESIAN_POINT('',(0.0391,0.0003,-0.0067));
#4659=CARTESIAN_POINT('',(0.0391,8.E-5,-0.0067));
#4660=CARTESIAN_POINT('',(0.0331,0.0003,-0.0067));
#4661=CARTESIAN_POINT('',(0.0413,-0.0012,-0.0031));
#4662=CARTESIAN_POINT('',(0.0413,-0.0012,-0.0031));
#4663=CARTESIAN_POINT('',(0.04065,-0.0012,-0.0031));
#4664=CARTESIAN_POINT('',(0.0413,-0.0011,-0.0031));
#4665=CARTESIAN_POINT('',(0.04055,-0.0011,-0.0031));
#4666=CARTESIAN_POINT('',(0.0413,-0.0012,-0.0031));
#4667=CARTESIAN_POINT('',(0.0413,-0.0012,-0.0031));
#4668=CARTESIAN_POINT('',(0.0413,0.,-0.0031));
#4669=CARTESIAN_POINT('',(0.0413,0.,-0.00385));
#4670=CARTESIAN_POINT('',(0.0315,0.0015,-0.0063));
#4671=CARTESIAN_POINT('',(0.0315,0.0015,-0.0063));
#4672=CARTESIAN_POINT('',(0.0315,0.00215,-0.0063));
#4673=CARTESIAN_POINT('',(0.0315,0.0015,-0.0062));
#4674=CARTESIAN_POINT('',(0.0315,0.00225,-0.0062));
#4675=CARTESIAN_POINT('',(0.0407,0.0015,-0.0063));
#4676=CARTESIAN_POINT('',(0.0407,0.0015,-0.0063));
#4677=CARTESIAN_POINT('',(0.0407,0.00215,-0.0063));
#4678=CARTESIAN_POINT('',(0.0407,0.0015,-0.0062));
#4679=CARTESIAN_POINT('',(0.0407,0.00225,-0.0062));
#4680=CARTESIAN_POINT('',(0.0315,0.0015,-0.0063));
#4681=CARTESIAN_POINT('',(0.0407,0.0015,-0.0063));
#4682=CARTESIAN_POINT('',(0.0407,0.0015,-0.0049));
#4683=CARTESIAN_POINT('',(0.0407,0.00075,-0.0049));
#4684=CARTESIAN_POINT('',(0.0315,0.0015,-0.0063));
#4685=CARTESIAN_POINT('',(0.0315,0.0015,-0.0063));
#4686=CARTESIAN_POINT('',(0.0315,0.0015,-0.0049));
#4687=CARTESIAN_POINT('',(0.0315,0.00075,-0.0049));
#4688=CARTESIAN_POINT('',(0.0422,0.0043,-0.0049));
#4689=CARTESIAN_POINT('',(0.0361,0.0043,-0.00622356254303505));
#4690=CARTESIAN_POINT('',(0.0393,0.0043,-0.00622356254303505));
#4691=CARTESIAN_POINT('',(0.0329,0.0043,-0.00622356254303505));
#4692=CARTESIAN_POINT('',(0.0393,0.0043,-0.0033));
#4693=CARTESIAN_POINT('',(0.0417468792252658,0.0043,-0.0049));
#4694=CARTESIAN_POINT('',(0.0422,0.0043,-0.0049));
#4695=CARTESIAN_POINT('',(0.0304531207747342,0.0043,-0.0049));
#4696=CARTESIAN_POINT('',(0.0329,0.0043,-0.0033));
#4697=CARTESIAN_POINT('',(0.0334,0.00059,-0.0035));
#4698=CARTESIAN_POINT('',(0.0334,0.00059,-0.0035));
#4699=CARTESIAN_POINT('',(0.03281,0.00059,-0.0035));
#4700=CARTESIAN_POINT('',(0.03281,0.00059,-0.0041));
#4701=CARTESIAN_POINT('',(0.03281,0.00059,-0.0041));
#4702=CARTESIAN_POINT('',(0.0334,0.00059,-0.0041));
#4703=CARTESIAN_POINT('',(0.03281,0.0006,-0.0041));
#4704=CARTESIAN_POINT('',(0.03281,0.001,-0.0041));
#4705=CARTESIAN_POINT('',(0.03281,0.0006,-0.0035));
#4706=CARTESIAN_POINT('',(0.03339,0.0006,-0.0035));
#4707=CARTESIAN_POINT('',(0.03339,0.0006,-0.0041));
#4708=CARTESIAN_POINT('',(0.03339,0.,-0.0041));
#4709=CARTESIAN_POINT('',(0.03339,0.,-0.0031));
#4710=CARTESIAN_POINT('',(0.03339,0.,-0.0035));
#4711=CARTESIAN_POINT('',(0.03339,0.001,-0.0035));
#4712=CARTESIAN_POINT('',(0.0397,0.001,-0.0027));
#4713=CARTESIAN_POINT('',(0.0397,0.001,0.));
#4714=CARTESIAN_POINT('',(0.0397,0.001,1.63304204887247E-5));
#4715=CARTESIAN_POINT('',(0.0397,0.001,-0.0035));
#4716=CARTESIAN_POINT('',(0.0397,0.001,-0.0035));
#4717=CARTESIAN_POINT('',(0.0397,0.,-0.0035));
#4718=CARTESIAN_POINT('',(0.0397,0.,-0.0027));
#4719=CARTESIAN_POINT('',(0.0397,0.,7.52160168907522E-6));
#4720=CARTESIAN_POINT('',(0.0397,0.0005,1.19260110889E-5));
#4721=CARTESIAN_POINT('',(0.0325,0.001,-0.0027));
#4722=CARTESIAN_POINT('',(0.0325,0.,-0.0027));
#4723=CARTESIAN_POINT('',(0.0325,0.,-0.0035));
#4724=CARTESIAN_POINT('',(0.0325,0.,7.52160168907478E-6));
#4725=CARTESIAN_POINT('',(0.0325,0.001,-0.0035));
#4726=CARTESIAN_POINT('',(0.0325,0.001,-0.0035));
#4727=CARTESIAN_POINT('',(0.0325,0.001,-0.0035));
#4728=CARTESIAN_POINT('',(0.0325,0.001,1.63304204887252E-5));
#4729=CARTESIAN_POINT('',(0.0325,0.0005,1.19260110889E-5));
#4730=CARTESIAN_POINT('',(0.0325,0.001,0.));
#4731=CARTESIAN_POINT('',(0.0329,0.001,-0.0029));
#4732=CARTESIAN_POINT('',(0.0329,0.001,4.36343389537934E-5));
#4733=CARTESIAN_POINT('',(0.0397,0.001,-0.0035));
#4734=CARTESIAN_POINT('',(0.0393,0.001,-0.0029));
#4735=CARTESIAN_POINT('',(0.0393,0.001,4.36343389537934E-5));
#4736=CARTESIAN_POINT('',(0.0325,0.001,4.36343389537934E-5));
#4737=CARTESIAN_POINT('',(0.0325,0.001,0.));
#4738=CARTESIAN_POINT('',(0.0325,0.001,-0.0062));
#4739=CARTESIAN_POINT('',(0.0325,0.001,-0.0049));
#4740=CARTESIAN_POINT('',(0.0325,0.001,-0.0041));
#4741=CARTESIAN_POINT('',(0.0325,0.001,-0.0049));
#4742=CARTESIAN_POINT('',(0.0397,0.001,-0.0049));
#4743=CARTESIAN_POINT('',(0.0397,0.001,-0.0041));
#4744=CARTESIAN_POINT('',(0.0397,0.001,-0.0041));
#4745=CARTESIAN_POINT('',(0.0325,0.001,-0.0041));
#4746=CARTESIAN_POINT('',(0.0397,0.001,-0.0027));
#4747=CARTESIAN_POINT('',(0.0397,0.001,-0.0049));
#4748=CARTESIAN_POINT('',(0.0397,-7.14488046747542E-19,-0.0049));
#4749=CARTESIAN_POINT('',(0.0397,0.,-0.0041));
#4750=CARTESIAN_POINT('',(0.0397,0.,-0.0041));
#4751=CARTESIAN_POINT('',(0.0397,0.001,-0.0041));
#4752=CARTESIAN_POINT('',(0.0325,0.001,-0.0027));
#4753=CARTESIAN_POINT('',(0.0325,0.001,-0.0049));
#4754=CARTESIAN_POINT('',(0.0325,-1.63282032096725E-19,-0.0049));
#4755=CARTESIAN_POINT('',(0.0325,0.001,-0.0041));
#4756=CARTESIAN_POINT('',(0.0325,0.,-0.0041));
#4757=CARTESIAN_POINT('',(0.0325,0.,-0.0062));
#4758=CARTESIAN_POINT('',(0.0422,0.007,-0.0031));
#4759=CARTESIAN_POINT('',(0.0422479977728492,0.0015,-0.0031));
#4760=CARTESIAN_POINT('',(0.0422479977728492,0.00149999999999835,-0.0033));
#4761=CARTESIAN_POINT('',(0.0422479977728492,0.00149999999999835,-0.0029));
#4762=CARTESIAN_POINT('',(0.0422,0.007,-0.0033));
#4763=CARTESIAN_POINT('',(0.0422,0.007,-0.0033));
#4764=CARTESIAN_POINT('',(0.0422,0.007,-0.0031));
#4765=CARTESIAN_POINT('',(0.0422,0.007,-0.0029));
#4766=CARTESIAN_POINT('',(0.0422,0.007,-0.0029));
#4767=CARTESIAN_POINT('',(0.03,0.007,-0.0031));
#4768=CARTESIAN_POINT('',(0.0299520022271508,0.0015,-0.0031));
#4769=CARTESIAN_POINT('',(0.0299520022271508,0.00150000000000111,-0.0029));
#4770=CARTESIAN_POINT('',(0.0299520022271508,0.00150000000000111,-0.0033));
#4771=CARTESIAN_POINT('',(0.03,0.007,-0.0029));
#4772=CARTESIAN_POINT('',(0.03,0.007,-0.0029));
#4773=CARTESIAN_POINT('',(0.03,0.007,-0.0031));
#4774=CARTESIAN_POINT('',(0.03,0.007,-0.0033));
#4775=CARTESIAN_POINT('',(0.03,0.007,-0.0033));
#4776=CARTESIAN_POINT('',(0.0361,0.007,0.));
#4777=CARTESIAN_POINT('',(0.0361,0.0015,4.79977728491733E-5));
#4778=CARTESIAN_POINT('',(0.0393,0.00150000000000111,4.79977728491731E-5));
#4779=CARTESIAN_POINT('',(0.0329,0.00150000000000111,4.79977728491731E-5));
#4780=CARTESIAN_POINT('',(0.0393,0.007,0.));
#4781=CARTESIAN_POINT('',(0.0393,0.007,0.));
#4782=CARTESIAN_POINT('',(0.0361,0.007,0.));
#4783=CARTESIAN_POINT('',(0.0329,0.007,0.));
#4784=CARTESIAN_POINT('',(0.0329,0.007,0.));
#4785=CARTESIAN_POINT('',(0.0393,0.007,-0.0029));
#4786=CARTESIAN_POINT('',(0.0393,0.00150000000000018,-0.0029));
#4787=CARTESIAN_POINT('',(0.0393,0.007,-0.0029));
#4788=CARTESIAN_POINT('',(0.0329,0.007,-0.0029));
#4789=CARTESIAN_POINT('',(0.0329,0.00150000000000018,-0.0029));
#4790=CARTESIAN_POINT('',(0.0329,0.007,-0.0029));
#4791=CARTESIAN_POINT('',(0.0397,0.001,-0.0035));
#4792=CARTESIAN_POINT('',(0.03489,0.001,-0.0035));
#4793=CARTESIAN_POINT('',(0.03489,0.,-0.0035));
#4794=CARTESIAN_POINT('',(0.0397,0.,-0.0035));
#4795=CARTESIAN_POINT('',(0.03581,0.,-0.0035));
#4796=CARTESIAN_POINT('',(0.03581,0.0006,-0.0035));
#4797=CARTESIAN_POINT('',(0.03581,0.00059,-0.0035));
#4798=CARTESIAN_POINT('',(0.0364,0.00059,-0.0035));
#4799=CARTESIAN_POINT('',(0.03639,0.00059,-0.0035));
#4800=CARTESIAN_POINT('',(0.03639,0.001,-0.0035));
#4801=CARTESIAN_POINT('',(0.03639,0.,-0.0035));
#4802=CARTESIAN_POINT('',(0.0397,0.,-0.0035));
#4803=CARTESIAN_POINT('',(0.03731,0.,-0.0035));
#4804=CARTESIAN_POINT('',(0.03731,0.0006,-0.0035));
#4805=CARTESIAN_POINT('',(0.03731,0.0006,-0.0035));
#4806=CARTESIAN_POINT('',(0.03731,0.00059,-0.0035));
#4807=CARTESIAN_POINT('',(0.0379,0.00059,-0.0035));
#4808=CARTESIAN_POINT('',(0.0379,0.00059,-0.0035));
#4809=CARTESIAN_POINT('',(0.03789,0.00059,-0.0035));
#4810=CARTESIAN_POINT('',(0.03789,0.001,-0.0035));
#4811=CARTESIAN_POINT('',(0.03789,0.001,-0.0035));
#4812=CARTESIAN_POINT('',(0.03789,0.,-0.0035));
#4813=CARTESIAN_POINT('',(0.0397,0.,-0.0035));
#4814=CARTESIAN_POINT('',(0.03881,0.,-0.0035));
#4815=CARTESIAN_POINT('',(0.03881,0.0006,-0.0035));
#4816=CARTESIAN_POINT('',(0.03881,0.0006,-0.0035));
#4817=CARTESIAN_POINT('',(0.03881,0.00059,-0.0035));
#4818=CARTESIAN_POINT('',(0.0394,0.00059,-0.0035));
#4819=CARTESIAN_POINT('',(0.0394,0.00059,-0.0035));
#4820=CARTESIAN_POINT('',(0.03939,0.00059,-0.0035));
#4821=CARTESIAN_POINT('',(0.03939,0.001,-0.0035));
#4822=CARTESIAN_POINT('',(0.03939,0.001,-0.0035));
#4823=CARTESIAN_POINT('',(0.03939,0.,-0.0035));
#4824=CARTESIAN_POINT('',(0.0397,0.,-0.0035));
#4825=CARTESIAN_POINT('',(0.0397,0.,-0.0035));
#4826=CARTESIAN_POINT('',(0.03281,0.,-0.0035));
#4827=CARTESIAN_POINT('',(0.03281,0.0006,-0.0035));
#4828=CARTESIAN_POINT('',(0.0334,0.00059,-0.0035));
#4829=CARTESIAN_POINT('',(0.03339,0.00059,-0.0035));
#4830=CARTESIAN_POINT('',(0.03339,0.001,-0.0035));
#4831=CARTESIAN_POINT('',(0.0397,0.,-0.0035));
#4832=CARTESIAN_POINT('',(0.03431,0.,-0.0035));
#4833=CARTESIAN_POINT('',(0.03431,0.0006,-0.0035));
#4834=CARTESIAN_POINT('',(0.03431,0.0006,-0.0035));
#4835=CARTESIAN_POINT('',(0.03431,0.00059,-0.0035));
#4836=CARTESIAN_POINT('',(0.0349,0.00059,-0.0035));
#4837=CARTESIAN_POINT('',(0.0349,0.00059,-0.0035));
#4838=CARTESIAN_POINT('',(0.03489,0.00059,-0.0035));
#4839=CARTESIAN_POINT('',(0.03489,0.001,-0.0035));
#4840=CARTESIAN_POINT('',(0.0361,0.,-0.0031));
#4841=CARTESIAN_POINT('',(0.03,0.,-0.0049));
#4842=CARTESIAN_POINT('',(0.030439576893238,-4.80027922589479E-20,-0.0049));
#4843=CARTESIAN_POINT('',(0.0325,0.,-0.0041));
#4844=CARTESIAN_POINT('',(0.03281,0.,-0.0041));
#4845=CARTESIAN_POINT('',(0.03281,0.,-0.0031));
#4846=CARTESIAN_POINT('',(0.0329,0.,-0.0029));
#4847=CARTESIAN_POINT('',(0.029965092528837,0.,-0.0029));
#4848=CARTESIAN_POINT('',(0.029965092528837,0.,-0.0049));
#4849=CARTESIAN_POINT('',(0.029965092528837,0.,-0.0033));
#4850=CARTESIAN_POINT('',(0.0329,0.,-0.0033));
#4851=CARTESIAN_POINT('',(0.0361,0.,-0.0031));
#4852=CARTESIAN_POINT('',(0.0325,0.,-0.0041));
#4853=CARTESIAN_POINT('',(0.03431,0.,-0.0041));
#4854=CARTESIAN_POINT('',(0.03431,0.,-0.0031));
#4855=CARTESIAN_POINT('',(0.0334,0.00059,-0.0035));
#4856=CARTESIAN_POINT('',(0.03431,0.00059,-0.0041));
#4857=CARTESIAN_POINT('',(0.03431,0.00059,-0.0041));
#4858=CARTESIAN_POINT('',(0.0349,0.00059,-0.0041));
#4859=CARTESIAN_POINT('',(0.03431,0.0006,-0.0041));
#4860=CARTESIAN_POINT('',(0.03431,0.001,-0.0041));
#4861=CARTESIAN_POINT('',(0.03489,0.0006,-0.0035));
#4862=CARTESIAN_POINT('',(0.03489,0.0006,-0.0041));
#4863=CARTESIAN_POINT('',(0.03489,0.,-0.0041));
#4864=CARTESIAN_POINT('',(0.03489,0.,-0.0031));
#4865=CARTESIAN_POINT('',(0.0361,0.,-0.0031));
#4866=CARTESIAN_POINT('',(0.0325,0.,-0.0041));
#4867=CARTESIAN_POINT('',(0.03581,0.,-0.0041));
#4868=CARTESIAN_POINT('',(0.03581,0.,-0.0031));
#4869=CARTESIAN_POINT('',(0.0334,0.00059,-0.0035));
#4870=CARTESIAN_POINT('',(0.03581,0.00059,-0.0041));
#4871=CARTESIAN_POINT('',(0.03581,0.00059,-0.0041));
#4872=CARTESIAN_POINT('',(0.0364,0.00059,-0.0041));
#4873=CARTESIAN_POINT('',(0.03639,0.00059,-0.0041));
#4874=CARTESIAN_POINT('',(0.03639,0.00059,-0.0035));
#4875=CARTESIAN_POINT('',(0.03581,0.0006,-0.0041));
#4876=CARTESIAN_POINT('',(0.03581,0.001,-0.0041));
#4877=CARTESIAN_POINT('',(0.03639,0.0006,-0.0035));
#4878=CARTESIAN_POINT('',(0.03639,0.,-0.0031));
#4879=CARTESIAN_POINT('',(0.03639,0.,-0.0041));
#4880=CARTESIAN_POINT('',(0.03639,0.0006,-0.0041));
#4881=CARTESIAN_POINT('',(0.0361,0.,-0.0031));
#4882=CARTESIAN_POINT('',(0.0325,0.,-0.0041));
#4883=CARTESIAN_POINT('',(0.03731,0.,-0.0041));
#4884=CARTESIAN_POINT('',(0.03731,0.,-0.0031));
#4885=CARTESIAN_POINT('',(0.0334,0.00059,-0.0035));
#4886=CARTESIAN_POINT('',(0.03731,0.00059,-0.0041));
#4887=CARTESIAN_POINT('',(0.03731,0.00059,-0.0041));
#4888=CARTESIAN_POINT('',(0.0379,0.00059,-0.0041));
#4889=CARTESIAN_POINT('',(0.03731,0.0006,-0.0041));
#4890=CARTESIAN_POINT('',(0.03731,0.001,-0.0041));
#4891=CARTESIAN_POINT('',(0.03789,0.0006,-0.0035));
#4892=CARTESIAN_POINT('',(0.03789,0.0006,-0.0041));
#4893=CARTESIAN_POINT('',(0.03789,0.,-0.0041));
#4894=CARTESIAN_POINT('',(0.03789,0.,-0.0031));
#4895=CARTESIAN_POINT('',(0.0361,0.,-0.0031));
#4896=CARTESIAN_POINT('',(0.0325,0.,-0.0041));
#4897=CARTESIAN_POINT('',(0.03881,0.,-0.0041));
#4898=CARTESIAN_POINT('',(0.03881,0.,-0.0031));
#4899=CARTESIAN_POINT('',(0.0334,0.00059,-0.0035));
#4900=CARTESIAN_POINT('',(0.03881,0.00059,-0.0041));
#4901=CARTESIAN_POINT('',(0.03881,0.00059,-0.0041));
#4902=CARTESIAN_POINT('',(0.0394,0.00059,-0.0041));
#4903=CARTESIAN_POINT('',(0.03881,0.0006,-0.0041));
#4904=CARTESIAN_POINT('',(0.03881,0.001,-0.0041));
#4905=CARTESIAN_POINT('',(0.03939,0.0006,-0.0035));
#4906=CARTESIAN_POINT('',(0.03939,0.0006,-0.0041));
#4907=CARTESIAN_POINT('',(0.03939,0.,-0.0041));
#4908=CARTESIAN_POINT('',(0.03939,0.,-0.0031));
#4909=CARTESIAN_POINT('',(0.0361,0.007,-0.0062));
#4910=CARTESIAN_POINT('',(0.0393,0.007,-0.0062));
#4911=CARTESIAN_POINT('',(0.0393,0.007,-0.0062));
#4912=CARTESIAN_POINT('',(0.0329,0.007,-0.0062));
#4913=CARTESIAN_POINT('',(0.0329,0.007,-0.0062));
#4914=CARTESIAN_POINT('',(0.0361,0.007,-0.0062));
#4915=CARTESIAN_POINT('',(0.0393,0.007,-0.0033));
#4916=CARTESIAN_POINT('',(0.0393,0.00150000000000018,-0.0033));
#4917=CARTESIAN_POINT('',(0.0417760231963218,0.00150000000000174,-0.0049));
#4918=CARTESIAN_POINT('',(-76.4540924877819,-0.793311768965989,-0.00489999909263216));
#4919=CARTESIAN_POINT('',(0.0393,0.007,-0.0033));
#4920=CARTESIAN_POINT('',(0.0329,0.007,-0.0033));
#4921=CARTESIAN_POINT('',(0.0329,0.00150000000000018,-0.0033));
#4922=CARTESIAN_POINT('',(0.0304239768036782,0.00149999999998138,-0.0049));
#4923=CARTESIAN_POINT('',(0.0329,0.007,-0.0033));
#4924=CARTESIAN_POINT('',(76.5263861162823,-0.793312743503135,-0.00489999909517902));
#4925=CARTESIAN_POINT('',(0.0422,0.0043,-0.0049));
#4926=CARTESIAN_POINT('',(0.0304317768484582,0.00074999999999069,-0.0049));
#4927=CARTESIAN_POINT('',(0.0417682231515419,0.000750000000001649,-0.0049));
#4928=CARTESIAN_POINT('',(0.041760423106762,-1.28426483729124E-18,-0.0049));
#4929=CARTESIAN_POINT('',(0.03,0.,-0.0049));
#4930=CARTESIAN_POINT('',(0.0361,0.,-0.0031));
#4931=CARTESIAN_POINT('',(0.0393,0.,-0.0033));
#4932=CARTESIAN_POINT('',(0.042234907471163,0.,-0.0033));
#4933=CARTESIAN_POINT('',(0.042234907471163,0.,-0.0049));
#4934=CARTESIAN_POINT('',(0.042234907471163,0.,-0.0029));
#4935=CARTESIAN_POINT('',(0.0393,0.,-0.0029));
#4936=CARTESIAN_POINT('',(0.0325,0.,-0.0041));
#4937=CARTESIAN_POINT('',(0.0407,0.0015,4.79977728491728E-5));
#4938=CARTESIAN_POINT('',(0.0393,0.0015,4.79977728491728E-5));
#4939=CARTESIAN_POINT('',(0.0329,0.0015,4.79977728491728E-5));
#4940=CARTESIAN_POINT('',(0.0422479977728492,0.0015,-0.0049));
#4941=CARTESIAN_POINT('',(0.0422479977728492,0.0015,-0.0033));
#4942=CARTESIAN_POINT('',(0.0422479977728492,0.0015,-0.0029));
#4943=CARTESIAN_POINT('',(0.0299520022271508,0.0015,-0.0049));
#4944=CARTESIAN_POINT('',(0.0299520022271508,0.0015,-0.0029));
#4945=CARTESIAN_POINT('',(0.0299520022271508,0.0015,-0.0033));
#4946=CARTESIAN_POINT('',(0.0329,0.0015,-0.0029));
#4947=CARTESIAN_POINT('',(0.0329,0.0015,-0.0033));
#4948=CARTESIAN_POINT('',(0.0393,0.0015,-0.0029));
#4949=CARTESIAN_POINT('',(0.0393,0.0015,-0.0033));
#4950=CARTESIAN_POINT('',(0.0334,0.00059,-0.0035));
#4951=CARTESIAN_POINT('',(0.0394,0.00059,-0.0041));
#4952=CARTESIAN_POINT('',(0.03939,0.00059,-0.0041));
#4953=CARTESIAN_POINT('',(0.03939,0.00059,-0.0035));
#4954=CARTESIAN_POINT('',(0.03881,0.0006,-0.0041));
#4955=CARTESIAN_POINT('',(0.03881,0.001,-0.0041));
#4956=CARTESIAN_POINT('',(0.03939,0.0006,-0.0035));
#4957=CARTESIAN_POINT('',(0.03939,0.0006,-0.0041));
#4958=CARTESIAN_POINT('',(0.0334,0.00059,-0.0035));
#4959=CARTESIAN_POINT('',(0.0334,0.00059,-0.0041));
#4960=CARTESIAN_POINT('',(0.03339,0.00059,-0.0041));
#4961=CARTESIAN_POINT('',(0.03339,0.00059,-0.0035));
#4962=CARTESIAN_POINT('',(0.03281,0.0006,-0.0041));
#4963=CARTESIAN_POINT('',(0.03281,0.001,-0.0041));
#4964=CARTESIAN_POINT('',(0.03339,0.0006,-0.0035));
#4965=CARTESIAN_POINT('',(0.03339,0.0006,-0.0041));
#4966=CARTESIAN_POINT('',(0.0334,0.00059,-0.0035));
#4967=CARTESIAN_POINT('',(0.0379,0.00059,-0.0041));
#4968=CARTESIAN_POINT('',(0.03789,0.00059,-0.0041));
#4969=CARTESIAN_POINT('',(0.03789,0.00059,-0.0035));
#4970=CARTESIAN_POINT('',(0.03731,0.0006,-0.0041));
#4971=CARTESIAN_POINT('',(0.03731,0.001,-0.0041));
#4972=CARTESIAN_POINT('',(0.03789,0.0006,-0.0035));
#4973=CARTESIAN_POINT('',(0.03789,0.0006,-0.0041));
#4974=CARTESIAN_POINT('',(0.0361,0.007,-0.0031));
#4975=CARTESIAN_POINT('',(0.0334,0.00059,-0.0035));
#4976=CARTESIAN_POINT('',(0.0349,0.00059,-0.0041));
#4977=CARTESIAN_POINT('',(0.03489,0.00059,-0.0041));
#4978=CARTESIAN_POINT('',(0.03489,0.00059,-0.0035));
#4979=CARTESIAN_POINT('',(0.03431,0.0006,-0.0041));
#4980=CARTESIAN_POINT('',(0.03431,0.001,-0.0041));
#4981=CARTESIAN_POINT('',(0.03489,0.0006,-0.0035));
#4982=CARTESIAN_POINT('',(0.03489,0.0006,-0.0041));
#4983=CARTESIAN_POINT('',(0.0325,0.001,-0.0041));
#4984=MECHANICAL_DESIGN_GEOMETRIC_PRESENTATION_REPRESENTATION('',(#2814),
#4985);
#4985=(
GEOMETRIC_REPRESENTATION_CONTEXT(3)
GLOBAL_UNCERTAINTY_ASSIGNED_CONTEXT((#4986))
GLOBAL_UNIT_ASSIGNED_CONTEXT((#4989,#4988,#4987))
REPRESENTATION_CONTEXT('Deni8A7Ev9mp','TOP_LEVEL_ASSEMBLY_PART')
);
#4986=UNCERTAINTY_MEASURE_WITH_UNIT(LENGTH_MEASURE(3.00000000000147E-5),
#4989,'DISTANCE_ACCURACY_VALUE','Maximum Tolerance applied to model');
#4987=(
NAMED_UNIT(*)
SI_UNIT($,.STERADIAN.)
SOLID_ANGLE_UNIT()
);
#4988=(
NAMED_UNIT(*)
PLANE_ANGLE_UNIT()
SI_UNIT($,.RADIAN.)
);
#4989=(
LENGTH_UNIT()
NAMED_UNIT(*)
SI_UNIT($,.METRE.)
);
#4990=PRODUCT_DEFINITION_SHAPE('','',#4991);
#4991=PRODUCT_DEFINITION('','',#4993,#4992);
#4992=PRODUCT_DEFINITION_CONTEXT('',#4999,'design');
#4993=PRODUCT_DEFINITION_FORMATION_WITH_SPECIFIED_SOURCE('','',#4995,
 .NOT_KNOWN.);
#4994=PRODUCT_RELATED_PRODUCT_CATEGORY('','',(#4995));
#4995=PRODUCT('Deni8A7Ev9mp','Deni8A7Ev9mp','Deni8A7Ev9mp',(#4997));
#4996=PRODUCT_CATEGORY('','');
#4997=PRODUCT_CONTEXT('',#4999,'mechanical');
#4998=APPLICATION_PROTOCOL_DEFINITION('international standard',
'ap242_managed_model_based_3d_engineering',2020,#4999);
#4999=APPLICATION_CONTEXT('managed model based 3d engineering');
ENDSEC;
END-ISO-10303-21;
