ISO-10303-21;
HEADER;
FILE_DESCRIPTION (( 'STEP AP214' ),
    '1' );
FILE_NAME ('378D1009-E571-49DD-8AC3-71557983C0E4.STEP',
    '2026-05-29T08:47:01',
    ( '' ),
    ( '' ),
    'SwSTEP 2.0',
    'SolidWorks 2022',
    '' );
FILE_SCHEMA (( 'AUTOMOTIVE_DESIGN' ));
ENDSEC;

DATA;
#1 = DIRECTION ( 'NONE',  ( -0.0000000000000000000, -0.0000000000000000000, -1.000000000000000000 ) ) ;
#2 = ORIENTED_EDGE ( 'NONE', *, *, #1211, .T. ) ;
#3 = VECTOR ( 'NONE', #3966, 1000.000000000000000 ) ;
#4 = CARTESIAN_POINT ( 'NONE',  ( -1.499997242485289872, 1.400742627321157840, 0.7000224581550680281 ) ) ;
#5 = STYLED_ITEM ( 'NONE', ( #1505 ), #1273 ) ;
#6 = LINE ( 'NONE', #4351, #2547 ) ;
#7 = EDGE_LOOP ( 'NONE', ( #2538, #2273, #6449, #1467 ) ) ;
#8 = LINE ( 'NONE', #1364, #513 ) ;
#9 =( GEOMETRIC_REPRESENTATION_CONTEXT ( 3 ) GLOBAL_UNCERTAINTY_ASSIGNED_CONTEXT ( ( #1124 ) ) GLOBAL_UNIT_ASSIGNED_CONTEXT ( ( #3580, #4111, #5783 ) ) REPRESENTATION_CONTEXT ( 'NONE', 'WORKASPACE' ) );
#10 = DIRECTION ( 'NONE',  ( 0.0000000000000000000, -1.000000000000000000, 0.0000000000000000000 ) ) ;
#11 =( GEOMETRIC_REPRESENTATION_CONTEXT ( 3 ) GLOBAL_UNCERTAINTY_ASSIGNED_CONTEXT ( ( #4655 ) ) GLOBAL_UNIT_ASSIGNED_CONTEXT ( ( #5528, #5716, #230 ) ) REPRESENTATION_CONTEXT ( 'NONE', 'WORKASPACE' ) );
#12 = ADVANCED_FACE ( 'NONE', ( #4484 ), #2114, .T. ) ;
#13 = CARTESIAN_POINT ( 'NONE',  ( 1.461668264347375512, 1.362413649183243480, 0.1878130656594855785 ) ) ;
#14 = ORIENTED_EDGE ( 'NONE', *, *, #599, .T. ) ;
#15 = VERTEX_POINT ( 'NONE', #6126 ) ;
#16 =( NAMED_UNIT ( * ) PLANE_ANGLE_UNIT ( ) SI_UNIT ( $, .RADIAN. ) );
#17 = ORIENTED_EDGE ( 'NONE', *, *, #4323, .F. ) ;
#18 =( GEOMETRIC_REPRESENTATION_CONTEXT ( 3 ) GLOBAL_UNCERTAINTY_ASSIGNED_CONTEXT ( ( #474 ) ) GLOBAL_UNIT_ASSIGNED_CONTEXT ( ( #715, #1270, #5258 ) ) REPRESENTATION_CONTEXT ( 'NONE', 'WORKASPACE' ) );
#19 = ORIENTED_EDGE ( 'NONE', *, *, #5411, .T. ) ;
#20 = CIRCLE ( 'NONE', #5890, 0.09000000000000023259 ) ;
#21 = DIRECTION ( 'NONE',  ( 1.224646799147353207E-16, 1.000000000000000000, -0.0000000000000000000 ) ) ;
#22 = UNCERTAINTY_MEASURE_WITH_UNIT (LENGTH_MEASURE( 1.000000000000000082E-05 ), #4930, 'distance_accuracy_value', 'NONE');
#23 = LINE ( 'NONE', #498, #4651 ) ;
#24 = SURFACE_STYLE_FILL_AREA ( #5600 ) ;
#25 = CARTESIAN_POINT ( 'NONE',  ( -0.3900000000000000133, 1.500000000000003553, 0.6999999999999999556 ) ) ;
#26 = VECTOR ( 'NONE', #1932, 1000.000000000000000 ) ;
#27 = AXIS2_PLACEMENT_3D ( 'NONE', #175, #5757, #6222 ) ;
#28 = ORIENTED_EDGE ( 'NONE', *, *, #1722, .T. ) ;
#29 = ORIENTED_EDGE ( 'NONE', *, *, #3473, .T. ) ;
#30 = CARTESIAN_POINT ( 'NONE',  ( 0.1100000000000000699, 2.190001167703603535, 0.2000000000000002331 ) ) ;
#31 = DIRECTION ( 'NONE',  ( 0.0000000000000000000, -1.000000000000000000, 0.0000000000000000000 ) ) ;
#32 = DIRECTION ( 'NONE',  ( -1.000000000000000000, 2.168404344971008868E-16, 0.0000000000000000000 ) ) ;
#33 =( NAMED_UNIT ( * ) PLANE_ANGLE_UNIT ( ) SI_UNIT ( $, .RADIAN. ) );
#34 = DIRECTION ( 'NONE',  ( 0.0000000000000000000, 0.0000000000000000000, 1.000000000000000000 ) ) ;
#35 = APPLICATION_PROTOCOL_DEFINITION ( 'draft international standard', 'automotive_design', 1998, #3050 ) ;
#36 = EDGE_CURVE ( 'NONE', #1439, #5229, #5208, .T. ) ;
#37 = VERTEX_POINT ( 'NONE', #586 ) ;
#38 = DIRECTION ( 'NONE',  ( -1.219727444046192488E-16, -1.000000000000000000, 0.0000000000000000000 ) ) ;
#39 = SURFACE_SIDE_STYLE ('',( #4515 ) ) ;
#40 = DIRECTION ( 'NONE',  ( 0.0000000000000000000, 0.0000000000000000000, -1.000000000000000000 ) ) ;
#41 = ORIENTED_EDGE ( 'NONE', *, *, #176, .F. ) ;
#42 = DIRECTION ( 'NONE',  ( 0.0000000000000000000, -1.000000000000000000, 0.0000000000000000000 ) ) ;
#43 = DIRECTION ( 'NONE',  ( -1.000000000000000000, -0.0000000000000000000, -0.0000000000000000000 ) ) ;
#44 = FILL_AREA_STYLE ('',( #1627 ) ) ;
#45 = DIRECTION ( 'NONE',  ( -1.505836350674314946E-16, 1.000000000000000000, 0.0000000000000000000 ) ) ;
#46 = VECTOR ( 'NONE', #1962, 1000.000000000000000 ) ;
#47 = EDGE_LOOP ( 'NONE', ( #1805, #388, #5456, #773 ) ) ;
#48 = DIRECTION ( 'NONE',  ( 1.084202172485504434E-16, 1.000000000000000000, 0.0000000000000000000 ) ) ;
#49 = SURFACE_STYLE_FILL_AREA ( #4956 ) ;
#50 = CARTESIAN_POINT ( 'NONE',  ( -1.499999999999999556, -1.500000000000000000, 0.5000000000000106581 ) ) ;
#51 = AXIS2_PLACEMENT_3D ( 'NONE', #6433, #3943, #4446 ) ;
#52 = PLANE ( 'NONE',  #5534 ) ;
#53 =( NAMED_UNIT ( * ) SI_UNIT ( $, .STERADIAN. ) SOLID_ANGLE_UNIT ( ) );
#54 = ADVANCED_FACE ( 'NONE', ( #1562 ), #6151, .F. ) ;
#55 = ORIENTED_EDGE ( 'NONE', *, *, #3290, .T. ) ;
#56 = ORIENTED_EDGE ( 'NONE', *, *, #4539, .F. ) ;
#57 = CARTESIAN_POINT ( 'NONE',  ( 1.500000000000001332, -2.500001167703629790, 0.2000000000000000389 ) ) ;
#58 = ADVANCED_FACE ( 'NONE', ( #5239 ), #554, .T. ) ;
#59 =( NAMED_UNIT ( * ) SI_UNIT ( $, .STERADIAN. ) SOLID_ANGLE_UNIT ( ) );
#60 = LINE ( 'NONE', #6043, #6083 ) ;
#61 =( NAMED_UNIT ( * ) SI_UNIT ( $, .STERADIAN. ) SOLID_ANGLE_UNIT ( ) );
#62 = FILL_AREA_STYLE ('',( #4540 ) ) ;
#63 = FILL_AREA_STYLE ('',( #4934 ) ) ;
#64 = CARTESIAN_POINT ( 'NONE',  ( 0.1100000000000000144, -1.500000000000000000, 0.6999999999999999556 ) ) ;
#65 = CARTESIAN_POINT ( 'NONE',  ( -0.1100000000000000699, -1.500001167703639560, 0.5000000000000042188 ) ) ;
#66 = ORIENTED_EDGE ( 'NONE', *, *, #2808, .T. ) ;
#67 = ADVANCED_FACE ( 'NONE', ( #613 ), #3988, .T. ) ;
#68 = DIRECTION ( 'NONE',  ( 1.000000000000000000, -1.084202172485504434E-16, -0.0000000000000000000 ) ) ;
#69 = ADVANCED_FACE ( 'NONE', ( #2804 ), #2334, .F. ) ;
#70 = LINE ( 'NONE', #2577, #3890 ) ;
#71 = AXIS2_PLACEMENT_3D ( 'NONE', #6236, #3666, #4076 ) ;
#72 = VECTOR ( 'NONE', #6213, 1000.000000000000000 ) ;
#73 = FACE_OUTER_BOUND ( 'NONE', #2640, .T. ) ;
#74 = DIRECTION ( 'NONE',  ( -1.000000000000000000, -0.0000000000000000000, 0.0000000000000000000 ) ) ;
#75 = DIRECTION ( 'NONE',  ( -1.000000000000000000, -2.168404344971008868E-16, -0.0000000000000000000 ) ) ;
#76 = PRESENTATION_LAYER_ASSIGNMENT (  '', '', ( #2669 ) ) ;
#77 = EDGE_LOOP ( 'NONE', ( #1886, #6284, #6023, #5474 ) ) ;
#78 = AXIS2_PLACEMENT_3D ( 'NONE', #6367, #1954, #2781 ) ;
#79 = DIRECTION ( 'NONE',  ( 1.000000000000000000, 0.0000000000000000000, 0.0000000000000000000 ) ) ;
#80 = DIRECTION ( 'NONE',  ( -1.000000000000000000, 0.0000000000000000000, -0.0000000000000000000 ) ) ;
#81 = AXIS2_PLACEMENT_3D ( 'NONE', #1591, #1220, #1012 ) ;
#82 = CARTESIAN_POINT ( 'NONE',  ( -0.1100000000000000699, -2.190001167703602647, 0.2900000000000002021 ) ) ;
#83 = CIRCLE ( 'NONE', #3494, 0.2899999999999951505 ) ;
#84 = ORIENTED_EDGE ( 'NONE', *, *, #3922, .F. ) ;
#85 = DIRECTION ( 'NONE',  ( 0.1209742911513511793, 0.1209742911513511932, 0.9852565360152939489 ) ) ;
#86 = EDGE_LOOP ( 'NONE', ( #5968, #1016, #5290, #5531 ) ) ;
#87 = EDGE_LOOP ( 'NONE', ( #1723, #706, #2873, #5688 ) ) ;
#88 = CARTESIAN_POINT ( 'NONE',  ( 1.400247545284595052, -1.499999999999999778, 0.6999999999999907407 ) ) ;
#89 = UNCERTAINTY_MEASURE_WITH_UNIT (LENGTH_MEASURE( 1.000000000000000082E-05 ), #1089, 'distance_accuracy_value', 'NONE');
#90 = EDGE_CURVE ( 'NONE', #2711, #1899, #6329, .T. ) ;
#91 = CARTESIAN_POINT ( 'NONE',  ( -1.499999999999999556, -1.500000000000000000, 0.6999999999999886313 ) ) ;
#92 = LINE ( 'NONE', #25, #6189 ) ;
#93 = ORIENTED_EDGE ( 'NONE', *, *, #1682, .T. ) ;
#94 = LINE ( 'NONE', #5542, #5499 ) ;
#95 = DIRECTION ( 'NONE',  ( 0.0000000000000000000, 0.0000000000000000000, -1.000000000000000000 ) ) ;
#96 =( LENGTH_UNIT ( ) NAMED_UNIT ( * ) SI_UNIT ( .MILLI., .METRE. ) );
#97 = CARTESIAN_POINT ( 'NONE',  ( -0.1099999999999999450, 2.500000000000000000, 0.0000000000000000000 ) ) ;
#98 = ORIENTED_EDGE ( 'NONE', *, *, #3777, .T. ) ;
#99 = SURFACE_STYLE_USAGE ( .BOTH. , #1551 ) ;
#100 = CARTESIAN_POINT ( 'NONE',  ( -1.110000000000000098, -2.190001167703602647, 0.2900000000000002021 ) ) ;
#101 = CARTESIAN_POINT ( 'NONE',  ( 0.6100000000000002087, 2.100001167703602345, 0.2900000000000007572 ) ) ;
#102 = ORIENTED_EDGE ( 'NONE', *, *, #1967, .F. ) ;
#103 = FILL_AREA_STYLE_COLOUR ( '', #3910 ) ;
#104 = CARTESIAN_POINT ( 'NONE',  ( -1.362413649183243036, -1.500000000000000000, 1.100000000000000089 ) ) ;
#105 = VERTEX_POINT ( 'NONE', #5333 ) ;
#106 = DIRECTION ( 'NONE',  ( -1.000000000000000000, 0.0000000000000000000, -0.0000000000000000000 ) ) ;
#107 = PRESENTATION_STYLE_ASSIGNMENT (( #5249 ) ) ;
#108 =( GEOMETRIC_REPRESENTATION_CONTEXT ( 3 ) GLOBAL_UNCERTAINTY_ASSIGNED_CONTEXT ( ( #1712 ) ) GLOBAL_UNIT_ASSIGNED_CONTEXT ( ( #1737, #333, #1304 ) ) REPRESENTATION_CONTEXT ( 'NONE', 'WORKASPACE' ) );
#109 = SURFACE_SIDE_STYLE ('',( #460 ) ) ;
#110 = ORIENTED_EDGE ( 'NONE', *, *, #2177, .T. ) ;
#111 = DIRECTION ( 'NONE',  ( 0.0000000000000000000, 0.0000000000000000000, -1.000000000000000000 ) ) ;
#112 = ORIENTED_EDGE ( 'NONE', *, *, #6235, .T. ) ;
#113 = CARTESIAN_POINT ( 'NONE',  ( 1.499997242485289872, -1.400742627321157618, 0.7000224581550679170 ) ) ;
#114 = AXIS2_PLACEMENT_3D ( 'NONE', #3414, #499, #953 ) ;
#115 = CARTESIAN_POINT ( 'NONE',  ( -0.3899999999999999578, 2.190001167703602647, 0.2900000000000002021 ) ) ;
#116 = AXIS2_PLACEMENT_3D ( 'NONE', #583, #3605, #2134 ) ;
#117 = VECTOR ( 'NONE', #1072, 1000.000000000000000 ) ;
#118 = EDGE_LOOP ( 'NONE', ( #416, #3875 ) ) ;
#119 = DIRECTION ( 'NONE',  ( -1.000000000000000000, 2.168404344971008868E-16, -0.0000000000000000000 ) ) ;
#120 = LINE ( 'NONE', #2506, #2456 ) ;
#121 = AXIS2_PLACEMENT_3D ( 'NONE', #1516, #4974, #3463 ) ;
#122 = AXIS2_PLACEMENT_3D ( 'NONE', #4657, #1215, #6263 ) ;
#123 = CARTESIAN_POINT ( 'NONE',  ( 0.3900000000000000133, 1.900001167703612159, 0.6999999999999999556 ) ) ;
#124 = ORIENTED_EDGE ( 'NONE', *, *, #3250, .F. ) ;
#125 = VECTOR ( 'NONE', #3923, 1000.000000000000000 ) ;
#126 = DIRECTION ( 'NONE',  ( -1.000000000000000000, -1.084202172485504434E-16, 0.0000000000000000000 ) ) ;
#127 = EDGE_CURVE ( 'NONE', #2995, #3373, #4727, .T. ) ;
#128 = DIRECTION ( 'NONE',  ( -1.000000000000000000, -2.168404344971008868E-16, -0.0000000000000000000 ) ) ;
#129 = CARTESIAN_POINT ( 'NONE',  ( -1.499999999999999556, -1.500000000000000000, 0.5000000000000106581 ) ) ;
#130 = EDGE_CURVE ( 'NONE', #4820, #479, #312, .T. ) ;
#131 = DIRECTION ( 'NONE',  ( 0.0000000000000000000, 1.000000000000000000, 0.0000000000000000000 ) ) ;
#132 =( LENGTH_UNIT ( ) NAMED_UNIT ( * ) SI_UNIT ( .MILLI., .METRE. ) );
#133 = CARTESIAN_POINT ( 'NONE',  ( -1.362413649183243036, -1.362413649183243258, 1.000000000000000000 ) ) ;
#134 = CARTESIAN_POINT ( 'NONE',  ( -1.110000000000000098, 1.900001167703613048, 0.4100000000000028066 ) ) ;
#135 = VERTEX_POINT ( 'NONE', #3761 ) ;
#136 = EDGE_LOOP ( 'NONE', ( #1681, #1400, #1569, #93 ) ) ;
#137 = EDGE_CURVE ( 'NONE', #4491, #4954, #5804, .T. ) ;
#138 = FACE_OUTER_BOUND ( 'NONE', #3101, .T. ) ;
#139 = PRESENTATION_LAYER_ASSIGNMENT (  '', '', ( #649 ) ) ;
#140 = VERTEX_POINT ( 'NONE', #1319 ) ;
#141 = ADVANCED_FACE ( 'NONE', ( #3289 ), #3231, .T. ) ;
#142 = DIRECTION ( 'NONE',  ( -1.000000000000000000, 0.0000000000000000000, -0.0000000000000000000 ) ) ;
#143 = AXIS2_PLACEMENT_3D ( 'NONE', #2468, #5501, #2567 ) ;
#144 = LINE ( 'NONE', #2211, #4273 ) ;
#145 = ORIENTED_EDGE ( 'NONE', *, *, #176, .T. ) ;
#146 = VECTOR ( 'NONE', #4520, 1000.000000000000000 ) ;
#147 = DIRECTION ( 'NONE',  ( 0.0000000000000000000, -0.9925461516413224272, 0.1218693434051443120 ) ) ;
#148 = FILL_AREA_STYLE ('',( #1156 ) ) ;
#149 = SURFACE_STYLE_FILL_AREA ( #62 ) ;
#150 = CARTESIAN_POINT ( 'NONE',  ( 1.362413649183243258, -1.362413649183243480, 0.2000000000000000111 ) ) ;
#151 = AXIS2_PLACEMENT_3D ( 'NONE', #3136, #1711, #3726 ) ;
#152 = VERTEX_POINT ( 'NONE', #5906 ) ;
#153 = CARTESIAN_POINT ( 'NONE',  ( 1.500000000000001110, 1.900001167703612381, 0.4100000000000028066 ) ) ;
#154 = CARTESIAN_POINT ( 'NONE',  ( 1.500000000000001110, 2.190001167703602203, 0.2900000000000002021 ) ) ;
#155 =( BOUNDED_CURVE ( )  B_SPLINE_CURVE ( 3, ( #4314, #196, #5252, #2244 ),
 .UNSPECIFIED., .F., .T. ) 
 B_SPLINE_CURVE_WITH_KNOTS ( ( 4, 4 ),
 ( 3.141592653589795336, 3.149018995062314641 ),
 .UNSPECIFIED. ) 
 CURVE ( )  GEOMETRIC_REPRESENTATION_ITEM ( )  RATIONAL_B_SPLINE_CURVE ( ( 1.000000000000000000, 0.9999954041263082738, 0.9999954041263082738, 1.000000000000000000 ) ) 
 REPRESENTATION_ITEM ( '' )  );
#156 = DIRECTION ( 'NONE',  ( -0.0000000000000000000, -0.0000000000000000000, -1.000000000000000000 ) ) ;
#157 = ORIENTED_EDGE ( 'NONE', *, *, #5380, .T. ) ;
#158 = AXIS2_PLACEMENT_3D ( 'NONE', #2619, #4148, #2648 ) ;
#159 = DIRECTION ( 'NONE',  ( -1.000000000000000000, -2.168404344971008868E-16, -0.0000000000000000000 ) ) ;
#160 = CARTESIAN_POINT ( 'NONE',  ( 0.1100000000000000144, -1.500000000000000000, 0.6999999999999999556 ) ) ;
#161 = EDGE_LOOP ( 'NONE', ( #6374, #5491, #2511, #4865 ) ) ;
#162 = LINE ( 'NONE', #4522, #1442 ) ;
#163 = VECTOR ( 'NONE', #3963, 1000.000000000000000 ) ;
#164 = CARTESIAN_POINT ( 'NONE',  ( 1.110000000000000098, 1.900001167703611937, 0.6999999999999999556 ) ) ;
#165 = EDGE_CURVE ( 'NONE', #5903, #4047, #2776, .T. ) ;
#166 = ORIENTED_EDGE ( 'NONE', *, *, #1586, .T. ) ;
#167 =( NAMED_UNIT ( * ) PLANE_ANGLE_UNIT ( ) SI_UNIT ( $, .RADIAN. ) );
#168 = AXIS2_PLACEMENT_3D ( 'NONE', #2949, #3470, #969 ) ;
#169 = AXIS2_PLACEMENT_3D ( 'NONE', #5775, #4766, #3206 ) ;
#170 = EDGE_LOOP ( 'NONE', ( #1300, #5034, #4883, #3744 ) ) ;
#171 = CARTESIAN_POINT ( 'NONE',  ( 1.110000000000000098, 2.190001167703602203, 0.2900000000000002021 ) ) ;
#172 = EDGE_CURVE ( 'NONE', #2855, #3706, #1379, .T. ) ;
#173 = STYLED_ITEM ( 'NONE', ( #5475 ), #1716 ) ;
#174 = VECTOR ( 'NONE', #4692, 1000.000000000000000 ) ;
#175 = CARTESIAN_POINT ( 'NONE',  ( 1.500000000000001110, 2.190001167703603091, 0.2000000000000000389 ) ) ;
#176 = EDGE_CURVE ( 'NONE', #3997, #3654, #2724, .T. ) ;
#177 = ORIENTED_EDGE ( 'NONE', *, *, #4687, .F. ) ;
#178 = AXIS2_PLACEMENT_3D ( 'NONE', #4309, #348, #260 ) ;
#179 = FILL_AREA_STYLE ('',( #4125 ) ) ;
#180 = CYLINDRICAL_SURFACE ( 'NONE', #2779, 0.08999999999999980238 ) ;
#181 = EDGE_CURVE ( 'NONE', #4802, #5575, #2382, .T. ) ;
#182 = LINE ( 'NONE', #687, #735 ) ;
#183 = ORIENTED_EDGE ( 'NONE', *, *, #6055, .T. ) ;
#184 = DIRECTION ( 'NONE',  ( 1.219727444046192488E-16, 1.000000000000000000, 0.0000000000000000000 ) ) ;
#185 = LINE ( 'NONE', #2167, #1662 ) ;
#186 = DIRECTION ( 'NONE',  ( 0.0000000000000000000, 1.000000000000000000, 0.0000000000000000000 ) ) ;
#187 = CARTESIAN_POINT ( 'NONE',  ( -0.1100000000000000699, 2.190001167703602647, 0.2900000000000002021 ) ) ;
#188 = EDGE_CURVE ( 'NONE', #2703, #2952, #4761, .T. ) ;
#189 = DIRECTION ( 'NONE',  ( -1.401985567869216622E-16, -1.000000000000000000, 0.0000000000000000000 ) ) ;
#190 = ORIENTED_EDGE ( 'NONE', *, *, #5218, .T. ) ;
#191 = AXIS2_PLACEMENT_3D ( 'NONE', #6353, #2257, #3817 ) ;
#192 = LINE ( 'NONE', #5661, #117 ) ;
#193 = FACE_OUTER_BOUND ( 'NONE', #500, .T. ) ;
#194 = EDGE_LOOP ( 'NONE', ( #4938, #4720, #1325, #3435 ) ) ;
#195 = LINE ( 'NONE', #4809, #4122 ) ;
#196 = CARTESIAN_POINT ( 'NONE',  ( -1.500000000000000000, 1.400247545284595274, 0.5000000000000105471 ) ) ;
#197 = ORIENTED_EDGE ( 'NONE', *, *, #5051, .F. ) ;
#198 = ORIENTED_EDGE ( 'NONE', *, *, #2778, .T. ) ;
#199 = CARTESIAN_POINT ( 'NONE',  ( 0.8900000000000000133, -2.500000000000000000, 0.6999999999999999556 ) ) ;
#200 = EDGE_CURVE ( 'NONE', #2711, #2680, #60, .T. ) ;
#201 = DIRECTION ( 'NONE',  ( 0.0000000000000000000, -1.000000000000000000, 0.0000000000000000000 ) ) ;
#202 = AXIS2_PLACEMENT_3D ( 'NONE', #2524, #1653, #79 ) ;
#203 = FACE_OUTER_BOUND ( 'NONE', #1423, .T. ) ;
#204 = ORIENTED_EDGE ( 'NONE', *, *, #2363, .T. ) ;
#205 = VECTOR ( 'NONE', #5537, 1000.000000000000000 ) ;
#206 = ADVANCED_FACE ( 'NONE', ( #4405 ), #3934, .T. ) ;
#207 = EDGE_LOOP ( 'NONE', ( #1742, #2282, #5141, #5035 ) ) ;
#208 = VECTOR ( 'NONE', #4298, 1000.000000000000000 ) ;
#209 = DIRECTION ( 'NONE',  ( 1.000000000000000000, -1.084202172485504434E-16, 0.0000000000000000000 ) ) ;
#210 = DIRECTION ( 'NONE',  ( 0.0000000000000000000, -1.000000000000000000, 0.0000000000000000000 ) ) ;
#211 = DIRECTION ( 'NONE',  ( 1.000000000000000000, 0.0000000000000000000, 0.0000000000000000000 ) ) ;
#212 = DIRECTION ( 'NONE',  ( 0.0000000000000000000, -1.000000000000000000, 0.0000000000000000000 ) ) ;
#213 = LINE ( 'NONE', #1159, #3754 ) ;
#214 = AXIS2_PLACEMENT_3D ( 'NONE', #4943, #1923, #5519 ) ;
#215 = AXIS2_PLACEMENT_3D ( 'NONE', #1628, #5216, #615 ) ;
#216 = VERTEX_POINT ( 'NONE', #4003 ) ;
#217 = VERTEX_POINT ( 'NONE', #3970 ) ;
#218 = VECTOR ( 'NONE', #5614, 1000.000000000000000 ) ;
#219 = AXIS2_PLACEMENT_3D ( 'NONE', #5763, #3625, #4688 ) ;
#220 = ADVANCED_FACE ( 'NONE', ( #2471 ), #1947, .T. ) ;
#221 = SURFACE_SIDE_STYLE ('',( #6147 ) ) ;
#222 = DIRECTION ( 'NONE',  ( 1.505836350674314946E-16, 1.000000000000000000, 0.0000000000000000000 ) ) ;
#223 = VECTOR ( 'NONE', #1147, 1000.000000000000000 ) ;
#224 = DIRECTION ( 'NONE',  ( 0.0000000000000000000, -0.0000000000000000000, 1.000000000000000000 ) ) ;
#225 = VERTEX_POINT ( 'NONE', #3457 ) ;
#226 = CARTESIAN_POINT ( 'NONE',  ( -0.1100000000000000699, 1.500000000000000000, 0.6999999999999886313 ) ) ;
#227 = LINE ( 'NONE', #6243, #5381 ) ;
#228 = VERTEX_POINT ( 'NONE', #924 ) ;
#229 = DIRECTION ( 'NONE',  ( 0.0000000000000000000, 0.0000000000000000000, 1.000000000000000000 ) ) ;
#230 =( NAMED_UNIT ( * ) SI_UNIT ( $, .STERADIAN. ) SOLID_ANGLE_UNIT ( ) );
#231 = DIRECTION ( 'NONE',  ( 1.000000000000000000, 0.0000000000000000000, 0.0000000000000000000 ) ) ;
#232 =( LENGTH_UNIT ( ) NAMED_UNIT ( * ) SI_UNIT ( .MILLI., .METRE. ) );
#233 = DIRECTION ( 'NONE',  ( -1.000000000000000000, -2.168404344971008868E-16, -0.0000000000000000000 ) ) ;
#234 = ORIENTED_EDGE ( 'NONE', *, *, #2902, .T. ) ;
#235 = ORIENTED_EDGE ( 'NONE', *, *, #4827, .T. ) ;
#236 = DIRECTION ( 'NONE',  ( -1.000000000000000000, -2.168404344971008868E-16, -0.0000000000000000000 ) ) ;
#237 = DIRECTION ( 'NONE',  ( 1.000000000000000000, 1.084202172485504434E-16, -0.0000000000000000000 ) ) ;
#238 = DIRECTION ( 'NONE',  ( 0.0000000000000000000, -1.000000000000000000, 0.0000000000000000000 ) ) ;
#239 = ORIENTED_EDGE ( 'NONE', *, *, #3953, .F. ) ;
#240 = VERTEX_POINT ( 'NONE', #1980 ) ;
#241 = LINE ( 'NONE', #2772, #605 ) ;
#242 = PRESENTATION_STYLE_ASSIGNMENT (( #4787 ) ) ;
#243 = DIRECTION ( 'NONE',  ( -1.000000000000000000, 2.168404344971008868E-16, -0.0000000000000000000 ) ) ;
#244 = FACE_OUTER_BOUND ( 'NONE', #6006, .T. ) ;
#245 = ORIENTED_EDGE ( 'NONE', *, *, #6182, .T. ) ;
#246 = EDGE_LOOP ( 'NONE', ( #4623, #6046, #28, #4551 ) ) ;
#247 = ADVANCED_FACE ( 'NONE', ( #4932 ), #2541, .F. ) ;
#248 = VECTOR ( 'NONE', #4241, 1000.000000000000000 ) ;
#249 = LINE ( 'NONE', #4196, #6059 ) ;
#250 = CARTESIAN_POINT ( 'NONE',  ( -0.3899999999999999578, 2.100001167703602789, 0.6999999999999999556 ) ) ;
#251 = DIRECTION ( 'NONE',  ( 0.0000000000000000000, 1.000000000000000000, 0.0000000000000000000 ) ) ;
#252 = AXIS2_PLACEMENT_3D ( 'NONE', #5502, #2936, #3456 ) ;
#253 = ADVANCED_FACE ( 'NONE', ( #5038 ), #959, .F. ) ;
#254 = FACE_OUTER_BOUND ( 'NONE', #5058, .T. ) ;
#255 = VERTEX_POINT ( 'NONE', #2038 ) ;
#256 = EDGE_CURVE ( 'NONE', #2963, #290, #1548, .T. ) ;
#257 = LINE ( 'NONE', #5686, #4346 ) ;
#258 = AXIS2_PLACEMENT_3D ( 'NONE', #2504, #2064, #3589 ) ;
#259 = VERTEX_POINT ( 'NONE', #2976 ) ;
#260 = DIRECTION ( 'NONE',  ( 1.401985567869215636E-16, -1.000000000000000000, -9.346570452461437576E-16 ) ) ;
#261 = LINE ( 'NONE', #2239, #5248 ) ;
#262 = EDGE_CURVE ( 'NONE', #5251, #2915, #2694, .T. ) ;
#263 = SURFACE_STYLE_USAGE ( .BOTH. , #5376 ) ;
#264 = LINE ( 'NONE', #2180, #653 ) ;
#265 = EDGE_LOOP ( 'NONE', ( #1174, #501, #4182, #1454 ) ) ;
#266 = ORIENTED_EDGE ( 'NONE', *, *, #5668, .F. ) ;
#267 = CARTESIAN_POINT ( 'NONE',  ( 0.8900000000000000133, -2.100001167703602345, 0.2900000000000007572 ) ) ;
#268 = CARTESIAN_POINT ( 'NONE',  ( -0.8899999999999997913, 2.500000000000007105, 0.6999999999999999556 ) ) ;
#269 =( GEOMETRIC_REPRESENTATION_CONTEXT ( 3 ) GLOBAL_UNCERTAINTY_ASSIGNED_CONTEXT ( ( #1767 ) ) GLOBAL_UNIT_ASSIGNED_CONTEXT ( ( #2375, #5869, #794 ) ) REPRESENTATION_CONTEXT ( 'NONE', 'WORKASPACE' ) );
#270 = LINE ( 'NONE', #2252, #4404 ) ;
#271 = CIRCLE ( 'NONE', #1203, 0.09000000000000023259 ) ;
#272 = VERTEX_POINT ( 'NONE', #4968 ) ;
#273 = ORIENTED_EDGE ( 'NONE', *, *, #4242, .T. ) ;
#274 = ORIENTED_EDGE ( 'NONE', *, *, #3922, .T. ) ;
#275 = EDGE_CURVE ( 'NONE', #1561, #3987, #3946, .T. ) ;
#276 = CARTESIAN_POINT ( 'NONE',  ( 1.500000000000001110, 1.810001167703612079, 0.4100000000000034728 ) ) ;
#277 = PLANE ( 'NONE',  #2598 ) ;
#278 = UNCERTAINTY_MEASURE_WITH_UNIT (LENGTH_MEASURE( 1.000000000000000082E-05 ), #4429, 'distance_accuracy_value', 'NONE');
#279 = MECHANICAL_DESIGN_GEOMETRIC_PRESENTATION_REPRESENTATION (  '', ( #173 ), #3176 ) ;
#280 = VECTOR ( 'NONE', #3135, 1000.000000000000000 ) ;
#281 = DIRECTION ( 'NONE',  ( 1.445602896647339410E-16, -1.000000000000000000, 0.0000000000000000000 ) ) ;
#282 = AXIS2_PLACEMENT_3D ( 'NONE', #3284, #4324, #4225 ) ;
#283 = LINE ( 'NONE', #689, #1523 ) ;
#284 = CARTESIAN_POINT ( 'NONE',  ( 0.3900000000000001799, -2.500001167703630234, 0.2000000000000000389 ) ) ;
#285 = DIRECTION ( 'NONE',  ( 0.0000000000000000000, 0.0000000000000000000, -1.000000000000000000 ) ) ;
#286 = UNCERTAINTY_MEASURE_WITH_UNIT (LENGTH_MEASURE( 1.000000000000000082E-05 ), #3252, 'distance_accuracy_value', 'NONE');
#287 = LINE ( 'NONE', #377, #373 ) ;
#288 = EDGE_CURVE ( 'NONE', #2591, #939, #926, .T. ) ;
#289 = ORIENTED_EDGE ( 'NONE', *, *, #1189, .T. ) ;
#290 = VERTEX_POINT ( 'NONE', #6461 ) ;
#291 = CARTESIAN_POINT ( 'NONE',  ( -1.400742627321157618, 1.499997242485289872, 0.4999775418449312059 ) ) ;
#292 = ORIENTED_EDGE ( 'NONE', *, *, #2289, .T. ) ;
#293 = CARTESIAN_POINT ( 'NONE',  ( 0.1100000000000000699, -1.810001167703612301, 0.4100000000000034728 ) ) ;
#294 = SURFACE_STYLE_FILL_AREA ( #767 ) ;
#295 =( NAMED_UNIT ( * ) SI_UNIT ( $, .STERADIAN. ) SOLID_ANGLE_UNIT ( ) );
#296 = DIRECTION ( 'NONE',  ( 0.0000000000000000000, 0.0000000000000000000, 1.000000000000000000 ) ) ;
#297 = ORIENTED_EDGE ( 'NONE', *, *, #5197, .T. ) ;
#298 = AXIS2_PLACEMENT_3D ( 'NONE', #6496, #992, #1444 ) ;
#299 = VERTEX_POINT ( 'NONE', #1511 ) ;
#300 = PLANE ( 'NONE',  #1770 ) ;
#301 = DIRECTION ( 'NONE',  ( -1.000000000000000000, 2.168404344971008868E-16, -0.0000000000000000000 ) ) ;
#302 = CARTESIAN_POINT ( 'NONE',  ( -1.499999999999999556, -1.500000000000000000, 0.5000000000000106581 ) ) ;
#303 = CARTESIAN_POINT ( 'NONE',  ( -1.499999999999999556, -1.399999999999999689, 0.5000000000000106581 ) ) ;
#304 = ORIENTED_EDGE ( 'NONE', *, *, #3872, .F. ) ;
#305 = EDGE_LOOP ( 'NONE', ( #1075, #1280, #1080, #5090 ) ) ;
#306 = CARTESIAN_POINT ( 'NONE',  ( 1.500000000000001110, -2.190001167703602203, 0.2900000000000002021 ) ) ;
#307 = MECHANICAL_DESIGN_GEOMETRIC_PRESENTATION_REPRESENTATION (  '', ( #5764 ), #2279 ) ;
#308 = CARTESIAN_POINT ( 'NONE',  ( 1.500000000000001110, 1.810001167703612079, 0.6999999999999987343 ) ) ;
#309 = CARTESIAN_POINT ( 'NONE',  ( 0.6100000000000002087, -2.190001167703602203, 0.2900000000000002021 ) ) ;
#310 = VERTEX_POINT ( 'NONE', #3496 ) ;
#311 = DIRECTION ( 'NONE',  ( -1.000000000000000000, 0.0000000000000000000, 0.0000000000000000000 ) ) ;
#312 = LINE ( 'NONE', #4369, #1542 ) ;
#313 = AXIS2_PLACEMENT_3D ( 'NONE', #2486, #459, #2458 ) ;
#314 = CARTESIAN_POINT ( 'NONE',  ( 0.8899999999999999023, 1.500000000000000000, 0.5000000000000042188 ) ) ;
#315 = CARTESIAN_POINT ( 'NONE',  ( -1.110000000000000098, -1.500000000000006883, 0.6999999999999999556 ) ) ;
#316 = CARTESIAN_POINT ( 'NONE',  ( -1.500000000000000000, 1.500000000000000000, 1.100000000000000089 ) ) ;
#317 = VECTOR ( 'NONE', #3791, 1000.000000000000000 ) ;
#318 = CARTESIAN_POINT ( 'NONE',  ( 1.500000000000001110, 1.810001167703612079, 0.7000000000000010658 ) ) ;
#319 = MECHANICAL_DESIGN_GEOMETRIC_PRESENTATION_REPRESENTATION (  '', ( #4291 ), #3644 ) ;
#320 = LINE ( 'NONE', #697, #6035 ) ;
#321 = PRODUCT_DEFINITION_SHAPE ( 'NONE', 'NONE',  #2834 ) ;
#322 = ORIENTED_EDGE ( 'NONE', *, *, #2778, .F. ) ;
#323 = LINE ( 'NONE', #5310, #4656 ) ;
#324 = VECTOR ( 'NONE', #5794, 999.9999999999998863 ) ;
#325 = FACE_OUTER_BOUND ( 'NONE', #2055, .T. ) ;
#326 = VECTOR ( 'NONE', #5801, 1000.000000000000000 ) ;
#327 = ORIENTED_EDGE ( 'NONE', *, *, #2444, .T. ) ;
#328 = FILL_AREA_STYLE ('',( #5718 ) ) ;
#329 = EDGE_CURVE ( 'NONE', #4777, #2948, #5543, .T. ) ;
#330 = EDGE_CURVE ( 'NONE', #5012, #4467, #538, .T. ) ;
#331 = ORIENTED_EDGE ( 'NONE', *, *, #5393, .T. ) ;
#332 = VERTEX_POINT ( 'NONE', #3527 ) ;
#333 =( NAMED_UNIT ( * ) PLANE_ANGLE_UNIT ( ) SI_UNIT ( $, .RADIAN. ) );
#334 = UNCERTAINTY_MEASURE_WITH_UNIT (LENGTH_MEASURE( 1.000000000000000082E-05 ), #4363, 'distance_accuracy_value', 'NONE');
#335 = CARTESIAN_POINT ( 'NONE',  ( 1.500000000000001110, 1.900001167703611937, 0.2900000000000002021 ) ) ;
#336 = EDGE_CURVE ( 'NONE', #4187, #152, #887, .T. ) ;
#337 = ORIENTED_EDGE ( 'NONE', *, *, #1682, .F. ) ;
#338 = EDGE_CURVE ( 'NONE', #4618, #506, #1131, .T. ) ;
#339 = CARTESIAN_POINT ( 'NONE',  ( 1.500000000000001110, 1.500001167703639116, 0.5000000000000042188 ) ) ;
#340 = CARTESIAN_POINT ( 'NONE',  ( 1.399999999999999689, -1.500000000000000000, 0.5000000000000106581 ) ) ;
#341 = DIRECTION ( 'NONE',  ( 1.000000000000000000, 1.084202172485504434E-16, -0.0000000000000000000 ) ) ;
#342 = CARTESIAN_POINT ( 'NONE',  ( 1.110000000000000098, 2.100001167703602345, 0.6999999999999999556 ) ) ;
#343 = SURFACE_STYLE_USAGE ( .BOTH. , #1350 ) ;
#344 = ORIENTED_EDGE ( 'NONE', *, *, #4083, .T. ) ;
#345 = LINE ( 'NONE', #2807, #1411 ) ;
#346 = EDGE_CURVE ( 'NONE', #1161, #2359, #1413, .T. ) ;
#347 = ORIENTED_EDGE ( 'NONE', *, *, #1870, .T. ) ;
#348 = DIRECTION ( 'NONE',  ( 1.000000000000000000, 1.219727444046192488E-16, -0.0000000000000000000 ) ) ;
#349 = PRESENTATION_STYLE_ASSIGNMENT (( #6311 ) ) ;
#350 = STYLED_ITEM ( 'NONE', ( #3897 ), #4592 ) ;
#351 = ORIENTED_EDGE ( 'NONE', *, *, #4904, .T. ) ;
#352 = DIRECTION ( 'NONE',  ( -1.084202172485504434E-16, 1.000000000000000000, 0.0000000000000000000 ) ) ;
#353 = LINE ( 'NONE', #6373, #5601 ) ;
#354 = ORIENTED_EDGE ( 'NONE', *, *, #1879, .F. ) ;
#355 = ORIENTED_EDGE ( 'NONE', *, *, #2410, .T. ) ;
#356 = LINE ( 'NONE', #2349, #6298 ) ;
#357 = COLOUR_RGB ( '',0.0000000000000000000, 0.0000000000000000000, 0.0000000000000000000 ) ;
#358 = LINE ( 'NONE', #6377, #2175 ) ;
#359 = ADVANCED_FACE ( 'NONE', ( #6109 ), #180, .F. ) ;
#360 = DIRECTION ( 'NONE',  ( 0.0000000000000000000, 1.000000000000000000, 0.0000000000000000000 ) ) ;
#361 = EDGE_LOOP ( 'NONE', ( #2770, #1914, #550, #910 ) ) ;
#362 = FACE_OUTER_BOUND ( 'NONE', #6200, .T. ) ;
#363 = VERTEX_POINT ( 'NONE', #4157 ) ;
#364 = AXIS2_PLACEMENT_3D ( 'NONE', #6064, #3550, #5532 ) ;
#365 = ORIENTED_EDGE ( 'NONE', *, *, #3926, .T. ) ;
#366 = CARTESIAN_POINT ( 'NONE',  ( 1.499567327329789368, 1.458632135056575629, 0.4964761638838998681 ) ) ;
#367 = EDGE_CURVE ( 'NONE', #4986, #5886, #2880, .T. ) ;
#368 = DIRECTION ( 'NONE',  ( 0.0000000000000000000, 0.0000000000000000000, -1.000000000000000000 ) ) ;
#369 =( LENGTH_UNIT ( ) NAMED_UNIT ( * ) SI_UNIT ( .MILLI., .METRE. ) );
#370 = STYLED_ITEM ( 'NONE', ( #242 ), #5879 ) ;
#371 = EDGE_CURVE ( 'NONE', #4117, #5857, #1859, .T. ) ;
#372 = DIRECTION ( 'NONE',  ( -1.000000000000000000, 0.0000000000000000000, -0.0000000000000000000 ) ) ;
#373 = VECTOR ( 'NONE', #3790, 1000.000000000000000 ) ;
#374 = EDGE_CURVE ( 'NONE', #255, #4171, #3096, .T. ) ;
#375 = DIRECTION ( 'NONE',  ( -1.000000000000000000, 2.168404344971008868E-16, -0.0000000000000000000 ) ) ;
#376 = DIRECTION ( 'NONE',  ( 0.0000000000000000000, -0.9925461516413223162, -0.1218693434051444924 ) ) ;
#377 = CARTESIAN_POINT ( 'NONE',  ( 1.500000000000001110, -2.190001167703602203, 2.493664996716660198E-15 ) ) ;
#378 = PRESENTATION_LAYER_ASSIGNMENT (  '', '', ( #3177 ) ) ;
#379 = VERTEX_POINT ( 'NONE', #2626 ) ;
#380 = DIRECTION ( 'NONE',  ( -1.000000000000000000, 0.0000000000000000000, -0.0000000000000000000 ) ) ;
#381 = DIRECTION ( 'NONE',  ( 0.0000000000000000000, 1.000000000000000000, 0.0000000000000000000 ) ) ;
#382 = ORIENTED_EDGE ( 'NONE', *, *, #2712, .F. ) ;
#383 = LINE ( 'NONE', #5811, #6467 ) ;
#384 = ORIENTED_EDGE ( 'NONE', *, *, #1152, .T. ) ;
#385 = EDGE_CURVE ( 'NONE', #964, #3982, #6088, .T. ) ;
#386 =( NAMED_UNIT ( * ) SI_UNIT ( $, .STERADIAN. ) SOLID_ANGLE_UNIT ( ) );
#387 = FACE_OUTER_BOUND ( 'NONE', #1860, .T. ) ;
#388 = ORIENTED_EDGE ( 'NONE', *, *, #5677, .F. ) ;
#389 = VERTEX_POINT ( 'NONE', #6169 ) ;
#390 = CARTESIAN_POINT ( 'NONE',  ( 1.500000000000001110, -2.100001167703606342, 0.4100000000000035838 ) ) ;
#391 = UNCERTAINTY_MEASURE_WITH_UNIT (LENGTH_MEASURE( 1.000000000000000082E-05 ), #5909, 'distance_accuracy_value', 'NONE');
#392 = ORIENTED_EDGE ( 'NONE', *, *, #1064, .T. ) ;
#393 = FILL_AREA_STYLE ('',( #4884 ) ) ;
#394 = ORIENTED_EDGE ( 'NONE', *, *, #2303, .T. ) ;
#395 = ADVANCED_FACE ( 'NONE', ( #3621 ), #1636, .F. ) ;
#396 = CARTESIAN_POINT ( 'NONE',  ( -0.8899999999999999023, 1.500000000000006883, 0.6999999999999999556 ) ) ;
#397 = DIRECTION ( 'NONE',  ( 0.0000000000000000000, 1.000000000000000000, 0.0000000000000000000 ) ) ;
#398 = CARTESIAN_POINT ( 'NONE',  ( 0.1100000000000000699, -2.100001167703602789, 0.2900000000000007572 ) ) ;
#399 = LINE ( 'NONE', #5860, #5452 ) ;
#400 = MECHANICAL_DESIGN_GEOMETRIC_PRESENTATION_REPRESENTATION (  '', ( #2600 ), #1756 ) ;
#401 = CARTESIAN_POINT ( 'NONE',  ( -0.8899999999999997913, -1.500000000000000000, 0.6999999999999886313 ) ) ;
#402 = ORIENTED_EDGE ( 'NONE', *, *, #3293, .F. ) ;
#403 = DIRECTION ( 'NONE',  ( 1.000000000000000000, 0.0000000000000000000, 0.0000000000000000000 ) ) ;
#404 = AXIS2_PLACEMENT_3D ( 'NONE', #3889, #21, #2001 ) ;
#405 = ADVANCED_FACE ( 'NONE', ( #6194 ), #596, .F. ) ;
#406 = FILL_AREA_STYLE ('',( #6425 ) ) ;
#407 = DIRECTION ( 'NONE',  ( -1.000000000000000000, -1.084202172485504434E-16, 0.0000000000000000000 ) ) ;
#408 = ORIENTED_EDGE ( 'NONE', *, *, #5797, .T. ) ;
#409 = AXIS2_PLACEMENT_3D ( 'NONE', #4130, #3160, #5135 ) ;
#410 = LINE ( 'NONE', #2411, #937 ) ;
#411 = ORIENTED_EDGE ( 'NONE', *, *, #3431, .F. ) ;
#412 = DIRECTION ( 'NONE',  ( 0.0000000000000000000, -1.000000000000000000, 0.0000000000000000000 ) ) ;
#413 = CARTESIAN_POINT ( 'NONE',  ( 1.110000000000000098, -2.190001167703603091, 0.2000000000000002331 ) ) ;
#414 = VECTOR ( 'NONE', #4318, 1000.000000000000000 ) ;
#415 = VECTOR ( 'NONE', #3616, 1000.000000000000000 ) ;
#416 = ORIENTED_EDGE ( 'NONE', *, *, #2006, .F. ) ;
#417 = LINE ( 'NONE', #2518, #5993 ) ;
#418 = STYLED_ITEM ( 'NONE', ( #3270 ), #2453 ) ;
#419 = CIRCLE ( 'NONE', #4922, 0.1000000000000000472 ) ;
#420 = ORIENTED_EDGE ( 'NONE', *, *, #2544, .T. ) ;
#421 = ORIENTED_EDGE ( 'NONE', *, *, #3810, .T. ) ;
#422 = DIRECTION ( 'NONE',  ( -1.000000000000000000, -2.168404344971008868E-16, -0.0000000000000000000 ) ) ;
#423 = CARTESIAN_POINT ( 'NONE',  ( -0.3900000000000000133, -1.500000000000003553, 0.0000000000000000000 ) ) ;
#424 = ORIENTED_EDGE ( 'NONE', *, *, #3517, .F. ) ;
#425 = ORIENTED_EDGE ( 'NONE', *, *, #1967, .T. ) ;
#426 = CIRCLE ( 'NONE', #116, 0.1000000000000000749 ) ;
#427 = DIRECTION ( 'NONE',  ( 1.084202172485504434E-16, 1.000000000000000000, 0.0000000000000000000 ) ) ;
#428 = VECTOR ( 'NONE', #6230, 1000.000000000000000 ) ;
#429 = FACE_OUTER_BOUND ( 'NONE', #3759, .T. ) ;
#430 = CARTESIAN_POINT ( 'NONE',  ( 1.499999999999999556, 1.500000000000000000, 0.6999999999999886313 ) ) ;
#431 = ORIENTED_EDGE ( 'NONE', *, *, #5638, .F. ) ;
#432 = AXIS2_PLACEMENT_3D ( 'NONE', #3119, #3677, #231 ) ;
#433 = ORIENTED_EDGE ( 'NONE', *, *, #5603, .T. ) ;
#434 = PRESENTATION_STYLE_ASSIGNMENT (( #912 ) ) ;
#435 = LINE ( 'NONE', #5900, #4059 ) ;
#436 = ORIENTED_EDGE ( 'NONE', *, *, #3965, .F. ) ;
#437 = ORIENTED_EDGE ( 'NONE', *, *, #5466, .F. ) ;
#438 = FACE_OUTER_BOUND ( 'NONE', #3827, .T. ) ;
#439 = SURFACE_STYLE_FILL_AREA ( #3321 ) ;
#440 = CARTESIAN_POINT ( 'NONE',  ( -1.109999999999999876, 2.500000000000007105, 0.6999999999999999556 ) ) ;
#441 = DIRECTION ( 'NONE',  ( 1.000000000000000000, -1.219727444046192488E-16, 0.0000000000000000000 ) ) ;
#442 = CARTESIAN_POINT ( 'NONE',  ( 1.110000000000000098, 1.500001167703639116, 0.5000000000000042188 ) ) ;
#443 = EDGE_CURVE ( 'NONE', #3028, #1161, #2570, .T. ) ;
#444 = FILL_AREA_STYLE_COLOUR ( '', #3426 ) ;
#445 = ADVANCED_FACE ( 'NONE', ( #1667 ), #2655, .F. ) ;
#446 = ORIENTED_EDGE ( 'NONE', *, *, #6395, .T. ) ;
#447 = DIRECTION ( 'NONE',  ( -1.000000000000000000, 0.0000000000000000000, -0.0000000000000000000 ) ) ;
#448 = ADVANCED_FACE ( 'NONE', ( #3591 ), #5069, .F. ) ;
#449 = VERTEX_POINT ( 'NONE', #573 ) ;
#450 = AXIS2_PLACEMENT_3D ( 'NONE', #160, #4108, #642 ) ;
#451 = DIRECTION ( 'NONE',  ( 1.084202172485504434E-16, 1.000000000000000000, 0.0000000000000000000 ) ) ;
#452 = ADVANCED_FACE ( 'NONE', ( #1123 ), #277, .T. ) ;
#453 = ORIENTED_EDGE ( 'NONE', *, *, #3300, .T. ) ;
#454 = DIRECTION ( 'NONE',  ( 0.0000000000000000000, -0.0000000000000000000, -1.000000000000000000 ) ) ;
#455 = CARTESIAN_POINT ( 'NONE',  ( -0.6100000000000000977, 1.810001167703612523, 0.6999999999999999556 ) ) ;
#456 = EDGE_LOOP ( 'NONE', ( #1154, #570, #1079, #2584 ) ) ;
#457 = ORIENTED_EDGE ( 'NONE', *, *, #4075, .F. ) ;
#458 = CARTESIAN_POINT ( 'NONE',  ( 0.1100000000000000699, 1.810001167703611413, 0.5000000000000042188 ) ) ;
#459 = DIRECTION ( 'NONE',  ( -0.1209742911513511099, 0.1209742911513513736, -0.9852565360152939489 ) ) ;
#460 = SURFACE_STYLE_FILL_AREA ( #5052 ) ;
#461 = ORIENTED_EDGE ( 'NONE', *, *, #4875, .F. ) ;
#462 = EDGE_LOOP ( 'NONE', ( #1641, #4250, #2844, #1830, #5848, #1972, #2106, #3120, #234, #3407, #2383, #2816 ) ) ;
#463 = AXIS2_PLACEMENT_3D ( 'NONE', #3720, #6227, #3130 ) ;
#464 =( NAMED_UNIT ( * ) PLANE_ANGLE_UNIT ( ) SI_UNIT ( $, .RADIAN. ) );
#465 = DIRECTION ( 'NONE',  ( 1.084202172485504434E-16, 1.000000000000000000, 0.0000000000000000000 ) ) ;
#466 = DIRECTION ( 'NONE',  ( -1.000000000000000000, 2.168404344971008868E-16, -0.0000000000000000000 ) ) ;
#467 = CARTESIAN_POINT ( 'NONE',  ( -0.6100000000000000977, 1.900001167703612381, 0.2900000000000002021 ) ) ;
#468 = AXIS2_PLACEMENT_3D ( 'NONE', #807, #1732, #6183 ) ;
#469 = EDGE_CURVE ( 'NONE', #6116, #1905, #4153, .T. ) ;
#470 = VERTEX_POINT ( 'NONE', #752 ) ;
#471 = DIRECTION ( 'NONE',  ( 6.994852725712336624E-16, -1.000000000000000000, 0.0000000000000000000 ) ) ;
#472 = DIRECTION ( 'NONE',  ( 0.0000000000000000000, 1.000000000000000000, 0.0000000000000000000 ) ) ;
#473 = DIRECTION ( 'NONE',  ( -0.0000000000000000000, -0.0000000000000000000, -1.000000000000000000 ) ) ;
#474 = UNCERTAINTY_MEASURE_WITH_UNIT (LENGTH_MEASURE( 1.000000000000000082E-05 ), #715, 'distance_accuracy_value', 'NONE');
#475 = VECTOR ( 'NONE', #1138, 1000.000000000000000 ) ;
#476 = CARTESIAN_POINT ( 'NONE',  ( 0.8900000000000000133, -1.900001167703612159, 0.2900000000000002021 ) ) ;
#477 = VERTEX_POINT ( 'NONE', #2742 ) ;
#478 = CARTESIAN_POINT ( 'NONE',  ( 0.1100000000000000699, 1.810001167703612301, 0.4100000000000034728 ) ) ;
#479 = VERTEX_POINT ( 'NONE', #3316 ) ;
#480 = CARTESIAN_POINT ( 'NONE',  ( 1.500000000000001110, -1.900001167703611937, 0.2900000000000002021 ) ) ;
#481 = DIRECTION ( 'NONE',  ( -1.084202172485504434E-16, -1.000000000000000000, 0.0000000000000000000 ) ) ;
#482 = EDGE_CURVE ( 'NONE', #5886, #2841, #1779, .T. ) ;
#483 = ORIENTED_EDGE ( 'NONE', *, *, #541, .F. ) ;
#484 = FACE_OUTER_BOUND ( 'NONE', #6231, .T. ) ;
#485 = LINE ( 'NONE', #3509, #4278 ) ;
#486 = EDGE_CURVE ( 'NONE', #4640, #1439, #1744, .T. ) ;
#487 = CARTESIAN_POINT ( 'NONE',  ( -1.499999999999999556, -1.400247545284595052, 0.5000000000000103251 ) ) ;
#488 = VECTOR ( 'NONE', #2032, 1000.000000000000000 ) ;
#489 = PLANE ( 'NONE',  #6331 ) ;
#490 = ORIENTED_EDGE ( 'NONE', *, *, #1318, .F. ) ;
#491 = VERTEX_POINT ( 'NONE', #4753 ) ;
#492 = EDGE_CURVE ( 'NONE', #4193, #135, #6293, .T. ) ;
#493 = DIRECTION ( 'NONE',  ( 0.0000000000000000000, 0.0000000000000000000, -1.000000000000000000 ) ) ;
#494 = DIRECTION ( 'NONE',  ( 2.168404344971008868E-16, 1.000000000000000000, 0.0000000000000000000 ) ) ;
#495 = ORIENTED_EDGE ( 'NONE', *, *, #6239, .F. ) ;
#496 = ORIENTED_EDGE ( 'NONE', *, *, #371, .T. ) ;
#497 = EDGE_LOOP ( 'NONE', ( #6026, #4610, #2809, #4590 ) ) ;
#498 = CARTESIAN_POINT ( 'NONE',  ( 1.499999999999999556, 1.500000000000000000, 0.5000000000000106581 ) ) ;
#499 = DIRECTION ( 'NONE',  ( -1.000000000000000000, 2.168404344971008868E-16, -0.0000000000000000000 ) ) ;
#500 = EDGE_LOOP ( 'NONE', ( #949, #4749, #1298, #6172 ) ) ;
#501 = ORIENTED_EDGE ( 'NONE', *, *, #2350, .T. ) ;
#502 = CARTESIAN_POINT ( 'NONE',  ( -0.1099999999999999450, 2.500000000000000000, 0.0000000000000000000 ) ) ;
#503 = DIRECTION ( 'NONE',  ( 0.0000000000000000000, -1.000000000000000000, 0.0000000000000000000 ) ) ;
#504 = AXIS2_PLACEMENT_3D ( 'NONE', #2065, #3560, #1580 ) ;
#505 = LINE ( 'NONE', #5972, #6163 ) ;
#506 = VERTEX_POINT ( 'NONE', #1808 ) ;
#507 = DIRECTION ( 'NONE',  ( -1.000000000000000000, -2.168404344971008868E-16, 0.0000000000000000000 ) ) ;
#508 = CARTESIAN_POINT ( 'NONE',  ( 1.362413649183243036, -1.499999999999999556, 1.000000000000000000 ) ) ;
#509 = ORIENTED_EDGE ( 'NONE', *, *, #4271, .T. ) ;
#510 = VECTOR ( 'NONE', #709, 1000.000000000000000 ) ;
#511 = SURFACE_SIDE_STYLE ('',( #3981 ) ) ;
#512 = VERTEX_POINT ( 'NONE', #2218 ) ;
#513 = VECTOR ( 'NONE', #905, 1000.000000000000000 ) ;
#514 = CARTESIAN_POINT ( 'NONE',  ( 1.110000000000000098, -2.500000000000000000, 0.0000000000000000000 ) ) ;
#515 = ORIENTED_EDGE ( 'NONE', *, *, #3216, .F. ) ;
#516 = CIRCLE ( 'NONE', #3010, 0.2899999999999938183 ) ;
#517 =( NAMED_UNIT ( * ) PLANE_ANGLE_UNIT ( ) SI_UNIT ( $, .RADIAN. ) );
#518 = AXIS2_PLACEMENT_3D ( 'NONE', #339, #2328, #4325 ) ;
#519 = CARTESIAN_POINT ( 'NONE',  ( -1.499999999999999556, -1.500000000000000000, 0.6999999999999886313 ) ) ;
#520 = VERTEX_POINT ( 'NONE', #782 ) ;
#521 =( LENGTH_UNIT ( ) NAMED_UNIT ( * ) SI_UNIT ( .MILLI., .METRE. ) );
#522 = COLOUR_RGB ( '',0.0000000000000000000, 0.0000000000000000000, 0.0000000000000000000 ) ;
#523 = VECTOR ( 'NONE', #3546, 1000.000000000000000 ) ;
#524 = LINE ( 'NONE', #6030, #1659 ) ;
#525 = DIRECTION ( 'NONE',  ( -1.445602896647339410E-16, 1.000000000000000000, -0.0000000000000000000 ) ) ;
#526 = EDGE_CURVE ( 'NONE', #4645, #815, #241, .T. ) ;
#527 = ORIENTED_EDGE ( 'NONE', *, *, #2811, .F. ) ;
#528 =( LENGTH_UNIT ( ) NAMED_UNIT ( * ) SI_UNIT ( .MILLI., .METRE. ) );
#529 = COLOUR_RGB ( '',0.0000000000000000000, 0.0000000000000000000, 0.0000000000000000000 ) ;
#530 = VERTEX_POINT ( 'NONE', #5761 ) ;
#531 = SURFACE_SIDE_STYLE ('',( #3345 ) ) ;
#532 = CARTESIAN_POINT ( 'NONE',  ( 1.109999999999999876, -1.500000000000000000, 0.6999999999999886313 ) ) ;
#533 = AXIS2_PLACEMENT_3D ( 'NONE', #82, #5023, #45 ) ;
#534 = EDGE_CURVE ( 'NONE', #5229, #5627, #4786, .T. ) ;
#535 = ORIENTED_EDGE ( 'NONE', *, *, #651, .T. ) ;
#536 = CARTESIAN_POINT ( 'NONE',  ( 1.358293616846677043, -1.457548232010809297, 0.1542580950160311326 ) ) ;
#537 =( NAMED_UNIT ( * ) PLANE_ANGLE_UNIT ( ) SI_UNIT ( $, .RADIAN. ) );
#538 = LINE ( 'NONE', #6075, #2162 ) ;
#539 = FILL_AREA_STYLE ('',( #4065 ) ) ;
#540 = FACE_OUTER_BOUND ( 'NONE', #2374, .T. ) ;
#541 = EDGE_CURVE ( 'NONE', #299, #4375, #4362, .T. ) ;
#542 = DIRECTION ( 'NONE',  ( 1.000000000000000000, 0.0000000000000000000, 0.0000000000000000000 ) ) ;
#543 = DIRECTION ( 'NONE',  ( 0.0000000000000000000, 1.000000000000000000, 0.0000000000000000000 ) ) ;
#544 = DIRECTION ( 'NONE',  ( 1.445602896647339163E-16, -1.000000000000000000, 0.0000000000000000000 ) ) ;
#545 = ORIENTED_EDGE ( 'NONE', *, *, #5470, .F. ) ;
#546 = LINE ( 'NONE', #4099, #5067 ) ;
#547 = CYLINDRICAL_SURFACE ( 'NONE', #168, 0.09000000000000023259 ) ;
#549 = DIRECTION ( 'NONE',  ( 1.000000000000000000, 0.0000000000000000000, 0.0000000000000000000 ) ) ;
#548 = VECTOR ( 'NONE', #2901, 1000.000000000000114 ) ;
#550 = ORIENTED_EDGE ( 'NONE', *, *, #2289, .F. ) ;
#551 = CARTESIAN_POINT ( 'NONE',  ( 1.500000000000001332, 2.500001167703629790, 0.2000000000000000389 ) ) ;
#552 = LINE ( 'NONE', #519, #146 ) ;
#553 = ORIENTED_EDGE ( 'NONE', *, *, #1477, .F. ) ;
#554 = SPHERICAL_SURFACE ( 'NONE', #4370, 0.1000000000000000056 ) ;
#555 = VECTOR ( 'NONE', #2555, 1000.000000000000000 ) ;
#556 = CARTESIAN_POINT ( 'NONE',  ( -1.450886175638837594, -1.362413649183243480, 0.1000000000000000056 ) ) ;
#557 = CARTESIAN_POINT ( 'NONE',  ( 0.1100000000000000699, 2.190001167703602647, 5.041540102057595618E-15 ) ) ;
#558 = FILL_AREA_STYLE_COLOUR ( '', #3638 ) ;
#559 = CARTESIAN_POINT ( 'NONE',  ( 1.362413649183243258, 1.362413649183243480, 0.2000000000000000111 ) ) ;
#560 = AXIS2_PLACEMENT_3D ( 'NONE', #3327, #6399, #5373 ) ;
#561 = VERTEX_POINT ( 'NONE', #3197 ) ;
#562 = ORIENTED_EDGE ( 'NONE', *, *, #5610, .F. ) ;
#563 = AXIS2_PLACEMENT_3D ( 'NONE', #3167, #6234, #6206 ) ;
#564 = ADVANCED_FACE ( 'NONE', ( #722 ), #2715, .F. ) ;
#565 = CARTESIAN_POINT ( 'NONE',  ( -1.110000000000000098, -1.500000000000006883, 0.6999999999999999556 ) ) ;
#566 = CARTESIAN_POINT ( 'NONE',  ( 1.500000000000001110, 1.500001167703639116, 0.5000000000000042188 ) ) ;
#567 = FACE_OUTER_BOUND ( 'NONE', #2056, .T. ) ;
#568 = AXIS2_PLACEMENT_3D ( 'NONE', #2189, #2625, #3095 ) ;
#569 = ADVANCED_FACE ( 'NONE', ( #2891 ), #3409, .T. ) ;
#570 = ORIENTED_EDGE ( 'NONE', *, *, #5957, .T. ) ;
#571 = CARTESIAN_POINT ( 'NONE',  ( 1.500000000000001110, -2.190001167703603091, 0.2000000000000002331 ) ) ;
#572 = CARTESIAN_POINT ( 'NONE',  ( 1.500000000000001110, -1.810001167703612079, 0.4100000000000034728 ) ) ;
#573 = CARTESIAN_POINT ( 'NONE',  ( -0.8899999999999999023, -2.190001167703603535, 0.2000000000000002331 ) ) ;
#574 = PRESENTATION_STYLE_ASSIGNMENT (( #5004 ) ) ;
#575 = PLANE ( 'NONE',  #5530 ) ;
#576 = CARTESIAN_POINT ( 'NONE',  ( 0.3899999999999999578, -1.500000000000000000, 0.6999999999999999556 ) ) ;
#577 = CARTESIAN_POINT ( 'NONE',  ( 0.6099999999999998757, -1.500000000000000000, 0.6999999999999886313 ) ) ;
#578 = FACE_OUTER_BOUND ( 'NONE', #6434, .T. ) ;
#579 = CARTESIAN_POINT ( 'NONE',  ( -0.6100000000000000977, -1.810001167703612523, 0.4100000000000034728 ) ) ;
#580 = DIRECTION ( 'NONE',  ( 1.000000000000000000, -1.084202172485504434E-16, 0.0000000000000000000 ) ) ;
#581 = AXIS2_PLACEMENT_3D ( 'NONE', #5805, #3264, #1286 ) ;
#582 = MECHANICAL_DESIGN_GEOMETRIC_PRESENTATION_REPRESENTATION (  '', ( #774 ), #6357 ) ;
#583 = CARTESIAN_POINT ( 'NONE',  ( -1.362413649183243258, 1.362413649183243480, 1.000000000000000000 ) ) ;
#584 = CARTESIAN_POINT ( 'NONE',  ( 0.6100000000000000977, -1.500000000000000000, 0.6999999999999999556 ) ) ;
#585 = EDGE_LOOP ( 'NONE', ( #5615, #2357, #3629, #5442 ) ) ;
#586 = CARTESIAN_POINT ( 'NONE',  ( 0.8900000000000000133, -2.500001167703629790, 0.2000000000000000389 ) ) ;
#587 = VECTOR ( 'NONE', #2336, 1000.000000000000000 ) ;
#588 = SURFACE_STYLE_USAGE ( .BOTH. , #5085 ) ;
#589 = ORIENTED_EDGE ( 'NONE', *, *, #3106, .F. ) ;
#590 = CARTESIAN_POINT ( 'NONE',  ( -1.110000000000000098, -1.810001167703612746, 0.7000000000000010658 ) ) ;
#591 = ORIENTED_EDGE ( 'NONE', *, *, #172, .F. ) ;
#592 = LINE ( 'NONE', #5637, #3622 ) ;
#593 = EDGE_LOOP ( 'NONE', ( #3887, #3469, #716, #1765 ) ) ;
#594 = CARTESIAN_POINT ( 'NONE',  ( -0.8899999999999999023, -2.190001167703602647, 0.2900000000000002021 ) ) ;
#595 = DIRECTION ( 'NONE',  ( -2.168404344971008868E-16, -1.000000000000000000, 0.0000000000000000000 ) ) ;
#596 = CYLINDRICAL_SURFACE ( 'NONE', #4583, 0.08999999999999980238 ) ;
#597 = FACE_OUTER_BOUND ( 'NONE', #5981, .T. ) ;
#598 = CARTESIAN_POINT ( 'NONE',  ( -0.1099999999999999450, -2.500000000000000000, 0.6999999999999999556 ) ) ;
#599 = EDGE_CURVE ( 'NONE', #5627, #1115, #3485, .T. ) ;
#600 = LINE ( 'NONE', #2103, #324 ) ;
#601 = ORIENTED_EDGE ( 'NONE', *, *, #1136, .T. ) ;
#602 = ORIENTED_EDGE ( 'NONE', *, *, #6235, .F. ) ;
#603 = CARTESIAN_POINT ( 'NONE',  ( -0.3899999999999999578, 1.900001167703612381, 0.2900000000000002021 ) ) ;
#604 = EDGE_CURVE ( 'NONE', #2721, #2799, #435, .T. ) ;
#605 = VECTOR ( 'NONE', #3721, 1000.000000000000000 ) ;
#606 = CARTESIAN_POINT ( 'NONE',  ( 1.500000000000001110, -2.100001167703606342, 0.4100000000000035838 ) ) ;
#607 = DIRECTION ( 'NONE',  ( -0.0000000000000000000, 0.0000000000000000000, -1.000000000000000000 ) ) ;
#608 = ORIENTED_EDGE ( 'NONE', *, *, #702, .T. ) ;
#609 = EDGE_CURVE ( 'NONE', #5402, #3654, #2884, .T. ) ;
#610 = SURFACE_SIDE_STYLE ('',( #2553 ) ) ;
#611 = DIRECTION ( 'NONE',  ( 0.1209742911513513874, 0.1209742911513516511, -0.9852565360152940599 ) ) ;
#612 = STYLED_ITEM ( 'NONE', ( #4430 ), #564 ) ;
#613 = FACE_OUTER_BOUND ( 'NONE', #718, .T. ) ;
#614 = CARTESIAN_POINT ( 'NONE',  ( -1.400742627321156952, -1.499997242485289650, 0.7000224581550679170 ) ) ;
#615 = DIRECTION ( 'NONE',  ( 0.0000000000000000000, -0.0000000000000000000, 1.000000000000000000 ) ) ;
#616 = AXIS2_PLACEMENT_3D ( 'NONE', #6287, #2151, #682 ) ;
#617 = ORIENTED_EDGE ( 'NONE', *, *, #6170, .T. ) ;
#618 = ORIENTED_EDGE ( 'NONE', *, *, #2902, .F. ) ;
#619 = FACE_OUTER_BOUND ( 'NONE', #5958, .T. ) ;
#620 = AXIS2_PLACEMENT_3D ( 'NONE', #566, #1938, #2565 ) ;
#621 = DIRECTION ( 'NONE',  ( -0.0000000000000000000, -0.0000000000000000000, -1.000000000000000000 ) ) ;
#622 = COLOUR_RGB ( '',0.0000000000000000000, 0.0000000000000000000, 0.0000000000000000000 ) ;
#623 = COLOUR_RGB ( '',0.0000000000000000000, 0.0000000000000000000, 0.0000000000000000000 ) ;
#624 = ORIENTED_EDGE ( 'NONE', *, *, #1596, .F. ) ;
#625 = EDGE_CURVE ( 'NONE', #4521, #2997, #4233, .T. ) ;
#626 = FACE_OUTER_BOUND ( 'NONE', #6383, .T. ) ;
#627 = DIRECTION ( 'NONE',  ( 0.0000000000000000000, 0.0000000000000000000, 1.000000000000000000 ) ) ;
#628 = CIRCLE ( 'NONE', #2916, 0.2899999999999951505 ) ;
#629 = SURFACE_STYLE_FILL_AREA ( #1670 ) ;
#630 = COLOUR_RGB ( '',0.0000000000000000000, 0.0000000000000000000, 0.0000000000000000000 ) ;
#631 = CARTESIAN_POINT ( 'NONE',  ( 0.3899999999999999578, 2.100001167703606786, 0.4100000000000035838 ) ) ;
#632 = VERTEX_POINT ( 'NONE', #4958 ) ;
#633 = ORIENTED_EDGE ( 'NONE', *, *, #2222, .T. ) ;
#634 = DIRECTION ( 'NONE',  ( 1.000000000000000000, 1.084202172485504434E-16, -0.0000000000000000000 ) ) ;
#635 = CYLINDRICAL_SURFACE ( 'NONE', #563, 0.1000000000000000749 ) ;
#636 = CARTESIAN_POINT ( 'NONE',  ( 0.6100000000000002087, -2.500001167703629790, 0.2000000000000000389 ) ) ;
#637 = EDGE_CURVE ( 'NONE', #5088, #3641, #2697, .T. ) ;
#638 = LINE ( 'NONE', #3080, #1151 ) ;
#639 = LINE ( 'NONE', #3636, #1463 ) ;
#640 = ORIENTED_EDGE ( 'NONE', *, *, #1715, .F. ) ;
#641 =( BOUNDED_CURVE ( )  B_SPLINE_CURVE ( 3, ( #3659, #5701, #5862, #340 ),
 .UNSPECIFIED., .F., .T. ) 
 B_SPLINE_CURVE_WITH_KNOTS ( ( 4, 4 ),
 ( 3.134166312117276032, 3.141592653589795336 ),
 .UNSPECIFIED. ) 
 CURVE ( )  GEOMETRIC_REPRESENTATION_ITEM ( )  RATIONAL_B_SPLINE_CURVE ( ( 1.000000000000000000, 0.9999954041263082738, 0.9999954041263082738, 1.000000000000000000 ) ) 
 REPRESENTATION_ITEM ( '' )  );
#642 = DIRECTION ( 'NONE',  ( 1.219727444046192488E-16, -1.000000000000000000, 0.0000000000000000000 ) ) ;
#643 = ADVANCED_FACE ( 'NONE', ( #5397 ), #6419, .T. ) ;
#644 = DIRECTION ( 'NONE',  ( 0.0000000000000000000, 1.000000000000000000, 0.0000000000000000000 ) ) ;
#645 = EDGE_CURVE ( 'NONE', #1140, #530, #4588, .T. ) ;
#646 = CARTESIAN_POINT ( 'NONE',  ( 1.400742627321157174, -1.499997242485289650, 0.4999775418449295961 ) ) ;
#647 = ORIENTED_EDGE ( 'NONE', *, *, #4307, .F. ) ;
#648 =( NAMED_UNIT ( * ) PLANE_ANGLE_UNIT ( ) SI_UNIT ( $, .RADIAN. ) );
#649 = STYLED_ITEM ( 'NONE', ( #3266 ), #3381 ) ;
#650 = ORIENTED_EDGE ( 'NONE', *, *, #4532, .T. ) ;
#651 = EDGE_CURVE ( 'NONE', #3325, #5665, #1117, .T. ) ;
#652 = CARTESIAN_POINT ( 'NONE',  ( -0.3900000000000000133, 1.500000000000003553, 0.5000000000000042188 ) ) ;
#653 = VECTOR ( 'NONE', #771, 1000.000000000000000 ) ;
#654 = DIRECTION ( 'NONE',  ( -1.000000000000000000, 2.168404344971008868E-16, -0.0000000000000000000 ) ) ;
#655 = ORIENTED_EDGE ( 'NONE', *, *, #4827, .F. ) ;
#656 = AXIS2_PLACEMENT_3D ( 'NONE', #1822, #3390, #5843 ) ;
#657 = SURFACE_SIDE_STYLE ('',( #5165 ) ) ;
#658 = DIRECTION ( 'NONE',  ( 0.0000000000000000000, -0.0000000000000000000, -1.000000000000000000 ) ) ;
#659 = LINE ( 'NONE', #2658, #5465 ) ;
#660 = EDGE_CURVE ( 'NONE', #4413, #6493, #5192, .T. ) ;
#661 = AXIS2_PLACEMENT_3D ( 'NONE', #1946, #5332, #5471 ) ;
#662 = EDGE_LOOP ( 'NONE', ( #3242, #5894, #3391, #3885 ) ) ;
#663 = FACE_OUTER_BOUND ( 'NONE', #6333, .T. ) ;
#664 = CIRCLE ( 'NONE', #5285, 0.09999999999999999167 ) ;
#665 = LINE ( 'NONE', #606, #1042 ) ;
#666 = CARTESIAN_POINT ( 'NONE',  ( -0.8899999999999997913, 2.100001167703602789, 0.6999999999999999556 ) ) ;
#667 = EDGE_LOOP ( 'NONE', ( #4770, #2159, #1186, #5908 ) ) ;
#668 =( GEOMETRIC_REPRESENTATION_CONTEXT ( 3 ) GLOBAL_UNCERTAINTY_ASSIGNED_CONTEXT ( ( #5798 ) ) GLOBAL_UNIT_ASSIGNED_CONTEXT ( ( #2856, #16, #947 ) ) REPRESENTATION_CONTEXT ( 'NONE', 'WORKASPACE' ) );
#669 = PLANE ( 'NONE',  #169 ) ;
#670 = EDGE_CURVE ( 'NONE', #3713, #2426, #5570, .T. ) ;
#671 = DIRECTION ( 'NONE',  ( 0.1209742911513516511, -0.1209742911513513874, -0.9852565360152940599 ) ) ;
#672 = ORIENTED_EDGE ( 'NONE', *, *, #5803, .T. ) ;
#673 = AXIS2_PLACEMENT_3D ( 'NONE', #2481, #1558, #42 ) ;
#674 = FACE_OUTER_BOUND ( 'NONE', #1741, .T. ) ;
#675 = CARTESIAN_POINT ( 'NONE',  ( -0.6100000000000000977, 2.190001167703603535, 0.2000000000000002331 ) ) ;
#676 = CIRCLE ( 'NONE', #3170, 0.1000000000000000472 ) ;
#677 = ORIENTED_EDGE ( 'NONE', *, *, #5223, .T. ) ;
#678 = ORIENTED_EDGE ( 'NONE', *, *, #2811, .T. ) ;
#679 = SURFACE_STYLE_FILL_AREA ( #5597 ) ;
#680 = DIRECTION ( 'NONE',  ( -1.000000000000000000, 2.168404344971008868E-16, -0.0000000000000000000 ) ) ;
#681 =( GEOMETRIC_REPRESENTATION_CONTEXT ( 3 ) GLOBAL_UNCERTAINTY_ASSIGNED_CONTEXT ( ( #3858 ) ) GLOBAL_UNIT_ASSIGNED_CONTEXT ( ( #96, #2041, #3132 ) ) REPRESENTATION_CONTEXT ( 'NONE', 'WORKASPACE' ) );
#682 = DIRECTION ( 'NONE',  ( -2.168404344971007685E-15, 0.0000000000000000000, 1.000000000000000000 ) ) ;
#683 = ORIENTED_EDGE ( 'NONE', *, *, #4279, .F. ) ;
#684 = VECTOR ( 'NONE', #3891, 1000.000000000000000 ) ;
#685 = CARTESIAN_POINT ( 'NONE',  ( -1.110000000000000098, 2.190001167703603535, 0.2000000000000000389 ) ) ;
#686 = FILL_AREA_STYLE_COLOUR ( '', #5643 ) ;
#687 = CARTESIAN_POINT ( 'NONE',  ( 1.500000000000001110, 1.900001167703612381, 0.4100000000000028066 ) ) ;
#688 = VERTEX_POINT ( 'NONE', #5126 ) ;
#689 = CARTESIAN_POINT ( 'NONE',  ( -1.499999999999999556, -1.500000000000000000, 0.6999999999999886313 ) ) ;
#690 = LINE ( 'NONE', #2663, #2836 ) ;
#691 = DIRECTION ( 'NONE',  ( 1.000000000000000000, -1.219727444046192488E-16, -0.0000000000000000000 ) ) ;
#692 = PLANE ( 'NONE',  #2612 ) ;
#693 = VECTOR ( 'NONE', #4826, 1000.000000000000000 ) ;
#694 = CARTESIAN_POINT ( 'NONE',  ( 1.499997242485289872, -1.400742627321157618, 0.7000224581550679170 ) ) ;
#695 = VERTEX_POINT ( 'NONE', #5060 ) ;
#696 = FACE_OUTER_BOUND ( 'NONE', #5392, .T. ) ;
#697 = CARTESIAN_POINT ( 'NONE',  ( 1.409153177620890762, 1.309898562456758508, 1.439887993336150140 ) ) ;
#698 = EDGE_CURVE ( 'NONE', #2292, #2187, #2261, .T. ) ;
#699 = ORIENTED_EDGE ( 'NONE', *, *, #2750, .T. ) ;
#700 = AXIS2_PLACEMENT_3D ( 'NONE', #5103, #95, #5673 ) ;
#701 = FILL_AREA_STYLE ('',( #4579 ) ) ;
#702 = EDGE_CURVE ( 'NONE', #259, #3268, #4957, .T. ) ;
#703 = CARTESIAN_POINT ( 'NONE',  ( 1.110000000000000098, -1.500000000000000000, 0.6999999999999999556 ) ) ;
#704 = SURFACE_SIDE_STYLE ('',( #3186 ) ) ;
#705 = CARTESIAN_POINT ( 'NONE',  ( 1.500000000000001110, 1.900001167703611937, 0.2900000000000002021 ) ) ;
#706 = ORIENTED_EDGE ( 'NONE', *, *, #911, .T. ) ;
#707 = VERTEX_POINT ( 'NONE', #5094 ) ;
#708 = EDGE_CURVE ( 'NONE', #5632, #4436, #1145, .T. ) ;
#709 = DIRECTION ( 'NONE',  ( 1.445602896647339410E-16, -1.000000000000000000, -5.420769999696859611E-35 ) ) ;
#710 = CYLINDRICAL_SURFACE ( 'NONE', #3962, 0.2899999999999938183 ) ;
#711 = VECTOR ( 'NONE', #2882, 1000.000000000000000 ) ;
#712 = EDGE_CURVE ( 'NONE', #2799, #6450, #592, .T. ) ;
#713 = ADVANCED_FACE ( 'NONE', ( #619 ), #2622, .T. ) ;
#714 = CARTESIAN_POINT ( 'NONE',  ( -0.6100000000000000977, -2.190001167703602647, 5.041540102057595618E-15 ) ) ;
#715 =( LENGTH_UNIT ( ) NAMED_UNIT ( * ) SI_UNIT ( .MILLI., .METRE. ) );
#716 = ORIENTED_EDGE ( 'NONE', *, *, #2958, .F. ) ;
#717 = VECTOR ( 'NONE', #654, 1000.000000000000000 ) ;
#718 = EDGE_LOOP ( 'NONE', ( #1087, #930, #553, #4942 ) ) ;
#719 = AXIS2_PLACEMENT_3D ( 'NONE', #5902, #818, #1782 ) ;
#720 = FACE_OUTER_BOUND ( 'NONE', #4043, .T. ) ;
#721 = EDGE_CURVE ( 'NONE', #6131, #3984, #5160, .T. ) ;
#722 = FACE_OUTER_BOUND ( 'NONE', #883, .T. ) ;
#723 = FILL_AREA_STYLE ('',( #2800 ) ) ;
#724 = EDGE_CURVE ( 'NONE', #3341, #4491, #3403, .T. ) ;
#725 =( GEOMETRIC_REPRESENTATION_CONTEXT ( 3 ) GLOBAL_UNCERTAINTY_ASSIGNED_CONTEXT ( ( #2219 ) ) GLOBAL_UNIT_ASSIGNED_CONTEXT ( ( #4805, #3299, #1297 ) ) REPRESENTATION_CONTEXT ( 'NONE', 'WORKASPACE' ) );
#726 = EDGE_LOOP ( 'NONE', ( #5642, #1950, #5366, #3334 ) ) ;
#727 = VERTEX_POINT ( 'NONE', #3715 ) ;
#728 = ORIENTED_EDGE ( 'NONE', *, *, #6055, .F. ) ;
#729 = DIRECTION ( 'NONE',  ( -0.0000000000000000000, -0.0000000000000000000, -1.000000000000000000 ) ) ;
#730 = DIRECTION ( 'NONE',  ( 0.0000000000000000000, 0.0000000000000000000, 1.000000000000000000 ) ) ;
#731 = VECTOR ( 'NONE', #4862, 1000.000000000000000 ) ;
#732 = EDGE_CURVE ( 'NONE', #1380, #470, #3772, .T. ) ;
#733 = ORIENTED_EDGE ( 'NONE', *, *, #6436, .F. ) ;
#734 = UNCERTAINTY_MEASURE_WITH_UNIT (LENGTH_MEASURE( 1.000000000000000082E-05 ), #132, 'distance_accuracy_value', 'NONE');
#735 = VECTOR ( 'NONE', #756, 1000.000000000000000 ) ;
#736 = DIRECTION ( 'NONE',  ( 0.0000000000000000000, 1.000000000000000000, 0.0000000000000000000 ) ) ;
#737 = AXIS2_PLACEMENT_3D ( 'NONE', #559, #1998, #5489 ) ;
#738 = LINE ( 'NONE', #3081, #4290 ) ;
#739 = ORIENTED_EDGE ( 'NONE', *, *, #3216, .T. ) ;
#740 = DIRECTION ( 'NONE',  ( 1.084202172485504434E-16, 1.000000000000000000, 0.0000000000000000000 ) ) ;
#741 = LINE ( 'NONE', #4281, #1726 ) ;
#742 = DIRECTION ( 'NONE',  ( 0.0000000000000000000, -1.000000000000000000, 0.0000000000000000000 ) ) ;
#743 = ORIENTED_EDGE ( 'NONE', *, *, #2559, .T. ) ;
#744 = VERTEX_POINT ( 'NONE', #811 ) ;
#745 = CARTESIAN_POINT ( 'NONE',  ( -0.3900000000000000133, -1.500000000000003553, 0.5000000000000042188 ) ) ;
#746 =( NAMED_UNIT ( * ) SI_UNIT ( $, .STERADIAN. ) SOLID_ANGLE_UNIT ( ) );
#747 = FACE_OUTER_BOUND ( 'NONE', #2863, .T. ) ;
#748 = VECTOR ( 'NONE', #2369, 1000.000000000000000 ) ;
#749 = ORIENTED_EDGE ( 'NONE', *, *, #2403, .T. ) ;
#750 = ADVANCED_FACE ( 'NONE', ( #6251 ), #5721, .F. ) ;
#751 = CYLINDRICAL_SURFACE ( 'NONE', #568, 0.09000000000000023259 ) ;
#752 = CARTESIAN_POINT ( 'NONE',  ( -0.1100000000000000699, -2.190001167703602647, 5.041540102057595618E-15 ) ) ;
#753 = AXIS2_PLACEMENT_3D ( 'NONE', #3438, #865, #5953 ) ;
#754 = FACE_OUTER_BOUND ( 'NONE', #2290, .T. ) ;
#755 = PRESENTATION_STYLE_ASSIGNMENT (( #3658 ) ) ;
#756 = DIRECTION ( 'NONE',  ( -1.000000000000000000, 2.168404344971008868E-16, -0.0000000000000000000 ) ) ;
#757 = EDGE_CURVE ( 'NONE', #4868, #5414, #2497, .T. ) ;
#758 = CIRCLE ( 'NONE', #5921, 0.2899999999999938183 ) ;
#759 = CARTESIAN_POINT ( 'NONE',  ( 1.500000000000001110, -2.190001167703602203, 0.2900000000000002021 ) ) ;
#760 = DIRECTION ( 'NONE',  ( 0.0000000000000000000, -1.000000000000000000, 0.0000000000000000000 ) ) ;
#761 = VECTOR ( 'NONE', #119, 1000.000000000000000 ) ;
#762 = CARTESIAN_POINT ( 'NONE',  ( 1.309898562456758064, 1.409153177620891206, 1.439887993336149918 ) ) ;
#763 = CARTESIAN_POINT ( 'NONE',  ( 0.3900000000000000688, 2.500000000000000000, 0.0000000000000000000 ) ) ;
#764 =( GEOMETRIC_REPRESENTATION_CONTEXT ( 3 ) GLOBAL_UNCERTAINTY_ASSIGNED_CONTEXT ( ( #5598 ) ) GLOBAL_UNIT_ASSIGNED_CONTEXT ( ( #5230, #6193, #1702 ) ) REPRESENTATION_CONTEXT ( 'NONE', 'WORKASPACE' ) );
#765 = CARTESIAN_POINT ( 'NONE',  ( 1.499567327329789368, 1.458632135056576073, 0.7035238361160931486 ) ) ;
#766 = CARTESIAN_POINT ( 'NONE',  ( 1.399999999999999467, 1.500000000000000000, 0.6999999999999886313 ) ) ;
#767 = FILL_AREA_STYLE ('',( #4737 ) ) ;
#768 = STYLED_ITEM ( 'NONE', ( #2145 ), #4979 ) ;
#769 =( NAMED_UNIT ( * ) SI_UNIT ( $, .STERADIAN. ) SOLID_ANGLE_UNIT ( ) );
#770 =( NAMED_UNIT ( * ) PLANE_ANGLE_UNIT ( ) SI_UNIT ( $, .RADIAN. ) );
#771 = DIRECTION ( 'NONE',  ( -1.000000000000000000, -2.168404344971008868E-16, -0.0000000000000000000 ) ) ;
#772 = ORIENTED_EDGE ( 'NONE', *, *, #5191, .T. ) ;
#773 = ORIENTED_EDGE ( 'NONE', *, *, #3230, .F. ) ;
#774 = STYLED_ITEM ( 'NONE', ( #2732 ), #5063 ) ;
#775 = DIRECTION ( 'NONE',  ( 1.000000000000000000, 1.084202172485504434E-16, -0.0000000000000000000 ) ) ;
#776 =( NAMED_UNIT ( * ) PLANE_ANGLE_UNIT ( ) SI_UNIT ( $, .RADIAN. ) );
#777 = AXIS2_PLACEMENT_3D ( 'NONE', #2227, #5242, #736 ) ;
#778 = DIRECTION ( 'NONE',  ( -1.000000000000000000, -2.168404344971008868E-16, -0.0000000000000000000 ) ) ;
#779 = AXIS2_PLACEMENT_3D ( 'NONE', #5110, #68, #2548 ) ;
#780 = VERTEX_POINT ( 'NONE', #2709 ) ;
#781 = CARTESIAN_POINT ( 'NONE',  ( 0.6100000000000000977, -1.500000000000000000, 0.5000000000000042188 ) ) ;
#782 = CARTESIAN_POINT ( 'NONE',  ( 0.1100000000000001393, 2.500000000000000000, 0.0000000000000000000 ) ) ;
#783 = UNCERTAINTY_MEASURE_WITH_UNIT (LENGTH_MEASURE( 1.000000000000000082E-05 ), #3396, 'distance_accuracy_value', 'NONE');
#784 = AXIS2_PLACEMENT_3D ( 'NONE', #4626, #1638, #3159 ) ;
#785 = SURFACE_STYLE_USAGE ( .BOTH. , #4259 ) ;
#786 = CARTESIAN_POINT ( 'NONE',  ( 1.400742627321157174, -1.499997242485289650, 0.4999775418449295961 ) ) ;
#787 = EDGE_CURVE ( 'NONE', #1337, #2604, #4252, .T. ) ;
#788 = AXIS2_PLACEMENT_3D ( 'NONE', #2564, #229, #2003 ) ;
#789 = FACE_OUTER_BOUND ( 'NONE', #1049, .T. ) ;
#790 =( NAMED_UNIT ( * ) SI_UNIT ( $, .STERADIAN. ) SOLID_ANGLE_UNIT ( ) );
#791 = DIRECTION ( 'NONE',  ( 0.0000000000000000000, -1.000000000000000000, 0.0000000000000000000 ) ) ;
#792 = UNCERTAINTY_MEASURE_WITH_UNIT (LENGTH_MEASURE( 1.000000000000000082E-05 ), #1769, 'distance_accuracy_value', 'NONE');
#793 = ADVANCED_FACE ( 'NONE', ( #4285 ), #300, .F. ) ;
#794 =( NAMED_UNIT ( * ) SI_UNIT ( $, .STERADIAN. ) SOLID_ANGLE_UNIT ( ) );
#795 =( NAMED_UNIT ( * ) PLANE_ANGLE_UNIT ( ) SI_UNIT ( $, .RADIAN. ) );
#796 =( NAMED_UNIT ( * ) PLANE_ANGLE_UNIT ( ) SI_UNIT ( $, .RADIAN. ) );
#797 = VERTEX_POINT ( 'NONE', #267 ) ;
#798 = FACE_OUTER_BOUND ( 'NONE', #1475, .T. ) ;
#799 = DIRECTION ( 'NONE',  ( -0.9925461516413223162, 0.0000000000000000000, -0.1218693434051444924 ) ) ;
#800 = EDGE_CURVE ( 'NONE', #6179, #5054, #5022, .T. ) ;
#801 = ORIENTED_EDGE ( 'NONE', *, *, #1073, .F. ) ;
#802 = CARTESIAN_POINT ( 'NONE',  ( 1.362413649183243036, -1.499999999999999556, 1.100000000000000089 ) ) ;
#803 = DIRECTION ( 'NONE',  ( -1.445602896647339410E-16, 1.000000000000000000, 3.123875638914354260E-35 ) ) ;
#804 = FILL_AREA_STYLE_COLOUR ( '', #1452 ) ;
#805 = EDGE_CURVE ( 'NONE', #1387, #5412, #6316, .T. ) ;
#806 = ORIENTED_EDGE ( 'NONE', *, *, #4488, .F. ) ;
#807 = CARTESIAN_POINT ( 'NONE',  ( 1.500000000000001110, -1.900001167703611937, 0.2900000000000002021 ) ) ;
#808 = ORIENTED_EDGE ( 'NONE', *, *, #4764, .T. ) ;
#809 = VERTEX_POINT ( 'NONE', #3306 ) ;
#810 =( BOUNDED_CURVE ( )  B_SPLINE_CURVE ( 3, ( #3701, #5176, #3140, #694 ),
 .UNSPECIFIED., .F., .T. ) 
 B_SPLINE_CURVE_WITH_KNOTS ( ( 4, 4 ),
 ( 2.363620831664866806, 3.919564475514719426 ),
 .UNSPECIFIED. ) 
 CURVE ( )  GEOMETRIC_REPRESENTATION_ITEM ( )  RATIONAL_B_SPLINE_CURVE ( ( 1.000000000000000000, 0.8082256338399269602, 0.8082256338399269602, 1.000000000000000000 ) ) 
 REPRESENTATION_ITEM ( '' )  );
#811 = CARTESIAN_POINT ( 'NONE',  ( 0.8900000000000000133, -2.500000000000000000, 0.0000000000000000000 ) ) ;
#812 = AXIS2_PLACEMENT_3D ( 'NONE', #171, #4150, #6185 ) ;
#813 = CARTESIAN_POINT ( 'NONE',  ( 1.500000000000001110, 2.100001167703606342, 0.4100000000000035838 ) ) ;
#814 = ORIENTED_EDGE ( 'NONE', *, *, #3773, .F. ) ;
#815 = VERTEX_POINT ( 'NONE', #2735 ) ;
#816 = CARTESIAN_POINT ( 'NONE',  ( -1.499999999999999556, 1.450886175638838260, 1.100000000000000089 ) ) ;
#817 = AXIS2_PLACEMENT_3D ( 'NONE', #5222, #3880, #4840 ) ;
#818 = DIRECTION ( 'NONE',  ( 1.000000000000000000, 1.084202172485504434E-16, -0.0000000000000000000 ) ) ;
#819 = VECTOR ( 'NONE', #3490, 1000.000000000000000 ) ;
#820 = AXIS2_PLACEMENT_3D ( 'NONE', #5536, #6456, #5572 ) ;
#821 = ORIENTED_EDGE ( 'NONE', *, *, #6272, .F. ) ;
#822 = CARTESIAN_POINT ( 'NONE',  ( -1.499999999999999556, -1.500000000000000000, 0.5000000000000106581 ) ) ;
#823 = PRESENTATION_LAYER_ASSIGNMENT (  '', '', ( #1248 ) ) ;
#824 = COLOUR_RGB ( '',0.0000000000000000000, 0.0000000000000000000, 0.0000000000000000000 ) ;
#825 = FILL_AREA_STYLE ('',( #6332 ) ) ;
#826 = FACE_OUTER_BOUND ( 'NONE', #2081, .T. ) ;
#827 =( GEOMETRIC_REPRESENTATION_CONTEXT ( 3 ) GLOBAL_UNCERTAINTY_ASSIGNED_CONTEXT ( ( #6139 ) ) GLOBAL_UNIT_ASSIGNED_CONTEXT ( ( #1819, #5740, #3830 ) ) REPRESENTATION_CONTEXT ( 'NONE', 'WORKASPACE' ) );
#828 = CARTESIAN_POINT ( 'NONE',  ( -1.110000000000000098, 1.900001167703612603, 0.2900000000000002021 ) ) ;
#829 = AXIS2_PLACEMENT_3D ( 'NONE', #478, #3208, #2729 ) ;
#830 = LINE ( 'NONE', #1324, #3672 ) ;
#831 = ADVANCED_FACE ( 'NONE', ( #6220 ), #1266, .T. ) ;
#832 = ORIENTED_EDGE ( 'NONE', *, *, #329, .F. ) ;
#833 = FACE_OUTER_BOUND ( 'NONE', #6280, .T. ) ;
#834 = MECHANICAL_DESIGN_GEOMETRIC_PRESENTATION_REPRESENTATION (  '', ( #1255 ), #6414 ) ;
#835 = ORIENTED_EDGE ( 'NONE', *, *, #4893, .T. ) ;
#836 = EDGE_CURVE ( 'NONE', #1396, #2588, #2480, .T. ) ;
#837 = DIRECTION ( 'NONE',  ( 1.000000000000000000, 2.168404344971008868E-16, 0.0000000000000000000 ) ) ;
#838 = PLANE ( 'NONE',  #6133 ) ;
#839 = VERTEX_POINT ( 'NONE', #3276 ) ;
#840 = EDGE_LOOP ( 'NONE', ( #4155, #4710, #677, #124 ) ) ;
#841 = ADVANCED_FACE ( 'NONE', ( #4317 ), #3682, .F. ) ;
#842 = PRESENTATION_STYLE_ASSIGNMENT (( #2794 ) ) ;
#843 = LINE ( 'NONE', #2356, #5513 ) ;
#844 = ORIENTED_EDGE ( 'NONE', *, *, #5514, .T. ) ;
#845 = DIRECTION ( 'NONE',  ( -1.000000000000000000, -2.168404344971008868E-16, -0.0000000000000000000 ) ) ;
#846 = UNCERTAINTY_MEASURE_WITH_UNIT (LENGTH_MEASURE( 1.000000000000000082E-05 ), #1986, 'distance_accuracy_value', 'NONE');
#847 = CARTESIAN_POINT ( 'NONE',  ( 0.8899999999999999023, -1.500001167703639338, 0.5000000000000042188 ) ) ;
#848 = VECTOR ( 'NONE', #1376, 1000.000000000000000 ) ;
#849 = CARTESIAN_POINT ( 'NONE',  ( 1.458632135056575629, -1.499567327329789368, 0.4964761638838969815 ) ) ;
#850 = DIRECTION ( 'NONE',  ( 0.0000000000000000000, 0.0000000000000000000, -1.000000000000000000 ) ) ;
#851 =( LENGTH_UNIT ( ) NAMED_UNIT ( * ) SI_UNIT ( .MILLI., .METRE. ) );
#852 = UNCERTAINTY_MEASURE_WITH_UNIT (LENGTH_MEASURE( 1.000000000000000082E-05 ), #521, 'distance_accuracy_value', 'NONE');
#853 = EDGE_CURVE ( 'NONE', #1673, #2359, #8, .T. ) ;
#854 = AXIS2_PLACEMENT_3D ( 'NONE', #3640, #2701, #5687 ) ;
#855 = DIRECTION ( 'NONE',  ( 0.0000000000000000000, 0.0000000000000000000, -1.000000000000000000 ) ) ;
#856 = LINE ( 'NONE', #1552, #1382 ) ;
#857 = AXIS2_PLACEMENT_3D ( 'NONE', #5745, #381, #5874 ) ;
#858 = ORIENTED_EDGE ( 'NONE', *, *, #6096, .T. ) ;
#859 = DIRECTION ( 'NONE',  ( 1.219727444046192488E-16, 1.000000000000000000, 0.0000000000000000000 ) ) ;
#860 = ORIENTED_EDGE ( 'NONE', *, *, #1001, .T. ) ;
#861 = COLOUR_RGB ( '',0.0000000000000000000, 0.0000000000000000000, 0.0000000000000000000 ) ;
#862 = EDGE_CURVE ( 'NONE', #363, #5604, #5992, .T. ) ;
#863 = ORIENTED_EDGE ( 'NONE', *, *, #5758, .F. ) ;
#864 = CARTESIAN_POINT ( 'NONE',  ( 1.500000000000001110, 1.900001167703612381, 0.4100000000000028066 ) ) ;
#865 = DIRECTION ( 'NONE',  ( 0.0000000000000000000, 0.0000000000000000000, -1.000000000000000000 ) ) ;
#866 = ORIENTED_EDGE ( 'NONE', *, *, #5149, .T. ) ;
#867 = ORIENTED_EDGE ( 'NONE', *, *, #2193, .F. ) ;
#868 = EDGE_CURVE ( 'NONE', #3406, #530, #2423, .T. ) ;
#869 = PRESENTATION_STYLE_ASSIGNMENT (( #2248 ) ) ;
#870 = DIRECTION ( 'NONE',  ( -1.000000000000000000, 2.168404344971008868E-16, -0.0000000000000000000 ) ) ;
#871 = FACE_OUTER_BOUND ( 'NONE', #5576, .T. ) ;
#872 = VERTEX_POINT ( 'NONE', #458 ) ;
#873 = PLANE ( 'NONE',  #364 ) ;
#874 = ORIENTED_EDGE ( 'NONE', *, *, #5382, .T. ) ;
#875 = COLOUR_RGB ( '',0.0000000000000000000, 0.0000000000000000000, 0.0000000000000000000 ) ;
#876 = ORIENTED_EDGE ( 'NONE', *, *, #6446, .T. ) ;
#877 = FACE_OUTER_BOUND ( 'NONE', #6071, .T. ) ;
#878 = CARTESIAN_POINT ( 'NONE',  ( -1.499997242485289428, -1.400742627321157396, 0.7000224581550681391 ) ) ;
#879 = CARTESIAN_POINT ( 'NONE',  ( -0.6100000000000000977, -1.500000000000003553, 0.6999999999999999556 ) ) ;
#880 = STYLED_ITEM ( 'NONE', ( #4874 ), #5114 ) ;
#881 = DIRECTION ( 'NONE',  ( -1.000000000000000000, -1.084202172485504434E-16, 0.0000000000000000000 ) ) ;
#882 = EDGE_CURVE ( 'NONE', #2841, #2673, #3128, .T. ) ;
#883 = EDGE_LOOP ( 'NONE', ( #245, #3313, #1500, #2393 ) ) ;
#884 = DIRECTION ( 'NONE',  ( 1.000000000000000000, 0.0000000000000000000, 0.0000000000000000000 ) ) ;
#885 = AXIS2_PLACEMENT_3D ( 'NONE', #1417, #5437, #447 ) ;
#886 = DIRECTION ( 'NONE',  ( 1.000000000000000000, 0.0000000000000000000, -0.0000000000000000000 ) ) ;
#887 = LINE ( 'NONE', #5935, #5327 ) ;
#888 = DIRECTION ( 'NONE',  ( -0.0000000000000000000, 0.0000000000000000000, 1.000000000000000000 ) ) ;
#889 = ORIENTED_EDGE ( 'NONE', *, *, #5306, .F. ) ;
#890 = SURFACE_STYLE_FILL_AREA ( #63 ) ;
#891 = AXIS2_PLACEMENT_3D ( 'NONE', #1913, #441, #2437 ) ;
#892 = DIRECTION ( 'NONE',  ( 0.0000000000000000000, -1.000000000000000000, 0.0000000000000000000 ) ) ;
#893 = ORIENTED_EDGE ( 'NONE', *, *, #3996, .T. ) ;
#894 = LINE ( 'NONE', #1884, #4236 ) ;
#895 = DIRECTION ( 'NONE',  ( -1.000000000000000000, -2.168404344971008868E-16, 0.0000000000000000000 ) ) ;
#896 = ORIENTED_EDGE ( 'NONE', *, *, #2499, .F. ) ;
#897 = DIRECTION ( 'NONE',  ( 1.000000000000000000, 1.084202172485504434E-16, -0.0000000000000000000 ) ) ;
#898 = LINE ( 'NONE', #3434, #5450 ) ;
#899 = VERTEX_POINT ( 'NONE', #5449 ) ;
#900 = ORIENTED_EDGE ( 'NONE', *, *, #3697, .F. ) ;
#901 = CARTESIAN_POINT ( 'NONE',  ( 1.110000000000000098, 1.500000000000000000, 0.6999999999999999556 ) ) ;
#902 = LINE ( 'NONE', #5884, #5062 ) ;
#903 = EDGE_LOOP ( 'NONE', ( #6337, #3195, #4070 ) ) ;
#904 = ORIENTED_EDGE ( 'NONE', *, *, #5888, .T. ) ;
#905 = DIRECTION ( 'NONE',  ( 2.168404344971008868E-16, 1.000000000000000000, 0.0000000000000000000 ) ) ;
#906 = DIRECTION ( 'NONE',  ( -1.000000000000000000, -1.219727444046192488E-16, 0.0000000000000000000 ) ) ;
#907 = CARTESIAN_POINT ( 'NONE',  ( -1.109999999999999876, -2.500000000000007105, 0.0000000000000000000 ) ) ;
#908 = ORIENTED_EDGE ( 'NONE', *, *, #4987, .F. ) ;
#909 = DIRECTION ( 'NONE',  ( 1.000000000000000000, 0.0000000000000000000, 0.0000000000000000000 ) ) ;
#910 = ORIENTED_EDGE ( 'NONE', *, *, #137, .F. ) ;
#911 = EDGE_CURVE ( 'NONE', #5823, #37, #2922, .T. ) ;
#912 = SURFACE_STYLE_USAGE ( .BOTH. , #4395 ) ;
#913 = EDGE_CURVE ( 'NONE', #6279, #477, #3920, .T. ) ;
#914 = FACE_OUTER_BOUND ( 'NONE', #4704, .T. ) ;
#915 = DIRECTION ( 'NONE',  ( -1.000000000000000000, -0.0000000000000000000, 0.0000000000000000000 ) ) ;
#916 = AXIS2_PLACEMENT_3D ( 'NONE', #4438, #2505, #3423 ) ;
#917 =( NAMED_UNIT ( * ) PLANE_ANGLE_UNIT ( ) SI_UNIT ( $, .RADIAN. ) );
#918 = EDGE_LOOP ( 'NONE', ( #1699, #4329, #5832, #3613 ) ) ;
#919 = EDGE_CURVE ( 'NONE', #37, #135, #2485, .T. ) ;
#920 = ORIENTED_EDGE ( 'NONE', *, *, #3996, .F. ) ;
#921 = DIRECTION ( 'NONE',  ( 0.0000000000000000000, -1.000000000000000000, 0.0000000000000000000 ) ) ;
#922 = COLOUR_RGB ( '',0.0000000000000000000, 0.0000000000000000000, 0.0000000000000000000 ) ;
#923 = DIRECTION ( 'NONE',  ( 0.1218693434051440205, 0.0000000000000000000, 0.9925461516413224272 ) ) ;
#924 = CARTESIAN_POINT ( 'NONE',  ( 1.461668264347375734, -1.362413649183243258, 1.012186934340514544 ) ) ;
#925 = FACE_OUTER_BOUND ( 'NONE', #3709, .T. ) ;
#926 =( BOUNDED_CURVE ( )  B_SPLINE_CURVE ( 3, ( #6426, #2937, #3008, #2010 ),
 .UNSPECIFIED., .F., .T. ) 
 B_SPLINE_CURVE_WITH_KNOTS ( ( 4, 4 ),
 ( 3.141592653589793116, 3.149018995062314641 ),
 .UNSPECIFIED. ) 
 CURVE ( )  GEOMETRIC_REPRESENTATION_ITEM ( )  RATIONAL_B_SPLINE_CURVE ( ( 1.000000000000000000, 0.9999954041263082738, 0.9999954041263082738, 1.000000000000000000 ) ) 
 REPRESENTATION_ITEM ( '' )  );
#927 = DIRECTION ( 'NONE',  ( -1.000000000000000000, 0.0000000000000000000, 0.0000000000000000000 ) ) ;
#928 = ORIENTED_EDGE ( 'NONE', *, *, #6011, .F. ) ;
#929 = EDGE_CURVE ( 'NONE', #5251, #3404, #1896, .T. ) ;
#930 = ORIENTED_EDGE ( 'NONE', *, *, #2808, .F. ) ;
#931 = LINE ( 'NONE', #4414, #4759 ) ;
#932 = DIRECTION ( 'NONE',  ( 0.0000000000000000000, -1.000000000000000000, 0.0000000000000000000 ) ) ;
#933 = PRESENTATION_LAYER_ASSIGNMENT (  '', '', ( #418 ) ) ;
#934 = ORIENTED_EDGE ( 'NONE', *, *, #6087, .F. ) ;
#935 = CARTESIAN_POINT ( 'NONE',  ( -1.110000000000000098, 2.100001167703602789, 0.2900000000000007572 ) ) ;
#936 = DIRECTION ( 'NONE',  ( -0.0000000000000000000, -0.0000000000000000000, -1.000000000000000000 ) ) ;
#937 = VECTOR ( 'NONE', #1916, 1000.000000000000000 ) ;
#938 = VECTOR ( 'NONE', #5975, 1000.000000000000000 ) ;
#939 = VERTEX_POINT ( 'NONE', #6410 ) ;
#940 = VERTEX_POINT ( 'NONE', #4990 ) ;
#941 = AXIS2_PLACEMENT_3D ( 'NONE', #6448, #3813, #3849 ) ;
#942 = CARTESIAN_POINT ( 'NONE',  ( 0.8899999999999999023, 1.500000000000000000, 0.0000000000000000000 ) ) ;
#943 = AXIS2_PLACEMENT_3D ( 'NONE', #576, #6113, #1061 ) ;
#944 = CARTESIAN_POINT ( 'NONE',  ( -1.110000000000000098, 2.100001167703602789, 0.4100000000000035838 ) ) ;
#945 = CARTESIAN_POINT ( 'NONE',  ( 0.1100000000000000561, -1.810001167703612523, 0.6999999999999999556 ) ) ;
#946 = ORIENTED_EDGE ( 'NONE', *, *, #2330, .F. ) ;
#947 =( NAMED_UNIT ( * ) SI_UNIT ( $, .STERADIAN. ) SOLID_ANGLE_UNIT ( ) );
#948 = ORIENTED_EDGE ( 'NONE', *, *, #5340, .T. ) ;
#949 = ORIENTED_EDGE ( 'NONE', *, *, #6039, .T. ) ;
#950 = PLANE ( 'NONE',  #4334 ) ;
#951 = CARTESIAN_POINT ( 'NONE',  ( -1.362413649183243036, -1.362413649183243480, 1.000000000000000000 ) ) ;
#952 = CARTESIAN_POINT ( 'NONE',  ( 0.6100000000000000977, 1.500000000000000000, 0.5000000000000042188 ) ) ;
#953 = DIRECTION ( 'NONE',  ( 0.0000000000000000000, -1.000000000000000000, 0.0000000000000000000 ) ) ;
#954 = CARTESIAN_POINT ( 'NONE',  ( 0.1100000000000000144, 1.500000000000000000, 0.0000000000000000000 ) ) ;
#955 = ORIENTED_EDGE ( 'NONE', *, *, #2193, .T. ) ;
#956 = ADVANCED_FACE ( 'NONE', ( #4914 ), #1996, .T. ) ;
#957 = VERTEX_POINT ( 'NONE', #979 ) ;
#958 = LINE ( 'NONE', #3493, #2935 ) ;
#959 = PLANE ( 'NONE',  #298 ) ;
#960 =( LENGTH_UNIT ( ) NAMED_UNIT ( * ) SI_UNIT ( .MILLI., .METRE. ) );
#961 = PRESENTATION_STYLE_ASSIGNMENT (( #2908 ) ) ;
#962 = CARTESIAN_POINT ( 'NONE',  ( 0.1100000000000000699, -2.100001167703606786, 0.4100000000000035838 ) ) ;
#963 = PLANE ( 'NONE',  #2296 ) ;
#964 = VERTEX_POINT ( 'NONE', #1428 ) ;
#965 = VECTOR ( 'NONE', #4303, 1000.000000000000000 ) ;
#966 = EDGE_CURVE ( 'NONE', #5385, #1992, #6028, .T. ) ;
#967 = LINE ( 'NONE', #1919, #3047 ) ;
#968 = ORIENTED_EDGE ( 'NONE', *, *, #5352, .F. ) ;
#969 = DIRECTION ( 'NONE',  ( 0.0000000000000000000, -1.000000000000000000, 0.0000000000000000000 ) ) ;
#970 =( GEOMETRIC_REPRESENTATION_CONTEXT ( 3 ) GLOBAL_UNCERTAINTY_ASSIGNED_CONTEXT ( ( #985 ) ) GLOBAL_UNIT_ASSIGNED_CONTEXT ( ( #5851, #1692, #1204 ) ) REPRESENTATION_CONTEXT ( 'NONE', 'WORKASPACE' ) );
#971 = DIRECTION ( 'NONE',  ( -1.000000000000000000, 1.084202172485504434E-16, 0.0000000000000000000 ) ) ;
#972 = VERTEX_POINT ( 'NONE', #2455 ) ;
#973 = ORIENTED_EDGE ( 'NONE', *, *, #3174, .F. ) ;
#974 = LINE ( 'NONE', #4312, #6052 ) ;
#975 = AXIS2_PLACEMENT_3D ( 'NONE', #100, #4012, #3104 ) ;
#976 = CARTESIAN_POINT ( 'NONE',  ( 0.6100000000000000977, 1.500000000000000000, 0.6999999999999999556 ) ) ;
#977 = VERTEX_POINT ( 'NONE', #4880 ) ;
#978 = ORIENTED_EDGE ( 'NONE', *, *, #3930, .T. ) ;
#979 = CARTESIAN_POINT ( 'NONE',  ( 0.1100000000000000699, 2.500001167703630234, 0.2000000000000000389 ) ) ;
#980 = SURFACE_SIDE_STYLE ('',( #3369 ) ) ;
#981 = ORIENTED_EDGE ( 'NONE', *, *, #3661, .T. ) ;
#982 = EDGE_LOOP ( 'NONE', ( #1468, #4831, #1420, #4466 ) ) ;
#983 = STYLED_ITEM ( 'NONE', ( #434 ), #4818 ) ;
#984 = SURFACE_STYLE_FILL_AREA ( #2964 ) ;
#985 = UNCERTAINTY_MEASURE_WITH_UNIT (LENGTH_MEASURE( 1.000000000000000082E-05 ), #5851, 'distance_accuracy_value', 'NONE');
#986 = CARTESIAN_POINT ( 'NONE',  ( 1.500000000000001332, -2.500001167703629790, 0.2000000000000000389 ) ) ;
#987 =( LENGTH_UNIT ( ) NAMED_UNIT ( * ) SI_UNIT ( .MILLI., .METRE. ) );
#988 = DIRECTION ( 'NONE',  ( -1.219727444046192488E-16, -1.000000000000000000, 0.0000000000000000000 ) ) ;
#989 =( GEOMETRIC_REPRESENTATION_CONTEXT ( 3 ) GLOBAL_UNCERTAINTY_ASSIGNED_CONTEXT ( ( #1973 ) ) GLOBAL_UNIT_ASSIGNED_CONTEXT ( ( #528, #167, #4526 ) ) REPRESENTATION_CONTEXT ( 'NONE', 'WORKASPACE' ) );
#990 = ORIENTED_EDGE ( 'NONE', *, *, #5713, .T. ) ;
#991 = LINE ( 'NONE', #57, #4530 ) ;
#992 = DIRECTION ( 'NONE',  ( -1.000000000000000000, -1.084202172485504434E-16, 0.0000000000000000000 ) ) ;
#993 = MECHANICAL_DESIGN_GEOMETRIC_PRESENTATION_REPRESENTATION (  '', ( #370 ), #6051 ) ;
#994 = STYLED_ITEM ( 'NONE', ( #5750 ), #5032 ) ;
#995 = EDGE_CURVE ( 'NONE', #3215, #1187, #1965, .T. ) ;
#996 =( LENGTH_UNIT ( ) NAMED_UNIT ( * ) SI_UNIT ( .MILLI., .METRE. ) );
#997 = ORIENTED_EDGE ( 'NONE', *, *, #2051, .T. ) ;
#998 = AXIS2_PLACEMENT_3D ( 'NONE', #4569, #2610, #4694 ) ;
#999 = AXIS2_PLACEMENT_3D ( 'NONE', #1353, #5512, #5617 ) ;
#1000 = LINE ( 'NONE', #4568, #4431 ) ;
#1001 = EDGE_CURVE ( 'NONE', #1992, #632, #356, .T. ) ;
#1002 = VERTEX_POINT ( 'NONE', #1861 ) ;
#1003 = EDGE_CURVE ( 'NONE', #5189, #1483, #3843, .T. ) ;
#1004 = FILL_AREA_STYLE ('',( #5516 ) ) ;
#1005 = EDGE_CURVE ( 'NONE', #1776, #1537, #1988, .T. ) ;
#1006 = DIRECTION ( 'NONE',  ( -1.000000000000000000, 0.0000000000000000000, 0.0000000000000000000 ) ) ;
#1007 = CARTESIAN_POINT ( 'NONE',  ( 0.1100000000000000699, -1.900001167703612603, 0.4100000000000028066 ) ) ;
#1008 = PRESENTATION_LAYER_ASSIGNMENT (  '', '', ( #1831 ) ) ;
#1009 = CARTESIAN_POINT ( 'NONE',  ( 1.500000000000001110, -2.100001167703606342, 0.4100000000000035838 ) ) ;
#1010 = ORIENTED_EDGE ( 'NONE', *, *, #4480, .T. ) ;
#1011 = EDGE_CURVE ( 'NONE', #4909, #5321, #2388, .T. ) ;
#1012 = DIRECTION ( 'NONE',  ( -4.336808689942015369E-15, 1.000000000000000000, 0.0000000000000000000 ) ) ;
#1013 = SURFACE_STYLE_FILL_AREA ( #44 ) ;
#1014 = EDGE_CURVE ( 'NONE', #2673, #1337, #162, .T. ) ;
#1015 = LINE ( 'NONE', #2527, #5253 ) ;
#1016 = ORIENTED_EDGE ( 'NONE', *, *, #6482, .F. ) ;
#1017 = ORIENTED_EDGE ( 'NONE', *, *, #6378, .T. ) ;
#1018 = ADVANCED_FACE ( 'NONE', ( #5050 ), #2642, .T. ) ;
#1019 = CARTESIAN_POINT ( 'NONE',  ( 1.500000000000001110, -2.190001167703602203, 0.2900000000000002021 ) ) ;
#1020 = CARTESIAN_POINT ( 'NONE',  ( -1.461668264347375290, -1.500000000000000000, 1.012186934340514544 ) ) ;
#1021 = PRESENTATION_LAYER_ASSIGNMENT (  '', '', ( #1749 ) ) ;
#1022 = ORIENTED_EDGE ( 'NONE', *, *, #1503, .T. ) ;
#1023 = ORIENTED_EDGE ( 'NONE', *, *, #2608, .F. ) ;
#1024 = CARTESIAN_POINT ( 'NONE',  ( -1.189999999999999725, -0.8900000000000000133, 1.099900000000000100 ) ) ;
#1025 = DIRECTION ( 'NONE',  ( 2.168404344971008868E-16, 1.000000000000000000, 0.0000000000000000000 ) ) ;
#1026 = FILL_AREA_STYLE_COLOUR ( '', #6062 ) ;
#1027 =( BOUNDED_CURVE ( )  B_SPLINE_CURVE ( 3, ( #6089, #1555, #3537, #3394 ),
 .UNSPECIFIED., .F., .T. ) 
 B_SPLINE_CURVE_WITH_KNOTS ( ( 4, 4 ),
 ( 3.141592653589793116, 3.149018995062314641 ),
 .UNSPECIFIED. ) 
 CURVE ( )  GEOMETRIC_REPRESENTATION_ITEM ( )  RATIONAL_B_SPLINE_CURVE ( ( 1.000000000000000000, 0.9999954041263082738, 0.9999954041263082738, 1.000000000000000000 ) ) 
 REPRESENTATION_ITEM ( '' )  );
#1028 = SURFACE_SIDE_STYLE ('',( #890 ) ) ;
#1029 = LINE ( 'NONE', #2101, #5351 ) ;
#1030 = ADVANCED_FACE ( 'NONE', ( #4641 ), #1111, .T. ) ;
#1031 = STYLED_ITEM ( 'NONE', ( #3554 ), #643 ) ;
#1032 = FILL_AREA_STYLE_COLOUR ( '', #5496 ) ;
#1033 =( LENGTH_UNIT ( ) NAMED_UNIT ( * ) SI_UNIT ( .MILLI., .METRE. ) );
#1034 = CARTESIAN_POINT ( 'NONE',  ( 1.500000000000001110, -1.810001167703611191, 0.5000000000000042188 ) ) ;
#1035 = ORIENTED_EDGE ( 'NONE', *, *, #1277, .T. ) ;
#1036 = AXIS2_PLACEMENT_3D ( 'NONE', #4816, #4918, #6379 ) ;
#1037 = AXIS2_PLACEMENT_3D ( 'NONE', #3319, #1084, #2966 ) ;
#1038 = EDGE_CURVE ( 'NONE', #5666, #1363, #5982, .T. ) ;
#1039 = DIRECTION ( 'NONE',  ( -0.0000000000000000000, 0.0000000000000000000, -1.000000000000000000 ) ) ;
#1040 = DIRECTION ( 'NONE',  ( 1.000000000000000000, 0.0000000000000000000, 0.0000000000000000000 ) ) ;
#1041 = DIRECTION ( 'NONE',  ( 0.0000000000000000000, 0.0000000000000000000, -1.000000000000000000 ) ) ;
#1042 = VECTOR ( 'NONE', #128, 1000.000000000000000 ) ;
#1043 = SURFACE_STYLE_USAGE ( .BOTH. , #980 ) ;
#1044 = STYLED_ITEM ( 'NONE', ( #3146 ), #1529 ) ;
#1045 = CARTESIAN_POINT ( 'NONE',  ( -0.3899999999999999578, 2.190001167703602647, 5.041540102057595618E-15 ) ) ;
#1046 = EDGE_CURVE ( 'NONE', #1828, #1584, #4578, .T. ) ;
#1047 = ORIENTED_EDGE ( 'NONE', *, *, #1073, .T. ) ;
#1048 = PLANE ( 'NONE',  #6458 ) ;
#1049 = EDGE_LOOP ( 'NONE', ( #292, #4584, #5125, #5845 ) ) ;
#1050 = EDGE_CURVE ( 'NONE', #4117, #506, #2082, .T. ) ;
#1051 = VECTOR ( 'NONE', #4713, 1000.000000000000000 ) ;
#1052 = AXIS2_PLACEMENT_3D ( 'NONE', #4935, #5476, #1951 ) ;
#1053 = DIRECTION ( 'NONE',  ( 0.0000000000000000000, -1.000000000000000000, 0.0000000000000000000 ) ) ;
#1054 = UNCERTAINTY_MEASURE_WITH_UNIT (LENGTH_MEASURE( 1.000000000000000082E-05 ), #5369, 'distance_accuracy_value', 'NONE');
#1055 =( GEOMETRIC_REPRESENTATION_CONTEXT ( 3 ) GLOBAL_UNCERTAINTY_ASSIGNED_CONTEXT ( ( #5325 ) ) GLOBAL_UNIT_ASSIGNED_CONTEXT ( ( #5250, #4176, #4112 ) ) REPRESENTATION_CONTEXT ( 'NONE', 'WORKASPACE' ) );
#1056 = ORIENTED_EDGE ( 'NONE', *, *, #5888, .F. ) ;
#1057 = DIRECTION ( 'NONE',  ( -0.0000000000000000000, -0.0000000000000000000, -1.000000000000000000 ) ) ;
#1058 = SURFACE_STYLE_FILL_AREA ( #2540 ) ;
#1059 = DIRECTION ( 'NONE',  ( -0.0000000000000000000, -0.0000000000000000000, 1.000000000000000000 ) ) ;
#1060 = DIRECTION ( 'NONE',  ( 1.219727444046192488E-16, -1.000000000000000000, 0.0000000000000000000 ) ) ;
#1061 = DIRECTION ( 'NONE',  ( -1.084202172485504434E-16, 1.000000000000000000, 0.0000000000000000000 ) ) ;
#1062 = ORIENTED_EDGE ( 'NONE', *, *, #288, .T. ) ;
#1063 = FACE_OUTER_BOUND ( 'NONE', #1130, .T. ) ;
#1064 = EDGE_CURVE ( 'NONE', #2997, #1115, #1265, .T. ) ;
#1065 = DIRECTION ( 'NONE',  ( 1.000000000000000000, -1.219727444046192488E-16, 0.0000000000000000000 ) ) ;
#1066 = VERTEX_POINT ( 'NONE', #5659 ) ;
#1067 = CARTESIAN_POINT ( 'NONE',  ( 1.501452569369524648, 1.402197954205392838, 0.5118302281560888067 ) ) ;
#1068 = CARTESIAN_POINT ( 'NONE',  ( 0.6100000000000002087, 2.500001167703629790, 0.2000000000000000389 ) ) ;
#1069 =( NAMED_UNIT ( * ) SI_UNIT ( $, .STERADIAN. ) SOLID_ANGLE_UNIT ( ) );
#1070 = STYLED_ITEM ( 'NONE', ( #5816 ), #3710 ) ;
#1071 = DIRECTION ( 'NONE',  ( 1.084202172485504434E-16, -1.000000000000000000, 0.0000000000000000000 ) ) ;
#1072 = DIRECTION ( 'NONE',  ( -0.0000000000000000000, -0.0000000000000000000, -1.000000000000000000 ) ) ;
#1073 = EDGE_CURVE ( 'NONE', #4777, #3418, #1593, .T. ) ;
#1074 = SURFACE_STYLE_FILL_AREA ( #4952 ) ;
#1075 = ORIENTED_EDGE ( 'NONE', *, *, #4080, .F. ) ;
#1076 = AXIS2_PLACEMENT_3D ( 'NONE', #6306, #5276, #1292 ) ;
#1077 = ORIENTED_EDGE ( 'NONE', *, *, #2745, .T. ) ;
#1078 = DIRECTION ( 'NONE',  ( 1.000000000000000000, -0.0000000000000000000, -0.0000000000000000000 ) ) ;
#1079 = ORIENTED_EDGE ( 'NONE', *, *, #3676, .T. ) ;
#1080 = ORIENTED_EDGE ( 'NONE', *, *, #882, .F. ) ;
#1081 = EDGE_CURVE ( 'NONE', #37, #744, #3083, .T. ) ;
#1082 = CARTESIAN_POINT ( 'NONE',  ( -1.458632135056575407, -1.499567327329789812, 0.4964761638839007563 ) ) ;
#1083 = DIRECTION ( 'NONE',  ( -1.000000000000000000, -0.0000000000000000000, -0.0000000000000000000 ) ) ;
#1084 = DIRECTION ( 'NONE',  ( 0.1209742911513516372, 0.1209742911513516372, -0.9852565360152939489 ) ) ;
#1085 = FACE_OUTER_BOUND ( 'NONE', #840, .T. ) ;
#1086 = VECTOR ( 'NONE', #3315, 1000.000000000000000 ) ;
#1087 = ORIENTED_EDGE ( 'NONE', *, *, #1394, .T. ) ;
#1088 = LINE ( 'NONE', #571, #4313 ) ;
#1089 =( LENGTH_UNIT ( ) NAMED_UNIT ( * ) SI_UNIT ( .MILLI., .METRE. ) );
#1090 = EDGE_CURVE ( 'NONE', #2234, #4352, #2614, .T. ) ;
#1091 = CARTESIAN_POINT ( 'NONE',  ( -0.6099999999999998757, 2.500001167703630234, 0.2000000000000000389 ) ) ;
#1092 =( NAMED_UNIT ( * ) PLANE_ANGLE_UNIT ( ) SI_UNIT ( $, .RADIAN. ) );
#1093 = AXIS2_PLACEMENT_3D ( 'NONE', #5026, #85, #3612 ) ;
#1094 = EDGE_CURVE ( 'NONE', #3997, #491, #6098, .T. ) ;
#1095 = CARTESIAN_POINT ( 'NONE',  ( 1.500000000000001110, -2.190001167703602203, 0.2900000000000002021 ) ) ;
#1096 = CYLINDRICAL_SURFACE ( 'NONE', #4702, 0.2899999999999938183 ) ;
#1097 = ORIENTED_EDGE ( 'NONE', *, *, #4991, .T. ) ;
#1098 = SURFACE_STYLE_USAGE ( .BOTH. , #5549 ) ;
#1099 = AXIS2_PLACEMENT_3D ( 'NONE', #5153, #3607, #74 ) ;
#1100 = DIRECTION ( 'NONE',  ( 0.0000000000000000000, 1.000000000000000000, 0.0000000000000000000 ) ) ;
#1101 = DIRECTION ( 'NONE',  ( -1.505836350674314946E-16, -1.000000000000000000, 0.0000000000000000000 ) ) ;
#1102 = VECTOR ( 'NONE', #3324, 1000.000000000000000 ) ;
#1103 = VECTOR ( 'NONE', #3173, 1000.000000000000000 ) ;
#1104 = DIRECTION ( 'NONE',  ( -1.000000000000000000, -0.0000000000000000000, 0.0000000000000000000 ) ) ;
#1105 = DIRECTION ( 'NONE',  ( -1.000000000000000000, 2.168404344971008868E-16, -0.0000000000000000000 ) ) ;
#1106 =( BOUNDED_CURVE ( )  B_SPLINE_CURVE ( 3, ( #5683, #1166, #3139, #2666 ),
 .UNSPECIFIED., .F., .T. ) 
 B_SPLINE_CURVE_WITH_KNOTS ( ( 4, 4 ),
 ( -2.664535259100375697E-15, 0.007426341472521521409 ),
 .UNSPECIFIED. ) 
 CURVE ( )  GEOMETRIC_REPRESENTATION_ITEM ( )  RATIONAL_B_SPLINE_CURVE ( ( 1.000000000000000000, 0.9999954041263082738, 0.9999954041263082738, 1.000000000000000000 ) ) 
 REPRESENTATION_ITEM ( '' )  );
#1107 =( LENGTH_UNIT ( ) NAMED_UNIT ( * ) SI_UNIT ( .MILLI., .METRE. ) );
#1108 = CARTESIAN_POINT ( 'NONE',  ( -0.8899999999999999023, 1.500000000000006883, 0.6999999999999999556 ) ) ;
#1109 =( NAMED_UNIT ( * ) PLANE_ANGLE_UNIT ( ) SI_UNIT ( $, .RADIAN. ) );
#1110 = MECHANICAL_DESIGN_GEOMETRIC_PRESENTATION_REPRESENTATION (  '', ( #5205 ), #5840 ) ;
#1111 = PLANE ( 'NONE',  #202 ) ;
#1112 = DIRECTION ( 'NONE',  ( -1.869314090492288994E-16, -1.000000000000000000, 0.0000000000000000000 ) ) ;
#1113 = DIRECTION ( 'NONE',  ( 1.084202172485504434E-16, 1.000000000000000000, 0.0000000000000000000 ) ) ;
#1114 = VECTOR ( 'NONE', #2398, 1000.000000000000000 ) ;
#1115 = VERTEX_POINT ( 'NONE', #4226 ) ;
#1116 = EDGE_LOOP ( 'NONE', ( #4492, #4839, #3945, #5852, #5565, #6248, #1600, #900 ) ) ;
#1117 = LINE ( 'NONE', #3518, #4792 ) ;
#1118 = SURFACE_SIDE_STYLE ('',( #4091 ) ) ;
#1119 = DIRECTION ( 'NONE',  ( -0.0000000000000000000, -0.0000000000000000000, -1.000000000000000000 ) ) ;
#1120 = ORIENTED_EDGE ( 'NONE', *, *, #2102, .F. ) ;
#1121 = EDGE_CURVE ( 'NONE', #225, #379, #1126, .T. ) ;
#1122 = DIRECTION ( 'NONE',  ( 0.0000000000000000000, -0.1218693434051442981, -0.9925461516413223162 ) ) ;
#1123 = FACE_OUTER_BOUND ( 'NONE', #1657, .T. ) ;
#1124 = UNCERTAINTY_MEASURE_WITH_UNIT (LENGTH_MEASURE( 1.000000000000000082E-05 ), #3580, 'distance_accuracy_value', 'NONE');
#1125 = DIRECTION ( 'NONE',  ( -1.445602896647339410E-16, 1.000000000000000000, -0.0000000000000000000 ) ) ;
#1126 = LINE ( 'NONE', #5232, #4485 ) ;
#1127 = ORIENTED_EDGE ( 'NONE', *, *, #6154, .T. ) ;
#1128 = ADVANCED_FACE ( 'NONE', ( #3723 ), #3596, .T. ) ;
#1129 = EDGE_LOOP ( 'NONE', ( #56, #5278, #4420, #4647, #4714, #4669, #608, #4928 ) ) ;
#1130 = EDGE_LOOP ( 'NONE', ( #2422, #344, #5448, #1017, #1462, #446, #5157, #2146, #2500, #3304, #6483, #4732 ) ) ;
#1131 = CIRCLE ( 'NONE', #6388, 0.2899999999999938183 ) ;
#1132 = ADVANCED_FACE ( 'NONE', ( #3688 ), #5203, .T. ) ;
#1133 = CARTESIAN_POINT ( 'NONE',  ( -0.3899999999999999578, 1.810001167703612523, 0.4100000000000034728 ) ) ;
#1134 =( GEOMETRIC_REPRESENTATION_CONTEXT ( 3 ) GLOBAL_UNCERTAINTY_ASSIGNED_CONTEXT ( ( #1912 ) ) GLOBAL_UNIT_ASSIGNED_CONTEXT ( ( #4585, #2563, #5693 ) ) REPRESENTATION_CONTEXT ( 'NONE', 'WORKASPACE' ) );
#1135 = CARTESIAN_POINT ( 'NONE',  ( -0.3899999999999999578, -2.100001167703606786, 0.4100000000000035838 ) ) ;
#1136 = EDGE_CURVE ( 'NONE', #225, #449, #3302, .T. ) ;
#1137 = PLANE ( 'NONE',  #4833 ) ;
#1138 = DIRECTION ( 'NONE',  ( 0.1209742911513511654, 0.1209742911513511932, 0.9852565360152939489 ) ) ;
#1139 = CARTESIAN_POINT ( 'NONE',  ( 0.8900000000000000133, 2.500000000000000000, 0.0000000000000000000 ) ) ;
#1140 = VERTEX_POINT ( 'NONE', #1705 ) ;
#1141 = PRESENTATION_LAYER_ASSIGNMENT (  '', '', ( #2609 ) ) ;
#1142 = CARTESIAN_POINT ( 'NONE',  ( -0.6100000000000000977, -1.500000000000003553, 0.0000000000000000000 ) ) ;
#1143 = DIRECTION ( 'NONE',  ( 0.1209742911513513736, 0.1209742911513513736, 0.9852565360152939489 ) ) ;
#1144 = VECTOR ( 'NONE', #2425, 1000.000000000000000 ) ;
#1145 =( BOUNDED_CURVE ( )  B_SPLINE_CURVE ( 3, ( #113, #3615, #6132, #3586 ),
 .UNSPECIFIED., .F., .T. ) 
 B_SPLINE_CURVE_WITH_KNOTS ( ( 4, 4 ),
 ( 6.275758965707062487, 6.283185307179581791 ),
 .UNSPECIFIED. ) 
 CURVE ( )  GEOMETRIC_REPRESENTATION_ITEM ( )  RATIONAL_B_SPLINE_CURVE ( ( 1.000000000000000000, 0.9999954041263082738, 0.9999954041263082738, 1.000000000000000000 ) ) 
 REPRESENTATION_ITEM ( '' )  );
#1146 = VECTOR ( 'NONE', #4821, 1000.000000000000000 ) ;
#1147 = DIRECTION ( 'NONE',  ( 0.0000000000000000000, 0.0000000000000000000, -1.000000000000000000 ) ) ;
#1148 = ORIENTED_EDGE ( 'NONE', *, *, #1402, .F. ) ;
#1149 = CARTESIAN_POINT ( 'NONE',  ( -0.1100000000000000699, 1.810001167703611635, 0.5000000000000042188 ) ) ;
#1150 = ORIENTED_EDGE ( 'NONE', *, *, #2688, .F. ) ;
#1151 = VECTOR ( 'NONE', #2634, 1000.000000000000000 ) ;
#1152 = EDGE_CURVE ( 'NONE', #3582, #5478, #3624, .T. ) ;
#1153 = CIRCLE ( 'NONE', #4815, 0.2999999999999998224 ) ;
#1154 = ORIENTED_EDGE ( 'NONE', *, *, #5685, .F. ) ;
#1155 = DIRECTION ( 'NONE',  ( 0.0000000000000000000, 0.0000000000000000000, 1.000000000000000000 ) ) ;
#1156 = FILL_AREA_STYLE_COLOUR ( '', #4374 ) ;
#1157 = VECTOR ( 'NONE', #494, 1000.000000000000000 ) ;
#1158 = SURFACE_SIDE_STYLE ('',( #629 ) ) ;
#1159 = CARTESIAN_POINT ( 'NONE',  ( -0.8899999999999999023, -1.500000000000006883, 0.1999999999999999833 ) ) ;
#1160 = ADVANCED_FACE ( 'NONE', ( #6141 ), #6262, .F. ) ;
#1161 = VERTEX_POINT ( 'NONE', #6295 ) ;
#1162 = CARTESIAN_POINT ( 'NONE',  ( 1.110000000000000098, 1.900001167703611937, 0.2900000000000002021 ) ) ;
#1163 =( NAMED_UNIT ( * ) PLANE_ANGLE_UNIT ( ) SI_UNIT ( $, .RADIAN. ) );
#1164 = ADVANCED_FACE ( 'NONE', ( #3254 ), #4788, .T. ) ;
#1165 = CARTESIAN_POINT ( 'NONE',  ( -0.5900000000000000799, -0.8900000000000000133, 1.100000000000000089 ) ) ;
#1166 = CARTESIAN_POINT ( 'NONE',  ( 1.499999999999999778, 1.400247545284595052, 0.6999999999999872990 ) ) ;
#1167 = DIRECTION ( 'NONE',  ( 0.9925461516413223162, 0.0000000000000000000, 0.1218693434051442148 ) ) ;
#1168 = EDGE_LOOP ( 'NONE', ( #3916, #806, #1597, #2910 ) ) ;
#1169 = LINE ( 'NONE', #3703, #4871 ) ;
#1170 = ORIENTED_EDGE ( 'NONE', *, *, #929, .F. ) ;
#1171 = DIRECTION ( 'NONE',  ( -0.0000000000000000000, 0.0000000000000000000, -1.000000000000000000 ) ) ;
#1172 = EDGE_CURVE ( 'NONE', #6099, #4600, #1315, .T. ) ;
#1173 = DIRECTION ( 'NONE',  ( 1.000000000000000000, 0.0000000000000000000, 0.0000000000000000000 ) ) ;
#1174 = ORIENTED_EDGE ( 'NONE', *, *, #1003, .T. ) ;
#1175 = VECTOR ( 'NONE', #4078, 1000.000000000000000 ) ;
#1176 = ORIENTED_EDGE ( 'NONE', *, *, #4307, .T. ) ;
#1177 = EDGE_LOOP ( 'NONE', ( #3013, #1035, #2847 ) ) ;
#1178 = DIRECTION ( 'NONE',  ( 0.9925461516413223162, 0.0000000000000000000, -0.1218693434051442148 ) ) ;
#1179 = SURFACE_STYLE_USAGE ( .BOTH. , #1118 ) ;
#1180 = AXIS2_PLACEMENT_3D ( 'NONE', #4534, #6495, #2934 ) ;
#1181 = LINE ( 'NONE', #4746, #1655 ) ;
#1182 = VERTEX_POINT ( 'NONE', #3285 ) ;
#1183 = VECTOR ( 'NONE', #4018, 1000.000000000000000 ) ;
#1184 = DIRECTION ( 'NONE',  ( 0.0000000000000000000, -1.000000000000000000, 0.0000000000000000000 ) ) ;
#1185 = CARTESIAN_POINT ( 'NONE',  ( 0.6099999999999998757, 1.500000000000000000, 0.6999999999999886313 ) ) ;
#1186 = ORIENTED_EDGE ( 'NONE', *, *, #5527, .T. ) ;
#1187 = VERTEX_POINT ( 'NONE', #847 ) ;
#1188 = EDGE_LOOP ( 'NONE', ( #3645, #3842, #978, #3183 ) ) ;
#1189 = EDGE_CURVE ( 'NONE', #4257, #3099, #399, .T. ) ;
#1190 = CARTESIAN_POINT ( 'NONE',  ( 0.3899999999999999578, 1.900001167703612159, 0.2900000000000002021 ) ) ;
#1191 = CARTESIAN_POINT ( 'NONE',  ( 0.3900000000000000688, 2.500000000000000000, 0.6999999999999999556 ) ) ;
#1192 = AXIS2_PLACEMENT_3D ( 'NONE', #3886, #4393, #1433 ) ;
#1193 = ADVANCED_FACE ( 'NONE', ( #2399 ), #3379, .T. ) ;
#1194 = CARTESIAN_POINT ( 'NONE',  ( 1.500000000000001110, -1.900001167703612381, 0.4100000000000028066 ) ) ;
#1195 = ORIENTED_EDGE ( 'NONE', *, *, #4519, .T. ) ;
#1196 = DIRECTION ( 'NONE',  ( 0.0000000000000000000, 0.0000000000000000000, -1.000000000000000000 ) ) ;
#1197 = PRESENTATION_LAYER_ASSIGNMENT (  '', '', ( #880 ) ) ;
#1198 = CARTESIAN_POINT ( 'NONE',  ( 0.8899999999999999023, 1.500000000000000000, 0.6999999999999999556 ) ) ;
#1199 = ORIENTED_EDGE ( 'NONE', *, *, #5377, .F. ) ;
#1200 = ADVANCED_FACE ( 'NONE', ( #4260 ), #3860, .F. ) ;
#1201 = DIRECTION ( 'NONE',  ( 1.084202172485504434E-16, 1.000000000000000000, 0.0000000000000000000 ) ) ;
#1202 = CIRCLE ( 'NONE', #777, 0.08999999999999980238 ) ;
#1203 = AXIS2_PLACEMENT_3D ( 'NONE', #3670, #5743, #1226 ) ;
#1204 =( NAMED_UNIT ( * ) SI_UNIT ( $, .STERADIAN. ) SOLID_ANGLE_UNIT ( ) );
#1205 = ORIENTED_EDGE ( 'NONE', *, *, #2092, .F. ) ;
#1206 = VERTEX_POINT ( 'NONE', #3892 ) ;
#1207 = EDGE_CURVE ( 'NONE', #5923, #4144, #2774, .T. ) ;
#1208 = PRESENTATION_LAYER_ASSIGNMENT (  '', '', ( #5205 ) ) ;
#1209 = DIRECTION ( 'NONE',  ( -0.0000000000000000000, -0.0000000000000000000, -1.000000000000000000 ) ) ;
#1210 = DIRECTION ( 'NONE',  ( -1.000000000000000000, -2.168404344971008868E-16, -0.0000000000000000000 ) ) ;
#1211 = EDGE_CURVE ( 'NONE', #1935, #15, #5931, .T. ) ;
#1212 = ORIENTED_EDGE ( 'NONE', *, *, #6079, .F. ) ;
#1213 = CARTESIAN_POINT ( 'NONE',  ( -0.6100000000000000977, 1.500000000000003553, 0.6999999999999999556 ) ) ;
#1214 =( NAMED_UNIT ( * ) PLANE_ANGLE_UNIT ( ) SI_UNIT ( $, .RADIAN. ) );
#1215 = DIRECTION ( 'NONE',  ( -2.168404344971008868E-16, 1.000000000000000000, 0.0000000000000000000 ) ) ;
#1216 = ORIENTED_EDGE ( 'NONE', *, *, #3031, .T. ) ;
#1217 = ORIENTED_EDGE ( 'NONE', *, *, #130, .T. ) ;
#1218 = DIRECTION ( 'NONE',  ( -1.000000000000000000, -2.168404344971008868E-16, -0.0000000000000000000 ) ) ;
#1219 = CARTESIAN_POINT ( 'NONE',  ( -0.8899999999999999023, -1.810001167703612523, 0.6999999999999999556 ) ) ;
#1220 = DIRECTION ( 'NONE',  ( 1.000000000000000000, 4.369377366251893557E-15, -0.0000000000000000000 ) ) ;
#1221 = ADVANCED_FACE ( 'NONE', ( #1373 ), #5292, .T. ) ;
#1222 = DIRECTION ( 'NONE',  ( -1.000000000000000000, 2.168404344971008868E-16, -0.0000000000000000000 ) ) ;
#1223 = AXIS2_PLACEMENT_3D ( 'NONE', #4613, #375, #791 ) ;
#1224 = DIRECTION ( 'NONE',  ( 0.0000000000000000000, 0.0000000000000000000, 1.000000000000000000 ) ) ;
#1225 = ORIENTED_EDGE ( 'NONE', *, *, #645, .T. ) ;
#1226 = DIRECTION ( 'NONE',  ( -1.505836350674307797E-16, -1.000000000000000000, 0.0000000000000000000 ) ) ;
#1227 = EDGE_LOOP ( 'NONE', ( #1518, #5954, #2343, #4501, #743, #655, #5778, #2206, #5493, #4668, #355, #2160 ) ) ;
#1228 = LINE ( 'NONE', #2172, #4660 ) ;
#1229 = CARTESIAN_POINT ( 'NONE',  ( -0.3899999999999999578, 1.900001167703612381, 0.6999999999999999556 ) ) ;
#1230 = DIRECTION ( 'NONE',  ( -0.0000000000000000000, 0.0000000000000000000, 1.000000000000000000 ) ) ;
#1231 = VERTEX_POINT ( 'NONE', #2894 ) ;
#1232 = EDGE_CURVE ( 'NONE', #491, #5402, #1278, .T. ) ;
#1233 = COLOUR_RGB ( '',0.0000000000000000000, 0.0000000000000000000, 0.0000000000000000000 ) ;
#1234 = ORIENTED_EDGE ( 'NONE', *, *, #4528, .F. ) ;
#1235 = ORIENTED_EDGE ( 'NONE', *, *, #5479, .T. ) ;
#1236 = SURFACE_SIDE_STYLE ('',( #2208 ) ) ;
#1237 = UNCERTAINTY_MEASURE_WITH_UNIT (LENGTH_MEASURE( 1.000000000000000082E-05 ), #6140, 'distance_accuracy_value', 'NONE');
#1238 = COLOUR_RGB ( '',0.0000000000000000000, 0.0000000000000000000, 0.0000000000000000000 ) ;
#1239 = SURFACE_STYLE_FILL_AREA ( #4442 ) ;
#1240 = ORIENTED_EDGE ( 'NONE', *, *, #2240, .F. ) ;
#1241 = CIRCLE ( 'NONE', #1564, 0.2899999999999951505 ) ;
#1242 = EDGE_LOOP ( 'NONE', ( #601, #3492, #5663, #4032, #2087, #166, #5107, #4892, #4053, #2671, #4846, #678 ) ) ;
#1243 = COLOUR_RGB ( '',0.0000000000000000000, 0.0000000000000000000, 0.0000000000000000000 ) ;
#1244 = DIRECTION ( 'NONE',  ( 1.000000000000000000, 2.168404344971008868E-16, -0.0000000000000000000 ) ) ;
#1245 = FILL_AREA_STYLE ('',( #4224 ) ) ;
#1246 =( LENGTH_UNIT ( ) NAMED_UNIT ( * ) SI_UNIT ( .MILLI., .METRE. ) );
#1247 = DIRECTION ( 'NONE',  ( 0.0000000000000000000, -1.000000000000000000, 0.0000000000000000000 ) ) ;
#1248 = STYLED_ITEM ( 'NONE', ( #349 ), #2452 ) ;
#1249 = EDGE_LOOP ( 'NONE', ( #1826, #3994, #1127, #4715 ) ) ;
#1250 = FACE_OUTER_BOUND ( 'NONE', #4177, .T. ) ;
#1251 = AXIS2_PLACEMENT_3D ( 'NONE', #5709, #5211, #222 ) ;
#1252 = FILL_AREA_STYLE ('',( #2302 ) ) ;
#1253 = CARTESIAN_POINT ( 'NONE',  ( -0.1100000000000000699, 1.900001167703612381, 0.2900000000000002021 ) ) ;
#1254 = CYLINDRICAL_SURFACE ( 'NONE', #5349, 0.1000000000000000472 ) ;
#1255 = STYLED_ITEM ( 'NONE', ( #3955 ), #3033 ) ;
#1256 = CARTESIAN_POINT ( 'NONE',  ( 0.6100000000000000977, -1.500000000000000000, 0.6999999999999999556 ) ) ;
#1257 = LINE ( 'NONE', #3234, #6159 ) ;
#1258 = CARTESIAN_POINT ( 'NONE',  ( -0.1100000000000000699, 1.810001167703612523, 0.4100000000000034728 ) ) ;
#1259 = ORIENTED_EDGE ( 'NONE', *, *, #346, .T. ) ;
#1260 = CARTESIAN_POINT ( 'NONE',  ( 1.110000000000000098, -2.100001167703606342, 0.4100000000000035838 ) ) ;
#1261 = DIRECTION ( 'NONE',  ( 1.000000000000000000, 0.0000000000000000000, -0.0000000000000000000 ) ) ;
#1262 = APPLICATION_CONTEXT ( 'automotive_design' ) ;
#1263 = ORIENTED_EDGE ( 'NONE', *, *, #5610, .T. ) ;
#1264 = ORIENTED_EDGE ( 'NONE', *, *, #1121, .F. ) ;
#1265 =( BOUNDED_CURVE ( )  B_SPLINE_CURVE ( 3, ( #6152, #6127, #1563, #614 ),
 .UNSPECIFIED., .F., .T. ) 
 B_SPLINE_CURVE_WITH_KNOTS ( ( 4, 4 ),
 ( 2.363620831664865030, 3.919564475514721202 ),
 .UNSPECIFIED. ) 
 CURVE ( )  GEOMETRIC_REPRESENTATION_ITEM ( )  RATIONAL_B_SPLINE_CURVE ( ( 1.000000000000000000, 0.8082256338399260720, 0.8082256338399260720, 1.000000000000000000 ) ) 
 REPRESENTATION_ITEM ( '' )  );
#1266 = PLANE ( 'NONE',  #3006 ) ;
#1267 = ADVANCED_FACE ( 'NONE', ( #6323 ), #3781, .T. ) ;
#1268 = LINE ( 'NONE', #5286, #3536 ) ;
#1269 = DIRECTION ( 'NONE',  ( -1.000000000000000000, -1.084202172485504434E-16, 0.0000000000000000000 ) ) ;
#1270 =( NAMED_UNIT ( * ) PLANE_ANGLE_UNIT ( ) SI_UNIT ( $, .RADIAN. ) );
#1271 = VECTOR ( 'NONE', #4140, 1000.000000000000000 ) ;
#1272 = ORIENTED_EDGE ( 'NONE', *, *, #1005, .T. ) ;
#1273 = ADVANCED_FACE ( 'NONE', ( #1844 ), #3487, .T. ) ;
#1274 = ORIENTED_EDGE ( 'NONE', *, *, #3777, .F. ) ;
#1275 = FACE_OUTER_BOUND ( 'NONE', #2200, .T. ) ;
#1276 = DIRECTION ( 'NONE',  ( -0.1209742911513517066, 0.1209742911513511654, 0.9852565360152938378 ) ) ;
#1277 = EDGE_CURVE ( 'NONE', #839, #2604, #5241, .T. ) ;
#1278 = LINE ( 'NONE', #308, #208 ) ;
#1279 = DIRECTION ( 'NONE',  ( 0.0000000000000000000, -1.000000000000000000, 0.0000000000000000000 ) ) ;
#1280 = ORIENTED_EDGE ( 'NONE', *, *, #1014, .F. ) ;
#1281 = VECTOR ( 'NONE', #6470, 1000.000000000000000 ) ;
#1282 = EDGE_CURVE ( 'NONE', #2995, #4664, #3634, .T. ) ;
#1283 = CARTESIAN_POINT ( 'NONE',  ( -1.109999999999999876, 2.500000000000007105, 0.0000000000000000000 ) ) ;
#1284 = CARTESIAN_POINT ( 'NONE',  ( -0.8899999999999999023, 2.190001167703602647, 0.2900000000000002021 ) ) ;
#1285 = ADVANCED_FACE ( 'NONE', ( #2535 ), #6104, .T. ) ;
#1286 = DIRECTION ( 'NONE',  ( 1.000000000000000000, 0.0000000000000000000, 0.0000000000000000000 ) ) ;
#1287 = AXIS2_PLACEMENT_3D ( 'NONE', #3664, #2264, #4136 ) ;
#1288 =( LENGTH_UNIT ( ) NAMED_UNIT ( * ) SI_UNIT ( .MILLI., .METRE. ) );
#1289 = FILL_AREA_STYLE_COLOUR ( '', #3449 ) ;
#1290 = DIRECTION ( 'NONE',  ( 1.445602896647339410E-16, -1.000000000000000000, 0.0000000000000000000 ) ) ;
#1291 = AXIS2_PLACEMENT_3D ( 'NONE', #3888, #3780, #2360 ) ;
#1292 = DIRECTION ( 'NONE',  ( 0.0000000000000000000, -1.000000000000000000, 0.0000000000000000000 ) ) ;
#1293 = VERTEX_POINT ( 'NONE', #5096 ) ;
#1294 = LINE ( 'NONE', #802, #5300 ) ;
#1295 = DIRECTION ( 'NONE',  ( -0.0000000000000000000, 0.0000000000000000000, -1.000000000000000000 ) ) ;
#1296 = AXIS2_PLACEMENT_3D ( 'NONE', #2676, #4178, #2179 ) ;
#1297 =( NAMED_UNIT ( * ) SI_UNIT ( $, .STERADIAN. ) SOLID_ANGLE_UNIT ( ) );
#1298 = ORIENTED_EDGE ( 'NONE', *, *, #2983, .T. ) ;
#1299 = DIRECTION ( 'NONE',  ( 1.000000000000000000, 0.0000000000000000000, 0.0000000000000000000 ) ) ;
#1300 = ORIENTED_EDGE ( 'NONE', *, *, #3585, .F. ) ;
#1301 = AXIS2_PLACEMENT_3D ( 'NONE', #1372, #4851, #1437 ) ;
#1302 = ORIENTED_EDGE ( 'NONE', *, *, #4497, .T. ) ;
#1303 = AXIS2_PLACEMENT_3D ( 'NONE', #5556, #2052, #4017 ) ;
#1304 =( NAMED_UNIT ( * ) SI_UNIT ( $, .STERADIAN. ) SOLID_ANGLE_UNIT ( ) );
#1305 = CARTESIAN_POINT ( 'NONE',  ( 1.500000000000001110, 2.190001167703602203, 0.2900000000000002021 ) ) ;
#1306 = LINE ( 'NONE', #3776, #2401 ) ;
#1307 = VECTOR ( 'NONE', #5619, 1000.000000000000000 ) ;
#1308 = DIRECTION ( 'NONE',  ( -1.084202172485504434E-16, 1.000000000000000000, -0.0000000000000000000 ) ) ;
#1309 = MECHANICAL_DESIGN_GEOMETRIC_PRESENTATION_REPRESENTATION (  '', ( #6468 ), #3594 ) ;
#1310 = ORIENTED_EDGE ( 'NONE', *, *, #5963, .F. ) ;
#1311 = VERTEX_POINT ( 'NONE', #4999 ) ;
#1312 = CYLINDRICAL_SURFACE ( 'NONE', #4971, 0.2899999999999951505 ) ;
#1313 = SURFACE_SIDE_STYLE ('',( #4296 ) ) ;
#1314 = AXIS2_PLACEMENT_3D ( 'NONE', #5367, #5271, #760 ) ;
#1315 = LINE ( 'NONE', #1872, #3847 ) ;
#1316 = LINE ( 'NONE', #6389, #2621 ) ;
#1317 = VECTOR ( 'NONE', #6274, 1000.000000000000000 ) ;
#1318 = EDGE_CURVE ( 'NONE', #797, #707, #5462, .T. ) ;
#1319 = CARTESIAN_POINT ( 'NONE',  ( -0.3899999999999999578, 2.500001167703630234, 0.2000000000000000389 ) ) ;
#1320 = SURFACE_STYLE_FILL_AREA ( #1817 ) ;
#1321 = ADVANCED_FACE ( 'NONE', ( #3032 ), #5061, .T. ) ;
#1322 = ADVANCED_FACE ( 'NONE', ( #3929 ), #5962, .F. ) ;
#1323 = FACE_OUTER_BOUND ( 'NONE', #2537, .T. ) ;
#1324 = CARTESIAN_POINT ( 'NONE',  ( -1.500000000000000000, 1.500000000000000000, 0.5000000000000106581 ) ) ;
#1325 = ORIENTED_EDGE ( 'NONE', *, *, #1050, .T. ) ;
#1326 = PLANE ( 'NONE',  #4138 ) ;
#1327 = EDGE_CURVE ( 'NONE', #4802, #3028, #2930, .T. ) ;
#1328 = VERTEX_POINT ( 'NONE', #4498 ) ;
#1329 = LINE ( 'NONE', #1892, #5629 ) ;
#1330 = VERTEX_POINT ( 'NONE', #2463 ) ;
#1331 = ORIENTED_EDGE ( 'NONE', *, *, #1920, .F. ) ;
#1332 = SPHERICAL_SURFACE ( 'NONE', #6400, 0.1000000000000000056 ) ;
#1333 = VECTOR ( 'NONE', #845, 1000.000000000000000 ) ;
#1334 = LINE ( 'NONE', #3309, #1576 ) ;
#1335 = ORIENTED_EDGE ( 'NONE', *, *, #2608, .T. ) ;
#1336 = ORIENTED_EDGE ( 'NONE', *, *, #5625, .F. ) ;
#1337 = VERTEX_POINT ( 'NONE', #4464 ) ;
#1338 = ADVANCED_FACE ( 'NONE', ( #6489 ), #3964, .T. ) ;
#1339 = LINE ( 'NONE', #1840, #1086 ) ;
#1340 = AXIS2_PLACEMENT_3D ( 'NONE', #5155, #5082, #644 ) ;
#1341 = CARTESIAN_POINT ( 'NONE',  ( 1.399999999999999911, -1.399999999999999689, 1.100000000000000089 ) ) ;
#1342 = DIRECTION ( 'NONE',  ( -1.084202172485504434E-16, 1.000000000000000000, -0.0000000000000000000 ) ) ;
#1343 =( GEOMETRIC_REPRESENTATION_CONTEXT ( 3 ) GLOBAL_UNCERTAINTY_ASSIGNED_CONTEXT ( ( #2938 ) ) GLOBAL_UNIT_ASSIGNED_CONTEXT ( ( #4432, #917, #3286 ) ) REPRESENTATION_CONTEXT ( 'NONE', 'WORKASPACE' ) );
#1344 = AXIS2_PLACEMENT_3D ( 'NONE', #1305, #301, #1897 ) ;
#1345 = FACE_OUTER_BOUND ( 'NONE', #2123, .T. ) ;
#1346 = DIRECTION ( 'NONE',  ( -1.000000000000000000, 0.0000000000000000000, -0.0000000000000000000 ) ) ;
#1347 = AXIS2_PLACEMENT_3D ( 'NONE', #2203, #2173, #2586 ) ;
#1348 = DIRECTION ( 'NONE',  ( -1.000000000000000000, 2.168404344971008868E-16, -0.0000000000000000000 ) ) ;
#1349 = ADVANCED_FACE ( 'NONE', ( #2125 ), #710, .T. ) ;
#1350 = SURFACE_SIDE_STYLE ('',( #6303 ) ) ;
#1351 = FILL_AREA_STYLE ('',( #1289 ) ) ;
#1352 = AXIS2_PLACEMENT_3D ( 'NONE', #6238, #1717, #5587 ) ;
#1353 = CARTESIAN_POINT ( 'NONE',  ( 1.500000000000001110, -2.190001167703602203, 0.2900000000000002021 ) ) ;
#1354 = PRESENTATION_LAYER_ASSIGNMENT (  '', '', ( #4291 ) ) ;
#1355 = EDGE_CURVE ( 'NONE', #6202, #5345, #4120, .T. ) ;
#1356 = ORIENTED_EDGE ( 'NONE', *, *, #2444, .F. ) ;
#1357 = CARTESIAN_POINT ( 'NONE',  ( 1.500000000000001110, -2.100001167703606342, 0.4100000000000035838 ) ) ;
#1358 = VECTOR ( 'NONE', #1113, 1000.000000000000000 ) ;
#1359 = FACE_OUTER_BOUND ( 'NONE', #2105, .T. ) ;
#1360 = DIRECTION ( 'NONE',  ( 0.0000000000000000000, -0.1218693434051440205, -0.9925461516413224272 ) ) ;
#1361 = LINE ( 'NONE', #1927, #2641 ) ;
#1362 = VERTEX_POINT ( 'NONE', #4151 ) ;
#1363 = VERTEX_POINT ( 'NONE', #5722 ) ;
#1364 = CARTESIAN_POINT ( 'NONE',  ( -1.110000000000000098, 1.500000000000006883, 0.0000000000000000000 ) ) ;
#1365 = ADVANCED_FACE ( 'NONE', ( #2210 ), #5161, .F. ) ;
#1366 = SURFACE_SIDE_STYLE ('',( #2851 ) ) ;
#1367 = DIRECTION ( 'NONE',  ( -1.401985567869216622E-16, 1.000000000000000000, 0.0000000000000000000 ) ) ;
#1368 = ORIENTED_EDGE ( 'NONE', *, *, #3411, .T. ) ;
#1369 = CARTESIAN_POINT ( 'NONE',  ( 1.450886175638838260, -1.499999999999999556, 1.100000000000000089 ) ) ;
#1370 = VERTEX_POINT ( 'NONE', #2652 ) ;
#1371 = DIRECTION ( 'NONE',  ( -1.000000000000000000, 2.168404344971008868E-16, -0.0000000000000000000 ) ) ;
#1372 = CARTESIAN_POINT ( 'NONE',  ( 1.362413649183243480, -1.362413649183243480, 0.2000000000000000111 ) ) ;
#1373 = FACE_OUTER_BOUND ( 'NONE', #2629, .T. ) ;
#1374 = AXIS2_PLACEMENT_3D ( 'NONE', #316, #4238, #3793 ) ;
#1375 = DIRECTION ( 'NONE',  ( 0.0000000000000000000, 0.0000000000000000000, 1.000000000000000000 ) ) ;
#1376 = DIRECTION ( 'NONE',  ( -0.0000000000000000000, -0.0000000000000000000, -1.000000000000000000 ) ) ;
#1377 = VECTOR ( 'NONE', #6107, 1000.000000000000000 ) ;
#1378 = LINE ( 'NONE', #4895, #3350 ) ;
#1379 = LINE ( 'NONE', #3261, #4256 ) ;
#1380 = VERTEX_POINT ( 'NONE', #6186 ) ;
#1381 = ADVANCED_FACE ( 'NONE', ( #6252 ), #1332, .T. ) ;
#1383 = FACE_OUTER_BOUND ( 'NONE', #4913, .T. ) ;
#1382 = VECTOR ( 'NONE', #6505, 1000.000000000000000 ) ;
#1384 = ORIENTED_EDGE ( 'NONE', *, *, #4060, .F. ) ;
#1385 = PLANE ( 'NONE',  #885 ) ;
#1386 = VECTOR ( 'NONE', #2300, 1000.000000000000000 ) ;
#1387 = VERTEX_POINT ( 'NONE', #5694 ) ;
#1388 = DIRECTION ( 'NONE',  ( -1.000000000000000000, 0.0000000000000000000, 0.0000000000000000000 ) ) ;
#1389 = EDGE_CURVE ( 'NONE', #2187, #5229, #3277, .T. ) ;
#1390 = ORIENTED_EDGE ( 'NONE', *, *, #712, .F. ) ;
#1391 = AXIS2_PLACEMENT_3D ( 'NONE', #2890, #1900, #1403 ) ;
#1392 = VERTEX_POINT ( 'NONE', #2321 ) ;
#1393 = CARTESIAN_POINT ( 'NONE',  ( 1.500000000000001110, -1.900001167703611937, 0.2900000000000002021 ) ) ;
#1394 = EDGE_CURVE ( 'NONE', #4360, #2089, #3749, .T. ) ;
#1395 = CARTESIAN_POINT ( 'NONE',  ( -0.6100000000000000977, -1.810001167703612523, 0.7000000000000010658 ) ) ;
#1396 = VERTEX_POINT ( 'NONE', #3846 ) ;
#1397 = CARTESIAN_POINT ( 'NONE',  ( -1.499997242485289872, 1.400742627321157618, 0.4999775418449313169 ) ) ;
#1398 = CIRCLE ( 'NONE', #2657, 0.2899999999999938183 ) ;
#1399 = DIRECTION ( 'NONE',  ( 1.000000000000000000, 0.0000000000000000000, 0.0000000000000000000 ) ) ;
#1400 = ORIENTED_EDGE ( 'NONE', *, *, #1477, .T. ) ;
#1401 = AXIS2_PLACEMENT_3D ( 'NONE', #1393, #1857, #837 ) ;
#1402 = EDGE_CURVE ( 'NONE', #4187, #6125, #358, .T. ) ;
#1403 = DIRECTION ( 'NONE',  ( 1.000000000000000000, 0.0000000000000000000, 0.0000000000000000000 ) ) ;
#1404 = CARTESIAN_POINT ( 'NONE',  ( -1.500000000000000000, 1.500000000000000000, 1.100000000000000089 ) ) ;
#1405 = PRESENTATION_LAYER_ASSIGNMENT (  '', '', ( #2039 ) ) ;
#1406 = VECTOR ( 'NONE', #1720, 1000.000000000000000 ) ;
#1407 = FILL_AREA_STYLE ('',( #6358 ) ) ;
#1408 = ADVANCED_FACE ( 'NONE', ( #6346 ), #5791, .T. ) ;
#1409 = ORIENTED_EDGE ( 'NONE', *, *, #1672, .F. ) ;
#1410 = CARTESIAN_POINT ( 'NONE',  ( -0.8899999999999999023, 1.900001167703612825, 0.4100000000000028066 ) ) ;
#1411 = VECTOR ( 'NONE', #5912, 1000.000000000000000 ) ;
#1412 = PLANE ( 'NONE',  #3779 ) ;
#1413 = LINE ( 'NONE', #440, #5436 ) ;
#1414 = DIRECTION ( 'NONE',  ( 0.0000000000000000000, 0.0000000000000000000, -1.000000000000000000 ) ) ;
#1415 = COLOUR_RGB ( '',0.0000000000000000000, 0.0000000000000000000, 0.0000000000000000000 ) ;
#1416 = ORIENTED_EDGE ( 'NONE', *, *, #3652, .F. ) ;
#1417 = CARTESIAN_POINT ( 'NONE',  ( 1.110000000000000098, -1.500000000000000000, 0.6999999999999999556 ) ) ;
#1418 = CARTESIAN_POINT ( 'NONE',  ( 0.8899999999999999023, -1.500000000000000000, 0.6999999999999999556 ) ) ;
#1419 = ADVANCED_FACE ( 'NONE', ( #1862 ), #1801, .F. ) ;
#1420 = ORIENTED_EDGE ( 'NONE', *, *, #1687, .T. ) ;
#1421 = CARTESIAN_POINT ( 'NONE',  ( 1.110000000000000098, -1.500000000000000000, 0.0000000000000000000 ) ) ;
#1422 = CARTESIAN_POINT ( 'NONE',  ( 1.500000000000001110, 2.190001167703602203, 5.041540102057595618E-15 ) ) ;
#1423 = EDGE_LOOP ( 'NONE', ( #5999, #2920, #110, #4652 ) ) ;
#1424 = SURFACE_STYLE_USAGE ( .BOTH. , #4911 ) ;
#1425 = LINE ( 'NONE', #6478, #46 ) ;
#1426 = ORIENTED_EDGE ( 'NONE', *, *, #6378, .F. ) ;
#1427 = EDGE_LOOP ( 'NONE', ( #6409, #2242, #1731, #858, #1953, #1709, #2314, #4159, #1773, #4517, #4722, #5255 ) ) ;
#1428 = CARTESIAN_POINT ( 'NONE',  ( -1.362413649183243258, 1.461668264347375734, 1.012186934340514544 ) ) ;
#1429 = CARTESIAN_POINT ( 'NONE',  ( -0.8899999999999999023, -1.810001167703612523, 0.4100000000000034728 ) ) ;
#1430 = EDGE_CURVE ( 'NONE', #5321, #5189, #1268, .T. ) ;
#1431 = LINE ( 'NONE', #4319, #26 ) ;
#1432 = ORIENTED_EDGE ( 'NONE', *, *, #4028, .F. ) ;
#1433 = DIRECTION ( 'NONE',  ( 0.0000000000000000000, -1.000000000000000000, 0.0000000000000000000 ) ) ;
#1434 = EDGE_LOOP ( 'NONE', ( #4353, #3060, #1368, #5342 ) ) ;
#1435 = ORIENTED_EDGE ( 'NONE', *, *, #4242, .F. ) ;
#1436 = EDGE_CURVE ( 'NONE', #3654, #6307, #4992, .T. ) ;
#1437 = DIRECTION ( 'NONE',  ( 1.000000000000000000, 2.168404344971007685E-15, 0.0000000000000000000 ) ) ;
#1438 =( GEOMETRIC_REPRESENTATION_CONTEXT ( 3 ) GLOBAL_UNCERTAINTY_ASSIGNED_CONTEXT ( ( #4265 ) ) GLOBAL_UNIT_ASSIGNED_CONTEXT ( ( #5929, #5494, #2533 ) ) REPRESENTATION_CONTEXT ( 'NONE', 'WORKASPACE' ) );
#1439 = VERTEX_POINT ( 'NONE', #2424 ) ;
#1440 = ORIENTED_EDGE ( 'NONE', *, *, #3697, .T. ) ;
#1441 = DIRECTION ( 'NONE',  ( 1.000000000000000000, 0.0000000000000000000, 0.0000000000000000000 ) ) ;
#1442 = VECTOR ( 'NONE', #5020, 1000.000000000000114 ) ;
#1443 = DIRECTION ( 'NONE',  ( -0.0000000000000000000, 0.0000000000000000000, -1.000000000000000000 ) ) ;
#1444 = DIRECTION ( 'NONE',  ( 1.084202172485504434E-16, -1.000000000000000000, 0.0000000000000000000 ) ) ;
#1445 = CARTESIAN_POINT ( 'NONE',  ( -0.6100000000000000977, -1.500000000000003553, 0.6999999999999999556 ) ) ;
#1446 = SURFACE_SIDE_STYLE ('',( #3459 ) ) ;
#1447 = AXIS2_PLACEMENT_3D ( 'NONE', #5854, #3308, #360 ) ;
#1448 = FILL_AREA_STYLE ('',( #3977 ) ) ;
#1449 = EDGE_LOOP ( 'NONE', ( #3440, #2822, #4455, #2871 ) ) ;
#1450 = LINE ( 'NONE', #6432, #1520 ) ;
#1451 = DIRECTION ( 'NONE',  ( -1.000000000000000000, 0.0000000000000000000, 0.0000000000000000000 ) ) ;
#1452 = COLOUR_RGB ( '',0.0000000000000000000, 0.0000000000000000000, 0.0000000000000000000 ) ;
#1453 = AXIS2_PLACEMENT_3D ( 'NONE', #4587, #2183, #2095 ) ;
#1454 = ORIENTED_EDGE ( 'NONE', *, *, #1430, .T. ) ;
#1455 = DIRECTION ( 'NONE',  ( -1.000000000000000000, 2.168404344971008868E-16, -0.0000000000000000000 ) ) ;
#1456 = CIRCLE ( 'NONE', #2515, 0.2899999999999938183 ) ;
#1457 = ORIENTED_EDGE ( 'NONE', *, *, #5227, .F. ) ;
#1458 = ORIENTED_EDGE ( 'NONE', *, *, #2272, .F. ) ;
#1459 = FILL_AREA_STYLE_COLOUR ( '', #5196 ) ;
#1460 = DIRECTION ( 'NONE',  ( 2.168404344971008868E-16, 1.000000000000000000, 0.0000000000000000000 ) ) ;
#1461 = ORIENTED_EDGE ( 'NONE', *, *, #2771, .T. ) ;
#1462 = ORIENTED_EDGE ( 'NONE', *, *, #3652, .T. ) ;
#1463 = VECTOR ( 'NONE', #1718, 1000.000000000000000 ) ;
#1464 = AXIS2_PLACEMENT_3D ( 'NONE', #5546, #543, #4542 ) ;
#1465 = PLANE ( 'NONE',  #6404 ) ;
#1466 = ORIENTED_EDGE ( 'NONE', *, *, #4195, .F. ) ;
#1467 = ORIENTED_EDGE ( 'NONE', *, *, #2358, .F. ) ;
#1468 = ORIENTED_EDGE ( 'NONE', *, *, #526, .F. ) ;
#1469 = EDGE_CURVE ( 'NONE', #4358, #2855, #5451, .T. ) ;
#1470 = CARTESIAN_POINT ( 'NONE',  ( -1.110000000000000098, 1.810001167703612746, 0.4100000000000034728 ) ) ;
#1471 = CARTESIAN_POINT ( 'NONE',  ( 0.1100000000000000699, -2.190001167703602647, 0.2900000000000002021 ) ) ;
#1472 = DIRECTION ( 'NONE',  ( -1.000000000000000000, -2.168404344971008868E-16, -0.0000000000000000000 ) ) ;
#1473 = EDGE_CURVE ( 'NONE', #3325, #5616, #6106, .T. ) ;
#1474 = ORIENTED_EDGE ( 'NONE', *, *, #5393, .F. ) ;
#1475 = EDGE_LOOP ( 'NONE', ( #235, #1675, #1577, #4903 ) ) ;
#1476 = CARTESIAN_POINT ( 'NONE',  ( 0.3899999999999999578, -2.190001167703602647, 0.2900000000000002021 ) ) ;
#1477 = EDGE_CURVE ( 'NONE', #2426, #4335, #4020, .T. ) ;
#1478 = CARTESIAN_POINT ( 'NONE',  ( 1.500000000000001110, 2.100001167703602345, 0.4100000000000035838 ) ) ;
#1479 = DIRECTION ( 'NONE',  ( 2.168404344971008868E-16, -1.000000000000000000, 0.0000000000000000000 ) ) ;
#1480 =( BOUNDED_CURVE ( )  B_SPLINE_CURVE ( 3, ( #291, #2199, #6241, #2270 ),
 .UNSPECIFIED., .F., .T. ) 
 B_SPLINE_CURVE_WITH_KNOTS ( ( 4, 4 ),
 ( 3.134166312117271591, 3.141592653589790896 ),
 .UNSPECIFIED. ) 
 CURVE ( )  GEOMETRIC_REPRESENTATION_ITEM ( )  RATIONAL_B_SPLINE_CURVE ( ( 1.000000000000000000, 0.9999954041263082738, 0.9999954041263082738, 1.000000000000000000 ) ) 
 REPRESENTATION_ITEM ( '' )  );
#1481 =( NAMED_UNIT ( * ) PLANE_ANGLE_UNIT ( ) SI_UNIT ( $, .RADIAN. ) );
#1482 = DIRECTION ( 'NONE',  ( -1.000000000000000000, 2.168404344971008868E-16, -0.0000000000000000000 ) ) ;
#1483 = VERTEX_POINT ( 'NONE', #4951 ) ;
#1484 = EDGE_CURVE ( 'NONE', #809, #2207, #3402, .T. ) ;
#1485 = DIRECTION ( 'NONE',  ( -0.0000000000000000000, -0.0000000000000000000, -1.000000000000000000 ) ) ;
#1486 = VERTEX_POINT ( 'NONE', #557 ) ;
#1487 = AXIS2_PLACEMENT_3D ( 'NONE', #3711, #4775, #742 ) ;
#1488 = CYLINDRICAL_SURFACE ( 'NONE', #214, 0.09000000000000023259 ) ;
#1489 = DIRECTION ( 'NONE',  ( 1.000000000000000000, -1.084202172485504434E-16, 0.0000000000000000000 ) ) ;
#1490 = VECTOR ( 'NONE', #6150, 1000.000000000000000 ) ;
#1491 = CARTESIAN_POINT ( 'NONE',  ( 1.110000000000000098, -1.810001167703612079, 0.4100000000000034728 ) ) ;
#1492 = VERTEX_POINT ( 'NONE', #2923 ) ;
#1493 = SURFACE_SIDE_STYLE ('',( #1528 ) ) ;
#1494 = DIRECTION ( 'NONE',  ( 1.000000000000000000, 0.0000000000000000000, 0.0000000000000000000 ) ) ;
#1495 = MECHANICAL_DESIGN_GEOMETRIC_PRESENTATION_REPRESENTATION (  '', ( #6038 ), #4013 ) ;
#1496 = CARTESIAN_POINT ( 'NONE',  ( 0.8899999999999999023, 1.500001167703639338, 0.5000000000000042188 ) ) ;
#1497 = LINE ( 'NONE', #1595, #6210 ) ;
#1498 = ORIENTED_EDGE ( 'NONE', *, *, #2147, .T. ) ;
#1499 = CARTESIAN_POINT ( 'NONE',  ( -0.6100000000000000977, 1.500000000000003553, 0.6999999999999999556 ) ) ;
#1500 = ORIENTED_EDGE ( 'NONE', *, *, #90, .T. ) ;
#1501 = CIRCLE ( 'NONE', #258, 0.09000000000000023259 ) ;
#1502 = DIRECTION ( 'NONE',  ( 0.0000000000000000000, -1.000000000000000000, 0.0000000000000000000 ) ) ;
#1503 = EDGE_CURVE ( 'NONE', #688, #389, #3427, .T. ) ;
#1504 = CARTESIAN_POINT ( 'NONE',  ( -1.109999999999999876, -2.500000000000007105, 0.6999999999999999556 ) ) ;
#1505 = PRESENTATION_STYLE_ASSIGNMENT (( #3555 ) ) ;
#1506 = CARTESIAN_POINT ( 'NONE',  ( 0.1100000000000000144, 1.500000000000000000, 0.1999999999999999833 ) ) ;
#1507 = ORIENTED_EDGE ( 'NONE', *, *, #4361, .T. ) ;
#1508 = ORIENTED_EDGE ( 'NONE', *, *, #2897, .F. ) ;
#1509 = DIRECTION ( 'NONE',  ( 0.0000000000000000000, -1.000000000000000000, 0.0000000000000000000 ) ) ;
#1510 = LINE ( 'NONE', #5102, #3355 ) ;
#1511 = CARTESIAN_POINT ( 'NONE',  ( 0.1100000000000000699, 2.100001167703602789, 0.2900000000000007572 ) ) ;
#1512 = LINE ( 'NONE', #3497, #3689 ) ;
#1513 =( GEOMETRIC_REPRESENTATION_CONTEXT ( 3 ) GLOBAL_UNCERTAINTY_ASSIGNED_CONTEXT ( ( #6001 ) ) GLOBAL_UNIT_ASSIGNED_CONTEXT ( ( #4670, #3679, #295 ) ) REPRESENTATION_CONTEXT ( 'NONE', 'WORKASPACE' ) );
#1514 = CARTESIAN_POINT ( 'NONE',  ( 1.358293616846677043, 1.457548232010809519, 0.1542580950160310771 ) ) ;
#1515 = SPHERICAL_SURFACE ( 'NONE', #1464, 0.1000000000000000056 ) ;
#1516 = CARTESIAN_POINT ( 'NONE',  ( 1.110000000000000098, 1.500000000000000000, 0.6999999999999999556 ) ) ;
#1517 = ADVANCED_FACE ( 'NONE', ( #1531 ), #1465, .F. ) ;
#1518 = ORIENTED_EDGE ( 'NONE', *, *, #1081, .F. ) ;
#1519 = CIRCLE ( 'NONE', #5201, 0.2899999999999938183 ) ;
#1520 = VECTOR ( 'NONE', #412, 1000.000000000000000 ) ;
#1521 = CARTESIAN_POINT ( 'NONE',  ( -0.1100000000000000699, 1.500000000000000000, 0.6999999999999999556 ) ) ;
#1522 = EDGE_CURVE ( 'NONE', #1002, #5627, #4806, .T. ) ;
#1523 = VECTOR ( 'NONE', #5651, 1000.000000000000000 ) ;
#1524 = ADVANCED_FACE ( 'NONE', ( #6180 ), #2116, .F. ) ;
#1525 = AXIS2_PLACEMENT_3D ( 'NONE', #4577, #5081, #1040 ) ;
#1526 = FACE_OUTER_BOUND ( 'NONE', #497, .T. ) ;
#1527 = ORIENTED_EDGE ( 'NONE', *, *, #2928, .T. ) ;
#1528 = SURFACE_STYLE_FILL_AREA ( #6027 ) ;
#1529 = ADVANCED_FACE ( 'NONE', ( #3180 ), #5689, .T. ) ;
#1530 = CARTESIAN_POINT ( 'NONE',  ( 1.353802899815474081, -1.353802899815473859, 1.070128925855578617 ) ) ;
#1531 = FACE_OUTER_BOUND ( 'NONE', #4054, .T. ) ;
#1532 = LINE ( 'NONE', #4524, #5895 ) ;
#1533 = ORIENTED_EDGE ( 'NONE', *, *, #443, .F. ) ;
#1534 = VERTEX_POINT ( 'NONE', #5084 ) ;
#1535 = PLANE ( 'NONE',  #158 ) ;
#1536 = ORIENTED_EDGE ( 'NONE', *, *, #5797, .F. ) ;
#1537 = VERTEX_POINT ( 'NONE', #5182 ) ;
#1538 = SURFACE_SIDE_STYLE ('',( #679 ) ) ;
#1539 = DIRECTION ( 'NONE',  ( -0.0000000000000000000, -0.0000000000000000000, -1.000000000000000000 ) ) ;
#1540 = SURFACE_SIDE_STYLE ('',( #24 ) ) ;
#1541 = DIRECTION ( 'NONE',  ( 1.084202172485504434E-16, -1.000000000000000000, 0.0000000000000000000 ) ) ;
#1542 = VECTOR ( 'NONE', #2265, 1000.000000000000000 ) ;
#1543 = ORIENTED_EDGE ( 'NONE', *, *, #3016, .T. ) ;
#1544 = EDGE_CURVE ( 'NONE', #5109, #1707, #1456, .T. ) ;
#1545 = ORIENTED_EDGE ( 'NONE', *, *, #1355, .F. ) ;
#1546 = CARTESIAN_POINT ( 'NONE',  ( 0.3900000000000000688, -2.500000000000000000, 0.6999999999999999556 ) ) ;
#1547 = SURFACE_SIDE_STYLE ('',( #1058 ) ) ;
#1548 = LINE ( 'NONE', #2904, #3725 ) ;
#1549 = FACE_OUTER_BOUND ( 'NONE', #2253, .T. ) ;
#1550 = ORIENTED_EDGE ( 'NONE', *, *, #3217, .F. ) ;
#1551 = SURFACE_SIDE_STYLE ('',( #2476 ) ) ;
#1552 = CARTESIAN_POINT ( 'NONE',  ( 1.500000000000001110, 2.100001167703602345, 0.2900000000000007572 ) ) ;
#1553 = EDGE_CURVE ( 'NONE', #2207, #2855, #192, .T. ) ;
#1554 = MECHANICAL_DESIGN_GEOMETRIC_PRESENTATION_REPRESENTATION (  '', ( #5235 ), #1984 ) ;
#1555 = CARTESIAN_POINT ( 'NONE',  ( -1.400247545284594608, -1.500000000000000000, 0.5000000000000105471 ) ) ;
#1556 = CIRCLE ( 'NONE', #2805, 0.09000000000000023259 ) ;
#1557 = EDGE_CURVE ( 'NONE', #2098, #5849, #3314, .T. ) ;
#1558 = DIRECTION ( 'NONE',  ( -1.000000000000000000, 2.168404344971008868E-16, -0.0000000000000000000 ) ) ;
#1559 = VECTOR ( 'NONE', #466, 1000.000000000000000 ) ;
#1560 = DIRECTION ( 'NONE',  ( 0.0000000000000000000, 0.0000000000000000000, -1.000000000000000000 ) ) ;
#1561 = VERTEX_POINT ( 'NONE', #3675 ) ;
#1562 = FACE_OUTER_BOUND ( 'NONE', #1242, .T. ) ;
#1563 = CARTESIAN_POINT ( 'NONE',  ( -1.458632135056575185, -1.499567327329789368, 0.7035238361161001430 ) ) ;
#1564 = AXIS2_PLACEMENT_3D ( 'NONE', #6412, #1269, #1898 ) ;
#1565 = LINE ( 'NONE', #4086, #523 ) ;
#1566 = AXIS2_PLACEMENT_3D ( 'NONE', #1834, #2389, #3244 ) ;
#1567 = CARTESIAN_POINT ( 'NONE',  ( 1.500000000000001110, 1.810001167703612079, 0.7000000000000010658 ) ) ;
#1568 = FILL_AREA_STYLE_COLOUR ( '', #5932 ) ;
#1569 = ORIENTED_EDGE ( 'NONE', *, *, #2149, .T. ) ;
#1570 = COLOUR_RGB ( '',0.0000000000000000000, 0.0000000000000000000, 0.0000000000000000000 ) ;
#1571 = EDGE_LOOP ( 'NONE', ( #1335, #1985, #4090, #3464 ) ) ;
#1572 = CIRCLE ( 'NONE', #829, 0.09000000000000023259 ) ;
#1573 = DIRECTION ( 'NONE',  ( 0.1209742911513514846, -0.1209742911513509434, 0.9852565360152939489 ) ) ;
#1574 = DIRECTION ( 'NONE',  ( -1.000000000000000000, 2.168404344971008868E-16, 0.0000000000000000000 ) ) ;
#1575 = PLANE ( 'NONE',  #3408 ) ;
#1576 = VECTOR ( 'NONE', #4357, 1000.000000000000000 ) ;
#1577 = ORIENTED_EDGE ( 'NONE', *, *, #1402, .T. ) ;
#1578 = CARTESIAN_POINT ( 'NONE',  ( 1.500000000000001110, -1.500001167703639116, 0.5000000000000042188 ) ) ;
#1579 = DIRECTION ( 'NONE',  ( 1.000000000000000000, -2.168404344971008868E-16, 0.0000000000000000000 ) ) ;
#1580 = DIRECTION ( 'NONE',  ( -2.168404344971007685E-15, -1.000000000000000000, 2.168404344971007685E-15 ) ) ;
#1581 = SURFACE_SIDE_STYLE ('',( #3623 ) ) ;
#1582 = DIRECTION ( 'NONE',  ( 0.0000000000000000000, 1.000000000000000000, 0.0000000000000000000 ) ) ;
#1583 = ORIENTED_EDGE ( 'NONE', *, *, #3635, .F. ) ;
#1584 = VERTEX_POINT ( 'NONE', #4207 ) ;
#1585 = FACE_OUTER_BOUND ( 'NONE', #5856, .T. ) ;
#1586 = EDGE_CURVE ( 'NONE', #2998, #3325, #1565, .T. ) ;
#1588 = DIRECTION ( 'NONE',  ( 1.219727444046192488E-16, 1.000000000000000000, 0.0000000000000000000 ) ) ;
#1587 = VECTOR ( 'NONE', #4200, 1000.000000000000000 ) ;
#1589 = CARTESIAN_POINT ( 'NONE',  ( 1.500000000000001110, -2.190001167703603091, 0.2000000000000002331 ) ) ;
#1590 = CYLINDRICAL_SURFACE ( 'NONE', #673, 0.2899999999999951505 ) ;
#1591 = CARTESIAN_POINT ( 'NONE',  ( 1.362413649183243036, -1.362413649183243480, 1.000000000000000000 ) ) ;
#1592 = VECTOR ( 'NONE', #4639, 1000.000000000000000 ) ;
#1593 = LINE ( 'NONE', #3577, #4690 ) ;
#1594 = CARTESIAN_POINT ( 'NONE',  ( -1.499999999999999556, -1.500000000000000000, 1.100000000000000089 ) ) ;
#1595 = CARTESIAN_POINT ( 'NONE',  ( -1.500000000000000000, 1.500000000000000000, 0.5000000000000106581 ) ) ;
#1596 = EDGE_CURVE ( 'NONE', #4510, #4392, #419, .T. ) ;
#1597 = ORIENTED_EDGE ( 'NONE', *, *, #2156, .T. ) ;
#1598 = AXIS2_PLACEMENT_3D ( 'NONE', #6020, #6049, #3602 ) ;
#1599 = ORIENTED_EDGE ( 'NONE', *, *, #4889, .F. ) ;
#1600 = ORIENTED_EDGE ( 'NONE', *, *, #882, .T. ) ;
#1601 = ORIENTED_EDGE ( 'NONE', *, *, #3452, .F. ) ;
#1602 = DIRECTION ( 'NONE',  ( -1.084202172485504434E-16, -1.000000000000000000, 0.0000000000000000000 ) ) ;
#1603 = VECTOR ( 'NONE', #5578, 1000.000000000000000 ) ;
#1604 = ADVANCED_FACE ( 'NONE', ( #4804 ), #4772, .T. ) ;
#1605 = DIRECTION ( 'NONE',  ( 1.869314090492280366E-16, 1.000000000000000000, 0.0000000000000000000 ) ) ;
#1606 = ADVANCED_FACE ( 'NONE', ( #3736 ), #4277, .F. ) ;
#1607 = PRESENTATION_LAYER_ASSIGNMENT (  '', '', ( #983 ) ) ;
#1608 = EDGE_LOOP ( 'NONE', ( #3741, #2943, #2016, #920 ) ) ;
#1609 = FILL_AREA_STYLE_COLOUR ( '', #5618 ) ;
#1610 = DIRECTION ( 'NONE',  ( 0.0000000000000000000, -0.0000000000000000000, 1.000000000000000000 ) ) ;
#1611 = EDGE_CURVE ( 'NONE', #688, #3124, #5311, .T. ) ;
#1612 = DIRECTION ( 'NONE',  ( 1.000000000000000000, 0.0000000000000000000, 0.0000000000000000000 ) ) ;
#1613 = FILL_AREA_STYLE_COLOUR ( '', #2520 ) ;
#1614 = EDGE_LOOP ( 'NONE', ( #4244, #204, #3900, #5511, #3814, #4689, #4963, #1302, #4658, #3511, #2324, #4386 ) ) ;
#1615 = ORIENTED_EDGE ( 'NONE', *, *, #6395, .F. ) ;
#1616 = CARTESIAN_POINT ( 'NONE',  ( -0.3899999999999999578, -2.190001167703602647, 0.2900000000000002021 ) ) ;
#1617 = AXIS2_PLACEMENT_3D ( 'NONE', #5920, #422, #3363 ) ;
#1618 = CYLINDRICAL_SURFACE ( 'NONE', #1598, 0.09000000000000023259 ) ;
#1619 = DIRECTION ( 'NONE',  ( 0.0000000000000000000, 1.000000000000000000, 0.0000000000000000000 ) ) ;
#1620 = COLOUR_RGB ( '',0.0000000000000000000, 0.0000000000000000000, 0.0000000000000000000 ) ;
#1621 = CIRCLE ( 'NONE', #779, 0.08999999999999980238 ) ;
#1622 = CARTESIAN_POINT ( 'NONE',  ( 0.8900000000000001243, 1.500000000000000000, 0.6999999999999886313 ) ) ;
#1623 = LINE ( 'NONE', #5655, #1587 ) ;
#1624 = ORIENTED_EDGE ( 'NONE', *, *, #4293, .T. ) ;
#1625 = LINE ( 'NONE', #1067, #475 ) ;
#1626 = EDGE_CURVE ( 'NONE', #1187, #6034, #6310, .T. ) ;
#1627 = FILL_AREA_STYLE_COLOUR ( '', #4274 ) ;
#1628 = CARTESIAN_POINT ( 'NONE',  ( 0.3900000000000000688, -2.500000000000000000, 0.6999999999999999556 ) ) ;
#1629 = AXIS2_PLACEMENT_3D ( 'NONE', #4556, #5535, #1196 ) ;
#1630 = ORIENTED_EDGE ( 'NONE', *, *, #4835, .T. ) ;
#1631 = ORIENTED_EDGE ( 'NONE', *, *, #637, .T. ) ;
#1632 = PRESENTATION_LAYER_ASSIGNMENT (  '', '', ( #2249 ) ) ;
#1633 = ADVANCED_FACE ( 'NONE', ( #325 ), #1795, .F. ) ;
#1634 = VERTEX_POINT ( 'NONE', #442 ) ;
#1635 = DIRECTION ( 'NONE',  ( 0.0000000000000000000, 2.168404344971007685E-15, -1.000000000000000000 ) ) ;
#1636 = PLANE ( 'NONE',  #700 ) ;
#1637 = ADVANCED_FACE ( 'NONE', ( #6245 ), #1915, .T. ) ;
#1638 = DIRECTION ( 'NONE',  ( -1.000000000000000000, -1.084202172485504434E-16, 0.0000000000000000000 ) ) ;
#1639 = CARTESIAN_POINT ( 'NONE',  ( 0.6100000000000000977, 1.900001167703612603, 0.4100000000000028066 ) ) ;
#1640 = ORIENTED_EDGE ( 'NONE', *, *, #4835, .F. ) ;
#1641 = ORIENTED_EDGE ( 'NONE', *, *, #2499, .T. ) ;
#1642 = DIRECTION ( 'NONE',  ( -0.0000000000000000000, -0.0000000000000000000, -1.000000000000000000 ) ) ;
#1643 = PRESENTATION_LAYER_ASSIGNMENT (  '', '', ( #6497 ) ) ;
#1644 = CARTESIAN_POINT ( 'NONE',  ( 1.362413649183242814, 1.461668264347375734, 1.012186934340514544 ) ) ;
#1645 =( NAMED_UNIT ( * ) SI_UNIT ( $, .STERADIAN. ) SOLID_ANGLE_UNIT ( ) );
#1646 = FACE_OUTER_BOUND ( 'NONE', #265, .T. ) ;
#1647 = FACE_OUTER_BOUND ( 'NONE', #3662, .T. ) ;
#1648 = EDGE_LOOP ( 'NONE', ( #3094, #683, #3439, #5558 ) ) ;
#1649 = LINE ( 'NONE', #1683, #2850 ) ;
#1650 = FACE_OUTER_BOUND ( 'NONE', #2467, .T. ) ;
#1651 = ORIENTED_EDGE ( 'NONE', *, *, #486, .T. ) ;
#1652 = AXIS2_PLACEMENT_3D ( 'NONE', #5486, #4457, #3989 ) ;
#1653 = DIRECTION ( 'NONE',  ( -0.0000000000000000000, 0.0000000000000000000, 1.000000000000000000 ) ) ;
#1654 = SURFACE_STYLE_USAGE ( .BOTH. , #4174 ) ;
#1655 = VECTOR ( 'NONE', #5640, 1000.000000000000000 ) ;
#1656 = FILL_AREA_STYLE_COLOUR ( '', #3367 ) ;
#1657 = EDGE_LOOP ( 'NONE', ( #4811, #2158, #4856, #5298, #5594, #3841, #5521, #4601, #1336, #29, #5927, #2763, #4079, #5735, #5312, #183 ) ) ;
#1658 = ORIENTED_EDGE ( 'NONE', *, *, #929, .T. ) ;
#1659 = VECTOR ( 'NONE', #5488, 1000.000000000000000 ) ;
#1660 = SURFACE_STYLE_USAGE ( .BOTH. , #1538 ) ;
#1661 = CARTESIAN_POINT ( 'NONE',  ( 1.500000000000001110, 2.100001167703602345, 0.4100000000000035838 ) ) ;
#1662 = VECTOR ( 'NONE', #6209, 1000.000000000000000 ) ;
#1663 = VECTOR ( 'NONE', #6275, 1000.000000000000000 ) ;
#1664 = EDGE_CURVE ( 'NONE', #2998, #5973, #4441, .T. ) ;
#1665 = VERTEX_POINT ( 'NONE', #962 ) ;
#1666 = DIRECTION ( 'NONE',  ( -0.0000000000000000000, -0.0000000000000000000, -1.000000000000000000 ) ) ;
#1667 = FACE_OUTER_BOUND ( 'NONE', #5099, .T. ) ;
#1668 = DIRECTION ( 'NONE',  ( 0.0000000000000000000, -0.0000000000000000000, 1.000000000000000000 ) ) ;
#1669 = VECTOR ( 'NONE', #1308, 1000.000000000000000 ) ;
#1670 = FILL_AREA_STYLE ('',( #3227 ) ) ;
#1671 = DIRECTION ( 'NONE',  ( -1.000000000000000000, -1.219727444046192488E-16, 0.0000000000000000000 ) ) ;
#1672 = EDGE_CURVE ( 'NONE', #4926, #4360, #2939, .T. ) ;
#1673 = VERTEX_POINT ( 'NONE', #4973 ) ;
#1674 = ORIENTED_EDGE ( 'NONE', *, *, #6164, .F. ) ;
#1675 = ORIENTED_EDGE ( 'NONE', *, *, #336, .F. ) ;
#1676 = CARTESIAN_POINT ( 'NONE',  ( -1.362413649183242814, -1.461668264347375734, 1.012186934340514544 ) ) ;
#1677 = LINE ( 'NONE', #5268, #6237 ) ;
#1678 = PRESENTATION_STYLE_ASSIGNMENT (( #3137 ) ) ;
#1679 = EDGE_CURVE ( 'NONE', #872, #2721, #1572, .T. ) ;
#1680 = FACE_OUTER_BOUND ( 'NONE', #4748, .T. ) ;
#1681 = ORIENTED_EDGE ( 'NONE', *, *, #670, .T. ) ;
#1682 = EDGE_CURVE ( 'NONE', #2932, #3713, #261, .T. ) ;
#1683 = CARTESIAN_POINT ( 'NONE',  ( 1.500000000000001110, -1.810001167703612079, 0.7000000000000010658 ) ) ;
#1684 = FACE_OUTER_BOUND ( 'NONE', #918, .T. ) ;
#1685 = ORIENTED_EDGE ( 'NONE', *, *, #3855, .F. ) ;
#1686 =( NAMED_UNIT ( * ) SI_UNIT ( $, .STERADIAN. ) SOLID_ANGLE_UNIT ( ) );
#1687 = EDGE_CURVE ( 'NONE', #5868, #4741, #3041, .T. ) ;
#1688 = SPHERICAL_SURFACE ( 'NONE', #432, 0.1000000000000000056 ) ;
#1689 = ORIENTED_EDGE ( 'NONE', *, *, #6011, .T. ) ;
#1690 = DIRECTION ( 'NONE',  ( 0.0000000000000000000, 0.0000000000000000000, -1.000000000000000000 ) ) ;
#1691 = AXIS2_PLACEMENT_3D ( 'NONE', #1578, #6041, #1441 ) ;
#1692 =( NAMED_UNIT ( * ) PLANE_ANGLE_UNIT ( ) SI_UNIT ( $, .RADIAN. ) );
#1693 = ORIENTED_EDGE ( 'NONE', *, *, #5149, .F. ) ;
#1694 = EDGE_LOOP ( 'NONE', ( #1022, #5910, #4026 ) ) ;
#1695 = CARTESIAN_POINT ( 'NONE',  ( -1.400742627321157618, 1.499997242485289872, 0.7000224581550681391 ) ) ;
#1696 = CARTESIAN_POINT ( 'NONE',  ( 1.500000000000001110, -1.810001167703612079, 0.4100000000000034728 ) ) ;
#1697 = STYLED_ITEM ( 'NONE', ( #5481 ), #4222 ) ;
#1698 = LINE ( 'NONE', #5723, #4068 ) ;
#1699 = ORIENTED_EDGE ( 'NONE', *, *, #6085, .T. ) ;
#1700 = ORIENTED_EDGE ( 'NONE', *, *, #5919, .F. ) ;
#1701 = VECTOR ( 'NONE', #4231, 1000.000000000000000 ) ;
#1702 =( NAMED_UNIT ( * ) SI_UNIT ( $, .STERADIAN. ) SOLID_ANGLE_UNIT ( ) );
#1703 = DIRECTION ( 'NONE',  ( 0.0000000000000000000, -1.000000000000000000, 0.0000000000000000000 ) ) ;
#1704 =( NAMED_UNIT ( * ) PLANE_ANGLE_UNIT ( ) SI_UNIT ( $, .RADIAN. ) );
#1705 = CARTESIAN_POINT ( 'NONE',  ( 0.8899999999999999023, 1.900001167703612603, 0.4100000000000028066 ) ) ;
#1706 = CARTESIAN_POINT ( 'NONE',  ( -1.500000000000000000, 1.500000000000000000, 0.5000000000000106581 ) ) ;
#1707 = VERTEX_POINT ( 'NONE', #631 ) ;
#1708 = ORIENTED_EDGE ( 'NONE', *, *, #2150, .T. ) ;
#1709 = ORIENTED_EDGE ( 'NONE', *, *, #5021, .T. ) ;
#1710 = DIRECTION ( 'NONE',  ( 2.168404344971007685E-15, -1.000000000000000000, 0.0000000000000000000 ) ) ;
#1711 = DIRECTION ( 'NONE',  ( -2.168404344971008868E-16, -1.000000000000000000, 0.0000000000000000000 ) ) ;
#1712 = UNCERTAINTY_MEASURE_WITH_UNIT (LENGTH_MEASURE( 1.000000000000000082E-05 ), #1737, 'distance_accuracy_value', 'NONE');
#1713 = PRESENTATION_LAYER_ASSIGNMENT (  '', '', ( #4440 ) ) ;
#1714 = DIRECTION ( 'NONE',  ( -1.000000000000000000, 2.168404344971008868E-16, -0.0000000000000000000 ) ) ;
#1715 = EDGE_CURVE ( 'NONE', #2948, #1392, #6501, .T. ) ;
#1716 = ADVANCED_BREP_SHAPE_REPRESENTATION ( '378D1009-E571-49DD-8AC3-71557983C0E4', ( #5554, #1944 ), #5839 ) ;
#1717 = DIRECTION ( 'NONE',  ( -1.000000000000000000, -1.084202172485504434E-16, 0.0000000000000000000 ) ) ;
#1718 = DIRECTION ( 'NONE',  ( -1.219727444046192488E-16, -1.000000000000000000, 0.0000000000000000000 ) ) ;
#1719 = ORIENTED_EDGE ( 'NONE', *, *, #4451, .T. ) ;
#1720 = DIRECTION ( 'NONE',  ( 0.0000000000000000000, 0.0000000000000000000, -1.000000000000000000 ) ) ;
#1721 = DIRECTION ( 'NONE',  ( -1.000000000000000000, 2.168404344971008868E-16, -0.0000000000000000000 ) ) ;
#1722 = EDGE_CURVE ( 'NONE', #4171, #4436, #1029, .T. ) ;
#1723 = ORIENTED_EDGE ( 'NONE', *, *, #2226, .F. ) ;
#1724 = VECTOR ( 'NONE', #1222, 1000.000000000000000 ) ;
#1725 = CARTESIAN_POINT ( 'NONE',  ( -1.500000000000000000, 1.500000000000000000, 0.5000000000000106581 ) ) ;
#1726 = VECTOR ( 'NONE', #1201, 1000.000000000000000 ) ;
#1727 = ADVANCED_FACE ( 'NONE', ( #3460 ), #5007, .F. ) ;
#1728 = DIRECTION ( 'NONE',  ( -2.168404344971008868E-16, 1.000000000000000000, 0.0000000000000000000 ) ) ;
#1729 = FILL_AREA_STYLE ('',( #558 ) ) ;
#1730 = CARTESIAN_POINT ( 'NONE',  ( -1.500000000000000000, 1.500000000000000000, 0.5000000000000106581 ) ) ;
#1731 = ORIENTED_EDGE ( 'NONE', *, *, #4813, .T. ) ;
#1732 = DIRECTION ( 'NONE',  ( 2.168404344971008868E-16, -1.000000000000000000, 0.0000000000000000000 ) ) ;
#1733 = STYLED_ITEM ( 'NONE', ( #6144 ), #5554 ) ;
#1734 = CYLINDRICAL_SURFACE ( 'NONE', #1487, 0.2899999999999938183 ) ;
#1735 = ORIENTED_EDGE ( 'NONE', *, *, #5287, .F. ) ;
#1736 = ORIENTED_EDGE ( 'NONE', *, *, #3507, .T. ) ;
#1737 =( LENGTH_UNIT ( ) NAMED_UNIT ( * ) SI_UNIT ( .MILLI., .METRE. ) );
#1738 = FILL_AREA_STYLE_COLOUR ( '', #1243 ) ;
#1739 = DIRECTION ( 'NONE',  ( 0.0000000000000000000, -0.0000000000000000000, 1.000000000000000000 ) ) ;
#1740 = CARTESIAN_POINT ( 'NONE',  ( 0.8899999999999999023, 1.900001167703612159, 0.2900000000000002021 ) ) ;
#1741 = EDGE_LOOP ( 'NONE', ( #5129, #331, #4989, #4548, #4629, #4394, #6499, #3940, #4428, #1148, #6343, #6090 ) ) ;
#1742 = ORIENTED_EDGE ( 'NONE', *, *, #2412, .T. ) ;
#1743 = DIRECTION ( 'NONE',  ( 1.000000000000000000, 0.0000000000000000000, 0.0000000000000000000 ) ) ;
#1744 = LINE ( 'NONE', #4718, #2392 ) ;
#1745 =( NAMED_UNIT ( * ) SI_UNIT ( $, .STERADIAN. ) SOLID_ANGLE_UNIT ( ) );
#1746 = CARTESIAN_POINT ( 'NONE',  ( -1.110000000000000098, 1.500000000000006883, 0.6999999999999999556 ) ) ;
#1747 = CARTESIAN_POINT ( 'NONE',  ( 1.500000000000001110, -2.100001167703602345, 0.4100000000000035838 ) ) ;
#1748 = DIRECTION ( 'NONE',  ( 0.0000000000000000000, 1.000000000000000000, 0.0000000000000000000 ) ) ;
#1749 = STYLED_ITEM ( 'NONE', ( #6393 ), #141 ) ;
#1750 = DIRECTION ( 'NONE',  ( -0.0000000000000000000, -0.0000000000000000000, -1.000000000000000000 ) ) ;
#1751 = CARTESIAN_POINT ( 'NONE',  ( 0.3899999999999999578, -1.500000000000000000, 0.0000000000000000000 ) ) ;
#1752 = LINE ( 'NONE', #2231, #1406 ) ;
#1753 = EDGE_CURVE ( 'NONE', #2888, #4645, #3009, .T. ) ;
#1754 = CARTESIAN_POINT ( 'NONE',  ( 1.499997242485289650, 1.400742627321157618, 0.7000224581550662517 ) ) ;
#1755 = ORIENTED_EDGE ( 'NONE', *, *, #5675, .F. ) ;
#1756 =( GEOMETRIC_REPRESENTATION_CONTEXT ( 3 ) GLOBAL_UNCERTAINTY_ASSIGNED_CONTEXT ( ( #5144 ) ) GLOBAL_UNIT_ASSIGNED_CONTEXT ( ( #3656, #5608, #5699 ) ) REPRESENTATION_CONTEXT ( 'NONE', 'WORKASPACE' ) );
#1757 = DIRECTION ( 'NONE',  ( 1.000000000000000000, 0.0000000000000000000, 0.0000000000000000000 ) ) ;
#1758 = CYLINDRICAL_SURFACE ( 'NONE', #5574, 0.1000000000000000472 ) ;
#1759 = PLANE ( 'NONE',  #5786 ) ;
#1760 = ORIENTED_EDGE ( 'NONE', *, *, #5270, .F. ) ;
#1761 = FACE_OUTER_BOUND ( 'NONE', #3978, .T. ) ;
#1762 = PRESENTATION_LAYER_ASSIGNMENT (  '', '', ( #612 ) ) ;
#1763 = ADVANCED_FACE ( 'NONE', ( #1549 ), #3563, .F. ) ;
#1764 = FACE_OUTER_BOUND ( 'NONE', #3681, .T. ) ;
#1765 = ORIENTED_EDGE ( 'NONE', *, *, #6285, .F. ) ;
#1766 = ORIENTED_EDGE ( 'NONE', *, *, #4889, .T. ) ;
#1767 = UNCERTAINTY_MEASURE_WITH_UNIT (LENGTH_MEASURE( 1.000000000000000082E-05 ), #2375, 'distance_accuracy_value', 'NONE');
#1768 = AXIS2_PLACEMENT_3D ( 'NONE', #4121, #3617, #1739 ) ;
#1769 =( LENGTH_UNIT ( ) NAMED_UNIT ( * ) SI_UNIT ( .MILLI., .METRE. ) );
#1770 = AXIS2_PLACEMENT_3D ( 'NONE', #4677, #4743, #3746 ) ;
#1771 = LINE ( 'NONE', #3882, #2704 ) ;
#1772 = DIRECTION ( 'NONE',  ( 0.0000000000000000000, 0.0000000000000000000, 1.000000000000000000 ) ) ;
#1773 = ORIENTED_EDGE ( 'NONE', *, *, #5334, .F. ) ;
#1774 = EDGE_CURVE ( 'NONE', #5665, #4221, #20, .T. ) ;
#1775 = VECTOR ( 'NONE', #1455, 1000.000000000000000 ) ;
#1776 = VERTEX_POINT ( 'NONE', #3529 ) ;
#1777 =( BOUNDED_CURVE ( )  B_SPLINE_CURVE ( 3, ( #4848, #366, #2494, #5959 ),
 .UNSPECIFIED., .F., .T. ) 
 B_SPLINE_CURVE_WITH_KNOTS ( ( 4, 4 ),
 ( 5.505213485254657257, 7.061157129104511654 ),
 .UNSPECIFIED. ) 
 CURVE ( )  GEOMETRIC_REPRESENTATION_ITEM ( )  RATIONAL_B_SPLINE_CURVE ( ( 1.000000000000000000, 0.8082256338399265161, 0.8082256338399265161, 1.000000000000000000 ) ) 
 REPRESENTATION_ITEM ( '' )  );
#1778 = VECTOR ( 'NONE', #2801, 1000.000000000000000 ) ;
#1779 = LINE ( 'NONE', #6320, #3831 ) ;
#1780 = UNCERTAINTY_MEASURE_WITH_UNIT (LENGTH_MEASURE( 1.000000000000000082E-05 ), #5504, 'distance_accuracy_value', 'NONE');
#1781 = CARTESIAN_POINT ( 'NONE',  ( 0.1100000000000002920, -1.500000000000000000, 0.6999999999999886313 ) ) ;
#1782 = DIRECTION ( 'NONE',  ( -1.084202172485504434E-16, 1.000000000000000000, 0.0000000000000000000 ) ) ;
#1783 = DIRECTION ( 'NONE',  ( -1.401985567869210213E-16, 1.000000000000000000, 0.0000000000000000000 ) ) ;
#1784 = STYLED_ITEM ( 'NONE', ( #4336 ), #2754 ) ;
#1785 = PRESENTATION_LAYER_ASSIGNMENT (  '', '', ( #6000 ) ) ;
#1786 = CYLINDRICAL_SURFACE ( 'NONE', #5700, 0.09000000000000023259 ) ;
#1787 = DIRECTION ( 'NONE',  ( 1.219727444046192488E-16, 1.000000000000000000, 0.0000000000000000000 ) ) ;
#1788 = CARTESIAN_POINT ( 'NONE',  ( 1.499999999999999556, 1.500000000000000000, 0.6999999999999886313 ) ) ;
#1789 = AXIS2_PLACEMENT_3D ( 'NONE', #4755, #1671, #1783 ) ;
#1790 = SURFACE_STYLE_FILL_AREA ( #1351 ) ;
#1791 = CARTESIAN_POINT ( 'NONE',  ( -0.8899999999999999023, 1.500000000000006883, 0.0000000000000000000 ) ) ;
#1792 = ADVANCED_FACE ( 'NONE', ( #1982 ), #5583, .F. ) ;
#1793 = ORIENTED_EDGE ( 'NONE', *, *, #2813, .T. ) ;
#1794 = DIRECTION ( 'NONE',  ( 2.168404344971008868E-16, 1.000000000000000000, 0.0000000000000000000 ) ) ;
#1795 = PLANE ( 'NONE',  #4604 ) ;
#1796 = ORIENTED_EDGE ( 'NONE', *, *, #3579, .F. ) ;
#1797 = CARTESIAN_POINT ( 'NONE',  ( -1.400000000000000133, 1.500000000000000000, 0.5000000000000106581 ) ) ;
#1798 = ORIENTED_EDGE ( 'NONE', *, *, #1715, .T. ) ;
#1799 = ORIENTED_EDGE ( 'NONE', *, *, #911, .F. ) ;
#1800 = CARTESIAN_POINT ( 'NONE',  ( -1.400247545284595274, 1.500000000000000000, 0.6999999999999890754 ) ) ;
#1801 = SPHERICAL_SURFACE ( 'NONE', #1566, 0.4999999999999994449 ) ;
#1802 = CARTESIAN_POINT ( 'NONE',  ( -1.109999999999999876, -2.500001167703630234, 0.2000000000000000389 ) ) ;
#1803 = VECTOR ( 'NONE', #3233, 1000.000000000000000 ) ;
#1804 = EDGE_LOOP ( 'NONE', ( #5818, #6314, #4321, #1766, #6115, #1259, #5649, #2121, #4502, #6232, #2921, #3854 ) ) ;
#1805 = ORIENTED_EDGE ( 'NONE', *, *, #4615, .F. ) ;
#1806 =( NAMED_UNIT ( * ) SI_UNIT ( $, .STERADIAN. ) SOLID_ANGLE_UNIT ( ) );
#1807 = ADVANCED_FACE ( 'NONE', ( #2069 ), #4596, .T. ) ;
#1808 = CARTESIAN_POINT ( 'NONE',  ( 0.3899999999999999578, -1.810001167703612301, 0.7000000000000010658 ) ) ;
#1809 = VECTOR ( 'NONE', #3575, 1000.000000000000000 ) ;
#1810 = SURFACE_STYLE_FILL_AREA ( #723 ) ;
#1811 = CARTESIAN_POINT ( 'NONE',  ( 1.500000000000001110, 1.500001167703639116, 0.5000000000000042188 ) ) ;
#1812 = ADVANCED_FACE ( 'NONE', ( #5105 ), #1515, .T. ) ;
#1813 = SURFACE_SIDE_STYLE ('',( #1941 ) ) ;
#1814 = ORIENTED_EDGE ( 'NONE', *, *, #4088, .T. ) ;
#1815 = DIRECTION ( 'NONE',  ( -2.168404344971008868E-16, 1.000000000000000000, 0.0000000000000000000 ) ) ;
#1816 = ADVANCED_FACE ( 'NONE', ( #2508 ), #2042, .F. ) ;
#1817 = FILL_AREA_STYLE ('',( #5838 ) ) ;
#1818 =( GEOMETRIC_REPRESENTATION_CONTEXT ( 3 ) GLOBAL_UNCERTAINTY_ASSIGNED_CONTEXT ( ( #3519 ) ) GLOBAL_UNIT_ASSIGNED_CONTEXT ( ( #2333, #2435, #4858 ) ) REPRESENTATION_CONTEXT ( 'NONE', 'WORKASPACE' ) );
#1819 =( LENGTH_UNIT ( ) NAMED_UNIT ( * ) SI_UNIT ( .MILLI., .METRE. ) );
#1820 = CARTESIAN_POINT ( 'NONE',  ( 1.110000000000000098, 1.810001167703611191, 0.5000000000000042188 ) ) ;
#1821 = DIRECTION ( 'NONE',  ( 1.000000000000000000, 0.0000000000000000000, 0.0000000000000000000 ) ) ;
#1822 = CARTESIAN_POINT ( 'NONE',  ( -1.402197954205392838, 1.402197954205392838, 0.5240171624966032393 ) ) ;
#1823 = ORIENTED_EDGE ( 'NONE', *, *, #4615, .T. ) ;
#1824 = DIRECTION ( 'NONE',  ( -1.000000000000000000, -2.168404344971008868E-16, -0.0000000000000000000 ) ) ;
#1825 = AXIS2_PLACEMENT_3D ( 'NONE', #5492, #3374, #909 ) ;
#1826 = ORIENTED_EDGE ( 'NONE', *, *, #2761, .F. ) ;
#1827 = EDGE_CURVE ( 'NONE', #1905, #3257, #182, .T. ) ;
#1828 = VERTEX_POINT ( 'NONE', #2191 ) ;
#1829 = DIRECTION ( 'NONE',  ( 0.1209742911513509711, -0.1209742911513514707, -0.9852565360152939489 ) ) ;
#1830 = ORIENTED_EDGE ( 'NONE', *, *, #6491, .T. ) ;
#1831 = STYLED_ITEM ( 'NONE', ( #5930 ), #5913 ) ;
#1832 = ORIENTED_EDGE ( 'NONE', *, *, #4447, .F. ) ;
#1833 = VECTOR ( 'NONE', #4081, 1000.000000000000000 ) ;
#1834 = CARTESIAN_POINT ( 'NONE',  ( -0.8899999999999997913, -0.8900000000000000133, 1.499899999999999345 ) ) ;
#1835 = LINE ( 'NONE', #5821, #5444 ) ;
#1836 = LINE ( 'NONE', #3883, #5356 ) ;
#1837 =( GEOMETRIC_REPRESENTATION_CONTEXT ( 3 ) GLOBAL_UNCERTAINTY_ASSIGNED_CONTEXT ( ( #4850 ) ) GLOBAL_UNIT_ASSIGNED_CONTEXT ( ( #3076, #2018, #2107 ) ) REPRESENTATION_CONTEXT ( 'NONE', 'WORKASPACE' ) );
#1838 = EDGE_LOOP ( 'NONE', ( #5877, #1917, #5538, #1205 ) ) ;
#1839 = EDGE_CURVE ( 'NONE', #389, #1828, #3017, .T. ) ;
#1840 = CARTESIAN_POINT ( 'NONE',  ( 0.8899999999999999023, -1.500000000000000000, 0.6999999999999999556 ) ) ;
#1841 = FILL_AREA_STYLE_COLOUR ( '', #2066 ) ;
#1842 = UNCERTAINTY_MEASURE_WITH_UNIT (LENGTH_MEASURE( 1.000000000000000082E-05 ), #1107, 'distance_accuracy_value', 'NONE');
#1843 = FACE_OUTER_BOUND ( 'NONE', #2797, .T. ) ;
#1844 = FACE_OUTER_BOUND ( 'NONE', #3247, .T. ) ;
#1845 = DIRECTION ( 'NONE',  ( 0.0000000000000000000, 1.000000000000000000, 0.0000000000000000000 ) ) ;
#1846 = CIRCLE ( 'NONE', #178, 0.2899999999999940403 ) ;
#1847 = DIRECTION ( 'NONE',  ( -1.000000000000000000, -2.168404344971008868E-16, 0.0000000000000000000 ) ) ;
#1848 = EDGE_CURVE ( 'NONE', #240, #470, #6005, .T. ) ;
#1849 = DIRECTION ( 'NONE',  ( -0.9925461516413224272, -1.434827591868865153E-16, 0.1218693434051440205 ) ) ;
#1850 = SURFACE_SIDE_STYLE ('',( #4301 ) ) ;
#1851 = ORIENTED_EDGE ( 'NONE', *, *, #1430, .F. ) ;
#1852 = LINE ( 'NONE', #3828, #5942 ) ;
#1853 = CARTESIAN_POINT ( 'NONE',  ( 1.500000000000001110, 1.810001167703612079, 0.7000000000000010658 ) ) ;
#1854 = EDGE_CURVE ( 'NONE', #449, #1206, #213, .T. ) ;
#1855 =( LENGTH_UNIT ( ) NAMED_UNIT ( * ) SI_UNIT ( .MILLI., .METRE. ) );
#1856 = ORIENTED_EDGE ( 'NONE', *, *, #534, .T. ) ;
#1857 = DIRECTION ( 'NONE',  ( 2.168404344971008868E-16, -1.000000000000000000, 0.0000000000000000000 ) ) ;
#1858 = ORIENTED_EDGE ( 'NONE', *, *, #4129, .F. ) ;
#1859 = CIRCLE ( 'NONE', #5013, 0.2899999999999940403 ) ;
#1860 = EDGE_LOOP ( 'NONE', ( #3808, #437, #4878, #5631 ) ) ;
#1861 = CARTESIAN_POINT ( 'NONE',  ( -1.461668264347375290, -1.362413649183243258, 1.012186934340514544 ) ) ;
#1862 = FACE_OUTER_BOUND ( 'NONE', #2136, .T. ) ;
#1863 = CARTESIAN_POINT ( 'NONE',  ( 0.6100000000000000977, 1.500000000000000000, 0.6999999999999999556 ) ) ;
#1864 = ORIENTED_EDGE ( 'NONE', *, *, #4186, .F. ) ;
#1865 = CARTESIAN_POINT ( 'NONE',  ( -0.3899999999999999578, 1.900001167703612825, 0.4100000000000028066 ) ) ;
#1866 = VERTEX_POINT ( 'NONE', #2628 ) ;
#1867 = ORIENTED_EDGE ( 'NONE', *, *, #1277, .F. ) ;
#1868 = PLANE ( 'NONE',  #1291 ) ;
#1869 = VECTOR ( 'NONE', #243, 1000.000000000000000 ) ;
#1870 = EDGE_CURVE ( 'NONE', #899, #6131, #3162, .T. ) ;
#1871 = DIRECTION ( 'NONE',  ( -1.000000000000000000, 2.168404344971008868E-16, -0.0000000000000000000 ) ) ;
#1872 = CARTESIAN_POINT ( 'NONE',  ( -0.3900000000000000133, -1.500000000000003553, 0.1999999999999999833 ) ) ;
#1873 = DIRECTION ( 'NONE',  ( -1.000000000000000000, 2.168404344971008868E-16, -0.0000000000000000000 ) ) ;
#1874 = VECTOR ( 'NONE', #3716, 1000.000000000000114 ) ;
#1875 = ORIENTED_EDGE ( 'NONE', *, *, #3774, .F. ) ;
#1876 = FILL_AREA_STYLE_COLOUR ( '', #3924 ) ;
#1877 = ADVANCED_FACE ( 'NONE', ( #5233 ), #2743, .T. ) ;
#1878 = VERTEX_POINT ( 'NONE', #2260 ) ;
#1879 = EDGE_CURVE ( 'NONE', #4514, #2855, #4191, .T. ) ;
#1880 = CARTESIAN_POINT ( 'NONE',  ( -0.6100000000000000977, -1.500001167703639560, 0.5000000000000042188 ) ) ;
#1881 = ADVANCED_FACE ( 'NONE', ( #4262 ), #3758, .F. ) ;
#1882 = PRESENTATION_LAYER_ASSIGNMENT (  '', '', ( #5887 ) ) ;
#1883 = ORIENTED_EDGE ( 'NONE', *, *, #3810, .F. ) ;
#1884 = CARTESIAN_POINT ( 'NONE',  ( -0.6099999999999999867, -2.500000000000003553, 0.0000000000000000000 ) ) ;
#1885 = ADVANCED_FACE ( 'NONE', ( #244 ), #3690, .F. ) ;
#1886 = ORIENTED_EDGE ( 'NONE', *, *, #3953, .T. ) ;
#1887 = CARTESIAN_POINT ( 'NONE',  ( 1.400247545284594830, 1.500000000000000000, 0.6999999999999890754 ) ) ;
#1888 = AXIS2_PLACEMENT_3D ( 'NONE', #2644, #3182, #5217 ) ;
#1889 = DIRECTION ( 'NONE',  ( 1.000000000000000000, 1.445602896647339163E-16, -0.0000000000000000000 ) ) ;
#1890 = ADVANCED_FACE ( 'NONE', ( #5674 ), #4131, .T. ) ;
#1891 = ORIENTED_EDGE ( 'NONE', *, *, #137, .T. ) ;
#1892 = CARTESIAN_POINT ( 'NONE',  ( 1.500000000000001332, -2.500001167703629790, 0.2000000000000000389 ) ) ;
#1893 = CARTESIAN_POINT ( 'NONE',  ( -1.499999999999999556, -1.500000000000000000, 0.5000000000000106581 ) ) ;
#1894 = ORIENTED_EDGE ( 'NONE', *, *, #4060, .T. ) ;
#1895 = ADVANCED_FACE ( 'NONE', ( #2220 ), #4227, .T. ) ;
#1896 = LINE ( 'NONE', #942, #1978 ) ;
#1897 = DIRECTION ( 'NONE',  ( 0.0000000000000000000, -1.000000000000000000, 0.0000000000000000000 ) ) ;
#1898 = DIRECTION ( 'NONE',  ( 0.0000000000000000000, 1.000000000000000000, 0.0000000000000000000 ) ) ;
#1899 = VERTEX_POINT ( 'NONE', #6171 ) ;
#1900 = DIRECTION ( 'NONE',  ( -0.0000000000000000000, 0.0000000000000000000, 1.000000000000000000 ) ) ;
#1901 = UNCERTAINTY_MEASURE_WITH_UNIT (LENGTH_MEASURE( 1.000000000000000082E-05 ), #1855, 'distance_accuracy_value', 'NONE');
#1902 = SURFACE_SIDE_STYLE ('',( #4685 ) ) ;
#1903 = AXIS2_PLACEMENT_3D ( 'NONE', #3862, #3823, #921 ) ;
#1904 = DIRECTION ( 'NONE',  ( 1.000000000000000000, 0.0000000000000000000, 0.0000000000000000000 ) ) ;
#1905 = VERTEX_POINT ( 'NONE', #1639 ) ;
#1906 = EDGE_CURVE ( 'NONE', #3003, #4521, #659, .T. ) ;
#1907 = EDGE_LOOP ( 'NONE', ( #5204, #4838, #5131, #5588 ) ) ;
#1908 = DIRECTION ( 'NONE',  ( -1.000000000000000000, 0.0000000000000000000, -0.0000000000000000000 ) ) ;
#1909 = VECTOR ( 'NONE', #5922, 1000.000000000000000 ) ;
#1910 = FILL_AREA_STYLE_COLOUR ( '', #861 ) ;
#1911 = DIRECTION ( 'NONE',  ( -1.869314090492288994E-16, 1.000000000000000000, 0.0000000000000000000 ) ) ;
#1912 = UNCERTAINTY_MEASURE_WITH_UNIT (LENGTH_MEASURE( 1.000000000000000082E-05 ), #4585, 'distance_accuracy_value', 'NONE');
#1913 = CARTESIAN_POINT ( 'NONE',  ( 0.1100000000000000699, 2.190001167703602647, 0.2900000000000002021 ) ) ;
#1914 = ORIENTED_EDGE ( 'NONE', *, *, #5586, .F. ) ;
#1915 = CYLINDRICAL_SURFACE ( 'NONE', #1052, 0.1000000000000000749 ) ;
#1916 = DIRECTION ( 'NONE',  ( -1.219727444046192488E-16, 1.000000000000000000, -0.0000000000000000000 ) ) ;
#1917 = ORIENTED_EDGE ( 'NONE', *, *, #1282, .F. ) ;
#1918 = CARTESIAN_POINT ( 'NONE',  ( -0.6100000000000000977, 1.500000000000003553, 0.5000000000000042188 ) ) ;
#1919 = CARTESIAN_POINT ( 'NONE',  ( -0.8899999999999999023, 1.500000000000006883, 0.1999999999999999833 ) ) ;
#1920 = EDGE_CURVE ( 'NONE', #3185, #6493, #641, .T. ) ;
#1921 = VERTEX_POINT ( 'NONE', #6197 ) ;
#1922 = LINE ( 'NONE', #1421, #4030 ) ;
#1923 = DIRECTION ( 'NONE',  ( -1.000000000000000000, 2.168404344971008868E-16, -0.0000000000000000000 ) ) ;
#1924 = AXIS2_PLACEMENT_3D ( 'NONE', #572, #4002, #2470 ) ;
#1925 = EDGE_CURVE ( 'NONE', #3185, #939, #5774, .T. ) ;
#1926 = CARTESIAN_POINT ( 'NONE',  ( 0.3900000000000000133, 1.810001167703612301, 0.6999999999999999556 ) ) ;
#1927 = CARTESIAN_POINT ( 'NONE',  ( 0.8899999999999999023, -1.900001167703611937, 0.6999999999999999556 ) ) ;
#1928 = ORIENTED_EDGE ( 'NONE', *, *, #2035, .F. ) ;
#1929 = ORIENTED_EDGE ( 'NONE', *, *, #1090, .T. ) ;
#1930 = CARTESIAN_POINT ( 'NONE',  ( 1.500000000000001110, 1.810001167703611191, 0.5000000000000042188 ) ) ;
#1931 = VECTOR ( 'NONE', #4023, 1000.000000000000114 ) ;
#1932 = DIRECTION ( 'NONE',  ( 0.0000000000000000000, 0.0000000000000000000, 1.000000000000000000 ) ) ;
#1933 = ORIENTED_EDGE ( 'NONE', *, *, #5296, .T. ) ;
#1934 = CARTESIAN_POINT ( 'NONE',  ( 0.3900000000000000133, 2.190001167703602203, 0.0000000000000000000 ) ) ;
#1935 = VERTEX_POINT ( 'NONE', #5363 ) ;
#1936 = SURFACE_SIDE_STYLE ('',( #984 ) ) ;
#1937 = CARTESIAN_POINT ( 'NONE',  ( -1.400742627321157618, 1.499997242485289872, 0.7000224581550681391 ) ) ;
#1938 = DIRECTION ( 'NONE',  ( 0.0000000000000000000, 0.0000000000000000000, -1.000000000000000000 ) ) ;
#1939 = COLOUR_RGB ( '',0.0000000000000000000, 0.0000000000000000000, 0.0000000000000000000 ) ;
#1940 = VECTOR ( 'NONE', #5711, 1000.000000000000000 ) ;
#1941 = SURFACE_STYLE_FILL_AREA ( #1407 ) ;
#1942 = ORIENTED_EDGE ( 'NONE', *, *, #2368, .F. ) ;
#1943 = DIRECTION ( 'NONE',  ( 1.000000000000000000, 0.0000000000000000000, 0.0000000000000000000 ) ) ;
#1944 = AXIS2_PLACEMENT_3D ( 'NONE', #3499, #5545, #1612 ) ;
#1945 = AXIS2_PLACEMENT_3D ( 'NONE', #5646, #1125, #3097 ) ;
#1946 = CARTESIAN_POINT ( 'NONE',  ( 0.6100000000000000977, -1.810001167703612301, 0.4100000000000034728 ) ) ;
#1947 = PLANE ( 'NONE',  #3614 ) ;
#1948 = DIRECTION ( 'NONE',  ( 0.1209742911513512070, -0.1209742911513517205, 0.9852565360152939489 ) ) ;
#1949 =( BOUNDED_CURVE ( )  B_SPLINE_CURVE ( 3, ( #5343, #2274, #1887, #766 ),
 .UNSPECIFIED., .F., .T. ) 
 B_SPLINE_CURVE_WITH_KNOTS ( ( 4, 4 ),
 ( 6.275758965707068704, 6.283185307179586232 ),
 .UNSPECIFIED. ) 
 CURVE ( )  GEOMETRIC_REPRESENTATION_ITEM ( )  RATIONAL_B_SPLINE_CURVE ( ( 1.000000000000000000, 0.9999954041263082738, 0.9999954041263082738, 1.000000000000000000 ) ) 
 REPRESENTATION_ITEM ( '' )  );
#1950 = ORIENTED_EDGE ( 'NONE', *, *, #3597, .T. ) ;
#1951 = DIRECTION ( 'NONE',  ( 0.0000000000000000000, 0.9925461516413223162, 0.1218693434051442148 ) ) ;
#1952 = CARTESIAN_POINT ( 'NONE',  ( 0.1100000000000000699, 1.900001167703612159, 0.2900000000000002021 ) ) ;
#1953 = ORIENTED_EDGE ( 'NONE', *, *, #5045, .T. ) ;
#1954 = DIRECTION ( 'NONE',  ( -1.000000000000000000, 2.168404344971008868E-16, -0.0000000000000000000 ) ) ;
#1955 = DIRECTION ( 'NONE',  ( -1.000000000000000000, 2.168404344971008868E-16, -0.0000000000000000000 ) ) ;
#1956 = ORIENTED_EDGE ( 'NONE', *, *, #5466, .T. ) ;
#1957 = DIRECTION ( 'NONE',  ( -0.0000000000000000000, 1.000000000000000000, -0.0000000000000000000 ) ) ;
#1958 = DIRECTION ( 'NONE',  ( 1.000000000000000000, 0.0000000000000000000, 0.0000000000000000000 ) ) ;
#1959 = EDGE_CURVE ( 'NONE', #6116, #5198, #5399, .T. ) ;
#1960 = ORIENTED_EDGE ( 'NONE', *, *, #6436, .T. ) ;
#1961 = PLANE ( 'NONE',  #1401 ) ;
#1962 = DIRECTION ( 'NONE',  ( -0.0000000000000000000, -0.0000000000000000000, -1.000000000000000000 ) ) ;
#1963 = ORIENTED_EDGE ( 'NONE', *, *, #4808, .F. ) ;
#1964 = ORIENTED_EDGE ( 'NONE', *, *, #3290, .F. ) ;
#1965 = LINE ( 'NONE', #2959, #4267 ) ;
#1966 = AXIS2_PLACEMENT_3D ( 'NONE', #5003, #2436, #2867 ) ;
#1967 = EDGE_CURVE ( 'NONE', #940, #5787, #4609, .T. ) ;
#1968 = CARTESIAN_POINT ( 'NONE',  ( -1.110000000000000098, 1.500000000000006883, 0.6999999999999999556 ) ) ;
#1969 =( NAMED_UNIT ( * ) PLANE_ANGLE_UNIT ( ) SI_UNIT ( $, .RADIAN. ) );
#1970 = ORIENTED_EDGE ( 'NONE', *, *, #2771, .F. ) ;
#1971 = CARTESIAN_POINT ( 'NONE',  ( -1.399999999999999467, -1.500000000000000000, 0.6999999999999886313 ) ) ;
#1972 = ORIENTED_EDGE ( 'NONE', *, *, #3500, .T. ) ;
#1973 = UNCERTAINTY_MEASURE_WITH_UNIT (LENGTH_MEASURE( 1.000000000000000082E-05 ), #528, 'distance_accuracy_value', 'NONE');
#1974 = CARTESIAN_POINT ( 'NONE',  ( -1.110000000000000098, -1.900001167703612603, 0.2900000000000002021 ) ) ;
#1975 = STYLED_ITEM ( 'NONE', ( #5460 ), #569 ) ;
#1976 = EDGE_CURVE ( 'NONE', #5903, #2680, #4399, .T. ) ;
#1977 = ORIENTED_EDGE ( 'NONE', *, *, #4888, .F. ) ;
#1978 = VECTOR ( 'NONE', #427, 1000.000000000000000 ) ;
#1979 = CARTESIAN_POINT ( 'NONE',  ( -1.362413649183243036, -1.362413649183243480, 1.100000000000000089 ) ) ;
#1980 = CARTESIAN_POINT ( 'NONE',  ( -0.1100000000000000699, -1.900001167703612381, 0.2900000000000002021 ) ) ;
#1981 = VERTEX_POINT ( 'NONE', #6457 ) ;
#1982 = FACE_OUTER_BOUND ( 'NONE', #6494, .T. ) ;
#1983 = VECTOR ( 'NONE', #5318, 1000.000000000000000 ) ;
#1984 =( GEOMETRIC_REPRESENTATION_CONTEXT ( 3 ) GLOBAL_UNCERTAINTY_ASSIGNED_CONTEXT ( ( #4728 ) ) GLOBAL_UNIT_ASSIGNED_CONTEXT ( ( #369, #5829, #3757 ) ) REPRESENTATION_CONTEXT ( 'NONE', 'WORKASPACE' ) );
#1985 = ORIENTED_EDGE ( 'NONE', *, *, #5539, .F. ) ;
#1986 =( LENGTH_UNIT ( ) NAMED_UNIT ( * ) SI_UNIT ( .MILLI., .METRE. ) );
#1987 = LINE ( 'NONE', #2513, #2645 ) ;
#1988 =( BOUNDED_CURVE ( )  B_SPLINE_CURVE ( 3, ( #4387, #3513, #3642, #2142 ),
 .UNSPECIFIED., .F., .T. ) 
 B_SPLINE_CURVE_WITH_KNOTS ( ( 4, 4 ),
 ( 3.141592653589793116, 3.149018995062314641 ),
 .UNSPECIFIED. ) 
 CURVE ( )  GEOMETRIC_REPRESENTATION_ITEM ( )  RATIONAL_B_SPLINE_CURVE ( ( 1.000000000000000000, 0.9999954041263082738, 0.9999954041263082738, 1.000000000000000000 ) ) 
 REPRESENTATION_ITEM ( '' )  );
#1989 = ORIENTED_EDGE ( 'NONE', *, *, #4927, .T. ) ;
#1990 = MECHANICAL_DESIGN_GEOMETRIC_PRESENTATION_REPRESENTATION (  '', ( #3973 ), #2615 ) ;
#1991 = VECTOR ( 'NONE', #2895, 1000.000000000000000 ) ;
#1992 = VERTEX_POINT ( 'NONE', #401 ) ;
#1993 = LINE ( 'NONE', #976, #5916 ) ;
#1994 = ORIENTED_EDGE ( 'NONE', *, *, #712, .T. ) ;
#1995 = VECTOR ( 'NONE', #1105, 1000.000000000000000 ) ;
#1996 = PLANE ( 'NONE',  #1652 ) ;
#1997 = AXIS2_PLACEMENT_3D ( 'NONE', #2802, #3415, #4822 ) ;
#1998 = DIRECTION ( 'NONE',  ( 0.0000000000000000000, 1.000000000000000000, 0.0000000000000000000 ) ) ;
#1999 = ORIENTED_EDGE ( 'NONE', *, *, #5127, .T. ) ;
#2000 = ORIENTED_EDGE ( 'NONE', *, *, #1557, .T. ) ;
#2001 = DIRECTION ( 'NONE',  ( -1.000000000000000000, 2.168404344971011333E-16, 0.0000000000000000000 ) ) ;
#2002 = EDGE_CURVE ( 'NONE', #4047, #2005, #1316, .T. ) ;
#2003 = DIRECTION ( 'NONE',  ( 1.000000000000000000, 0.0000000000000000000, 0.0000000000000000000 ) ) ;
#2004 = CARTESIAN_POINT ( 'NONE',  ( -0.6100000000000000977, 1.500000000000003553, 0.0000000000000000000 ) ) ;
#2005 = VERTEX_POINT ( 'NONE', #2400 ) ;
#2006 = EDGE_CURVE ( 'NONE', #6351, #4339, #1153, .T. ) ;
#2007 = ORIENTED_EDGE ( 'NONE', *, *, #5677, .T. ) ;
#2008 = FACE_OUTER_BOUND ( 'NONE', #6219, .T. ) ;
#2009 = CARTESIAN_POINT ( 'NONE',  ( -1.110000000000000098, -1.500000000000000000, 0.6999999999999886313 ) ) ;
#2010 = CARTESIAN_POINT ( 'NONE',  ( 1.499997242485289872, -1.400742627321157396, 0.4999775418449315390 ) ) ;
#2011 = AXIS2_PLACEMENT_3D ( 'NONE', #6326, #2404, #5430 ) ;
#2012 = EDGE_CURVE ( 'NONE', #2690, #6430, #2295, .T. ) ;
#2013 = LINE ( 'NONE', #1514, #5736 ) ;
#2014 =( NAMED_UNIT ( * ) SI_UNIT ( $, .STERADIAN. ) SOLID_ANGLE_UNIT ( ) );
#2015 = DIRECTION ( 'NONE',  ( -1.000000000000000000, 1.084202172485504434E-16, 0.0000000000000000000 ) ) ;
#2016 = ORIENTED_EDGE ( 'NONE', *, *, #2674, .T. ) ;
#2017 = EDGE_CURVE ( 'NONE', #4467, #1992, #3893, .T. ) ;
#2018 =( NAMED_UNIT ( * ) PLANE_ANGLE_UNIT ( ) SI_UNIT ( $, .RADIAN. ) );
#2019 = FACE_OUTER_BOUND ( 'NONE', #1838, .T. ) ;
#2020 = SURFACE_STYLE_USAGE ( .BOTH. , #39 ) ;
#2021 = VECTOR ( 'NONE', #6440, 1000.000000000000000 ) ;
#2022 = FACE_OUTER_BOUND ( 'NONE', #3515, .T. ) ;
#2023 = ORIENTED_EDGE ( 'NONE', *, *, #3068, .F. ) ;
#2024 = CARTESIAN_POINT ( 'NONE',  ( 0.6100000000000002087, 2.500000000000000000, 0.0000000000000000000 ) ) ;
#2025 = VECTOR ( 'NONE', #43, 1000.000000000000000 ) ;
#2026 = CARTESIAN_POINT ( 'NONE',  ( -1.362413649183243480, 1.362413649183243036, 1.100000000000000089 ) ) ;
#2027 = ORIENTED_EDGE ( 'NONE', *, *, #486, .F. ) ;
#2028 = ADVANCED_FACE ( 'NONE', ( #5328 ), #2431, .T. ) ;
#2029 = VECTOR ( 'NONE', #4760, 1000.000000000000000 ) ;
#2030 = DIRECTION ( 'NONE',  ( -1.000000000000000000, 0.0000000000000000000, -0.0000000000000000000 ) ) ;
#2031 = CARTESIAN_POINT ( 'NONE',  ( -1.457548232010808631, -1.358293616846677043, 0.1542580950160296616 ) ) ;
#2032 = DIRECTION ( 'NONE',  ( -0.0000000000000000000, -0.0000000000000000000, -1.000000000000000000 ) ) ;
#2033 = LINE ( 'NONE', #2061, #3 ) ;
#2034 = MECHANICAL_DESIGN_GEOMETRIC_PRESENTATION_REPRESENTATION (  '', ( #768 ), #989 ) ;
#2035 = EDGE_CURVE ( 'NONE', #5525, #5315, #2285, .T. ) ;
#2036 = ORIENTED_EDGE ( 'NONE', *, *, #6086, .T. ) ;
#2037 = DIRECTION ( 'NONE',  ( -1.000000000000000000, -2.168404344971008868E-16, -0.0000000000000000000 ) ) ;
#2038 = CARTESIAN_POINT ( 'NONE',  ( 1.499999999999999556, 1.400000000000000133, 0.5000000000000106581 ) ) ;
#2039 = STYLED_ITEM ( 'NONE', ( #6050 ), #6312 ) ;
#2040 = VECTOR ( 'NONE', #5656, 1000.000000000000000 ) ;
#2041 =( NAMED_UNIT ( * ) PLANE_ANGLE_UNIT ( ) SI_UNIT ( $, .RADIAN. ) );
#2042 = PLANE ( 'NONE',  #122 ) ;
#2043 = EDGE_CURVE ( 'NONE', #1002, #4385, #2536, .T. ) ;
#2044 = CARTESIAN_POINT ( 'NONE',  ( -0.1100000000000000699, 1.500000000000000000, 0.6999999999999999556 ) ) ;
#2045 = ORIENTED_EDGE ( 'NONE', *, *, #3296, .T. ) ;
#2046 = VECTOR ( 'NONE', #159, 1000.000000000000000 ) ;
#2047 = FILL_AREA_STYLE ('',( #6117 ) ) ;
#2048 = DIRECTION ( 'NONE',  ( -1.084202172485504434E-16, -1.000000000000000000, 0.0000000000000000000 ) ) ;
#2049 = AXIS2_PLACEMENT_3D ( 'NONE', #3899, #3936, #4969 ) ;
#2050 = DIRECTION ( 'NONE',  ( -0.0000000000000000000, 0.0000000000000000000, 1.000000000000000000 ) ) ;
#2051 = EDGE_CURVE ( 'NONE', #5236, #6131, #92, .T. ) ;
#2052 = DIRECTION ( 'NONE',  ( 0.1209742911513508462, 0.1209742911513511238, 0.9852565360152940599 ) ) ;
#2053 = CARTESIAN_POINT ( 'NONE',  ( 0.8899999999999999023, -1.500000000000000000, 0.6999999999999999556 ) ) ;
#2054 = CARTESIAN_POINT ( 'NONE',  ( -0.8899999999999999023, -1.500000000000006883, 0.6999999999999999556 ) ) ;
#2055 = EDGE_LOOP ( 'NONE', ( #2918, #436, #2139, #6082 ) ) ;
#2056 = EDGE_LOOP ( 'NONE', ( #2679, #3240, #5719, #5295 ) ) ;
#2057 = LINE ( 'NONE', #2031, #1931 ) ;
#2058 = ORIENTED_EDGE ( 'NONE', *, *, #4539, .T. ) ;
#2059 = CARTESIAN_POINT ( 'NONE',  ( 1.400495088862659943, -1.499999080824205411, 0.7000074860860889814 ) ) ;
#2060 = LINE ( 'NONE', #3000, #6476 ) ;
#2061 = CARTESIAN_POINT ( 'NONE',  ( 1.500000000000001110, 2.100001167703602345, 0.2900000000000007572 ) ) ;
#2062 = CARTESIAN_POINT ( 'NONE',  ( 0.1100000000000000699, -1.900001167703612159, 0.2900000000000002021 ) ) ;
#2063 = EDGE_CURVE ( 'NONE', #1182, #744, #4031, .T. ) ;
#2064 = DIRECTION ( 'NONE',  ( 1.000000000000000000, -1.084202172485504434E-16, -0.0000000000000000000 ) ) ;
#2065 = CARTESIAN_POINT ( 'NONE',  ( -1.362413649183243480, 1.362413649183243036, 1.000000000000000000 ) ) ;
#2066 = COLOUR_RGB ( '',0.0000000000000000000, 0.0000000000000000000, 0.0000000000000000000 ) ;
#2067 = PLANE ( 'NONE',  #6349 ) ;
#2068 = PRESENTATION_STYLE_ASSIGNMENT (( #5166 ) ) ;
#2069 = FACE_OUTER_BOUND ( 'NONE', #170, .T. ) ;
#2070 = SURFACE_SIDE_STYLE ('',( #1239 ) ) ;
#2071 = ORIENTED_EDGE ( 'NONE', *, *, #3065, .F. ) ;
#2072 = PRESENTATION_LAYER_ASSIGNMENT (  '', '', ( #1031 ) ) ;
#2073 = FILL_AREA_STYLE_COLOUR ( '', #4456 ) ;
#2074 = DIRECTION ( 'NONE',  ( -1.000000000000000000, -2.168404344971008868E-16, -0.0000000000000000000 ) ) ;
#2075 = EDGE_CURVE ( 'NONE', #4360, #2426, #4915, .T. ) ;
#2076 = CARTESIAN_POINT ( 'NONE',  ( 0.6100000000000000977, 1.810001167703612301, 0.7000000000000010658 ) ) ;
#2077 = FACE_OUTER_BOUND ( 'NONE', #136, .T. ) ;
#2078 = CARTESIAN_POINT ( 'NONE',  ( 0.3899999999999999578, 1.810001167703611413, 0.5000000000000042188 ) ) ;
#2079 = VECTOR ( 'NONE', #2351, 1000.000000000000000 ) ;
#2080 = CARTESIAN_POINT ( 'NONE',  ( 0.3899999999999999578, 1.500000000000000000, 0.6999999999999886313 ) ) ;
#2081 = EDGE_LOOP ( 'NONE', ( #3611, #3815, #1216, #4181 ) ) ;
#2082 = LINE ( 'NONE', #3023, #6396 ) ;
#2083 = EDGE_CURVE ( 'NONE', #2690, #4912, #2033, .T. ) ;
#2084 = AXIS2_PLACEMENT_3D ( 'NONE', #4014, #2050, #6053 ) ;
#2085 = PRESENTATION_LAYER_ASSIGNMENT (  '', '', ( #4698 ) ) ;
#2086 = VERTEX_POINT ( 'NONE', #2597 ) ;
#2087 = ORIENTED_EDGE ( 'NONE', *, *, #3592, .T. ) ;
#2088 = PRESENTATION_STYLE_ASSIGNMENT (( #6415 ) ) ;
#2089 = VERTEX_POINT ( 'NONE', #467 ) ;
#2090 =( GEOMETRIC_REPRESENTATION_CONTEXT ( 3 ) GLOBAL_UNCERTAINTY_ASSIGNED_CONTEXT ( ( #6076 ) ) GLOBAL_UNIT_ASSIGNED_CONTEXT ( ( #1288, #795, #5335 ) ) REPRESENTATION_CONTEXT ( 'NONE', 'WORKASPACE' ) );
#2091 = ORIENTED_EDGE ( 'NONE', *, *, #5223, .F. ) ;
#2092 = EDGE_CURVE ( 'NONE', #6034, #3373, #1556, .T. ) ;
#2093 =( GEOMETRIC_REPRESENTATION_CONTEXT ( 3 ) GLOBAL_UNCERTAINTY_ASSIGNED_CONTEXT ( ( #3935 ) ) GLOBAL_UNIT_ASSIGNED_CONTEXT ( ( #5939, #2275, #5434 ) ) REPRESENTATION_CONTEXT ( 'NONE', 'WORKASPACE' ) );
#2094 = CARTESIAN_POINT ( 'NONE',  ( 1.400742627321157174, -1.499997242485289650, 0.7000224581550698044 ) ) ;
#2095 = DIRECTION ( 'NONE',  ( 1.000000000000000000, 2.168404344971008868E-16, 0.0000000000000000000 ) ) ;
#2096 = CARTESIAN_POINT ( 'NONE',  ( 1.500000000000001110, 1.500001167703639116, 0.5000000000000042188 ) ) ;
#2097 = CIRCLE ( 'NONE', #533, 0.08999999999999980238 ) ;
#2098 = VERTEX_POINT ( 'NONE', #5573 ) ;
#2099 = DIRECTION ( 'NONE',  ( -1.000000000000000000, -2.168404344971008868E-16, -0.0000000000000000000 ) ) ;
#2100 = PRESENTATION_STYLE_ASSIGNMENT (( #5580 ) ) ;
#2101 = CARTESIAN_POINT ( 'NONE',  ( 1.500000000000000000, -1.500000000000000000, 0.6999999999999886313 ) ) ;
#2102 = EDGE_CURVE ( 'NONE', #520, #1486, #5064, .T. ) ;
#2103 = CARTESIAN_POINT ( 'NONE',  ( 1.457548232010809297, -1.358293616846676599, 0.1542580950160296061 ) ) ;
#2104 = ORIENTED_EDGE ( 'NONE', *, *, #4478, .T. ) ;
#2105 = EDGE_LOOP ( 'NONE', ( #1508, #1674, #1858, #1150, #3539, #84, #1630, #4033 ) ) ;
#2106 = ORIENTED_EDGE ( 'NONE', *, *, #1011, .F. ) ;
#2107 =( NAMED_UNIT ( * ) SI_UNIT ( $, .STERADIAN. ) SOLID_ANGLE_UNIT ( ) );
#2108 = CYLINDRICAL_SURFACE ( 'NONE', #2554, 0.2899999999999951505 ) ;
#2109 =( NAMED_UNIT ( * ) SI_UNIT ( $, .STERADIAN. ) SOLID_ANGLE_UNIT ( ) );
#2110 = DIRECTION ( 'NONE',  ( 2.168404344971008868E-16, -1.000000000000000000, 0.0000000000000000000 ) ) ;
#2111 = CARTESIAN_POINT ( 'NONE',  ( -0.8899999999999999023, -1.900001167703612825, 0.4100000000000028066 ) ) ;
#2112 = ADVANCED_FACE ( 'NONE', ( #567 ), #1575, .T. ) ;
#2113 = DIRECTION ( 'NONE',  ( 0.0000000000000000000, 0.0000000000000000000, 1.000000000000000000 ) ) ;
#2114 = PLANE ( 'NONE',  #1525 ) ;
#2115 = VECTOR ( 'NONE', #1943, 1000.000000000000000 ) ;
#2116 = PLANE ( 'NONE',  #215 ) ;
#2117 = SURFACE_STYLE_FILL_AREA ( #1729 ) ;
#2118 = ADVANCED_FACE ( 'NONE', ( #1085 ), #5463, .T. ) ;
#2119 = DIRECTION ( 'NONE',  ( 0.0000000000000000000, 0.0000000000000000000, -1.000000000000000000 ) ) ;
#2120 =( GEOMETRIC_REPRESENTATION_CONTEXT ( 3 ) GLOBAL_UNCERTAINTY_ASSIGNED_CONTEXT ( ( #1901 ) ) GLOBAL_UNIT_ASSIGNED_CONTEXT ( ( #1855, #2914, #3358 ) ) REPRESENTATION_CONTEXT ( 'NONE', 'WORKASPACE' ) );
#2121 = ORIENTED_EDGE ( 'NONE', *, *, #6354, .T. ) ;
#2122 = CARTESIAN_POINT ( 'NONE',  ( 0.6100000000000000977, -1.810001167703611413, 0.5000000000000042188 ) ) ;
#2123 = EDGE_LOOP ( 'NONE', ( #3879, #3164, #624, #728 ) ) ;
#2124 = CARTESIAN_POINT ( 'NONE',  ( 0.8899999999999999023, 1.810001167703612301, 0.4100000000000034728 ) ) ;
#2125 = FACE_OUTER_BOUND ( 'NONE', #7, .T. ) ;
#2126 = DIRECTION ( 'NONE',  ( -0.0000000000000000000, -0.0000000000000000000, -1.000000000000000000 ) ) ;
#2127 = AXIS2_PLACEMENT_3D ( 'NONE', #4653, #1743, #5760 ) ;
#2128 = ORIENTED_EDGE ( 'NONE', *, *, #3142, .F. ) ;
#2129 =( NAMED_UNIT ( * ) SI_UNIT ( $, .STERADIAN. ) SOLID_ANGLE_UNIT ( ) );
#2130 = DIRECTION ( 'NONE',  ( 2.168404344971008868E-15, 0.0000000000000000000, -1.000000000000000000 ) ) ;
#2131 = DIRECTION ( 'NONE',  ( 1.869314090492280366E-16, -1.000000000000000000, 0.0000000000000000000 ) ) ;
#2132 = CARTESIAN_POINT ( 'NONE',  ( 1.110000000000000098, -2.190001167703602203, 0.2900000000000002021 ) ) ;
#2133 = AXIS2_PLACEMENT_3D ( 'NONE', #187, #5809, #4240 ) ;
#2134 = DIRECTION ( 'NONE',  ( 0.0000000000000000000, -0.9925461516413223162, -0.1218693434051442148 ) ) ;
#2135 = DIRECTION ( 'NONE',  ( -0.1209742911513516511, 0.1209742911513513874, 0.9852565360152940599 ) ) ;
#2136 = EDGE_LOOP ( 'NONE', ( #2402, #1689, #3451 ) ) ;
#2137 = LINE ( 'NONE', #4141, #1103 ) ;
#2138 = CARTESIAN_POINT ( 'NONE',  ( -0.1100000000000000283, 1.810001167703612523, 0.6999999999999999556 ) ) ;
#2139 = ORIENTED_EDGE ( 'NONE', *, *, #2574, .T. ) ;
#2140 = COLOUR_RGB ( '',0.2509803921568627416, 0.2509803921568627416, 0.2509803921568627416 ) ;
#2141 = PRESENTATION_LAYER_ASSIGNMENT (  '', '', ( #3272 ) ) ;
#2142 = CARTESIAN_POINT ( 'NONE',  ( 1.400742627321157396, 1.499997242485289872, 0.4999775418449312059 ) ) ;
#2143 = EDGE_CURVE ( 'NONE', #2432, #3850, #4962, .T. ) ;
#2144 = AXIS2_PLACEMENT_3D ( 'NONE', #6338, #897, #3871 ) ;
#2145 = PRESENTATION_STYLE_ASSIGNMENT (( #3087 ) ) ;
#2146 = ORIENTED_EDGE ( 'NONE', *, *, #5287, .T. ) ;
#2147 = EDGE_CURVE ( 'NONE', #140, #3713, #3450, .T. ) ;
#2148 = CARTESIAN_POINT ( 'NONE',  ( -0.1100000000000000699, -1.500000000000000000, 0.1999999999999999833 ) ) ;
#2149 = EDGE_CURVE ( 'NONE', #4335, #2932, #2498, .T. ) ;
#2150 = EDGE_CURVE ( 'NONE', #957, #3582, #6036, .T. ) ;
#2151 = DIRECTION ( 'NONE',  ( 1.000000000000000000, 2.662465753572084086E-16, 2.168404344971007685E-15 ) ) ;
#2152 = ORIENTED_EDGE ( 'NONE', *, *, #5803, .F. ) ;
#2153 = CARTESIAN_POINT ( 'NONE',  ( 0.6100000000000000977, -1.900001167703612603, 0.4100000000000028066 ) ) ;
#2154 = DIRECTION ( 'NONE',  ( -1.000000000000000000, -2.168404344971008868E-16, -0.0000000000000000000 ) ) ;
#2155 = UNCERTAINTY_MEASURE_WITH_UNIT (LENGTH_MEASURE( 1.000000000000000082E-05 ), #3117, 'distance_accuracy_value', 'NONE');
#2156 = EDGE_CURVE ( 'NONE', #3429, #1182, #1181, .T. ) ;
#2157 = DIRECTION ( 'NONE',  ( 0.0000000000000000000, -0.0000000000000000000, 1.000000000000000000 ) ) ;
#2158 = ORIENTED_EDGE ( 'NONE', *, *, #6164, .T. ) ;
#2159 = ORIENTED_EDGE ( 'NONE', *, *, #4936, .F. ) ;
#2160 = ORIENTED_EDGE ( 'NONE', *, *, #2063, .T. ) ;
#2161 = CARTESIAN_POINT ( 'NONE',  ( -1.362413649183243036, -1.362413649183243480, 0.2000000000000000111 ) ) ;
#2162 = VECTOR ( 'NONE', #3898, 1000.000000000000000 ) ;
#2163 = CARTESIAN_POINT ( 'NONE',  ( -1.499999999999999556, -1.399999999999999689, 0.6999999999999886313 ) ) ;
#2164 = ADVANCED_FACE ( 'NONE', ( #747 ), #2184, .T. ) ;
#2165 = DIRECTION ( 'NONE',  ( 0.0000000000000000000, -2.168404344971008868E-15, -1.000000000000000000 ) ) ;
#2166 = COLOUR_RGB ( '',0.0000000000000000000, 0.0000000000000000000, 0.0000000000000000000 ) ;
#2167 = CARTESIAN_POINT ( 'NONE',  ( 1.500000000000000000, -1.399999999999999689, 1.100000000000000089 ) ) ;
#2168 = CARTESIAN_POINT ( 'NONE',  ( 0.3899999999999999578, 1.900001167703612603, 0.4100000000000028066 ) ) ;
#2169 = CARTESIAN_POINT ( 'NONE',  ( -0.1100000000000000699, -2.190001167703603535, 0.2000000000000002331 ) ) ;
#2170 = VECTOR ( 'NONE', #3609, 1000.000000000000000 ) ;
#2171 = ORIENTED_EDGE ( 'NONE', *, *, #3296, .F. ) ;
#2172 = CARTESIAN_POINT ( 'NONE',  ( -0.8899999999999999023, 1.500000000000006883, 0.6999999999999999556 ) ) ;
#2173 = DIRECTION ( 'NONE',  ( 1.000000000000000000, -1.084202172485504434E-16, -0.0000000000000000000 ) ) ;
#2174 = AXIS2_PLACEMENT_3D ( 'NONE', #2329, #4327, #1845 ) ;
#2175 = VECTOR ( 'NONE', #4389, 1000.000000000000000 ) ;
#2176 = DIRECTION ( 'NONE',  ( -1.000000000000000000, 0.0000000000000000000, 0.0000000000000000000 ) ) ;
#2177 = EDGE_CURVE ( 'NONE', #5702, #3599, #4152, .T. ) ;
#2178 = ORIENTED_EDGE ( 'NONE', *, *, #3397, .F. ) ;
#2179 = DIRECTION ( 'NONE',  ( 0.0000000000000000000, 1.000000000000000000, 2.108170890944030965E-14 ) ) ;
#2180 = CARTESIAN_POINT ( 'NONE',  ( 1.500000000000001110, -1.900001167703612381, 0.4100000000000028066 ) ) ;
#2181 = ORIENTED_EDGE ( 'NONE', *, *, #200, .F. ) ;
#2182 = ORIENTED_EDGE ( 'NONE', *, *, #6211, .F. ) ;
#2183 = DIRECTION ( 'NONE',  ( 2.168404344971008868E-16, -1.000000000000000000, 0.0000000000000000000 ) ) ;
#2184 = PLANE ( 'NONE',  #5339 ) ;
#2185 = VERTEX_POINT ( 'NONE', #4679 ) ;
#2186 = AXIS2_PLACEMENT_3D ( 'NONE', #598, #5508, #5611 ) ;
#2187 = VERTEX_POINT ( 'NONE', #3155 ) ;
#2188 = EDGE_CURVE ( 'NONE', #2815, #1921, #2710, .T. ) ;
#2189 = CARTESIAN_POINT ( 'NONE',  ( 1.500000000000001110, -1.810001167703612079, 0.4100000000000034728 ) ) ;
#2190 = VECTOR ( 'NONE', #4209, 1000.000000000000000 ) ;
#2191 = CARTESIAN_POINT ( 'NONE',  ( 1.362413649183243480, -1.362413649183243480, 0.1000000000000000056 ) ) ;
#2192 = ORIENTED_EDGE ( 'NONE', *, *, #3068, .T. ) ;
#2193 = EDGE_CURVE ( 'NONE', #2432, #2703, #516, .T. ) ;
#2194 = DIRECTION ( 'NONE',  ( 1.000000000000000000, 2.184688683125947173E-15, 0.0000000000000000000 ) ) ;
#2195 = EDGE_CURVE ( 'NONE', #4986, #3004, #3092, .T. ) ;
#2196 = CARTESIAN_POINT ( 'NONE',  ( -1.362413649183243036, -1.362413649183243258, 0.2000000000000000111 ) ) ;
#2197 = CARTESIAN_POINT ( 'NONE',  ( -1.461668264347375290, -1.362413649183243258, 0.1878130656594855508 ) ) ;
#2198 = CARTESIAN_POINT ( 'NONE',  ( 1.110000000000000098, 1.900001167703612381, 0.4100000000000028066 ) ) ;
#2199 = CARTESIAN_POINT ( 'NONE',  ( -1.400495088862660165, 1.499999080824205633, 0.4999925139139119734 ) ) ;
#2200 = EDGE_LOOP ( 'NONE', ( #5795, #2501, #1956, #4751, #4742, #5234, #6244, #66, #327, #2000, #2245, #177 ) ) ;
#2201 = CARTESIAN_POINT ( 'NONE',  ( -0.3899999999999999578, -2.190001167703603535, 0.2000000000000002331 ) ) ;
#2202 = AXIS2_PLACEMENT_3D ( 'NONE', #2865, #4894, #403 ) ;
#2203 = CARTESIAN_POINT ( 'NONE',  ( -0.6100000000000000977, 1.810001167703612523, 0.4100000000000034728 ) ) ;
#2204 = LINE ( 'NONE', #5662, #2190 ) ;
#2205 = FACE_OUTER_BOUND ( 'NONE', #194, .T. ) ;
#2206 = ORIENTED_EDGE ( 'NONE', *, *, #1626, .T. ) ;
#2207 = VERTEX_POINT ( 'NONE', #4650 ) ;
#2208 = SURFACE_STYLE_FILL_AREA ( #4778 ) ;
#2209 = ADVANCED_FACE ( 'NONE', ( #5194 ), #5128, .T. ) ;
#2210 = FACE_OUTER_BOUND ( 'NONE', #667, .T. ) ;
#2211 = CARTESIAN_POINT ( 'NONE',  ( 1.110000000000000098, 2.500000000000000000, 0.6999999999999999556 ) ) ;
#2212 = CARTESIAN_POINT ( 'NONE',  ( 1.399999999999999689, 1.500000000000000000, 1.100000000000000089 ) ) ;
#2213 = ORIENTED_EDGE ( 'NONE', *, *, #5344, .T. ) ;
#2214 = ORIENTED_EDGE ( 'NONE', *, *, #3619, .T. ) ;
#2215 = ORIENTED_EDGE ( 'NONE', *, *, #3829, .T. ) ;
#2216 = CIRCLE ( 'NONE', #4964, 0.09000000000000023259 ) ;
#2217 = PLANE ( 'NONE',  #2744 ) ;
#2218 = CARTESIAN_POINT ( 'NONE',  ( 1.110000000000000098, -1.900001167703611937, 0.2900000000000002021 ) ) ;
#2219 = UNCERTAINTY_MEASURE_WITH_UNIT (LENGTH_MEASURE( 1.000000000000000082E-05 ), #4805, 'distance_accuracy_value', 'NONE');
#2220 = FACE_OUTER_BOUND ( 'NONE', #1804, .T. ) ;
#2221 = VECTOR ( 'NONE', #3251, 1000.000000000000000 ) ;
#2222 = EDGE_CURVE ( 'NONE', #5385, #2815, #1698, .T. ) ;
#2223 = CARTESIAN_POINT ( 'NONE',  ( -0.6100000000000000977, -1.900001167703612825, 0.4100000000000028066 ) ) ;
#2224 = LINE ( 'NONE', #5767, #5613 ) ;
#2225 = CARTESIAN_POINT ( 'NONE',  ( 1.500000000000001110, 2.100001167703606342, 0.4100000000000035838 ) ) ;
#2226 = EDGE_CURVE ( 'NONE', #5823, #2454, #3653, .T. ) ;
#2227 = CARTESIAN_POINT ( 'NONE',  ( 0.6100000000000002087, 2.190001167703602203, 0.2900000000000002021 ) ) ;
#2228 =( NAMED_UNIT ( * ) SI_UNIT ( $, .STERADIAN. ) SOLID_ANGLE_UNIT ( ) );
#2229 = ORIENTED_EDGE ( 'NONE', *, *, #2195, .T. ) ;
#2230 =( GEOMETRIC_REPRESENTATION_CONTEXT ( 3 ) GLOBAL_UNCERTAINTY_ASSIGNED_CONTEXT ( ( #783 ) ) GLOBAL_UNIT_ASSIGNED_CONTEXT ( ( #3396, #3838, #386 ) ) REPRESENTATION_CONTEXT ( 'NONE', 'WORKASPACE' ) );
#2231 = CARTESIAN_POINT ( 'NONE',  ( 0.6100000000000002087, -2.100001167703602345, 0.6999999999999999556 ) ) ;
#2232 = CYLINDRICAL_SURFACE ( 'NONE', #6136, 0.08999999999999980238 ) ;
#2233 = EDGE_CURVE ( 'NONE', #4640, #5627, #3650, .T. ) ;
#2234 = VERTEX_POINT ( 'NONE', #714 ) ;
#2235 = EDGE_CURVE ( 'NONE', #5787, #6325, #2683, .T. ) ;
#2236 = VECTOR ( 'NONE', #3298, 1000.000000000000000 ) ;
#2237 = LINE ( 'NONE', #1357, #6254 ) ;
#2238 = VECTOR ( 'NONE', #2442, 1000.000000000000000 ) ;
#2239 = CARTESIAN_POINT ( 'NONE',  ( -0.6099999999999999867, 2.500000000000003553, 0.0000000000000000000 ) ) ;
#2240 = EDGE_CURVE ( 'NONE', #4219, #6148, #3191, .T. ) ;
#2241 = CARTESIAN_POINT ( 'NONE',  ( 1.500000000000001110, 2.190001167703603091, 0.2000000000000000389 ) ) ;
#2242 = ORIENTED_EDGE ( 'NONE', *, *, #1094, .T. ) ;
#2243 = VECTOR ( 'NONE', #1414, 1000.000000000000000 ) ;
#2244 = CARTESIAN_POINT ( 'NONE',  ( -1.499997242485289872, 1.400742627321157618, 0.4999775418449313169 ) ) ;
#2245 = ORIENTED_EDGE ( 'NONE', *, *, #5425, .T. ) ;
#2246 = VERTEX_POINT ( 'NONE', #5257 ) ;
#2247 = DIRECTION ( 'NONE',  ( 0.0000000000000000000, 1.000000000000000000, 0.0000000000000000000 ) ) ;
#2248 = SURFACE_STYLE_USAGE ( .BOTH. , #1366 ) ;
#2249 = STYLED_ITEM ( 'NONE', ( #5019 ), #58 ) ;
#2250 =( GEOMETRIC_REPRESENTATION_CONTEXT ( 3 ) GLOBAL_UNCERTAINTY_ASSIGNED_CONTEXT ( ( #1237 ) ) GLOBAL_UNIT_ASSIGNED_CONTEXT ( ( #6140, #1092, #2129 ) ) REPRESENTATION_CONTEXT ( 'NONE', 'WORKASPACE' ) );
#2251 = CARTESIAN_POINT ( 'NONE',  ( 1.450886175638837816, 1.362413649183243480, 0.1000000000000000056 ) ) ;
#2252 = CARTESIAN_POINT ( 'NONE',  ( 0.3899999999999999578, -1.500000000000000000, 0.1999999999999999833 ) ) ;
#2253 = EDGE_LOOP ( 'NONE', ( #1240, #5098, #420, #3163 ) ) ;
#2254 = ORIENTED_EDGE ( 'NONE', *, *, #1959, .F. ) ;
#2255 = ORIENTED_EDGE ( 'NONE', *, *, #2750, .F. ) ;
#2256 = DIRECTION ( 'NONE',  ( 1.000000000000000000, 0.0000000000000000000, 0.0000000000000000000 ) ) ;
#2257 = DIRECTION ( 'NONE',  ( -1.000000000000000000, 1.084202172485504434E-16, -0.0000000000000000000 ) ) ;
#2258 = FILL_AREA_STYLE ('',( #3253 ) ) ;
#2259 = CARTESIAN_POINT ( 'NONE',  ( -0.8899999999999999023, -2.190001167703602647, 0.2900000000000002021 ) ) ;
#2260 = CARTESIAN_POINT ( 'NONE',  ( -1.110000000000000098, -2.190001167703602647, 5.041540102057595618E-15 ) ) ;
#2261 =( BOUNDED_CURVE ( )  B_SPLINE_CURVE ( 3, ( #4555, #88, #2059, #2094 ),
 .UNSPECIFIED., .F., .T. ) 
 B_SPLINE_CURVE_WITH_KNOTS ( ( 4, 4 ),
 ( 2.168404344971003346E-15, 0.007426341472517331184 ),
 .UNSPECIFIED. ) 
 CURVE ( )  GEOMETRIC_REPRESENTATION_ITEM ( )  RATIONAL_B_SPLINE_CURVE ( ( 1.000000000000000000, 0.9999954041263082738, 0.9999954041263082738, 1.000000000000000000 ) ) 
 REPRESENTATION_ITEM ( '' )  );
#2262 = ORIENTED_EDGE ( 'NONE', *, *, #1687, .F. ) ;
#2263 = LINE ( 'NONE', #153, #174 ) ;
#2264 = DIRECTION ( 'NONE',  ( 1.000000000000000000, -1.084202172485504434E-16, 0.0000000000000000000 ) ) ;
#2265 = DIRECTION ( 'NONE',  ( -1.219727444046192488E-16, -1.000000000000000000, 0.0000000000000000000 ) ) ;
#2266 = MECHANICAL_DESIGN_GEOMETRIC_PRESENTATION_REPRESENTATION (  '', ( #1749 ), #5754 ) ;
#2267 = DIRECTION ( 'NONE',  ( -1.084202172485504434E-16, 1.000000000000000000, 0.0000000000000000000 ) ) ;
#2268 = CARTESIAN_POINT ( 'NONE',  ( -0.1100000000000000699, -1.810001167703612523, 0.7000000000000010658 ) ) ;
#2269 = EDGE_LOOP ( 'NONE', ( #1466, #874, #908, #6176 ) ) ;
#2270 = CARTESIAN_POINT ( 'NONE',  ( -1.400000000000000133, 1.500000000000000000, 0.5000000000000106581 ) ) ;
#2271 = CARTESIAN_POINT ( 'NONE',  ( 0.6100000000000000977, -1.810001167703612301, 0.6999999999999999556 ) ) ;
#2272 = EDGE_CURVE ( 'NONE', #5636, #4823, #144, .T. ) ;
#2273 = ORIENTED_EDGE ( 'NONE', *, *, #6201, .F. ) ;
#2274 = CARTESIAN_POINT ( 'NONE',  ( 1.400495088862659498, 1.499999080824205633, 0.7000074860860872050 ) ) ;
#2275 =( NAMED_UNIT ( * ) PLANE_ANGLE_UNIT ( ) SI_UNIT ( $, .RADIAN. ) );
#2276 = FILL_AREA_STYLE ('',( #804 ) ) ;
#2277 = ADVANCED_FACE ( 'NONE', ( #203 ), #4216, .T. ) ;
#2278 = FACE_OUTER_BOUND ( 'NONE', #3144, .T. ) ;
#2279 =( GEOMETRIC_REPRESENTATION_CONTEXT ( 3 ) GLOBAL_UNCERTAINTY_ASSIGNED_CONTEXT ( ( #734 ) ) GLOBAL_UNIT_ASSIGNED_CONTEXT ( ( #132, #4145, #6095 ) ) REPRESENTATION_CONTEXT ( 'NONE', 'WORKASPACE' ) );
#2280 = DIRECTION ( 'NONE',  ( -1.000000000000000000, 2.168404344971008868E-16, -0.0000000000000000000 ) ) ;
#2281 = ORIENTED_EDGE ( 'NONE', *, *, #5831, .F. ) ;
#2282 = ORIENTED_EDGE ( 'NONE', *, *, #1544, .F. ) ;
#2283 = EDGE_CURVE ( 'NONE', #2588, #964, #5695, .T. ) ;
#2284 = DIRECTION ( 'NONE',  ( 0.0000000000000000000, -0.0000000000000000000, 1.000000000000000000 ) ) ;
#2285 = CIRCLE ( 'NONE', #2174, 0.09000000000000023259 ) ;
#2286 = DIRECTION ( 'NONE',  ( -0.1209742911513509572, 0.1209742911513514707, 0.9852565360152939489 ) ) ;
#2287 = CARTESIAN_POINT ( 'NONE',  ( -1.499997242485289872, 1.400742627321157840, 0.7000224581550680281 ) ) ;
#2288 = CARTESIAN_POINT ( 'NONE',  ( -0.3900000000000000133, -1.500000000000003553, 0.6999999999999999556 ) ) ;
#2289 = EDGE_CURVE ( 'NONE', #4954, #727, #3126, .T. ) ;
#2290 = EDGE_LOOP ( 'NONE', ( #4675, #889, #3566, #3874 ) ) ;
#2291 =( GEOMETRIC_REPRESENTATION_CONTEXT ( 3 ) GLOBAL_UNCERTAINTY_ASSIGNED_CONTEXT ( ( #4004 ) ) GLOBAL_UNIT_ASSIGNED_CONTEXT ( ( #3737, #2312, #769 ) ) REPRESENTATION_CONTEXT ( 'NONE', 'WORKASPACE' ) );
#2292 = VERTEX_POINT ( 'NONE', #5388 ) ;
#2293 = FACE_OUTER_BOUND ( 'NONE', #5897, .T. ) ;
#2294 =( NAMED_UNIT ( * ) SI_UNIT ( $, .STERADIAN. ) SOLID_ANGLE_UNIT ( ) );
#2295 = LINE ( 'NONE', #4299, #1991 ) ;
#2296 = AXIS2_PLACEMENT_3D ( 'NONE', #2870, #5509, #5547 ) ;
#2297 = COLOUR_RGB ( '',0.0000000000000000000, 0.0000000000000000000, 0.0000000000000000000 ) ;
#2298 = ORIENTED_EDGE ( 'NONE', *, *, #651, .F. ) ;
#2299 = CARTESIAN_POINT ( 'NONE',  ( 1.500000000000001110, -1.810001167703612079, 0.4100000000000034728 ) ) ;
#2300 = DIRECTION ( 'NONE',  ( 1.445602896647339163E-16, -1.000000000000000000, -2.296894360783771707E-35 ) ) ;
#2301 = VECTOR ( 'NONE', #2119, 1000.000000000000000 ) ;
#2302 = FILL_AREA_STYLE_COLOUR ( '', #3942 ) ;
#2303 = EDGE_CURVE ( 'NONE', #3088, #1392, #1835, .T. ) ;
#2304 = DIRECTION ( 'NONE',  ( -0.0000000000000000000, 0.0000000000000000000, 1.000000000000000000 ) ) ;
#2305 = DIRECTION ( 'NONE',  ( -1.000000000000000000, 2.168404344971008868E-16, -0.0000000000000000000 ) ) ;
#2306 = ORIENTED_EDGE ( 'NONE', *, *, #5758, .T. ) ;
#2307 = DIRECTION ( 'NONE',  ( -1.000000000000000000, 2.168404344971008868E-16, -0.0000000000000000000 ) ) ;
#2308 = CARTESIAN_POINT ( 'NONE',  ( -0.1100000000000000699, -2.100001167703602789, 0.2900000000000007572 ) ) ;
#2309 = ORIENTED_EDGE ( 'NONE', *, *, #5265, .T. ) ;
#2310 = CARTESIAN_POINT ( 'NONE',  ( 1.500000000000001110, 2.100001167703602345, 0.4100000000000035838 ) ) ;
#2311 = DIRECTION ( 'NONE',  ( -0.0000000000000000000, 0.0000000000000000000, 1.000000000000000000 ) ) ;
#2312 =( NAMED_UNIT ( * ) PLANE_ANGLE_UNIT ( ) SI_UNIT ( $, .RADIAN. ) );
#2313 = EDGE_CURVE ( 'NONE', #2948, #4741, #3370, .T. ) ;
#2314 = ORIENTED_EDGE ( 'NONE', *, *, #3541, .T. ) ;
#2315 = PLANE ( 'NONE',  #468 ) ;
#2316 = SURFACE_STYLE_USAGE ( .BOTH. , #4672 ) ;
#2317 = EDGE_LOOP ( 'NONE', ( #5564, #699, #2466, #1719 ) ) ;
#2318 = ORIENTED_EDGE ( 'NONE', *, *, #721, .T. ) ;
#2319 = CARTESIAN_POINT ( 'NONE',  ( 0.8900000000000000133, 2.500000000000000000, 0.6999999999999999556 ) ) ;
#2320 = EDGE_CURVE ( 'NONE', #5616, #632, #1306, .T. ) ;
#2321 = CARTESIAN_POINT ( 'NONE',  ( -0.1100000000000000699, -1.810001167703611635, 0.5000000000000042188 ) ) ;
#2322 = PLANE ( 'NONE',  #4693 ) ;
#2323 = ADVANCED_FACE ( 'NONE', ( #5354 ), #2819, .F. ) ;
#2324 = ORIENTED_EDGE ( 'NONE', *, *, #2682, .T. ) ;
#2325 = VERTEX_POINT ( 'NONE', #2287 ) ;
#2326 = DIRECTION ( 'NONE',  ( 1.000000000000000000, 0.0000000000000000000, 0.0000000000000000000 ) ) ;
#2327 = AXIS2_PLACEMENT_3D ( 'NONE', #3949, #5484, #6025 ) ;
#2328 = DIRECTION ( 'NONE',  ( 0.0000000000000000000, 0.0000000000000000000, -1.000000000000000000 ) ) ;
#2329 = CARTESIAN_POINT ( 'NONE',  ( 0.3899999999999999578, -1.810001167703612301, 0.4100000000000034728 ) ) ;
#2330 = EDGE_CURVE ( 'NONE', #1707, #4912, #3848, .T. ) ;
#2331 = VECTOR ( 'NONE', #6057, 1000.000000000000000 ) ;
#2332 = DIRECTION ( 'NONE',  ( 0.0000000000000000000, 1.000000000000000000, 0.0000000000000000000 ) ) ;
#2333 =( LENGTH_UNIT ( ) NAMED_UNIT ( * ) SI_UNIT ( .MILLI., .METRE. ) );
#2334 = PLANE ( 'NONE',  #6492 ) ;
#2335 = ORIENTED_EDGE ( 'NONE', *, *, #36, .F. ) ;
#2336 = DIRECTION ( 'NONE',  ( -1.000000000000000000, -2.168404344971008868E-16, -0.0000000000000000000 ) ) ;
#2337 = VECTOR ( 'NONE', #2396, 1000.000000000000000 ) ;
#2338 = CARTESIAN_POINT ( 'NONE',  ( -0.8899999999999997913, -0.8900000000000000133, 1.099900000000000100 ) ) ;
#2339 = EDGE_LOOP ( 'NONE', ( #3193, #3323, #6462, #3480 ) ) ;
#2340 = LINE ( 'NONE', #4345, #5844 ) ;
#2341 = STYLED_ITEM ( 'NONE', ( #574 ), #4885 ) ;
#2342 = CARTESIAN_POINT ( 'NONE',  ( -0.8899999999999997913, -0.8900000000000000133, 1.099900000000000100 ) ) ;
#2343 = ORIENTED_EDGE ( 'NONE', *, *, #3532, .T. ) ;
#2344 = FACE_OUTER_BOUND ( 'NONE', #5548, .T. ) ;
#2345 = PLANE ( 'NONE',  #2828 ) ;
#2346 = ORIENTED_EDGE ( 'NONE', *, *, #913, .F. ) ;
#2347 = ORIENTED_EDGE ( 'NONE', *, *, #6486, .T. ) ;
#2348 = VECTOR ( 'NONE', #4945, 1000.000000000000000 ) ;
#2349 = CARTESIAN_POINT ( 'NONE',  ( -0.8899999999999999023, -1.500000000000006883, 0.6999999999999999556 ) ) ;
#2350 = EDGE_CURVE ( 'NONE', #1483, #4909, #3279, .T. ) ;
#2351 = DIRECTION ( 'NONE',  ( -1.000000000000000000, 2.168404344971008868E-16, -0.0000000000000000000 ) ) ;
#2352 = CIRCLE ( 'NONE', #4454, 0.09000000000000023259 ) ;
#2353 = CARTESIAN_POINT ( 'NONE',  ( -0.8899999999999999023, -1.900001167703612381, 0.2900000000000002021 ) ) ;
#2354 = AXIS2_PLACEMENT_3D ( 'NONE', #759, #1218, #5266 ) ;
#2355 = ORIENTED_EDGE ( 'NONE', *, *, #2313, .T. ) ;
#2356 = CARTESIAN_POINT ( 'NONE',  ( -1.450886175638838038, 1.461668264347375734, 0.1878130656594856063 ) ) ;
#2357 = ORIENTED_EDGE ( 'NONE', *, *, #1679, .F. ) ;
#2358 = EDGE_CURVE ( 'NONE', #5348, #3418, #6297, .T. ) ;
#2359 = VERTEX_POINT ( 'NONE', #4287 ) ;
#2360 = DIRECTION ( 'NONE',  ( -1.084202172485504434E-16, -1.000000000000000000, 0.0000000000000000000 ) ) ;
#2361 = DIRECTION ( 'NONE',  ( -1.000000000000000000, -0.0000000000000000000, -0.0000000000000000000 ) ) ;
#2362 = UNCERTAINTY_MEASURE_WITH_UNIT (LENGTH_MEASURE( 1.000000000000000082E-05 ), #960, 'distance_accuracy_value', 'NONE');
#2363 = EDGE_CURVE ( 'NONE', #6430, #2618, #5569, .T. ) ;
#2364 = AXIS2_PLACEMENT_3D ( 'NONE', #1747, #6204, #3103 ) ;
#2365 = CARTESIAN_POINT ( 'NONE',  ( 1.500000000000001110, 1.810001167703611191, 0.5000000000000042188 ) ) ;
#2366 = DIRECTION ( 'NONE',  ( 0.0000000000000000000, 0.0000000000000000000, -1.000000000000000000 ) ) ;
#2367 = AXIS2_PLACEMENT_3D ( 'NONE', #1471, #3928, #5960 ) ;
#2368 = EDGE_CURVE ( 'NONE', #1330, #363, #6317, .T. ) ;
#2369 = DIRECTION ( 'NONE',  ( 0.0000000000000000000, 0.0000000000000000000, -1.000000000000000000 ) ) ;
#2370 = PRESENTATION_STYLE_ASSIGNMENT (( #4403 ) ) ;
#2371 = DIRECTION ( 'NONE',  ( 1.000000000000000000, 0.0000000000000000000, 0.0000000000000000000 ) ) ;
#2372 = EDGE_CURVE ( 'NONE', #4385, #3982, #4799, .T. ) ;
#2373 = LINE ( 'NONE', #1445, #5304 ) ;
#2374 = EDGE_LOOP ( 'NONE', ( #5690, #3021, #1864, #5118 ) ) ;
#2375 =( LENGTH_UNIT ( ) NAMED_UNIT ( * ) SI_UNIT ( .MILLI., .METRE. ) );
#2376 = PLANE ( 'NONE',  #1374 ) ;
#2377 = ADVANCED_FACE ( 'NONE', ( #429 ), #2322, .F. ) ;
#2378 = LINE ( 'NONE', #3906, #5092 ) ;
#2379 = CARTESIAN_POINT ( 'NONE',  ( 1.110000000000000098, -1.810001167703612079, 0.6999999999999999556 ) ) ;
#2380 = ORIENTED_EDGE ( 'NONE', *, *, #3541, .F. ) ;
#2381 = DIRECTION ( 'NONE',  ( 0.0000000000000000000, 0.0000000000000000000, -1.000000000000000000 ) ) ;
#2382 = CIRCLE ( 'NONE', #6276, 0.08999999999999980238 ) ;
#2383 = ORIENTED_EDGE ( 'NONE', *, *, #3912, .T. ) ;
#2384 = PLANE ( 'NONE',  #5936 ) ;
#2385 = DIRECTION ( 'NONE',  ( 1.000000000000000000, -0.0000000000000000000, -0.0000000000000000000 ) ) ;
#2386 = VECTOR ( 'NONE', #473, 1000.000000000000000 ) ;
#2387 = ORIENTED_EDGE ( 'NONE', *, *, #4643, .F. ) ;
#2388 = LINE ( 'NONE', #5120, #2170 ) ;
#2389 = DIRECTION ( 'NONE',  ( 0.0000000000000000000, 1.000000000000000000, 0.0000000000000000000 ) ) ;
#2390 = EDGE_CURVE ( 'NONE', #5282, #899, #1771, .T. ) ;
#2391 = DIRECTION ( 'NONE',  ( 0.0000000000000000000, -0.0000000000000000000, 1.000000000000000000 ) ) ;
#2392 = VECTOR ( 'NONE', #4849, 1000.000000000000000 ) ;
#2393 = ORIENTED_EDGE ( 'NONE', *, *, #2897, .T. ) ;
#2394 = SURFACE_SIDE_STYLE ('',( #5926 ) ) ;
#2395 = EDGE_LOOP ( 'NONE', ( #650, #6160, #5422, #2036 ) ) ;
#2396 = DIRECTION ( 'NONE',  ( -1.084202172485504434E-16, -1.000000000000000000, 0.0000000000000000000 ) ) ;
#2397 = AXIS2_PLACEMENT_3D ( 'NONE', #2259, #4158, #4190 ) ;
#2398 = DIRECTION ( 'NONE',  ( 1.084202172485504434E-16, -1.000000000000000000, 0.0000000000000000000 ) ) ;
#2399 = FACE_OUTER_BOUND ( 'NONE', #86, .T. ) ;
#2400 = CARTESIAN_POINT ( 'NONE',  ( 0.3899999999999999578, 1.500001167703639338, 0.5000000000000042188 ) ) ;
#2401 = VECTOR ( 'NONE', #4842, 1000.000000000000000 ) ;
#2402 = ORIENTED_EDGE ( 'NONE', *, *, #637, .F. ) ;
#2403 = EDGE_CURVE ( 'NONE', #5868, #4777, #3750, .T. ) ;
#2404 = DIRECTION ( 'NONE',  ( -1.000000000000000000, 2.168404344971008868E-16, -0.0000000000000000000 ) ) ;
#2405 = SURFACE_SIDE_STYLE ('',( #3863 ) ) ;
#2406 = CARTESIAN_POINT ( 'NONE',  ( 0.6100000000000002087, -2.190001167703603091, 0.2000000000000002331 ) ) ;
#2407 = AXIS2_PLACEMENT_3D ( 'NONE', #3471, #4516, #3983 ) ;
#2408 = VECTOR ( 'NONE', #2525, 1000.000000000000000 ) ;
#2409 = VERTEX_POINT ( 'NONE', #1802 ) ;
#2410 = EDGE_CURVE ( 'NONE', #5765, #1182, #1241, .T. ) ;
#2411 = CARTESIAN_POINT ( 'NONE',  ( 0.1100000000000000144, -1.500000000000000000, 0.5000000000000042188 ) ) ;
#2412 = EDGE_CURVE ( 'NONE', #6430, #1707, #524, .T. ) ;
#2413 = VECTOR ( 'NONE', #544, 1000.000000000000000 ) ;
#2414 = LINE ( 'NONE', #5979, #6260 ) ;
#2415 = VECTOR ( 'NONE', #6142, 1000.000000000000000 ) ;
#2416 = CARTESIAN_POINT ( 'NONE',  ( 1.500000000000001110, 2.190001167703602203, 0.2900000000000002021 ) ) ;
#2417 = STYLED_ITEM ( 'NONE', ( #2587 ), #3138 ) ;
#2418 = DIRECTION ( 'NONE',  ( -1.000000000000000000, -1.084202172485504434E-16, 0.0000000000000000000 ) ) ;
#2419 = VERTEX_POINT ( 'NONE', #1496 ) ;
#2420 = DIRECTION ( 'NONE',  ( 0.0000000000000000000, -1.000000000000000000, 0.0000000000000000000 ) ) ;
#2421 = DIRECTION ( 'NONE',  ( -2.168404344971008868E-16, 1.000000000000000000, 0.0000000000000000000 ) ) ;
#2422 = ORIENTED_EDGE ( 'NONE', *, *, #6265, .T. ) ;
#2423 = LINE ( 'NONE', #1930, #4383 ) ;
#2424 = CARTESIAN_POINT ( 'NONE',  ( 1.362413649183243036, -1.362413649183243480, 1.100000000000000089 ) ) ;
#2425 = DIRECTION ( 'NONE',  ( 0.0000000000000000000, 0.0000000000000000000, -1.000000000000000000 ) ) ;
#2426 = VERTEX_POINT ( 'NONE', #1045 ) ;
#2427 = SURFACE_SIDE_STYLE ('',( #3342 ) ) ;
#2428 = ORIENTED_EDGE ( 'NONE', *, *, #5270, .T. ) ;
#2429 = SURFACE_STYLE_USAGE ( .BOTH. , #1902 ) ;
#2430 = DIRECTION ( 'NONE',  ( 0.0000000000000000000, 0.0000000000000000000, 1.000000000000000000 ) ) ;
#2431 = CYLINDRICAL_SURFACE ( 'NONE', #1997, 0.1000000000000000056 ) ;
#2432 = VERTEX_POINT ( 'NONE', #2962 ) ;
#2433 = PLANE ( 'NONE',  #5370 ) ;
#2434 = VECTOR ( 'NONE', #131, 1000.000000000000000 ) ;
#2435 =( NAMED_UNIT ( * ) PLANE_ANGLE_UNIT ( ) SI_UNIT ( $, .RADIAN. ) );
#2436 = DIRECTION ( 'NONE',  ( -2.168404344971008868E-16, -1.000000000000000000, 0.0000000000000000000 ) ) ;
#2437 = DIRECTION ( 'NONE',  ( 1.401985567869210213E-16, 1.000000000000000000, 0.0000000000000000000 ) ) ;
#2438 = ADVANCED_FACE ( 'NONE', ( #3024 ), #6097, .F. ) ;
#2439 = CARTESIAN_POINT ( 'NONE',  ( 0.8899999999999999023, -1.500000000000000000, 0.5000000000000042188 ) ) ;
#2440 = CYLINDRICAL_SURFACE ( 'NONE', #6110, 0.1000000000000000472 ) ;
#2441 = ORIENTED_EDGE ( 'NONE', *, *, #1046, .F. ) ;
#2442 = DIRECTION ( 'NONE',  ( 0.0000000000000000000, 0.0000000000000000000, -1.000000000000000000 ) ) ;
#2443 = DIRECTION ( 'NONE',  ( -2.168404344971008868E-16, 1.000000000000000000, 0.0000000000000000000 ) ) ;
#2444 = EDGE_CURVE ( 'NONE', #2089, #2098, #2730, .T. ) ;
#2445 = ORIENTED_EDGE ( 'NONE', *, *, #2580, .T. ) ;
#2446 = DIRECTION ( 'NONE',  ( -1.000000000000000000, 1.084202172485504434E-16, -0.0000000000000000000 ) ) ;
#2447 = STYLED_ITEM ( 'NONE', ( #3062 ), #4841 ) ;
#2448 = VERTEX_POINT ( 'NONE', #4247 ) ;
#2449 = SURFACE_STYLE_FILL_AREA ( #5883 ) ;
#2450 = DIRECTION ( 'NONE',  ( -1.000000000000000000, 0.0000000000000000000, -0.0000000000000000000 ) ) ;
#2451 = VERTEX_POINT ( 'NONE', #5813 ) ;
#2452 = ADVANCED_FACE ( 'NONE', ( #4872 ), #2789, .F. ) ;
#2453 = ADVANCED_FACE ( 'NONE', ( #1359 ), #1758, .T. ) ;
#2454 = VERTEX_POINT ( 'NONE', #514 ) ;
#2455 = CARTESIAN_POINT ( 'NONE',  ( 0.6100000000000002087, -1.900001167703612159, 0.2900000000000002021 ) ) ;
#2456 = VECTOR ( 'NONE', #2542, 1000.000000000000000 ) ;
#2457 = EDGE_CURVE ( 'NONE', #5923, #2451, #2708, .T. ) ;
#2458 = DIRECTION ( 'NONE',  ( 0.0000000000000000000, 0.9925461516413223162, 0.1218693434051442148 ) ) ;
#2459 = EDGE_LOOP ( 'NONE', ( #365, #2793, #1023, #4255 ) ) ;
#2460 = CARTESIAN_POINT ( 'NONE',  ( -1.400742627321156952, -1.499997242485289650, 0.7000224581550679170 ) ) ;
#2461 = MECHANICAL_DESIGN_GEOMETRIC_PRESENTATION_REPRESENTATION (  '', ( #4553 ), #2662 ) ;
#2462 = LINE ( 'NONE', #2365, #163 ) ;
#2463 = CARTESIAN_POINT ( 'NONE',  ( -0.3899999999999999578, -1.900001167703612381, 0.2900000000000002021 ) ) ;
#2464 = CIRCLE ( 'NONE', #5635, 0.09000000000000028810 ) ;
#2465 = PRESENTATION_LAYER_ASSIGNMENT (  '', '', ( #1733 ) ) ;
#2466 = ORIENTED_EDGE ( 'NONE', *, *, #853, .T. ) ;
#2467 = EDGE_LOOP ( 'NONE', ( #2726, #3034, #5596, #408, #3549, #3673, #6348, #6441, #2262, #1693, #2552, #4784 ) ) ;
#2468 = CARTESIAN_POINT ( 'NONE',  ( -0.1099999999999999450, 2.500000000000000000, 0.6999999999999999556 ) ) ;
#2469 = COLOUR_RGB ( '',0.0000000000000000000, 0.0000000000000000000, 0.0000000000000000000 ) ;
#2470 = DIRECTION ( 'NONE',  ( 0.0000000000000000000, -1.000000000000000000, 0.0000000000000000000 ) ) ;
#2471 = FACE_OUTER_BOUND ( 'NONE', #3433, .T. ) ;
#2472 = DIRECTION ( 'NONE',  ( 1.000000000000000000, 0.0000000000000000000, 0.0000000000000000000 ) ) ;
#2473 = VECTOR ( 'NONE', #740, 1000.000000000000000 ) ;
#2474 = DIRECTION ( 'NONE',  ( -1.445602896647339163E-16, 1.000000000000000000, -0.0000000000000000000 ) ) ;
#2475 = ORIENTED_EDGE ( 'NONE', *, *, #2051, .F. ) ;
#2476 = SURFACE_STYLE_FILL_AREA ( #2047 ) ;
#2477 = FILL_AREA_STYLE ('',( #5438 ) ) ;
#2478 = ORIENTED_EDGE ( 'NONE', *, *, #4447, .T. ) ;
#2479 = CARTESIAN_POINT ( 'NONE',  ( -0.8899999999999999023, 1.900001167703612381, 0.2900000000000002021 ) ) ;
#2480 =( BOUNDED_CURVE ( )  B_SPLINE_CURVE ( 3, ( #5284, #1800, #2765, #1695 ),
 .UNSPECIFIED., .F., .T. ) 
 B_SPLINE_CURVE_WITH_KNOTS ( ( 4, 4 ),
 ( 2.168404344971007290E-15, 0.007426341472521667993 ),
 .UNSPECIFIED. ) 
 CURVE ( )  GEOMETRIC_REPRESENTATION_ITEM ( )  RATIONAL_B_SPLINE_CURVE ( ( 1.000000000000000000, 0.9999954041263082738, 0.9999954041263082738, 1.000000000000000000 ) ) 
 REPRESENTATION_ITEM ( '' )  );
#2481 = CARTESIAN_POINT ( 'NONE',  ( 1.500000000000001110, 2.190001167703602203, 0.2900000000000002021 ) ) ;
#2482 = EDGE_CURVE ( 'NONE', #744, #2454, #417, .T. ) ;
#2483 = CARTESIAN_POINT ( 'NONE',  ( 1.400000000000000133, -1.500000000000000000, 1.100000000000000089 ) ) ;
#2484 = ORIENTED_EDGE ( 'NONE', *, *, #5245, .T. ) ;
#2485 = LINE ( 'NONE', #5419, #711 ) ;
#2486 = CARTESIAN_POINT ( 'NONE',  ( 1.362413649183243480, -1.362413649183243258, 0.1999999999999999833 ) ) ;
#2487 = EDGE_CURVE ( 'NONE', #4909, #6390, #2798, .T. ) ;
#2488 = LINE ( 'NONE', #5529, #5044 ) ;
#2489 = ORIENTED_EDGE ( 'NONE', *, *, #3397, .T. ) ;
#2490 = ORIENTED_EDGE ( 'NONE', *, *, #1469, .F. ) ;
#2491 = DIRECTION ( 'NONE',  ( -1.000000000000000000, 1.084202172485504434E-16, 0.0000000000000000000 ) ) ;
#2492 = MECHANICAL_DESIGN_GEOMETRIC_PRESENTATION_REPRESENTATION (  '', ( #6497 ), #6288 ) ;
#2493 = ORIENTED_EDGE ( 'NONE', *, *, #2188, .F. ) ;
#2494 = CARTESIAN_POINT ( 'NONE',  ( 1.458632135056575629, 1.499567327329789590, 0.4964761638838998681 ) ) ;
#2495 = CARTESIAN_POINT ( 'NONE',  ( -1.499999999999999556, -1.400247545284594830, 0.6999999999999890754 ) ) ;
#2496 = CARTESIAN_POINT ( 'NONE',  ( -1.458632135056575629, 1.499567327329789368, 0.7035238361161006981 ) ) ;
#2497 = CIRCLE ( 'NONE', #6184, 0.08999999999999980238 ) ;
#2498 = LINE ( 'NONE', #2004, #5028 ) ;
#2499 = EDGE_CURVE ( 'NONE', #4047, #5109, #4983, .T. ) ;
#2500 = ORIENTED_EDGE ( 'NONE', *, *, #3239, .T. ) ;
#2501 = ORIENTED_EDGE ( 'NONE', *, *, #3865, .T. ) ;
#2502 = DIRECTION ( 'NONE',  ( 0.0000000000000000000, 1.000000000000000000, 0.0000000000000000000 ) ) ;
#2503 = VECTOR ( 'NONE', #3477, 1000.000000000000000 ) ;
#2504 = CARTESIAN_POINT ( 'NONE',  ( 0.3899999999999999578, 1.810001167703612301, 0.4100000000000034728 ) ) ;
#2505 = DIRECTION ( 'NONE',  ( -1.000000000000000000, -1.084202172485504434E-16, 0.0000000000000000000 ) ) ;
#2506 = CARTESIAN_POINT ( 'NONE',  ( -0.6100000000000000977, -1.900001167703612381, 0.6999999999999999556 ) ) ;
#2507 = DIRECTION ( 'NONE',  ( -1.219727444046192488E-16, 1.000000000000000000, -0.0000000000000000000 ) ) ;
#2508 = FACE_OUTER_BOUND ( 'NONE', #3172, .T. ) ;
#2509 = STYLED_ITEM ( 'NONE', ( #869 ), #1419 ) ;
#2510 = CARTESIAN_POINT ( 'NONE',  ( -0.6100000000000000977, 2.190001167703602647, 0.2900000000000002021 ) ) ;
#2511 = ORIENTED_EDGE ( 'NONE', *, *, #2576, .F. ) ;
#2512 = CYLINDRICAL_SURFACE ( 'NONE', #3800, 0.1000000000000000472 ) ;
#2513 = CARTESIAN_POINT ( 'NONE',  ( 1.500000000000001110, -2.190001167703603091, 0.2000000000000002331 ) ) ;
#2514 = VECTOR ( 'NONE', #1, 1000.000000000000000 ) ;
#2515 = AXIS2_PLACEMENT_3D ( 'NONE', #2672, #4665, #1112 ) ;
#2516 = EDGE_CURVE ( 'NONE', #1231, #632, #485, .T. ) ;
#2517 = EDGE_LOOP ( 'NONE', ( #347, #2475, #5788, #3075 ) ) ;
#2518 = CARTESIAN_POINT ( 'NONE',  ( 0.8900000000000000133, -2.500000000000000000, 0.0000000000000000000 ) ) ;
#2519 = PRESENTATION_LAYER_ASSIGNMENT (  '', '', ( #3973 ) ) ;
#2520 = COLOUR_RGB ( '',0.0000000000000000000, 0.0000000000000000000, 0.0000000000000000000 ) ;
#2521 = PRESENTATION_STYLE_ASSIGNMENT (( #6091 ) ) ;
#2522 = CARTESIAN_POINT ( 'NONE',  ( 1.499999999999999556, 1.400000000000000133, 0.5000000000000106581 ) ) ;
#2523 = DIRECTION ( 'NONE',  ( 1.084202172485504434E-16, -1.000000000000000000, 0.0000000000000000000 ) ) ;
#2524 = CARTESIAN_POINT ( 'NONE',  ( -0.1099999999999999450, -2.500000000000000000, 0.6999999999999999556 ) ) ;
#2525 = DIRECTION ( 'NONE',  ( 0.0000000000000000000, -1.000000000000000000, 0.0000000000000000000 ) ) ;
#2526 = ADVANCED_FACE ( 'NONE', ( #3947 ), #1488, .F. ) ;
#2527 = CARTESIAN_POINT ( 'NONE',  ( -1.362413649183243480, 1.450886175638838260, 0.1000000000000000056 ) ) ;
#2528 = ORIENTED_EDGE ( 'NONE', *, *, #2143, .T. ) ;
#2529 = FILL_AREA_STYLE ('',( #1568 ) ) ;
#2530 = VERTEX_POINT ( 'NONE', #4418 ) ;
#2531 = SURFACE_STYLE_USAGE ( .BOTH. , #3959 ) ;
#2532 = ADVANCED_FACE ( 'NONE', ( #73 ), #4477, .T. ) ;
#2533 =( NAMED_UNIT ( * ) SI_UNIT ( $, .STERADIAN. ) SOLID_ANGLE_UNIT ( ) );
#2534 = LINE ( 'NONE', #4736, #488 ) ;
#2535 = FACE_OUTER_BOUND ( 'NONE', #47, .T. ) ;
#2536 = LINE ( 'NONE', #1020, #205 ) ;
#2537 = EDGE_LOOP ( 'NONE', ( #19, #6423, #4910, #3274 ) ) ;
#2538 = ORIENTED_EDGE ( 'NONE', *, *, #2674, .F. ) ;
#2539 = DIRECTION ( 'NONE',  ( 0.1209742911513511932, -0.1209742911513517066, 0.9852565360152938378 ) ) ;
#2540 = FILL_AREA_STYLE ('',( #1609 ) ) ;
#2541 = PLANE ( 'NONE',  #5320 ) ;
#2542 = DIRECTION ( 'NONE',  ( 0.0000000000000000000, 0.0000000000000000000, -1.000000000000000000 ) ) ;
#2543 = DIRECTION ( 'NONE',  ( -1.000000000000000000, -2.168404344971008868E-16, -0.0000000000000000000 ) ) ;
#2544 = EDGE_CURVE ( 'NONE', #6202, #1981, #2551, .T. ) ;
#2545 = SURFACE_SIDE_STYLE ('',( #2909 ) ) ;
#2546 = EDGE_LOOP ( 'NONE', ( #2045, #1963, #1543, #6101 ) ) ;
#2547 = VECTOR ( 'NONE', #4837, 1000.000000000000000 ) ;
#2548 = DIRECTION ( 'NONE',  ( 0.0000000000000000000, -1.000000000000000000, 0.0000000000000000000 ) ) ;
#2549 =( LENGTH_UNIT ( ) NAMED_UNIT ( * ) SI_UNIT ( .MILLI., .METRE. ) );
#2550 = VECTOR ( 'NONE', #481, 1000.000000000000000 ) ;
#2551 = LINE ( 'NONE', #6022, #2514 ) ;
#2552 = ORIENTED_EDGE ( 'NONE', *, *, #6201, .T. ) ;
#2553 = SURFACE_STYLE_FILL_AREA ( #2582 ) ;
#2554 = AXIS2_PLACEMENT_3D ( 'NONE', #2631, #5142, #6118 ) ;
#2555 = DIRECTION ( 'NONE',  ( -1.000000000000000000, 2.168404344971008868E-16, -0.0000000000000000000 ) ) ;
#2556 = ORIENTED_EDGE ( 'NONE', *, *, #3287, .T. ) ;
#2557 = AXIS2_PLACEMENT_3D ( 'NONE', #276, #5199, #3196 ) ;
#2558 = DIRECTION ( 'NONE',  ( -1.000000000000000000, 0.0000000000000000000, 0.0000000000000000000 ) ) ;
#2559 = EDGE_CURVE ( 'NONE', #707, #152, #6105, .T. ) ;
#2560 = ORIENTED_EDGE ( 'NONE', *, *, #329, .T. ) ;
#2561 = ORIENTED_EDGE ( 'NONE', *, *, #5180, .F. ) ;
#2562 =( LENGTH_UNIT ( ) NAMED_UNIT ( * ) SI_UNIT ( .MILLI., .METRE. ) );
#2563 =( NAMED_UNIT ( * ) PLANE_ANGLE_UNIT ( ) SI_UNIT ( $, .RADIAN. ) );
#2564 = CARTESIAN_POINT ( 'NONE',  ( -0.8899999999999997913, -0.8900000000000000133, 1.099900000000000100 ) ) ;
#2565 = DIRECTION ( 'NONE',  ( -1.000000000000000000, 0.0000000000000000000, -0.0000000000000000000 ) ) ;
#2566 = VERTEX_POINT ( 'NONE', #2479 ) ;
#2567 = DIRECTION ( 'NONE',  ( 1.000000000000000000, 0.0000000000000000000, 0.0000000000000000000 ) ) ;
#2568 = ADVANCED_FACE ( 'NONE', ( #2022 ), #6437, .F. ) ;
#2569 = SURFACE_STYLE_USAGE ( .BOTH. , #1547 ) ;
#2570 = LINE ( 'NONE', #685, #3393 ) ;
#2571 = FACE_OUTER_BOUND ( 'NONE', #2517, .T. ) ;
#2572 = CARTESIAN_POINT ( 'NONE',  ( -1.110000000000000098, -1.810001167703612746, 0.4100000000000034728 ) ) ;
#2573 = CARTESIAN_POINT ( 'NONE',  ( 1.309898562456758064, 1.309898562456758730, 1.427701058995635597 ) ) ;
#2574 = EDGE_CURVE ( 'NONE', #4664, #6034, #5948, .T. ) ;
#2575 = VECTOR ( 'NONE', #3795, 1000.000000000000000 ) ;
#2576 = EDGE_CURVE ( 'NONE', #1363, #5251, #4545, .T. ) ;
#2577 = CARTESIAN_POINT ( 'NONE',  ( 0.6100000000000000977, 1.500000000000000000, 0.6999999999999999556 ) ) ;
#2578 = CIRCLE ( 'NONE', #2049, 0.2899999999999940403 ) ;
#2579 = CARTESIAN_POINT ( 'NONE',  ( 1.109999999999999876, 1.500000000000000000, 0.6999999999999886313 ) ) ;
#2580 = EDGE_CURVE ( 'NONE', #5056, #3268, #1027, .T. ) ;
#2581 = ORIENTED_EDGE ( 'NONE', *, *, #3194, .T. ) ;
#2582 = FILL_AREA_STYLE ('',( #103 ) ) ;
#2583 = CARTESIAN_POINT ( 'NONE',  ( 0.3899999999999999578, -2.190001167703602647, 5.041540102057595618E-15 ) ) ;
#2584 = ORIENTED_EDGE ( 'NONE', *, *, #5555, .T. ) ;
#2585 = DIRECTION ( 'NONE',  ( 1.000000000000000000, 0.0000000000000000000, -0.0000000000000000000 ) ) ;
#2586 = DIRECTION ( 'NONE',  ( 0.0000000000000000000, -1.000000000000000000, 0.0000000000000000000 ) ) ;
#2587 = PRESENTATION_STYLE_ASSIGNMENT (( #588 ) ) ;
#2588 = VERTEX_POINT ( 'NONE', #4046 ) ;
#2589 = ORIENTED_EDGE ( 'NONE', *, *, #4271, .F. ) ;
#2590 =( NAMED_UNIT ( * ) SI_UNIT ( $, .STERADIAN. ) SOLID_ANGLE_UNIT ( ) );
#2591 = VERTEX_POINT ( 'NONE', #5441 ) ;
#2592 = AXIS2_PLACEMENT_3D ( 'NONE', #3825, #5866, #3864 ) ;
#2593 = DIRECTION ( 'NONE',  ( -1.000000000000000000, -2.168404344971008868E-16, -0.0000000000000000000 ) ) ;
#2594 = EDGE_CURVE ( 'NONE', #479, #4581, #898, .T. ) ;
#2595 = LINE ( 'NONE', #1725, #3792 ) ;
#2596 = FILL_AREA_STYLE ('',( #1738 ) ) ;
#2597 = CARTESIAN_POINT ( 'NONE',  ( 1.499997242485289428, 1.400742627321157618, 0.4999775418449328157 ) ) ;
#2598 = AXIS2_PLACEMENT_3D ( 'NONE', #816, #5262, #5729 ) ;
#2599 = ORIENTED_EDGE ( 'NONE', *, *, #5638, .T. ) ;
#2600 = STYLED_ITEM ( 'NONE', ( #4594 ), #445 ) ;
#2601 = CARTESIAN_POINT ( 'NONE',  ( 1.500000000000001110, 2.190001167703603091, 0.2000000000000000389 ) ) ;
#2602 = DIRECTION ( 'NONE',  ( 1.219727444046192488E-16, -1.000000000000000000, 0.0000000000000000000 ) ) ;
#2603 = EDGE_CURVE ( 'NONE', #3984, #4926, #2896, .T. ) ;
#2604 = VERTEX_POINT ( 'NONE', #2197 ) ;
#2605 = AXIS2_PLACEMENT_3D ( 'NONE', #4620, #4649, #142 ) ;
#2606 = FACE_OUTER_BOUND ( 'NONE', #4559, .T. ) ;
#2607 = VECTOR ( 'NONE', #988, 1000.000000000000000 ) ;
#2608 = EDGE_CURVE ( 'NONE', #3341, #5219, #6175, .T. ) ;
#2609 = STYLED_ITEM ( 'NONE', ( #842 ), #793 ) ;
#2610 = DIRECTION ( 'NONE',  ( -1.000000000000000000, 2.168404344971008868E-16, -0.0000000000000000000 ) ) ;
#2611 = CARTESIAN_POINT ( 'NONE',  ( 0.6100000000000000977, 1.500000000000000000, 0.1999999999999999833 ) ) ;
#2612 = AXIS2_PLACEMENT_3D ( 'NONE', #5078, #2110, #5148 ) ;
#2613 = CARTESIAN_POINT ( 'NONE',  ( 1.499999080824205411, 1.400495088862660165, 0.4999925139139139163 ) ) ;
#2614 = LINE ( 'NONE', #1142, #3628 ) ;
#2615 =( GEOMETRIC_REPRESENTATION_CONTEXT ( 3 ) GLOBAL_UNCERTAINTY_ASSIGNED_CONTEXT ( ( #4537 ) ) GLOBAL_UNIT_ASSIGNED_CONTEXT ( ( #996, #2980, #5009 ) ) REPRESENTATION_CONTEXT ( 'NONE', 'WORKASPACE' ) );
#2616 = LINE ( 'NONE', #1198, #1358 ) ;
#2617 = VERTEX_POINT ( 'NONE', #3570 ) ;
#2618 = VERTEX_POINT ( 'NONE', #2076 ) ;
#2619 = CARTESIAN_POINT ( 'NONE',  ( -0.1100000000000000699, -1.500000000000000000, 0.6999999999999999556 ) ) ;
#2620 = ORIENTED_EDGE ( 'NONE', *, *, #3194, .F. ) ;
#2621 = VECTOR ( 'NONE', #6422, 1000.000000000000000 ) ;
#2622 = PLANE ( 'NONE',  #2605 ) ;
#2623 = DIRECTION ( 'NONE',  ( 1.084202172485504434E-16, -1.000000000000000000, 0.0000000000000000000 ) ) ;
#2624 = EDGE_LOOP ( 'NONE', ( #6429, #946, #3866, #3443 ) ) ;
#2625 = DIRECTION ( 'NONE',  ( -1.000000000000000000, -2.168404344971008868E-16, -0.0000000000000000000 ) ) ;
#2626 = CARTESIAN_POINT ( 'NONE',  ( -1.110000000000000098, -2.100001167703602789, 0.2900000000000007572 ) ) ;
#2627 = CARTESIAN_POINT ( 'NONE',  ( 0.6100000000000000977, -2.100001167703606342, 0.4100000000000035838 ) ) ;
#2628 = CARTESIAN_POINT ( 'NONE',  ( 0.6100000000000000977, 1.500001167703639338, 0.5000000000000042188 ) ) ;
#2629 = EDGE_LOOP ( 'NONE', ( #1933, #5181, #1658, #5622 ) ) ;
#2630 = LINE ( 'NONE', #5237, #5526 ) ;
#2631 = CARTESIAN_POINT ( 'NONE',  ( 1.500000000000001110, -2.190001167703602203, 0.2900000000000002021 ) ) ;
#2632 = ADVANCED_FACE ( 'NONE', ( #1680 ), #692, .F. ) ;
#2633 = DIRECTION ( 'NONE',  ( 2.662465753572091481E-16, 1.000000000000000000, -2.168404344971008868E-15 ) ) ;
#2634 = DIRECTION ( 'NONE',  ( -0.0000000000000000000, -0.0000000000000000000, -1.000000000000000000 ) ) ;
#2635 = DIRECTION ( 'NONE',  ( -1.000000000000000000, -0.0000000000000000000, 0.0000000000000000000 ) ) ;
#2636 = ORIENTED_EDGE ( 'NONE', *, *, #708, .F. ) ;
#2637 = ADVANCED_FACE ( 'NONE', ( #6120 ), #3107, .T. ) ;
#2638 = CARTESIAN_POINT ( 'NONE',  ( -1.499999999999999556, -1.500000000000000000, 0.5000000000000106581 ) ) ;
#2639 = LINE ( 'NONE', #1009, #6336 ) ;
#2640 = EDGE_LOOP ( 'NONE', ( #4475, #863, #2347, #4443 ) ) ;
#2641 = VECTOR ( 'NONE', #4452, 1000.000000000000000 ) ;
#2642 = CYLINDRICAL_SURFACE ( 'NONE', #5562, 0.1000000000000000749 ) ;
#2643 = CARTESIAN_POINT ( 'NONE',  ( -1.399999999999999467, -1.399999999999999911, 1.100000000000000089 ) ) ;
#2644 = CARTESIAN_POINT ( 'NONE',  ( -0.3900000000000000133, -1.500000000000003553, 0.6999999999999999556 ) ) ;
#2645 = VECTOR ( 'NONE', #2074, 1000.000000000000000 ) ;
#2646 = EDGE_LOOP ( 'NONE', ( #2933, #274, #6216, #1062, #1527, #5188 ) ) ;
#2647 = EDGE_CURVE ( 'NONE', #6125, #4413, #638, .T. ) ;
#2648 = DIRECTION ( 'NONE',  ( -1.219727444046192488E-16, 1.000000000000000000, 0.0000000000000000000 ) ) ;
#2649 = ORIENTED_EDGE ( 'NONE', *, *, #4528, .T. ) ;
#2650 = ADVANCED_FACE ( 'NONE', ( #1646 ), #5654, .T. ) ;
#2651 = DIRECTION ( 'NONE',  ( 1.084202172485504434E-16, 1.000000000000000000, 0.0000000000000000000 ) ) ;
#2652 = CARTESIAN_POINT ( 'NONE',  ( 0.8900000000000000133, 2.500001167703629790, 0.2000000000000000389 ) ) ;
#2653 = DIRECTION ( 'NONE',  ( 2.168404344971008868E-16, 1.000000000000000000, 0.0000000000000000000 ) ) ;
#2654 = ORIENTED_EDGE ( 'NONE', *, *, #3748, .F. ) ;
#2655 = PLANE ( 'NONE',  #5660 ) ;
#2656 = LINE ( 'NONE', #4564, #3705 ) ;
#2657 = AXIS2_PLACEMENT_3D ( 'NONE', #3405, #3993, #4490 ) ;
#2658 = CARTESIAN_POINT ( 'NONE',  ( -1.499999999999999556, -1.399999999999999689, 1.100000000000000089 ) ) ;
#2659 = ORIENTED_EDGE ( 'NONE', *, *, #4202, .F. ) ;
#2660 = DIRECTION ( 'NONE',  ( 0.0000000000000000000, 0.0000000000000000000, -1.000000000000000000 ) ) ;
#2661 = VECTOR ( 'NONE', #1083, 1000.000000000000000 ) ;
#2662 =( GEOMETRIC_REPRESENTATION_CONTEXT ( 3 ) GLOBAL_UNCERTAINTY_ASSIGNED_CONTEXT ( ( #1842 ) ) GLOBAL_UNIT_ASSIGNED_CONTEXT ( ( #1107, #517, #3474 ) ) REPRESENTATION_CONTEXT ( 'NONE', 'WORKASPACE' ) );
#2663 = CARTESIAN_POINT ( 'NONE',  ( -0.1100000000000000699, 1.500000000000000000, 0.0000000000000000000 ) ) ;
#2664 = EDGE_CURVE ( 'NONE', #1370, #3404, #4634, .T. ) ;
#2665 = VECTOR ( 'NONE', #5653, 1000.000000000000000 ) ;
#2666 = CARTESIAN_POINT ( 'NONE',  ( 1.499997242485289650, 1.400742627321157618, 0.7000224581550662517 ) ) ;
#2667 = VERTEX_POINT ( 'NONE', #4607 ) ;
#2668 = CARTESIAN_POINT ( 'NONE',  ( -1.500000000000000000, 1.500000000000000000, 0.5000000000000106581 ) ) ;
#2669 = STYLED_ITEM ( 'NONE', ( #961 ), #6506 ) ;
#2670 = AXIS2_PLACEMENT_3D ( 'NONE', #3528, #3657, #1668 ) ;
#2671 = ORIENTED_EDGE ( 'NONE', *, *, #2017, .F. ) ;
#2672 = CARTESIAN_POINT ( 'NONE',  ( 0.3899999999999999578, 1.810001167703612301, 0.4100000000000034728 ) ) ;
#2673 = VERTEX_POINT ( 'NONE', #4103 ) ;
#2674 = EDGE_CURVE ( 'NONE', #1665, #5348, #665, .T. ) ;
#2675 = ORIENTED_EDGE ( 'NONE', *, *, #1094, .F. ) ;
#2676 = CARTESIAN_POINT ( 'NONE',  ( -0.8899999999999999023, 1.810001167703612523, 0.4100000000000034728 ) ) ;
#2677 = ORIENTED_EDGE ( 'NONE', *, *, #3361, .T. ) ;
#2678 = CARTESIAN_POINT ( 'NONE',  ( 0.3900000000000000133, -2.100001167703602345, 0.6999999999999999556 ) ) ;
#2679 = ORIENTED_EDGE ( 'NONE', *, *, #3331, .F. ) ;
#2680 = VERTEX_POINT ( 'NONE', #1622 ) ;
#2681 = UNCERTAINTY_MEASURE_WITH_UNIT (LENGTH_MEASURE( 1.000000000000000082E-05 ), #2869, 'distance_accuracy_value', 'NONE');
#2682 = EDGE_CURVE ( 'NONE', #3937, #1935, #4695, .T. ) ;
#2683 = LINE ( 'NONE', #3587, #4164 ) ;
#2684 = EDGE_CURVE ( 'NONE', #964, #4385, #426, .T. ) ;
#2685 = ORIENTED_EDGE ( 'NONE', *, *, #2928, .F. ) ;
#2686 = CARTESIAN_POINT ( 'NONE',  ( -1.499999999999999556, -1.500000000000000000, 1.100000000000000089 ) ) ;
#2687 = FILL_AREA_STYLE ('',( #686 ) ) ;
#2688 = EDGE_CURVE ( 'NONE', #4171, #1492, #1106, .T. ) ;
#2689 = CARTESIAN_POINT ( 'NONE',  ( -1.500000000000000000, 1.500000000000000000, 0.5000000000000106581 ) ) ;
#2690 = VERTEX_POINT ( 'NONE', #101 ) ;
#2691 = ORIENTED_EDGE ( 'NONE', *, *, #5146, .T. ) ;
#2692 = ORIENTED_EDGE ( 'NONE', *, *, #5539, .T. ) ;
#2693 = PLANE ( 'NONE',  #2364 ) ;
#2694 = CIRCLE ( 'NONE', #6283, 0.2899999999999951505 ) ;
#2695 = DIRECTION ( 'NONE',  ( 1.000000000000000000, 0.0000000000000000000, 0.0000000000000000000 ) ) ;
#2696 = UNCERTAINTY_MEASURE_WITH_UNIT (LENGTH_MEASURE( 1.000000000000000082E-05 ), #851, 'distance_accuracy_value', 'NONE');
#2697 = CIRCLE ( 'NONE', #404, 0.4999999999999994449 ) ;
#2698 = CARTESIAN_POINT ( 'NONE',  ( 0.6100000000000000977, 1.500000000000000000, 0.0000000000000000000 ) ) ;
#2699 = DIRECTION ( 'NONE',  ( 0.0000000000000000000, 1.000000000000000000, 0.0000000000000000000 ) ) ;
#2700 = CARTESIAN_POINT ( 'NONE',  ( 0.6100000000000000977, -1.500000000000000000, 0.0000000000000000000 ) ) ;
#2701 = DIRECTION ( 'NONE',  ( -1.000000000000000000, 2.168404344971008868E-16, -0.0000000000000000000 ) ) ;
#2702 = PRESENTATION_LAYER_ASSIGNMENT (  '', '', ( #5764 ) ) ;
#2703 = VERTEX_POINT ( 'NONE', #1135 ) ;
#2704 = VECTOR ( 'NONE', #4424, 1000.000000000000000 ) ;
#2705 = SURFACE_SIDE_STYLE ('',( #5186 ) ) ;
#2706 = CYLINDRICAL_SURFACE ( 'NONE', #4730, 0.2899999999999951505 ) ;
#2707 = VERTEX_POINT ( 'NONE', #4661 ) ;
#2708 = CIRCLE ( 'NONE', #5880, 0.08999999999999980238 ) ;
#2709 = CARTESIAN_POINT ( 'NONE',  ( -0.8899999999999999023, 1.810001167703611635, 0.5000000000000042188 ) ) ;
#2710 = LINE ( 'NONE', #6165, #3307 ) ;
#2711 = VERTEX_POINT ( 'NONE', #2579 ) ;
#2712 = EDGE_CURVE ( 'NONE', #4436, #2591, #185, .T. ) ;
#2713 = EDGE_LOOP ( 'NONE', ( #1891, #5483, #2215, #4591, #4379, #112, #739, #6375, #4082, #1458, #3395, #3557 ) ) ;
#2714 = CARTESIAN_POINT ( 'NONE',  ( 0.1100000000000000699, -1.500001167703639338, 0.5000000000000042188 ) ) ;
#2715 = PLANE ( 'NONE',  #3001 ) ;
#2716 = CARTESIAN_POINT ( 'NONE',  ( 1.362413649183243480, -1.499999999999999556, 0.2000000000000000111 ) ) ;
#2717 = VECTOR ( 'NONE', #4747, 1000.000000000000000 ) ;
#2718 = CARTESIAN_POINT ( 'NONE',  ( 1.500000000000001110, 1.810001167703612079, 0.4100000000000034728 ) ) ;
#2719 = DIRECTION ( 'NONE',  ( 1.084202172485504434E-16, -1.000000000000000000, 0.0000000000000000000 ) ) ;
#2720 = ORIENTED_EDGE ( 'NONE', *, *, #6417, .F. ) ;
#2721 = VERTEX_POINT ( 'NONE', #3668 ) ;
#2722 = EDGE_CURVE ( 'NONE', #3582, #299, #5581, .T. ) ;
#2723 = CARTESIAN_POINT ( 'NONE',  ( 1.500000000000000000, -1.400000000000000133, 0.6999999999999886313 ) ) ;
#2724 = LINE ( 'NONE', #2225, #5220 ) ;
#2725 = CARTESIAN_POINT ( 'NONE',  ( 1.500000000000001110, 2.190001167703602203, 0.2900000000000002021 ) ) ;
#2726 = ORIENTED_EDGE ( 'NONE', *, *, #2457, .T. ) ;
#2727 = CARTESIAN_POINT ( 'NONE',  ( -0.3899999999999999578, 1.500001167703639560, 0.5000000000000042188 ) ) ;
#2728 = CIRCLE ( 'NONE', #6224, 0.08999999999999980238 ) ;
#2729 = DIRECTION ( 'NONE',  ( 1.505836350674307797E-16, 1.000000000000000000, 2.108170890944030965E-14 ) ) ;
#2730 = LINE ( 'NONE', #6339, #5138 ) ;
#2731 = VERTEX_POINT ( 'NONE', #4199 ) ;
#2732 = PRESENTATION_STYLE_ASSIGNMENT (( #4706 ) ) ;
#2733 = EDGE_LOOP ( 'NONE', ( #6256, #4024, #896, #4947 ) ) ;
#2734 = ORIENTED_EDGE ( 'NONE', *, *, #1664, .T. ) ;
#2735 = CARTESIAN_POINT ( 'NONE',  ( 0.3899999999999999578, -1.500001167703639338, 0.5000000000000042188 ) ) ;
#2736 = CARTESIAN_POINT ( 'NONE',  ( -1.409153177620890762, 1.309898562456758953, 1.439887993336150362 ) ) ;
#2737 = ORIENTED_EDGE ( 'NONE', *, *, #3452, .T. ) ;
#2738 = ORIENTED_EDGE ( 'NONE', *, *, #482, .T. ) ;
#2739 = ORIENTED_EDGE ( 'NONE', *, *, #6491, .F. ) ;
#2740 = VECTOR ( 'NONE', #5301, 1000.000000000000000 ) ;
#2741 = CARTESIAN_POINT ( 'NONE',  ( -1.499999999999999556, -1.450886175638838038, 1.100000000000000089 ) ) ;
#2742 = CARTESIAN_POINT ( 'NONE',  ( -1.110000000000000098, -2.100001167703606786, 0.4100000000000035838 ) ) ;
#2743 = PLANE ( 'NONE',  #219 ) ;
#2744 = AXIS2_PLACEMENT_3D ( 'NONE', #4681, #209, #3225 ) ;
#2745 = EDGE_CURVE ( 'NONE', #363, #1387, #3221, .T. ) ;
#2746 = CARTESIAN_POINT ( 'NONE',  ( 1.499997242485289872, -1.400742627321157618, 0.7000224581550679170 ) ) ;
#2747 = CARTESIAN_POINT ( 'NONE',  ( 0.3899999999999999578, 1.500000000000000000, 0.6999999999999999556 ) ) ;
#2748 = MECHANICAL_DESIGN_GEOMETRIC_PRESENTATION_REPRESENTATION (  '', ( #3360 ), #668 ) ;
#2749 = CARTESIAN_POINT ( 'NONE',  ( 1.399999999999999689, -1.500000000000000000, 0.5000000000000106581 ) ) ;
#2750 = EDGE_CURVE ( 'NONE', #4860, #1673, #4571, .T. ) ;
#2751 = SURFACE_SIDE_STYLE ('',( #5368 ) ) ;
#2752 = DIRECTION ( 'NONE',  ( 0.1209742911513509295, 0.1209742911513509572, -0.9852565360152939489 ) ) ;
#2753 = MECHANICAL_DESIGN_GEOMETRIC_PRESENTATION_REPRESENTATION (  '', ( #994 ), #1513 ) ;
#2754 = ADVANCED_FACE ( 'NONE', ( #254 ), #4237, .F. ) ;
#2755 = LINE ( 'NONE', #1194, #2046 ) ;
#2756 = CARTESIAN_POINT ( 'NONE',  ( 1.458632135056575407, 1.499567327329789812, 0.7035238361160931486 ) ) ;
#2757 = ORIENTED_EDGE ( 'NONE', *, *, #3912, .F. ) ;
#2758 = AXIS2_PLACEMENT_3D ( 'NONE', #2196, #2633, #2165 ) ;
#2759 = CARTESIAN_POINT ( 'NONE',  ( -0.1099999999999998479, -2.500001167703630234, 0.2000000000000000389 ) ) ;
#2760 = DIRECTION ( 'NONE',  ( 1.000000000000000000, -2.662465753572082607E-16, 2.168404344971006896E-15 ) ) ;
#2761 = EDGE_CURVE ( 'NONE', #4600, #1311, #5871, .T. ) ;
#2762 = ORIENTED_EDGE ( 'NONE', *, *, #862, .T. ) ;
#2763 = ORIENTED_EDGE ( 'NONE', *, *, #1484, .T. ) ;
#2764 = EDGE_LOOP ( 'NONE', ( #5355, #3122, #5065, #1928 ) ) ;
#2765 = CARTESIAN_POINT ( 'NONE',  ( -1.400495088862660165, 1.499999080824205633, 0.7000074860860872050 ) ) ;
#2766 = DIRECTION ( 'NONE',  ( 1.000000000000000000, 0.0000000000000000000, 0.0000000000000000000 ) ) ;
#2767 = AXIS2_PLACEMENT_3D ( 'NONE', #6455, #1871, #3318 ) ;
#2768 = CARTESIAN_POINT ( 'NONE',  ( -0.3899999999999999578, -2.100001167703602789, 0.2900000000000007572 ) ) ;
#2769 = VERTEX_POINT ( 'NONE', #4796 ) ;
#2770 = ORIENTED_EDGE ( 'NONE', *, *, #6391, .T. ) ;
#2771 = EDGE_CURVE ( 'NONE', #4662, #1231, #5841, .T. ) ;
#2772 = CARTESIAN_POINT ( 'NONE',  ( 0.3899999999999999578, -1.500000000000000000, 0.6999999999999999556 ) ) ;
#2773 = SURFACE_SIDE_STYLE ('',( #5291 ) ) ;
#2774 = LINE ( 'NONE', #6421, #1778 ) ;
#2775 = FACE_OUTER_BOUND ( 'NONE', #4316, .T. ) ;
#2776 = LINE ( 'NONE', #2747, #4782 ) ;
#2777 = CARTESIAN_POINT ( 'NONE',  ( 1.500000000000001332, 2.500001167703629790, 0.2000000000000000389 ) ) ;
#2778 = EDGE_CURVE ( 'NONE', #3765, #4868, #5771, .T. ) ;
#2779 = AXIS2_PLACEMENT_3D ( 'NONE', #4095, #3071, #3158 ) ;
#2780 = CARTESIAN_POINT ( 'NONE',  ( 0.8899999999999999023, -1.900001167703612603, 0.4100000000000028066 ) ) ;
#2781 = DIRECTION ( 'NONE',  ( 0.0000000000000000000, -1.000000000000000000, 0.0000000000000000000 ) ) ;
#2782 = DIRECTION ( 'NONE',  ( -1.000000000000000000, 1.219727444046192488E-16, 0.0000000000000000000 ) ) ;
#2783 = ADVANCED_FACE ( 'NONE', ( #4302 ), #1254, .T. ) ;
#2784 = ORIENTED_EDGE ( 'NONE', *, *, #6047, .F. ) ;
#2785 = VECTOR ( 'NONE', #1602, 1000.000000000000000 ) ;
#2786 = DIRECTION ( 'NONE',  ( -1.000000000000000000, -1.084202172485504434E-16, 0.0000000000000000000 ) ) ;
#2787 = ADVANCED_FACE ( 'NONE', ( #2941 ), #2440, .T. ) ;
#2788 = CARTESIAN_POINT ( 'NONE',  ( 1.500000000000001110, -1.500001167703639116, 0.5000000000000042188 ) ) ;
#2789 = PLANE ( 'NONE',  #3535 ) ;
#2790 = CARTESIAN_POINT ( 'NONE',  ( -0.8899999999999997913, -0.8900000000000000133, 1.499899999999999345 ) ) ;
#2791 = VECTOR ( 'NONE', #106, 1000.000000000000000 ) ;
#2792 = ORIENTED_EDGE ( 'NONE', *, *, #3129, .T. ) ;
#2793 = ORIENTED_EDGE ( 'NONE', *, *, #3465, .F. ) ;
#2794 = SURFACE_STYLE_USAGE ( .BOTH. , #1236 ) ;
#2795 = MECHANICAL_DESIGN_GEOMETRIC_PRESENTATION_REPRESENTATION (  '', ( #4508 ), #1343 ) ;
#2796 = CARTESIAN_POINT ( 'NONE',  ( -0.3899999999999999578, -1.900001167703612381, 0.6999999999999999556 ) ) ;
#2797 = EDGE_LOOP ( 'NONE', ( #382, #2636, #4315, #4975, #1883, #1331, #4616, #2877 ) ) ;
#2798 = CIRCLE ( 'NONE', #3015, 0.2899999999999951505 ) ;
#2799 = VERTEX_POINT ( 'NONE', #1952 ) ;
#2800 = FILL_AREA_STYLE_COLOUR ( '', #2469 ) ;
#2801 = DIRECTION ( 'NONE',  ( -1.000000000000000000, -2.168404344971008868E-16, -0.0000000000000000000 ) ) ;
#2802 = CARTESIAN_POINT ( 'NONE',  ( -1.499999999999999556, 1.362413649183243480, 0.2000000000000000111 ) ) ;
#2803 = LINE ( 'NONE', #5934, #548 ) ;
#2804 = FACE_OUTER_BOUND ( 'NONE', #1249, .T. ) ;
#2805 = AXIS2_PLACEMENT_3D ( 'NONE', #3522, #2969, #6003 ) ;
#2806 = SURFACE_SIDE_STYLE ('',( #1790 ) ) ;
#2807 = CARTESIAN_POINT ( 'NONE',  ( 1.110000000000000098, 1.500000000000000000, 0.5000000000000042188 ) ) ;
#2808 = EDGE_CURVE ( 'NONE', #4335, #2089, #5247, .T. ) ;
#2809 = ORIENTED_EDGE ( 'NONE', *, *, #3098, .F. ) ;
#2810 = CARTESIAN_POINT ( 'NONE',  ( 1.500000000000001110, -2.100001167703602345, 0.2900000000000007572 ) ) ;
#2811 = EDGE_CURVE ( 'NONE', #6279, #225, #4472, .T. ) ;
#2812 = VERTEX_POINT ( 'NONE', #6428 ) ;
#2813 = EDGE_CURVE ( 'NONE', #3099, #3003, #6016, .T. ) ;
#2814 = DIRECTION ( 'NONE',  ( -1.000000000000000000, 2.168404344971008868E-16, 0.0000000000000000000 ) ) ;
#2815 = VERTEX_POINT ( 'NONE', #1880 ) ;
#2816 = ORIENTED_EDGE ( 'NONE', *, *, #2002, .F. ) ;
#2817 = VECTOR ( 'NONE', #5330, 1000.000000000000000 ) ;
#2818 = CARTESIAN_POINT ( 'NONE',  ( -1.400742627321157618, 1.499997242485289872, 0.4999775418449312059 ) ) ;
#2819 = PLANE ( 'NONE',  #5987 ) ;
#2820 = EDGE_CURVE ( 'NONE', #872, #4980, #5976, .T. ) ;
#2821 = VECTOR ( 'NONE', #1057, 1000.000000000000000 ) ;
#2822 = ORIENTED_EDGE ( 'NONE', *, *, #4605, .F. ) ;
#2823 = PRESENTATION_STYLE_ASSIGNMENT (( #3444 ) ) ;
#2824 = ADVANCED_FACE ( 'NONE', ( #1383 ), #5477, .F. ) ;
#2825 = ORIENTED_EDGE ( 'NONE', *, *, #4619, .T. ) ;
#2826 = FACE_OUTER_BOUND ( 'NONE', #1188, .T. ) ;
#2827 = CARTESIAN_POINT ( 'NONE',  ( -1.499999999999999556, -1.461668264347375734, 1.012186934340514544 ) ) ;
#2828 = AXIS2_PLACEMENT_3D ( 'NONE', #4384, #1460, #2814 ) ;
#2829 = CARTESIAN_POINT ( 'NONE',  ( 0.3900000000000000688, -2.500000000000000000, 0.0000000000000000000 ) ) ;
#2830 = DIRECTION ( 'NONE',  ( 0.0000000000000000000, 0.0000000000000000000, -1.000000000000000000 ) ) ;
#2831 = ADVANCED_FACE ( 'NONE', ( #4410 ), #963, .T. ) ;
#2832 = LINE ( 'NONE', #822, #3562 ) ;
#2833 =( NAMED_UNIT ( * ) SI_UNIT ( $, .STERADIAN. ) SOLID_ANGLE_UNIT ( ) );
#2834 = PRODUCT_DEFINITION ( 'UNKNOWN', '', #4869, #4184 ) ;
#2835 = LINE ( 'NONE', #3232, #1102 ) ;
#2836 = VECTOR ( 'NONE', #184, 1000.000000000000000 ) ;
#2837 = DIRECTION ( 'NONE',  ( -1.000000000000000000, -2.168404344971008868E-16, -0.0000000000000000000 ) ) ;
#2838 = AXIS2_PLACEMENT_3D ( 'NONE', #5324, #3816, #2326 ) ;
#2839 = CYLINDRICAL_SURFACE ( 'NONE', #5707, 0.08999999999999980238 ) ;
#2840 = EDGE_CURVE ( 'NONE', #3088, #4741, #410, .T. ) ;
#2841 = VERTEX_POINT ( 'NONE', #5940 ) ;
#2842 = DIRECTION ( 'NONE',  ( 0.0000000000000000000, 0.0000000000000000000, 1.000000000000000000 ) ) ;
#2843 = STYLED_ITEM ( 'NONE', ( #2088 ), #4939 ) ;
#2844 = ORIENTED_EDGE ( 'NONE', *, *, #2330, .T. ) ;
#2845 = CARTESIAN_POINT ( 'NONE',  ( -1.499999999999999556, -1.399999999999999689, 0.5000000000000106581 ) ) ;
#2846 = LINE ( 'NONE', #2483, #1909 ) ;
#2847 = ORIENTED_EDGE ( 'NONE', *, *, #6350, .F. ) ;
#2848 = CIRCLE ( 'NONE', #2758, 0.1000000000000000056 ) ;
#2849 = ORIENTED_EDGE ( 'NONE', *, *, #127, .F. ) ;
#2850 = VECTOR ( 'NONE', #3141, 1000.000000000000000 ) ;
#2851 = SURFACE_STYLE_FILL_AREA ( #5317 ) ;
#2852 = ADVANCED_FACE ( 'NONE', ( #3388 ), #4937, .T. ) ;
#2853 = AXIS2_PLACEMENT_3D ( 'NONE', #4470, #3387, #542 ) ;
#2854 = VECTOR ( 'NONE', #4697, 1000.000000000000000 ) ;
#2855 = VERTEX_POINT ( 'NONE', #5725 ) ;
#2856 =( LENGTH_UNIT ( ) NAMED_UNIT ( * ) SI_UNIT ( .MILLI., .METRE. ) );
#2857 = ORIENTED_EDGE ( 'NONE', *, *, #4881, .F. ) ;
#2858 = FACE_OUTER_BOUND ( 'NONE', #4149, .T. ) ;
#2859 = EDGE_CURVE ( 'NONE', #479, #5282, #3751, .T. ) ;
#2860 = SURFACE_STYLE_USAGE ( .BOTH. , #531 ) ;
#2861 = STYLED_ITEM ( 'NONE', ( #2100 ), #5835 ) ;
#2862 = CARTESIAN_POINT ( 'NONE',  ( 1.499999999999999556, 1.500000000000000000, 0.6999999999999886313 ) ) ;
#2863 = EDGE_LOOP ( 'NONE', ( #3588, #483, #2677, #6507 ) ) ;
#2864 = ORIENTED_EDGE ( 'NONE', *, *, #3230, .T. ) ;
#2865 = CARTESIAN_POINT ( 'NONE',  ( -0.1099999999999999450, -2.500000000000000000, 0.0000000000000000000 ) ) ;
#2866 = SURFACE_SIDE_STYLE ('',( #439 ) ) ;
#2867 = DIRECTION ( 'NONE',  ( 1.000000000000000000, -2.168404344971008868E-16, 0.0000000000000000000 ) ) ;
#2868 = ORIENTED_EDGE ( 'NONE', *, *, #2688, .T. ) ;
#2869 =( LENGTH_UNIT ( ) NAMED_UNIT ( * ) SI_UNIT ( .MILLI., .METRE. ) );
#2870 = CARTESIAN_POINT ( 'NONE',  ( 0.8899999999999999023, 1.500000000000000000, 0.6999999999999999556 ) ) ;
#2871 = ORIENTED_EDGE ( 'NONE', *, *, #5021, .F. ) ;
#2872 = CARTESIAN_POINT ( 'NONE',  ( 1.500000000000001110, -2.190001167703603091, 0.2000000000000000389 ) ) ;
#2873 = ORIENTED_EDGE ( 'NONE', *, *, #1081, .T. ) ;
#2874 = DIRECTION ( 'NONE',  ( -1.000000000000000000, -1.219727444046192488E-16, 0.0000000000000000000 ) ) ;
#2875 = CARTESIAN_POINT ( 'NONE',  ( 0.1100000000000000699, -2.190001167703602647, 0.2900000000000002021 ) ) ;
#2876 = ADVANCED_FACE ( 'NONE', ( #4599 ), #1096, .T. ) ;
#2877 = ORIENTED_EDGE ( 'NONE', *, *, #288, .F. ) ;
#2878 = FACE_OUTER_BOUND ( 'NONE', #4218, .T. ) ;
#2879 = CARTESIAN_POINT ( 'NONE',  ( 1.500000000000001110, -2.100001167703602345, 0.4100000000000035838 ) ) ;
#2880 = CIRCLE ( 'NONE', #4476, 0.09999999999999999167 ) ;
#2881 = ORIENTED_EDGE ( 'NONE', *, *, #1679, .T. ) ;
#2882 = DIRECTION ( 'NONE',  ( -1.084202172485504434E-16, 1.000000000000000000, 0.0000000000000000000 ) ) ;
#2883 = DIRECTION ( 'NONE',  ( -1.000000000000000000, -0.0000000000000000000, 0.0000000000000000000 ) ) ;
#2884 = CIRCLE ( 'NONE', #5018, 0.2899999999999940403 ) ;
#2885 = CARTESIAN_POINT ( 'NONE',  ( -1.499997242485289428, -1.400742627321157396, 0.7000224581550681391 ) ) ;
#2886 = ORIENTED_EDGE ( 'NONE', *, *, #3748, .T. ) ;
#2887 = DIRECTION ( 'NONE',  ( -1.000000000000000000, -0.0000000000000000000, -0.0000000000000000000 ) ) ;
#2888 = VERTEX_POINT ( 'NONE', #577 ) ;
#2889 = EDGE_CURVE ( 'NONE', #1486, #5418, #3042, .T. ) ;
#2890 = CARTESIAN_POINT ( 'NONE',  ( 1.500000000000001110, -1.500001167703639116, 0.5000000000000042188 ) ) ;
#2891 = FACE_OUTER_BOUND ( 'NONE', #3755, .T. ) ;
#2892 = VECTOR ( 'NONE', #3190, 1000.000000000000000 ) ;
#2893 = CYLINDRICAL_SURFACE ( 'NONE', #2767, 0.2899999999999938183 ) ;
#2894 = CARTESIAN_POINT ( 'NONE',  ( -1.110000000000000098, -1.500001167703639782, 0.5000000000000042188 ) ) ;
#2895 = DIRECTION ( 'NONE',  ( -0.0000000000000000000, 0.0000000000000000000, 1.000000000000000000 ) ) ;
#2896 = CIRCLE ( 'NONE', #3111, 0.09000000000000023259 ) ;
#2897 = EDGE_CURVE ( 'NONE', #1899, #1776, #5106, .T. ) ;
#2898 = AXIS2_PLACEMENT_3D ( 'NONE', #1811, #2366, #4398 ) ;
#2899 = EDGE_LOOP ( 'NONE', ( #402, #102, #1235, #6384 ) ) ;
#2900 = ORIENTED_EDGE ( 'NONE', *, *, #4142, .F. ) ;
#2901 = DIRECTION ( 'NONE',  ( 0.1209742911513514430, 0.1209742911513514707, 0.9852565360152938378 ) ) ;
#2902 = EDGE_CURVE ( 'NONE', #6390, #3257, #4217, .T. ) ;
#2903 = CARTESIAN_POINT ( 'NONE',  ( 0.1100000000000000699, 1.500001167703639338, 0.5000000000000042188 ) ) ;
#2904 = CARTESIAN_POINT ( 'NONE',  ( -1.109999999999999876, -2.500000000000007105, 0.0000000000000000000 ) ) ;
#2905 = FACE_OUTER_BOUND ( 'NONE', #2546, .T. ) ;
#2906 = PRESENTATION_LAYER_ASSIGNMENT (  '', '', ( #1784 ) ) ;
#2907 =( GEOMETRIC_REPRESENTATION_CONTEXT ( 3 ) GLOBAL_UNCERTAINTY_ASSIGNED_CONTEXT ( ( #2155 ) ) GLOBAL_UNIT_ASSIGNED_CONTEXT ( ( #3117, #3643, #1686 ) ) REPRESENTATION_CONTEXT ( 'NONE', 'WORKASPACE' ) );
#2908 = SURFACE_STYLE_USAGE ( .BOTH. , #1028 ) ;
#2909 = SURFACE_STYLE_FILL_AREA ( #1448 ) ;
#2910 = ORIENTED_EDGE ( 'NONE', *, *, #2410, .F. ) ;
#2911 = VECTOR ( 'NONE', #1750, 1000.000000000000000 ) ;
#2912 = PLANE ( 'NONE',  #3269 ) ;
#2913 = EDGE_CURVE ( 'NONE', #2448, #4193, #5585, .T. ) ;
#2914 =( NAMED_UNIT ( * ) PLANE_ANGLE_UNIT ( ) SI_UNIT ( $, .RADIAN. ) );
#2915 = VERTEX_POINT ( 'NONE', #1740 ) ;
#2916 = AXIS2_PLACEMENT_3D ( 'NONE', #4731, #3108, #186 ) ;
#2917 = CARTESIAN_POINT ( 'NONE',  ( -0.3899999999999999578, 1.810001167703612523, 0.4100000000000034728 ) ) ;
#2918 = ORIENTED_EDGE ( 'NONE', *, *, #3774, .T. ) ;
#2919 = CARTESIAN_POINT ( 'NONE',  ( -0.6099999999999998757, -2.500001167703630234, 0.2000000000000000389 ) ) ;
#2920 = ORIENTED_EDGE ( 'NONE', *, *, #6477, .F. ) ;
#2921 = ORIENTED_EDGE ( 'NONE', *, *, #1469, .T. ) ;
#2922 = LINE ( 'NONE', #4950, #2503 ) ;
#2923 = CARTESIAN_POINT ( 'NONE',  ( 1.499997242485289650, 1.400742627321157618, 0.7000224581550662517 ) ) ;
#2924 = LINE ( 'NONE', #1730, #4931 ) ;
#2925 = DIRECTION ( 'NONE',  ( -1.084202172485504434E-16, -1.000000000000000000, 0.0000000000000000000 ) ) ;
#2926 = DIRECTION ( 'NONE',  ( -0.1209742911513514430, -0.1209742911513514568, -0.9852565360152938378 ) ) ;
#2927 = UNCERTAINTY_MEASURE_WITH_UNIT (LENGTH_MEASURE( 1.000000000000000082E-05 ), #2562, 'distance_accuracy_value', 'NONE');
#2928 = EDGE_CURVE ( 'NONE', #939, #688, #600, .T. ) ;
#2929 = DIRECTION ( 'NONE',  ( 0.0000000000000000000, 0.0000000000000000000, -1.000000000000000000 ) ) ;
#2930 = LINE ( 'NONE', #4961, #1559 ) ;
#2931 = VECTOR ( 'NONE', #2305, 1000.000000000000000 ) ;
#2932 = VERTEX_POINT ( 'NONE', #4567 ) ;
#2933 = ORIENTED_EDGE ( 'NONE', *, *, #5180, .T. ) ;
#2934 = DIRECTION ( 'NONE',  ( 0.0000000000000000000, -1.000000000000000000, 0.0000000000000000000 ) ) ;
#2935 = VECTOR ( 'NONE', #471, 1000.000000000000000 ) ;
#2936 = DIRECTION ( 'NONE',  ( -1.000000000000000000, 0.0000000000000000000, 0.0000000000000000000 ) ) ;
#2937 = CARTESIAN_POINT ( 'NONE',  ( 1.500000000000000000, -1.400247545284594830, 0.5000000000000099920 ) ) ;
#2938 = UNCERTAINTY_MEASURE_WITH_UNIT (LENGTH_MEASURE( 1.000000000000000082E-05 ), #4432, 'distance_accuracy_value', 'NONE');
#2939 = LINE ( 'NONE', #1229, #1663 ) ;
#2941 = FACE_OUTER_BOUND ( 'NONE', #593, .T. ) ;
#2940 = CIRCLE ( 'NONE', #3346, 0.2999999999999998224 ) ;
#2942 = EDGE_CURVE ( 'NONE', #4385, #2325, #3717, .T. ) ;
#2943 = ORIENTED_EDGE ( 'NONE', *, *, #5715, .F. ) ;
#2944 = CARTESIAN_POINT ( 'NONE',  ( -1.362413649183243036, -1.500000000000000000, 1.000000000000000000 ) ) ;
#2945 = CARTESIAN_POINT ( 'NONE',  ( 0.1100000000000000699, -2.500001167703630234, 0.2000000000000000389 ) ) ;
#2946 = PRESENTATION_LAYER_ASSIGNMENT (  '', '', ( #6038 ) ) ;
#2947 = EDGE_CURVE ( 'NONE', #4489, #6471, #270, .T. ) ;
#2948 = VERTEX_POINT ( 'NONE', #65 ) ;
#2949 = CARTESIAN_POINT ( 'NONE',  ( 1.500000000000001110, 1.810001167703612079, 0.4100000000000034728 ) ) ;
#2950 = CARTESIAN_POINT ( 'NONE',  ( 0.3899999999999999578, 2.190001167703602647, 0.2900000000000002021 ) ) ;
#2951 = EDGE_CURVE ( 'NONE', #512, #5765, #3246, .T. ) ;
#2952 = VERTEX_POINT ( 'NONE', #2768 ) ;
#2953 = ORIENTED_EDGE ( 'NONE', *, *, #5087, .F. ) ;
#2954 = CARTESIAN_POINT ( 'NONE',  ( -1.499997242485289428, -1.400742627321157618, 0.4999775418449310949 ) ) ;
#2955 = FACE_OUTER_BOUND ( 'NONE', #6474, .T. ) ;
#2956 = ORIENTED_EDGE ( 'NONE', *, *, #2075, .T. ) ;
#2957 = ORIENTED_EDGE ( 'NONE', *, *, #2303, .F. ) ;
#2958 = EDGE_CURVE ( 'NONE', #4392, #2246, #4084, .T. ) ;
#2959 = CARTESIAN_POINT ( 'NONE',  ( -1.499999999999999556, -1.500000000000000000, 0.5000000000000106581 ) ) ;
#2960 = AXIS2_PLACEMENT_3D ( 'NONE', #1369, #5391, #4994 ) ;
#2961 = PRESENTATION_STYLE_ASSIGNMENT (( #1043 ) ) ;
#2962 = CARTESIAN_POINT ( 'NONE',  ( -0.3899999999999999578, -1.810001167703612523, 0.6999999999999999556 ) ) ;
#2963 = VERTEX_POINT ( 'NONE', #907 ) ;
#2964 = FILL_AREA_STYLE ('',( #3927 ) ) ;
#2965 = DIRECTION ( 'NONE',  ( -1.000000000000000000, 0.0000000000000000000, 0.0000000000000000000 ) ) ;
#2966 = DIRECTION ( 'NONE',  ( -0.9925461516413223162, 0.0000000000000000000, -0.1218693434051444924 ) ) ;
#2967 = AXIS2_PLACEMENT_3D ( 'NONE', #3105, #691, #1101 ) ;
#2968 = VECTOR ( 'NONE', #4305, 1000.000000000000000 ) ;
#2969 = DIRECTION ( 'NONE',  ( 1.000000000000000000, 1.084202172485504434E-16, -0.0000000000000000000 ) ) ;
#2970 = ORIENTED_EDGE ( 'NONE', *, *, #5372, .T. ) ;
#2971 = ORIENTED_EDGE ( 'NONE', *, *, #469, .F. ) ;
#2972 = LINE ( 'NONE', #4062, #1377 ) ;
#2973 =( GEOMETRIC_REPRESENTATION_CONTEXT ( 3 ) GLOBAL_UNCERTAINTY_ASSIGNED_CONTEXT ( ( #2681 ) ) GLOBAL_UNIT_ASSIGNED_CONTEXT ( ( #2869, #5938, #6014 ) ) REPRESENTATION_CONTEXT ( 'NONE', 'WORKASPACE' ) );
#2974 = MECHANICAL_DESIGN_GEOMETRIC_PRESENTATION_REPRESENTATION (  '', ( #3272 ), #5195 ) ;
#2975 = CARTESIAN_POINT ( 'NONE',  ( 1.500000000000001110, 1.900001167703611937, 0.2900000000000002021 ) ) ;
#2976 = CARTESIAN_POINT ( 'NONE',  ( -1.499997242485289428, -1.400742627321157618, 0.4999775418449310949 ) ) ;
#2977 = EDGE_LOOP ( 'NONE', ( #4401, #3027, #2335, #2027 ) ) ;
#2978 = DIRECTION ( 'NONE',  ( -1.000000000000000000, -2.168404344971008868E-16, -0.0000000000000000000 ) ) ;
#2979 = VECTOR ( 'NONE', #2842, 1000.000000000000000 ) ;
#2980 =( NAMED_UNIT ( * ) PLANE_ANGLE_UNIT ( ) SI_UNIT ( $, .RADIAN. ) );
#2981 = EDGE_LOOP ( 'NONE', ( #2192, #2757, #2254, #4133 ) ) ;
#2982 = PRESENTATION_STYLE_ASSIGNMENT (( #99 ) ) ;
#2983 = EDGE_CURVE ( 'NONE', #2432, #6291, #4391, .T. ) ;
#2984 = ORIENTED_EDGE ( 'NONE', *, *, #1722, .F. ) ;
#2985 = PLANE ( 'NONE',  #5834 ) ;
#2986 = CARTESIAN_POINT ( 'NONE',  ( 0.8899999999999999023, -1.810001167703612301, 0.4100000000000034728 ) ) ;
#2987 = MECHANICAL_DESIGN_GEOMETRIC_PRESENTATION_REPRESENTATION (  '', ( #2249 ), #4674 ) ;
#2988 = EDGE_CURVE ( 'NONE', #1066, #272, #5453, .T. ) ;
#2989 = FACE_OUTER_BOUND ( 'NONE', #2269, .T. ) ;
#2990 = CARTESIAN_POINT ( 'NONE',  ( 1.110000000000000098, -1.500000000000000000, 0.5000000000000042188 ) ) ;
#2991 = ORIENTED_EDGE ( 'NONE', *, *, #5382, .F. ) ;
#2992 = EDGE_CURVE ( 'NONE', #4844, #2932, #1836, .T. ) ;
#2993 = SURFACE_STYLE_USAGE ( .BOTH. , #4050 ) ;
#2994 = SURFACE_STYLE_USAGE ( .BOTH. , #109 ) ;
#2995 = VERTEX_POINT ( 'NONE', #5855 ) ;
#2996 = ORIENTED_EDGE ( 'NONE', *, *, #2043, .T. ) ;
#2997 = VERTEX_POINT ( 'NONE', #2885 ) ;
#2998 = VERTEX_POINT ( 'NONE', #2353 ) ;
#2999 = EDGE_CURVE ( 'NONE', #5468, #3214, #1431, .T. ) ;
#3000 = CARTESIAN_POINT ( 'NONE',  ( -1.499999999999999556, 1.461668264347375734, 1.012186934340514544 ) ) ;
#3001 = AXIS2_PLACEMENT_3D ( 'NONE', #1404, #1502, #6488 ) ;
#3002 = CARTESIAN_POINT ( 'NONE',  ( 0.8899999999999999023, -1.500000000000000000, 0.0000000000000000000 ) ) ;
#3003 = VERTEX_POINT ( 'NONE', #303 ) ;
#3004 = VERTEX_POINT ( 'NONE', #3371 ) ;
#3005 = CARTESIAN_POINT ( 'NONE',  ( -0.1100000000000000699, -1.900001167703612825, 0.4100000000000028066 ) ) ;
#3006 = AXIS2_PLACEMENT_3D ( 'NONE', #2319, #5316, #2284 ) ;
#3007 = LINE ( 'NONE', #502, #1603 ) ;
#3008 = CARTESIAN_POINT ( 'NONE',  ( 1.499999080824205633, -1.400495088862659943, 0.4999925139139119734 ) ) ;
#3009 = LINE ( 'NONE', #6080, #2415 ) ;
#3010 = AXIS2_PLACEMENT_3D ( 'NONE', #6188, #237, #4185 ) ;
#3011 = COLOUR_RGB ( '',0.0000000000000000000, 0.0000000000000000000, 0.0000000000000000000 ) ;
#3012 = DIRECTION ( 'NONE',  ( 0.0000000000000000000, 0.0000000000000000000, -1.000000000000000000 ) ) ;
#3013 = ORIENTED_EDGE ( 'NONE', *, *, #5603, .F. ) ;
#3014 = PRESENTATION_STYLE_ASSIGNMENT (( #3467 ) ) ;
#3015 = AXIS2_PLACEMENT_3D ( 'NONE', #2950, #971, #5014 ) ;
#3016 = EDGE_CURVE ( 'NONE', #4965, #5525, #1334, .T. ) ;
#3017 = CIRCLE ( 'NONE', #3125, 0.1000000000000000056 ) ;
#3018 = EDGE_CURVE ( 'NONE', #5636, #3341, #6380, .T. ) ;
#3019 = PLANE ( 'NONE',  #4982 ) ;
#3020 = LINE ( 'NONE', #5016, #3241 ) ;
#3021 = ORIENTED_EDGE ( 'NONE', *, *, #787, .F. ) ;
#3022 = AXIS2_PLACEMENT_3D ( 'NONE', #4254, #6255, #6114 ) ;
#3023 = CARTESIAN_POINT ( 'NONE',  ( 1.500000000000001110, -1.810001167703612079, 0.7000000000000010658 ) ) ;
#3024 = FACE_OUTER_BOUND ( 'NONE', #1648, .T. ) ;
#3025 = EDGE_LOOP ( 'NONE', ( #2784, #4311, #3362, #821, #6013, #5152, #1461, #1234, #5720, #5822, #1601, #4294 ) ) ;
#3026 = LINE ( 'NONE', #1499, #4750 ) ;
#3027 = ORIENTED_EDGE ( 'NONE', *, *, #534, .F. ) ;
#3028 = VERTEX_POINT ( 'NONE', #5893 ) ;
#3029 = CARTESIAN_POINT ( 'NONE',  ( -0.3900000000000000133, 1.500000000000003553, 0.0000000000000000000 ) ) ;
#3030 = CARTESIAN_POINT ( 'NONE',  ( 1.500000000000001110, 2.190001167703603091, 0.2000000000000002331 ) ) ;
#3031 = EDGE_CURVE ( 'NONE', #809, #2731, #5390, .T. ) ;
#3032 = FACE_OUTER_BOUND ( 'NONE', #3610, .T. ) ;
#3033 = ADVANCED_FACE ( 'NONE', ( #871 ), #4021, .T. ) ;
#3034 = ORIENTED_EDGE ( 'NONE', *, *, #4881, .T. ) ;
#3035 = EDGE_LOOP ( 'NONE', ( #5406, #304, #5347, #6063 ) ) ;
#3036 = DIRECTION ( 'NONE',  ( -0.0000000000000000000, -0.0000000000000000000, 1.000000000000000000 ) ) ;
#3037 = CARTESIAN_POINT ( 'NONE',  ( 0.3899999999999999578, -2.100001167703606786, 0.4100000000000035838 ) ) ;
#3038 = CARTESIAN_POINT ( 'NONE',  ( 1.500000000000001110, -2.190001167703602203, 0.2900000000000002021 ) ) ;
#3039 = LINE ( 'NONE', #4460, #3263 ) ;
#3040 = DIRECTION ( 'NONE',  ( 0.0000000000000000000, -1.000000000000000000, 0.0000000000000000000 ) ) ;
#3041 = LINE ( 'NONE', #64, #4703 ) ;
#3042 = LINE ( 'NONE', #3192, #1051 ) ;
#3043 = ORIENTED_EDGE ( 'NONE', *, *, #4361, .F. ) ;
#3044 = CIRCLE ( 'NONE', #3340, 0.2899999999999938183 ) ;
#3045 = PLANE ( 'NONE',  #4633 ) ;
#3046 = PLANE ( 'NONE',  #71 ) ;
#3047 = VECTOR ( 'NONE', #3432, 1000.000000000000000 ) ;
#3048 = DIRECTION ( 'NONE',  ( -1.000000000000000000, 2.168404344971008868E-16, -0.0000000000000000000 ) ) ;
#3049 = DIRECTION ( 'NONE',  ( 1.084202172485504434E-16, 1.000000000000000000, 0.0000000000000000000 ) ) ;
#3050 = APPLICATION_CONTEXT ( 'automotive_design' ) ;
#3051 = CIRCLE ( 'NONE', #4211, 0.2899999999999952061 ) ;
#3052 = CARTESIAN_POINT ( 'NONE',  ( -0.3899999999999999578, 1.810001167703611635, 0.5000000000000042188 ) ) ;
#3053 = DIRECTION ( 'NONE',  ( 0.0000000000000000000, 1.000000000000000000, 0.0000000000000000000 ) ) ;
#3054 = DIRECTION ( 'NONE',  ( 0.1209742911513509572, -0.1209742911513514707, -0.9852565360152939489 ) ) ;
#3055 =( BOUNDED_CURVE ( )  B_SPLINE_CURVE ( 3, ( #4, #5589, #3540, #3573 ),
 .UNSPECIFIED., .F., .T. ) 
 B_SPLINE_CURVE_WITH_KNOTS ( ( 4, 4 ),
 ( 6.275758965707062487, 6.283185307179583567 ),
 .UNSPECIFIED. ) 
 CURVE ( )  GEOMETRIC_REPRESENTATION_ITEM ( )  RATIONAL_B_SPLINE_CURVE ( ( 1.000000000000000000, 0.9999954041263082738, 0.9999954041263082738, 1.000000000000000000 ) ) 
 REPRESENTATION_ITEM ( '' )  );
#3056 = DIRECTION ( 'NONE',  ( -1.000000000000000000, 0.0000000000000000000, 0.0000000000000000000 ) ) ;
#3057 = VERTEX_POINT ( 'NONE', #945 ) ;
#3058 = DIRECTION ( 'NONE',  ( -1.000000000000000000, 0.0000000000000000000, -0.0000000000000000000 ) ) ;
#3059 = ORIENTED_EDGE ( 'NONE', *, *, #4080, .T. ) ;
#3060 = ORIENTED_EDGE ( 'NONE', *, *, #1050, .F. ) ;
#3061 = CIRCLE ( 'NONE', #1192, 0.08999999999999980238 ) ;
#3062 = PRESENTATION_STYLE_ASSIGNMENT (( #2531 ) ) ;
#3063 = CARTESIAN_POINT ( 'NONE',  ( -1.400742627321157174, -1.499997242485289872, 0.4999775418449312059 ) ) ;
#3064 = UNCERTAINTY_MEASURE_WITH_UNIT (LENGTH_MEASURE( 1.000000000000000082E-05 ), #5506, 'distance_accuracy_value', 'NONE');
#3065 = EDGE_CURVE ( 'NONE', #1634, #2419, #1497, .T. ) ;
#3066 = DIRECTION ( 'NONE',  ( -0.0000000000000000000, -0.0000000000000000000, -1.000000000000000000 ) ) ;
#3067 = DIRECTION ( 'NONE',  ( 0.0000000000000000000, -1.000000000000000000, 0.0000000000000000000 ) ) ;
#3068 = EDGE_CURVE ( 'NONE', #1866, #2005, #1532, .T. ) ;
#3069 = ORIENTED_EDGE ( 'NONE', *, *, #660, .T. ) ;
#3070 = LINE ( 'NONE', #3559, #761 ) ;
#3071 = DIRECTION ( 'NONE',  ( -1.000000000000000000, -2.168404344971008868E-16, -0.0000000000000000000 ) ) ;
#3072 = PRESENTATION_LAYER_ASSIGNMENT (  '', '', ( #4863 ) ) ;
#3073 = SURFACE_STYLE_FILL_AREA ( #539 ) ;
#3074 = DIRECTION ( 'NONE',  ( 0.0000000000000000000, -1.000000000000000000, 0.0000000000000000000 ) ) ;
#3075 = ORIENTED_EDGE ( 'NONE', *, *, #2390, .T. ) ;
#3076 =( LENGTH_UNIT ( ) NAMED_UNIT ( * ) SI_UNIT ( .MILLI., .METRE. ) );
#3077 = CARTESIAN_POINT ( 'NONE',  ( -1.110000000000000098, 1.810001167703611857, 0.5000000000000042188 ) ) ;
#3078 = LINE ( 'NONE', #3603, #2665 ) ;
#3079 = VECTOR ( 'NONE', #211, 1000.000000000000000 ) ;
#3080 = CARTESIAN_POINT ( 'NONE',  ( 1.110000000000000098, -1.500000000000000000, 0.6999999999999999556 ) ) ;
#3081 = CARTESIAN_POINT ( 'NONE',  ( -0.1100000000000000144, 1.900001167703612381, 0.6999999999999999556 ) ) ;
#3082 = DIRECTION ( 'NONE',  ( -1.000000000000000000, -0.0000000000000000000, 0.0000000000000000000 ) ) ;
#3083 = LINE ( 'NONE', #5628, #6508 ) ;
#3084 = DIRECTION ( 'NONE',  ( 0.9925461516413223162, 0.0000000000000000000, -0.1218693434051442148 ) ) ;
#3085 = CARTESIAN_POINT ( 'NONE',  ( 0.6100000000000000977, 1.900001167703612159, 0.6999999999999999556 ) ) ;
#3086 = ORIENTED_EDGE ( 'NONE', *, *, #787, .T. ) ;
#3087 = SURFACE_STYLE_USAGE ( .BOTH. , #3481 ) ;
#3088 = VERTEX_POINT ( 'NONE', #4087 ) ;
#3089 = ORIENTED_EDGE ( 'NONE', *, *, #1672, .T. ) ;
#3090 = DIRECTION ( 'NONE',  ( -1.000000000000000000, 2.168404344971008868E-16, -0.0000000000000000000 ) ) ;
#3091 = PRESENTATION_STYLE_ASSIGNMENT (( #1179 ) ) ;
#3092 = LINE ( 'NONE', #2251, #4513 ) ;
#3093 = EDGE_CURVE ( 'NONE', #4820, #4056, #6129, .T. ) ;
#3094 = ORIENTED_EDGE ( 'NONE', *, *, #3552, .F. ) ;
#3095 = DIRECTION ( 'NONE',  ( 0.0000000000000000000, -1.000000000000000000, 0.0000000000000000000 ) ) ;
#3096 = LINE ( 'NONE', #4683, #5861 ) ;
#3097 = DIRECTION ( 'NONE',  ( -1.000000000000000000, 0.0000000000000000000, 0.0000000000000000000 ) ) ;
#3098 = EDGE_CURVE ( 'NONE', #2207, #5402, #3548, .T. ) ;
#3099 = VERTEX_POINT ( 'NONE', #5563 ) ;
#3100 = AXIS2_PLACEMENT_3D ( 'NONE', #5789, #5256, #4183 ) ;
#3101 = EDGE_LOOP ( 'NONE', ( #5319, #1199, #1274, #545 ) ) ;
#3102 = VERTEX_POINT ( 'NONE', #5630 ) ;
#3103 = DIRECTION ( 'NONE',  ( -1.000000000000000000, -2.168404344971008868E-16, 0.0000000000000000000 ) ) ;
#3104 = DIRECTION ( 'NONE',  ( 0.0000000000000000000, 1.000000000000000000, 0.0000000000000000000 ) ) ;
#3105 = CARTESIAN_POINT ( 'NONE',  ( -0.1100000000000000699, 2.190001167703602647, 0.2900000000000002021 ) ) ;
#3106 = EDGE_CURVE ( 'NONE', #5345, #4144, #2097, .T. ) ;
#3107 = PLANE ( 'NONE',  #6301 ) ;
#3108 = DIRECTION ( 'NONE',  ( -1.000000000000000000, -1.084202172485504434E-16, 0.0000000000000000000 ) ) ;
#3109 = ORIENTED_EDGE ( 'NONE', *, *, #492, .F. ) ;
#3110 = EDGE_CURVE ( 'NONE', #4392, #3982, #2488, .T. ) ;
#3111 = AXIS2_PLACEMENT_3D ( 'NONE', #2917, #2446, #4450 ) ;
#3112 = FACE_OUTER_BOUND ( 'NONE', #161, .T. ) ;
#3113 = AXIS2_PLACEMENT_3D ( 'NONE', #1429, #4523, #10 ) ;
#3114 = LINE ( 'NONE', #584, #1809 ) ;
#3115 = PRESENTATION_STYLE_ASSIGNMENT (( #2993 ) ) ;
#3116 = PRESENTATION_LAYER_ASSIGNMENT (  '', '', ( #5040 ) ) ;
#3117 =( LENGTH_UNIT ( ) NAMED_UNIT ( * ) SI_UNIT ( .MILLI., .METRE. ) );
#3118 = VECTOR ( 'NONE', #6060, 1000.000000000000000 ) ;
#3119 = CARTESIAN_POINT ( 'NONE',  ( 1.362413649183243036, 1.362413649183243480, 1.000000000000000000 ) ) ;
#3120 = ORIENTED_EDGE ( 'NONE', *, *, #2487, .T. ) ;
#3121 = CARTESIAN_POINT ( 'NONE',  ( -0.3900000000000000133, -1.500000000000003553, 0.0000000000000000000 ) ) ;
#3122 = ORIENTED_EDGE ( 'NONE', *, *, #4549, .F. ) ;
#3123 = VECTOR ( 'NONE', #3606, 1000.000000000000000 ) ;
#3124 = VERTEX_POINT ( 'NONE', #13 ) ;
#3125 = AXIS2_PLACEMENT_3D ( 'NONE', #150, #4719, #2130 ) ;
#3126 = LINE ( 'NONE', #5162, #717 ) ;
#3127 = ORIENTED_EDGE ( 'NONE', *, *, #1522, .T. ) ;
#3128 =( BOUNDED_CURVE ( )  B_SPLINE_CURVE ( 3, ( #2818, #5889, #3368, #1397 ),
 .UNSPECIFIED., .F., .T. ) 
 B_SPLINE_CURVE_WITH_KNOTS ( ( 4, 4 ),
 ( 2.363620831664864141, 3.919564475514719426 ),
 .UNSPECIFIED. ) 
 CURVE ( )  GEOMETRIC_REPRESENTATION_ITEM ( )  RATIONAL_B_SPLINE_CURVE ( ( 1.000000000000000000, 0.8082256338399261830, 0.8082256338399261830, 1.000000000000000000 ) ) 
 REPRESENTATION_ITEM ( '' )  );
#3129 = EDGE_CURVE ( 'NONE', #1584, #4986, #1015, .T. ) ;
#3130 = DIRECTION ( 'NONE',  ( -1.000000000000000000, 0.0000000000000000000, -0.0000000000000000000 ) ) ;
#3131 = CARTESIAN_POINT ( 'NONE',  ( -1.362413649183243480, 1.362413649183243480, 0.1999999999999999833 ) ) ;
#3132 =( NAMED_UNIT ( * ) SI_UNIT ( $, .STERADIAN. ) SOLID_ANGLE_UNIT ( ) );
#3133 = CARTESIAN_POINT ( 'NONE',  ( 1.500000000000001110, -1.810001167703612079, 0.4100000000000034728 ) ) ;
#3134 = EDGE_LOOP ( 'NONE', ( #1047, #1457, #866, #749 ) ) ;
#3135 = DIRECTION ( 'NONE',  ( 1.000000000000000000, 0.0000000000000000000, 0.0000000000000000000 ) ) ;
#3136 = CARTESIAN_POINT ( 'NONE',  ( 1.500000000000001110, 1.900001167703611937, 0.2900000000000002021 ) ) ;
#3137 = SURFACE_STYLE_USAGE ( .BOTH. , #221 ) ;
#3138 = ADVANCED_FACE ( 'NONE', ( #5592 ), #1688, .T. ) ;
#3139 = CARTESIAN_POINT ( 'NONE',  ( 1.499999080824205411, 1.400495088862659943, 0.7000074860860854287 ) ) ;
#3140 = CARTESIAN_POINT ( 'NONE',  ( 1.499567327329788702, -1.458632135056575629, 0.7035238361161015863 ) ) ;
#3141 = DIRECTION ( 'NONE',  ( -1.000000000000000000, -2.168404344971008868E-16, -0.0000000000000000000 ) ) ;
#3142 = EDGE_CURVE ( 'NONE', #2005, #4581, #2924, .T. ) ;
#3143 = VECTOR ( 'NONE', #2539, 1000.000000000000114 ) ;
#3144 = EDGE_LOOP ( 'NONE', ( #5384, #4580, #3220, #3967 ) ) ;
#3145 = EDGE_CURVE ( 'NONE', #4645, #506, #2204, .T. ) ;
#3146 = PRESENTATION_STYLE_ASSIGNMENT (( #1654 ) ) ;
#3147 = CIRCLE ( 'NONE', #5277, 0.2899999999999938183 ) ;
#3148 = SPHERICAL_SURFACE ( 'NONE', #3166, 0.4999999999999994449 ) ;
#3149 = ORIENTED_EDGE ( 'NONE', *, *, #5323, .T. ) ;
#3150 = EDGE_LOOP ( 'NONE', ( #453, #6366, #3991, #4132 ) ) ;
#3151 = ADVANCED_FACE ( 'NONE', ( #5717 ), #5748, .T. ) ;
#3152 = ORIENTED_EDGE ( 'NONE', *, *, #1920, .T. ) ;
#3153 = DIRECTION ( 'NONE',  ( 1.000000000000000000, -1.084202172485504434E-16, -0.0000000000000000000 ) ) ;
#3154 =( GEOMETRIC_REPRESENTATION_CONTEXT ( 3 ) GLOBAL_UNCERTAINTY_ASSIGNED_CONTEXT ( ( #22 ) ) GLOBAL_UNIT_ASSIGNED_CONTEXT ( ( #4930, #5970, #4368 ) ) REPRESENTATION_CONTEXT ( 'NONE', 'WORKASPACE' ) );
#3155 = CARTESIAN_POINT ( 'NONE',  ( 1.400742627321157174, -1.499997242485289650, 0.7000224581550698044 ) ) ;
#3156 = ORIENTED_EDGE ( 'NONE', *, *, #4011, .F. ) ;
#3157 = CYLINDRICAL_SURFACE ( 'NONE', #2557, 0.2899999999999938183 ) ;
#3158 = DIRECTION ( 'NONE',  ( 0.0000000000000000000, -1.000000000000000000, 0.0000000000000000000 ) ) ;
#3159 = DIRECTION ( 'NONE',  ( 0.0000000000000000000, -1.000000000000000000, 0.0000000000000000000 ) ) ;
#3160 = DIRECTION ( 'NONE',  ( 0.0000000000000000000, 1.000000000000000000, 0.0000000000000000000 ) ) ;
#3161 =( GEOMETRIC_REPRESENTATION_CONTEXT ( 3 ) GLOBAL_UNCERTAINTY_ASSIGNED_CONTEXT ( ( #3317 ) ) GLOBAL_UNIT_ASSIGNED_CONTEXT ( ( #5633, #648, #2590 ) ) REPRESENTATION_CONTEXT ( 'NONE', 'WORKASPACE' ) );
#3162 = LINE ( 'NONE', #2689, #326 ) ;
#3163 = ORIENTED_EDGE ( 'NONE', *, *, #4762, .T. ) ;
#3164 = ORIENTED_EDGE ( 'NONE', *, *, #3110, .F. ) ;
#3165 = LINE ( 'NONE', #4631, #5947 ) ;
#3166 = AXIS2_PLACEMENT_3D ( 'NONE', #2790, #5785, #1299 ) ;
#3167 = CARTESIAN_POINT ( 'NONE',  ( -1.353802899815473415, -1.353802899815473859, 1.070128925855578395 ) ) ;
#3168 = LINE ( 'NONE', #5210, #5524 ) ;
#3169 = CIRCLE ( 'NONE', #4988, 0.2899999999999951505 ) ;
#3170 = AXIS2_PLACEMENT_3D ( 'NONE', #2161, #2194, #1710 ) ;
#3171 = DIRECTION ( 'NONE',  ( -1.084202172485504434E-16, -1.000000000000000000, 0.0000000000000000000 ) ) ;
#3172 = EDGE_LOOP ( 'NONE', ( #3275, #5429, #5259, #4366 ) ) ;
#3173 = DIRECTION ( 'NONE',  ( -0.0000000000000000000, -0.0000000000000000000, -1.000000000000000000 ) ) ;
#3174 = EDGE_CURVE ( 'NONE', #1905, #2769, #6278, .T. ) ;
#3175 = LINE ( 'NONE', #4203, #248 ) ;
#3176 =( GEOMETRIC_REPRESENTATION_CONTEXT ( 3 ) GLOBAL_UNCERTAINTY_ASSIGNED_CONTEXT ( ( #3064 ) ) GLOBAL_UNIT_ASSIGNED_CONTEXT ( ( #5506, #3354, #3901 ) ) REPRESENTATION_CONTEXT ( 'NONE', 'WORKASPACE' ) );
#3177 = STYLED_ITEM ( 'NONE', ( #2068 ), #5826 ) ;
#3178 = ORIENTED_EDGE ( 'NONE', *, *, #1827, .T. ) ;
#3179 = CARTESIAN_POINT ( 'NONE',  ( -0.6100000000000000977, 1.500000000000003553, 0.1999999999999999833 ) ) ;
#3180 = FACE_OUTER_BOUND ( 'NONE', #1129, .T. ) ;
#3181 = ADVANCED_FACE ( 'NONE', ( #674 ), #1759, .F. ) ;
#3182 = DIRECTION ( 'NONE',  ( 0.0000000000000000000, 0.0000000000000000000, -1.000000000000000000 ) ) ;
#3183 = ORIENTED_EDGE ( 'NONE', *, *, #995, .T. ) ;
#3184 = CIRCLE ( 'NONE', #1301, 0.1000000000000000472 ) ;
#3185 = VERTEX_POINT ( 'NONE', #646 ) ;
#3186 = SURFACE_STYLE_FILL_AREA ( #328 ) ;
#3187 = LINE ( 'NONE', #705, #4630 ) ;
#3188 = ORIENTED_EDGE ( 'NONE', *, *, #2313, .F. ) ;
#3189 = ORIENTED_EDGE ( 'NONE', *, *, #604, .F. ) ;
#3190 = DIRECTION ( 'NONE',  ( -1.084202172485504434E-16, 1.000000000000000000, -0.0000000000000000000 ) ) ;
#3191 = LINE ( 'NONE', #5225, #5130 ) ;
#3192 = CARTESIAN_POINT ( 'NONE',  ( 1.500000000000001110, 2.190001167703602203, 5.041540102057595618E-15 ) ) ;
#3193 = ORIENTED_EDGE ( 'NONE', *, *, #3718, .T. ) ;
#3194 = EDGE_CURVE ( 'NONE', #2680, #4210, #2616, .T. ) ;
#3195 = ORIENTED_EDGE ( 'NONE', *, *, #3256, .T. ) ;
#3196 = DIRECTION ( 'NONE',  ( 0.0000000000000000000, -1.000000000000000000, 0.0000000000000000000 ) ) ;
#3197 = CARTESIAN_POINT ( 'NONE',  ( -0.5900000000000000799, -0.8900000000000000133, 1.099900000000000100 ) ) ;
#3198 = CARTESIAN_POINT ( 'NONE',  ( 1.500000000000001110, 2.190001167703603091, 0.2000000000000002331 ) ) ;
#3199 = VECTOR ( 'NONE', #2371, 1000.000000000000000 ) ;
#3200 = DIRECTION ( 'NONE',  ( -1.000000000000000000, 0.0000000000000000000, -0.0000000000000000000 ) ) ;
#3201 = ORIENTED_EDGE ( 'NONE', *, *, #645, .F. ) ;
#3202 = LINE ( 'NONE', #5238, #2029 ) ;
#3203 =( GEOMETRIC_REPRESENTATION_CONTEXT ( 3 ) GLOBAL_UNCERTAINTY_ASSIGNED_CONTEXT ( ( #4197 ) ) GLOBAL_UNIT_ASSIGNED_CONTEXT ( ( #4924, #464, #5029 ) ) REPRESENTATION_CONTEXT ( 'NONE', 'WORKASPACE' ) );
#3204 = PRESENTATION_STYLE_ASSIGNMENT (( #343 ) ) ;
#3205 = ORIENTED_EDGE ( 'NONE', *, *, #2840, .F. ) ;
#3206 = DIRECTION ( 'NONE',  ( -1.000000000000000000, 0.0000000000000000000, -0.0000000000000000000 ) ) ;
#3207 = ORIENTED_EDGE ( 'NONE', *, *, #4119, .T. ) ;
#3208 = DIRECTION ( 'NONE',  ( -1.000000000000000000, 1.219727444046192488E-16, -0.0000000000000000000 ) ) ;
#3209 = AXIS2_PLACEMENT_3D ( 'NONE', #3812, #906, #1367 ) ;
#3210 = AXIS2_PLACEMENT_3D ( 'NONE', #4925, #5326, #4852 ) ;
#3211 = CARTESIAN_POINT ( 'NONE',  ( 0.6100000000000000977, -1.500001167703639338, 0.5000000000000042188 ) ) ;
#3212 = ORIENTED_EDGE ( 'NONE', *, *, #670, .F. ) ;
#3213 = CARTESIAN_POINT ( 'NONE',  ( 0.3900000000000001799, 2.500001167703630234, 0.2000000000000000389 ) ) ;
#3214 = VERTEX_POINT ( 'NONE', #134 ) ;
#3215 = VERTEX_POINT ( 'NONE', #3211 ) ;
#3216 = EDGE_CURVE ( 'NONE', #3329, #5666, #5121, .T. ) ;
#3217 = EDGE_CURVE ( 'NONE', #5315, #1561, #4644, .T. ) ;
#3218 = ADVANCED_FACE ( 'NONE', ( #193 ), #5156, .F. ) ;
#3219 = CARTESIAN_POINT ( 'NONE',  ( 1.110000000000000098, -2.500000000000000000, 0.6999999999999999556 ) ) ;
#3220 = ORIENTED_EDGE ( 'NONE', *, *, #172, .T. ) ;
#3221 = CIRCLE ( 'NONE', #1352, 0.09000000000000023259 ) ;
#3222 = AXIS2_PLACEMENT_3D ( 'NONE', #309, #881, #5964 ) ;
#3223 = ORIENTED_EDGE ( 'NONE', *, *, #2403, .F. ) ;
#3224 = EDGE_LOOP ( 'NONE', ( #4292, #1599, #647, #3637 ) ) ;
#3225 = DIRECTION ( 'NONE',  ( 1.084202172485504434E-16, 1.000000000000000000, 0.0000000000000000000 ) ) ;
#3226 = SURFACE_STYLE_USAGE ( .BOTH. , #1313 ) ;
#3227 = FILL_AREA_STYLE_COLOUR ( '', #3839 ) ;
#3228 = DIRECTION ( 'NONE',  ( -2.168404344971008868E-16, -1.000000000000000000, 0.0000000000000000000 ) ) ;
#3229 = DIRECTION ( 'NONE',  ( 0.0000000000000000000, -1.000000000000000000, 0.0000000000000000000 ) ) ;
#3230 = EDGE_CURVE ( 'NONE', #2812, #2234, #628, .T. ) ;
#3231 = CYLINDRICAL_SURFACE ( 'NONE', #2592, 0.1000000000000000194 ) ;
#3232 = CARTESIAN_POINT ( 'NONE',  ( 1.500000000000001110, 2.100001167703606342, 0.4100000000000035838 ) ) ;
#3233 = DIRECTION ( 'NONE',  ( -1.084202172485504434E-16, 1.000000000000000000, -0.0000000000000000000 ) ) ;
#3234 = CARTESIAN_POINT ( 'NONE',  ( 1.362413649183243480, -1.450886175638838038, 0.1000000000000000056 ) ) ;
#3235 = CARTESIAN_POINT ( 'NONE',  ( -0.1100000000000000699, -1.810001167703612523, 0.4100000000000034728 ) ) ;
#3236 = ORIENTED_EDGE ( 'NONE', *, *, #1136, .F. ) ;
#3237 = CARTESIAN_POINT ( 'NONE',  ( -0.6100000000000000977, 2.100001167703602789, 0.2900000000000007572 ) ) ;
#3238 = SURFACE_STYLE_USAGE ( .BOTH. , #4408 ) ;
#3239 = EDGE_CURVE ( 'NONE', #6450, #2667, #738, .T. ) ;
#3240 = ORIENTED_EDGE ( 'NONE', *, *, #6442, .T. ) ;
#3241 = VECTOR ( 'NONE', #2113, 1000.000000000000000 ) ;
#3242 = ORIENTED_EDGE ( 'NONE', *, *, #5961, .T. ) ;
#3243 = ORIENTED_EDGE ( 'NONE', *, *, #2761, .T. ) ;
#3244 = DIRECTION ( 'NONE',  ( 1.000000000000000000, 0.0000000000000000000, 0.0000000000000000000 ) ) ;
#3245 = MECHANICAL_DESIGN_GEOMETRIC_PRESENTATION_REPRESENTATION (  '', ( #1697 ), #2120 ) ;
#3246 = LINE ( 'NONE', #5288, #4511 ) ;
#3247 = EDGE_LOOP ( 'NONE', ( #3305, #5073, #4617 ) ) ;
#3248 = ORIENTED_EDGE ( 'NONE', *, *, #4422, .T. ) ;
#3249 = CIRCLE ( 'NONE', #661, 0.09000000000000023259 ) ;
#3250 = EDGE_CURVE ( 'NONE', #4980, #899, #639, .T. ) ;
#3251 = DIRECTION ( 'NONE',  ( -1.084202172485504434E-16, 1.000000000000000000, -0.0000000000000000000 ) ) ;
#3252 =( LENGTH_UNIT ( ) NAMED_UNIT ( * ) SI_UNIT ( .MILLI., .METRE. ) );
#3253 = FILL_AREA_STYLE_COLOUR ( '', #6068 ) ;
#3254 = FACE_OUTER_BOUND ( 'NONE', #1427, .T. ) ;
#3255 = AXIS2_PLACEMENT_3D ( 'NONE', #6167, #3620, #1635 ) ;
#3256 = EDGE_CURVE ( 'NONE', #5229, #228, #5150, .T. ) ;
#3257 = VERTEX_POINT ( 'NONE', #2168 ) ;
#3258 = LINE ( 'NONE', #3785, #2817 ) ;
#3259 = EDGE_CURVE ( 'NONE', #5575, #3997, #5151, .T. ) ;
#3260 = DIRECTION ( 'NONE',  ( 1.000000000000000000, -0.0000000000000000000, -0.0000000000000000000 ) ) ;
#3261 = CARTESIAN_POINT ( 'NONE',  ( -1.500000000000000000, 1.500000000000000000, 0.5000000000000106581 ) ) ;
#3262 = UNCERTAINTY_MEASURE_WITH_UNIT (LENGTH_MEASURE( 1.000000000000000082E-05 ), #4745, 'distance_accuracy_value', 'NONE');
#3263 = VECTOR ( 'NONE', #4919, 1000.000000000000114 ) ;
#3264 = DIRECTION ( 'NONE',  ( 0.0000000000000000000, 0.0000000000000000000, 1.000000000000000000 ) ) ;
#3265 = CARTESIAN_POINT ( 'NONE',  ( 1.500000000000001110, 2.190001167703602203, 2.493664996716660198E-15 ) ) ;
#3266 = PRESENTATION_STYLE_ASSIGNMENT (( #4828 ) ) ;
#3267 = DIRECTION ( 'NONE',  ( -1.084202172485504434E-16, -1.000000000000000000, 0.0000000000000000000 ) ) ;
#3268 = VERTEX_POINT ( 'NONE', #5115 ) ;
#3269 = AXIS2_PLACEMENT_3D ( 'NONE', #2872, #855, #380 ) ;
#3270 = PRESENTATION_STYLE_ASSIGNMENT (( #263 ) ) ;
#3271 = FACE_OUTER_BOUND ( 'NONE', #4550, .T. ) ;
#3272 = STYLED_ITEM ( 'NONE', ( #6261 ), #5876 ) ;
#3273 = DIRECTION ( 'NONE',  ( -0.9925461516413224272, -1.434827591868864660E-16, 0.1218693434051443120 ) ) ;
#3274 = ORIENTED_EDGE ( 'NONE', *, *, #2603, .F. ) ;
#3275 = ORIENTED_EDGE ( 'NONE', *, *, #6168, .F. ) ;
#3276 = CARTESIAN_POINT ( 'NONE',  ( -1.362413649183242814, -1.461668264347375734, 0.1878130656594855508 ) ) ;
#3277 = LINE ( 'NONE', #4779, #4495 ) ;
#3278 = VECTOR ( 'NONE', #1539, 1000.000000000000000 ) ;
#3279 = LINE ( 'NONE', #5420, #6102 ) ;
#3280 = ORIENTED_EDGE ( 'NONE', *, *, #913, .T. ) ;
#3281 = EDGE_LOOP ( 'NONE', ( #1832, #4089, #2762, #1435 ) ) ;
#3282 = CARTESIAN_POINT ( 'NONE',  ( -0.1100000000000000699, -1.500000000000000000, 0.6999999999999886313 ) ) ;
#3283 = PRESENTATION_STYLE_ASSIGNMENT (( #3226 ) ) ;
#3284 = CARTESIAN_POINT ( 'NONE',  ( -1.500000000000000000, 1.500000000000000000, 1.100000000000000089 ) ) ;
#3285 = CARTESIAN_POINT ( 'NONE',  ( 0.8899999999999999023, -2.190001167703602203, 5.041540102057595618E-15 ) ) ;
#3286 =( NAMED_UNIT ( * ) SI_UNIT ( $, .STERADIAN. ) SOLID_ANGLE_UNIT ( ) );
#3287 = EDGE_CURVE ( 'NONE', #2187, #5632, #810, .T. ) ;
#3288 = CARTESIAN_POINT ( 'NONE',  ( 0.3900000000000000688, 2.500000000000000000, 0.6999999999999999556 ) ) ;
#3289 = FACE_OUTER_BOUND ( 'NONE', #4899, .T. ) ;
#3290 = EDGE_CURVE ( 'NONE', #140, #4844, #5621, .T. ) ;
#3291 = SURFACE_SIDE_STYLE ('',( #1320 ) ) ;
#3292 = ADVANCED_FACE ( 'NONE', ( #2077 ), #4166, .T. ) ;
#3293 = EDGE_CURVE ( 'NONE', #5787, #6471, #3669, .T. ) ;
#3294 = ORIENTED_EDGE ( 'NONE', *, *, #3217, .T. ) ;
#3295 = DIRECTION ( 'NONE',  ( -1.000000000000000000, 2.168404344971008868E-16, -0.0000000000000000000 ) ) ;
#3296 = EDGE_CURVE ( 'NONE', #815, #3215, #6121, .T. ) ;
#3297 = ORIENTED_EDGE ( 'NONE', *, *, #3585, .T. ) ;
#3298 = DIRECTION ( 'NONE',  ( -1.000000000000000000, 0.0000000000000000000, 0.0000000000000000000 ) ) ;
#3299 =( NAMED_UNIT ( * ) PLANE_ANGLE_UNIT ( ) SI_UNIT ( $, .RADIAN. ) );
#3300 = EDGE_CURVE ( 'NONE', #479, #4047, #5710, .T. ) ;
#3301 = CARTESIAN_POINT ( 'NONE',  ( -1.500000000000000000, 1.500000000000000000, 0.5000000000000106581 ) ) ;
#3302 = CIRCLE ( 'NONE', #2397, 0.08999999999999980238 ) ;
#3303 = CARTESIAN_POINT ( 'NONE',  ( -1.450886175638837594, -1.500000000000000000, 1.100000000000000089 ) ) ;
#3304 = ORIENTED_EDGE ( 'NONE', *, *, #5260, .T. ) ;
#3305 = ORIENTED_EDGE ( 'NONE', *, *, #2684, .T. ) ;
#3306 = CARTESIAN_POINT ( 'NONE',  ( -0.8899999999999996803, 1.500000000000000000, 0.6999999999999886313 ) ) ;
#3307 = VECTOR ( 'NONE', #4712, 1000.000000000000000 ) ;
#3308 = DIRECTION ( 'NONE',  ( 1.000000000000000000, -1.084202172485504434E-16, 0.0000000000000000000 ) ) ;
#3309 = CARTESIAN_POINT ( 'NONE',  ( 1.500000000000001110, -1.810001167703611191, 0.5000000000000042188 ) ) ;
#3310 = ORIENTED_EDGE ( 'NONE', *, *, #3552, .T. ) ;
#3311 = LINE ( 'NONE', #5357, #3907 ) ;
#3312 = AXIS2_PLACEMENT_3D ( 'NONE', #2986, #2418, #3911 ) ;
#3313 = ORIENTED_EDGE ( 'NONE', *, *, #5101, .F. ) ;
#3314 = CIRCLE ( 'NONE', #1347, 0.09000000000000023259 ) ;
#3315 = DIRECTION ( 'NONE',  ( 1.084202172485504434E-16, -1.000000000000000000, 0.0000000000000000000 ) ) ;
#3316 = CARTESIAN_POINT ( 'NONE',  ( 0.1100000000000002920, 1.500000000000000000, 0.6999999999999886313 ) ) ;
#3317 = UNCERTAINTY_MEASURE_WITH_UNIT (LENGTH_MEASURE( 1.000000000000000082E-05 ), #5633, 'distance_accuracy_value', 'NONE');
#3318 = DIRECTION ( 'NONE',  ( 0.0000000000000000000, -1.000000000000000000, 0.0000000000000000000 ) ) ;
#3319 = CARTESIAN_POINT ( 'NONE',  ( -1.362413649183242814, -1.362413649183243480, 0.2000000000000000111 ) ) ;
#3320 = LINE ( 'NONE', #5403, #4527 ) ;
#3321 = FILL_AREA_STYLE ('',( #1910 ) ) ;
#3322 = VECTOR ( 'NONE', #3514, 1000.000000000000000 ) ;
#3323 = ORIENTED_EDGE ( 'NONE', *, *, #2487, .F. ) ;
#3324 = DIRECTION ( 'NONE',  ( -1.000000000000000000, 2.168404344971008868E-16, -0.0000000000000000000 ) ) ;
#3325 = VERTEX_POINT ( 'NONE', #2111 ) ;
#3326 = LINE ( 'NONE', #4829, #587 ) ;
#3327 = CARTESIAN_POINT ( 'NONE',  ( -0.3899999999999999578, 2.190001167703602647, 0.2900000000000002021 ) ) ;
#3328 = ADVANCED_FACE ( 'NONE', ( #1647 ), #1137, .T. ) ;
#3329 = VERTEX_POINT ( 'NONE', #2198 ) ;
#3330 = LINE ( 'NONE', #3766, #3365 ) ;
#3331 = EDGE_CURVE ( 'NONE', #1878, #2963, #1623, .T. ) ;
#3332 = LINE ( 'NONE', #864, #2348 ) ;
#3333 = DIRECTION ( 'NONE',  ( 1.000000000000000000, 0.0000000000000000000, 0.0000000000000000000 ) ) ;
#3334 = ORIENTED_EDGE ( 'NONE', *, *, #1854, .F. ) ;
#3335 = ORIENTED_EDGE ( 'NONE', *, *, #5919, .T. ) ;
#3336 = CARTESIAN_POINT ( 'NONE',  ( 0.6100000000000000977, 1.500000000000000000, 0.0000000000000000000 ) ) ;
#3337 = CARTESIAN_POINT ( 'NONE',  ( -1.362413649183243036, -1.362413649183243480, 0.2000000000000000111 ) ) ;
#3338 = CARTESIAN_POINT ( 'NONE',  ( -1.109999999999999876, -2.500000000000007105, 0.6999999999999999556 ) ) ;
#3339 = DIRECTION ( 'NONE',  ( 0.0000000000000000000, -1.000000000000000000, 0.0000000000000000000 ) ) ;
#3340 = AXIS2_PLACEMENT_3D ( 'NONE', #1491, #2385, #4985 ) ;
#3341 = VERTEX_POINT ( 'NONE', #5807 ) ;
#3342 = SURFACE_STYLE_FILL_AREA ( #5896 ) ;
#3343 = ORIENTED_EDGE ( 'NONE', *, *, #3517, .T. ) ;
#3344 = CARTESIAN_POINT ( 'NONE',  ( 1.500000000000001110, 2.190001167703603091, 0.2000000000000000389 ) ) ;
#3345 = SURFACE_STYLE_FILL_AREA ( #1245 ) ;
#3346 = AXIS2_PLACEMENT_3D ( 'NONE', #2338, #4342, #3834 ) ;
#3347 = LINE ( 'NONE', #879, #1114 ) ;
#3348 = DIRECTION ( 'NONE',  ( 1.084202172485504434E-16, -1.000000000000000000, 0.0000000000000000000 ) ) ;
#3349 = CARTESIAN_POINT ( 'NONE',  ( 1.499997242485289872, -1.400742627321157396, 0.4999775418449315390 ) ) ;
#3350 = VECTOR ( 'NONE', #1443, 1000.000000000000000 ) ;
#3351 = CYLINDRICAL_SURFACE ( 'NONE', #252, 0.1000000000000000472 ) ;
#3352 = DIRECTION ( 'NONE',  ( -1.000000000000000000, 0.0000000000000000000, 0.0000000000000000000 ) ) ;
#3353 = CARTESIAN_POINT ( 'NONE',  ( 1.500000000000001110, -1.500001167703639116, 0.5000000000000042188 ) ) ;
#3354 =( NAMED_UNIT ( * ) PLANE_ANGLE_UNIT ( ) SI_UNIT ( $, .RADIAN. ) );
#3355 = VECTOR ( 'NONE', #6074, 1000.000000000000000 ) ;
#3356 = CARTESIAN_POINT ( 'NONE',  ( -1.399999999999999911, 1.399999999999999911, 1.100000000000000089 ) ) ;
#3357 = CARTESIAN_POINT ( 'NONE',  ( -0.1099999999999999867, 2.190001167703602647, 0.0000000000000000000 ) ) ;
#3358 =( NAMED_UNIT ( * ) SI_UNIT ( $, .STERADIAN. ) SOLID_ANGLE_UNIT ( ) );
#3359 = ORIENTED_EDGE ( 'NONE', *, *, #4186, .T. ) ;
#3360 = STYLED_ITEM ( 'NONE', ( #2823 ), #4917 ) ;
#3361 = EDGE_CURVE ( 'NONE', #299, #3420, #4338, .T. ) ;
#3362 = ORIENTED_EDGE ( 'NONE', *, *, #4407, .F. ) ;
#3363 = DIRECTION ( 'NONE',  ( 0.0000000000000000000, -1.000000000000000000, 0.0000000000000000000 ) ) ;
#3364 = DIRECTION ( 'NONE',  ( -0.0000000000000000000, -0.0000000000000000000, 1.000000000000000000 ) ) ;
#3365 = VECTOR ( 'NONE', #859, 1000.000000000000000 ) ;
#3366 = ORIENTED_EDGE ( 'NONE', *, *, #5744, .F. ) ;
#3367 = COLOUR_RGB ( '',0.2509803921568627416, 0.2509803921568627416, 0.2509803921568627416 ) ;
#3368 = CARTESIAN_POINT ( 'NONE',  ( -1.499567327329789368, 1.458632135056575407, 0.4964761638839002567 ) ) ;
#3369 = SURFACE_STYLE_FILL_AREA ( #4051 ) ;
#3370 = LINE ( 'NONE', #302, #3960 ) ;
#3371 = CARTESIAN_POINT ( 'NONE',  ( 1.362413649183243036, 1.362413649183243480, 0.1000000000000000056 ) ) ;
#3372 = VECTOR ( 'NONE', #3389, 1000.000000000000000 ) ;
#3373 = VERTEX_POINT ( 'NONE', #2780 ) ;
#3374 = DIRECTION ( 'NONE',  ( 0.0000000000000000000, 1.000000000000000000, 0.0000000000000000000 ) ) ;
#3375 = EDGE_LOOP ( 'NONE', ( #5755, #1964, #1498, #337 ) ) ;
#3376 = DIRECTION ( 'NONE',  ( 1.000000000000000000, 0.0000000000000000000, 0.0000000000000000000 ) ) ;
#3377 = CARTESIAN_POINT ( 'NONE',  ( -1.499999080824205189, -1.400495088862659943, 0.7000074860860873160 ) ) ;
#3378 = EDGE_CURVE ( 'NONE', #4467, #6279, #4724, .T. ) ;
#3379 = PLANE ( 'NONE',  #2898 ) ;
#3380 = SURFACE_STYLE_USAGE ( .BOTH. , #1813 ) ;
#3381 = ADVANCED_FACE ( 'NONE', ( #826 ), #2376, .F. ) ;
#3382 = ORIENTED_EDGE ( 'NONE', *, *, #3093, .T. ) ;
#3383 = LINE ( 'NONE', #3288, #848 ) ;
#3384 = FACE_OUTER_BOUND ( 'NONE', #2646, .T. ) ;
#3385 = CARTESIAN_POINT ( 'NONE',  ( 0.8900000000000000133, 2.190001167703602203, 0.2900000000000002021 ) ) ;
#3386 = ORIENTED_EDGE ( 'NONE', *, *, #2813, .F. ) ;
#3387 = DIRECTION ( 'NONE',  ( -0.0000000000000000000, -0.0000000000000000000, 1.000000000000000000 ) ) ;
#3388 = FACE_OUTER_BOUND ( 'NONE', #77, .T. ) ;
#3389 = DIRECTION ( 'NONE',  ( -1.000000000000000000, 2.168404344971008868E-16, -0.0000000000000000000 ) ) ;
#3390 = DIRECTION ( 'NONE',  ( 0.1209742911513517344, -0.1209742911513511932, -0.9852565360152939489 ) ) ;
#3391 = ORIENTED_EDGE ( 'NONE', *, *, #2684, .F. ) ;
#3392 = CARTESIAN_POINT ( 'NONE',  ( -0.3899999999999999578, -1.500000000000000000, 0.6999999999999886313 ) ) ;
#3393 = VECTOR ( 'NONE', #4563, 1000.000000000000000 ) ;
#3394 = CARTESIAN_POINT ( 'NONE',  ( -1.400742627321157174, -1.499997242485289872, 0.4999775418449312059 ) ) ;
#3395 = ORIENTED_EDGE ( 'NONE', *, *, #3018, .T. ) ;
#3396 =( LENGTH_UNIT ( ) NAMED_UNIT ( * ) SI_UNIT ( .MILLI., .METRE. ) );
#3397 = EDGE_CURVE ( 'NONE', #3987, #5967, #6269, .T. ) ;
#3398 = DIRECTION ( 'NONE',  ( -1.000000000000000000, -2.168404344971008868E-16, 0.0000000000000000000 ) ) ;
#3399 = MECHANICAL_DESIGN_GEOMETRIC_PRESENTATION_REPRESENTATION (  '', ( #1975 ), #3203 ) ;
#3400 = ORIENTED_EDGE ( 'NONE', *, *, #4875, .T. ) ;
#3401 = DIRECTION ( 'NONE',  ( -1.000000000000000000, 0.0000000000000000000, 0.0000000000000000000 ) ) ;
#3402 = LINE ( 'NONE', #1968, #5994 ) ;
#3403 = CIRCLE ( 'NONE', #812, 0.08999999999999999667 ) ;
#3404 = VERTEX_POINT ( 'NONE', #3731 ) ;
#3405 = CARTESIAN_POINT ( 'NONE',  ( 0.8899999999999999023, 1.810001167703612301, 0.4100000000000034728 ) ) ;
#3406 = VERTEX_POINT ( 'NONE', #1820 ) ;
#3407 = ORIENTED_EDGE ( 'NONE', *, *, #4643, .T. ) ;
#3408 = AXIS2_PLACEMENT_3D ( 'NONE', #4589, #3556, #5602 ) ;
#3409 = SPHERICAL_SURFACE ( 'NONE', #3951, 0.1000000000000000056 ) ;
#3410 = VECTOR ( 'NONE', #5386, 1000.000000000000000 ) ;
#3411 = EDGE_CURVE ( 'NONE', #4117, #2888, #5772, .T. ) ;
#3412 = EDGE_CURVE ( 'NONE', #4510, #4330, #5274, .T. ) ;
#3413 = CARTESIAN_POINT ( 'NONE',  ( -0.8899999999999997913, -0.8900000000000000133, 1.499899999999999345 ) ) ;
#3414 = CARTESIAN_POINT ( 'NONE',  ( 1.500000000000001110, 1.810001167703612079, 0.4100000000000034728 ) ) ;
#3415 = DIRECTION ( 'NONE',  ( 1.000000000000000000, 0.0000000000000000000, 0.0000000000000000000 ) ) ;
#3416 = MECHANICAL_DESIGN_GEOMETRIC_PRESENTATION_REPRESENTATION (  '', ( #1248 ), #725 ) ;
#3417 = AXIS2_PLACEMENT_3D ( 'NONE', #6002, #680, #201 ) ;
#3418 = VERTEX_POINT ( 'NONE', #2268 ) ;
#3419 = ADVANCED_FACE ( 'NONE', ( #6299 ), #1786, .F. ) ;
#3420 = VERTEX_POINT ( 'NONE', #5364 ) ;
#3421 = DIRECTION ( 'NONE',  ( -1.000000000000000000, 2.168404344971008868E-16, -0.0000000000000000000 ) ) ;
#3422 = DIRECTION ( 'NONE',  ( 2.168404344971008868E-16, -1.000000000000000000, 0.0000000000000000000 ) ) ;
#3423 = DIRECTION ( 'NONE',  ( -1.869314090492280366E-16, 1.000000000000000000, 0.0000000000000000000 ) ) ;
#3424 = ADVANCED_FACE ( 'NONE', ( #789 ), #4300, .T. ) ;
#3425 = FILL_AREA_STYLE ('',( #1876 ) ) ;
#3426 = COLOUR_RGB ( '',0.0000000000000000000, 0.0000000000000000000, 0.0000000000000000000 ) ;
#3427 = CIRCLE ( 'NONE', #313, 0.1000000000000000749 ) ;
#3428 = PRESENTATION_STYLE_ASSIGNMENT (( #3238 ) ) ;
#3429 = VERTEX_POINT ( 'NONE', #4402 ) ;
#3430 = AXIS2_PLACEMENT_3D ( 'NONE', #2241, #1230, #4248 ) ;
#3431 = EDGE_CURVE ( 'NONE', #1002, #4640, #6327, .T. ) ;
#3432 = DIRECTION ( 'NONE',  ( -1.084202172485504434E-16, -1.000000000000000000, 0.0000000000000000000 ) ) ;
#3433 = EDGE_LOOP ( 'NONE', ( #1176, #4201, #41, #3931 ) ) ;
#3434 = CARTESIAN_POINT ( 'NONE',  ( 0.1100000000000000144, 1.500000000000000000, 0.6999999999999999556 ) ) ;
#3435 = ORIENTED_EDGE ( 'NONE', *, *, #338, .F. ) ;
#3436 = ORIENTED_EDGE ( 'NONE', *, *, #2958, .T. ) ;
#3437 = DIRECTION ( 'NONE',  ( 1.000000000000000000, 1.084202172485504434E-16, -0.0000000000000000000 ) ) ;
#3438 = CARTESIAN_POINT ( 'NONE',  ( 1.500000000000001110, -2.190001167703603091, 0.2000000000000000389 ) ) ;
#3439 = ORIENTED_EDGE ( 'NONE', *, *, #4123, .T. ) ;
#3440 = ORIENTED_EDGE ( 'NONE', *, *, #6029, .T. ) ;
#3441 = CARTESIAN_POINT ( 'NONE',  ( -1.499999999999999556, -1.500000000000000000, 0.6999999999999886313 ) ) ;
#3442 = FILL_AREA_STYLE_COLOUR ( '', #623 ) ;
#3443 = ORIENTED_EDGE ( 'NONE', *, *, #2012, .F. ) ;
#3444 = SURFACE_STYLE_USAGE ( .BOTH. , #2427 ) ;
#3445 = VERTEX_POINT ( 'NONE', #1410 ) ;
#3446 = UNCERTAINTY_MEASURE_WITH_UNIT (LENGTH_MEASURE( 1.000000000000000082E-05 ), #232, 'distance_accuracy_value', 'NONE');
#3447 = CARTESIAN_POINT ( 'NONE',  ( -0.1100000000000000699, -1.500000000000000000, 0.0000000000000000000 ) ) ;
#3448 = DIRECTION ( 'NONE',  ( 1.000000000000000000, 0.0000000000000000000, 0.0000000000000000000 ) ) ;
#3449 = COLOUR_RGB ( '',0.0000000000000000000, 0.0000000000000000000, 0.0000000000000000000 ) ;
#3450 = LINE ( 'NONE', #4499, #3530 ) ;
#3451 = ORIENTED_EDGE ( 'NONE', *, *, #4279, .T. ) ;
#3452 = EDGE_CURVE ( 'NONE', #1878, #5973, #5696, .T. ) ;
#3453 = ORIENTED_EDGE ( 'NONE', *, *, #6085, .F. ) ;
#3454 = DIRECTION ( 'NONE',  ( -1.000000000000000000, -2.168404344971008868E-16, -0.0000000000000000000 ) ) ;
#3455 = AXIS2_PLACEMENT_3D ( 'NONE', #3303, #3273, #5313 ) ;
#3456 = DIRECTION ( 'NONE',  ( 0.0000000000000000000, 0.0000000000000000000, 1.000000000000000000 ) ) ;
#3457 = CARTESIAN_POINT ( 'NONE',  ( -0.8899999999999999023, -2.100001167703602789, 0.2900000000000007572 ) ) ;
#3458 = CARTESIAN_POINT ( 'NONE',  ( 0.1100000000000000838, -2.100001167703602789, 0.6999999999999999556 ) ) ;
#3459 = SURFACE_STYLE_FILL_AREA ( #5974 ) ;
#3460 = FACE_OUTER_BOUND ( 'NONE', #6381, .T. ) ;
#3461 = ADVANCED_FACE ( 'NONE', ( #2775 ), #6360, .F. ) ;
#3463 = DIRECTION ( 'NONE',  ( -1.000000000000000000, -0.0000000000000000000, 0.0000000000000000000 ) ) ;
#3462 = COLOUR_RGB ( '',0.0000000000000000000, 0.0000000000000000000, 0.0000000000000000000 ) ;
#3464 = ORIENTED_EDGE ( 'NONE', *, *, #724, .F. ) ;
#3465 = EDGE_CURVE ( 'NONE', #5219, #1370, #3258, .T. ) ;
#3466 = DIRECTION ( 'NONE',  ( -1.000000000000000000, -2.168404344971008868E-16, -0.0000000000000000000 ) ) ;
#3467 = SURFACE_STYLE_USAGE ( .BOTH. , #511 ) ;
#3468 = MECHANICAL_DESIGN_GEOMETRIC_PRESENTATION_REPRESENTATION (  '', ( #350 ), #1818 ) ;
#3469 = ORIENTED_EDGE ( 'NONE', *, *, #4570, .F. ) ;
#3470 = DIRECTION ( 'NONE',  ( -1.000000000000000000, 2.168404344971008868E-16, -0.0000000000000000000 ) ) ;
#3471 = CARTESIAN_POINT ( 'NONE',  ( 1.500000000000001110, 1.810001167703612079, 0.4100000000000034728 ) ) ;
#3472 = VECTOR ( 'NONE', #1155, 1000.000000000000000 ) ;
#3473 = EDGE_CURVE ( 'NONE', #5236, #2731, #5299, .T. ) ;
#3474 =( NAMED_UNIT ( * ) SI_UNIT ( $, .STERADIAN. ) SOLID_ANGLE_UNIT ( ) );
#3475 = ORIENTED_EDGE ( 'NONE', *, *, #6442, .F. ) ;
#3476 = SURFACE_STYLE_USAGE ( .BOTH. , #1493 ) ;
#3477 = DIRECTION ( 'NONE',  ( -1.000000000000000000, -2.168404344971008868E-16, -0.0000000000000000000 ) ) ;
#3478 = MECHANICAL_DESIGN_GEOMETRIC_PRESENTATION_REPRESENTATION (  '', ( #2843 ), #3161 ) ;
#3479 = DIRECTION ( 'NONE',  ( 1.000000000000000000, 0.0000000000000000000, 0.0000000000000000000 ) ) ;
#3480 = ORIENTED_EDGE ( 'NONE', *, *, #4497, .F. ) ;
#3481 = SURFACE_SIDE_STYLE ('',( #5159 ) ) ;
#3482 = VECTOR ( 'NONE', #4960, 1000.000000000000000 ) ;
#3483 = VECTOR ( 'NONE', #5244, 1000.000000000000000 ) ;
#3484 = ORIENTED_EDGE ( 'NONE', *, *, #2222, .F. ) ;
#3485 = LINE ( 'NONE', #4996, #5978 ) ;
#3486 = CARTESIAN_POINT ( 'NONE',  ( 1.500000000000001110, 2.100001167703602345, 0.4100000000000035838 ) ) ;
#3487 = SPHERICAL_SURFACE ( 'NONE', #4165, 0.1000000000000000056 ) ;
#3488 = AXIS2_PLACEMENT_3D ( 'NONE', #2310, #1794, #5846 ) ;
#3489 = MECHANICAL_DESIGN_GEOMETRIC_PRESENTATION_REPRESENTATION (  '', ( #1733 ), #1837 ) ;
#3490 = DIRECTION ( 'NONE',  ( -1.219727444046192488E-16, -1.000000000000000000, 0.0000000000000000000 ) ) ;
#3491 = ORIENTED_EDGE ( 'NONE', *, *, #6477, .T. ) ;
#3492 = ORIENTED_EDGE ( 'NONE', *, *, #1854, .T. ) ;
#3493 = CARTESIAN_POINT ( 'NONE',  ( -1.110000000000000098, -2.190001167703603535, 0.2000000000000000389 ) ) ;
#3494 = AXIS2_PLACEMENT_3D ( 'NONE', #1616, #634, #2131 ) ;
#3495 = PLANE ( 'NONE',  #6242 ) ;
#3496 = CARTESIAN_POINT ( 'NONE',  ( 0.8900000000000001243, -1.500000000000000000, 0.6999999999999886313 ) ) ;
#3497 = CARTESIAN_POINT ( 'NONE',  ( 0.1100000000000000144, -1.500000000000000000, 0.1999999999999999833 ) ) ;
#3498 = DIRECTION ( 'NONE',  ( -0.1209742911513511793, -0.1209742911513511793, -0.9852565360152939489 ) ) ;
#3499 = CARTESIAN_POINT ( 'NONE',  ( 0.0000000000000000000, 0.0000000000000000000, 0.0000000000000000000 ) ) ;
#3500 = EDGE_CURVE ( 'NONE', #3686, #5321, #3383, .T. ) ;
#3501 = SURFACE_SIDE_STYLE ('',( #5648 ) ) ;
#3502 = AXIS2_PLACEMENT_3D ( 'NONE', #2716, #281, #5732 ) ;
#3503 = PRESENTATION_STYLE_ASSIGNMENT (( #5407 ) ) ;
#3504 = EDGE_LOOP ( 'NONE', ( #5567, #2387, #4213, #2971 ) ) ;
#3505 = LINE ( 'NONE', #480, #5943 ) ;
#3506 = CARTESIAN_POINT ( 'NONE',  ( -1.461668264347375734, 1.362413649183243480, 1.012186934340514544 ) ) ;
#3507 = EDGE_CURVE ( 'NONE', #2997, #1002, #2803, .T. ) ;
#3508 = EDGE_CURVE ( 'NONE', #4662, #2707, #3320, .T. ) ;
#3509 = CARTESIAN_POINT ( 'NONE',  ( -1.499999999999999556, -1.500000000000000000, 0.5000000000000106581 ) ) ;
#3510 = LINE ( 'NONE', #5557, #4734 ) ;
#3511 = ORIENTED_EDGE ( 'NONE', *, *, #5344, .F. ) ;
#3512 = ADVANCED_FACE ( 'NONE', ( #438 ), #2433, .T. ) ;
#3513 = CARTESIAN_POINT ( 'NONE',  ( 1.400247545284594830, 1.500000000000000000, 0.5000000000000099920 ) ) ;
#3514 = DIRECTION ( 'NONE',  ( -1.000000000000000000, 2.168404344971008868E-16, -0.0000000000000000000 ) ) ;
#3515 = EDGE_LOOP ( 'NONE', ( #4289, #2649, #5553, #4901 ) ) ;
#3516 = ORIENTED_EDGE ( 'NONE', *, *, #6093, .T. ) ;
#3517 = EDGE_CURVE ( 'NONE', #5056, #1231, #2832, .T. ) ;
#3518 = CARTESIAN_POINT ( 'NONE',  ( 1.500000000000001110, -1.900001167703612381, 0.4100000000000028066 ) ) ;
#3519 = UNCERTAINTY_MEASURE_WITH_UNIT (LENGTH_MEASURE( 1.000000000000000082E-05 ), #2333, 'distance_accuracy_value', 'NONE');
#3520 = FACE_OUTER_BOUND ( 'NONE', #361, .T. ) ;
#3521 = PRESENTATION_LAYER_ASSIGNMENT (  '', '', ( #1975 ) ) ;
#3522 = CARTESIAN_POINT ( 'NONE',  ( 0.8899999999999999023, -1.810001167703612301, 0.4100000000000034728 ) ) ;
#3523 = ORIENTED_EDGE ( 'NONE', *, *, #5685, .T. ) ;
#3524 = ORIENTED_EDGE ( 'NONE', *, *, #1389, .F. ) ;
#3525 = CYLINDRICAL_SURFACE ( 'NONE', #1180, 0.09000000000000023259 ) ;
#3526 = PRESENTATION_LAYER_ASSIGNMENT (  '', '', ( #5235 ) ) ;
#3527 = CARTESIAN_POINT ( 'NONE',  ( 0.6100000000000002087, -2.190001167703602203, 0.0000000000000000000 ) ) ;
#3528 = CARTESIAN_POINT ( 'NONE',  ( -0.6099999999999999867, 2.500000000000003553, 0.6999999999999999556 ) ) ;
#3529 = CARTESIAN_POINT ( 'NONE',  ( 1.399999999999999689, 1.500000000000000000, 0.5000000000000106581 ) ) ;
#3530 = VECTOR ( 'NONE', #5000, 1000.000000000000000 ) ;
#3531 =( GEOMETRIC_REPRESENTATION_CONTEXT ( 3 ) GLOBAL_UNCERTAINTY_ASSIGNED_CONTEXT ( ( #3727 ) ) GLOBAL_UNIT_ASSIGNED_CONTEXT ( ( #987, #5031, #53 ) ) REPRESENTATION_CONTEXT ( 'NONE', 'WORKASPACE' ) );
#3532 = EDGE_CURVE ( 'NONE', #135, #797, #2728, .T. ) ;
#3533 = ORIENTED_EDGE ( 'NONE', *, *, #275, .T. ) ;
#3534 = CARTESIAN_POINT ( 'NONE',  ( -0.6099999999999999867, -2.500000000000003553, 0.0000000000000000000 ) ) ;
#3535 = AXIS2_PLACEMENT_3D ( 'NONE', #5847, #1889, #6372 ) ;
#3536 = VECTOR ( 'NONE', #3479, 1000.000000000000000 ) ;
#3537 = CARTESIAN_POINT ( 'NONE',  ( -1.400495088862659721, -1.499999080824205633, 0.4999925139139124175 ) ) ;
#3538 = MECHANICAL_DESIGN_GEOMETRIC_PRESENTATION_REPRESENTATION (  '', ( #1784 ), #2090 ) ;
#3539 = ORIENTED_EDGE ( 'NONE', *, *, #374, .F. ) ;
#3540 = CARTESIAN_POINT ( 'NONE',  ( -1.500000000000000000, 1.400247545284595274, 0.6999999999999886313 ) ) ;
#3541 = EDGE_CURVE ( 'NONE', #3445, #2566, #4331, .T. ) ;
#3542 = CARTESIAN_POINT ( 'NONE',  ( 0.3899999999999999578, 1.500000000000000000, 0.5000000000000042188 ) ) ;
#3543 = CARTESIAN_POINT ( 'NONE',  ( 1.362413649183243480, -1.362413649183243480, 1.000000000000000000 ) ) ;
#3544 = VECTOR ( 'NONE', #3339, 1000.000000000000000 ) ;
#3545 = DIRECTION ( 'NONE',  ( 1.219727444046192488E-16, -1.000000000000000000, 0.0000000000000000000 ) ) ;
#3546 = DIRECTION ( 'NONE',  ( 0.0000000000000000000, 0.0000000000000000000, 1.000000000000000000 ) ) ;
#3547 = ADVANCED_FACE ( 'NONE', ( #6392 ), #5904, .F. ) ;
#3548 = LINE ( 'NONE', #3581, #1157 ) ;
#3549 = ORIENTED_EDGE ( 'NONE', *, *, #5963, .T. ) ;
#3550 = DIRECTION ( 'NONE',  ( 0.0000000000000000000, 0.9925461516413224272, 0.1218693434051445618 ) ) ;
#3551 = ORIENTED_EDGE ( 'NONE', *, *, #805, .F. ) ;
#3552 = EDGE_CURVE ( 'NONE', #3641, #4339, #6424, .T. ) ;
#3553 = ORIENTED_EDGE ( 'NONE', *, *, #6290, .F. ) ;
#3554 = PRESENTATION_STYLE_ASSIGNMENT (( #1660 ) ) ;
#3555 = SURFACE_STYLE_USAGE ( .BOTH. , #1540 ) ;
#3556 = DIRECTION ( 'NONE',  ( 0.0000000000000000000, 0.0000000000000000000, -1.000000000000000000 ) ) ;
#3557 = ORIENTED_EDGE ( 'NONE', *, *, #724, .T. ) ;
#3558 = CARTESIAN_POINT ( 'NONE',  ( 1.500000000000001110, 1.900001167703612381, 0.4100000000000028066 ) ) ;
#3559 = CARTESIAN_POINT ( 'NONE',  ( 1.500000000000001110, 2.100001167703602345, 0.2900000000000007572 ) ) ;
#3560 = DIRECTION ( 'NONE',  ( 1.000000000000000000, -2.184688683125937707E-15, -0.0000000000000000000 ) ) ;
#3561 = SPHERICAL_SURFACE ( 'NONE', #1825, 0.1000000000000000056 ) ;
#3562 = VECTOR ( 'NONE', #884, 1000.000000000000000 ) ;
#3563 = PLANE ( 'NONE',  #2186 ) ;
#3564 = DIRECTION ( 'NONE',  ( 0.0000000000000000000, 0.0000000000000000000, -1.000000000000000000 ) ) ;
#3565 = ORIENTED_EDGE ( 'NONE', *, *, #5867, .F. ) ;
#3566 = ORIENTED_EDGE ( 'NONE', *, *, #4646, .F. ) ;
#3567 = VECTOR ( 'NONE', #3421, 1000.000000000000000 ) ;
#3568 = FILL_AREA_STYLE ('',( #1032 ) ) ;
#3569 = CARTESIAN_POINT ( 'NONE',  ( -0.1099999999999999450, 2.500000000000000000, 0.6999999999999999556 ) ) ;
#3570 = CARTESIAN_POINT ( 'NONE',  ( -0.3899999999999999578, -2.190001167703602647, 0.0000000000000000000 ) ) ;
#3571 = CARTESIAN_POINT ( 'NONE',  ( 1.499999999999999556, 1.500000000000000000, 0.6999999999999886313 ) ) ;
#3572 = ORIENTED_EDGE ( 'NONE', *, *, #4612, .F. ) ;
#3573 = CARTESIAN_POINT ( 'NONE',  ( -1.500000000000000000, 1.400000000000000133, 0.6999999999999886313 ) ) ;
#3574 = STYLED_ITEM ( 'NONE', ( #2370 ), #4573 ) ;
#3575 = DIRECTION ( 'NONE',  ( -0.0000000000000000000, -0.0000000000000000000, -1.000000000000000000 ) ) ;
#3576 = FILL_AREA_STYLE_COLOUR ( '', #1415 ) ;
#3577 = CARTESIAN_POINT ( 'NONE',  ( -0.1100000000000000699, -1.500000000000000000, 0.6999999999999999556 ) ) ;
#3578 = ADVANCED_FACE ( 'NONE', ( #2008 ), #3525, .F. ) ;
#3579 = EDGE_CURVE ( 'NONE', #4219, #6202, #991, .T. ) ;
#3580 =( LENGTH_UNIT ( ) NAMED_UNIT ( * ) SI_UNIT ( .MILLI., .METRE. ) );
#3581 = CARTESIAN_POINT ( 'NONE',  ( -1.110000000000000098, 1.500000000000006883, 0.6999999999999999556 ) ) ;
#3582 = VERTEX_POINT ( 'NONE', #30 ) ;
#3583 = ORIENTED_EDGE ( 'NONE', *, *, #4326, .T. ) ;
#3584 = VERTEX_POINT ( 'NONE', #2062 ) ;
#3585 = EDGE_CURVE ( 'NONE', #972, #1561, #2972, .T. ) ;
#3586 = CARTESIAN_POINT ( 'NONE',  ( 1.500000000000000000, -1.400000000000000133, 0.6999999999999886313 ) ) ;
#3587 = CARTESIAN_POINT ( 'NONE',  ( 0.6100000000000000977, -1.500000000000000000, 0.1999999999999999833 ) ) ;
#3588 = ORIENTED_EDGE ( 'NONE', *, *, #6486, .F. ) ;
#3589 = DIRECTION ( 'NONE',  ( 0.0000000000000000000, -1.000000000000000000, 0.0000000000000000000 ) ) ;
#3590 = ADVANCED_FACE ( 'NONE', ( #5969 ), #5100, .F. ) ;
#3591 = FACE_OUTER_BOUND ( 'NONE', #585, .T. ) ;
#3592 = EDGE_CURVE ( 'NONE', #3797, #2998, #4425, .T. ) ;
#3593 = COLOUR_RGB ( '',0.0000000000000000000, 0.0000000000000000000, 0.0000000000000000000 ) ;
#3594 =( GEOMETRIC_REPRESENTATION_CONTEXT ( 3 ) GLOBAL_UNCERTAINTY_ASSIGNED_CONTEXT ( ( #846 ) ) GLOBAL_UNIT_ASSIGNED_CONTEXT ( ( #1986, #4976, #3980 ) ) REPRESENTATION_CONTEXT ( 'NONE', 'WORKASPACE' ) );
#3595 = CARTESIAN_POINT ( 'NONE',  ( 1.110000000000000098, -2.500001167703629790, 0.2000000000000000389 ) ) ;
#3596 = PLANE ( 'NONE',  #409 ) ;
#3597 = EDGE_CURVE ( 'NONE', #977, #2409, #958, .T. ) ;
#3598 = FILL_AREA_STYLE ('',( #1613 ) ) ;
#3599 = VERTEX_POINT ( 'NONE', #6459 ) ;
#3600 = CIRCLE ( 'NONE', #784, 0.08999999999999980238 ) ;
#3601 = CARTESIAN_POINT ( 'NONE',  ( 0.1100000000000001393, 2.500000000000000000, 0.6999999999999999556 ) ) ;
#3602 = DIRECTION ( 'NONE',  ( 0.0000000000000000000, -1.000000000000000000, 0.0000000000000000000 ) ) ;
#3603 = CARTESIAN_POINT ( 'NONE',  ( -0.1100000000000000006, 2.100001167703602789, 0.6999999999999999556 ) ) ;
#3604 = CIRCLE ( 'NONE', #788, 0.2999999999999998224 ) ;
#3605 = DIRECTION ( 'NONE',  ( 0.1209742911513511099, -0.1209742911513513736, 0.9852565360152939489 ) ) ;
#3606 = DIRECTION ( 'NONE',  ( -0.0000000000000000000, 0.0000000000000000000, 1.000000000000000000 ) ) ;
#3607 = DIRECTION ( 'NONE',  ( -0.0000000000000000000, 0.0000000000000000000, -1.000000000000000000 ) ) ;
#3608 = LINE ( 'NONE', #2053, #2025 ) ;
#3609 = DIRECTION ( 'NONE',  ( 1.084202172485504434E-16, 1.000000000000000000, 0.0000000000000000000 ) ) ;
#3610 = EDGE_LOOP ( 'NONE', ( #509, #4671, #5184, #3913 ) ) ;
#3611 = ORIENTED_EDGE ( 'NONE', *, *, #6079, .T. ) ;
#3612 = DIRECTION ( 'NONE',  ( 0.0000000000000000000, -0.9925461516413223162, 0.1218693434051442148 ) ) ;
#3613 = ORIENTED_EDGE ( 'NONE', *, *, #4293, .F. ) ;
#3614 = AXIS2_PLACEMENT_3D ( 'NONE', #1478, #1025, #32 ) ;
#3615 = CARTESIAN_POINT ( 'NONE',  ( 1.499999080824205633, -1.400495088862659943, 0.7000074860860869830 ) ) ;
#3616 = DIRECTION ( 'NONE',  ( -1.219727444046192488E-16, 1.000000000000000000, 0.0000000000000000000 ) ) ;
#3617 = DIRECTION ( 'NONE',  ( 0.0000000000000000000, 1.000000000000000000, 0.0000000000000000000 ) ) ;
#3618 = VERTEX_POINT ( 'NONE', #3005 ) ;
#3619 = EDGE_CURVE ( 'NONE', #1206, #2409, #3999, .T. ) ;
#3620 = DIRECTION ( 'NONE',  ( -2.662465753572082607E-16, 1.000000000000000000, 2.168404344971006896E-15 ) ) ;
#3621 = FACE_OUTER_BOUND ( 'NONE', #5986, .T. ) ;
#3622 = VECTOR ( 'NONE', #3090, 1000.000000000000000 ) ;
#3623 = SURFACE_STYLE_FILL_AREA ( #4038 ) ;
#3624 = LINE ( 'NONE', #3198, #1869 ) ;
#3625 = DIRECTION ( 'NONE',  ( -0.0000000000000000000, 0.0000000000000000000, -1.000000000000000000 ) ) ;
#3626 = ORIENTED_EDGE ( 'NONE', *, *, #2544, .F. ) ;
#3627 = EDGE_CURVE ( 'NONE', #3445, #3214, #5036, .T. ) ;
#3628 = VECTOR ( 'NONE', #1071, 1000.000000000000000 ) ;
#3629 = ORIENTED_EDGE ( 'NONE', *, *, #2820, .T. ) ;
#3630 = CARTESIAN_POINT ( 'NONE',  ( -0.8899999999999996803, 2.500001167703630234, 0.2000000000000000389 ) ) ;
#3631 = EDGE_CURVE ( 'NONE', #1396, #2207, #5605, .T. ) ;
#3632 = CARTESIAN_POINT ( 'NONE',  ( -0.8899999999999999023, 1.500001167703639560, 0.5000000000000042188 ) ) ;
#3633 = VECTOR ( 'NONE', #1472, 1000.000000000000000 ) ;
#3634 = CIRCLE ( 'NONE', #820, 0.09000000000000023259 ) ;
#3635 = EDGE_CURVE ( 'NONE', #2451, #5345, #1088, .T. ) ;
#3636 = CARTESIAN_POINT ( 'NONE',  ( -0.1100000000000000699, 1.500000000000000000, 0.5000000000000042188 ) ) ;
#3637 = ORIENTED_EDGE ( 'NONE', *, *, #181, .F. ) ;
#3638 = COLOUR_RGB ( '',0.2509803921568627416, 0.2509803921568627416, 0.2509803921568627416 ) ;
#3639 = AXIS2_PLACEMENT_3D ( 'NONE', #133, #1143, #3084 ) ;
#3640 = CARTESIAN_POINT ( 'NONE',  ( 1.500000000000001110, 2.190001167703602203, 0.2900000000000002021 ) ) ;
#3641 = VERTEX_POINT ( 'NONE', #1024 ) ;
#3642 = CARTESIAN_POINT ( 'NONE',  ( 1.400495088862659943, 1.499999080824205633, 0.4999925139139119734 ) ) ;
#3643 =( NAMED_UNIT ( * ) PLANE_ANGLE_UNIT ( ) SI_UNIT ( $, .RADIAN. ) );
#3644 =( GEOMETRIC_REPRESENTATION_CONTEXT ( 3 ) GLOBAL_UNCERTAINTY_ASSIGNED_CONTEXT ( ( #5730 ) ) GLOBAL_UNIT_ASSIGNED_CONTEXT ( ( #4471, #1481, #2014 ) ) REPRESENTATION_CONTEXT ( 'NONE', 'WORKASPACE' ) );
#3645 = ORIENTED_EDGE ( 'NONE', *, *, #4208, .F. ) ;
#3646 = FILL_AREA_STYLE ('',( #1656 ) ) ;
#3647 = ORIENTED_EDGE ( 'NONE', *, *, #2947, .T. ) ;
#3648 = COLOUR_RGB ( '',0.0000000000000000000, 0.0000000000000000000, 0.0000000000000000000 ) ;
#3649 = ORIENTED_EDGE ( 'NONE', *, *, #2147, .F. ) ;
#3650 = CIRCLE ( 'NONE', #616, 0.1000000000000000472 ) ;
#3651 = ORIENTED_EDGE ( 'NONE', *, *, #6443, .F. ) ;
#3652 = EDGE_CURVE ( 'NONE', #5478, #2530, #4034, .T. ) ;
#3653 = LINE ( 'NONE', #3219, #3845 ) ;
#3654 = VERTEX_POINT ( 'NONE', #5577 ) ;
#3655 = SURFACE_SIDE_STYLE ('',( #4156 ) ) ;
#3656 =( LENGTH_UNIT ( ) NAMED_UNIT ( * ) SI_UNIT ( .MILLI., .METRE. ) );
#3657 = DIRECTION ( 'NONE',  ( 0.0000000000000000000, 1.000000000000000000, 0.0000000000000000000 ) ) ;
#3658 = SURFACE_STYLE_USAGE ( .BOTH. , #1158 ) ;
#3659 = CARTESIAN_POINT ( 'NONE',  ( 1.400742627321157174, -1.499997242485289650, 0.4999775418449295961 ) ) ;
#3660 = ADVANCED_FACE ( 'NONE', ( #4437 ), #5066, .T. ) ;
#3661 = EDGE_CURVE ( 'NONE', #389, #3185, #4560, .T. ) ;
#3662 = EDGE_LOOP ( 'NONE', ( #5447, #3975, #2213, #1851 ) ) ;
#3663 = VECTOR ( 'NONE', #1908, 1000.000000000000000 ) ;
#3664 = CARTESIAN_POINT ( 'NONE',  ( 0.6100000000000002087, 2.190001167703602203, 0.2900000000000002021 ) ) ;
#3665 = EDGE_CURVE ( 'NONE', #6471, #5158, #3770, .T. ) ;
#3666 = DIRECTION ( 'NONE',  ( -1.000000000000000000, -1.445602896647339163E-16, 0.0000000000000000000 ) ) ;
#3668 = CARTESIAN_POINT ( 'NONE',  ( 0.1100000000000000699, 1.900001167703612603, 0.4100000000000028066 ) ) ;
#3667 = VECTOR ( 'NONE', #4810, 1000.000000000000000 ) ;
#3669 = LINE ( 'NONE', #1589, #1175 ) ;
#3670 = CARTESIAN_POINT ( 'NONE',  ( -0.1100000000000000699, 1.810001167703612523, 0.4100000000000034728 ) ) ;
#3671 = DIRECTION ( 'NONE',  ( 0.0000000000000000000, -1.000000000000000000, 0.0000000000000000000 ) ) ;
#3672 = VECTOR ( 'NONE', #1451, 1000.000000000000000 ) ;
#3673 = ORIENTED_EDGE ( 'NONE', *, *, #4936, .T. ) ;
#3674 = DIRECTION ( 'NONE',  ( 1.000000000000000000, -0.0000000000000000000, -0.0000000000000000000 ) ) ;
#3675 = CARTESIAN_POINT ( 'NONE',  ( 0.3899999999999999578, -1.900001167703612159, 0.2900000000000002021 ) ) ;
#3676 = EDGE_CURVE ( 'NONE', #4489, #5967, #6072, .T. ) ;
#3677 = DIRECTION ( 'NONE',  ( 0.0000000000000000000, 1.000000000000000000, 0.0000000000000000000 ) ) ;
#3678 = CIRCLE ( 'NONE', #560, 0.08999999999999980238 ) ;
#3679 =( NAMED_UNIT ( * ) PLANE_ANGLE_UNIT ( ) SI_UNIT ( $, .RADIAN. ) );
#3680 = ORIENTED_EDGE ( 'NONE', *, *, #1207, .T. ) ;
#3681 = EDGE_LOOP ( 'NONE', ( #6040, #772, #814, #6226, #1736, #2996 ) ) ;
#3682 = CYLINDRICAL_SURFACE ( 'NONE', #817, 0.08999999999999980238 ) ;
#3683 = VECTOR ( 'NONE', #5905, 1000.000000000000000 ) ;
#3684 = CARTESIAN_POINT ( 'NONE',  ( 1.500000000000001110, -1.810001167703612079, 0.4100000000000034728 ) ) ;
#3685 = COLOUR_RGB ( '',0.0000000000000000000, 0.0000000000000000000, 0.0000000000000000000 ) ;
#3686 = VERTEX_POINT ( 'NONE', #3213 ) ;
#3687 = DIRECTION ( 'NONE',  ( -0.0000000000000000000, 0.0000000000000000000, 1.000000000000000000 ) ) ;
#3688 = FACE_OUTER_BOUND ( 'NONE', #207, .T. ) ;
#3689 = VECTOR ( 'NONE', #1060, 1000.000000000000000 ) ;
#3690 = PLANE ( 'NONE',  #6208 ) ;
#3691 = ORIENTED_EDGE ( 'NONE', *, *, #732, .T. ) ;
#3692 = VERTEX_POINT ( 'NONE', #5752 ) ;
#3693 = LINE ( 'NONE', #3601, #6472 ) ;
#3694 = CIRCLE ( 'NONE', #2967, 0.08999999999999980238 ) ;
#3695 = AXIS2_PLACEMENT_3D ( 'NONE', #5379, #2420, #454 ) ;
#3696 = LINE ( 'NONE', #5679, #1701 ) ;
#3697 = EDGE_CURVE ( 'NONE', #3099, #2673, #155, .T. ) ;
#3698 = CARTESIAN_POINT ( 'NONE',  ( -1.500000000000000000, 1.500000000000000000, 0.5000000000000106581 ) ) ;
#3699 = COLOUR_RGB ( '',0.0000000000000000000, 0.0000000000000000000, 0.0000000000000000000 ) ;
#3700 = CARTESIAN_POINT ( 'NONE',  ( -0.6100000000000000977, -1.500000000000003553, 0.1999999999999999833 ) ) ;
#3701 = CARTESIAN_POINT ( 'NONE',  ( 1.400742627321157174, -1.499997242485289650, 0.7000224581550698044 ) ) ;
#3702 = EDGE_CURVE ( 'NONE', #5158, #4618, #4179, .T. ) ;
#3703 = CARTESIAN_POINT ( 'NONE',  ( 1.110000000000000098, 1.500000000000000000, 0.0000000000000000000 ) ) ;
#3704 = CARTESIAN_POINT ( 'NONE',  ( 1.499999999999999556, 1.399999999999999689, 0.6999999999999886313 ) ) ;
#3705 = VECTOR ( 'NONE', #2543, 1000.000000000000000 ) ;
#3706 = VERTEX_POINT ( 'NONE', #1797 ) ;
#3707 = LINE ( 'NONE', #3030, #5517 ) ;
#3708 = DIRECTION ( 'NONE',  ( 2.168404344971007685E-15, 0.0000000000000000000, -1.000000000000000000 ) ) ;
#3709 = EDGE_LOOP ( 'NONE', ( #1390, #3189, #3807, #5515 ) ) ;
#3710 = ADVANCED_FACE ( 'NONE', ( #1764 ), #5281, .T. ) ;
#3711 = CARTESIAN_POINT ( 'NONE',  ( 1.500000000000001110, -1.810001167703612079, 0.4100000000000034728 ) ) ;
#3712 = EDGE_LOOP ( 'NONE', ( #1970, #4239, #2058, #3343 ) ) ;
#3713 = VERTEX_POINT ( 'NONE', #3743 ) ;
#3714 = EDGE_CURVE ( 'NONE', #4709, #5315, #264, .T. ) ;
#3715 = CARTESIAN_POINT ( 'NONE',  ( 0.8900000000000000133, 2.100001167703606342, 0.4100000000000035838 ) ) ;
#3716 = DIRECTION ( 'NONE',  ( 0.1209742911513514846, -0.1209742911513509572, 0.9852565360152939489 ) ) ;
#3717 = LINE ( 'NONE', #2736, #2717 ) ;
#3718 = EDGE_CURVE ( 'NONE', #2769, #6390, #3187, .T. ) ;
#3719 = ORIENTED_EDGE ( 'NONE', *, *, #541, .T. ) ;
#3720 = CARTESIAN_POINT ( 'NONE',  ( -0.8899999999999999023, -1.500000000000006883, 0.6999999999999999556 ) ) ;
#3721 = DIRECTION ( 'NONE',  ( -0.0000000000000000000, -0.0000000000000000000, -1.000000000000000000 ) ) ;
#3722 = CARTESIAN_POINT ( 'NONE',  ( -1.362413649183243480, 1.461668264347375734, 0.1878130656594855785 ) ) ;
#3723 = FACE_OUTER_BOUND ( 'NONE', #6173, .T. ) ;
#3724 = DIRECTION ( 'NONE',  ( -1.000000000000000000, 2.168404344971008868E-16, 0.0000000000000000000 ) ) ;
#3725 = VECTOR ( 'NONE', #5503, 1000.000000000000000 ) ;
#3726 = DIRECTION ( 'NONE',  ( 1.000000000000000000, -2.168404344971008868E-16, 0.0000000000000000000 ) ) ;
#3727 = UNCERTAINTY_MEASURE_WITH_UNIT (LENGTH_MEASURE( 1.000000000000000082E-05 ), #987, 'distance_accuracy_value', 'NONE');
#3728 = ADVANCED_FACE ( 'NONE', ( #6247 ), #2706, .T. ) ;
#3729 = DIRECTION ( 'NONE',  ( 0.0000000000000000000, -0.0000000000000000000, 1.000000000000000000 ) ) ;
#3730 = AXIS2_PLACEMENT_3D ( 'NONE', #6067, #1573, #1178 ) ;
#3731 = CARTESIAN_POINT ( 'NONE',  ( 0.8900000000000000133, 2.500000000000000000, 0.0000000000000000000 ) ) ;
#3732 = DIRECTION ( 'NONE',  ( 0.0000000000000000000, -1.000000000000000000, 0.0000000000000000000 ) ) ;
#3733 = DIRECTION ( 'NONE',  ( -1.000000000000000000, 2.168404344971008868E-16, -0.0000000000000000000 ) ) ;
#3734 = VECTOR ( 'NONE', #3401, 1000.000000000000000 ) ;
#3735 = DIRECTION ( 'NONE',  ( 1.505836350674307797E-16, -1.000000000000000000, 0.0000000000000000000 ) ) ;
#3736 = FACE_OUTER_BOUND ( 'NONE', #3025, .T. ) ;
#3737 =( LENGTH_UNIT ( ) NAMED_UNIT ( * ) SI_UNIT ( .MILLI., .METRE. ) );
#3738 = VECTOR ( 'NONE', #3048, 1000.000000000000000 ) ;
#3739 = DIRECTION ( 'NONE',  ( -1.000000000000000000, 0.0000000000000000000, 0.0000000000000000000 ) ) ;
#3740 = ADVANCED_FACE ( 'NONE', ( #2205 ), #1734, .T. ) ;
#3741 = ORIENTED_EDGE ( 'NONE', *, *, #1207, .F. ) ;
#3742 =( NAMED_UNIT ( * ) SI_UNIT ( $, .STERADIAN. ) SOLID_ANGLE_UNIT ( ) );
#3743 = CARTESIAN_POINT ( 'NONE',  ( -0.3899999999999999023, 2.500000000000003553, 0.0000000000000000000 ) ) ;
#3744 = ORIENTED_EDGE ( 'NONE', *, *, #275, .F. ) ;
#3745 = ORIENTED_EDGE ( 'NONE', *, *, #4377, .F. ) ;
#3746 = DIRECTION ( 'NONE',  ( 0.0000000000000000000, -0.0000000000000000000, 1.000000000000000000 ) ) ;
#3747 = AXIS2_PLACEMENT_3D ( 'NONE', #5812, #1261, #1295 ) ;
#3748 = EDGE_CURVE ( 'NONE', #2915, #1140, #4249, .T. ) ;
#3749 = LINE ( 'NONE', #335, #2079 ) ;
#3750 = LINE ( 'NONE', #5793, #414 ) ;
#3751 = LINE ( 'NONE', #2044, #218 ) ;
#3752 = ADVANCED_FACE ( 'NONE', ( #4282 ), #5446, .F. ) ;
#3753 = PRESENTATION_LAYER_ASSIGNMENT (  '', '', ( #1255 ) ) ;
#3754 = VECTOR ( 'NONE', #2719, 1000.000000000000000 ) ;
#3755 = EDGE_LOOP ( 'NONE', ( #411, #3127, #3952 ) ) ;
#3756 = FILL_AREA_STYLE ('',( #1841 ) ) ;
#3757 =( NAMED_UNIT ( * ) SI_UNIT ( $, .STERADIAN. ) SOLID_ANGLE_UNIT ( ) );
#3758 = CYLINDRICAL_SURFACE ( 'NONE', #6111, 0.08999999999999980238 ) ;
#3759 = EDGE_LOOP ( 'NONE', ( #1685, #2214, #4417, #3782 ) ) ;
#3760 = DIRECTION ( 'NONE',  ( 0.0000000000000000000, -1.000000000000000000, 0.0000000000000000000 ) ) ;
#3761 = CARTESIAN_POINT ( 'NONE',  ( 0.8900000000000000133, -2.190001167703603091, 0.2000000000000002331 ) ) ;
#3762 = DIRECTION ( 'NONE',  ( 1.000000000000000000, -1.084202172485504434E-16, 0.0000000000000000000 ) ) ;
#3763 = CARTESIAN_POINT ( 'NONE',  ( 1.362413649183243480, -1.461668264347375734, 1.012186934340514544 ) ) ;
#3764 = CARTESIAN_POINT ( 'NONE',  ( 1.500000000000001110, -2.190001167703602203, 5.041540102057595618E-15 ) ) ;
#3765 = VERTEX_POINT ( 'NONE', #2919 ) ;
#3766 = CARTESIAN_POINT ( 'NONE',  ( -0.1100000000000000699, 1.500000000000000000, 0.6999999999999999556 ) ) ;
#3767 = MECHANICAL_DESIGN_GEOMETRIC_PRESENTATION_REPRESENTATION (  '', ( #649 ), #4625 ) ;
#3768 = CARTESIAN_POINT ( 'NONE',  ( -1.110000000000000098, -1.500000000000006883, 0.6999999999999999556 ) ) ;
#3769 = CARTESIAN_POINT ( 'NONE',  ( -1.499999999999999556, -1.500000000000000000, 0.5000000000000106581 ) ) ;
#3770 = CIRCLE ( 'NONE', #5272, 0.08999999999999980238 ) ;
#3771 = ORIENTED_EDGE ( 'NONE', *, *, #3930, .F. ) ;
#3772 = LINE ( 'NONE', #3809, #4483 ) ;
#3773 = EDGE_CURVE ( 'NONE', #4521, #4257, #6, .T. ) ;
#3774 = EDGE_CURVE ( 'NONE', #1187, #4413, #3840, .T. ) ;
#3775 = CIRCLE ( 'NONE', #975, 0.08999999999999980238 ) ;
#3776 = CARTESIAN_POINT ( 'NONE',  ( -0.8899999999999999023, -1.500000000000006883, 0.5000000000000042188 ) ) ;
#3777 = EDGE_CURVE ( 'NONE', #1311, #2617, #3986, .T. ) ;
#3778 = ORIENTED_EDGE ( 'NONE', *, *, #6417, .T. ) ;
#3779 = AXIS2_PLACEMENT_3D ( 'NONE', #4793, #1849, #923 ) ;
#3780 = DIRECTION ( 'NONE',  ( -1.000000000000000000, 1.084202172485504434E-16, 0.0000000000000000000 ) ) ;
#3781 = PLANE ( 'NONE',  #518 ) ;
#3782 = ORIENTED_EDGE ( 'NONE', *, *, #256, .T. ) ;
#3783 = EDGE_CURVE ( 'NONE', #4741, #815, #902, .T. ) ;
#3784 = ORIENTED_EDGE ( 'NONE', *, *, #2889, .F. ) ;
#3785 = CARTESIAN_POINT ( 'NONE',  ( 0.8899999999999999023, 1.500000000000000000, 0.1999999999999999833 ) ) ;
#3786 = LINE ( 'NONE', #6460, #6340 ) ;
#3787 = CARTESIAN_POINT ( 'NONE',  ( -0.6099999999999999867, -2.500000000000003553, 0.6999999999999999556 ) ) ;
#3788 =( GEOMETRIC_REPRESENTATION_CONTEXT ( 3 ) GLOBAL_UNCERTAINTY_ASSIGNED_CONTEXT ( ( #1780 ) ) GLOBAL_UNIT_ASSIGNED_CONTEXT ( ( #5504, #33, #61 ) ) REPRESENTATION_CONTEXT ( 'NONE', 'WORKASPACE' ) );
#3789 = ADVANCED_FACE ( 'NONE', ( #2955 ), #838, .F. ) ;
#3790 = DIRECTION ( 'NONE',  ( 1.000000000000000000, 2.168404344971008868E-16, 0.0000000000000000000 ) ) ;
#3791 = DIRECTION ( 'NONE',  ( -1.000000000000000000, 2.168404344971008868E-16, -0.0000000000000000000 ) ) ;
#3793 = DIRECTION ( 'NONE',  ( 0.0000000000000000000, -0.0000000000000000000, -1.000000000000000000 ) ) ;
#3792 = VECTOR ( 'NONE', #4586, 1000.000000000000000 ) ;
#3794 = VECTOR ( 'NONE', #6406, 1000.000000000000000 ) ;
#3795 = DIRECTION ( 'NONE',  ( -1.084202172485504434E-16, -1.000000000000000000, 0.0000000000000000000 ) ) ;
#3796 = LINE ( 'NONE', #1418, #1281 ) ;
#3797 = VERTEX_POINT ( 'NONE', #4419 ) ;
#3798 = MECHANICAL_DESIGN_GEOMETRIC_PRESENTATION_REPRESENTATION (  '', ( #2039 ), #4552 ) ;
#3799 = CARTESIAN_POINT ( 'NONE',  ( -0.6099999999999999867, -2.100001167703602789, 0.6999999999999999556 ) ) ;
#3800 = AXIS2_PLACEMENT_3D ( 'NONE', #2944, #4512, #5074 ) ;
#3801 = VERTEX_POINT ( 'NONE', #455 ) ;
#3802 = ORIENTED_EDGE ( 'NONE', *, *, #3106, .T. ) ;
#3803 = LINE ( 'NONE', #5850, #2040 ) ;
#3804 = PRESENTATION_LAYER_ASSIGNMENT (  '', '', ( #173 ) ) ;
#3805 = AXIS2_PLACEMENT_3D ( 'NONE', #5937, #1479, #5005 ) ;
#3806 = SURFACE_STYLE_FILL_AREA ( #4212 ) ;
#3807 = ORIENTED_EDGE ( 'NONE', *, *, #4163, .T. ) ;
#3808 = ORIENTED_EDGE ( 'NONE', *, *, #4606, .T. ) ;
#3809 = CARTESIAN_POINT ( 'NONE',  ( 1.500000000000001110, -2.190001167703602203, 5.041540102057595618E-15 ) ) ;
#3810 = EDGE_CURVE ( 'NONE', #6493, #2292, #2846, .T. ) ;
#3811 = VECTOR ( 'NONE', #465, 1000.000000000000000 ) ;
#3812 = CARTESIAN_POINT ( 'NONE',  ( -0.1100000000000000699, -1.810001167703612523, 0.4100000000000034728 ) ) ;
#3813 = DIRECTION ( 'NONE',  ( -4.369377366251875413E-15, 1.000000000000000000, 0.0000000000000000000 ) ) ;
#3814 = ORIENTED_EDGE ( 'NONE', *, *, #6018, .T. ) ;
#3815 = ORIENTED_EDGE ( 'NONE', *, *, #6096, .F. ) ;
#3816 = DIRECTION ( 'NONE',  ( -0.0000000000000000000, 0.0000000000000000000, 1.000000000000000000 ) ) ;
#3817 = DIRECTION ( 'NONE',  ( 0.0000000000000000000, 1.000000000000000000, 2.108170890944030965E-14 ) ) ;
#3818 =( NAMED_UNIT ( * ) SI_UNIT ( $, .STERADIAN. ) SOLID_ANGLE_UNIT ( ) );
#3819 = DIRECTION ( 'NONE',  ( 1.084202172485504434E-16, 1.000000000000000000, 0.0000000000000000000 ) ) ;
#3820 = CARTESIAN_POINT ( 'NONE',  ( -0.8899999999999999023, -1.500000000000006883, 0.6999999999999999556 ) ) ;
#3821 = ORIENTED_EDGE ( 'NONE', *, *, #702, .F. ) ;
#3822 = EDGE_CURVE ( 'NONE', #3373, #5765, #1361, .T. ) ;
#3823 = DIRECTION ( 'NONE',  ( 1.000000000000000000, 2.168404344971008868E-16, -0.0000000000000000000 ) ) ;
#3824 = CARTESIAN_POINT ( 'NONE',  ( 1.110000000000000098, 1.810001167703612079, 0.4100000000000034728 ) ) ;
#3825 = CARTESIAN_POINT ( 'NONE',  ( -1.499999999999999556, -1.362413649183243480, 0.2000000000000000111 ) ) ;
#3826 = VECTOR ( 'NONE', #5365, 1000.000000000000000 ) ;
#3827 = EDGE_LOOP ( 'NONE', ( #4453, #5017, #3553, #4879 ) ) ;
#3828 = CARTESIAN_POINT ( 'NONE',  ( 1.500000000000001332, 2.500001167703629790, 0.2000000000000000389 ) ) ;
#3829 = EDGE_CURVE ( 'NONE', #695, #2711, #4877, .T. ) ;
#3830 =( NAMED_UNIT ( * ) SI_UNIT ( $, .STERADIAN. ) SOLID_ANGLE_UNIT ( ) );
#3831 = VECTOR ( 'NONE', #1276, 1000.000000000000227 ) ;
#3832 = ADVANCED_FACE ( 'NONE', ( #387 ), #2345, .T. ) ;
#3833 = FACE_OUTER_BOUND ( 'NONE', #5991, .T. ) ;
#3834 = DIRECTION ( 'NONE',  ( 1.000000000000000000, 0.0000000000000000000, 0.0000000000000000000 ) ) ;
#3835 = FACE_OUTER_BOUND ( 'NONE', #2624, .T. ) ;
#3836 = ADVANCED_FACE ( 'NONE', ( #5383 ), #489, .T. ) ;
#3837 = FILL_AREA_STYLE ('',( #6277 ) ) ;
#3838 =( NAMED_UNIT ( * ) PLANE_ANGLE_UNIT ( ) SI_UNIT ( $, .RADIAN. ) );
#3839 = COLOUR_RGB ( '',0.0000000000000000000, 0.0000000000000000000, 0.0000000000000000000 ) ;
#3840 = LINE ( 'NONE', #1893, #6229 ) ;
#3841 = ORIENTED_EDGE ( 'NONE', *, *, #165, .T. ) ;
#3842 = ORIENTED_EDGE ( 'NONE', *, *, #5668, .T. ) ;
#3843 = LINE ( 'NONE', #3336, #3410 ) ;
#3844 = UNCERTAINTY_MEASURE_WITH_UNIT (LENGTH_MEASURE( 1.000000000000000082E-05 ), #1033, 'distance_accuracy_value', 'NONE');
#3845 = VECTOR ( 'NONE', #1209, 1000.000000000000000 ) ;
#3846 = CARTESIAN_POINT ( 'NONE',  ( -1.400000000000000133, 1.500000000000000000, 0.6999999999999886313 ) ) ;
#3847 = VECTOR ( 'NONE', #3348, 1000.000000000000000 ) ;
#3848 = LINE ( 'NONE', #5892, #1144 ) ;
#3849 = DIRECTION ( 'NONE',  ( -1.000000000000000000, -4.336808689942015369E-15, 0.0000000000000000000 ) ) ;
#3850 = VERTEX_POINT ( 'NONE', #1395 ) ;
#3851 = CARTESIAN_POINT ( 'NONE',  ( 0.3899999999999999578, 2.100001167703602789, 0.2900000000000007572 ) ) ;
#3852 = ORIENTED_EDGE ( 'NONE', *, *, #4705, .T. ) ;
#3853 = VECTOR ( 'NONE', #156, 1000.000000000000000 ) ;
#3854 = ORIENTED_EDGE ( 'NONE', *, *, #1553, .F. ) ;
#3855 = EDGE_CURVE ( 'NONE', #1206, #290, #1425, .T. ) ;
#3856 = FILL_AREA_STYLE_COLOUR ( '', #357 ) ;
#3857 = DIRECTION ( 'NONE',  ( 1.000000000000000000, 0.0000000000000000000, 0.0000000000000000000 ) ) ;
#3858 = UNCERTAINTY_MEASURE_WITH_UNIT (LENGTH_MEASURE( 1.000000000000000082E-05 ), #96, 'distance_accuracy_value', 'NONE');
#3859 = LINE ( 'NONE', #3447, #684 ) ;
#3860 = PLANE ( 'NONE',  #719 ) ;
#3861 = VECTOR ( 'NONE', #1873, 1000.000000000000000 ) ;
#3862 = CARTESIAN_POINT ( 'NONE',  ( -1.110000000000000098, -2.190001167703602647, 0.2900000000000002021 ) ) ;
#3863 = SURFACE_STYLE_FILL_AREA ( #406 ) ;
#3864 = DIRECTION ( 'NONE',  ( 0.0000000000000000000, 0.0000000000000000000, 1.000000000000000000 ) ) ;
#3865 = EDGE_CURVE ( 'NONE', #3801, #272, #5169, .T. ) ;
#3866 = ORIENTED_EDGE ( 'NONE', *, *, #2412, .F. ) ;
#3867 = FACE_OUTER_BOUND ( 'NONE', #4459, .T. ) ;
#3868 = FACE_OUTER_BOUND ( 'NONE', #305, .T. ) ;
#3869 = EDGE_CURVE ( 'NONE', #5903, #1866, #1993, .T. ) ;
#3870 = ORIENTED_EDGE ( 'NONE', *, *, #599, .F. ) ;
#3871 = DIRECTION ( 'NONE',  ( 0.0000000000000000000, -1.000000000000000000, 0.0000000000000000000 ) ) ;
#3872 = EDGE_CURVE ( 'NONE', #4187, #6157, #3044, .T. ) ;
#3873 = SURFACE_STYLE_FILL_AREA ( #2276 ) ;
#3874 = ORIENTED_EDGE ( 'NONE', *, *, #1611, .F. ) ;
#3875 = ORIENTED_EDGE ( 'NONE', *, *, #6446, .F. ) ;
#3876 = DIRECTION ( 'NONE',  ( -1.000000000000000000, -2.168404344971008868E-16, -0.0000000000000000000 ) ) ;
#3877 = CARTESIAN_POINT ( 'NONE',  ( 1.110000000000000098, 1.500000000000000000, 0.6999999999999999556 ) ) ;
#3878 = ORIENTED_EDGE ( 'NONE', *, *, #2988, .T. ) ;
#3879 = ORIENTED_EDGE ( 'NONE', *, *, #385, .T. ) ;
#3880 = DIRECTION ( 'NONE',  ( -1.000000000000000000, -2.168404344971008868E-16, -0.0000000000000000000 ) ) ;
#3881 = EDGE_CURVE ( 'NONE', #3706, #1396, #353, .T. ) ;
#3882 = CARTESIAN_POINT ( 'NONE',  ( -0.1100000000000000699, 1.500000000000000000, 0.6999999999999999556 ) ) ;
#3883 = CARTESIAN_POINT ( 'NONE',  ( -0.6099999999999999867, 2.500000000000003553, 0.6999999999999999556 ) ) ;
#3884 = CIRCLE ( 'NONE', #6435, 0.1000000000000000749 ) ;
#3885 = ORIENTED_EDGE ( 'NONE', *, *, #2283, .F. ) ;
#3886 = CARTESIAN_POINT ( 'NONE',  ( -1.110000000000000098, 2.190001167703602647, 0.2900000000000002021 ) ) ;
#3887 = ORIENTED_EDGE ( 'NONE', *, *, #4716, .T. ) ;
#3888 = CARTESIAN_POINT ( 'NONE',  ( -0.6100000000000000977, 1.500000000000003553, 0.6999999999999999556 ) ) ;
#3889 = CARTESIAN_POINT ( 'NONE',  ( -0.8899999999999997913, -0.8900000000000000133, 1.499899999999999345 ) ) ;
#3890 = VECTOR ( 'NONE', #2048, 1000.000000000000000 ) ;
#3891 = DIRECTION ( 'NONE',  ( 1.219727444046192488E-16, -1.000000000000000000, 0.0000000000000000000 ) ) ;
#3892 = CARTESIAN_POINT ( 'NONE',  ( -0.8899999999999996803, -2.500001167703630234, 0.2000000000000000389 ) ) ;
#3893 = LINE ( 'NONE', #3820, #5681 ) ;
#3894 = ORIENTED_EDGE ( 'NONE', *, *, #4123, .F. ) ;
#3895 = PRESENTATION_LAYER_ASSIGNMENT (  '', '', ( #350 ) ) ;
#3896 = CARTESIAN_POINT ( 'NONE',  ( 1.500000000000001110, -2.100001167703602345, 0.4100000000000035838 ) ) ;
#3897 = PRESENTATION_STYLE_ASSIGNMENT (( #5836 ) ) ;
#3898 = DIRECTION ( 'NONE',  ( 1.000000000000000000, 2.168404344971008868E-16, 0.0000000000000000000 ) ) ;
#3899 = CARTESIAN_POINT ( 'NONE',  ( 0.1100000000000000699, 1.810001167703612301, 0.4100000000000034728 ) ) ;
#3900 = ORIENTED_EDGE ( 'NONE', *, *, #4332, .T. ) ;
#3901 =( NAMED_UNIT ( * ) SI_UNIT ( $, .STERADIAN. ) SOLID_ANGLE_UNIT ( ) );
#3902 =( GEOMETRIC_REPRESENTATION_CONTEXT ( 3 ) GLOBAL_UNCERTAINTY_ASSIGNED_CONTEXT ( ( #278 ) ) GLOBAL_UNIT_ASSIGNED_CONTEXT ( ( #4429, #4295, #1806 ) ) REPRESENTATION_CONTEXT ( 'NONE', 'WORKASPACE' ) );
#3903 = DIRECTION ( 'NONE',  ( 1.000000000000000000, 0.0000000000000000000, 0.0000000000000000000 ) ) ;
#3904 = DIRECTION ( 'NONE',  ( -1.000000000000000000, 0.0000000000000000000, 0.0000000000000000000 ) ) ;
#3905 = EDGE_LOOP ( 'NONE', ( #190, #17, #5482, #6408 ) ) ;
#3906 = CARTESIAN_POINT ( 'NONE',  ( 1.500000000000001110, 1.900001167703611937, 0.2900000000000002021 ) ) ;
#3907 = VECTOR ( 'NONE', #4845, 1000.000000000000000 ) ;
#3908 = CARTESIAN_POINT ( 'NONE',  ( -0.3900000000000000133, 1.500000000000003553, 0.6999999999999999556 ) ) ;
#3909 = EDGE_LOOP ( 'NONE', ( #535, #5006, #5650, #6318 ) ) ;
#3910 = COLOUR_RGB ( '',0.0000000000000000000, 0.0000000000000000000, 0.0000000000000000000 ) ;
#3911 = DIRECTION ( 'NONE',  ( 0.0000000000000000000, 1.000000000000000000, 0.0000000000000000000 ) ) ;
#3912 = EDGE_CURVE ( 'NONE', #5198, #2005, #4611, .T. ) ;
#3913 = ORIENTED_EDGE ( 'NONE', *, *, #721, .F. ) ;
#3914 = FACE_OUTER_BOUND ( 'NONE', #4473, .T. ) ;
#3915 = DIRECTION ( 'NONE',  ( 0.0000000000000000000, 0.0000000000000000000, -1.000000000000000000 ) ) ;
#3916 = ORIENTED_EDGE ( 'NONE', *, *, #2951, .F. ) ;
#3917 = VECTOR ( 'NONE', #4372, 1000.000000000000000 ) ;
#3918 = ORIENTED_EDGE ( 'NONE', *, *, #4764, .F. ) ;
#3919 = VECTOR ( 'NONE', #3267, 1000.000000000000000 ) ;
#3920 = LINE ( 'NONE', #390, #5445 ) ;
#3921 = CARTESIAN_POINT ( 'NONE',  ( -1.110000000000000098, 1.500001167703639782, 0.5000000000000042188 ) ) ;
#3922 = EDGE_CURVE ( 'NONE', #2086, #255, #6037, .T. ) ;
#3923 = DIRECTION ( 'NONE',  ( -1.000000000000000000, 2.168404344971008868E-16, -0.0000000000000000000 ) ) ;
#3924 = COLOUR_RGB ( '',0.0000000000000000000, 0.0000000000000000000, 0.0000000000000000000 ) ;
#3925 = EDGE_LOOP ( 'NONE', ( #4691, #457, #4448, #490 ) ) ;
#3926 = EDGE_CURVE ( 'NONE', #5636, #1370, #4547, .T. ) ;
#3927 = FILL_AREA_STYLE_COLOUR ( '', #922 ) ;
#3928 = DIRECTION ( 'NONE',  ( 1.000000000000000000, 1.219727444046192488E-16, -0.0000000000000000000 ) ) ;
#3929 = FACE_OUTER_BOUND ( 'NONE', #4995, .T. ) ;
#3930 = EDGE_CURVE ( 'NONE', #2888, #3215, #3114, .T. ) ;
#3931 = ORIENTED_EDGE ( 'NONE', *, *, #3259, .F. ) ;
#3932 = DIRECTION ( 'NONE',  ( 1.219727444046192488E-16, 1.000000000000000000, 0.0000000000000000000 ) ) ;
#3933 = LINE ( 'NONE', #6328, #1386 ) ;
#3934 = PLANE ( 'NONE',  #1966 ) ;
#3935 = UNCERTAINTY_MEASURE_WITH_UNIT (LENGTH_MEASURE( 1.000000000000000082E-05 ), #5939, 'distance_accuracy_value', 'NONE');
#3936 = DIRECTION ( 'NONE',  ( 1.000000000000000000, -1.219727444046192488E-16, 0.0000000000000000000 ) ) ;
#3937 = VERTEX_POINT ( 'NONE', #1068 ) ;
#3938 = DIRECTION ( 'NONE',  ( -1.000000000000000000, -2.168404344971008868E-16, -0.0000000000000000000 ) ) ;
#3939 = CARTESIAN_POINT ( 'NONE',  ( -0.8899999999999997913, -2.100001167703602789, 0.6999999999999999556 ) ) ;
#3940 = ORIENTED_EDGE ( 'NONE', *, *, #3965, .T. ) ;
#3941 = LINE ( 'NONE', #6334, #5097 ) ;
#3942 = COLOUR_RGB ( '',0.0000000000000000000, 0.0000000000000000000, 0.0000000000000000000 ) ;
#3943 = DIRECTION ( 'NONE',  ( 1.000000000000000000, 1.084202172485504434E-16, -0.0000000000000000000 ) ) ;
#3944 = ADVANCED_FACE ( 'NONE', ( #1526 ), #5626, .F. ) ;
#3945 = ORIENTED_EDGE ( 'NONE', *, *, #5961, .F. ) ;
#3946 = CIRCLE ( 'NONE', #916, 0.2899999999999951505 ) ;
#3947 = FACE_OUTER_BOUND ( 'NONE', #3504, .T. ) ;
#3948 = CARTESIAN_POINT ( 'NONE',  ( -0.8899999999999997913, -0.8900000000000000133, 0.9998999999999997890 ) ) ;
#3949 = CARTESIAN_POINT ( 'NONE',  ( -0.6100000000000000977, 1.810001167703612523, 0.4100000000000034728 ) ) ;
#3950 = ORIENTED_EDGE ( 'NONE', *, *, #3865, .F. ) ;
#3951 = AXIS2_PLACEMENT_3D ( 'NONE', #951, #3961, #3857 ) ;
#3952 = ORIENTED_EDGE ( 'NONE', *, *, #2233, .F. ) ;
#3953 = EDGE_CURVE ( 'NONE', #4510, #2246, #3884, .T. ) ;
#3954 = AXIS2_PLACEMENT_3D ( 'NONE', #5561, #2585, #1041 ) ;
#3955 = PRESENTATION_STYLE_ASSIGNMENT (( #2994 ) ) ;
#3956 = ORIENTED_EDGE ( 'NONE', *, *, #6029, .F. ) ;
#3957 = FILL_AREA_STYLE_COLOUR ( '', #4977 ) ;
#3958 = ORIENTED_EDGE ( 'NONE', *, *, #2594, .T. ) ;
#3959 = SURFACE_SIDE_STYLE ('',( #49 ) ) ;
#3960 = VECTOR ( 'NONE', #6347, 1000.000000000000000 ) ;
#3961 = DIRECTION ( 'NONE',  ( 0.0000000000000000000, 1.000000000000000000, 0.0000000000000000000 ) ) ;
#3962 = AXIS2_PLACEMENT_3D ( 'NONE', #1696, #5224, #5639 ) ;
#3963 = DIRECTION ( 'NONE',  ( -1.000000000000000000, 2.168404344971008868E-16, -0.0000000000000000000 ) ) ;
#3964 = CYLINDRICAL_SURFACE ( 'NONE', #3417, 0.2899999999999951505 ) ;
#3965 = EDGE_CURVE ( 'NONE', #4664, #4413, #4143, .T. ) ;
#3966 = DIRECTION ( 'NONE',  ( -1.000000000000000000, 2.168404344971008868E-16, -0.0000000000000000000 ) ) ;
#3967 = ORIENTED_EDGE ( 'NONE', *, *, #3881, .T. ) ;
#3968 = DIRECTION ( 'NONE',  ( 1.000000000000000000, 1.084202172485504434E-16, -0.0000000000000000000 ) ) ;
#3969 = PLANE ( 'NONE',  #4642 ) ;
#3970 = CARTESIAN_POINT ( 'NONE',  ( 0.6100000000000002087, -2.500000000000000000, 0.0000000000000000000 ) ) ;
#3971 = DIRECTION ( 'NONE',  ( 0.0000000000000000000, -0.0000000000000000000, 1.000000000000000000 ) ) ;
#3972 = LINE ( 'NONE', #4468, #5417 ) ;
#3973 = STYLED_ITEM ( 'NONE', ( #3503 ), #2787 ) ;
#3974 = AXIS2_PLACEMENT_3D ( 'NONE', #3133, #4627, #1247 ) ;
#3975 = ORIENTED_EDGE ( 'NONE', *, *, #5218, .F. ) ;
#3976 =( NAMED_UNIT ( * ) SI_UNIT ( $, .STERADIAN. ) SOLID_ANGLE_UNIT ( ) );
#3977 = FILL_AREA_STYLE_COLOUR ( '', #622 ) ;
#3978 = EDGE_LOOP ( 'NONE', ( #5458, #3918, #3297, #1550 ) ) ;
#3979 = AXIS2_PLACEMENT_3D ( 'NONE', #4104, #607, #2635 ) ;
#3980 =( NAMED_UNIT ( * ) SI_UNIT ( $, .STERADIAN. ) SOLID_ANGLE_UNIT ( ) );
#3981 = SURFACE_STYLE_FILL_AREA ( #3568 ) ;
#3982 = VERTEX_POINT ( 'NONE', #2026 ) ;
#3983 = DIRECTION ( 'NONE',  ( 0.0000000000000000000, -1.000000000000000000, 0.0000000000000000000 ) ) ;
#3984 = VERTEX_POINT ( 'NONE', #3052 ) ;
#3985 = DIRECTION ( 'NONE',  ( 0.0000000000000000000, -0.0000000000000000000, -1.000000000000000000 ) ) ;
#3986 = LINE ( 'NONE', #423, #2021 ) ;
#3987 = VERTEX_POINT ( 'NONE', #2583 ) ;
#3988 = CYLINDRICAL_SURFACE ( 'NONE', #1223, 0.2899999999999951505 ) ;
#3989 = DIRECTION ( 'NONE',  ( 1.000000000000000000, -2.168404344971008868E-16, 0.0000000000000000000 ) ) ;
#3990 = DIRECTION ( 'NONE',  ( -1.000000000000000000, 0.0000000000000000000, 0.0000000000000000000 ) ) ;
#3991 = ORIENTED_EDGE ( 'NONE', *, *, #3142, .T. ) ;
#3992 = ORIENTED_EDGE ( 'NONE', *, *, #5245, .F. ) ;
#3993 = DIRECTION ( 'NONE',  ( -1.000000000000000000, 1.084202172485504434E-16, 0.0000000000000000000 ) ) ;
#3994 = ORIENTED_EDGE ( 'NONE', *, *, #5087, .T. ) ;
#3995 = DIRECTION ( 'NONE',  ( 1.084202172485504434E-16, 1.000000000000000000, 0.0000000000000000000 ) ) ;
#3996 = EDGE_CURVE ( 'NONE', #4144, #5348, #3020, .T. ) ;
#3997 = VERTEX_POINT ( 'NONE', #4575 ) ;
#3998 = ORIENTED_EDGE ( 'NONE', *, *, #2603, .T. ) ;
#3999 = LINE ( 'NONE', #4966, #5490 ) ;
#4000 = VECTOR ( 'NONE', #296, 1000.000000000000000 ) ;
#4001 = ADVANCED_FACE ( 'NONE', ( #1650 ), #5523, .F. ) ;
#4002 = DIRECTION ( 'NONE',  ( -1.000000000000000000, -2.168404344971008868E-16, -0.0000000000000000000 ) ) ;
#4003 = CARTESIAN_POINT ( 'NONE',  ( -0.6100000000000000977, -2.100001167703606786, 0.4100000000000035838 ) ) ;
#4004 = UNCERTAINTY_MEASURE_WITH_UNIT (LENGTH_MEASURE( 1.000000000000000082E-05 ), #3737, 'distance_accuracy_value', 'NONE');
#4005 = CARTESIAN_POINT ( 'NONE',  ( -0.8899999999999999023, 2.190001167703602647, 5.041540102057595618E-15 ) ) ;
#4006 =( NAMED_UNIT ( * ) PLANE_ANGLE_UNIT ( ) SI_UNIT ( $, .RADIAN. ) );
#4007 = SURFACE_STYLE_USAGE ( .BOTH. , #1446 ) ;
#4008 = CIRCLE ( 'NONE', #857, 0.1000000000000000194 ) ;
#4009 = ORIENTED_EDGE ( 'NONE', *, *, #4888, .T. ) ;
#4010 = EDGE_CURVE ( 'NONE', #5857, #4618, #2639, .T. ) ;
#4011 = EDGE_CURVE ( 'NONE', #6125, #310, #3608, .T. ) ;
#4012 = DIRECTION ( 'NONE',  ( -1.000000000000000000, -2.168404344971008868E-16, 0.0000000000000000000 ) ) ;
#4013 =( GEOMETRIC_REPRESENTATION_CONTEXT ( 3 ) GLOBAL_UNCERTAINTY_ASSIGNED_CONTEXT ( ( #4396 ) ) GLOBAL_UNIT_ASSIGNED_CONTEXT ( ( #2549, #1163, #790 ) ) REPRESENTATION_CONTEXT ( 'NONE', 'WORKASPACE' ) );
#4014 = CARTESIAN_POINT ( 'NONE',  ( 1.500000000000001110, -1.500001167703639116, 0.5000000000000042188 ) ) ;
#4015 = EDGE_LOOP ( 'NONE', ( #1507, #5314, #832, #1894 ) ) ;
#4016 = MECHANICAL_DESIGN_GEOMETRIC_PRESENTATION_REPRESENTATION (  '', ( #983 ), #3902 ) ;
#4017 = DIRECTION ( 'NONE',  ( 0.0000000000000000000, 0.9925461516413223162, -0.1218693434051439373 ) ) ;
#4018 = DIRECTION ( 'NONE',  ( 1.000000000000000000, 0.0000000000000000000, 0.0000000000000000000 ) ) ;
#4019 = EDGE_LOOP ( 'NONE', ( #5454, #4116, #1960, #1416 ) ) ;
#4020 = LINE ( 'NONE', #5487, #3118 ) ;
#4021 = SPHERICAL_SURFACE ( 'NONE', #737, 0.1000000000000000056 ) ;
#4022 = ORIENTED_EDGE ( 'NONE', *, *, #757, .T. ) ;
#4023 = DIRECTION ( 'NONE',  ( -0.1209742911513516928, -0.1209742911513517066, 0.9852565360152938378 ) ) ;
#4024 = ORIENTED_EDGE ( 'NONE', *, *, #4843, .T. ) ;
#4025 = CIRCLE ( 'NONE', #581, 0.2999999999999998224 ) ;
#4026 = ORIENTED_EDGE ( 'NONE', *, *, #6007, .F. ) ;
#4027 = DIRECTION ( 'NONE',  ( 1.000000000000000000, 0.0000000000000000000, 0.0000000000000000000 ) ) ;
#4028 = EDGE_CURVE ( 'NONE', #3982, #4640, #5048, .T. ) ;
#4029 = DIRECTION ( 'NONE',  ( -1.000000000000000000, -2.168404344971008868E-16, -0.0000000000000000000 ) ) ;
#4030 = VECTOR ( 'NONE', #1957, 1000.000000000000000 ) ;
#4031 = LINE ( 'NONE', #3002, #5669 ) ;
#4032 = ORIENTED_EDGE ( 'NONE', *, *, #5389, .T. ) ;
#4033 = ORIENTED_EDGE ( 'NONE', *, *, #1005, .F. ) ;
#4034 = LINE ( 'NONE', #5469, #5806 ) ;
#4035 = COLOUR_RGB ( '',0.0000000000000000000, 0.0000000000000000000, 0.0000000000000000000 ) ;
#4036 = CARTESIAN_POINT ( 'NONE',  ( -0.1100000000000000699, -1.500000000000000000, 0.6999999999999999556 ) ) ;
#4037 = CARTESIAN_POINT ( 'NONE',  ( -0.6100000000000000977, -2.190001167703603535, 0.2000000000000002331 ) ) ;
#4038 = FILL_AREA_STYLE ('',( #1026 ) ) ;
#4039 = DIRECTION ( 'NONE',  ( 1.000000000000000000, 0.0000000000000000000, 0.0000000000000000000 ) ) ;
#4040 = MECHANICAL_DESIGN_GEOMETRIC_PRESENTATION_REPRESENTATION (  '', ( #1831 ), #5830 ) ;
#4041 = DIRECTION ( 'NONE',  ( 0.0000000000000000000, 0.9925461516413223162, 0.1218693434051442148 ) ) ;
#4042 = EDGE_CURVE ( 'NONE', #3404, #4823, #5657, .T. ) ;
#4043 = EDGE_LOOP ( 'NONE', ( #3878, #3950, #2991, #2720 ) ) ;
#4044 = CARTESIAN_POINT ( 'NONE',  ( 1.362413649183242592, 1.362413649183243036, 1.100000000000000089 ) ) ;
#4045 = EDGE_CURVE ( 'NONE', #5666, #2915, #5154, .T. ) ;
#4046 = CARTESIAN_POINT ( 'NONE',  ( -1.400742627321157618, 1.499997242485289872, 0.7000224581550681391 ) ) ;
#4047 = VERTEX_POINT ( 'NONE', #2080 ) ;
#4048 = CARTESIAN_POINT ( 'NONE',  ( 1.500000000000001110, 1.900001167703611937, 0.2900000000000002021 ) ) ;
#4049 = ORIENTED_EDGE ( 'NONE', *, *, #6272, .T. ) ;
#4050 = SURFACE_SIDE_STYLE ('',( #1013 ) ) ;
#4051 = FILL_AREA_STYLE ('',( #3442 ) ) ;
#4052 =( LENGTH_UNIT ( ) NAMED_UNIT ( * ) SI_UNIT ( .MILLI., .METRE. ) );
#4053 = ORIENTED_EDGE ( 'NONE', *, *, #1001, .F. ) ;
#4054 = EDGE_LOOP ( 'NONE', ( #860, #2484, #3484, #4700 ) ) ;
#4055 = CARTESIAN_POINT ( 'NONE',  ( 1.450886175638838260, -1.461668264347375734, 0.1878130656594855508 ) ) ;
#4056 = VERTEX_POINT ( 'NONE', #2138 ) ;
#4057 = CARTESIAN_POINT ( 'NONE',  ( -1.499567327329789146, -1.458632135056575407, 0.4964761638839007563 ) ) ;
#4058 = CARTESIAN_POINT ( 'NONE',  ( -1.362413649183243480, 1.362413649183243480, 1.000000000000000000 ) ) ;
#4059 = VECTOR ( 'NONE', #4463, 1000.000000000000000 ) ;
#4060 = EDGE_CURVE ( 'NONE', #4777, #6291, #552, .T. ) ;
#4061 = EDGE_LOOP ( 'NONE', ( #5882, #2685, #5584, #5749 ) ) ;
#4062 = CARTESIAN_POINT ( 'NONE',  ( 1.500000000000001110, -1.900001167703611937, 0.2900000000000002021 ) ) ;
#4063 = CARTESIAN_POINT ( 'NONE',  ( 1.110000000000000098, -1.810001167703611191, 0.5000000000000042188 ) ) ;
#4064 = CARTESIAN_POINT ( 'NONE',  ( 0.6100000000000000977, -1.810001167703612301, 0.4100000000000034728 ) ) ;
#4065 = FILL_AREA_STYLE_COLOUR ( '', #875 ) ;
#4066 = SURFACE_SIDE_STYLE ('',( #149 ) ) ;
#4067 = CARTESIAN_POINT ( 'NONE',  ( -0.1100000000000000699, -1.500000000000000000, 0.5000000000000042188 ) ) ;
#4068 = VECTOR ( 'NONE', #621, 1000.000000000000000 ) ;
#4069 = AXIS2_PLACEMENT_3D ( 'NONE', #6387, #4364, #3819 ) ;
#4070 = ORIENTED_EDGE ( 'NONE', *, *, #4716, .F. ) ;
#4071 = ORIENTED_EDGE ( 'NONE', *, *, #708, .T. ) ;
#4072 = SURFACE_STYLE_FILL_AREA ( #4602 ) ;
#4073 = DIRECTION ( 'NONE',  ( -1.000000000000000000, 1.219727444046192488E-16, 0.0000000000000000000 ) ) ;
#4074 = AXIS2_PLACEMENT_3D ( 'NONE', #2643, #1171, #3056 ) ;
#4075 = EDGE_CURVE ( 'NONE', #6157, #2448, #3510, .T. ) ;
#4076 = DIRECTION ( 'NONE',  ( 1.445602896647339163E-16, -1.000000000000000000, 0.0000000000000000000 ) ) ;
#4077 = VECTOR ( 'NONE', #4891, 1000.000000000000000 ) ;
#4078 = DIRECTION ( 'NONE',  ( -1.000000000000000000, -2.168404344971008868E-16, -0.0000000000000000000 ) ) ;
#4079 = ORIENTED_EDGE ( 'NONE', *, *, #3631, .F. ) ;
#4080 = EDGE_CURVE ( 'NONE', #1337, #5886, #4535, .T. ) ;
#4081 = DIRECTION ( 'NONE',  ( -1.000000000000000000, 2.168404344971008868E-16, -0.0000000000000000000 ) ) ;
#4082 = ORIENTED_EDGE ( 'NONE', *, *, #5296, .F. ) ;
#4083 = EDGE_CURVE ( 'NONE', #4056, #3692, #3147, .T. ) ;
#4084 = CIRCLE ( 'NONE', #941, 0.1000000000000000472 ) ;
#4085 = DIRECTION ( 'NONE',  ( -1.000000000000000000, -2.168404344971008868E-16, -0.0000000000000000000 ) ) ;
#4086 = CARTESIAN_POINT ( 'NONE',  ( -0.8899999999999999023, -1.900001167703612381, 0.6999999999999999556 ) ) ;
#4087 = CARTESIAN_POINT ( 'NONE',  ( 0.1100000000000000699, -1.810001167703611413, 0.5000000000000042188 ) ) ;
#4088 = EDGE_CURVE ( 'NONE', #1392, #3618, #5174, .T. ) ;
#4089 = ORIENTED_EDGE ( 'NONE', *, *, #2745, .F. ) ;
#4090 = ORIENTED_EDGE ( 'NONE', *, *, #6391, .F. ) ;
#4091 = SURFACE_STYLE_FILL_AREA ( #2596 ) ;
#4092 = DIRECTION ( 'NONE',  ( 0.0000000000000000000, 0.0000000000000000000, -1.000000000000000000 ) ) ;
#4093 = ORIENTED_EDGE ( 'NONE', *, *, #6093, .F. ) ;
#4094 = CARTESIAN_POINT ( 'NONE',  ( -0.3899999999999999578, -2.500001167703630234, 0.2000000000000000389 ) ) ;
#4095 = CARTESIAN_POINT ( 'NONE',  ( 1.500000000000001110, -2.190001167703602203, 0.2900000000000002021 ) ) ;
#4096 = CYLINDRICAL_SURFACE ( 'NONE', #1945, 0.1000000000000000472 ) ;
#4097 = DIRECTION ( 'NONE',  ( 1.445602896647339163E-16, -1.000000000000000000, 0.0000000000000000000 ) ) ;
#4098 = ORIENTED_EDGE ( 'NONE', *, *, #1172, .F. ) ;
#4099 = CARTESIAN_POINT ( 'NONE',  ( 0.3899999999999999578, 1.500000000000000000, 0.1999999999999999833 ) ) ;
#4100 = ADVANCED_FACE ( 'NONE', ( #1684 ), #4798, .F. ) ;
#4101 = DIRECTION ( 'NONE',  ( 0.9925461516413224272, 1.434827591868864906E-16, 0.1218693434051445618 ) ) ;
#4102 = VECTOR ( 'NONE', #5214, 1000.000000000000000 ) ;
#4103 = CARTESIAN_POINT ( 'NONE',  ( -1.499997242485289872, 1.400742627321157618, 0.4999775418449313169 ) ) ;
#4104 = CARTESIAN_POINT ( 'NONE',  ( -0.3900000000000000133, 1.500000000000003553, 0.0000000000000000000 ) ) ;
#4105 = ORIENTED_EDGE ( 'NONE', *, *, #1522, .F. ) ;
#4106 = PLANE ( 'NONE',  #5726 ) ;
#4107 = MECHANICAL_DESIGN_GEOMETRIC_PRESENTATION_REPRESENTATION (  '', ( #3574 ), #3154 ) ;
#4108 = DIRECTION ( 'NONE',  ( -1.000000000000000000, -1.219727444046192488E-16, 0.0000000000000000000 ) ) ;
#4109 = ORIENTED_EDGE ( 'NONE', *, *, #5380, .F. ) ;
#4110 = SURFACE_STYLE_FILL_AREA ( #701 ) ;
#4111 =( NAMED_UNIT ( * ) PLANE_ANGLE_UNIT ( ) SI_UNIT ( $, .RADIAN. ) );
#4112 =( NAMED_UNIT ( * ) SI_UNIT ( $, .STERADIAN. ) SOLID_ANGLE_UNIT ( ) );
#4113 = ADVANCED_FACE ( 'NONE', ( #4699 ), #2232, .F. ) ;
#4114 = ORIENTED_EDGE ( 'NONE', *, *, #2195, .F. ) ;
#4115 = FACE_OUTER_BOUND ( 'NONE', #5215, .T. ) ;
#4116 = ORIENTED_EDGE ( 'NONE', *, *, #2150, .F. ) ;
#4117 = VERTEX_POINT ( 'NONE', #2271 ) ;
#4118 = CIRCLE ( 'NONE', #1296, 0.09000000000000023259 ) ;
#4119 = EDGE_CURVE ( 'NONE', #1492, #2246, #320, .T. ) ;
#4120 = LINE ( 'NONE', #2148, #415 ) ;
#4121 = CARTESIAN_POINT ( 'NONE',  ( -1.109999999999999876, 2.500000000000007105, 0.6999999999999999556 ) ) ;
#4122 = VECTOR ( 'NONE', #1690, 1000.000000000000000 ) ;
#4123 = EDGE_CURVE ( 'NONE', #561, #6351, #3175, .T. ) ;
#4124 = ORIENTED_EDGE ( 'NONE', *, *, #1848, .F. ) ;
#4125 = FILL_AREA_STYLE_COLOUR ( '', #3685 ) ;
#4126 = DIRECTION ( 'NONE',  ( 0.0000000000000000000, 1.000000000000000000, 0.0000000000000000000 ) ) ;
#4127 =( GEOMETRIC_REPRESENTATION_CONTEXT ( 3 ) GLOBAL_UNCERTAINTY_ASSIGNED_CONTEXT ( ( #5193 ) ) GLOBAL_UNIT_ASSIGNED_CONTEXT ( ( #5173, #5077, #2109 ) ) REPRESENTATION_CONTEXT ( 'NONE', 'WORKASPACE' ) );
#4128 = CIRCLE ( 'NONE', #2133, 0.2899999999999951505 ) ;
#4129 = EDGE_CURVE ( 'NONE', #1492, #4330, #6207, .T. ) ;
#4130 = CARTESIAN_POINT ( 'NONE',  ( -0.1099999999999999450, 2.500000000000000000, 0.6999999999999999556 ) ) ;
#4131 = CYLINDRICAL_SURFACE ( 'NONE', #3974, 0.2899999999999938183 ) ;
#4132 = ORIENTED_EDGE ( 'NONE', *, *, #2594, .F. ) ;
#4133 = ORIENTED_EDGE ( 'NONE', *, *, #6018, .F. ) ;
#4134 = AXIS2_PLACEMENT_3D ( 'NONE', #4933, #6427, #6045 ) ;
#4135 = LINE ( 'NONE', #6174, #5952 ) ;
#4136 = DIRECTION ( 'NONE',  ( 0.0000000000000000000, 1.000000000000000000, 0.0000000000000000000 ) ) ;
#4137 = FACE_OUTER_BOUND ( 'NONE', #246, .T. ) ;
#4138 = AXIS2_PLACEMENT_3D ( 'NONE', #5413, #2786, #5915 ) ;
#4139 = CARTESIAN_POINT ( 'NONE',  ( 1.500000000000001110, 2.190001167703603091, 0.2000000000000002331 ) ) ;
#4140 = DIRECTION ( 'NONE',  ( 1.000000000000000000, 0.0000000000000000000, 0.0000000000000000000 ) ) ;
#4141 = CARTESIAN_POINT ( 'NONE',  ( 0.8899999999999999023, 1.500000000000000000, 0.6999999999999999556 ) ) ;
#4142 = EDGE_CURVE ( 'NONE', #332, #3987, #4767, .T. ) ;
#4143 = LINE ( 'NONE', #2990, #2434 ) ;
#4144 = VERTEX_POINT ( 'NONE', #2308 ) ;
#4145 =( NAMED_UNIT ( * ) PLANE_ANGLE_UNIT ( ) SI_UNIT ( $, .RADIAN. ) );
#4146 = DIRECTION ( 'NONE',  ( 0.0000000000000000000, 1.000000000000000000, 0.0000000000000000000 ) ) ;
#4147 = DIRECTION ( 'NONE',  ( 0.0000000000000000000, 0.0000000000000000000, -1.000000000000000000 ) ) ;
#4148 = DIRECTION ( 'NONE',  ( 1.000000000000000000, 1.219727444046192488E-16, -0.0000000000000000000 ) ) ;
#4149 = EDGE_LOOP ( 'NONE', ( #55, #5394, #3453, #6155 ) ) ;
#4150 = DIRECTION ( 'NONE',  ( -1.000000000000000000, -0.0000000000000000000, 0.0000000000000000000 ) ) ;
#4151 = CARTESIAN_POINT ( 'NONE',  ( -0.3899999999999999578, 2.190001167703603535, 0.2000000000000002331 ) ) ;
#4152 = LINE ( 'NONE', #268, #5240 ) ;
#4153 = CIRCLE ( 'NONE', #191, 0.09000000000000023259 ) ;
#4154 = ADVANCED_FACE ( 'NONE', ( #4306 ), #6335, .T. ) ;
#4155 = ORIENTED_EDGE ( 'NONE', *, *, #2820, .F. ) ;
#4156 = SURFACE_STYLE_FILL_AREA ( #179 ) ;
#4157 = CARTESIAN_POINT ( 'NONE',  ( -0.3899999999999999578, -1.900001167703612825, 0.4100000000000028066 ) ) ;
#4158 = DIRECTION ( 'NONE',  ( -1.000000000000000000, -1.084202172485504434E-16, 0.0000000000000000000 ) ) ;
#4159 = ORIENTED_EDGE ( 'NONE', *, *, #6365, .T. ) ;
#4160 = ORIENTED_EDGE ( 'NONE', *, *, #2358, .T. ) ;
#4161 = LINE ( 'NONE', #4723, #280 ) ;
#4162 = LINE ( 'NONE', #4825, #3683 ) ;
#4163 = EDGE_CURVE ( 'NONE', #2721, #2667, #227, .T. ) ;
#4164 = VECTOR ( 'NONE', #2623, 1000.000000000000000 ) ;
#4165 = AXIS2_PLACEMENT_3D ( 'NONE', #4058, #4557, #3448 ) ;
#4166 = PLANE ( 'NONE',  #3979 ) ;
#4167 = PRESENTATION_LAYER_ASSIGNMENT (  '', '', ( #5033 ) ) ;
#4168 = CARTESIAN_POINT ( 'NONE',  ( -0.1100000000000000699, -2.100001167703606786, 0.4100000000000035838 ) ) ;
#4169 = AXIS2_PLACEMENT_3D ( 'NONE', #3768, #4246, #1728 ) ;
#4170 = DIRECTION ( 'NONE',  ( 1.000000000000000000, 1.219727444046192488E-16, -0.0000000000000000000 ) ) ;
#4171 = VERTEX_POINT ( 'NONE', #3704 ) ;
#4172 = CARTESIAN_POINT ( 'NONE',  ( 0.6100000000000000977, 1.810001167703611413, 0.5000000000000042188 ) ) ;
#4173 = MECHANICAL_DESIGN_GEOMETRIC_PRESENTATION_REPRESENTATION (  '', ( #5040 ), #827 ) ;
#4174 = SURFACE_SIDE_STYLE ('',( #4110 ) ) ;
#4175 = AXIS2_PLACEMENT_3D ( 'NONE', #1746, #3724, #3228 ) ;
#4176 =( NAMED_UNIT ( * ) PLANE_ANGLE_UNIT ( ) SI_UNIT ( $, .RADIAN. ) );
#4177 = EDGE_LOOP ( 'NONE', ( #2, #2739, #4214, #3651 ) ) ;
#4178 = DIRECTION ( 'NONE',  ( -1.000000000000000000, 1.084202172485504434E-16, -0.0000000000000000000 ) ) ;
#4179 = LINE ( 'NONE', #2678, #3667 ) ;
#4180 = PRESENTATION_LAYER_ASSIGNMENT (  '', '', ( #2417 ) ) ;
#4181 = ORIENTED_EDGE ( 'NONE', *, *, #4687, .T. ) ;
#4182 = ORIENTED_EDGE ( 'NONE', *, *, #1011, .T. ) ;
#4183 = DIRECTION ( 'NONE',  ( 0.0000000000000000000, -1.000000000000000000, 0.0000000000000000000 ) ) ;
#4184 = PRODUCT_DEFINITION_CONTEXT ( 'detailed design', #1262, 'design' ) ;
#4185 = DIRECTION ( 'NONE',  ( 1.869314090492288994E-16, -1.000000000000000000, -1.869314090492288698E-15 ) ) ;
#4186 = EDGE_CURVE ( 'NONE', #4986, #1337, #4008, .T. ) ;
#4187 = VERTEX_POINT ( 'NONE', #2379 ) ;
#4188 = PLANE ( 'NONE',  #463 ) ;
#4189 = CARTESIAN_POINT ( 'NONE',  ( 1.500000000000001110, 1.810001167703612079, 0.4100000000000034728 ) ) ;
#4190 = DIRECTION ( 'NONE',  ( 0.0000000000000000000, -1.000000000000000000, 0.0000000000000000000 ) ) ;
#4191 = LINE ( 'NONE', #1706, #428 ) ;
#4192 = ADVANCED_FACE ( 'NONE', ( #4941 ), #2839, .F. ) ;
#4193 = VERTEX_POINT ( 'NONE', #413 ) ;
#4194 = ORIENTED_EDGE ( 'NONE', *, *, #5867, .T. ) ;
#4195 = EDGE_CURVE ( 'NONE', #1328, #5236, #4906, .T. ) ;
#4196 = CARTESIAN_POINT ( 'NONE',  ( 0.8900000000000000133, 2.100001167703602345, 0.6999999999999999556 ) ) ;
#4197 = UNCERTAINTY_MEASURE_WITH_UNIT (LENGTH_MEASURE( 1.000000000000000082E-05 ), #4924, 'distance_accuracy_value', 'NONE');
#4199 = CARTESIAN_POINT ( 'NONE',  ( -0.6100000000000003197, 1.500000000000000000, 0.6999999999999886313 ) ) ;
#4198 = AXIS2_PLACEMENT_3D ( 'NONE', #1108, #1039, #3082 ) ;
#4200 = DIRECTION ( 'NONE',  ( 2.168404344971008868E-16, -1.000000000000000000, 0.0000000000000000000 ) ) ;
#4201 = ORIENTED_EDGE ( 'NONE', *, *, #1436, .F. ) ;
#4202 = EDGE_CURVE ( 'NONE', #5702, #4802, #967, .T. ) ;
#4203 = CARTESIAN_POINT ( 'NONE',  ( -0.5900000000000000799, -0.8900000000000000133, 1.099900000000000100 ) ) ;
#4204 = AXIS2_PLACEMENT_3D ( 'NONE', #5410, #2443, #895 ) ;
#4205 = EDGE_LOOP ( 'NONE', ( #1867, #1977, #3821, #5421 ) ) ;
#4206 = DIRECTION ( 'NONE',  ( -1.000000000000000000, 0.0000000000000000000, 0.0000000000000000000 ) ) ;
#4207 = CARTESIAN_POINT ( 'NONE',  ( -1.362413649183243036, -1.362413649183243480, 0.1000000000000000056 ) ) ;
#4208 = EDGE_CURVE ( 'NONE', #310, #1187, #3796, .T. ) ;
#4209 = DIRECTION ( 'NONE',  ( 1.084202172485504434E-16, -1.000000000000000000, 0.0000000000000000000 ) ) ;
#4210 = VERTEX_POINT ( 'NONE', #4867 ) ;
#4211 = AXIS2_PLACEMENT_3D ( 'NONE', #2132, #3260, #730 ) ;
#4212 = FILL_AREA_STYLE ('',( #6218 ) ) ;
#4213 = ORIENTED_EDGE ( 'NONE', *, *, #1827, .F. ) ;
#4214 = ORIENTED_EDGE ( 'NONE', *, *, #2083, .F. ) ;
#4215 = VECTOR ( 'NONE', #2256, 1000.000000000000000 ) ;
#4216 = PLANE ( 'NONE',  #1768 ) ;
#4217 = LINE ( 'NONE', #123, #4817 ) ;
#4218 = EDGE_LOOP ( 'NONE', ( #4921, #1272, #672, #835, #2738, #4948, #591, #354, #1212, #2589, #6225, #2091, #2128, #2023, #2182, #2071 ) ) ;
#4219 = VERTEX_POINT ( 'NONE', #2945 ) ;
#4220 = AXIS2_PLACEMENT_3D ( 'NONE', #6033, #2491, #2925 ) ;
#4221 = VERTEX_POINT ( 'NONE', #6368 ) ;
#4222 = ADVANCED_FACE ( 'NONE', ( #3868 ), #4474, .T. ) ;
#4223 = CARTESIAN_POINT ( 'NONE',  ( -1.110000000000000098, -1.810001167703612746, 0.4100000000000034728 ) ) ;
#4224 = FILL_AREA_STYLE_COLOUR ( '', #2166 ) ;
#4225 = DIRECTION ( 'NONE',  ( 0.0000000000000000000, -0.0000000000000000000, -1.000000000000000000 ) ) ;
#4226 = CARTESIAN_POINT ( 'NONE',  ( -1.400742627321156952, -1.499997242485289650, 0.7000224581550679170 ) ) ;
#4227 = PLANE ( 'NONE',  #4175 ) ;
#4228 = CARTESIAN_POINT ( 'NONE',  ( 1.110000000000000098, 2.500001167703629790, 0.2000000000000000389 ) ) ;
#4229 = AXIS2_PLACEMENT_3D ( 'NONE', #4234, #251, #3729 ) ;
#4230 = COLOUR_RGB ( '',0.0000000000000000000, 0.0000000000000000000, 0.0000000000000000000 ) ;
#4231 = DIRECTION ( 'NONE',  ( -1.000000000000000000, -2.168404344971008868E-16, -0.0000000000000000000 ) ) ;
#4232 = DIRECTION ( 'NONE',  ( -1.000000000000000000, 2.168404344971008868E-16, -0.0000000000000000000 ) ) ;
#4233 =( BOUNDED_CURVE ( )  B_SPLINE_CURVE ( 3, ( #6454, #2495, #3377, #878 ),
 .UNSPECIFIED., .F., .T. ) 
 B_SPLINE_CURVE_WITH_KNOTS ( ( 4, 4 ),
 ( -2.664535259100375697E-15, 0.007426341472519354739 ),
 .UNSPECIFIED. ) 
 CURVE ( )  GEOMETRIC_REPRESENTATION_ITEM ( )  RATIONAL_B_SPLINE_CURVE ( ( 1.000000000000000000, 0.9999954041263082738, 0.9999954041263082738, 1.000000000000000000 ) ) 
 REPRESENTATION_ITEM ( '' )  );
#4234 = CARTESIAN_POINT ( 'NONE',  ( -1.499999999999999556, -1.500000000000000000, 1.100000000000000089 ) ) ;
#4235 = ADVANCED_FACE ( 'NONE', ( #4830 ), #4415, .F. ) ;
#4236 = VECTOR ( 'NONE', #1821, 1000.000000000000000 ) ;
#4237 = PLANE ( 'NONE',  #5780 ) ;
#4238 = DIRECTION ( 'NONE',  ( 0.0000000000000000000, -1.000000000000000000, 0.0000000000000000000 ) ) ;
#4239 = ORIENTED_EDGE ( 'NONE', *, *, #3508, .T. ) ;
#4240 = DIRECTION ( 'NONE',  ( -1.401985567869210213E-16, -1.000000000000000000, 0.0000000000000000000 ) ) ;
#4241 = DIRECTION ( 'NONE',  ( -0.0000000000000000000, -0.0000000000000000000, 1.000000000000000000 ) ) ;
#4242 = EDGE_CURVE ( 'NONE', #1921, #5604, #5606, .T. ) ;
#4243 = CIRCLE ( 'NONE', #891, 0.2899999999999951505 ) ;
#4244 = ORIENTED_EDGE ( 'NONE', *, *, #2012, .T. ) ;
#4245 = CARTESIAN_POINT ( 'NONE',  ( -1.500000000000000000, 1.500000000000000000, 0.5000000000000106581 ) ) ;
#4246 = DIRECTION ( 'NONE',  ( 1.000000000000000000, 2.168404344971008868E-16, -0.0000000000000000000 ) ) ;
#4247 = CARTESIAN_POINT ( 'NONE',  ( 1.110000000000000098, -2.100001167703602345, 0.2900000000000007572 ) ) ;
#4248 = DIRECTION ( 'NONE',  ( 1.000000000000000000, 0.0000000000000000000, 0.0000000000000000000 ) ) ;
#4249 = LINE ( 'NONE', #6281, #4000 ) ;
#4250 = ORIENTED_EDGE ( 'NONE', *, *, #1544, .T. ) ;
#4251 = ORIENTED_EDGE ( 'NONE', *, *, #2235, .F. ) ;
#4252 = LINE ( 'NONE', #5819, #510 ) ;
#4253 = DIRECTION ( 'NONE',  ( 1.000000000000000000, -0.0000000000000000000, -0.0000000000000000000 ) ) ;
#4254 = CARTESIAN_POINT ( 'NONE',  ( 1.110000000000000098, -2.190001167703602203, 0.2900000000000002021 ) ) ;
#4255 = ORIENTED_EDGE ( 'NONE', *, *, #3018, .F. ) ;
#4256 = VECTOR ( 'NONE', #3352, 1000.000000000000000 ) ;
#4257 = VERTEX_POINT ( 'NONE', #5980 ) ;
#4258 = LINE ( 'NONE', #5672, #4215 ) ;
#4259 = SURFACE_SIDE_STYLE ('',( #1810 ) ) ;
#4260 = FACE_OUTER_BOUND ( 'NONE', #1227, .T. ) ;
#4261 = PRESENTATION_LAYER_ASSIGNMENT (  '', '', ( #2600 ) ) ;
#4262 = FACE_OUTER_BOUND ( 'NONE', #3224, .T. ) ;
#4263 = CYLINDRICAL_SURFACE ( 'NONE', #2354, 0.08999999999999980238 ) ;
#4264 = DIRECTION ( 'NONE',  ( 0.0000000000000000000, -0.0000000000000000000, 1.000000000000000000 ) ) ;
#4265 = UNCERTAINTY_MEASURE_WITH_UNIT (LENGTH_MEASURE( 1.000000000000000082E-05 ), #5929, 'distance_accuracy_value', 'NONE');
#4266 = SURFACE_STYLE_USAGE ( .BOTH. , #3291 ) ;
#4267 = VECTOR ( 'NONE', #1494, 1000.000000000000000 ) ;
#4268 = DIRECTION ( 'NONE',  ( 1.000000000000000000, 0.0000000000000000000, 0.0000000000000000000 ) ) ;
#4269 = ORIENTED_EDGE ( 'NONE', *, *, #188, .T. ) ;
#4270 = LINE ( 'NONE', #2638, #72 ) ;
#4271 = EDGE_CURVE ( 'NONE', #6131, #2185, #830, .T. ) ;
#4272 = CARTESIAN_POINT ( 'NONE',  ( 1.400742627321156952, 1.499997242485289872, 0.7000224581550680281 ) ) ;
#4273 = VECTOR ( 'NONE', #2126, 1000.000000000000000 ) ;
#4274 = COLOUR_RGB ( '',0.0000000000000000000, 0.0000000000000000000, 0.0000000000000000000 ) ;
#4275 = ORIENTED_EDGE ( 'NONE', *, *, #2859, .F. ) ;
#4276 = DIRECTION ( 'NONE',  ( 0.0000000000000000000, 0.0000000000000000000, -1.000000000000000000 ) ) ;
#4277 = PLANE ( 'NONE',  #4169 ) ;
#4278 = VECTOR ( 'NONE', #549, 1000.000000000000000 ) ;
#4279 = EDGE_CURVE ( 'NONE', #561, #3641, #2940, .T. ) ;
#4280 = STYLED_ITEM ( 'NONE', ( #3091 ), #1381 ) ;
#4281 = CARTESIAN_POINT ( 'NONE',  ( -0.8899999999999999023, 1.500000000000006883, 0.5000000000000042188 ) ) ;
#4282 = FACE_OUTER_BOUND ( 'NONE', #726, .T. ) ;
#4283 = ORIENTED_EDGE ( 'NONE', *, *, #2647, .T. ) ;
#4284 = ORIENTED_EDGE ( 'NONE', *, *, #5675, .T. ) ;
#4285 = FACE_OUTER_BOUND ( 'NONE', #3712, .T. ) ;
#4286 = PRESENTATION_LAYER_ASSIGNMENT (  '', '', ( #1044 ) ) ;
#4287 = CARTESIAN_POINT ( 'NONE',  ( -1.109999999999999876, 2.500000000000007105, 0.0000000000000000000 ) ) ;
#4288 = FILL_AREA_STYLE_COLOUR ( '', #5684 ) ;
#4289 = ORIENTED_EDGE ( 'NONE', *, *, #6221, .T. ) ;
#4290 = VECTOR ( 'NONE', #1224, 1000.000000000000000 ) ;
#4291 = STYLED_ITEM ( 'NONE', ( #6015 ), #1812 ) ;
#4292 = ORIENTED_EDGE ( 'NONE', *, *, #1327, .T. ) ;
#4293 = EDGE_CURVE ( 'NONE', #1362, #105, #3678, .T. ) ;
#4294 = ORIENTED_EDGE ( 'NONE', *, *, #3331, .T. ) ;
#4295 =( NAMED_UNIT ( * ) PLANE_ANGLE_UNIT ( ) SI_UNIT ( $, .RADIAN. ) );
#4296 = SURFACE_STYLE_FILL_AREA ( #3756 ) ;
#4297 =( LENGTH_UNIT ( ) NAMED_UNIT ( * ) SI_UNIT ( .MILLI., .METRE. ) );
#4298 = DIRECTION ( 'NONE',  ( -1.000000000000000000, 2.168404344971008868E-16, -0.0000000000000000000 ) ) ;
#4299 = CARTESIAN_POINT ( 'NONE',  ( 0.6100000000000002087, 2.100001167703602345, 0.6999999999999999556 ) ) ;
#4300 = CYLINDRICAL_SURFACE ( 'NONE', #2011, 0.2899999999999938183 ) ;
#4301 = SURFACE_STYLE_FILL_AREA ( #1252 ) ;
#4302 = FACE_OUTER_BOUND ( 'NONE', #1116, .T. ) ;
#4303 = DIRECTION ( 'NONE',  ( 1.084202172485504434E-16, -1.000000000000000000, 0.0000000000000000000 ) ) ;
#4304 = ORIENTED_EDGE ( 'NONE', *, *, #868, .T. ) ;
#4305 = DIRECTION ( 'NONE',  ( 0.0000000000000000000, 0.0000000000000000000, 1.000000000000000000 ) ) ;
#4306 = FACE_OUTER_BOUND ( 'NONE', #5753, .T. ) ;
#4307 = EDGE_CURVE ( 'NONE', #5575, #6307, #856, .T. ) ;
#4308 = ORIENTED_EDGE ( 'NONE', *, *, #5140, .T. ) ;
#4309 = CARTESIAN_POINT ( 'NONE',  ( 0.1100000000000000699, -1.810001167703612301, 0.4100000000000034728 ) ) ;
#4310 = DIRECTION ( 'NONE',  ( 0.0000000000000000000, 0.0000000000000000000, 1.000000000000000000 ) ) ;
#4311 = ORIENTED_EDGE ( 'NONE', *, *, #3597, .F. ) ;
#4312 = CARTESIAN_POINT ( 'NONE',  ( 1.453057514979606557, -1.353802899815473859, 1.082315860196093160 ) ) ;
#4313 = VECTOR ( 'NONE', #3454, 1000.000000000000000 ) ;
#4314 = CARTESIAN_POINT ( 'NONE',  ( -1.500000000000000000, 1.400000000000000133, 0.5000000000000106581 ) ) ;
#4315 = ORIENTED_EDGE ( 'NONE', *, *, #3287, .F. ) ;
#4316 = EDGE_LOOP ( 'NONE', ( #5322, #1760, #5796, #5500 ) ) ;
#4317 = FACE_OUTER_BOUND ( 'NONE', #5498, .T. ) ;
#4318 = DIRECTION ( 'NONE',  ( -1.000000000000000000, -0.0000000000000000000, -0.0000000000000000000 ) ) ;
#4319 = CARTESIAN_POINT ( 'NONE',  ( -1.110000000000000098, 1.900001167703612603, 0.2900000000000002021 ) ) ;
#4320 = ORIENTED_EDGE ( 'NONE', *, *, #330, .F. ) ;
#4321 = ORIENTED_EDGE ( 'NONE', *, *, #1436, .T. ) ;
#4322 = CARTESIAN_POINT ( 'NONE',  ( 0.1100000000000000699, 1.810001167703612301, 0.7000000000000010658 ) ) ;
#4323 = EDGE_CURVE ( 'NONE', #15, #3686, #546, .T. ) ;
#4324 = DIRECTION ( 'NONE',  ( 0.0000000000000000000, -1.000000000000000000, 0.0000000000000000000 ) ) ;
#4325 = DIRECTION ( 'NONE',  ( -1.000000000000000000, 0.0000000000000000000, -0.0000000000000000000 ) ) ;
#4326 = EDGE_CURVE ( 'NONE', #216, #3850, #758, .T. ) ;
#4327 = DIRECTION ( 'NONE',  ( 1.000000000000000000, 1.084202172485504434E-16, -0.0000000000000000000 ) ) ;
#4328 = CIRCLE ( 'NONE', #3255, 0.1000000000000000472 ) ;
#4329 = ORIENTED_EDGE ( 'NONE', *, *, #800, .F. ) ;
#4330 = VERTEX_POINT ( 'NONE', #6145 ) ;
#4331 = LINE ( 'NONE', #4857, #748 ) ;
#4332 = EDGE_CURVE ( 'NONE', #2618, #5903, #70, .T. ) ;
#4333 = SURFACE_STYLE_USAGE ( .BOTH. , #1850 ) ;
#4334 = AXIS2_PLACEMENT_3D ( 'NONE', #4595, #4538, #3971 ) ;
#4335 = VERTEX_POINT ( 'NONE', #5652 ) ;
#4336 = PRESENTATION_STYLE_ASSIGNMENT (( #5305 ) ) ;
#4338 = LINE ( 'NONE', #6364, #2931 ) ;
#4337 = AXIS2_PLACEMENT_3D ( 'NONE', #1341, #2929, #2965 ) ;
#4339 = VERTEX_POINT ( 'NONE', #6084 ) ;
#4340 = VECTOR ( 'NONE', #1173, 1000.000000000000000 ) ;
#4341 = CARTESIAN_POINT ( 'NONE',  ( -0.6100000000000000977, -1.500000000000000000, 0.6999999999999886313 ) ) ;
#4342 = DIRECTION ( 'NONE',  ( 0.0000000000000000000, 0.0000000000000000000, 1.000000000000000000 ) ) ;
#4343 = ORIENTED_EDGE ( 'NONE', *, *, #3822, .F. ) ;
#4344 = CIRCLE ( 'NONE', #998, 0.2899999999999951505 ) ;
#4345 = CARTESIAN_POINT ( 'NONE',  ( -1.500000000000000000, 1.500000000000000000, 0.5000000000000106581 ) ) ;
#4346 = VECTOR ( 'NONE', #4636, 1000.000000000000000 ) ;
#4347 = ADVANCED_FACE ( 'NONE', ( #2019 ), #1618, .F. ) ;
#4348 = ORIENTED_EDGE ( 'NONE', *, *, #6087, .T. ) ;
#4349 = MECHANICAL_DESIGN_GEOMETRIC_PRESENTATION_REPRESENTATION (  '', ( #2669 ), #2973 ) ;
#4350 = MECHANICAL_DESIGN_GEOMETRIC_PRESENTATION_REPRESENTATION (  '', ( #2861 ), #2250 ) ;
#4351 = CARTESIAN_POINT ( 'NONE',  ( -1.500000000000000000, 1.500000000000000000, 0.6999999999999886313 ) ) ;
#4352 = VERTEX_POINT ( 'NONE', #3534 ) ;
#4353 = ORIENTED_EDGE ( 'NONE', *, *, #3145, .T. ) ;
#4354 =( NAMED_UNIT ( * ) SI_UNIT ( $, .STERADIAN. ) SOLID_ANGLE_UNIT ( ) );
#4355 = CIRCLE ( 'NONE', #4981, 0.4999999999999995559 ) ;
#4356 = DIRECTION ( 'NONE',  ( -1.000000000000000000, -2.168404344971008868E-16, -0.0000000000000000000 ) ) ;
#4357 = DIRECTION ( 'NONE',  ( -1.000000000000000000, -2.168404344971008868E-16, -0.0000000000000000000 ) ) ;
#4358 = VERTEX_POINT ( 'NONE', #3077 ) ;
#4359 = CARTESIAN_POINT ( 'NONE',  ( -1.400247545284594608, -1.500000000000000000, 0.6999999999999888534 ) ) ;
#4360 = VERTEX_POINT ( 'NONE', #603 ) ;
#4361 = EDGE_CURVE ( 'NONE', #6291, #5412, #1000, .T. ) ;
#4362 = LINE ( 'NONE', #6386, #5664 ) ;
#4363 =( LENGTH_UNIT ( ) NAMED_UNIT ( * ) SI_UNIT ( .MILLI., .METRE. ) );
#4364 = DIRECTION ( 'NONE',  ( 1.000000000000000000, -1.084202172485504434E-16, 0.0000000000000000000 ) ) ;
#4365 = CARTESIAN_POINT ( 'NONE',  ( 1.499567327329789368, -1.458632135056575629, 0.4964761638838969260 ) ) ;
#4366 = ORIENTED_EDGE ( 'NONE', *, *, #6192, .F. ) ;
#4367 = DIRECTION ( 'NONE',  ( 2.184688683125946779E-15, 1.000000000000000000, -0.0000000000000000000 ) ) ;
#4368 =( NAMED_UNIT ( * ) SI_UNIT ( $, .STERADIAN. ) SOLID_ANGLE_UNIT ( ) );
#4369 = CARTESIAN_POINT ( 'NONE',  ( 0.1100000000000000144, 1.500000000000000000, 0.6999999999999999556 ) ) ;
#4370 = AXIS2_PLACEMENT_3D ( 'NONE', #3543, #3053, #5119 ) ;
#4371 = SURFACE_STYLE_USAGE ( .BOTH. , #4898 ) ;
#4372 = DIRECTION ( 'NONE',  ( -1.084202172485504434E-16, -1.000000000000000000, 0.0000000000000000000 ) ) ;
#4373 = FILL_AREA_STYLE_COLOUR ( '', #529 ) ;
#4374 = COLOUR_RGB ( '',0.0000000000000000000, 0.0000000000000000000, 0.0000000000000000000 ) ;
#4375 = VERTEX_POINT ( 'NONE', #4603 ) ;
#4376 = CARTESIAN_POINT ( 'NONE',  ( -0.6100000000000000977, -2.100001167703602789, 0.2900000000000007572 ) ) ;
#4377 = EDGE_CURVE ( 'NONE', #449, #977, #1987, .T. ) ;
#4378 = SURFACE_STYLE_FILL_AREA ( #2477 ) ;
#4379 = ORIENTED_EDGE ( 'NONE', *, *, #5480, .T. ) ;
#4380 = CARTESIAN_POINT ( 'NONE',  ( -0.8899999999999999023, -2.100001167703606786, 0.4100000000000035838 ) ) ;
#4381 = ORIENTED_EDGE ( 'NONE', *, *, #5146, .F. ) ;
#4382 = CYLINDRICAL_SURFACE ( 'NONE', #1617, 0.09000000000000023259 ) ;
#4383 = VECTOR ( 'NONE', #4423, 1000.000000000000000 ) ;
#4384 = CARTESIAN_POINT ( 'NONE',  ( 1.500000000000001110, 2.100001167703602345, 0.4100000000000035838 ) ) ;
#4385 = VERTEX_POINT ( 'NONE', #3506 ) ;
#4386 = ORIENTED_EDGE ( 'NONE', *, *, #6443, .T. ) ;
#4387 = CARTESIAN_POINT ( 'NONE',  ( 1.399999999999999689, 1.500000000000000000, 0.5000000000000106581 ) ) ;
#4388 = PRESENTATION_LAYER_ASSIGNMENT (  '', '', ( #4508 ) ) ;
#4389 = DIRECTION ( 'NONE',  ( -0.0000000000000000000, 1.000000000000000000, -0.0000000000000000000 ) ) ;
#4390 = AXIS2_PLACEMENT_3D ( 'NONE', #1019, #4029, #3067 ) ;
#4391 = LINE ( 'NONE', #2288, #1669 ) ;
#4392 = VERTEX_POINT ( 'NONE', #4044 ) ;
#4393 = DIRECTION ( 'NONE',  ( 1.000000000000000000, -2.168404344971008868E-16, -0.0000000000000000000 ) ) ;
#4394 = ORIENTED_EDGE ( 'NONE', *, *, #5800, .T. ) ;
#4395 = SURFACE_SIDE_STYLE ('',( #5360 ) ) ;
#4396 = UNCERTAINTY_MEASURE_WITH_UNIT (LENGTH_MEASURE( 1.000000000000000082E-05 ), #2549, 'distance_accuracy_value', 'NONE');
#4397 = DIRECTION ( 'NONE',  ( -1.445602896647339163E-16, 1.000000000000000000, -0.0000000000000000000 ) ) ;
#4398 = DIRECTION ( 'NONE',  ( -1.000000000000000000, 0.0000000000000000000, -0.0000000000000000000 ) ) ;
#4399 = LINE ( 'NONE', #2862, #4077 ) ;
#4400 = VECTOR ( 'NONE', #2602, 1000.000000000000000 ) ;
#4401 = ORIENTED_EDGE ( 'NONE', *, *, #2233, .T. ) ;
#4402 = CARTESIAN_POINT ( 'NONE',  ( 1.110000000000000098, -2.190001167703602203, 0.0000000000000000000 ) ) ;
#4403 = SURFACE_STYLE_USAGE ( .BOTH. , #2405 ) ;
#4404 = VECTOR ( 'NONE', #6289, 1000.000000000000000 ) ;
#4405 = FACE_OUTER_BOUND ( 'NONE', #6258, .T. ) ;
#4406 = PLANE ( 'NONE',  #4134 ) ;
#4407 = EDGE_CURVE ( 'NONE', #379, #977, #3775, .T. ) ;
#4408 = SURFACE_SIDE_STYLE ('',( #294 ) ) ;
#4409 = ADVANCED_FACE ( 'NONE', ( #1063 ), #3045, .T. ) ;
#4410 = FACE_OUTER_BOUND ( 'NONE', #4776, .T. ) ;
#4411 = ADVANCED_FACE ( 'NONE', ( #5011 ), #2108, .T. ) ;
#4412 = ORIENTED_EDGE ( 'NONE', *, *, #5555, .F. ) ;
#4413 = VERTEX_POINT ( 'NONE', #5550 ) ;
#4414 = CARTESIAN_POINT ( 'NONE',  ( 1.500000000000001110, -2.190001167703602203, 5.041540102057595618E-15 ) ) ;
#4415 = PLANE ( 'NONE',  #4204 ) ;
#4416 = ADVANCED_FACE ( 'NONE', ( #1585 ), #635, .T. ) ;
#4417 = ORIENTED_EDGE ( 'NONE', *, *, #6047, .T. ) ;
#4418 = CARTESIAN_POINT ( 'NONE',  ( -0.1099999999999998479, 2.500001167703630234, 0.2000000000000000389 ) ) ;
#4419 = CARTESIAN_POINT ( 'NONE',  ( -0.8899999999999997913, -2.190001167703602647, 0.0000000000000000000 ) ) ;
#4420 = ORIENTED_EDGE ( 'NONE', *, *, #1064, .F. ) ;
#4421 = ORIENTED_EDGE ( 'NONE', *, *, #367, .F. ) ;
#4422 = EDGE_CURVE ( 'NONE', #105, #1066, #4726, .T. ) ;
#4423 = DIRECTION ( 'NONE',  ( -1.000000000000000000, 2.168404344971008868E-16, -0.0000000000000000000 ) ) ;
#4424 = DIRECTION ( 'NONE',  ( -0.0000000000000000000, -0.0000000000000000000, -1.000000000000000000 ) ) ;
#4425 = CIRCLE ( 'NONE', #6031, 0.2899999999999951505 ) ;
#4426 = ORIENTED_EDGE ( 'NONE', *, *, #6039, .F. ) ;
#4427 = FACE_OUTER_BOUND ( 'NONE', #462, .T. ) ;
#4428 = ORIENTED_EDGE ( 'NONE', *, *, #2647, .F. ) ;
#4429 =( LENGTH_UNIT ( ) NAMED_UNIT ( * ) SI_UNIT ( .MILLI., .METRE. ) );
#4430 = PRESENTATION_STYLE_ASSIGNMENT (( #2860 ) ) ;
#4431 = VECTOR ( 'NONE', #1485, 1000.000000000000000 ) ;
#4432 =( LENGTH_UNIT ( ) NAMED_UNIT ( * ) SI_UNIT ( .MILLI., .METRE. ) );
#4433 = ORIENTED_EDGE ( 'NONE', *, *, #5352, .T. ) ;
#4434 = ADVANCED_FACE ( 'NONE', ( #663 ), #6300, .T. ) ;
#4435 = CIRCLE ( 'NONE', #4847, 0.2899999999999938738 ) ;
#4436 = VERTEX_POINT ( 'NONE', #2723 ) ;
#4437 = FACE_OUTER_BOUND ( 'NONE', #4783, .T. ) ;
#4438 = CARTESIAN_POINT ( 'NONE',  ( 0.3899999999999999578, -2.190001167703602647, 0.2900000000000002021 ) ) ;
#4439 = LINE ( 'NONE', #3458, #2243 ) ;
#4440 = STYLED_ITEM ( 'NONE', ( #4562 ), #4676 ) ;
#4441 = LINE ( 'NONE', #6464, #5582 ) ;
#4442 = FILL_AREA_STYLE ('',( #444 ) ) ;
#4443 = ORIENTED_EDGE ( 'NONE', *, *, #4083, .F. ) ;
#4444 = DIRECTION ( 'NONE',  ( -1.084202172485504434E-16, 1.000000000000000000, -0.0000000000000000000 ) ) ;
#4445 = VECTOR ( 'NONE', #1078, 1000.000000000000000 ) ;
#4446 = DIRECTION ( 'NONE',  ( 0.0000000000000000000, 1.000000000000000000, 0.0000000000000000000 ) ) ;
#4447 = EDGE_CURVE ( 'NONE', #1387, #1921, #3696, .T. ) ;
#4448 = ORIENTED_EDGE ( 'NONE', *, *, #6205, .T. ) ;
#4449 = PRESENTATION_LAYER_ASSIGNMENT (  '', '', ( #994 ) ) ;
#4450 = DIRECTION ( 'NONE',  ( 0.0000000000000000000, 1.000000000000000000, 2.108170890944030965E-14 ) ) ;
#4451 = EDGE_CURVE ( 'NONE', #2359, #3599, #4632, .T. ) ;
#4452 = DIRECTION ( 'NONE',  ( 0.0000000000000000000, 0.0000000000000000000, -1.000000000000000000 ) ) ;
#4453 = ORIENTED_EDGE ( 'NONE', *, *, #2063, .F. ) ;
#4454 = AXIS2_PLACEMENT_3D ( 'NONE', #293, #2874, #3735 ) ;
#4455 = ORIENTED_EDGE ( 'NONE', *, *, #3627, .F. ) ;
#4456 = COLOUR_RGB ( '',0.7960784313725489669, 0.8235294117647058432, 0.9372549019607843146 ) ;
#4457 = DIRECTION ( 'NONE',  ( -2.168404344971008868E-16, -1.000000000000000000, 0.0000000000000000000 ) ) ;
#4458 = MECHANICAL_DESIGN_GEOMETRIC_PRESENTATION_REPRESENTATION (  '', ( #3177 ), #681 ) ;
#4459 = EDGE_LOOP ( 'NONE', ( #1796, #2857, #4482, #1545 ) ) ;
#4460 = CARTESIAN_POINT ( 'NONE',  ( -1.402197954205392394, -1.501452569369525092, 0.5118302281560888067 ) ) ;
#4461 = ORIENTED_EDGE ( 'NONE', *, *, #2722, .F. ) ;
#4462 =( NAMED_UNIT ( * ) PLANE_ANGLE_UNIT ( ) SI_UNIT ( $, .RADIAN. ) );
#4463 = DIRECTION ( 'NONE',  ( 0.0000000000000000000, 0.0000000000000000000, -1.000000000000000000 ) ) ;
#4464 = CARTESIAN_POINT ( 'NONE',  ( -1.461668264347375734, 1.362413649183243480, 0.1878130656594855508 ) ) ;
#4465 = DIRECTION ( 'NONE',  ( -0.0000000000000000000, -0.0000000000000000000, -1.000000000000000000 ) ) ;
#4466 = ORIENTED_EDGE ( 'NONE', *, *, #3783, .T. ) ;
#4467 = VERTEX_POINT ( 'NONE', #1219 ) ;
#4468 = CARTESIAN_POINT ( 'NONE',  ( 1.110000000000000098, -1.900001167703611937, 0.6999999999999999556 ) ) ;
#4469 = ORIENTED_EDGE ( 'NONE', *, *, #5008, .T. ) ;
#4470 = CARTESIAN_POINT ( 'NONE',  ( -0.8899999999999997913, -0.8900000000000000133, 1.099900000000000100 ) ) ;
#4471 =( LENGTH_UNIT ( ) NAMED_UNIT ( * ) SI_UNIT ( .MILLI., .METRE. ) );
#4472 = LINE ( 'NONE', #3939, #4507 ) ;
#4473 = EDGE_LOOP ( 'NONE', ( #5358, #198, #4022, #6135, #3583, #4426, #633, #5309, #273, #3400, #2864, #1929 ) ) ;
#4474 = CYLINDRICAL_SURFACE ( 'NONE', #656, 0.1000000000000000749 ) ;
#4475 = ORIENTED_EDGE ( 'NONE', *, *, #3093, .F. ) ;
#4476 = AXIS2_PLACEMENT_3D ( 'NONE', #3131, #5645, #627 ) ;
#4477 = CYLINDRICAL_SURFACE ( 'NONE', #2407, 0.2899999999999938183 ) ;
#4478 = EDGE_CURVE ( 'NONE', #4581, #872, #2224, .T. ) ;
#4479 = ORIENTED_EDGE ( 'NONE', *, *, #4088, .F. ) ;
#4480 = EDGE_CURVE ( 'NONE', #815, #5525, #3202, .T. ) ;
#4481 = DIRECTION ( 'NONE',  ( -0.0000000000000000000, -0.0000000000000000000, -1.000000000000000000 ) ) ;
#4482 = ORIENTED_EDGE ( 'NONE', *, *, #3635, .T. ) ;
#4483 = VECTOR ( 'NONE', #236, 1000.000000000000000 ) ;
#4484 = FACE_OUTER_BOUND ( 'NONE', #2459, .T. ) ;
#4485 = VECTOR ( 'NONE', #4686, 1000.000000000000000 ) ;
#4486 = ADVANCED_FACE ( 'NONE', ( #1250 ), #5705, .F. ) ;
#4487 = ORIENTED_EDGE ( 'NONE', *, *, #5008, .F. ) ;
#4488 = EDGE_CURVE ( 'NONE', #3429, #512, #3051, .T. ) ;
#4489 = VERTEX_POINT ( 'NONE', #284 ) ;
#4490 = DIRECTION ( 'NONE',  ( 0.0000000000000000000, -1.000000000000000000, 0.0000000000000000000 ) ) ;
#4491 = VERTEX_POINT ( 'NONE', #5207 ) ;
#4492 = ORIENTED_EDGE ( 'NONE', *, *, #1189, .F. ) ;
#4493 =( NAMED_UNIT ( * ) SI_UNIT ( $, .STERADIAN. ) SOLID_ANGLE_UNIT ( ) );
#4494 = AXIS2_PLACEMENT_3D ( 'NONE', #2096, #4092, #6134 ) ;
#4495 = VECTOR ( 'NONE', #2286, 1000.000000000000000 ) ;
#4496 =( NAMED_UNIT ( * ) PLANE_ANGLE_UNIT ( ) SI_UNIT ( $, .RADIAN. ) );
#4497 = EDGE_CURVE ( 'NONE', #2769, #1483, #5279, .T. ) ;
#4498 = CARTESIAN_POINT ( 'NONE',  ( -0.3899999999999999578, 1.810001167703612523, 0.7000000000000010658 ) ) ;
#4499 = CARTESIAN_POINT ( 'NONE',  ( -0.3899999999999999023, 2.500000000000003553, 0.6999999999999999556 ) ) ;
#4500 = EDGE_CURVE ( 'NONE', #2703, #216, #1677, .T. ) ;
#4501 = ORIENTED_EDGE ( 'NONE', *, *, #1318, .T. ) ;
#4502 = ORIENTED_EDGE ( 'NONE', *, *, #2999, .T. ) ;
#4503 = CARTESIAN_POINT ( 'NONE',  ( -1.189999999999999725, -0.8900000000000000133, 1.099900000000000100 ) ) ;
#4504 = DIRECTION ( 'NONE',  ( 0.0000000000000000000, 0.0000000000000000000, 1.000000000000000000 ) ) ;
#4505 = DIRECTION ( 'NONE',  ( -1.000000000000000000, 1.084202172485504434E-16, 0.0000000000000000000 ) ) ;
#4506 = DIRECTION ( 'NONE',  ( -1.000000000000000000, -0.0000000000000000000, -0.0000000000000000000 ) ) ;
#4507 = VECTOR ( 'NONE', #6502, 1000.000000000000000 ) ;
#4508 = STYLED_ITEM ( 'NONE', ( #4853 ), #2028 ) ;
#4509 = CYLINDRICAL_SURFACE ( 'NONE', #2853, 0.2999999999999998224 ) ;
#4510 = VERTEX_POINT ( 'NONE', #1644 ) ;
#4511 = VECTOR ( 'NONE', #778, 1000.000000000000000 ) ;
#4512 = DIRECTION ( 'NONE',  ( 1.445602896647339163E-16, -1.000000000000000000, 0.0000000000000000000 ) ) ;
#4513 = VECTOR ( 'NONE', #4253, 1000.000000000000000 ) ;
#4514 = VERTEX_POINT ( 'NONE', #3632 ) ;
#4515 = SURFACE_STYLE_FILL_AREA ( #1004 ) ;
#4516 = DIRECTION ( 'NONE',  ( -1.000000000000000000, 2.168404344971008868E-16, -0.0000000000000000000 ) ) ;
#4517 = ORIENTED_EDGE ( 'NONE', *, *, #2177, .F. ) ;
#4518 = PLANE ( 'NONE',  #1099 ) ;
#4519 = EDGE_CURVE ( 'NONE', #5418, #1293, #690, .T. ) ;
#4520 = DIRECTION ( 'NONE',  ( -1.000000000000000000, 0.0000000000000000000, 0.0000000000000000000 ) ) ;
#4521 = VERTEX_POINT ( 'NONE', #2163 ) ;
#4522 = CARTESIAN_POINT ( 'NONE',  ( -1.501452569369525092, 1.402197954205392838, 0.5118302281560888067 ) ) ;
#4523 = DIRECTION ( 'NONE',  ( -1.000000000000000000, -1.084202172485504434E-16, 0.0000000000000000000 ) ) ;
#4524 = CARTESIAN_POINT ( 'NONE',  ( -1.500000000000000000, 1.500000000000000000, 0.5000000000000106581 ) ) ;
#4525 = ORIENTED_EDGE ( 'NONE', *, *, #1586, .F. ) ;
#4526 =( NAMED_UNIT ( * ) SI_UNIT ( $, .STERADIAN. ) SOLID_ANGLE_UNIT ( ) );
#4527 = VECTOR ( 'NONE', #311, 1000.000000000000000 ) ;
#4528 = EDGE_CURVE ( 'NONE', #4221, #1231, #4162, .T. ) ;
#4529 = DIRECTION ( 'NONE',  ( 2.168404344971008868E-16, 1.000000000000000000, 0.0000000000000000000 ) ) ;
#4530 = VECTOR ( 'NONE', #6009, 1000.000000000000000 ) ;
#4531 = DIRECTION ( 'NONE',  ( 1.000000000000000000, -1.084202172485504434E-16, 0.0000000000000000000 ) ) ;
#4532 = EDGE_CURVE ( 'NONE', #4662, #5012, #3786, .T. ) ;
#4533 = ORIENTED_EDGE ( 'NONE', *, *, #2457, .F. ) ;
#4534 = CARTESIAN_POINT ( 'NONE',  ( 1.500000000000001110, -1.810001167703612079, 0.4100000000000034728 ) ) ;
#4535 = CIRCLE ( 'NONE', #6439, 0.1000000000000000749 ) ;
#4536 = DIRECTION ( 'NONE',  ( -1.000000000000000000, 0.0000000000000000000, -0.0000000000000000000 ) ) ;
#4537 = UNCERTAINTY_MEASURE_WITH_UNIT (LENGTH_MEASURE( 1.000000000000000082E-05 ), #996, 'distance_accuracy_value', 'NONE');
#4538 = DIRECTION ( 'NONE',  ( 0.0000000000000000000, 1.000000000000000000, 0.0000000000000000000 ) ) ;
#4539 = EDGE_CURVE ( 'NONE', #2707, #5056, #1378, .T. ) ;
#4540 = FILL_AREA_STYLE_COLOUR ( '', #4035 ) ;
#4541 = FACE_OUTER_BOUND ( 'NONE', #5810, .T. ) ;
#4542 = DIRECTION ( 'NONE',  ( 1.000000000000000000, 0.0000000000000000000, 0.0000000000000000000 ) ) ;
#4543 = ORIENTED_EDGE ( 'NONE', *, *, #3783, .F. ) ;
#4544 = PRESENTATION_LAYER_ASSIGNMENT (  '', '', ( #3574 ) ) ;
#4545 = LINE ( 'NONE', #1422, #1775 ) ;
#4546 = STYLED_ITEM ( 'NONE', ( #4752 ), #4682 ) ;
#4547 = LINE ( 'NONE', #6178, #555 ) ;
#4548 = ORIENTED_EDGE ( 'NONE', *, *, #6290, .T. ) ;
#4549 = EDGE_CURVE ( 'NONE', #4709, #4965, #3249, .T. ) ;
#4550 = EDGE_LOOP ( 'NONE', ( #928, #1631, #4348 ) ) ;
#4551 = ORIENTED_EDGE ( 'NONE', *, *, #2712, .T. ) ;
#4552 =( GEOMETRIC_REPRESENTATION_CONTEXT ( 3 ) GLOBAL_UNCERTAINTY_ASSIGNED_CONTEXT ( ( #3844 ) ) GLOBAL_UNIT_ASSIGNED_CONTEXT ( ( #1033, #5706, #1645 ) ) REPRESENTATION_CONTEXT ( 'NONE', 'WORKASPACE' ) );
#4553 = STYLED_ITEM ( 'NONE', ( #2521 ), #5172 ) ;
#4554 = ORIENTED_EDGE ( 'NONE', *, *, #4326, .F. ) ;
#4555 = CARTESIAN_POINT ( 'NONE',  ( 1.400000000000000133, -1.500000000000000000, 0.6999999999999886313 ) ) ;
#4556 = CARTESIAN_POINT ( 'NONE',  ( 1.362413649183243036, 1.362413649183243480, 0.2000000000000000111 ) ) ;
#4557 = DIRECTION ( 'NONE',  ( 0.0000000000000000000, 1.000000000000000000, 0.0000000000000000000 ) ) ;
#4558 = COLOUR_RGB ( '',0.7960784313725489669, 0.8235294117647058432, 0.9372549019607843146 ) ;
#4559 = EDGE_LOOP ( 'NONE', ( #5933, #1432, #5759, #5697 ) ) ;
#4560 = LINE ( 'NONE', #536, #3143 ) ;
#4561 = PRESENTATION_LAYER_ASSIGNMENT (  '', '', ( #2861 ) ) ;
#4562 = PRESENTATION_STYLE_ASSIGNMENT (( #2569 ) ) ;
#4563 = DIRECTION ( 'NONE',  ( 6.994852725712336624E-16, 1.000000000000000000, 0.0000000000000000000 ) ) ;
#4564 = CARTESIAN_POINT ( 'NONE',  ( 1.500000000000001110, -2.190001167703603091, 0.2000000000000002331 ) ) ;
#4565 = DIRECTION ( 'NONE',  ( 0.0000000000000000000, 0.0000000000000000000, 1.000000000000000000 ) ) ;
#4566 = EDGE_CURVE ( 'NONE', #4954, #695, #4435, .T. ) ;
#4567 = CARTESIAN_POINT ( 'NONE',  ( -0.6099999999999999867, 2.500000000000003553, 0.0000000000000000000 ) ) ;
#4568 = CARTESIAN_POINT ( 'NONE',  ( -0.3900000000000000133, -1.500000000000003553, 0.6999999999999999556 ) ) ;
#4569 = CARTESIAN_POINT ( 'NONE',  ( -1.110000000000000098, 2.190001167703602647, 0.2900000000000002021 ) ) ;
#4570 = EDGE_CURVE ( 'NONE', #2246, #228, #3933, .T. ) ;
#4571 = LINE ( 'NONE', #3265, #317 ) ;
#4572 = EDGE_LOOP ( 'NONE', ( #5670, #6369, #4093, #4114 ) ) ;
#4573 = ADVANCED_FACE ( 'NONE', ( #3384 ), #1412, .F. ) ;
#4574 = DIRECTION ( 'NONE',  ( 0.0000000000000000000, -1.000000000000000000, 0.0000000000000000000 ) ) ;
#4575 = CARTESIAN_POINT ( 'NONE',  ( -0.8899999999999999023, 2.100001167703606786, 0.4100000000000035838 ) ) ;
#4576 = ORIENTED_EDGE ( 'NONE', *, *, #6354, .F. ) ;
#4577 = CARTESIAN_POINT ( 'NONE',  ( 1.500000000000001110, 2.190001167703603091, 0.2000000000000000389 ) ) ;
#4578 = LINE ( 'NONE', #556, #2791 ) ;
#4579 = FILL_AREA_STYLE_COLOUR ( '', #824 ) ;
#4580 = ORIENTED_EDGE ( 'NONE', *, *, #1553, .T. ) ;
#4581 = VERTEX_POINT ( 'NONE', #2903 ) ;
#4582 = FACE_OUTER_BOUND ( 'NONE', #6249, .T. ) ;
#4583 = AXIS2_PLACEMENT_3D ( 'NONE', #3038, #2154, #210 ) ;
#4584 = ORIENTED_EDGE ( 'NONE', *, *, #4927, .F. ) ;
#4585 =( LENGTH_UNIT ( ) NAMED_UNIT ( * ) SI_UNIT ( .MILLI., .METRE. ) );
#4586 = DIRECTION ( 'NONE',  ( -1.000000000000000000, 0.0000000000000000000, 0.0000000000000000000 ) ) ;
#4587 = CARTESIAN_POINT ( 'NONE',  ( 1.500000000000001110, -1.900001167703611937, 0.2900000000000002021 ) ) ;
#4588 = CIRCLE ( 'NONE', #4684, 0.09000000000000023259 ) ;
#4589 = CARTESIAN_POINT ( 'NONE',  ( -0.8899999999999999023, -1.500000000000006883, 0.0000000000000000000 ) ) ;
#4590 = ORIENTED_EDGE ( 'NONE', *, *, #1484, .F. ) ;
#4591 = ORIENTED_EDGE ( 'NONE', *, *, #5101, .T. ) ;
#4592 = ADVANCED_FACE ( 'NONE', ( #1345 ), #3351, .T. ) ;
#4593 = CARTESIAN_POINT ( 'NONE',  ( 0.3899999999999999578, -1.500000000000000000, 0.6999999999999886313 ) ) ;
#4594 = PRESENTATION_STYLE_ASSIGNMENT (( #5133 ) ) ;
#4595 = CARTESIAN_POINT ( 'NONE',  ( -1.499999999999999556, -1.500000000000000000, 1.100000000000000089 ) ) ;
#4596 = CYLINDRICAL_SURFACE ( 'NONE', #5041, 0.2899999999999951505 ) ;
#4597 = MECHANICAL_DESIGN_GEOMETRIC_PRESENTATION_REPRESENTATION (  '', ( #418 ), #2291 ) ;
#4598 = MECHANICAL_DESIGN_GEOMETRIC_PRESENTATION_REPRESENTATION (  '', ( #2509 ), #5881 ) ;
#4599 = FACE_OUTER_BOUND ( 'NONE', #3035, .T. ) ;
#4600 = VERTEX_POINT ( 'NONE', #4094 ) ;
#4601 = ORIENTED_EDGE ( 'NONE', *, *, #2859, .T. ) ;
#4602 = FILL_AREA_STYLE ('',( #2073 ) ) ;
#4603 = CARTESIAN_POINT ( 'NONE',  ( 0.1100000000000000699, 2.100001167703606786, 0.4100000000000035838 ) ) ;
#4604 = AXIS2_PLACEMENT_3D ( 'NONE', #2788, #2311, #3903 ) ;
#4605 = EDGE_CURVE ( 'NONE', #3214, #4358, #2216, .T. ) ;
#4606 = EDGE_CURVE ( 'NONE', #105, #6179, #3070, .T. ) ;
#4607 = CARTESIAN_POINT ( 'NONE',  ( -0.1100000000000000699, 1.900001167703612825, 0.4100000000000028066 ) ) ;
#4608 = VECTOR ( 'NONE', #1399, 1000.000000000000000 ) ;
#4609 = CIRCLE ( 'NONE', #3222, 0.08999999999999980238 ) ;
#4610 = ORIENTED_EDGE ( 'NONE', *, *, #1232, .T. ) ;
#4611 = LINE ( 'NONE', #3542, #1592 ) ;
#4612 = EDGE_CURVE ( 'NONE', #1293, #520, #3007, .T. ) ;
#4613 = CARTESIAN_POINT ( 'NONE',  ( 1.500000000000001110, 2.190001167703602203, 0.2900000000000002021 ) ) ;
#4614 = DIRECTION ( 'NONE',  ( 0.0000000000000000000, 0.9925461516413223162, -0.1218693434051442148 ) ) ;
#4615 = EDGE_CURVE ( 'NONE', #1330, #2812, #94, .T. ) ;
#4616 = ORIENTED_EDGE ( 'NONE', *, *, #1925, .T. ) ;
#4617 = ORIENTED_EDGE ( 'NONE', *, *, #385, .F. ) ;
#4618 = VERTEX_POINT ( 'NONE', #3037 ) ;
#4619 = EDGE_CURVE ( 'NONE', #2448, #797, #1510, .T. ) ;
#4620 = CARTESIAN_POINT ( 'NONE',  ( 1.500000000000001110, 1.500001167703639116, 0.5000000000000042188 ) ) ;
#4621 = DIRECTION ( 'NONE',  ( -0.0000000000000000000, -0.0000000000000000000, -1.000000000000000000 ) ) ;
#4622 =( BOUNDED_CURVE ( )  B_SPLINE_CURVE ( 3, ( #2954, #4984, #487, #2845 ),
 .UNSPECIFIED., .F., .T. ) 
 B_SPLINE_CURVE_WITH_KNOTS ( ( 4, 4 ),
 ( 3.134166312117271591, 3.141592653589795336 ),
 .UNSPECIFIED. ) 
 CURVE ( )  GEOMETRIC_REPRESENTATION_ITEM ( )  RATIONAL_B_SPLINE_CURVE ( ( 1.000000000000000000, 0.9999954041263082738, 0.9999954041263082738, 1.000000000000000000 ) ) 
 REPRESENTATION_ITEM ( '' )  );
#4623 = ORIENTED_EDGE ( 'NONE', *, *, #5966, .T. ) ;
#4624 = LINE ( 'NONE', #6292, #3472 ) ;
#4625 =( GEOMETRIC_REPRESENTATION_CONTEXT ( 3 ) GLOBAL_UNCERTAINTY_ASSIGNED_CONTEXT ( ( #1054 ) ) GLOBAL_UNIT_ASSIGNED_CONTEXT ( ( #5369, #796, #2228 ) ) REPRESENTATION_CONTEXT ( 'NONE', 'WORKASPACE' ) );
#4626 = CARTESIAN_POINT ( 'NONE',  ( -0.3899999999999999578, -2.190001167703602647, 0.2900000000000002021 ) ) ;
#4627 = DIRECTION ( 'NONE',  ( -1.000000000000000000, -2.168404344971008868E-16, -0.0000000000000000000 ) ) ;
#4628 = ORIENTED_EDGE ( 'NONE', *, *, #262, .T. ) ;
#4629 = ORIENTED_EDGE ( 'NONE', *, *, #4488, .T. ) ;
#4630 = VECTOR ( 'NONE', #2280, 1000.000000000000000 ) ;
#4631 = CARTESIAN_POINT ( 'NONE',  ( -1.499999999999999556, -1.500000000000000000, 0.6999999999999886313 ) ) ;
#4632 = LINE ( 'NONE', #1283, #4738 ) ;
#4633 = AXIS2_PLACEMENT_3D ( 'NONE', #1521, #4073, #38 ) ;
#4634 = LINE ( 'NONE', #5113, #3853 ) ;
#4635 = DIRECTION ( 'NONE',  ( 1.000000000000000000, 0.0000000000000000000, 0.0000000000000000000 ) ) ;
#4636 = DIRECTION ( 'NONE',  ( -1.084202172485504434E-16, -1.000000000000000000, 0.0000000000000000000 ) ) ;
#4637 = AXIS2_PLACEMENT_3D ( 'NONE', #154, #5171, #3229 ) ;
#4638 = ADVANCED_FACE ( 'NONE', ( #5037 ), #3969, .T. ) ;
#4639 = DIRECTION ( 'NONE',  ( -1.084202172485504434E-16, -1.000000000000000000, 0.0000000000000000000 ) ) ;
#4640 = VERTEX_POINT ( 'NONE', #1979 ) ;
#4641 = FACE_OUTER_BOUND ( 'NONE', #3134, .T. ) ;
#4642 = AXIS2_PLACEMENT_3D ( 'NONE', #2975, #595, #1579 ) ;
#4643 = EDGE_CURVE ( 'NONE', #3257, #5198, #1501, .T. ) ;
#4644 = LINE ( 'NONE', #4667, #2301 ) ;
#4645 = VERTEX_POINT ( 'NONE', #4593 ) ;
#4646 = EDGE_CURVE ( 'NONE', #3124, #3004, #664, .T. ) ;
#4647 = ORIENTED_EDGE ( 'NONE', *, *, #625, .F. ) ;
#4648 =( GEOMETRIC_REPRESENTATION_CONTEXT ( 3 ) GLOBAL_UNCERTAINTY_ASSIGNED_CONTEXT ( ( #2927 ) ) GLOBAL_UNIT_ASSIGNED_CONTEXT ( ( #2562, #4462, #4493 ) ) REPRESENTATION_CONTEXT ( 'NONE', 'WORKASPACE' ) );
#4649 = DIRECTION ( 'NONE',  ( 0.0000000000000000000, 0.0000000000000000000, -1.000000000000000000 ) ) ;
#4650 = CARTESIAN_POINT ( 'NONE',  ( -1.109999999999999876, 1.500000000000000000, 0.6999999999999886313 ) ) ;
#4651 = VECTOR ( 'NONE', #4397, 1000.000000000000000 ) ;
#4652 = ORIENTED_EDGE ( 'NONE', *, *, #4451, .F. ) ;
#4653 = CARTESIAN_POINT ( 'NONE',  ( -1.499999999999999556, -1.362413649183243480, 1.000000000000000000 ) ) ;
#4654 = DIRECTION ( 'NONE',  ( 1.000000000000000000, 1.084202172485504434E-16, -0.0000000000000000000 ) ) ;
#4655 = UNCERTAINTY_MEASURE_WITH_UNIT (LENGTH_MEASURE( 1.000000000000000082E-05 ), #5528, 'distance_accuracy_value', 'NONE');
#4656 = VECTOR ( 'NONE', #4771, 1000.000000000000000 ) ;
#4657 = CARTESIAN_POINT ( 'NONE',  ( 1.500000000000001110, -2.100001167703602345, 0.4100000000000035838 ) ) ;
#4658 = ORIENTED_EDGE ( 'NONE', *, *, #1003, .F. ) ;
#4659 = DIRECTION ( 'NONE',  ( -1.000000000000000000, -2.168404344971008868E-16, -0.0000000000000000000 ) ) ;
#4660 = VECTOR ( 'NONE', #3066, 1000.000000000000000 ) ;
#4661 = CARTESIAN_POINT ( 'NONE',  ( -1.399999999999999467, -1.500000000000000000, 0.6999999999999886313 ) ) ;
#4662 = VERTEX_POINT ( 'NONE', #2009 ) ;
#4663 = CARTESIAN_POINT ( 'NONE',  ( 0.6100000000000002087, 2.500000000000000000, 0.6999999999999999556 ) ) ;
#4664 = VERTEX_POINT ( 'NONE', #4063 ) ;
#4665 = DIRECTION ( 'NONE',  ( -1.000000000000000000, 1.084202172485504434E-16, 0.0000000000000000000 ) ) ;
#4666 = ADVANCED_FACE ( 'NONE', ( #5607 ), #5068, .T. ) ;
#4667 = CARTESIAN_POINT ( 'NONE',  ( 0.3900000000000000133, -1.900001167703612159, 0.6999999999999999556 ) ) ;
#4668 = ORIENTED_EDGE ( 'NONE', *, *, #3822, .T. ) ;
#4669 = ORIENTED_EDGE ( 'NONE', *, *, #5140, .F. ) ;
#4670 =( LENGTH_UNIT ( ) NAMED_UNIT ( * ) SI_UNIT ( .MILLI., .METRE. ) );
#4671 = ORIENTED_EDGE ( 'NONE', *, *, #5425, .F. ) ;
#4672 = SURFACE_SIDE_STYLE ('',( #3806 ) ) ;
#4673 = ORIENTED_EDGE ( 'NONE', *, *, #4762, .F. ) ;
#4674 =( GEOMETRIC_REPRESENTATION_CONTEXT ( 3 ) GLOBAL_UNCERTAINTY_ASSIGNED_CONTEXT ( ( #852 ) ) GLOBAL_UNIT_ASSIGNED_CONTEXT ( ( #521, #1109, #1069 ) ) REPRESENTATION_CONTEXT ( 'NONE', 'WORKASPACE' ) );
#4675 = ORIENTED_EDGE ( 'NONE', *, *, #6007, .T. ) ;
#4676 = ADVANCED_FACE ( 'NONE', ( #6042 ), #3495, .T. ) ;
#4677 = CARTESIAN_POINT ( 'NONE',  ( -1.499999999999999556, -1.500000000000000000, 1.100000000000000089 ) ) ;
#4678 = ADVANCED_FACE ( 'NONE', ( #4717 ), #4188, .F. ) ;
#4679 = CARTESIAN_POINT ( 'NONE',  ( -0.6100000000000000977, 1.500001167703639560, 0.5000000000000042188 ) ) ;
#4680 = ORIENTED_EDGE ( 'NONE', *, *, #805, .T. ) ;
#4681 = CARTESIAN_POINT ( 'NONE',  ( -0.3900000000000000133, 1.500000000000003553, 0.6999999999999999556 ) ) ;
#4682 = ADVANCED_FACE ( 'NONE', ( #5644 ), #5698, .T. ) ;
#4683 = CARTESIAN_POINT ( 'NONE',  ( 1.499999999999999556, 1.399999999999999911, 1.100000000000000089 ) ) ;
#4684 = AXIS2_PLACEMENT_3D ( 'NONE', #2124, #3153, #1053 ) ;
#4685 = SURFACE_STYLE_FILL_AREA ( #2687 ) ;
#4686 = DIRECTION ( 'NONE',  ( -1.000000000000000000, -2.168404344971008868E-16, -0.0000000000000000000 ) ) ;
#4687 = EDGE_CURVE ( 'NONE', #2731, #2185, #5728, .T. ) ;
#4688 = DIRECTION ( 'NONE',  ( -1.000000000000000000, -0.0000000000000000000, 0.0000000000000000000 ) ) ;
#4689 = ORIENTED_EDGE ( 'NONE', *, *, #469, .T. ) ;
#4690 = VECTOR ( 'NONE', #3545, 1000.000000000000000 ) ;
#4691 = ORIENTED_EDGE ( 'NONE', *, *, #4619, .F. ) ;
#4692 = DIRECTION ( 'NONE',  ( -1.000000000000000000, 2.168404344971008868E-16, -0.0000000000000000000 ) ) ;
#4693 = AXIS2_PLACEMENT_3D ( 'NONE', #3338, #4882, #2391 ) ;
#4694 = DIRECTION ( 'NONE',  ( 0.0000000000000000000, 1.000000000000000000, 0.0000000000000000000 ) ) ;
#4695 = LINE ( 'NONE', #2611, #4696 ) ;
#4696 = VECTOR ( 'NONE', #3171, 1000.000000000000000 ) ;
#4697 = DIRECTION ( 'NONE',  ( -1.084202172485504434E-16, 1.000000000000000000, -0.0000000000000000000 ) ) ;
#4698 = STYLED_ITEM ( 'NONE', ( #2961 ), #1517 ) ;
#4699 = FACE_OUTER_BOUND ( 'NONE', #5885, .T. ) ;
#4700 = ORIENTED_EDGE ( 'NONE', *, *, #966, .T. ) ;
#4701 = LINE ( 'NONE', #1504, #3278 ) ;
#4702 = AXIS2_PLACEMENT_3D ( 'NONE', #3684, #1210, #238 ) ;
#4703 = VECTOR ( 'NONE', #5072, 1000.000000000000000 ) ;
#4704 = EDGE_LOOP ( 'NONE', ( #145, #6143, #6257, #2675 ) ) ;
#4705 = EDGE_CURVE ( 'NONE', #5012, #477, #5395, .T. ) ;
#4706 = SURFACE_STYLE_USAGE ( .BOTH. , #704 ) ;
#4707 = CARTESIAN_POINT ( 'NONE',  ( 1.500000000000001110, -2.190001167703602203, 0.2900000000000002021 ) ) ;
#4708 = AXIS2_PLACEMENT_3D ( 'NONE', #6212, #2135, #1167 ) ;
#4709 = VERTEX_POINT ( 'NONE', #2153 ) ;
#4710 = ORIENTED_EDGE ( 'NONE', *, *, #4478, .F. ) ;
#4711 = FILL_AREA_STYLE_COLOUR ( '', #1238 ) ;
#4712 = DIRECTION ( 'NONE',  ( 1.084202172485504434E-16, -1.000000000000000000, 0.0000000000000000000 ) ) ;
#4713 = DIRECTION ( 'NONE',  ( -1.000000000000000000, 2.168404344971008868E-16, -0.0000000000000000000 ) ) ;
#4714 = ORIENTED_EDGE ( 'NONE', *, *, #1906, .F. ) ;
#4715 = ORIENTED_EDGE ( 'NONE', *, *, #5470, .T. ) ;
#4716 = EDGE_CURVE ( 'NONE', #1439, #228, #4328, .T. ) ;
#4717 = FACE_OUTER_BOUND ( 'NONE', #2395, .T. ) ;
#4718 = CARTESIAN_POINT ( 'NONE',  ( -1.499999999999999556, -1.362413649183243480, 1.100000000000000089 ) ) ;
#4719 = DIRECTION ( 'NONE',  ( 1.000000000000000000, -2.662465753572091481E-16, 2.168404344971008868E-15 ) ) ;
#4720 = ORIENTED_EDGE ( 'NONE', *, *, #371, .F. ) ;
#4721 = ADVANCED_FACE ( 'NONE', ( #720 ), #3157, .T. ) ;
#4722 = ORIENTED_EDGE ( 'NONE', *, *, #4202, .T. ) ;
#4723 = CARTESIAN_POINT ( 'NONE',  ( 1.499999999999999556, 1.500000000000000000, 0.6999999999999886313 ) ) ;
#4724 = CIRCLE ( 'NONE', #4949, 0.2899999999999938183 ) ;
#4725 = ADVANCED_FACE ( 'NONE', ( #626 ), #2217, .T. ) ;
#4726 = LINE ( 'NONE', #250, #2740 ) ;
#4727 = LINE ( 'NONE', #5269, #693 ) ;
#4728 = UNCERTAINTY_MEASURE_WITH_UNIT (LENGTH_MEASURE( 1.000000000000000082E-05 ), #369, 'distance_accuracy_value', 'NONE');
#4729 = DIRECTION ( 'NONE',  ( 1.869314090492288994E-16, 1.000000000000000000, 0.0000000000000000000 ) ) ;
#4730 = AXIS2_PLACEMENT_3D ( 'NONE', #4707, #233, #4740 ) ;
#4731 = CARTESIAN_POINT ( 'NONE',  ( -0.6100000000000000977, -2.190001167703602647, 0.2900000000000002021 ) ) ;
#4732 = ORIENTED_EDGE ( 'NONE', *, *, #2390, .F. ) ;
#4733 = CARTESIAN_POINT ( 'NONE',  ( -0.3899999999999999578, 1.500000000000000000, 0.6999999999999886313 ) ) ;
#4734 = VECTOR ( 'NONE', #1560, 1000.000000000000000 ) ;
#4735 = ORIENTED_EDGE ( 'NONE', *, *, #5713, .F. ) ;
#4736 = CARTESIAN_POINT ( 'NONE',  ( -0.6099999999999999867, -2.500000000000003553, 0.6999999999999999556 ) ) ;
#4737 = FILL_AREA_STYLE_COLOUR ( '', #2297 ) ;
#4738 = VECTOR ( 'NONE', #2695, 1000.000000000000000 ) ;
#4739 = SURFACE_STYLE_USAGE ( .BOTH. , #2705 ) ;
#4740 = DIRECTION ( 'NONE',  ( 0.0000000000000000000, -1.000000000000000000, 0.0000000000000000000 ) ) ;
#4741 = VERTEX_POINT ( 'NONE', #2714 ) ;
#4742 = ORIENTED_EDGE ( 'NONE', *, *, #6128, .T. ) ;
#4743 = DIRECTION ( 'NONE',  ( 0.0000000000000000000, 1.000000000000000000, 0.0000000000000000000 ) ) ;
#4744 = COLOUR_RGB ( '',0.0000000000000000000, 0.0000000000000000000, 0.0000000000000000000 ) ;
#4745 =( LENGTH_UNIT ( ) NAMED_UNIT ( * ) SI_UNIT ( .MILLI., .METRE. ) );
#4746 = CARTESIAN_POINT ( 'NONE',  ( 1.500000000000001110, -2.190001167703602203, 5.041540102057595618E-15 ) ) ;
#4747 = DIRECTION ( 'NONE',  ( -0.1209742911513514846, 0.1209742911513509434, -0.9852565360152939489 ) ) ;
#4748 = EDGE_LOOP ( 'NONE', ( #2849, #5443, #5177, #4343 ) ) ;
#4749 = ORIENTED_EDGE ( 'NONE', *, *, #2143, .F. ) ;
#4750 = VECTOR ( 'NONE', #48, 1000.000000000000000 ) ;
#4751 = ORIENTED_EDGE ( 'NONE', *, *, #800, .T. ) ;
#4752 = PRESENTATION_STYLE_ASSIGNMENT (( #5164 ) ) ;
#4753 = CARTESIAN_POINT ( 'NONE',  ( -0.8899999999999999023, 1.810001167703612523, 0.7000000000000010658 ) ) ;
#4754 = CIRCLE ( 'NONE', #1303, 0.1000000000000000749 ) ;
#4755 = CARTESIAN_POINT ( 'NONE',  ( -0.1100000000000000699, -2.190001167703602647, 0.2900000000000002021 ) ) ;
#4756 = ADVANCED_FACE ( 'NONE', ( #6259 ), #751, .F. ) ;
#4757 = CARTESIAN_POINT ( 'NONE',  ( -1.110000000000000098, -1.900001167703613048, 0.4100000000000028066 ) ) ;
#4758 = CIRCLE ( 'NONE', #1314, 0.08999999999999980238 ) ;
#4759 = VECTOR ( 'NONE', #2837, 1000.000000000000000 ) ;
#4760 = DIRECTION ( 'NONE',  ( 1.084202172485504434E-16, -1.000000000000000000, 0.0000000000000000000 ) ) ;
#4761 = LINE ( 'NONE', #5837, #5965 ) ;
#4762 = EDGE_CURVE ( 'NONE', #1981, #6148, #4258, .T. ) ;
#4763 = LINE ( 'NONE', #2777, #1724 ) ;
#4764 = EDGE_CURVE ( 'NONE', #972, #4709, #4624, .T. ) ;
#4765 = CARTESIAN_POINT ( 'NONE',  ( -0.8899999999999999023, -1.810001167703612523, 0.4100000000000034728 ) ) ;
#4766 = DIRECTION ( 'NONE',  ( 0.0000000000000000000, 0.0000000000000000000, -1.000000000000000000 ) ) ;
#4767 = LINE ( 'NONE', #3764, #4102 ) ;
#4768 = PRESENTATION_LAYER_ASSIGNMENT (  '', '', ( #370 ) ) ;
#4769 = ADVANCED_FACE ( 'NONE', ( #6385 ), #6418, .F. ) ;
#4770 = ORIENTED_EDGE ( 'NONE', *, *, #5323, .F. ) ;
#4771 = DIRECTION ( 'NONE',  ( -1.000000000000000000, -2.168404344971008868E-16, -0.0000000000000000000 ) ) ;
#4772 = PLANE ( 'NONE',  #3747 ) ;
#4773 = DIRECTION ( 'NONE',  ( -0.0000000000000000000, -0.0000000000000000000, 1.000000000000000000 ) ) ;
#4774 = ADVANCED_FACE ( 'NONE', ( #877 ), #1312, .T. ) ;
#4775 = DIRECTION ( 'NONE',  ( -1.000000000000000000, -2.168404344971008868E-16, -0.0000000000000000000 ) ) ;
#4776 = EDGE_LOOP ( 'NONE', ( #2581, #1989, #5283, #2692, #6341, #6130, #1170, #4628, #2886, #1225, #6270, #6413 ) ) ;
#4777 = VERTEX_POINT ( 'NONE', #3282 ) ;
#4778 = FILL_AREA_STYLE ('',( #4711 ) ) ;
#4779 = CARTESIAN_POINT ( 'NONE',  ( 1.309898562456758508, -1.409153177620890762, 1.439887993336150140 ) ) ;
#4780 = DIRECTION ( 'NONE',  ( -0.0000000000000000000, 0.0000000000000000000, -1.000000000000000000 ) ) ;
#4781 = CARTESIAN_POINT ( 'NONE',  ( 1.110000000000000098, 1.500000000000000000, 0.1999999999999999833 ) ) ;
#4782 = VECTOR ( 'NONE', #1346, 1000.000000000000000 ) ;
#4783 = EDGE_LOOP ( 'NONE', ( #5001, #3382, #5433, #4275 ) ) ;
#4784 = ORIENTED_EDGE ( 'NONE', *, *, #5715, .T. ) ;
#4785 = PLANE ( 'NONE',  #5076 ) ;
#4786 = LINE ( 'NONE', #2827, #6504 ) ;
#4787 = SURFACE_STYLE_USAGE ( .BOTH. , #2773 ) ;
#4788 = PLANE ( 'NONE',  #4069 ) ;
#4789 = CARTESIAN_POINT ( 'NONE',  ( 1.500000000000001110, 1.810001167703611191, 0.5000000000000042188 ) ) ;
#4790 = ADVANCED_FACE ( 'NONE', ( #2858 ), #4785, .T. ) ;
#4791 = CARTESIAN_POINT ( 'NONE',  ( -0.6100000000000000977, 1.500000000000003553, 0.6999999999999999556 ) ) ;
#4792 = VECTOR ( 'NONE', #2593, 1000.000000000000000 ) ;
#4793 = CARTESIAN_POINT ( 'NONE',  ( 1.499999999999999556, 1.500000000000000000, 0.5000000000000106581 ) ) ;
#4794 = LINE ( 'NONE', #314, #3917 ) ;
#4795 = VECTOR ( 'NONE', #6445, 1000.000000000000000 ) ;
#4796 = CARTESIAN_POINT ( 'NONE',  ( 0.6100000000000000977, 1.900001167703612159, 0.2900000000000002021 ) ) ;
#4797 = LINE ( 'NONE', #5842, #2968 ) ;
#4798 = CYLINDRICAL_SURFACE ( 'NONE', #1076, 0.08999999999999980238 ) ;
#4799 = CIRCLE ( 'NONE', #1036, 0.1000000000000000472 ) ;
#4800 = PRESENTATION_LAYER_ASSIGNMENT (  '', '', ( #5 ) ) ;
#4801 = ADVANCED_FACE ( 'NONE', ( #1275 ), #1868, .T. ) ;
#4802 = VERTEX_POINT ( 'NONE', #5899 ) ;
#4803 = LINE ( 'NONE', #3799, #2979 ) ;
#4804 = FACE_OUTER_BOUND ( 'NONE', #2713, .T. ) ;
#4805 =( LENGTH_UNIT ( ) NAMED_UNIT ( * ) SI_UNIT ( .MILLI., .METRE. ) );
#4806 = CIRCLE ( 'NONE', #3639, 0.1000000000000000749 ) ;
#4807 = ORIENTED_EDGE ( 'NONE', *, *, #757, .F. ) ;
#4808 = EDGE_CURVE ( 'NONE', #4965, #3215, #4923, .T. ) ;
#4809 = CARTESIAN_POINT ( 'NONE',  ( -0.1100000000000000144, -1.900001167703612381, 0.6999999999999999556 ) ) ;
#4810 = DIRECTION ( 'NONE',  ( 0.0000000000000000000, 0.0000000000000000000, 1.000000000000000000 ) ) ;
#4811 = ORIENTED_EDGE ( 'NONE', *, *, #3412, .T. ) ;
#4812 = EDGE_LOOP ( 'NONE', ( #3109, #5123, #2825, #5221 ) ) ;
#4813 = EDGE_CURVE ( 'NONE', #491, #809, #4886, .T. ) ;
#4814 = VECTOR ( 'NONE', #2267, 1000.000000000000000 ) ;
#4815 = AXIS2_PLACEMENT_3D ( 'NONE', #6324, #1375, #1904 ) ;
#4816 = CARTESIAN_POINT ( 'NONE',  ( -1.362413649183243480, 1.362413649183243480, 1.000000000000000000 ) ) ;
#4817 = VECTOR ( 'NONE', #1772, 1000.000000000000000 ) ;
#4818 = ADVANCED_FACE ( 'NONE', ( #6453, #2293 ), #5858, .T. ) ;
#4819 = EDGE_LOOP ( 'NONE', ( #6282, #3436, #239 ) ) ;
#4820 = VERTEX_POINT ( 'NONE', #4322 ) ;
#4821 = DIRECTION ( 'NONE',  ( -1.000000000000000000, 2.168404344971008868E-16, -0.0000000000000000000 ) ) ;
#4822 = DIRECTION ( 'NONE',  ( 0.0000000000000000000, 0.0000000000000000000, -1.000000000000000000 ) ) ;
#4823 = VERTEX_POINT ( 'NONE', #6352 ) ;
#4824 = CARTESIAN_POINT ( 'NONE',  ( 0.8900000000000000133, -2.190001167703602203, 0.2900000000000002021 ) ) ;
#4825 = CARTESIAN_POINT ( 'NONE',  ( -1.110000000000000098, -1.500001167703639782, 0.5000000000000042188 ) ) ;
#4826 = DIRECTION ( 'NONE',  ( -1.000000000000000000, -2.168404344971008868E-16, -0.0000000000000000000 ) ) ;
#4827 = EDGE_CURVE ( 'NONE', #310, #152, #1339, .T. ) ;
#4828 = SURFACE_STYLE_USAGE ( .BOTH. , #2806 ) ;
#4829 = CARTESIAN_POINT ( 'NONE',  ( 1.500000000000001110, -2.100001167703602345, 0.2900000000000007572 ) ) ;
#4830 = FACE_OUTER_BOUND ( 'NONE', #3925, .T. ) ;
#4831 = ORIENTED_EDGE ( 'NONE', *, *, #6123, .T. ) ;
#4832 = LINE ( 'NONE', #4245, #2236 ) ;
#4833 = AXIS2_PLACEMENT_3D ( 'NONE', #1191, #2699, #224 ) ;
#4834 = ORIENTED_EDGE ( 'NONE', *, *, #2368, .T. ) ;
#4835 = EDGE_CURVE ( 'NONE', #2086, #1537, #1777, .T. ) ;
#4836 = PRESENTATION_LAYER_ASSIGNMENT (  '', '', ( #1070 ) ) ;
#4837 = DIRECTION ( 'NONE',  ( -1.445602896647339163E-16, 1.000000000000000000, 0.0000000000000000000 ) ) ;
#4838 = ORIENTED_EDGE ( 'NONE', *, *, #3926, .F. ) ;
#4839 = ORIENTED_EDGE ( 'NONE', *, *, #5191, .F. ) ;
#4840 = DIRECTION ( 'NONE',  ( 0.0000000000000000000, -1.000000000000000000, 0.0000000000000000000 ) ) ;
#4841 = ADVANCED_FACE ( 'NONE', ( #2826 ), #950, .F. ) ;
#4842 = DIRECTION ( 'NONE',  ( -1.084202172485504434E-16, 1.000000000000000000, -0.0000000000000000000 ) ) ;
#4843 = EDGE_CURVE ( 'NONE', #2618, #5109, #5609, .T. ) ;
#4844 = VERTEX_POINT ( 'NONE', #1091 ) ;
#4845 = DIRECTION ( 'NONE',  ( 0.0000000000000000000, 0.0000000000000000000, 1.000000000000000000 ) ) ;
#4846 = ORIENTED_EDGE ( 'NONE', *, *, #3378, .T. ) ;
#4847 = AXIS2_PLACEMENT_3D ( 'NONE', #3824, #886, #5431 ) ;
#4848 = CARTESIAN_POINT ( 'NONE',  ( 1.499997242485289428, 1.400742627321157618, 0.4999775418449328157 ) ) ;
#4849 = DIRECTION ( 'NONE',  ( 1.000000000000000000, 0.0000000000000000000, 0.0000000000000000000 ) ) ;
#4850 = UNCERTAINTY_MEASURE_WITH_UNIT (LENGTH_MEASURE( 1.000000000000000082E-05 ), #3076, 'distance_accuracy_value', 'NONE');
#4851 = DIRECTION ( 'NONE',  ( -2.184688683125947173E-15, 1.000000000000000000, -0.0000000000000000000 ) ) ;
#4852 = DIRECTION ( 'NONE',  ( 0.0000000000000000000, -0.0000000000000000000, 1.000000000000000000 ) ) ;
#4853 = PRESENTATION_STYLE_ASSIGNMENT (( #3380 ) ) ;
#4854 = AXIS2_PLACEMENT_3D ( 'NONE', #4223, #1244, #1184 ) ;
#4855 = ADVANCED_FACE ( 'NONE', ( #597 ), #2067, .T. ) ;
#4856 = ORIENTED_EDGE ( 'NONE', *, *, #90, .F. ) ;
#4857 = CARTESIAN_POINT ( 'NONE',  ( -0.8899999999999999023, 1.900001167703612381, 0.6999999999999999556 ) ) ;
#4858 =( NAMED_UNIT ( * ) SI_UNIT ( $, .STERADIAN. ) SOLID_ANGLE_UNIT ( ) );
#4859 = CYLINDRICAL_SURFACE ( 'NONE', #4876, 0.1000000000000000749 ) ;
#4860 = VERTEX_POINT ( 'NONE', #4005 ) ;
#4861 = PLANE ( 'NONE',  #4229 ) ;
#4862 = DIRECTION ( 'NONE',  ( -0.0000000000000000000, -0.0000000000000000000, -1.000000000000000000 ) ) ;
#4863 = STYLED_ITEM ( 'NONE', ( #6394 ), #6465 ) ;
#4864 = ORIENTED_EDGE ( 'NONE', *, *, #604, .T. ) ;
#4865 = ORIENTED_EDGE ( 'NONE', *, *, #1038, .F. ) ;
#4866 = LINE ( 'NONE', #318, #3372 ) ;
#4867 = CARTESIAN_POINT ( 'NONE',  ( 0.8899999999999999023, 1.810001167703612079, 0.6999999999999999556 ) ) ;
#4868 = VERTEX_POINT ( 'NONE', #4037 ) ;
#4869 = PRODUCT_DEFINITION_FORMATION_WITH_SPECIFIED_SOURCE ( 'ANY', '', #5297, .NOT_KNOWN. ) ;
#4870 = CARTESIAN_POINT ( 'NONE',  ( 1.110000000000000098, 1.810001167703612079, 0.4100000000000034728 ) ) ;
#4871 = VECTOR ( 'NONE', #3732, 1000.000000000000000 ) ;
#4872 = FACE_OUTER_BOUND ( 'NONE', #5814, .T. ) ;
#4873 = ORIENTED_EDGE ( 'NONE', *, *, #1355, .T. ) ;
#4874 = PRESENTATION_STYLE_ASSIGNMENT (( #1424 ) ) ;
#4875 = EDGE_CURVE ( 'NONE', #5604, #2812, #120, .T. ) ;
#4876 = AXIS2_PLACEMENT_3D ( 'NONE', #5405, #1948, #376 ) ;
#4877 = LINE ( 'NONE', #3877, #4953 ) ;
#4878 = ORIENTED_EDGE ( 'NONE', *, *, #2988, .F. ) ;
#4879 = ORIENTED_EDGE ( 'NONE', *, *, #2482, .F. ) ;
#4880 = CARTESIAN_POINT ( 'NONE',  ( -1.110000000000000098, -2.190001167703603535, 0.2000000000000002331 ) ) ;
#4881 = EDGE_CURVE ( 'NONE', #2451, #4219, #1512, .T. ) ;
#4882 = DIRECTION ( 'NONE',  ( 0.0000000000000000000, 1.000000000000000000, 0.0000000000000000000 ) ) ;
#4883 = ORIENTED_EDGE ( 'NONE', *, *, #4142, .T. ) ;
#4884 = FILL_AREA_STYLE_COLOUR ( '', #6250 ) ;
#4885 = ADVANCED_FACE ( 'NONE', ( #5039 ), #3561, .T. ) ;
#4886 = LINE ( 'NONE', #396, #2337 ) ;
#4887 = SURFACE_STYLE_USAGE ( .BOTH. , #1936 ) ;
#4888 = EDGE_CURVE ( 'NONE', #3268, #839, #3039, .T. ) ;
#4889 = EDGE_CURVE ( 'NONE', #6307, #3028, #3061, .T. ) ;
#4890 = CARTESIAN_POINT ( 'NONE',  ( 1.110000000000000098, 1.500000000000000000, 0.0000000000000000000 ) ) ;
#4891 = DIRECTION ( 'NONE',  ( 1.000000000000000000, 0.0000000000000000000, 0.0000000000000000000 ) ) ;
#4892 = ORIENTED_EDGE ( 'NONE', *, *, #2320, .T. ) ;
#4893 = EDGE_CURVE ( 'NONE', #3102, #5886, #843, .T. ) ;
#4894 = DIRECTION ( 'NONE',  ( -0.0000000000000000000, 0.0000000000000000000, 1.000000000000000000 ) ) ;
#4895 = CARTESIAN_POINT ( 'NONE',  ( -1.399999999999999467, -1.500000000000000000, 1.100000000000000089 ) ) ;
#4896 = DIRECTION ( 'NONE',  ( -1.000000000000000000, -2.168404344971008868E-16, -0.0000000000000000000 ) ) ;
#4897 = ADVANCED_FACE ( 'NONE', ( #4427 ), #6484, .T. ) ;
#4898 = SURFACE_SIDE_STYLE ('',( #6012 ) ) ;
#4899 = EDGE_LOOP ( 'NONE', ( #433, #2441, #5049, #4487 ) ) ;
#4900 = CARTESIAN_POINT ( 'NONE',  ( 1.500000000000001110, 1.810001167703611191, 0.5000000000000042188 ) ) ;
#4901 = ORIENTED_EDGE ( 'NONE', *, *, #2320, .F. ) ;
#4902 = AXIS2_PLACEMENT_3D ( 'NONE', #4189, #6228, #1703 ) ;
#4903 = ORIENTED_EDGE ( 'NONE', *, *, #4011, .T. ) ;
#4904 = EDGE_CURVE ( 'NONE', #1115, #2707, #5533, .T. ) ;
#4905 = DIRECTION ( 'NONE',  ( -1.000000000000000000, 2.168404344971008868E-16, -0.0000000000000000000 ) ) ;
#4906 = LINE ( 'NONE', #3908, #2550 ) ;
#4907 = ORIENTED_EDGE ( 'NONE', *, *, #6365, .F. ) ;
#4908 = CARTESIAN_POINT ( 'NONE',  ( 1.399999999999999689, 1.399999999999999911, 1.100000000000000089 ) ) ;
#4909 = VERTEX_POINT ( 'NONE', #1934 ) ;
#4910 = ORIENTED_EDGE ( 'NONE', *, *, #5127, .F. ) ;
#4911 = SURFACE_SIDE_STYLE ('',( #2449 ) ) ;
#4912 = VERTEX_POINT ( 'NONE', #3851 ) ;
#4913 = EDGE_LOOP ( 'NONE', ( #6070, #2970, #2620, #2181 ) ) ;
#4914 = FACE_OUTER_BOUND ( 'NONE', #5817, .T. ) ;
#4915 = CIRCLE ( 'NONE', #5875, 0.2899999999999951505 ) ;
#4916 =( GEOMETRIC_REPRESENTATION_CONTEXT ( 3 ) GLOBAL_UNCERTAINTY_ASSIGNED_CONTEXT ( ( #3262 ) ) GLOBAL_UNIT_ASSIGNED_CONTEXT ( ( #4745, #776, #4354 ) ) REPRESENTATION_CONTEXT ( 'NONE', 'WORKASPACE' ) );
#4917 = ADVANCED_FACE ( 'NONE', ( #5455 ), #6382, .T. ) ;
#4918 = DIRECTION ( 'NONE',  ( 5.324931507144168172E-16, 1.000000000000000000, 4.336808689942015369E-15 ) ) ;
#4919 = DIRECTION ( 'NONE',  ( 0.1209742911513516928, 0.1209742911513517066, -0.9852565360152938378 ) ) ;
#4920 = MECHANICAL_DESIGN_GEOMETRIC_PRESENTATION_REPRESENTATION (  '', ( #5033 ), #9 ) ;
#4921 = ORIENTED_EDGE ( 'NONE', *, *, #6182, .F. ) ;
#4922 = AXIS2_PLACEMENT_3D ( 'NONE', #5591, #2760, #3708 ) ;
#4923 = LINE ( 'NONE', #781, #2221 ) ;
#4924 =( LENGTH_UNIT ( ) NAMED_UNIT ( * ) SI_UNIT ( .MILLI., .METRE. ) );
#4925 = CARTESIAN_POINT ( 'NONE',  ( -1.499999999999999556, -1.500000000000000000, 1.100000000000000089 ) ) ;
#4926 = VERTEX_POINT ( 'NONE', #1865 ) ;
#4927 = EDGE_CURVE ( 'NONE', #4210, #727, #1398, .T. ) ;
#4928 = ORIENTED_EDGE ( 'NONE', *, *, #2580, .F. ) ;
#4929 = DIRECTION ( 'NONE',  ( 1.000000000000000000, -2.168404344971007685E-15, 0.0000000000000000000 ) ) ;
#4930 =( LENGTH_UNIT ( ) NAMED_UNIT ( * ) SI_UNIT ( .MILLI., .METRE. ) );
#4931 = VECTOR ( 'NONE', #2176, 1000.000000000000000 ) ;
#4932 = FACE_OUTER_BOUND ( 'NONE', #1434, .T. ) ;
#4933 = CARTESIAN_POINT ( 'NONE',  ( 1.500000000000001110, 1.900001167703611937, 0.2900000000000002021 ) ) ;
#4934 = FILL_AREA_STYLE_COLOUR ( '', #2140 ) ;
#4935 = CARTESIAN_POINT ( 'NONE',  ( -1.402197954205392394, -1.402197954205392838, 0.5240171624966032393 ) ) ;
#4936 = EDGE_CURVE ( 'NONE', #3584, #5212, #3311, .T. ) ;
#4937 = CYLINDRICAL_SURFACE ( 'NONE', #5680, 0.1000000000000000749 ) ;
#4938 = ORIENTED_EDGE ( 'NONE', *, *, #4010, .F. ) ;
#4939 = ADVANCED_FACE ( 'NONE', ( #362 ), #873, .F. ) ;
#4940 = LINE ( 'NONE', #6398, #2238 ) ;
#4941 = FACE_OUTER_BOUND ( 'NONE', #1571, .T. ) ;
#4942 = ORIENTED_EDGE ( 'NONE', *, *, #2075, .F. ) ;
#4943 = CARTESIAN_POINT ( 'NONE',  ( 1.500000000000001110, 1.810001167703612079, 0.4100000000000034728 ) ) ;
#4944 = ORIENTED_EDGE ( 'NONE', *, *, #3665, .T. ) ;
#4945 = DIRECTION ( 'NONE',  ( -1.000000000000000000, 2.168404344971008868E-16, -0.0000000000000000000 ) ) ;
#4946 = DIRECTION ( 'NONE',  ( 1.000000000000000000, 0.0000000000000000000, 0.0000000000000000000 ) ) ;
#4947 = ORIENTED_EDGE ( 'NONE', *, *, #165, .F. ) ;
#4948 = ORIENTED_EDGE ( 'NONE', *, *, #5267, .T. ) ;
#4949 = AXIS2_PLACEMENT_3D ( 'NONE', #4765, #5872, #5336 ) ;
#4950 = CARTESIAN_POINT ( 'NONE',  ( 1.500000000000001332, -2.500001167703629790, 0.2000000000000000389 ) ) ;
#4951 = CARTESIAN_POINT ( 'NONE',  ( 0.6100000000000000977, 2.190001167703602203, 5.041540102057595618E-15 ) ) ;
#4952 = FILL_AREA_STYLE ('',( #6061 ) ) ;
#4953 = VECTOR ( 'NONE', #5989, 1000.000000000000000 ) ;
#4954 = VERTEX_POINT ( 'NONE', #6156 ) ;
#4955 = ORIENTED_EDGE ( 'NONE', *, *, #4646, .T. ) ;
#4956 = FILL_AREA_STYLE ('',( #5027 ) ) ;
#4957 =( BOUNDED_CURVE ( )  B_SPLINE_CURVE ( 3, ( #6162, #4057, #1082, #3063 ),
 .UNSPECIFIED., .F., .T. ) 
 B_SPLINE_CURVE_WITH_KNOTS ( ( 4, 4 ),
 ( 5.505213485254659034, 7.061157129104512542 ),
 .UNSPECIFIED. ) 
 CURVE ( )  GEOMETRIC_REPRESENTATION_ITEM ( )  RATIONAL_B_SPLINE_CURVE ( ( 1.000000000000000000, 0.8082256338399266271, 0.8082256338399266271, 1.000000000000000000 ) ) 
 REPRESENTATION_ITEM ( '' )  );
#4958 = CARTESIAN_POINT ( 'NONE',  ( -0.8899999999999999023, -1.500001167703639560, 0.5000000000000042188 ) ) ;
#4959 = AXIS2_PLACEMENT_3D ( 'NONE', #3235, #4170, #6214 ) ;
#4960 = DIRECTION ( 'NONE',  ( -1.000000000000000000, -2.168404344971008868E-16, -0.0000000000000000000 ) ) ;
#4961 = CARTESIAN_POINT ( 'NONE',  ( 1.500000000000001110, 2.190001167703603091, 0.2000000000000002331 ) ) ;
#4962 = LINE ( 'NONE', #6490, #3633 ) ;
#4963 = ORIENTED_EDGE ( 'NONE', *, *, #3174, .T. ) ;
#4964 = AXIS2_PLACEMENT_3D ( 'NONE', #6108, #4967, #31 ) ;
#4965 = VERTEX_POINT ( 'NONE', #2122 ) ;
#4966 = CARTESIAN_POINT ( 'NONE',  ( 1.500000000000001332, -2.500001167703629790, 0.2000000000000000389 ) ) ;
#4967 = DIRECTION ( 'NONE',  ( 1.000000000000000000, -2.168404344971008868E-16, -0.0000000000000000000 ) ) ;
#4968 = CARTESIAN_POINT ( 'NONE',  ( -0.6100000000000000977, 2.100001167703606786, 0.4100000000000035838 ) ) ;
#4969 = DIRECTION ( 'NONE',  ( 1.401985567869215636E-16, 1.000000000000000000, 0.0000000000000000000 ) ) ;
#4970 = ADVANCED_FACE ( 'NONE', ( #4582 ), #1535, .F. ) ;
#4971 = AXIS2_PLACEMENT_3D ( 'NONE', #306, #5827, #5928 ) ;
#4972 = ADVANCED_FACE ( 'NONE', ( #138 ), #1048, .T. ) ;
#4973 = CARTESIAN_POINT ( 'NONE',  ( -1.109999999999999876, 2.190001167703602647, 0.0000000000000000000 ) ) ;
#4974 = DIRECTION ( 'NONE',  ( -0.0000000000000000000, 0.0000000000000000000, -1.000000000000000000 ) ) ;
#4975 = ORIENTED_EDGE ( 'NONE', *, *, #698, .F. ) ;
#4976 =( NAMED_UNIT ( * ) PLANE_ANGLE_UNIT ( ) SI_UNIT ( $, .RADIAN. ) );
#4977 = COLOUR_RGB ( '',0.0000000000000000000, 0.0000000000000000000, 0.0000000000000000000 ) ;
#4978 = SURFACE_SIDE_STYLE ('',( #4378 ) ) ;
#4979 = ADVANCED_FACE ( 'NONE', ( #4115 ), #5089, .T. ) ;
#4980 = VERTEX_POINT ( 'NONE', #1149 ) ;
#4981 = AXIS2_PLACEMENT_3D ( 'NONE', #3413, #5461, #368 ) ;
#4982 = AXIS2_PLACEMENT_3D ( 'NONE', #6024, #1489, #3049 ) ;
#4983 = LINE ( 'NONE', #5046, #6403 ) ;
#4984 = CARTESIAN_POINT ( 'NONE',  ( -1.499999080824205189, -1.400495088862659943, 0.4999925139139121955 ) ) ;
#4985 = DIRECTION ( 'NONE',  ( 0.0000000000000000000, 0.0000000000000000000, 1.000000000000000000 ) ) ;
#4986 = VERTEX_POINT ( 'NONE', #6100 ) ;
#4987 = EDGE_CURVE ( 'NONE', #2731, #3801, #3026, .T. ) ;
#4988 = AXIS2_PLACEMENT_3D ( 'NONE', #5147, #580, #1619 ) ;
#4989 = ORIENTED_EDGE ( 'NONE', *, *, #2226, .T. ) ;
#4990 = CARTESIAN_POINT ( 'NONE',  ( 0.6100000000000002087, -2.100001167703602345, 0.2900000000000007572 ) ) ;
#4991 = EDGE_CURVE ( 'NONE', #2604, #259, #2057, .T. ) ;
#4992 = LINE ( 'NONE', #944, #6305 ) ;
#4993 = ORIENTED_EDGE ( 'NONE', *, *, #526, .T. ) ;
#4994 = DIRECTION ( 'NONE',  ( 0.1218693434051437846, 0.0000000000000000000, -0.9925461516413224272 ) ) ;
#4995 = EDGE_LOOP ( 'NONE', ( #4304, #3201, #1755, #602 ) ) ;
#4996 = CARTESIAN_POINT ( 'NONE',  ( -1.353802899815473415, -1.453057514979606335, 1.082315860196092938 ) ) ;
#4997 = CIRCLE ( 'NONE', #2144, 0.2899999999999951505 ) ;
#4998 = CARTESIAN_POINT ( 'NONE',  ( -1.499997242485289872, 1.400742627321157840, 0.7000224581550680281 ) ) ;
#4999 = CARTESIAN_POINT ( 'NONE',  ( -0.3899999999999999023, -2.500000000000003553, 0.0000000000000000000 ) ) ;
#5000 = DIRECTION ( 'NONE',  ( -0.0000000000000000000, -0.0000000000000000000, -1.000000000000000000 ) ) ;
#5001 = ORIENTED_EDGE ( 'NONE', *, *, #130, .F. ) ;
#5002 = DIRECTION ( 'NONE',  ( 1.000000000000000000, 1.084202172485504434E-16, -0.0000000000000000000 ) ) ;
#5003 = CARTESIAN_POINT ( 'NONE',  ( 1.500000000000001110, 1.900001167703611937, 0.2900000000000002021 ) ) ;
#5004 = SURFACE_STYLE_USAGE ( .BOTH. , #5070 ) ;
#5005 = DIRECTION ( 'NONE',  ( 1.000000000000000000, 2.168404344971008868E-16, 0.0000000000000000000 ) ) ;
#5006 = ORIENTED_EDGE ( 'NONE', *, *, #1774, .T. ) ;
#5007 = PLANE ( 'NONE',  #5782 ) ;
#5008 = EDGE_CURVE ( 'NONE', #839, #389, #5055, .T. ) ;
#5009 =( NAMED_UNIT ( * ) SI_UNIT ( $, .STERADIAN. ) SOLID_ANGLE_UNIT ( ) );
#5010 = ORIENTED_EDGE ( 'NONE', *, *, #6211, .T. ) ;
#5011 = FACE_OUTER_BOUND ( 'NONE', #5734, .T. ) ;
#5012 = VERTEX_POINT ( 'NONE', #590 ) ;
#5013 = AXIS2_PLACEMENT_3D ( 'NONE', #4064, #4654, #5200 ) ;
#5014 = DIRECTION ( 'NONE',  ( -1.869314090492280366E-16, -1.000000000000000000, 0.0000000000000000000 ) ) ;
#5015 = ADVANCED_FACE ( 'NONE', ( #1761 ), #2315, .F. ) ;
#5016 = CARTESIAN_POINT ( 'NONE',  ( -0.1100000000000000006, -2.100001167703602789, 0.6999999999999999556 ) ) ;
#5017 = ORIENTED_EDGE ( 'NONE', *, *, #2156, .F. ) ;
#5018 = AXIS2_PLACEMENT_3D ( 'NONE', #1470, #1371, #397 ) ;
#5019 = PRESENTATION_STYLE_ASSIGNMENT (( #3476 ) ) ;
#5020 = DIRECTION ( 'NONE',  ( 0.1209742911513517344, -0.1209742911513511654, -0.9852565360152938378 ) ) ;
#5021 = EDGE_CURVE ( 'NONE', #780, #3445, #4118, .T. ) ;
#5022 = CIRCLE ( 'NONE', #3100, 0.08999999999999980238 ) ;
#5023 = DIRECTION ( 'NONE',  ( 1.000000000000000000, 1.219727444046192488E-16, -0.0000000000000000000 ) ) ;
#5024 = ORIENTED_EDGE ( 'NONE', *, *, #995, .F. ) ;
#5025 = ORIENTED_EDGE ( 'NONE', *, *, #4570, .T. ) ;
#5026 = CARTESIAN_POINT ( 'NONE',  ( 1.402197954205392394, 1.402197954205392838, 0.5240171624966032393 ) ) ;
#5027 = FILL_AREA_STYLE_COLOUR ( '', #4744 ) ;
#5028 = VECTOR ( 'NONE', #3995, 1000.000000000000000 ) ;
#5029 =( NAMED_UNIT ( * ) SI_UNIT ( $, .STERADIAN. ) SOLID_ANGLE_UNIT ( ) );
#5030 = LINE ( 'NONE', #565, #2661 ) ;
#5031 =( NAMED_UNIT ( * ) PLANE_ANGLE_UNIT ( ) SI_UNIT ( $, .RADIAN. ) );
#5032 = ADVANCED_FACE ( 'NONE', ( #3271 ), #3148, .F. ) ;
#5033 = STYLED_ITEM ( 'NONE', ( #107 ), #2438 ) ;
#5034 = ORIENTED_EDGE ( 'NONE', *, *, #6170, .F. ) ;
#5035 = ORIENTED_EDGE ( 'NONE', *, *, #2363, .F. ) ;
#5036 = LINE ( 'NONE', #3558, #3567 ) ;
#5037 = FACE_OUTER_BOUND ( 'NONE', #5163, .T. ) ;
#5038 = FACE_OUTER_BOUND ( 'NONE', #5898, .T. ) ;
#5039 = FACE_OUTER_BOUND ( 'NONE', #5246, .T. ) ;
#5040 = STYLED_ITEM ( 'NONE', ( #3204 ), #2783 ) ;
#5041 = AXIS2_PLACEMENT_3D ( 'NONE', #1095, #2978, #3074 ) ;
#5042 = CARTESIAN_POINT ( 'NONE',  ( -1.500000000000000000, 1.500000000000000000, 0.5000000000000106581 ) ) ;
#5043 = ORIENTED_EDGE ( 'NONE', *, *, #4612, .T. ) ;
#5044 = VECTOR ( 'NONE', #2030, 1000.000000000000000 ) ;
#5045 = EDGE_CURVE ( 'NONE', #4514, #780, #741, .T. ) ;
#5046 = CARTESIAN_POINT ( 'NONE',  ( 0.3899999999999999578, 1.500000000000000000, 0.6999999999999999556 ) ) ;
#5047 = LINE ( 'NONE', #551, #1833 ) ;
#5048 = LINE ( 'NONE', #104, #1490 ) ;
#5049 = ORIENTED_EDGE ( 'NONE', *, *, #1839, .F. ) ;
#5050 = FACE_OUTER_BOUND ( 'NONE', #6503, .T. ) ;
#5051 = EDGE_CURVE ( 'NONE', #5412, #2948, #6217, .T. ) ;
#5052 = FILL_AREA_STYLE ('',( #4288 ) ) ;
#5053 = ORIENTED_EDGE ( 'NONE', *, *, #2035, .T. ) ;
#5054 = VERTEX_POINT ( 'NONE', #675 ) ;
#5055 = LINE ( 'NONE', #4055, #4445 ) ;
#5056 = VERTEX_POINT ( 'NONE', #6313 ) ;
#5057 = AXIS2_PLACEMENT_3D ( 'NONE', #5802, #4367, #4929 ) ;
#5058 = EDGE_LOOP ( 'NONE', ( #2229, #5467, #5261, #2792 ) ) ;
#5059 = EDGE_CURVE ( 'NONE', #3618, #240, #195, .T. ) ;
#5060 = CARTESIAN_POINT ( 'NONE',  ( 1.110000000000000098, 1.810001167703612079, 0.7000000000000010658 ) ) ;
#5061 = PLANE ( 'NONE',  #620 ) ;
#5062 = VECTOR ( 'NONE', #4946, 1000.000000000000000 ) ;
#5063 = ADVANCED_FACE ( 'NONE', ( #2278 ), #5280, .F. ) ;
#5064 = LINE ( 'NONE', #954, #2607 ) ;
#5065 = ORIENTED_EDGE ( 'NONE', *, *, #3714, .T. ) ;
#5066 = PLANE ( 'NONE',  #143 ) ;
#5067 = VECTOR ( 'NONE', #5075, 1000.000000000000000 ) ;
#5068 = CYLINDRICAL_SURFACE ( 'NONE', #1924, 0.2899999999999938183 ) ;
#5069 = CYLINDRICAL_SURFACE ( 'NONE', #4902, 0.09000000000000023259 ) ;
#5070 = SURFACE_SIDE_STYLE ('',( #3073 ) ) ;
#5071 = ADVANCED_FACE ( 'NONE', ( #2344 ), #1961, .F. ) ;
#5072 = DIRECTION ( 'NONE',  ( -0.0000000000000000000, -0.0000000000000000000, -1.000000000000000000 ) ) ;
#5073 = ORIENTED_EDGE ( 'NONE', *, *, #2372, .T. ) ;
#5074 = DIRECTION ( 'NONE',  ( 1.000000000000000000, 0.0000000000000000000, 0.0000000000000000000 ) ) ;
#5075 = DIRECTION ( 'NONE',  ( 1.084202172485504434E-16, 1.000000000000000000, 0.0000000000000000000 ) ) ;
#5076 = AXIS2_PLACEMENT_3D ( 'NONE', #3344, #5396, #3376 ) ;
#5077 =( NAMED_UNIT ( * ) PLANE_ANGLE_UNIT ( ) SI_UNIT ( $, .RADIAN. ) );
#5078 = CARTESIAN_POINT ( 'NONE',  ( 1.500000000000001110, -1.900001167703611937, 0.2900000000000002021 ) ) ;
#5079 = DIRECTION ( 'NONE',  ( 0.0000000000000000000, -0.9925461516413223162, -0.1218693434051442148 ) ) ;
#5080 = ORIENTED_EDGE ( 'NONE', *, *, #4549, .T. ) ;
#5081 = DIRECTION ( 'NONE',  ( -0.0000000000000000000, 0.0000000000000000000, 1.000000000000000000 ) ) ;
#5082 = DIRECTION ( 'NONE',  ( 1.000000000000000000, -1.084202172485504434E-16, 0.0000000000000000000 ) ) ;
#5083 = AXIS2_PLACEMENT_3D ( 'NONE', #5415, #3437, #352 ) ;
#5084 = CARTESIAN_POINT ( 'NONE',  ( 0.8900000000000000133, 2.100001167703602345, 0.2900000000000007572 ) ) ;
#5085 = SURFACE_SIDE_STYLE ('',( #1074 ) ) ;
#5086 = ORIENTED_EDGE ( 'NONE', *, *, #3293, .T. ) ;
#5087 = EDGE_CURVE ( 'NONE', #4600, #3765, #1329, .T. ) ;
#5088 = VERTEX_POINT ( 'NONE', #3948 ) ;
#5089 = CYLINDRICAL_SURFACE ( 'NONE', #1093, 0.1000000000000000749 ) ;
#5090 = ORIENTED_EDGE ( 'NONE', *, *, #482, .F. ) ;
#5091 = MECHANICAL_DESIGN_GEOMETRIC_PRESENTATION_REPRESENTATION (  '', ( #4863 ), #269 ) ;
#5092 = VECTOR ( 'NONE', #4905, 1000.000000000000000 ) ;
#5093 = ORIENTED_EDGE ( 'NONE', *, *, #5527, .F. ) ;
#5094 = CARTESIAN_POINT ( 'NONE',  ( 0.8899999999999999023, -2.100001167703606342, 0.4100000000000035838 ) ) ;
#5095 = LINE ( 'NONE', #3179, #2473 ) ;
#5096 = CARTESIAN_POINT ( 'NONE',  ( -0.1099999999999999450, 2.500000000000000000, 0.0000000000000000000 ) ) ;
#5097 = VECTOR ( 'NONE', #4444, 1000.000000000000000 ) ;
#5098 = ORIENTED_EDGE ( 'NONE', *, *, #3579, .T. ) ;
#5099 = EDGE_LOOP ( 'NONE', ( #4283, #3069, #421, #2599 ) ) ;
#5100 = PLANE ( 'NONE',  #1691 ) ;
#5101 = EDGE_CURVE ( 'NONE', #2711, #1634, #5988, .T. ) ;
#5102 = CARTESIAN_POINT ( 'NONE',  ( 1.500000000000001110, -2.100001167703602345, 0.2900000000000007572 ) ) ;
#5103 = CARTESIAN_POINT ( 'NONE',  ( 1.500000000000001110, -2.190001167703603091, 0.2000000000000000389 ) ) ;
#5104 = DIRECTION ( 'NONE',  ( -1.000000000000000000, 2.168404344971008868E-16, -0.0000000000000000000 ) ) ;
#5105 = FACE_OUTER_BOUND ( 'NONE', #1694, .T. ) ;
#5106 = LINE ( 'NONE', #2212, #5464 ) ;
#5107 = ORIENTED_EDGE ( 'NONE', *, *, #1473, .T. ) ;
#5108 = ADVANCED_FACE ( 'NONE', ( #5346 ), #4382, .F. ) ;
#5109 = VERTEX_POINT ( 'NONE', #1926 ) ;
#5110 = CARTESIAN_POINT ( 'NONE',  ( 0.8900000000000000133, 2.190001167703602203, 0.2900000000000002021 ) ) ;
#5111 = ADVANCED_FACE ( 'NONE', ( #3914 ), #5951, .F. ) ;
#5112 = FILL_AREA_STYLE ('',( #5739 ) ) ;
#5113 = CARTESIAN_POINT ( 'NONE',  ( 0.8900000000000000133, 2.500000000000000000, 0.6999999999999999556 ) ) ;
#5114 = ADVANCED_FACE ( 'NONE', ( #2878 ), #2384, .F. ) ;
#5115 = CARTESIAN_POINT ( 'NONE',  ( -1.400742627321157174, -1.499997242485289872, 0.4999775418449312059 ) ) ;
#5116 = CARTESIAN_POINT ( 'NONE',  ( -1.500000000000000000, 1.500000000000000000, 1.100000000000000089 ) ) ;
#5117 = CARTESIAN_POINT ( 'NONE',  ( 1.362413649183243036, 1.362413649183243480, 1.000000000000000000 ) ) ;
#5118 = ORIENTED_EDGE ( 'NONE', *, *, #3129, .F. ) ;
#5119 = DIRECTION ( 'NONE',  ( 1.000000000000000000, 0.0000000000000000000, 0.0000000000000000000 ) ) ;
#5120 = CARTESIAN_POINT ( 'NONE',  ( 0.3899999999999999578, 1.500000000000000000, 0.0000000000000000000 ) ) ;
#5121 = LINE ( 'NONE', #164, #223 ) ;
#5122 = EDGE_LOOP ( 'NONE', ( #2355, #3205, #394, #640 ) ) ;
#5123 = ORIENTED_EDGE ( 'NONE', *, *, #2913, .F. ) ;
#5124 = MECHANICAL_DESIGN_GEOMETRIC_PRESENTATION_REPRESENTATION (  '', ( #1031 ), #1134 ) ;
#5125 = ORIENTED_EDGE ( 'NONE', *, *, #5372, .F. ) ;
#5126 = CARTESIAN_POINT ( 'NONE',  ( 1.461668264347375734, -1.362413649183243258, 0.1878130656594855785 ) ) ;
#5127 = EDGE_CURVE ( 'NONE', #4926, #2098, #3332, .T. ) ;
#5128 = PLANE ( 'NONE',  #27 ) ;
#5129 = ORIENTED_EDGE ( 'NONE', *, *, #2913, .T. ) ;
#5130 = VECTOR ( 'NONE', #4621, 1000.000000000000000 ) ;
#5131 = ORIENTED_EDGE ( 'NONE', *, *, #2272, .T. ) ;
#5132 = AXIS2_PLACEMENT_3D ( 'NONE', #4890, #5427, #915 ) ;
#5133 = SURFACE_STYLE_USAGE ( .BOTH. , #657 ) ;
#5134 = CARTESIAN_POINT ( 'NONE',  ( -0.6100000000000000977, 1.810001167703611635, 0.5000000000000042188 ) ) ;
#5135 = DIRECTION ( 'NONE',  ( 0.0000000000000000000, -0.0000000000000000000, 1.000000000000000000 ) ) ;
#5136 = APPLICATION_PROTOCOL_DEFINITION ( 'draft international standard', 'automotive_design', 1998, #1262 ) ;
#5137 = SURFACE_STYLE_USAGE ( .BOTH. , #3501 ) ;
#5138 = VECTOR ( 'NONE', #4310, 1000.000000000000000 ) ;
#5139 = MECHANICAL_DESIGN_GEOMETRIC_PRESENTATION_REPRESENTATION (  '', ( #4280 ), #4916 ) ;
#5140 = EDGE_CURVE ( 'NONE', #259, #3003, #4622, .T. ) ;
#5141 = ORIENTED_EDGE ( 'NONE', *, *, #4843, .F. ) ;
#5142 = DIRECTION ( 'NONE',  ( -1.000000000000000000, -2.168404344971008868E-16, -0.0000000000000000000 ) ) ;
#5143 = VECTOR ( 'NONE', #1482, 1000.000000000000000 ) ;
#5144 = UNCERTAINTY_MEASURE_WITH_UNIT (LENGTH_MEASURE( 1.000000000000000082E-05 ), #3656, 'distance_accuracy_value', 'NONE');
#5145 = VECTOR ( 'NONE', #803, 1000.000000000000000 ) ;
#5146 = EDGE_CURVE ( 'NONE', #228, #5632, #974, .T. ) ;
#5147 = CARTESIAN_POINT ( 'NONE',  ( -0.8899999999999999023, 2.190001167703602647, 0.2900000000000002021 ) ) ;
#5148 = DIRECTION ( 'NONE',  ( 1.000000000000000000, 2.168404344971008868E-16, 0.0000000000000000000 ) ) ;
#5149 = EDGE_CURVE ( 'NONE', #3057, #5868, #3803, .T. ) ;
#5150 = CIRCLE ( 'NONE', #4708, 0.1000000000000000749 ) ;
#5151 = LINE ( 'NONE', #666, #3123 ) ;
#5152 = ORIENTED_EDGE ( 'NONE', *, *, #4532, .F. ) ;
#5153 = CARTESIAN_POINT ( 'NONE',  ( -0.3900000000000000133, 1.500000000000003553, 0.6999999999999999556 ) ) ;
#5154 = LINE ( 'NONE', #4048, #2331 ) ;
#5155 = CARTESIAN_POINT ( 'NONE',  ( -0.8899999999999999023, 1.810001167703612523, 0.4100000000000034728 ) ) ;
#5156 = PLANE ( 'NONE',  #1888 ) ;
#5157 = ORIENTED_EDGE ( 'NONE', *, *, #4519, .F. ) ;
#5158 = VERTEX_POINT ( 'NONE', #5522 ) ;
#5159 = SURFACE_STYLE_FILL_AREA ( #2529 ) ;
#5160 = LINE ( 'NONE', #652, #6294 ) ;
#5161 = PLANE ( 'NONE',  #1453 ) ;
#5162 = CARTESIAN_POINT ( 'NONE',  ( 1.500000000000001110, 2.100001167703606342, 0.4100000000000035838 ) ) ;
#5163 = EDGE_LOOP ( 'NONE', ( #1999, #1356, #5566, #1409 ) ) ;
#5164 = SURFACE_STYLE_USAGE ( .BOTH. , #3655 ) ;
#5165 = SURFACE_STYLE_FILL_AREA ( #148 ) ;
#5166 = SURFACE_STYLE_USAGE ( .BOTH. , #1581 ) ;
#5167 = CARTESIAN_POINT ( 'NONE',  ( 1.500000000000001110, 2.190001167703602203, 0.2900000000000002021 ) ) ;
#5168 = ORIENTED_EDGE ( 'NONE', *, *, #862, .F. ) ;
#5169 = CIRCLE ( 'NONE', #2327, 0.2899999999999938183 ) ;
#5170 = PLANE ( 'NONE',  #3805 ) ;
#5171 = DIRECTION ( 'NONE',  ( -1.000000000000000000, 2.168404344971008868E-16, -0.0000000000000000000 ) ) ;
#5172 = ADVANCED_FACE ( 'NONE', ( #5624 ), #4106, .F. ) ;
#5173 =( LENGTH_UNIT ( ) NAMED_UNIT ( * ) SI_UNIT ( .MILLI., .METRE. ) );
#5174 = CIRCLE ( 'NONE', #4959, 0.09000000000000023259 ) ;
#5175 = DIRECTION ( 'NONE',  ( -0.0000000000000000000, 0.0000000000000000000, -1.000000000000000000 ) ) ;
#5176 = CARTESIAN_POINT ( 'NONE',  ( 1.458632135056575407, -1.499567327329789368, 0.7035238361161015863 ) ) ;
#5177 = ORIENTED_EDGE ( 'NONE', *, *, #2951, .T. ) ;
#5178 = ADVANCED_FACE ( 'NONE', ( #2989 ), #4518, .F. ) ;
#5179 = CARTESIAN_POINT ( 'NONE',  ( 0.8900000000000000133, 2.190001167703602203, 0.0000000000000000000 ) ) ;
#5180 = EDGE_CURVE ( 'NONE', #3124, #2086, #1625, .T. ) ;
#5181 = ORIENTED_EDGE ( 'NONE', *, *, #2576, .T. ) ;
#5182 = CARTESIAN_POINT ( 'NONE',  ( 1.400742627321157396, 1.499997242485289872, 0.4999775418449312059 ) ) ;
#5183 = MECHANICAL_DESIGN_GEOMETRIC_PRESENTATION_REPRESENTATION (  '', ( #4546 ), #764 ) ;
#5184 = ORIENTED_EDGE ( 'NONE', *, *, #5411, .F. ) ;
#5185 = ADVANCED_FACE ( 'NONE', ( #3112 ), #1590, .T. ) ;
#5186 = SURFACE_STYLE_FILL_AREA ( #3646 ) ;
#5187 = ORIENTED_EDGE ( 'NONE', *, *, #2947, .F. ) ;
#5188 = ORIENTED_EDGE ( 'NONE', *, *, #1611, .T. ) ;
#5189 = VERTEX_POINT ( 'NONE', #2024 ) ;
#5190 = MECHANICAL_DESIGN_GEOMETRIC_PRESENTATION_REPRESENTATION (  '', ( #2341 ), #3788 ) ;
#5191 = EDGE_CURVE ( 'NONE', #2325, #4257, #3055, .T. ) ;
#5192 = LINE ( 'NONE', #50, #5440 ) ;
#5193 = UNCERTAINTY_MEASURE_WITH_UNIT (LENGTH_MEASURE( 1.000000000000000082E-05 ), #5173, 'distance_accuracy_value', 'NONE');
#5194 = FACE_OUTER_BOUND ( 'NONE', #4019, .T. ) ;
#5195 =( GEOMETRIC_REPRESENTATION_CONTEXT ( 3 ) GLOBAL_UNCERTAINTY_ASSIGNED_CONTEXT ( ( #5790 ) ) GLOBAL_UNIT_ASSIGNED_CONTEXT ( ( #1246, #1704, #1745 ) ) REPRESENTATION_CONTEXT ( 'NONE', 'WORKASPACE' ) );
#5196 = COLOUR_RGB ( '',0.0000000000000000000, 0.0000000000000000000, 0.0000000000000000000 ) ;
#5197 = EDGE_CURVE ( 'NONE', #3124, #3102, #4754, .T. ) ;
#5198 = VERTEX_POINT ( 'NONE', #2078 ) ;
#5199 = DIRECTION ( 'NONE',  ( -1.000000000000000000, 2.168404344971008868E-16, -0.0000000000000000000 ) ) ;
#5200 = DIRECTION ( 'NONE',  ( 0.0000000000000000000, -1.000000000000000000, -1.869314090492287515E-15 ) ) ;
#5201 = AXIS2_PLACEMENT_3D ( 'NONE', #1133, #3762, #4729 ) ;
#5202 = CYLINDRICAL_SURFACE ( 'NONE', #4337, 0.1000000000000000472 ) ;
#5203 = CYLINDRICAL_SURFACE ( 'NONE', #5870, 0.2899999999999938183 ) ;
#5204 = ORIENTED_EDGE ( 'NONE', *, *, #2664, .F. ) ;
#5205 = STYLED_ITEM ( 'NONE', ( #5473 ), #5751 ) ;
#5206 = FACE_OUTER_BOUND ( 'NONE', #1608, .T. ) ;
#5207 = CARTESIAN_POINT ( 'NONE',  ( 1.110000000000000098, 2.100001167703602345, 0.2900000000000007572 ) ) ;
#5208 = CIRCLE ( 'NONE', #81, 0.1000000000000000472 ) ;
#5209 = ADVANCED_FACE ( 'NONE', ( #6056 ), #3019, .T. ) ;
#5210 = CARTESIAN_POINT ( 'NONE',  ( 1.500000000000001110, 2.100001167703602345, 0.2900000000000007572 ) ) ;
#5211 = DIRECTION ( 'NONE',  ( -1.000000000000000000, 1.219727444046192488E-16, -0.0000000000000000000 ) ) ;
#5212 = VERTEX_POINT ( 'NONE', #1007 ) ;
#5213 = LINE ( 'NONE', #2700, #2854 ) ;
#5214 = DIRECTION ( 'NONE',  ( -1.000000000000000000, -2.168404344971008868E-16, -0.0000000000000000000 ) ) ;
#5215 = EDGE_LOOP ( 'NONE', ( #297, #2152, #1640, #2561 ) ) ;
#5216 = DIRECTION ( 'NONE',  ( 0.0000000000000000000, 1.000000000000000000, 0.0000000000000000000 ) ) ;
#5217 = DIRECTION ( 'NONE',  ( -1.000000000000000000, 0.0000000000000000000, -0.0000000000000000000 ) ) ;
#5218 = EDGE_CURVE ( 'NONE', #3937, #3686, #5047, .T. ) ;
#5219 = VERTEX_POINT ( 'NONE', #6122 ) ;
#5220 = VECTOR ( 'NONE', #4232, 1000.000000000000000 ) ;
#5221 = ORIENTED_EDGE ( 'NONE', *, *, #3532, .F. ) ;
#5222 = CARTESIAN_POINT ( 'NONE',  ( 1.500000000000001110, -2.190001167703602203, 0.2900000000000002021 ) ) ;
#5223 = EDGE_CURVE ( 'NONE', #4581, #899, #6271, .T. ) ;
#5224 = DIRECTION ( 'NONE',  ( -1.000000000000000000, -2.168404344971008868E-16, -0.0000000000000000000 ) ) ;
#5225 = CARTESIAN_POINT ( 'NONE',  ( 0.1100000000000001393, -2.500000000000000000, 0.6999999999999999556 ) ) ;
#5226 = PRESENTATION_STYLE_ASSIGNMENT (( #6081 ) ) ;
#5227 = EDGE_CURVE ( 'NONE', #3057, #3418, #1649, .T. ) ;
#5228 = ORIENTED_EDGE ( 'NONE', *, *, #5059, .T. ) ;
#5229 = VERTEX_POINT ( 'NONE', #3763 ) ;
#5230 =( LENGTH_UNIT ( ) NAMED_UNIT ( * ) SI_UNIT ( .MILLI., .METRE. ) );
#5231 =( NAMED_UNIT ( * ) PLANE_ANGLE_UNIT ( ) SI_UNIT ( $, .RADIAN. ) );
#5232 = CARTESIAN_POINT ( 'NONE',  ( 1.500000000000001110, -2.100001167703602345, 0.2900000000000007572 ) ) ;
#5233 = FACE_OUTER_BOUND ( 'NONE', #2317, .T. ) ;
#5234 = ORIENTED_EDGE ( 'NONE', *, *, #2992, .T. ) ;
#5235 = STYLED_ITEM ( 'NONE', ( #755 ), #1160 ) ;
#5236 = VERTEX_POINT ( 'NONE', #4733 ) ;
#5237 = CARTESIAN_POINT ( 'NONE',  ( 0.3900000000000000688, -2.500000000000000000, 0.0000000000000000000 ) ) ;
#5238 = CARTESIAN_POINT ( 'NONE',  ( 0.3899999999999999578, -1.500000000000000000, 0.5000000000000042188 ) ) ;
#5239 = FACE_OUTER_BOUND ( 'NONE', #903, .T. ) ;
#5240 = VECTOR ( 'NONE', #1119, 1000.000000000000000 ) ;
#5241 = CIRCLE ( 'NONE', #1037, 0.1000000000000000749 ) ;
#5242 = DIRECTION ( 'NONE',  ( -1.000000000000000000, 1.084202172485504434E-16, -0.0000000000000000000 ) ) ;
#5243 = FILL_AREA_STYLE ('',( #4373 ) ) ;
#5244 = DIRECTION ( 'NONE',  ( -1.000000000000000000, 0.0000000000000000000, 0.0000000000000000000 ) ) ;
#5245 = EDGE_CURVE ( 'NONE', #632, #2815, #4270, .T. ) ;
#5246 = EDGE_LOOP ( 'NONE', ( #3359, #3059, #4421 ) ) ;
#5247 = CIRCLE ( 'NONE', #5457, 0.2899999999999951505 ) ;
#5248 = VECTOR ( 'NONE', #1757, 1000.000000000000000 ) ;
#5249 = SURFACE_STYLE_USAGE ( .BOTH. , #5747 ) ;
#5250 =( LENGTH_UNIT ( ) NAMED_UNIT ( * ) SI_UNIT ( .MILLI., .METRE. ) );
#5251 = VERTEX_POINT ( 'NONE', #5179 ) ;
#5252 = CARTESIAN_POINT ( 'NONE',  ( -1.499999080824205633, 1.400495088862660165, 0.4999925139139124175 ) ) ;
#5253 = VECTOR ( 'NONE', #525, 1000.000000000000000 ) ;
#5254 = ORIENTED_EDGE ( 'NONE', *, *, #1906, .T. ) ;
#5255 = ORIENTED_EDGE ( 'NONE', *, *, #181, .T. ) ;
#5256 = DIRECTION ( 'NONE',  ( 1.000000000000000000, -1.084202172485504434E-16, -0.0000000000000000000 ) ) ;
#5257 = CARTESIAN_POINT ( 'NONE',  ( 1.461668264347375290, 1.362413649183243480, 1.012186934340514544 ) ) ;
#5258 =( NAMED_UNIT ( * ) SI_UNIT ( $, .STERADIAN. ) SOLID_ANGLE_UNIT ( ) );
#5259 = ORIENTED_EDGE ( 'NONE', *, *, #4500, .T. ) ;
#5260 = EDGE_CURVE ( 'NONE', #2667, #4980, #271, .T. ) ;
#5261 = ORIENTED_EDGE ( 'NONE', *, *, #1046, .T. ) ;
#5262 = DIRECTION ( 'NONE',  ( -0.0000000000000000000, 0.9925461516413225382, 0.1218693434051437985 ) ) ;
#5263 = CYLINDRICAL_SURFACE ( 'NONE', #3502, 0.1000000000000000472 ) ;
#5264 = ORIENTED_EDGE ( 'NONE', *, *, #5957, .F. ) ;
#5265 = EDGE_CURVE ( 'NONE', #140, #1362, #257, .T. ) ;
#5266 = DIRECTION ( 'NONE',  ( 0.0000000000000000000, -1.000000000000000000, 0.0000000000000000000 ) ) ;
#5267 = EDGE_CURVE ( 'NONE', #2841, #3706, #1480, .T. ) ;
#5268 = CARTESIAN_POINT ( 'NONE',  ( 1.500000000000001110, -2.100001167703606342, 0.4100000000000035838 ) ) ;
#5269 = CARTESIAN_POINT ( 'NONE',  ( 1.500000000000001110, -1.900001167703612381, 0.4100000000000028066 ) ) ;
#5270 = EDGE_CURVE ( 'NONE', #5857, #940, #1752, .T. ) ;
#5271 = DIRECTION ( 'NONE',  ( 1.000000000000000000, -1.084202172485504434E-16, -0.0000000000000000000 ) ) ;
#5273 = CARTESIAN_POINT ( 'NONE',  ( -1.499999999999999556, -1.500000000000000000, 0.1000000000000000056 ) ) ;
#5272 = AXIS2_PLACEMENT_3D ( 'NONE', #1476, #5002, #2502 ) ;
#5274 = LINE ( 'NONE', #762, #5485 ) ;
#5275 = CARTESIAN_POINT ( 'NONE',  ( 0.3899999999999999578, -1.900001167703612603, 0.4100000000000028066 ) ) ;
#5276 = DIRECTION ( 'NONE',  ( -1.000000000000000000, 2.168404344971008868E-16, -0.0000000000000000000 ) ) ;
#5277 = AXIS2_PLACEMENT_3D ( 'NONE', #1258, #2782, #189 ) ;
#5278 = ORIENTED_EDGE ( 'NONE', *, *, #4904, .F. ) ;
#5279 = CIRCLE ( 'NONE', #1287, 0.2899999999999951505 ) ;
#5280 = PLANE ( 'NONE',  #3695 ) ;
#5281 = PLANE ( 'NONE',  #3455 ) ;
#5282 = VERTEX_POINT ( 'NONE', #226 ) ;
#5283 = ORIENTED_EDGE ( 'NONE', *, *, #5586, .T. ) ;
#5284 = CARTESIAN_POINT ( 'NONE',  ( -1.400000000000000133, 1.500000000000000000, 0.6999999999999886313 ) ) ;
#5285 = AXIS2_PLACEMENT_3D ( 'NONE', #6137, #472, #4504 ) ;
#5286 = CARTESIAN_POINT ( 'NONE',  ( 0.3900000000000000688, 2.500000000000000000, 0.0000000000000000000 ) ) ;
#5287 = EDGE_CURVE ( 'NONE', #5418, #6450, #4128, .T. ) ;
#5288 = CARTESIAN_POINT ( 'NONE',  ( 1.500000000000001110, -1.900001167703611937, 0.2900000000000002021 ) ) ;
#5289 = PRESENTATION_LAYER_ASSIGNMENT (  '', '', ( #768 ) ) ;
#5290 = ORIENTED_EDGE ( 'NONE', *, *, #868, .F. ) ;
#5291 = SURFACE_STYLE_FILL_AREA ( #2258 ) ;
#5292 = PLANE ( 'NONE',  #5132 ) ;
#5293 = MECHANICAL_DESIGN_GEOMETRIC_PRESENTATION_REPRESENTATION (  '', ( #880 ), #2230 ) ;
#5294 = DIRECTION ( 'NONE',  ( -1.000000000000000000, 2.168404344971008868E-16, -0.0000000000000000000 ) ) ;
#5295 = ORIENTED_EDGE ( 'NONE', *, *, #256, .F. ) ;
#5296 = EDGE_CURVE ( 'NONE', #4823, #1363, #1169, .T. ) ;
#5297 = PRODUCT ( '378D1009-E571-49DD-8AC3-71557983C0E4', '378D1009-E571-49DD-8AC3-71557983C0E4', '', ( #5647 ) ) ;
#5298 = ORIENTED_EDGE ( 'NONE', *, *, #200, .T. ) ;
#5299 = LINE ( 'NONE', #4791, #3663 ) ;
#5300 = VECTOR ( 'NONE', #6401, 1000.000000000000000 ) ;
#5301 = DIRECTION ( 'NONE',  ( -0.0000000000000000000, 0.0000000000000000000, 1.000000000000000000 ) ) ;
#5302 = FACE_OUTER_BOUND ( 'NONE', #4015, .T. ) ;
#5303 = ADVANCED_FACE ( 'NONE', ( #696 ), #669, .F. ) ;
#5304 = VECTOR ( 'NONE', #4506, 1000.000000000000000 ) ;
#5305 = SURFACE_STYLE_USAGE ( .BOTH. , #2751 ) ;
#5306 = EDGE_CURVE ( 'NONE', #3004, #1828, #1257, .T. ) ;
#5307 = CYLINDRICAL_SURFACE ( 'NONE', #78, 0.09000000000000023259 ) ;
#5308 = VECTOR ( 'NONE', #4206, 1000.000000000000000 ) ;
#5309 = ORIENTED_EDGE ( 'NONE', *, *, #2188, .T. ) ;
#5310 = CARTESIAN_POINT ( 'NONE',  ( 1.500000000000001110, -1.810001167703611191, 0.5000000000000042188 ) ) ;
#5311 = LINE ( 'NONE', #5781, #5145 ) ;
#5312 = ORIENTED_EDGE ( 'NONE', *, *, #2283, .T. ) ;
#5313 = DIRECTION ( 'NONE',  ( 0.1218693434051442981, 0.0000000000000000000, 0.9925461516413223162 ) ) ;
#5314 = ORIENTED_EDGE ( 'NONE', *, *, #5051, .T. ) ;
#5315 = VERTEX_POINT ( 'NONE', #5275 ) ;
#5316 = DIRECTION ( 'NONE',  ( 0.0000000000000000000, 1.000000000000000000, 0.0000000000000000000 ) ) ;
#5317 = FILL_AREA_STYLE ('',( #5891 ) ) ;
#5318 = DIRECTION ( 'NONE',  ( 0.0000000000000000000, 0.0000000000000000000, 1.000000000000000000 ) ) ;
#5319 = ORIENTED_EDGE ( 'NONE', *, *, #1090, .F. ) ;
#5320 = AXIS2_PLACEMENT_3D ( 'NONE', #5971, #5472, #4536 ) ;
#5321 = VERTEX_POINT ( 'NONE', #763 ) ;
#5322 = ORIENTED_EDGE ( 'NONE', *, *, #5479, .F. ) ;
#5323 = EDGE_CURVE ( 'NONE', #5212, #3618, #2755, .T. ) ;
#5324 = CARTESIAN_POINT ( 'NONE',  ( -1.499999999999999556, -1.500000000000000000, 1.100000000000000089 ) ) ;
#5325 = UNCERTAINTY_MEASURE_WITH_UNIT (LENGTH_MEASURE( 1.000000000000000082E-05 ), #5250, 'distance_accuracy_value', 'NONE');
#5326 = DIRECTION ( 'NONE',  ( 0.0000000000000000000, 1.000000000000000000, 0.0000000000000000000 ) ) ;
#5327 = VECTOR ( 'NONE', #4896, 1000.000000000000000 ) ;
#5328 = FACE_OUTER_BOUND ( 'NONE', #4572, .T. ) ;
#5329 = ORIENTED_EDGE ( 'NONE', *, *, #5831, .T. ) ;
#5330 = DIRECTION ( 'NONE',  ( 1.084202172485504434E-16, 1.000000000000000000, 0.0000000000000000000 ) ) ;
#5331 = AXIS2_PLACEMENT_3D ( 'NONE', #199, #5350, #5756 ) ;
#5332 = DIRECTION ( 'NONE',  ( -1.000000000000000000, -1.084202172485504434E-16, 0.0000000000000000000 ) ) ;
#5333 = CARTESIAN_POINT ( 'NONE',  ( -0.3899999999999999578, 2.100001167703602789, 0.2900000000000007572 ) ) ;
#5334 = EDGE_CURVE ( 'NONE', #3599, #4860, #6304, .T. ) ;
#5335 =( NAMED_UNIT ( * ) SI_UNIT ( $, .STERADIAN. ) SOLID_ANGLE_UNIT ( ) );
#5336 = DIRECTION ( 'NONE',  ( 0.0000000000000000000, -1.000000000000000000, -1.869314090492288698E-15 ) ) ;
#5337 = CARTESIAN_POINT ( 'NONE',  ( -1.110000000000000098, 1.810001167703612746, 0.6999999999999999556 ) ) ;
#5338 = SURFACE_STYLE_USAGE ( .BOTH. , #4978 ) ;
#5339 = AXIS2_PLACEMENT_3D ( 'NONE', #1661, #2653, #6253 ) ;
#5340 = EDGE_CURVE ( 'NONE', #2680, #2419, #2137, .T. ) ;
#5341 = COLOUR_RGB ( '',0.2509803921568627416, 0.2509803921568627416, 0.2509803921568627416 ) ;
#5342 = ORIENTED_EDGE ( 'NONE', *, *, #1753, .T. ) ;
#5343 = CARTESIAN_POINT ( 'NONE',  ( 1.400742627321156952, 1.499997242485289872, 0.7000224581550680281 ) ) ;
#5344 = EDGE_CURVE ( 'NONE', #3937, #5189, #6177, .T. ) ;
#5345 = VERTEX_POINT ( 'NONE', #2169 ) ;
#5346 = FACE_OUTER_BOUND ( 'NONE', #3281, .T. ) ;
#5347 = ORIENTED_EDGE ( 'NONE', *, *, #336, .T. ) ;
#5348 = VERTEX_POINT ( 'NONE', #4168 ) ;
#5349 = AXIS2_PLACEMENT_3D ( 'NONE', #3356, #3012, #927 ) ;
#5350 = DIRECTION ( 'NONE',  ( 0.0000000000000000000, 1.000000000000000000, 0.0000000000000000000 ) ) ;
#5351 = VECTOR ( 'NONE', #4097, 1000.000000000000000 ) ;
#5352 = EDGE_CURVE ( 'NONE', #217, #332, #5213, .T. ) ;
#5353 = DIRECTION ( 'NONE',  ( 0.0000000000000000000, 1.000000000000000000, 0.0000000000000000000 ) ) ;
#5354 = FACE_OUTER_BOUND ( 'NONE', #2733, .T. ) ;
#5355 = ORIENTED_EDGE ( 'NONE', *, *, #3016, .F. ) ;
#5356 = VECTOR ( 'NONE', #5924, 1000.000000000000000 ) ;
#5357 = CARTESIAN_POINT ( 'NONE',  ( 0.1100000000000000699, -1.900001167703612381, 0.6999999999999999556 ) ) ;
#5358 = ORIENTED_EDGE ( 'NONE', *, *, #6154, .F. ) ;
#5359 = ORIENTED_EDGE ( 'NONE', *, *, #3592, .F. ) ;
#5360 = SURFACE_STYLE_FILL_AREA ( #5424 ) ;
#5361 = CARTESIAN_POINT ( 'NONE',  ( 1.500000000000001110, -2.190001167703603091, 0.2000000000000002331 ) ) ;
#5362 = FILL_AREA_STYLE_COLOUR ( '', #3011 ) ;
#5363 = CARTESIAN_POINT ( 'NONE',  ( 0.6100000000000002087, 2.190001167703603091, 0.2000000000000002331 ) ) ;
#5364 = CARTESIAN_POINT ( 'NONE',  ( -0.1100000000000000699, 2.100001167703602789, 0.2900000000000007572 ) ) ;
#5365 = DIRECTION ( 'NONE',  ( 0.0000000000000000000, -0.0000000000000000000, 1.000000000000000000 ) ) ;
#5366 = ORIENTED_EDGE ( 'NONE', *, *, #3619, .F. ) ;
#5367 = CARTESIAN_POINT ( 'NONE',  ( 0.3899999999999999578, 2.190001167703602647, 0.2900000000000002021 ) ) ;
#5368 = SURFACE_STYLE_FILL_AREA ( #5243 ) ;
#5369 =( LENGTH_UNIT ( ) NAMED_UNIT ( * ) SI_UNIT ( .MILLI., .METRE. ) );
#5370 = AXIS2_PLACEMENT_3D ( 'NONE', #5833, #850, #372 ) ;
#5371 = LINE ( 'NONE', #1853, #5731 ) ;
#5372 = EDGE_CURVE ( 'NONE', #695, #4210, #4866, .T. ) ;
#5373 = DIRECTION ( 'NONE',  ( 0.0000000000000000000, 1.000000000000000000, 0.0000000000000000000 ) ) ;
#5374 = ORIENTED_EDGE ( 'NONE', *, *, #3676, .F. ) ;
#5375 = MECHANICAL_DESIGN_GEOMETRIC_PRESENTATION_REPRESENTATION (  '', ( #1070 ), #970 ) ;
#5376 = SURFACE_SIDE_STYLE ('',( #5878 ) ) ;
#5377 = EDGE_CURVE ( 'NONE', #2617, #2234, #931, .T. ) ;
#5378 = ORIENTED_EDGE ( 'NONE', *, *, #5197, .F. ) ;
#5379 = CARTESIAN_POINT ( 'NONE',  ( -1.500000000000000000, 1.500000000000000000, 1.100000000000000089 ) ) ;
#5380 = EDGE_CURVE ( 'NONE', #2566, #5468, #2378, .T. ) ;
#5381 = VECTOR ( 'NONE', #1721, 1000.000000000000000 ) ;
#5382 = EDGE_CURVE ( 'NONE', #1328, #3801, #5371, .T. ) ;
#5383 = FACE_OUTER_BOUND ( 'NONE', #6480, .T. ) ;
#5384 = ORIENTED_EDGE ( 'NONE', *, *, #3631, .T. ) ;
#5385 = VERTEX_POINT ( 'NONE', #4341 ) ;
#5386 = DIRECTION ( 'NONE',  ( -1.084202172485504434E-16, -1.000000000000000000, 0.0000000000000000000 ) ) ;
#5387 = UNCERTAINTY_MEASURE_WITH_UNIT (LENGTH_MEASURE( 1.000000000000000082E-05 ), #4297, 'distance_accuracy_value', 'NONE');
#5388 = CARTESIAN_POINT ( 'NONE',  ( 1.400000000000000133, -1.500000000000000000, 0.6999999999999886313 ) ) ;
#5389 = EDGE_CURVE ( 'NONE', #290, #3797, #3941, .T. ) ;
#5390 = LINE ( 'NONE', #430, #4608 ) ;
#5391 = DIRECTION ( 'NONE',  ( 0.9925461516413225382, 1.434827591868865153E-16, 0.1218693434051437985 ) ) ;
#5392 = EDGE_LOOP ( 'NONE', ( #1799, #1474, #5977, #6444 ) ) ;
#5393 = EDGE_CURVE ( 'NONE', #4193, #5823, #1450, .T. ) ;
#5394 = ORIENTED_EDGE ( 'NONE', *, *, #6128, .F. ) ;
#5395 = CIRCLE ( 'NONE', #4854, 0.2899999999999940403 ) ;
#5396 = DIRECTION ( 'NONE',  ( -0.0000000000000000000, 0.0000000000000000000, 1.000000000000000000 ) ) ;
#5397 = FACE_OUTER_BOUND ( 'NONE', #662, .T. ) ;
#5398 = LINE ( 'NONE', #986, #3482 ) ;
#5399 = LINE ( 'NONE', #4789, #3861 ) ;
#5400 = ADVANCED_FACE ( 'NONE', ( #3867 ), #2912, .F. ) ;
#5401 = VECTOR ( 'NONE', #1666, 1000.000000000000000 ) ;
#5402 = VERTEX_POINT ( 'NONE', #5337 ) ;
#5403 = CARTESIAN_POINT ( 'NONE',  ( -1.499999999999999556, -1.500000000000000000, 0.6999999999999886313 ) ) ;
#5404 =( NAMED_UNIT ( * ) PLANE_ANGLE_UNIT ( ) SI_UNIT ( $, .RADIAN. ) );
#5405 = CARTESIAN_POINT ( 'NONE',  ( 1.358293616846677043, -1.358293616846677043, 0.1664450293565455097 ) ) ;
#5406 = ORIENTED_EDGE ( 'NONE', *, *, #6205, .F. ) ;
#5407 = SURFACE_STYLE_USAGE ( .BOTH. , #2545 ) ;
#5408 = PRESENTATION_LAYER_ASSIGNMENT (  '', '', ( #774 ) ) ;
#5409 = LINE ( 'NONE', #1918, #2575 ) ;
#5410 = CARTESIAN_POINT ( 'NONE',  ( 1.500000000000001110, -2.100001167703602345, 0.4100000000000035838 ) ) ;
#5411 = EDGE_CURVE ( 'NONE', #3984, #5849, #2414, .T. ) ;
#5412 = VERTEX_POINT ( 'NONE', #6469 ) ;
#5413 = CARTESIAN_POINT ( 'NONE',  ( 0.6100000000000000977, -1.500000000000000000, 0.6999999999999999556 ) ) ;
#5414 = VERTEX_POINT ( 'NONE', #4376 ) ;
#5415 = CARTESIAN_POINT ( 'NONE',  ( -0.6100000000000000977, -1.500000000000003553, 0.6999999999999999556 ) ) ;
#5416 = AXIS2_PLACEMENT_3D ( 'NONE', #2054, #6094, #2523 ) ;
#5417 = VECTOR ( 'NONE', #34, 1000.000000000000000 ) ;
#5418 = VERTEX_POINT ( 'NONE', #3357 ) ;
#5419 = CARTESIAN_POINT ( 'NONE',  ( 0.8899999999999999023, -1.500000000000000000, 0.1999999999999999833 ) ) ;
#5420 = CARTESIAN_POINT ( 'NONE',  ( 1.500000000000001110, 2.190001167703602203, 5.041540102057595618E-15 ) ) ;
#5421 = ORIENTED_EDGE ( 'NONE', *, *, #4991, .F. ) ;
#5422 = ORIENTED_EDGE ( 'NONE', *, *, #2017, .T. ) ;
#5423 = ORIENTED_EDGE ( 'NONE', *, *, #4045, .F. ) ;
#5424 = FILL_AREA_STYLE ('',( #3856 ) ) ;
#5425 = EDGE_CURVE ( 'NONE', #5849, #2185, #5409, .T. ) ;
#5426 = FILL_AREA_STYLE_COLOUR ( '', #1233 ) ;
#5427 = DIRECTION ( 'NONE',  ( -0.0000000000000000000, 0.0000000000000000000, -1.000000000000000000 ) ) ;
#5428 = ORIENTED_EDGE ( 'NONE', *, *, #3869, .F. ) ;
#5429 = ORIENTED_EDGE ( 'NONE', *, *, #188, .F. ) ;
#5430 = DIRECTION ( 'NONE',  ( 0.0000000000000000000, -1.000000000000000000, 0.0000000000000000000 ) ) ;
#5431 = DIRECTION ( 'NONE',  ( 0.0000000000000000000, 0.0000000000000000000, -1.000000000000000000 ) ) ;
#5432 = CARTESIAN_POINT ( 'NONE',  ( 0.3899999999999999578, -1.810001167703612301, 0.4100000000000034728 ) ) ;
#5433 = ORIENTED_EDGE ( 'NONE', *, *, #6265, .F. ) ;
#5434 =( NAMED_UNIT ( * ) SI_UNIT ( $, .STERADIAN. ) SOLID_ANGLE_UNIT ( ) );
#5435 = ORIENTED_EDGE ( 'NONE', *, *, #4028, .T. ) ;
#5436 = VECTOR ( 'NONE', #6138, 1000.000000000000000 ) ;
#5437 = DIRECTION ( 'NONE',  ( 0.0000000000000000000, 0.0000000000000000000, -1.000000000000000000 ) ) ;
#5438 = FILL_AREA_STYLE_COLOUR ( '', #3462 ) ;
#5439 = EDGE_LOOP ( 'NONE', ( #1700, #5742, #1536, #4673 ) ) ;
#5440 = VECTOR ( 'NONE', #4027, 1000.000000000000000 ) ;
#5441 = CARTESIAN_POINT ( 'NONE',  ( 1.500000000000000000, -1.399999999999999689, 0.5000000000000106581 ) ) ;
#5442 = ORIENTED_EDGE ( 'NONE', *, *, #5260, .F. ) ;
#5443 = ORIENTED_EDGE ( 'NONE', *, *, #5800, .F. ) ;
#5444 = VECTOR ( 'NONE', #4356, 1000.000000000000000 ) ;
#5445 = VECTOR ( 'NONE', #5956, 1000.000000000000000 ) ;
#5446 = PLANE ( 'NONE',  #753 ) ;
#5447 = ORIENTED_EDGE ( 'NONE', *, *, #3500, .F. ) ;
#5448 = ORIENTED_EDGE ( 'NONE', *, *, #6397, .T. ) ;
#5449 = CARTESIAN_POINT ( 'NONE',  ( -0.1100000000000000699, 1.500001167703639560, 0.5000000000000042188 ) ) ;
#5450 = VECTOR ( 'NONE', #936, 1000.000000000000000 ) ;
#5451 = LINE ( 'NONE', #3921, #2408 ) ;
#5452 = VECTOR ( 'NONE', #2830, 1000.000000000000000 ) ;
#5453 = LINE ( 'NONE', #813, #125 ) ;
#5454 = ORIENTED_EDGE ( 'NONE', *, *, #1152, .F. ) ;
#5455 = FACE_OUTER_BOUND ( 'NONE', #6054, .T. ) ;
#5456 = ORIENTED_EDGE ( 'NONE', *, *, #5377, .T. ) ;
#5457 = AXIS2_PLACEMENT_3D ( 'NONE', #2510, #2015, #892 ) ;
#5458 = ORIENTED_EDGE ( 'NONE', *, *, #3714, .F. ) ;
#5459 = MECHANICAL_DESIGN_GEOMETRIC_PRESENTATION_REPRESENTATION (  '', ( #6000 ), #2093 ) ;
#5460 = PRESENTATION_STYLE_ASSIGNMENT (( #4887 ) ) ;
#5461 = DIRECTION ( 'NONE',  ( 0.0000000000000000000, -1.000000000000000000, 0.0000000000000000000 ) ) ;
#5462 = LINE ( 'NONE', #6069, #5571 ) ;
#5463 = PLANE ( 'NONE',  #4494 ) ;
#5464 = VECTOR ( 'NONE', #3564, 1000.000000000000000 ) ;
#5465 = VECTOR ( 'NONE', #2157, 1000.000000000000000 ) ;
#5466 = EDGE_CURVE ( 'NONE', #272, #6179, #4940, .T. ) ;
#5467 = ORIENTED_EDGE ( 'NONE', *, *, #5306, .T. ) ;
#5468 = VERTEX_POINT ( 'NONE', #828 ) ;
#5469 = CARTESIAN_POINT ( 'NONE',  ( -0.1100000000000000699, 1.500000000000000000, 0.1999999999999999833 ) ) ;
#5470 = EDGE_CURVE ( 'NONE', #4352, #1311, #894, .T. ) ;
#5471 = DIRECTION ( 'NONE',  ( 0.0000000000000000000, -1.000000000000000000, 0.0000000000000000000 ) ) ;
#5472 = DIRECTION ( 'NONE',  ( 0.0000000000000000000, 0.0000000000000000000, -1.000000000000000000 ) ) ;
#5473 = PRESENTATION_STYLE_ASSIGNMENT (( #4371 ) ) ;
#5474 = ORIENTED_EDGE ( 'NONE', *, *, #3412, .F. ) ;
#5475 = PRESENTATION_STYLE_ASSIGNMENT (( #4007 ) ) ;
#5476 = DIRECTION ( 'NONE',  ( 0.1209742911513516928, 0.1209742911513517066, -0.9852565360152938378 ) ) ;
#5477 = PLANE ( 'NONE',  #121 ) ;
#5478 = VERTEX_POINT ( 'NONE', #5945 ) ;
#5479 = EDGE_CURVE ( 'NONE', #940, #5158, #3326, .T. ) ;
#5480 = EDGE_CURVE ( 'NONE', #1634, #3406, #345, .T. ) ;
#5481 = PRESENTATION_STYLE_ASSIGNMENT (( #5338 ) ) ;
#5482 = ORIENTED_EDGE ( 'NONE', *, *, #1211, .F. ) ;
#5483 = ORIENTED_EDGE ( 'NONE', *, *, #4566, .T. ) ;
#5484 = DIRECTION ( 'NONE',  ( -1.000000000000000000, 1.084202172485504434E-16, 0.0000000000000000000 ) ) ;
#5485 = VECTOR ( 'NONE', #2752, 1000.000000000000114 ) ;
#5486 = CARTESIAN_POINT ( 'NONE',  ( 1.500000000000001110, 1.900001167703611937, 0.2900000000000002021 ) ) ;
#5487 = CARTESIAN_POINT ( 'NONE',  ( 1.500000000000001110, 2.190001167703602203, 5.041540102057595618E-15 ) ) ;
#5488 = DIRECTION ( 'NONE',  ( -1.000000000000000000, 2.168404344971008868E-16, -0.0000000000000000000 ) ) ;
#5489 = DIRECTION ( 'NONE',  ( 1.000000000000000000, 0.0000000000000000000, 0.0000000000000000000 ) ) ;
#5490 = VECTOR ( 'NONE', #2037, 1000.000000000000000 ) ;
#5491 = ORIENTED_EDGE ( 'NONE', *, *, #262, .F. ) ;
#5492 = CARTESIAN_POINT ( 'NONE',  ( -1.362413649183243480, 1.362413649183243480, 0.2000000000000000111 ) ) ;
#5493 = ORIENTED_EDGE ( 'NONE', *, *, #2092, .T. ) ;
#5494 =( NAMED_UNIT ( * ) PLANE_ANGLE_UNIT ( ) SI_UNIT ( $, .RADIAN. ) );
#5495 = ADVANCED_FACE ( 'NONE', ( #798 ), #1385, .F. ) ;
#5496 = COLOUR_RGB ( '',0.0000000000000000000, 0.0000000000000000000, 0.0000000000000000000 ) ;
#5497 = LINE ( 'NONE', #952, #3811 ) ;
#5498 = EDGE_LOOP ( 'NONE', ( #5540, #5727, #3745, #3236 ) ) ;
#5499 = VECTOR ( 'NONE', #2099, 1000.000000000000000 ) ;
#5500 = ORIENTED_EDGE ( 'NONE', *, *, #3702, .F. ) ;
#5501 = DIRECTION ( 'NONE',  ( 0.0000000000000000000, 0.0000000000000000000, 1.000000000000000000 ) ) ;
#5502 = CARTESIAN_POINT ( 'NONE',  ( -1.499999999999999556, 1.362413649183243036, 1.000000000000000000 ) ) ;
#5503 = DIRECTION ( 'NONE',  ( 1.000000000000000000, 0.0000000000000000000, 0.0000000000000000000 ) ) ;
#5504 =( LENGTH_UNIT ( ) NAMED_UNIT ( * ) SI_UNIT ( .MILLI., .METRE. ) );
#5505 =( NAMED_UNIT ( * ) SI_UNIT ( $, .STERADIAN. ) SOLID_ANGLE_UNIT ( ) );
#5506 =( LENGTH_UNIT ( ) NAMED_UNIT ( * ) SI_UNIT ( .MILLI., .METRE. ) );
#5507 =( GEOMETRIC_REPRESENTATION_CONTEXT ( 3 ) GLOBAL_UNCERTAINTY_ASSIGNED_CONTEXT ( ( #89 ) ) GLOBAL_UNIT_ASSIGNED_CONTEXT ( ( #1089, #537, #59 ) ) REPRESENTATION_CONTEXT ( 'NONE', 'WORKASPACE' ) );
#5508 = DIRECTION ( 'NONE',  ( 0.0000000000000000000, 1.000000000000000000, 0.0000000000000000000 ) ) ;
#5509 = DIRECTION ( 'NONE',  ( -1.000000000000000000, 1.084202172485504434E-16, 0.0000000000000000000 ) ) ;
#5510 = ADVANCED_FACE ( 'NONE', ( #1323 ), #5307, .F. ) ;
#5511 = ORIENTED_EDGE ( 'NONE', *, *, #3869, .T. ) ;
#5512 = DIRECTION ( 'NONE',  ( -1.000000000000000000, -2.168404344971008868E-16, -0.0000000000000000000 ) ) ;
#5513 = VECTOR ( 'NONE', #2887, 1000.000000000000000 ) ;
#5514 = EDGE_CURVE ( 'NONE', #5973, #5665, #4797, .T. ) ;
#5515 = ORIENTED_EDGE ( 'NONE', *, *, #3239, .F. ) ;
#5516 = FILL_AREA_STYLE_COLOUR ( '', #3593 ) ;
#5517 = VECTOR ( 'NONE', #5599, 1000.000000000000000 ) ;
#5518 = PRESENTATION_LAYER_ASSIGNMENT (  '', '', ( #4553 ) ) ;
#5519 = DIRECTION ( 'NONE',  ( 0.0000000000000000000, -1.000000000000000000, 0.0000000000000000000 ) ) ;
#5520 = ADVANCED_FACE ( 'NONE', ( #3833 ), #5873, .F. ) ;
#5521 = ORIENTED_EDGE ( 'NONE', *, *, #3300, .F. ) ;
#5522 = CARTESIAN_POINT ( 'NONE',  ( 0.3899999999999999578, -2.100001167703602789, 0.2900000000000007572 ) ) ;
#5523 = PLANE ( 'NONE',  #450 ) ;
#5524 = VECTOR ( 'NONE', #1714, 1000.000000000000000 ) ;
#5525 = VERTEX_POINT ( 'NONE', #6019 ) ;
#5526 = VECTOR ( 'NONE', #5766, 1000.000000000000000 ) ;
#5527 = EDGE_CURVE ( 'NONE', #3584, #240, #3505, .T. ) ;
#5528 =( LENGTH_UNIT ( ) NAMED_UNIT ( * ) SI_UNIT ( .MILLI., .METRE. ) );
#5529 = CARTESIAN_POINT ( 'NONE',  ( -1.499999999999999556, 1.362413649183243036, 1.100000000000000089 ) ) ;
#5530 = AXIS2_PLACEMENT_3D ( 'NONE', #6078, #3040, #658 ) ;
#5531 = ORIENTED_EDGE ( 'NONE', *, *, #5480, .F. ) ;
#5532 = DIRECTION ( 'NONE',  ( 0.0000000000000000000, -0.1218693434051445479, 0.9925461516413223162 ) ) ;
#5533 =( BOUNDED_CURVE ( )  B_SPLINE_CURVE ( 3, ( #2460, #5997, #4359, #1971 ),
 .UNSPECIFIED., .F., .T. ) 
 B_SPLINE_CURVE_WITH_KNOTS ( ( 4, 4 ),
 ( 6.275758965707066928, 6.283185307179586232 ),
 .UNSPECIFIED. ) 
 CURVE ( )  GEOMETRIC_REPRESENTATION_ITEM ( )  RATIONAL_B_SPLINE_CURVE ( ( 1.000000000000000000, 0.9999954041263082738, 0.9999954041263082738, 1.000000000000000000 ) ) 
 REPRESENTATION_ITEM ( '' )  );
#5534 = AXIS2_PLACEMENT_3D ( 'NONE', #3486, #4529, #1574 ) ;
#5535 = DIRECTION ( 'NONE',  ( 1.000000000000000000, 0.0000000000000000000, 0.0000000000000000000 ) ) ;
#5536 = CARTESIAN_POINT ( 'NONE',  ( 1.110000000000000098, -1.810001167703612079, 0.4100000000000034728 ) ) ;
#5537 = DIRECTION ( 'NONE',  ( -1.445602896647339163E-16, 1.000000000000000000, -0.0000000000000000000 ) ) ;
#5538 = ORIENTED_EDGE ( 'NONE', *, *, #127, .T. ) ;
#5539 = EDGE_CURVE ( 'NONE', #1534, #5219, #1621, .T. ) ;
#5540 = ORIENTED_EDGE ( 'NONE', *, *, #1121, .T. ) ;
#5541 = CARTESIAN_POINT ( 'NONE',  ( 1.499999999999999556, 1.500000000000000000, 0.6999999999999886313 ) ) ;
#5542 = CARTESIAN_POINT ( 'NONE',  ( 1.500000000000001110, -1.900001167703611937, 0.2900000000000002021 ) ) ;
#5543 = LINE ( 'NONE', #4036, #2386 ) ;
#5544 = FACE_OUTER_BOUND ( 'NONE', #3375, .T. ) ;
#5545 = DIRECTION ( 'NONE',  ( 0.0000000000000000000, 0.0000000000000000000, 1.000000000000000000 ) ) ;
#5546 = CARTESIAN_POINT ( 'NONE',  ( 1.362413649183243480, -1.362413649183243480, 0.2000000000000000111 ) ) ;
#5547 = DIRECTION ( 'NONE',  ( -1.084202172485504434E-16, -1.000000000000000000, 0.0000000000000000000 ) ) ;
#5548 = EDGE_LOOP ( 'NONE', ( #5168, #1942, #1823, #461 ) ) ;
#5549 = SURFACE_SIDE_STYLE ('',( #4072 ) ) ;
#5550 = CARTESIAN_POINT ( 'NONE',  ( 1.110000000000000098, -1.500001167703639116, 0.5000000000000042188 ) ) ;
#5551 = ADVANCED_FACE ( 'NONE', ( #2606 ), #2512, .T. ) ;
#5552 = DIRECTION ( 'NONE',  ( 1.505836350674314946E-16, -1.000000000000000000, 0.0000000000000000000 ) ) ;
#5553 = ORIENTED_EDGE ( 'NONE', *, *, #2516, .T. ) ;
#5554 = MANIFOLD_SOLID_BREP ( 'Dome1', #5738 ) ;
#5555 = EDGE_CURVE ( 'NONE', #5967, #217, #2630, .T. ) ;
#5556 = CARTESIAN_POINT ( 'NONE',  ( 1.362413649183243036, 1.362413649183243480, 0.1999999999999999833 ) ) ;
#5557 = CARTESIAN_POINT ( 'NONE',  ( 1.110000000000000098, -2.100001167703602345, 0.6999999999999999556 ) ) ;
#5558 = ORIENTED_EDGE ( 'NONE', *, *, #2006, .T. ) ;
#5559 = MECHANICAL_DESIGN_GEOMETRIC_PRESENTATION_REPRESENTATION (  '', ( #612 ), #1438 ) ;
#5560 = ORIENTED_EDGE ( 'NONE', *, *, #1848, .T. ) ;
#5561 = CARTESIAN_POINT ( 'NONE',  ( 1.110000000000000098, 2.190001167703602203, 0.2900000000000002021 ) ) ;
#5562 = AXIS2_PLACEMENT_3D ( 'NONE', #1530, #3054, #4614 ) ;
#5563 = CARTESIAN_POINT ( 'NONE',  ( -1.500000000000000000, 1.400000000000000133, 0.5000000000000106581 ) ) ;
#5564 = ORIENTED_EDGE ( 'NONE', *, *, #5334, .T. ) ;
#5565 = ORIENTED_EDGE ( 'NONE', *, *, #3881, .F. ) ;
#5566 = ORIENTED_EDGE ( 'NONE', *, *, #1394, .F. ) ;
#5567 = ORIENTED_EDGE ( 'NONE', *, *, #1959, .T. ) ;
#5568 = ADVANCED_FACE ( 'NONE', ( #578 ), #4263, .F. ) ;
#5569 = CIRCLE ( 'NONE', #1447, 0.2899999999999940403 ) ;
#5570 = LINE ( 'NONE', #3029, #2785 ) ;
#5571 = VECTOR ( 'NONE', #2430, 1000.000000000000000 ) ;
#5572 = DIRECTION ( 'NONE',  ( 0.0000000000000000000, 0.0000000000000000000, 1.000000000000000000 ) ) ;
#5573 = CARTESIAN_POINT ( 'NONE',  ( -0.6100000000000000977, 1.900001167703612825, 0.4100000000000028066 ) ) ;
#5574 = AXIS2_PLACEMENT_3D ( 'NONE', #4908, #40, #1006 ) ;
#5575 = VERTEX_POINT ( 'NONE', #5704 ) ;
#5576 = EDGE_LOOP ( 'NONE', ( #4955, #3516, #5378 ) ) ;
#5577 = CARTESIAN_POINT ( 'NONE',  ( -1.110000000000000098, 2.100001167703606786, 0.4100000000000035838 ) ) ;
#5578 = DIRECTION ( 'NONE',  ( 1.000000000000000000, 0.0000000000000000000, 0.0000000000000000000 ) ) ;
#5579 = CARTESIAN_POINT ( 'NONE',  ( 1.500000000000001110, 1.810001167703612079, 0.7000000000000010658 ) ) ;
#5580 = SURFACE_STYLE_USAGE ( .BOTH. , #4066 ) ;
#5581 = CIRCLE ( 'NONE', #1251, 0.08999999999999980238 ) ;
#5582 = VECTOR ( 'NONE', #3938, 1000.000000000000000 ) ;
#5583 = PLANE ( 'NONE',  #943 ) ;
#5584 = ORIENTED_EDGE ( 'NONE', *, *, #1925, .F. ) ;
#5585 = CIRCLE ( 'NONE', #3022, 0.09000000000000002442 ) ;
#5586 = EDGE_CURVE ( 'NONE', #727, #1534, #249, .T. ) ;
#5587 = DIRECTION ( 'NONE',  ( 0.0000000000000000000, -1.000000000000000000, 0.0000000000000000000 ) ) ;
#5588 = ORIENTED_EDGE ( 'NONE', *, *, #4042, .F. ) ;
#5589 = CARTESIAN_POINT ( 'NONE',  ( -1.499999080824205633, 1.400495088862660165, 0.7000074860860868720 ) ) ;
#5590 = DIRECTION ( 'NONE',  ( -0.0000000000000000000, -0.0000000000000000000, -1.000000000000000000 ) ) ;
#5591 = CARTESIAN_POINT ( 'NONE',  ( 1.362413649183242814, 1.362413649183243480, 1.000000000000000000 ) ) ;
#5592 = FACE_OUTER_BOUND ( 'NONE', #4819, .T. ) ;
#5593 = EDGE_LOOP ( 'NONE', ( #2734, #844, #2298, #4525 ) ) ;
#5594 = ORIENTED_EDGE ( 'NONE', *, *, #1976, .F. ) ;
#5595 = AXIS2_PLACEMENT_3D ( 'NONE', #3896, #1815, #1847 ) ;
#5596 = ORIENTED_EDGE ( 'NONE', *, *, #2240, .T. ) ;
#5597 = FILL_AREA_STYLE ('',( #5426 ) ) ;
#5598 = UNCERTAINTY_MEASURE_WITH_UNIT (LENGTH_MEASURE( 1.000000000000000082E-05 ), #5230, 'distance_accuracy_value', 'NONE');
#5599 = DIRECTION ( 'NONE',  ( -1.000000000000000000, 2.168404344971008868E-16, -0.0000000000000000000 ) ) ;
#5600 = FILL_AREA_STYLE ('',( #5362 ) ) ;
#5601 = VECTOR ( 'NONE', #3364, 1000.000000000000000 ) ;
#5602 = DIRECTION ( 'NONE',  ( -1.000000000000000000, 0.0000000000000000000, -0.0000000000000000000 ) ) ;
#5603 = EDGE_CURVE ( 'NONE', #839, #1584, #676, .T. ) ;
#5604 = VERTEX_POINT ( 'NONE', #2223 ) ;
#5605 = LINE ( 'NONE', #5541, #2115 ) ;
#5606 = CIRCLE ( 'NONE', #51, 0.09000000000000023259 ) ;
#5607 = FACE_OUTER_BOUND ( 'NONE', #5691, .T. ) ;
#5608 =( NAMED_UNIT ( * ) PLANE_ANGLE_UNIT ( ) SI_UNIT ( $, .RADIAN. ) );
#5609 = LINE ( 'NONE', #5579, #6149 ) ;
#5610 = EDGE_CURVE ( 'NONE', #957, #520, #3693, .T. ) ;
#5611 = DIRECTION ( 'NONE',  ( 0.0000000000000000000, -0.0000000000000000000, 1.000000000000000000 ) ) ;
#5612 =( BOUNDED_CURVE ( )  B_SPLINE_CURVE ( 3, ( #1937, #2496, #6420, #4998 ),
 .UNSPECIFIED., .F., .T. ) 
 B_SPLINE_CURVE_WITH_KNOTS ( ( 4, 4 ),
 ( 2.363620831664864586, 3.919564475514714985 ),
 .UNSPECIFIED. ) 
 CURVE ( )  GEOMETRIC_REPRESENTATION_ITEM ( )  RATIONAL_B_SPLINE_CURVE ( ( 1.000000000000000000, 0.8082256338399274043, 0.8082256338399274043, 1.000000000000000000 ) ) 
 REPRESENTATION_ITEM ( '' )  );
#5614 = DIRECTION ( 'NONE',  ( -1.000000000000000000, 0.0000000000000000000, -0.0000000000000000000 ) ) ;
#5613 = VECTOR ( 'NONE', #1787, 1000.000000000000000 ) ;
#5615 = ORIENTED_EDGE ( 'NONE', *, *, #4163, .F. ) ;
#5616 = VERTEX_POINT ( 'NONE', #5737 ) ;
#5617 = DIRECTION ( 'NONE',  ( 0.0000000000000000000, -1.000000000000000000, 0.0000000000000000000 ) ) ;
#5618 = COLOUR_RGB ( '',0.0000000000000000000, 0.0000000000000000000, 0.0000000000000000000 ) ;
#5619 = DIRECTION ( 'NONE',  ( -0.0000000000000000000, -0.0000000000000000000, -1.000000000000000000 ) ) ;
#5620 = CARTESIAN_POINT ( 'NONE',  ( 0.1100000000000000144, 1.500000000000000000, 0.6999999999999999556 ) ) ;
#5621 = LINE ( 'NONE', #5741, #1995 ) ;
#5622 = ORIENTED_EDGE ( 'NONE', *, *, #4042, .T. ) ;
#5623 = PRESENTATION_LAYER_ASSIGNMENT (  '', '', ( #2341 ) ) ;
#5624 = FACE_OUTER_BOUND ( 'NONE', #3150, .T. ) ;
#5625 = EDGE_CURVE ( 'NONE', #5236, #5282, #4161, .T. ) ;
#5626 = PLANE ( 'NONE',  #4198 ) ;
#5627 = VERTEX_POINT ( 'NONE', #1676 ) ;
#5628 = CARTESIAN_POINT ( 'NONE',  ( 0.8900000000000000133, -2.500000000000000000, 0.6999999999999999556 ) ) ;
#5629 = VECTOR ( 'NONE', #3876, 1000.000000000000000 ) ;
#5630 = CARTESIAN_POINT ( 'NONE',  ( 1.362413649183243036, 1.461668264347375734, 0.1878130656594855785 ) ) ;
#5631 = ORIENTED_EDGE ( 'NONE', *, *, #4422, .F. ) ;
#5632 = VERTEX_POINT ( 'NONE', #2746 ) ;
#5633 =( LENGTH_UNIT ( ) NAMED_UNIT ( * ) SI_UNIT ( .MILLI., .METRE. ) );
#5634 = ORIENTED_EDGE ( 'NONE', *, *, #1327, .F. ) ;
#5635 = AXIS2_PLACEMENT_3D ( 'NONE', #4870, #6370, #4276 ) ;
#5636 = VERTEX_POINT ( 'NONE', #4228 ) ;
#5637 = CARTESIAN_POINT ( 'NONE',  ( 1.500000000000001110, 1.900001167703611937, 0.2900000000000002021 ) ) ;
#5638 = EDGE_CURVE ( 'NONE', #2292, #6125, #3165, .T. ) ;
#5639 = DIRECTION ( 'NONE',  ( 0.0000000000000000000, -1.000000000000000000, 0.0000000000000000000 ) ) ;
#5640 = DIRECTION ( 'NONE',  ( -1.000000000000000000, -2.168404344971008868E-16, -0.0000000000000000000 ) ) ;
#5641 = ADVANCED_FACE ( 'NONE', ( #5206 ), #2693, .F. ) ;
#5642 = ORIENTED_EDGE ( 'NONE', *, *, #4377, .T. ) ;
#5643 = COLOUR_RGB ( '',0.0000000000000000000, 0.0000000000000000000, 0.0000000000000000000 ) ;
#5644 = FACE_OUTER_BOUND ( 'NONE', #2977, .T. ) ;
#5645 = DIRECTION ( 'NONE',  ( 1.000000000000000000, -0.0000000000000000000, -0.0000000000000000000 ) ) ;
#5646 = CARTESIAN_POINT ( 'NONE',  ( -1.362413649183243036, -1.500000000000000000, 0.2000000000000000111 ) ) ;
#5647 = PRODUCT_CONTEXT ( 'NONE', #3050, 'mechanical' ) ;
#5648 = SURFACE_STYLE_FILL_AREA ( #3598 ) ;
#5649 = ORIENTED_EDGE ( 'NONE', *, *, #853, .F. ) ;
#5650 = ORIENTED_EDGE ( 'NONE', *, *, #6221, .F. ) ;
#5651 = DIRECTION ( 'NONE',  ( -1.000000000000000000, 0.0000000000000000000, 0.0000000000000000000 ) ) ;
#5652 = CARTESIAN_POINT ( 'NONE',  ( -0.6099999999999999867, 2.190001167703602647, 0.0000000000000000000 ) ) ;
#5653 = DIRECTION ( 'NONE',  ( 0.0000000000000000000, 0.0000000000000000000, -1.000000000000000000 ) ) ;
#5654 = PLANE ( 'NONE',  #6198 ) ;
#5655 = CARTESIAN_POINT ( 'NONE',  ( -1.110000000000000098, -1.500000000000006883, 0.0000000000000000000 ) ) ;
#5656 = DIRECTION ( 'NONE',  ( -1.219727444046192488E-16, 1.000000000000000000, -0.0000000000000000000 ) ) ;
#5657 = LINE ( 'NONE', #1139, #1183 ) ;
#5658 = ORIENTED_EDGE ( 'NONE', *, *, #3773, .T. ) ;
#5659 = CARTESIAN_POINT ( 'NONE',  ( -0.3899999999999999578, 2.100001167703606786, 0.4100000000000035838 ) ) ;
#5660 = AXIS2_PLACEMENT_3D ( 'NONE', #2686, #4126, #1610 ) ;
#5661 = CARTESIAN_POINT ( 'NONE',  ( -1.110000000000000098, 1.500000000000006883, 0.6999999999999999556 ) ) ;
#5662 = CARTESIAN_POINT ( 'NONE',  ( 0.3899999999999999578, -1.500000000000000000, 0.6999999999999999556 ) ) ;
#5663 = ORIENTED_EDGE ( 'NONE', *, *, #3855, .T. ) ;
#5664 = VECTOR ( 'NONE', #3687, 1000.000000000000000 ) ;
#5665 = VERTEX_POINT ( 'NONE', #4757 ) ;
#5666 = VERTEX_POINT ( 'NONE', #1162 ) ;
#5667 = CARTESIAN_POINT ( 'NONE',  ( -1.353802899815473859, 1.453057514979606557, 1.082315860196093160 ) ) ;
#5668 = EDGE_CURVE ( 'NONE', #310, #2888, #283, .T. ) ;
#5669 = VECTOR ( 'NONE', #1541, 1000.000000000000000 ) ;
#5670 = ORIENTED_EDGE ( 'NONE', *, *, #367, .T. ) ;
#5671 = PRESENTATION_LAYER_ASSIGNMENT (  '', '', ( #4280 ) ) ;
#5672 = CARTESIAN_POINT ( 'NONE',  ( -0.1099999999999999450, -2.500000000000000000, 0.0000000000000000000 ) ) ;
#5673 = DIRECTION ( 'NONE',  ( -1.000000000000000000, 0.0000000000000000000, -0.0000000000000000000 ) ) ;
#5674 = FACE_OUTER_BOUND ( 'NONE', #6315, .T. ) ;
#5675 = EDGE_CURVE ( 'NONE', #3329, #1140, #2263, .T. ) ;
#5676 = MECHANICAL_DESIGN_GEOMETRIC_PRESENTATION_REPRESENTATION (  '', ( #4698 ), #11 ) ;
#5677 = EDGE_CURVE ( 'NONE', #2617, #1330, #83, .T. ) ;
#5678 = FACE_OUTER_BOUND ( 'NONE', #5593, .T. ) ;
#5679 = CARTESIAN_POINT ( 'NONE',  ( 1.500000000000001110, -1.810001167703611191, 0.5000000000000042188 ) ) ;
#5680 = AXIS2_PLACEMENT_3D ( 'NONE', #2573, #6223, #4041 ) ;
#5681 = VECTOR ( 'NONE', #1342, 1000.000000000000000 ) ;
#5682 = DIRECTION ( 'NONE',  ( 0.1218693434051445479, 0.0000000000000000000, -0.9925461516413223162 ) ) ;
#5683 = CARTESIAN_POINT ( 'NONE',  ( 1.499999999999999556, 1.399999999999999689, 0.6999999999999886313 ) ) ;
#5684 = COLOUR_RGB ( '',0.0000000000000000000, 0.0000000000000000000, 0.0000000000000000000 ) ;
#5685 = EDGE_CURVE ( 'NONE', #6325, #217, #4135, .T. ) ;
#5686 = CARTESIAN_POINT ( 'NONE',  ( -0.3900000000000000133, 1.500000000000003553, 0.1999999999999999833 ) ) ;
#5687 = DIRECTION ( 'NONE',  ( 0.0000000000000000000, -1.000000000000000000, 0.0000000000000000000 ) ) ;
#5688 = ORIENTED_EDGE ( 'NONE', *, *, #2482, .T. ) ;
#5689 = CYLINDRICAL_SURFACE ( 'NONE', #4074, 0.1000000000000000472 ) ;
#5690 = ORIENTED_EDGE ( 'NONE', *, *, #6350, .T. ) ;
#5691 = EDGE_LOOP ( 'NONE', ( #4320, #3852, #2346, #6416 ) ) ;
#5692 = ORIENTED_EDGE ( 'NONE', *, *, #1753, .F. ) ;
#5693 =( NAMED_UNIT ( * ) SI_UNIT ( $, .STERADIAN. ) SOLID_ANGLE_UNIT ( ) );
#5694 = CARTESIAN_POINT ( 'NONE',  ( -0.3899999999999999578, -1.810001167703611635, 0.5000000000000042188 ) ) ;
#5695 = LINE ( 'NONE', #5667, #1874 ) ;
#5696 = CIRCLE ( 'NONE', #1903, 0.2899999999999951505 ) ;
#5697 = ORIENTED_EDGE ( 'NONE', *, *, #2043, .F. ) ;
#5698 = CYLINDRICAL_SURFACE ( 'NONE', #2127, 0.1000000000000000472 ) ;
#5699 =( NAMED_UNIT ( * ) SI_UNIT ( $, .STERADIAN. ) SOLID_ANGLE_UNIT ( ) );
#5700 = AXIS2_PLACEMENT_3D ( 'NONE', #2299, #5865, #3760 ) ;
#5701 = CARTESIAN_POINT ( 'NONE',  ( 1.400495088862659721, -1.499999080824205411, 0.4999925139139106411 ) ) ;
#5702 = VERTEX_POINT ( 'NONE', #3630 ) ;
#5703 = COLOUR_RGB ( '',0.0000000000000000000, 0.0000000000000000000, 0.0000000000000000000 ) ;
#5704 = CARTESIAN_POINT ( 'NONE',  ( -0.8899999999999999023, 2.100001167703602789, 0.2900000000000007572 ) ) ;
#5705 = CYLINDRICAL_SURFACE ( 'NONE', #4637, 0.08999999999999980238 ) ;
#5706 =( NAMED_UNIT ( * ) PLANE_ANGLE_UNIT ( ) SI_UNIT ( $, .RADIAN. ) );
#5707 = AXIS2_PLACEMENT_3D ( 'NONE', #2416, #1955, #932 ) ;
#5708 = ADVANCED_FACE ( 'NONE', ( #5678 ), #5170, .F. ) ;
#5709 = CARTESIAN_POINT ( 'NONE',  ( 0.1100000000000000699, 2.190001167703602647, 0.2900000000000002021 ) ) ;
#5710 = LINE ( 'NONE', #3571, #1271 ) ;
#5711 = DIRECTION ( 'NONE',  ( -0.0000000000000000000, -0.0000000000000000000, -1.000000000000000000 ) ) ;
#5712 = DIRECTION ( 'NONE',  ( -0.1209742911513509434, -0.1209742911513509434, 0.9852565360152939489 ) ) ;
#5713 = EDGE_CURVE ( 'NONE', #2799, #1486, #4243, .T. ) ;
#5714 = CARTESIAN_POINT ( 'NONE',  ( 0.1100000000000001393, -2.500000000000000000, 0.0000000000000000000 ) ) ;
#5715 = EDGE_CURVE ( 'NONE', #1665, #5923, #4439, .T. ) ;
#5716 =( NAMED_UNIT ( * ) PLANE_ANGLE_UNIT ( ) SI_UNIT ( $, .RADIAN. ) );
#5717 = FACE_OUTER_BOUND ( 'NONE', #3905, .T. ) ;
#5718 = FILL_AREA_STYLE_COLOUR ( '', #4230 ) ;
#5719 = ORIENTED_EDGE ( 'NONE', *, *, #5389, .F. ) ;
#5720 = ORIENTED_EDGE ( 'NONE', *, *, #1774, .F. ) ;
#5721 = PLANE ( 'NONE',  #5331 ) ;
#5722 = CARTESIAN_POINT ( 'NONE',  ( 1.110000000000000098, 2.190001167703602203, 5.041540102057595618E-15 ) ) ;
#5723 = CARTESIAN_POINT ( 'NONE',  ( -0.6100000000000000977, -1.500000000000003553, 0.6999999999999999556 ) ) ;
#5724 = PRESENTATION_LAYER_ASSIGNMENT (  '', '', ( #6361 ) ) ;
#5725 = CARTESIAN_POINT ( 'NONE',  ( -1.110000000000000098, 1.500001167703639782, 0.5000000000000042188 ) ) ;
#5726 = AXIS2_PLACEMENT_3D ( 'NONE', #5116, #4574, #3985 ) ;
#5727 = ORIENTED_EDGE ( 'NONE', *, *, #4407, .T. ) ;
#5728 = LINE ( 'NONE', #1213, #5401 ) ;
#5729 = DIRECTION ( 'NONE',  ( 0.0000000000000000000, -0.1218693434051437846, 0.9925461516413224272 ) ) ;
#5730 = UNCERTAINTY_MEASURE_WITH_UNIT (LENGTH_MEASURE( 1.000000000000000082E-05 ), #4471, 'distance_accuracy_value', 'NONE');
#5731 = VECTOR ( 'NONE', #3295, 1000.000000000000000 ) ;
#5732 = DIRECTION ( 'NONE',  ( 1.000000000000000000, 0.0000000000000000000, 0.0000000000000000000 ) ) ;
#5733 = DIRECTION ( 'NONE',  ( 0.0000000000000000000, 0.0000000000000000000, -1.000000000000000000 ) ) ;
#5734 = EDGE_LOOP ( 'NONE', ( #5093, #1310, #3691, #4124 ) ) ;
#5735 = ORIENTED_EDGE ( 'NONE', *, *, #836, .T. ) ;
#5736 = VECTOR ( 'NONE', #3498, 1000.000000000000000 ) ;
#5737 = CARTESIAN_POINT ( 'NONE',  ( -0.8899999999999999023, -1.810001167703611635, 0.5000000000000042188 ) ) ;
#5738 = CLOSED_SHELL ( 'NONE', ( #5032, #6506, #4409, #2637, #5209, #4897, #1604, #2831, #4725, #4801, #1164, #1895, #1128, #3660, #3328, #831, #5815, #2277, #2650, #1221, #3292, #1877, #3381, #5826, #564, #5879, #5063, #1030, #3836, #3512, #4972, #2112, #793, #1517, #6465, #4841, #445, #1160, #2452, #6359, #5172, #4818, #2754, #4676, #4917, #3710, #452, #5114, #6312, #4573, #4939, #1637, #1529, #1381, #4416, #4222, #5835, #141, #5751, #5913, #569, #2783, #4885, #1812, #1018, #4682, #5551, #643, #2028, #5876, #58, #1273, #3033, #2787, #4592, #4979, #3138, #2453, #2852, #4970, #1763, #4001, #3547, #1792, #1524, #6161, #247, #1200, #750, #3181, #5495, #5111, #69, #253, #3218, #1606, #2377, #54, #4678, #4774, #5708, #3419, #2568, #1285, #5071, #5108, #3590, #3728, #2632, #4347, #1633, #1807, #5015, #4756, #5777, #4769, #3578, #1365, #4411, #4666, #3789, #841, #3752, #1890, #1816, #5568, #1885, #2876, #4235, #359, #5303, #3740, #3461, #405, #395, #5400, #5520, #5641, #1349, #1727, #2323, #2824, #5178, #3944, #1408, #713, #6302, #206, #67, #1321, #5510, #4638, #5185, #1193, #1322, #4434, #1338, #1267, #2526, #956, #5792, #448, #2118, #4154, #5949, #4855, #1881, #220, #4721, #4790, #4100, #3832, #3424, #12, #4192, #6073, #1132, #3151, #4486, #6246, #2164, #4113, #2209, #2532, #2438, #1419 ) ) ;
#5739 = FILL_AREA_STYLE_COLOUR ( '', #1939 ) ;
#5740 =( NAMED_UNIT ( * ) PLANE_ANGLE_UNIT ( ) SI_UNIT ( $, .RADIAN. ) );
#5741 = CARTESIAN_POINT ( 'NONE',  ( 1.500000000000001332, 2.500001167703629790, 0.2000000000000000389 ) ) ;
#5742 = ORIENTED_EDGE ( 'NONE', *, *, #732, .F. ) ;
#5743 = DIRECTION ( 'NONE',  ( 1.000000000000000000, -1.219727444046192488E-16, -0.0000000000000000000 ) ) ;
#5744 = EDGE_CURVE ( 'NONE', #6291, #5385, #2373, .T. ) ;
#5745 = CARTESIAN_POINT ( 'NONE',  ( -1.362413649183243480, 1.362413649183243480, 0.2000000000000000111 ) ) ;
#5746 = ORIENTED_EDGE ( 'NONE', *, *, #2722, .T. ) ;
#5747 = SURFACE_SIDE_STYLE ('',( #2117 ) ) ;
#5748 = PLANE ( 'NONE',  #3430 ) ;
#5749 = ORIENTED_EDGE ( 'NONE', *, *, #3661, .F. ) ;
#5750 = PRESENTATION_STYLE_ASSIGNMENT (( #4739 ) ) ;
#5751 = ADVANCED_FACE ( 'NONE', ( #6498 ), #4859, .T. ) ;
#5752 = CARTESIAN_POINT ( 'NONE',  ( -0.1100000000000000699, 2.100001167703606786, 0.4100000000000035838 ) ) ;
#5753 = EDGE_LOOP ( 'NONE', ( #3784, #4735, #1994, #1735 ) ) ;
#5754 =( GEOMETRIC_REPRESENTATION_CONTEXT ( 3 ) GLOBAL_UNCERTAINTY_ASSIGNED_CONTEXT ( ( #2696 ) ) GLOBAL_UNIT_ASSIGNED_CONTEXT ( ( #851, #5404, #2833 ) ) REPRESENTATION_CONTEXT ( 'NONE', 'WORKASPACE' ) );
#5755 = ORIENTED_EDGE ( 'NONE', *, *, #2992, .F. ) ;
#5756 = DIRECTION ( 'NONE',  ( 0.0000000000000000000, -0.0000000000000000000, 1.000000000000000000 ) ) ;
#5757 = DIRECTION ( 'NONE',  ( -0.0000000000000000000, 0.0000000000000000000, 1.000000000000000000 ) ) ;
#5758 = EDGE_CURVE ( 'NONE', #4375, #4820, #2578, .T. ) ;
#5759 = ORIENTED_EDGE ( 'NONE', *, *, #2372, .F. ) ;
#5760 = DIRECTION ( 'NONE',  ( 0.0000000000000000000, 0.0000000000000000000, -1.000000000000000000 ) ) ;
#5761 = CARTESIAN_POINT ( 'NONE',  ( 0.8899999999999999023, 1.810001167703611413, 0.5000000000000042188 ) ) ;
#5762 = CARTESIAN_POINT ( 'NONE',  ( -1.499999999999999556, -1.500000000000000000, 0.5000000000000106581 ) ) ;
#5763 = CARTESIAN_POINT ( 'NONE',  ( -0.8899999999999999023, 1.500000000000006883, 0.0000000000000000000 ) ) ;
#5764 = STYLED_ITEM ( 'NONE', ( #3115 ), #1018 ) ;
#5765 = VERTEX_POINT ( 'NONE', #476 ) ;
#5766 = DIRECTION ( 'NONE',  ( 1.000000000000000000, 0.0000000000000000000, 0.0000000000000000000 ) ) ;
#5767 = CARTESIAN_POINT ( 'NONE',  ( 0.1100000000000000144, 1.500000000000000000, 0.5000000000000042188 ) ) ;
#5768 = DIRECTION ( 'NONE',  ( 0.0000000000000000000, 1.000000000000000000, 0.0000000000000000000 ) ) ;
#5769 = AXIS2_PLACEMENT_3D ( 'NONE', #2342, #4773, #6402 ) ;
#5770 = CARTESIAN_POINT ( 'NONE',  ( 0.3899999999999999578, -2.190001167703603535, 0.2000000000000002331 ) ) ;
#5771 = LINE ( 'NONE', #3700, #4814 ) ;
#5772 = LINE ( 'NONE', #1256, #1803 ) ;
#5773 = VECTOR ( 'NONE', #5984, 1000.000000000000000 ) ;
#5774 =( BOUNDED_CURVE ( )  B_SPLINE_CURVE ( 3, ( #786, #849, #4365, #3349 ),
 .UNSPECIFIED., .F., .T. ) 
 B_SPLINE_CURVE_WITH_KNOTS ( ( 4, 4 ),
 ( 5.505213485254659922, 7.061157129104516095 ),
 .UNSPECIFIED. ) 
 CURVE ( )  GEOMETRIC_REPRESENTATION_ITEM ( )  RATIONAL_B_SPLINE_CURVE ( ( 1.000000000000000000, 0.8082256338399260720, 0.8082256338399260720, 1.000000000000000000 ) ) 
 REPRESENTATION_ITEM ( '' )  );
#5775 = CARTESIAN_POINT ( 'NONE',  ( 1.500000000000001110, -2.190001167703603091, 0.2000000000000000389 ) ) ;
#5776 = CARTESIAN_POINT ( 'NONE',  ( -1.362413649183243480, 1.362413649183243480, 0.2000000000000000111 ) ) ;
#5777 = ADVANCED_FACE ( 'NONE', ( #2905 ), #5907, .F. ) ;
#5778 = ORIENTED_EDGE ( 'NONE', *, *, #4208, .T. ) ;
#5779 = LINE ( 'NONE', #2810, #1317 ) ;
#5780 = AXIS2_PLACEMENT_3D ( 'NONE', #5273, #2304, #4268 ) ;
#5781 = CARTESIAN_POINT ( 'NONE',  ( 1.461668264347375512, 1.450886175638838260, 0.1878130656594855785 ) ) ;
#5782 = AXIS2_PLACEMENT_3D ( 'NONE', #97, #4565, #4039 ) ;
#5783 =( NAMED_UNIT ( * ) SI_UNIT ( $, .STERADIAN. ) SOLID_ANGLE_UNIT ( ) );
#5784 = ORIENTED_EDGE ( 'NONE', *, *, #3411, .F. ) ;
#5785 = DIRECTION ( 'NONE',  ( 0.0000000000000000000, 1.000000000000000000, 0.0000000000000000000 ) ) ;
#5786 = AXIS2_PLACEMENT_3D ( 'NONE', #703, #3739, #6181 ) ;
#5787 = VERTEX_POINT ( 'NONE', #2406 ) ;
#5788 = ORIENTED_EDGE ( 'NONE', *, *, #5625, .T. ) ;
#5789 = CARTESIAN_POINT ( 'NONE',  ( -0.6100000000000000977, 2.190001167703602647, 0.2900000000000002021 ) ) ;
#5790 = UNCERTAINTY_MEASURE_WITH_UNIT (LENGTH_MEASURE( 1.000000000000000082E-05 ), #1246, 'distance_accuracy_value', 'NONE');
#5791 = CYLINDRICAL_SURFACE ( 'NONE', #1344, 0.2899999999999951505 ) ;
#5792 = ADVANCED_FACE ( 'NONE', ( #925 ), #4406, .T. ) ;
#5793 = CARTESIAN_POINT ( 'NONE',  ( -0.1100000000000000699, -1.500000000000000000, 0.6999999999999999556 ) ) ;
#5794 = DIRECTION ( 'NONE',  ( -0.1209742911513511932, 0.1209742911513517066, -0.9852565360152939489 ) ) ;
#5795 = ORIENTED_EDGE ( 'NONE', *, *, #4987, .T. ) ;
#5796 = ORIENTED_EDGE ( 'NONE', *, *, #4010, .T. ) ;
#5797 = EDGE_CURVE ( 'NONE', #6148, #1380, #505, .T. ) ;
#5798 = UNCERTAINTY_MEASURE_WITH_UNIT (LENGTH_MEASURE( 1.000000000000000082E-05 ), #2856, 'distance_accuracy_value', 'NONE');
#5799 = CARTESIAN_POINT ( 'NONE',  ( 1.500000000000001110, 2.190001167703603091, 0.2000000000000002331 ) ) ;
#5800 = EDGE_CURVE ( 'NONE', #512, #2995, #3972, .T. ) ;
#5801 = DIRECTION ( 'NONE',  ( -1.000000000000000000, 0.0000000000000000000, 0.0000000000000000000 ) ) ;
#5802 = CARTESIAN_POINT ( 'NONE',  ( -1.362413649183243036, -1.362413649183243480, 1.000000000000000000 ) ) ;
#5803 = EDGE_CURVE ( 'NONE', #1537, #3102, #2013, .T. ) ;
#5804 = LINE ( 'NONE', #342, #3826 ) ;
#5805 = CARTESIAN_POINT ( 'NONE',  ( -0.8899999999999997913, -0.8900000000000000133, 1.100000000000000089 ) ) ;
#5806 = VECTOR ( 'NONE', #3932, 1000.000000000000000 ) ;
#5807 = CARTESIAN_POINT ( 'NONE',  ( 1.110000000000000098, 2.190001167703603091, 0.2000000000000002331 ) ) ;
#5808 = ORIENTED_EDGE ( 'NONE', *, *, #966, .F. ) ;
#5809 = DIRECTION ( 'NONE',  ( -1.000000000000000000, 1.219727444046192488E-16, 0.0000000000000000000 ) ) ;
#5810 = EDGE_LOOP ( 'NONE', ( #934, #3310, #876, #3894 ) ) ;
#5811 = CARTESIAN_POINT ( 'NONE',  ( -1.110000000000000098, -2.100001167703602789, 0.4100000000000035838 ) ) ;
#5812 = CARTESIAN_POINT ( 'NONE',  ( 1.110000000000000098, 1.500000000000000000, 0.6999999999999999556 ) ) ;
#5813 = CARTESIAN_POINT ( 'NONE',  ( 0.1100000000000000699, -2.190001167703603535, 0.2000000000000002331 ) ) ;
#5814 = EDGE_LOOP ( 'NONE', ( #5658, #289, #1793, #5254 ) ) ;
#5815 = ADVANCED_FACE ( 'NONE', ( #5544 ), #6195, .T. ) ;
#5816 = PRESENTATION_STYLE_ASSIGNMENT (( #2316 ) ) ;
#5817 = EDGE_LOOP ( 'NONE', ( #3178, #618, #6344, #973 ) ) ;
#5818 = ORIENTED_EDGE ( 'NONE', *, *, #3098, .T. ) ;
#5819 = CARTESIAN_POINT ( 'NONE',  ( -1.461668264347375290, -1.450886175638838038, 0.1878130656594855508 ) ) ;
#5820 = MECHANICAL_DESIGN_GEOMETRIC_PRESENTATION_REPRESENTATION (  '', ( #2447 ), #4648 ) ;
#5821 = CARTESIAN_POINT ( 'NONE',  ( 1.500000000000001110, -1.810001167703611191, 0.5000000000000042188 ) ) ;
#5822 = ORIENTED_EDGE ( 'NONE', *, *, #5514, .F. ) ;
#5823 = VERTEX_POINT ( 'NONE', #3595 ) ;
#5824 = PRESENTATION_LAYER_ASSIGNMENT (  '', '', ( #2843 ) ) ;
#5825 = ORIENTED_EDGE ( 'NONE', *, *, #3507, .F. ) ;
#5826 = ADVANCED_FACE ( 'NONE', ( #2571 ), #575, .F. ) ;
#5827 = DIRECTION ( 'NONE',  ( -1.000000000000000000, -2.168404344971008868E-16, -0.0000000000000000000 ) ) ;
#5828 = PLANE ( 'NONE',  #282 ) ;
#5829 =( NAMED_UNIT ( * ) PLANE_ANGLE_UNIT ( ) SI_UNIT ( $, .RADIAN. ) );
#5830 =( GEOMETRIC_REPRESENTATION_CONTEXT ( 3 ) GLOBAL_UNCERTAINTY_ASSIGNED_CONTEXT ( ( #334 ) ) GLOBAL_UNIT_ASSIGNED_CONTEXT ( ( #4363, #4496, #3818 ) ) REPRESENTATION_CONTEXT ( 'NONE', 'WORKASPACE' ) );
#5831 = EDGE_CURVE ( 'NONE', #6099, #4868, #2656, .T. ) ;
#5832 = ORIENTED_EDGE ( 'NONE', *, *, #4606, .F. ) ;
#5833 = CARTESIAN_POINT ( 'NONE',  ( 1.110000000000000098, -1.500000000000000000, 0.0000000000000000000 ) ) ;
#5834 = AXIS2_PLACEMENT_3D ( 'NONE', #3698, #4101, #5682 ) ;
#5835 = ADVANCED_FACE ( 'NONE', ( #540 ), #4096, .T. ) ;
#5836 = SURFACE_STYLE_USAGE ( .BOTH. , #2866 ) ;
#5837 = CARTESIAN_POINT ( 'NONE',  ( -0.3899999999999999578, -2.100001167703602789, 0.6999999999999999556 ) ) ;
#5838 = FILL_AREA_STYLE_COLOUR ( '', #1620 ) ;
#5839 =( GEOMETRIC_REPRESENTATION_CONTEXT ( 3 ) GLOBAL_UNCERTAINTY_ASSIGNED_CONTEXT ( ( #391 ) ) GLOBAL_UNIT_ASSIGNED_CONTEXT ( ( #5909, #6500, #3976 ) ) REPRESENTATION_CONTEXT ( 'NONE', 'WORKASPACE' ) );
#5840 =( GEOMETRIC_REPRESENTATION_CONTEXT ( 3 ) GLOBAL_UNCERTAINTY_ASSIGNED_CONTEXT ( ( #2362 ) ) GLOBAL_UNIT_ASSIGNED_CONTEXT ( ( #960, #4006, #5505 ) ) REPRESENTATION_CONTEXT ( 'NONE', 'WORKASPACE' ) );
#5841 = LINE ( 'NONE', #315, #2911 ) ;
#5842 = CARTESIAN_POINT ( 'NONE',  ( -1.110000000000000098, -1.900001167703612603, 0.2900000000000002021 ) ) ;
#5843 = DIRECTION ( 'NONE',  ( -0.9925461516413223162, 0.0000000000000000000, -0.1218693434051442148 ) ) ;
#5844 = VECTOR ( 'NONE', #1388, 1000.000000000000000 ) ;
#5845 = ORIENTED_EDGE ( 'NONE', *, *, #4566, .F. ) ;
#5846 = DIRECTION ( 'NONE',  ( -1.000000000000000000, 2.168404344971008868E-16, 0.0000000000000000000 ) ) ;
#5847 = CARTESIAN_POINT ( 'NONE',  ( -1.500000000000000000, 1.500000000000000000, 1.100000000000000089 ) ) ;
#5848 = ORIENTED_EDGE ( 'NONE', *, *, #4323, .T. ) ;
#5849 = VERTEX_POINT ( 'NONE', #5134 ) ;
#5850 = CARTESIAN_POINT ( 'NONE',  ( 0.1100000000000000144, -1.500000000000000000, 0.6999999999999999556 ) ) ;
#5851 =( LENGTH_UNIT ( ) NAMED_UNIT ( * ) SI_UNIT ( .MILLI., .METRE. ) );
#5852 = ORIENTED_EDGE ( 'NONE', *, *, #836, .F. ) ;
#5853 = ORIENTED_EDGE ( 'NONE', *, *, #3145, .F. ) ;
#5854 = CARTESIAN_POINT ( 'NONE',  ( 0.6100000000000000977, 1.810001167703612301, 0.4100000000000034728 ) ) ;
#5855 = CARTESIAN_POINT ( 'NONE',  ( 1.110000000000000098, -1.900001167703612381, 0.4100000000000028066 ) ) ;
#5856 = EDGE_LOOP ( 'NONE', ( #392, #3870, #4105, #5825 ) ) ;
#5857 = VERTEX_POINT ( 'NONE', #2627 ) ;
#5858 = PLANE ( 'NONE',  #2838 ) ;
#5859 =( NAMED_UNIT ( * ) SI_UNIT ( $, .STERADIAN. ) SOLID_ANGLE_UNIT ( ) );
#5860 = CARTESIAN_POINT ( 'NONE',  ( -1.500000000000000000, 1.399999999999999911, 1.100000000000000089 ) ) ;
#5861 = VECTOR ( 'NONE', #1059, 1000.000000000000000 ) ;
#5862 = CARTESIAN_POINT ( 'NONE',  ( 1.400247545284594830, -1.499999999999999778, 0.5000000000000087708 ) ) ;
#5863 = ORIENTED_EDGE ( 'NONE', *, *, #2889, .T. ) ;
#5864 = EDGE_LOOP ( 'NONE', ( #6479, #948, #5010, #5428 ) ) ;
#5865 = DIRECTION ( 'NONE',  ( -1.000000000000000000, -2.168404344971008868E-16, -0.0000000000000000000 ) ) ;
#5866 = DIRECTION ( 'NONE',  ( -1.000000000000000000, 0.0000000000000000000, -0.0000000000000000000 ) ) ;
#5867 = EDGE_CURVE ( 'NONE', #2952, #6099, #3600, .T. ) ;
#5868 = VERTEX_POINT ( 'NONE', #1781 ) ;
#5869 =( NAMED_UNIT ( * ) PLANE_ANGLE_UNIT ( ) SI_UNIT ( $, .RADIAN. ) );
#5870 = AXIS2_PLACEMENT_3D ( 'NONE', #2718, #6196, #212 ) ;
#5871 = LINE ( 'NONE', #6363, #731 ) ;
#5872 = DIRECTION ( 'NONE',  ( 1.000000000000000000, 1.084202172485504434E-16, -0.0000000000000000000 ) ) ;
#5873 = CYLINDRICAL_SURFACE ( 'NONE', #999, 0.08999999999999980238 ) ;
#5874 = DIRECTION ( 'NONE',  ( 0.0000000000000000000, 0.0000000000000000000, 1.000000000000000000 ) ) ;
#5875 = AXIS2_PLACEMENT_3D ( 'NONE', #115, #4531, #1605 ) ;
#5876 = ADVANCED_FACE ( 'NONE', ( #754 ), #5263, .T. ) ;
#5877 = ORIENTED_EDGE ( 'NONE', *, *, #2574, .F. ) ;
#5878 = SURFACE_STYLE_FILL_AREA ( #3837 ) ;
#5879 = ADVANCED_FACE ( 'NONE', ( #6322 ), #5828, .F. ) ;
#5880 = AXIS2_PLACEMENT_3D ( 'NONE', #2875, #6473, #5552 ) ;
#5881 =( GEOMETRIC_REPRESENTATION_CONTEXT ( 3 ) GLOBAL_UNCERTAINTY_ASSIGNED_CONTEXT ( ( #792 ) ) GLOBAL_UNIT_ASSIGNED_CONTEXT ( ( #1769, #6411, #746 ) ) REPRESENTATION_CONTEXT ( 'NONE', 'WORKASPACE' ) );
#5882 = ORIENTED_EDGE ( 'NONE', *, *, #1503, .F. ) ;
#5883 = FILL_AREA_STYLE ('',( #1459 ) ) ;
#5884 = CARTESIAN_POINT ( 'NONE',  ( -1.499999999999999556, -1.500000000000000000, 0.5000000000000106581 ) ) ;
#5885 = EDGE_LOOP ( 'NONE', ( #6475, #4461, #384, #1426 ) ) ;
#5886 = VERTEX_POINT ( 'NONE', #3722 ) ;
#5887 = STYLED_ITEM ( 'NONE', ( #5226 ), #2852 ) ;
#5888 = EDGE_CURVE ( 'NONE', #2815, #5412, #6355, .T. ) ;
#5889 = CARTESIAN_POINT ( 'NONE',  ( -1.458632135056575851, 1.499567327329789368, 0.4964761638839002567 ) ) ;
#5890 = AXIS2_PLACEMENT_3D ( 'NONE', #2572, #507, #1582 ) ;
#5891 = FILL_AREA_STYLE_COLOUR ( '', #5341 ) ;
#5892 = CARTESIAN_POINT ( 'NONE',  ( 0.3900000000000000133, 2.100001167703602345, 0.6999999999999999556 ) ) ;
#5893 = CARTESIAN_POINT ( 'NONE',  ( -1.110000000000000098, 2.190001167703603535, 0.2000000000000002331 ) ) ;
#5894 = ORIENTED_EDGE ( 'NONE', *, *, #2942, .F. ) ;
#5895 = VECTOR ( 'NONE', #3990, 1000.000000000000000 ) ;
#5896 = FILL_AREA_STYLE ('',( #3957 ) ) ;
#5897 = EDGE_LOOP ( 'NONE', ( #1651, #6066, #5925, #5435 ) ) ;
#5898 = EDGE_LOOP ( 'NONE', ( #4194, #6438, #3243, #98, #2007, #4834, #1077, #4680, #3043, #6021, #955, #4269 ) ) ;
#5899 = CARTESIAN_POINT ( 'NONE',  ( -0.8899999999999999023, 2.190001167703603535, 0.2000000000000002331 ) ) ;
#5900 = CARTESIAN_POINT ( 'NONE',  ( 0.1100000000000000699, 1.900001167703612381, 0.6999999999999999556 ) ) ;
#5901 = CARTESIAN_POINT ( 'NONE',  ( 0.8899999999999999023, -1.810001167703611413, 0.5000000000000042188 ) ) ;
#5902 = CARTESIAN_POINT ( 'NONE',  ( 0.8899999999999999023, -1.500000000000000000, 0.6999999999999999556 ) ) ;
#5903 = VERTEX_POINT ( 'NONE', #1185 ) ;
#5904 = PLANE ( 'NONE',  #2202 ) ;
#5905 = DIRECTION ( 'NONE',  ( -0.0000000000000000000, 1.000000000000000000, -0.0000000000000000000 ) ) ;
#5906 = CARTESIAN_POINT ( 'NONE',  ( 0.8899999999999999023, -1.810001167703612301, 0.7000000000000010658 ) ) ;
#5907 = PLANE ( 'NONE',  #6266 ) ;
#5908 = ORIENTED_EDGE ( 'NONE', *, *, #5059, .F. ) ;
#5909 =( LENGTH_UNIT ( ) NAMED_UNIT ( * ) SI_UNIT ( .MILLI., .METRE. ) );
#5910 = ORIENTED_EDGE ( 'NONE', *, *, #1839, .T. ) ;
#5911 = VECTOR ( 'NONE', #3036, 1000.000000000000000 ) ;
#5912 = DIRECTION ( 'NONE',  ( 0.0000000000000000000, 1.000000000000000000, 0.0000000000000000000 ) ) ;
#5913 = ADVANCED_FACE ( 'NONE', ( #1843 ), #5202, .T. ) ;
#5914 = ORIENTED_EDGE ( 'NONE', *, *, #3702, .T. ) ;
#5915 = DIRECTION ( 'NONE',  ( 1.084202172485504434E-16, -1.000000000000000000, 0.0000000000000000000 ) ) ;
#5916 = VECTOR ( 'NONE', #4481, 1000.000000000000000 ) ;
#5917 = SURFACE_SIDE_STYLE ('',( #3873 ) ) ;
#5918 = ORIENTED_EDGE ( 'NONE', *, *, #1879, .T. ) ;
#5919 = EDGE_CURVE ( 'NONE', #470, #1981, #3859, .T. ) ;
#5920 = CARTESIAN_POINT ( 'NONE',  ( 1.500000000000001110, -1.810001167703612079, 0.4100000000000034728 ) ) ;
#5921 = AXIS2_PLACEMENT_3D ( 'NONE', #579, #126, #1100 ) ;
#5922 = DIRECTION ( 'NONE',  ( -0.0000000000000000000, -0.0000000000000000000, 1.000000000000000000 ) ) ;
#5923 = VERTEX_POINT ( 'NONE', #398 ) ;
#5924 = DIRECTION ( 'NONE',  ( -0.0000000000000000000, -0.0000000000000000000, -1.000000000000000000 ) ) ;
#5925 = ORIENTED_EDGE ( 'NONE', *, *, #3110, .T. ) ;
#5926 = SURFACE_STYLE_FILL_AREA ( #393 ) ;
#5927 = ORIENTED_EDGE ( 'NONE', *, *, #3031, .F. ) ;
#5928 = DIRECTION ( 'NONE',  ( 0.0000000000000000000, -1.000000000000000000, 0.0000000000000000000 ) ) ;
#5929 =( LENGTH_UNIT ( ) NAMED_UNIT ( * ) SI_UNIT ( .MILLI., .METRE. ) );
#5930 = PRESENTATION_STYLE_ASSIGNMENT (( #2429 ) ) ;
#5931 = LINE ( 'NONE', #5799, #1146 ) ;
#5932 = COLOUR_RGB ( '',0.0000000000000000000, 0.0000000000000000000, 0.0000000000000000000 ) ;
#5933 = ORIENTED_EDGE ( 'NONE', *, *, #3431, .T. ) ;
#5934 = CARTESIAN_POINT ( 'NONE',  ( -1.453057514979605891, -1.353802899815473859, 1.082315860196092938 ) ) ;
#5935 = CARTESIAN_POINT ( 'NONE',  ( 1.500000000000001110, -1.810001167703612079, 0.7000000000000010658 ) ) ;
#5936 = AXIS2_PLACEMENT_3D ( 'NONE', #3301, #6342, #1360 ) ;
#5937 = CARTESIAN_POINT ( 'NONE',  ( 1.500000000000001110, -1.900001167703611937, 0.2900000000000002021 ) ) ;
#5938 =( NAMED_UNIT ( * ) PLANE_ANGLE_UNIT ( ) SI_UNIT ( $, .RADIAN. ) );
#5939 =( LENGTH_UNIT ( ) NAMED_UNIT ( * ) SI_UNIT ( .MILLI., .METRE. ) );
#5940 = CARTESIAN_POINT ( 'NONE',  ( -1.400742627321157618, 1.499997242485289872, 0.4999775418449312059 ) ) ;
#5941 = ORIENTED_EDGE ( 'NONE', *, *, #3256, .F. ) ;
#5942 = VECTOR ( 'NONE', #1348, 1000.000000000000000 ) ;
#5943 = VECTOR ( 'NONE', #3466, 1000.000000000000000 ) ;
#5944 = ORIENTED_EDGE ( 'NONE', *, *, #338, .T. ) ;
#5945 = CARTESIAN_POINT ( 'NONE',  ( -0.1100000000000000699, 2.190001167703603535, 0.2000000000000002331 ) ) ;
#5946 = EDGE_LOOP ( 'NONE', ( #157, #4576, #2255, #4907 ) ) ;
#5947 = VECTOR ( 'NONE', #6267, 1000.000000000000000 ) ;
#5948 = LINE ( 'NONE', #1034, #5773 ) ;
#5949 = ADVANCED_FACE ( 'NONE', ( #914 ), #2893, .T. ) ;
#5950 = ORIENTED_EDGE ( 'NONE', *, *, #1014, .T. ) ;
#5951 = PLANE ( 'NONE',  #5083 ) ;
#5952 = VECTOR ( 'NONE', #1642, 1000.000000000000000 ) ;
#5953 = DIRECTION ( 'NONE',  ( -1.000000000000000000, 0.0000000000000000000, -0.0000000000000000000 ) ) ;
#5954 = ORIENTED_EDGE ( 'NONE', *, *, #919, .T. ) ;
#5955 = ORIENTED_EDGE ( 'NONE', *, *, #6123, .F. ) ;
#5956 = DIRECTION ( 'NONE',  ( -1.000000000000000000, -2.168404344971008868E-16, -0.0000000000000000000 ) ) ;
#5957 = EDGE_CURVE ( 'NONE', #6325, #4489, #5398, .T. ) ;
#5958 = EDGE_LOOP ( 'NONE', ( #5918, #2490, #3956, #6451 ) ) ;
#5959 = CARTESIAN_POINT ( 'NONE',  ( 1.400742627321157396, 1.499997242485289872, 0.4999775418449312059 ) ) ;
#5960 = DIRECTION ( 'NONE',  ( 1.401985567869210213E-16, -1.000000000000000000, 0.0000000000000000000 ) ) ;
#5961 = EDGE_CURVE ( 'NONE', #2588, #2325, #5612, .T. ) ;
#5962 = CYLINDRICAL_SURFACE ( 'NONE', #114, 0.09000000000000023259 ) ;
#5963 = EDGE_CURVE ( 'NONE', #1380, #3584, #6166, .T. ) ;
#5964 = DIRECTION ( 'NONE',  ( 0.0000000000000000000, -1.000000000000000000, 0.0000000000000000000 ) ) ;
#5965 = VECTOR ( 'NONE', #285, 1000.000000000000000 ) ;
#5966 = EDGE_CURVE ( 'NONE', #2591, #255, #23, .T. ) ;
#5967 = VERTEX_POINT ( 'NONE', #2829 ) ;
#5968 = ORIENTED_EDGE ( 'NONE', *, *, #3065, .T. ) ;
#5969 = FACE_OUTER_BOUND ( 'NONE', #6058, .T. ) ;
#5970 =( NAMED_UNIT ( * ) PLANE_ANGLE_UNIT ( ) SI_UNIT ( $, .RADIAN. ) );
#5971 = CARTESIAN_POINT ( 'NONE',  ( 0.6100000000000000977, -1.500000000000000000, 0.6999999999999999556 ) ) ;
#5972 = CARTESIAN_POINT ( 'NONE',  ( 0.1100000000000000144, -1.500000000000000000, 0.0000000000000000000 ) ) ;
#5973 = VERTEX_POINT ( 'NONE', #1974 ) ;
#5974 = FILL_AREA_STYLE ('',( #6463 ) ) ;
#5975 = DIRECTION ( 'NONE',  ( 1.084202172485504434E-16, -1.000000000000000000, 0.0000000000000000000 ) ) ;
#5976 = LINE ( 'NONE', #4900, #5143 ) ;
#5977 = ORIENTED_EDGE ( 'NONE', *, *, #492, .T. ) ;
#5978 = VECTOR ( 'NONE', #2926, 1000.000000000000114 ) ;
#5979 = CARTESIAN_POINT ( 'NONE',  ( 1.500000000000001110, 1.810001167703611191, 0.5000000000000042188 ) ) ;
#5980 = CARTESIAN_POINT ( 'NONE',  ( -1.500000000000000000, 1.400000000000000133, 0.6999999999999886313 ) ) ;
#5981 = EDGE_LOOP ( 'NONE', ( #3491, #1533, #5634, #2659 ) ) ;
#5982 = CIRCLE ( 'NONE', #3954, 0.2899999999999951505 ) ;
#5983 = FACE_OUTER_BOUND ( 'NONE', #1449, .T. ) ;
#5984 = DIRECTION ( 'NONE',  ( -1.000000000000000000, -2.168404344971008868E-16, -0.0000000000000000000 ) ) ;
#5985 = ORIENTED_EDGE ( 'NONE', *, *, #1664, .F. ) ;
#5986 = EDGE_LOOP ( 'NONE', ( #5264, #4251, #5086, #5187 ) ) ;
#5987 = AXIS2_PLACEMENT_3D ( 'NONE', #1863, #4780, #2883 ) ;
#5988 = LINE ( 'NONE', #901, #3794 ) ;
#5989 = DIRECTION ( 'NONE',  ( 0.0000000000000000000, -1.000000000000000000, 0.0000000000000000000 ) ) ;
#5990 = ORIENTED_EDGE ( 'NONE', *, *, #2102, .T. ) ;
#5991 = EDGE_LOOP ( 'NONE', ( #1583, #4533, #3680, #589 ) ) ;
#5992 = LINE ( 'NONE', #6481, #4795 ) ;
#5993 = VECTOR ( 'NONE', #1958, 1000.000000000000000 ) ;
#5994 = VECTOR ( 'NONE', #80, 1000.000000000000000 ) ;
#5995 =( NAMED_UNIT ( * ) SI_UNIT ( $, .STERADIAN. ) SOLID_ANGLE_UNIT ( ) );
#5996 = ORIENTED_EDGE ( 'NONE', *, *, #3508, .F. ) ;
#5997 = CARTESIAN_POINT ( 'NONE',  ( -1.400495088862659498, -1.499999080824205633, 0.7000074860860870940 ) ) ;
#5998 = MECHANICAL_DESIGN_GEOMETRIC_PRESENTATION_REPRESENTATION (  '', ( #5887 ), #18 ) ;
#5999 = ORIENTED_EDGE ( 'NONE', *, *, #346, .F. ) ;
#6000 = STYLED_ITEM ( 'NONE', ( #3428 ), #1637 ) ;
#6001 = UNCERTAINTY_MEASURE_WITH_UNIT (LENGTH_MEASURE( 1.000000000000000082E-05 ), #4670, 'distance_accuracy_value', 'NONE');
#6002 = CARTESIAN_POINT ( 'NONE',  ( 1.500000000000001110, 2.190001167703602203, 0.2900000000000002021 ) ) ;
#6003 = DIRECTION ( 'NONE',  ( 0.0000000000000000000, 1.000000000000000000, 0.0000000000000000000 ) ) ;
#6004 = VECTOR ( 'NONE', #4147, 1000.000000000000000 ) ;
#6005 = CIRCLE ( 'NONE', #1789, 0.2899999999999951505 ) ;
#6006 = EDGE_LOOP ( 'NONE', ( #2953, #4098, #5329, #322 ) ) ;
#6007 = EDGE_CURVE ( 'NONE', #688, #1828, #3184, .T. ) ;
#6008 = ORIENTED_EDGE ( 'NONE', *, *, #4195, .T. ) ;
#6009 = DIRECTION ( 'NONE',  ( -1.000000000000000000, -2.168404344971008868E-16, -0.0000000000000000000 ) ) ;
#6010 = DIRECTION ( 'NONE',  ( -1.000000000000000000, 0.0000000000000000000, -0.0000000000000000000 ) ) ;
#6011 = EDGE_CURVE ( 'NONE', #5088, #561, #4355, .T. ) ;
#6012 = SURFACE_STYLE_FILL_AREA ( #3425 ) ;
#6013 = ORIENTED_EDGE ( 'NONE', *, *, #4705, .F. ) ;
#6014 =( NAMED_UNIT ( * ) SI_UNIT ( $, .STERADIAN. ) SOLID_ANGLE_UNIT ( ) );
#6015 = PRESENTATION_STYLE_ASSIGNMENT (( #5137 ) ) ;
#6016 = LINE ( 'NONE', #5042, #2413 ) ;
#6017 = ORIENTED_EDGE ( 'NONE', *, *, #4808, .T. ) ;
#6018 = EDGE_CURVE ( 'NONE', #1866, #6116, #5497, .T. ) ;
#6019 = CARTESIAN_POINT ( 'NONE',  ( 0.3899999999999999578, -1.810001167703611413, 0.5000000000000042188 ) ) ;
#6020 = CARTESIAN_POINT ( 'NONE',  ( 1.500000000000001110, -1.810001167703612079, 0.4100000000000034728 ) ) ;
#6021 = ORIENTED_EDGE ( 'NONE', *, *, #2983, .F. ) ;
#6022 = CARTESIAN_POINT ( 'NONE',  ( -0.1099999999999999450, -2.500000000000000000, 0.6999999999999999556 ) ) ;
#6023 = ORIENTED_EDGE ( 'NONE', *, *, #4129, .T. ) ;
#6024 = CARTESIAN_POINT ( 'NONE',  ( 0.6100000000000000977, 1.500000000000000000, 0.6999999999999999556 ) ) ;
#6025 = DIRECTION ( 'NONE',  ( 0.0000000000000000000, -1.000000000000000000, 0.0000000000000000000 ) ) ;
#6026 = ORIENTED_EDGE ( 'NONE', *, *, #4813, .F. ) ;
#6027 = FILL_AREA_STYLE ('',( #3576 ) ) ;
#6028 = LINE ( 'NONE', #3441, #3734 ) ;
#6029 = EDGE_CURVE ( 'NONE', #780, #4358, #2462, .T. ) ;
#6030 = CARTESIAN_POINT ( 'NONE',  ( 1.500000000000001110, 2.100001167703606342, 0.4100000000000035838 ) ) ;
#6031 = AXIS2_PLACEMENT_3D ( 'NONE', #594, #3968, #1509 ) ;
#6032 = ORIENTED_EDGE ( 'NONE', *, *, #3627, .T. ) ;
#6033 = CARTESIAN_POINT ( 'NONE',  ( 0.3899999999999999578, 1.500000000000000000, 0.6999999999999999556 ) ) ;
#6034 = VERTEX_POINT ( 'NONE', #5901 ) ;
#6035 = VECTOR ( 'NONE', #5712, 1000.000000000000114 ) ;
#6036 = LINE ( 'NONE', #1506, #819 ) ;
#6037 =( BOUNDED_CURVE ( )  B_SPLINE_CURVE ( 3, ( #6124, #2613, #6092, #2522 ),
 .UNSPECIFIED., .F., .T. ) 
 B_SPLINE_CURVE_WITH_KNOTS ( ( 4, 4 ),
 ( 3.134166312117271591, 3.141592653589791340 ),
 .UNSPECIFIED. ) 
 CURVE ( )  GEOMETRIC_REPRESENTATION_ITEM ( )  RATIONAL_B_SPLINE_CURVE ( ( 1.000000000000000000, 0.9999954041263082738, 0.9999954041263082738, 1.000000000000000000 ) ) 
 REPRESENTATION_ITEM ( '' )  );
#6038 = STYLED_ITEM ( 'NONE', ( #3014 ), #4416 ) ;
#6039 = EDGE_CURVE ( 'NONE', #5385, #3850, #3347, .T. ) ;
#6040 = ORIENTED_EDGE ( 'NONE', *, *, #2942, .T. ) ;
#6041 = DIRECTION ( 'NONE',  ( -0.0000000000000000000, 0.0000000000000000000, 1.000000000000000000 ) ) ;
#6042 = FACE_OUTER_BOUND ( 'NONE', #6264, .T. ) ;
#6043 = CARTESIAN_POINT ( 'NONE',  ( 0.8899999999999999023, 1.500000000000000000, 0.6999999999999999556 ) ) ;
#6044 = DIRECTION ( 'NONE',  ( 1.000000000000000000, 0.0000000000000000000, 0.0000000000000000000 ) ) ;
#6045 = DIRECTION ( 'NONE',  ( 1.000000000000000000, -2.168404344971008868E-16, 0.0000000000000000000 ) ) ;
#6046 = ORIENTED_EDGE ( 'NONE', *, *, #374, .T. ) ;
#6047 = EDGE_CURVE ( 'NONE', #2409, #2963, #4701, .T. ) ;
#6048 = PRESENTATION_LAYER_ASSIGNMENT (  '', '', ( #3360 ) ) ;
#6049 = DIRECTION ( 'NONE',  ( -1.000000000000000000, -2.168404344971008868E-16, -0.0000000000000000000 ) ) ;
#6050 = PRESENTATION_STYLE_ASSIGNMENT (( #2020 ) ) ;
#6051 =( GEOMETRIC_REPRESENTATION_CONTEXT ( 3 ) GLOBAL_UNCERTAINTY_ASSIGNED_CONTEXT ( ( #5387 ) ) GLOBAL_UNIT_ASSIGNED_CONTEXT ( ( #4297, #1214, #2294 ) ) REPRESENTATION_CONTEXT ( 'NONE', 'WORKASPACE' ) );
#6052 = VECTOR ( 'NONE', #1829, 1000.000000000000114 ) ;
#6053 = DIRECTION ( 'NONE',  ( 1.000000000000000000, 0.0000000000000000000, 0.0000000000000000000 ) ) ;
#6054 = EDGE_LOOP ( 'NONE', ( #2984, #2868, #3207, #5025, #2691, #4071 ) ) ;
#6055 = EDGE_CURVE ( 'NONE', #964, #4510, #2060, .T. ) ;
#6056 = FACE_OUTER_BOUND ( 'NONE', #1614, .T. ) ;
#6057 = DIRECTION ( 'NONE',  ( -1.000000000000000000, 2.168404344971008868E-16, -0.0000000000000000000 ) ) ;
#6058 = EDGE_LOOP ( 'NONE', ( #904, #3551, #2478, #2493 ) ) ;
#6059 = VECTOR ( 'NONE', #2660, 1000.000000000000000 ) ;
#6060 = DIRECTION ( 'NONE',  ( -1.000000000000000000, 2.168404344971008868E-16, -0.0000000000000000000 ) ) ;
#6061 = FILL_AREA_STYLE_COLOUR ( '', #3648 ) ;
#6062 = COLOUR_RGB ( '',0.0000000000000000000, 0.0000000000000000000, 0.0000000000000000000 ) ;
#6063 = ORIENTED_EDGE ( 'NONE', *, *, #2559, .F. ) ;
#6064 = CARTESIAN_POINT ( 'NONE',  ( -1.499999999999999556, -1.500000000000000000, 0.5000000000000106581 ) ) ;
#6065 = ORIENTED_EDGE ( 'NONE', *, *, #1389, .T. ) ;
#6066 = ORIENTED_EDGE ( 'NONE', *, *, #6285, .T. ) ;
#6067 = CARTESIAN_POINT ( 'NONE',  ( -1.353802899815473859, 1.353802899815474081, 1.070128925855578617 ) ) ;
#6068 = COLOUR_RGB ( '',0.0000000000000000000, 0.0000000000000000000, 0.0000000000000000000 ) ;
#6069 = CARTESIAN_POINT ( 'NONE',  ( 0.8900000000000000133, -2.100001167703602345, 0.6999999999999999556 ) ) ;
#6070 = ORIENTED_EDGE ( 'NONE', *, *, #3829, .F. ) ;
#6071 = EDGE_LOOP ( 'NONE', ( #3475, #2737, #5985, #5359 ) ) ;
#6072 = LINE ( 'NONE', #1546, #2821 ) ;
#6073 = ADVANCED_FACE ( 'NONE', ( #3520 ), #52, .T. ) ;
#6074 = DIRECTION ( 'NONE',  ( -1.000000000000000000, -2.168404344971008868E-16, -0.0000000000000000000 ) ) ;
#6075 = CARTESIAN_POINT ( 'NONE',  ( 1.500000000000001110, -1.810001167703612079, 0.6999999999999987343 ) ) ;
#6076 = UNCERTAINTY_MEASURE_WITH_UNIT (LENGTH_MEASURE( 1.000000000000000082E-05 ), #1288, 'distance_accuracy_value', 'NONE');
#6077 = DIRECTION ( 'NONE',  ( -0.0000000000000000000, 0.0000000000000000000, 1.000000000000000000 ) ) ;
#6078 = CARTESIAN_POINT ( 'NONE',  ( -1.500000000000000000, 1.500000000000000000, 1.100000000000000089 ) ) ;
#6079 = EDGE_CURVE ( 'NONE', #2185, #4514, #2595, .T. ) ;
#6080 = CARTESIAN_POINT ( 'NONE',  ( 0.3899999999999999578, -1.500000000000000000, 0.6999999999999999556 ) ) ;
#6081 = SURFACE_STYLE_USAGE ( .BOTH. , #2070 ) ;
#6082 = ORIENTED_EDGE ( 'NONE', *, *, #1626, .F. ) ;
#6083 = VECTOR ( 'NONE', #6010, 1000.000000000000000 ) ;
#6084 = CARTESIAN_POINT ( 'NONE',  ( -1.189999999999999725, -0.8900000000000000133, 1.100000000000000089 ) ) ;
#6085 = EDGE_CURVE ( 'NONE', #1362, #5054, #3707, .T. ) ;
#6086 = EDGE_CURVE ( 'NONE', #1992, #4662, #5030, .T. ) ;
#6087 = EDGE_CURVE ( 'NONE', #3641, #561, #3604, .T. ) ;
#6088 = CIRCLE ( 'NONE', #504, 0.1000000000000000472 ) ;
#6089 = CARTESIAN_POINT ( 'NONE',  ( -1.399999999999999467, -1.500000000000000000, 0.5000000000000106581 ) ) ;
#6090 = ORIENTED_EDGE ( 'NONE', *, *, #4075, .T. ) ;
#6091 = SURFACE_STYLE_USAGE ( .BOTH. , #610 ) ;
#6092 = CARTESIAN_POINT ( 'NONE',  ( 1.499999999999999778, 1.400247545284595274, 0.5000000000000119904 ) ) ;
#6093 = EDGE_CURVE ( 'NONE', #3004, #3102, #6356, .T. ) ;
#6094 = DIRECTION ( 'NONE',  ( -1.000000000000000000, -1.084202172485504434E-16, 0.0000000000000000000 ) ) ;
#6095 =( NAMED_UNIT ( * ) SI_UNIT ( $, .STERADIAN. ) SOLID_ANGLE_UNIT ( ) );
#6096 = EDGE_CURVE ( 'NONE', #809, #4514, #1228, .T. ) ;
#6097 = CYLINDRICAL_SURFACE ( 'NONE', #5769, 0.2999999999999998224 ) ;
#6098 = CIRCLE ( 'NONE', #1340, 0.2899999999999938183 ) ;
#6099 = VERTEX_POINT ( 'NONE', #2201 ) ;
#6100 = CARTESIAN_POINT ( 'NONE',  ( -1.362413649183243480, 1.362413649183243480, 0.1000000000000000056 ) ) ;
#6101 = ORIENTED_EDGE ( 'NONE', *, *, #4480, .F. ) ;
#6102 = VECTOR ( 'NONE', #870, 1000.000000000000000 ) ;
#6103 = MECHANICAL_DESIGN_GEOMETRIC_PRESENTATION_REPRESENTATION (  '', ( #5 ), #3531 ) ;
#6104 = CYLINDRICAL_SURFACE ( 'NONE', #4390, 0.2899999999999951505 ) ;
#6105 = CIRCLE ( 'NONE', #3312, 0.2899999999999938183 ) ;
#6106 = CIRCLE ( 'NONE', #3113, 0.09000000000000023259 ) ;
#6107 = DIRECTION ( 'NONE',  ( -1.000000000000000000, -2.168404344971008868E-16, -0.0000000000000000000 ) ) ;
#6108 = CARTESIAN_POINT ( 'NONE',  ( -1.110000000000000098, 1.810001167703612746, 0.4100000000000034728 ) ) ;
#6109 = FACE_OUTER_BOUND ( 'NONE', #4812, .T. ) ;
#6110 = AXIS2_PLACEMENT_3D ( 'NONE', #508, #2474, #3904 ) ;
#6111 = AXIS2_PLACEMENT_3D ( 'NONE', #5167, #5294, #1279 ) ;
#6112 = SHAPE_DEFINITION_REPRESENTATION ( #321, #1716 ) ;
#6113 = DIRECTION ( 'NONE',  ( 1.000000000000000000, 1.084202172485504434E-16, -0.0000000000000000000 ) ) ;
#6114 = DIRECTION ( 'NONE',  ( 0.0000000000000000000, 0.0000000000000000000, 1.000000000000000000 ) ) ;
#6115 = ORIENTED_EDGE ( 'NONE', *, *, #443, .T. ) ;
#6116 = VERTEX_POINT ( 'NONE', #4172 ) ;
#6117 = FILL_AREA_STYLE_COLOUR ( '', #3699 ) ;
#6118 = DIRECTION ( 'NONE',  ( 0.0000000000000000000, -1.000000000000000000, 0.0000000000000000000 ) ) ;
#6119 = LINE ( 'NONE', #3569, #1307 ) ;
#6120 = FACE_OUTER_BOUND ( 'NONE', #6487, .T. ) ;
#6121 = LINE ( 'NONE', #129, #6431 ) ;
#6122 = CARTESIAN_POINT ( 'NONE',  ( 0.8900000000000000133, 2.190001167703603091, 0.2000000000000002331 ) ) ;
#6123 = EDGE_CURVE ( 'NONE', #4645, #5868, #6215, .T. ) ;
#6124 = CARTESIAN_POINT ( 'NONE',  ( 1.499997242485289428, 1.400742627321157618, 0.4999775418449328157 ) ) ;
#6125 = VERTEX_POINT ( 'NONE', #532 ) ;
#6126 = CARTESIAN_POINT ( 'NONE',  ( 0.3899999999999999578, 2.190001167703603535, 0.2000000000000002331 ) ) ;
#6127 = CARTESIAN_POINT ( 'NONE',  ( -1.499567327329788480, -1.458632135056575629, 0.7035238361161001430 ) ) ;
#6128 = EDGE_CURVE ( 'NONE', #5054, #4844, #5095, .T. ) ;
#6129 = LINE ( 'NONE', #1567, #3322 ) ;
#6130 = ORIENTED_EDGE ( 'NONE', *, *, #2664, .T. ) ;
#6131 = VERTEX_POINT ( 'NONE', #2727 ) ;
#6132 = CARTESIAN_POINT ( 'NONE',  ( 1.500000000000000000, -1.400247545284595052, 0.6999999999999888534 ) ) ;
#6133 = AXIS2_PLACEMENT_3D ( 'NONE', #2879, #2421, #3398 ) ;
#6134 = DIRECTION ( 'NONE',  ( -1.000000000000000000, 0.0000000000000000000, -0.0000000000000000000 ) ) ;
#6135 = ORIENTED_EDGE ( 'NONE', *, *, #6192, .T. ) ;
#6136 = AXIS2_PLACEMENT_3D ( 'NONE', #2725, #3733, #3671 ) ;
#6137 = CARTESIAN_POINT ( 'NONE',  ( 1.362413649183243258, 1.362413649183243480, 0.1999999999999999833 ) ) ;
#6138 = DIRECTION ( 'NONE',  ( -0.0000000000000000000, -0.0000000000000000000, -1.000000000000000000 ) ) ;
#6139 = UNCERTAINTY_MEASURE_WITH_UNIT (LENGTH_MEASURE( 1.000000000000000082E-05 ), #1819, 'distance_accuracy_value', 'NONE');
#6140 =( LENGTH_UNIT ( ) NAMED_UNIT ( * ) SI_UNIT ( .MILLI., .METRE. ) );
#6141 = FACE_OUTER_BOUND ( 'NONE', #982, .T. ) ;
#6142 = DIRECTION ( 'NONE',  ( -1.000000000000000000, -0.0000000000000000000, -0.0000000000000000000 ) ) ;
#6143 = ORIENTED_EDGE ( 'NONE', *, *, #609, .F. ) ;
#6144 = PRESENTATION_STYLE_ASSIGNMENT (( #1098 ) ) ;
#6145 = CARTESIAN_POINT ( 'NONE',  ( 1.400742627321156952, 1.499997242485289872, 0.7000224581550680281 ) ) ;
#6146 = PRESENTATION_LAYER_ASSIGNMENT (  '', '', ( #2447 ) ) ;
#6147 = SURFACE_STYLE_FILL_AREA ( #5112 ) ;
#6148 = VERTEX_POINT ( 'NONE', #5714 ) ;
#6149 = VECTOR ( 'NONE', #5104, 1000.000000000000000 ) ;
#6150 = DIRECTION ( 'NONE',  ( 1.445602896647339163E-16, -1.000000000000000000, 0.0000000000000000000 ) ) ;
#6151 = PLANE ( 'NONE',  #5416 ) ;
#6152 = CARTESIAN_POINT ( 'NONE',  ( -1.499997242485289428, -1.400742627321157396, 0.7000224581550681391 ) ) ;
#6153 = DIRECTION ( 'NONE',  ( 0.0000000000000000000, -0.0000000000000000000, 1.000000000000000000 ) ) ;
#6154 = EDGE_CURVE ( 'NONE', #3765, #4352, #2534, .T. ) ;
#6155 = ORIENTED_EDGE ( 'NONE', *, *, #5265, .F. ) ;
#6156 = CARTESIAN_POINT ( 'NONE',  ( 1.110000000000000098, 2.100001167703606342, 0.4100000000000035838 ) ) ;
#6157 = VERTEX_POINT ( 'NONE', #1260 ) ;
#6158 = MECHANICAL_DESIGN_GEOMETRIC_PRESENTATION_REPRESENTATION (  '', ( #6361 ), #4127 ) ;
#6159 = VECTOR ( 'NONE', #1290, 1000.000000000000000 ) ;
#6160 = ORIENTED_EDGE ( 'NONE', *, *, #330, .T. ) ;
#6161 = ADVANCED_FACE ( 'NONE', ( #833 ), #1326, .F. ) ;
#6162 = CARTESIAN_POINT ( 'NONE',  ( -1.499997242485289428, -1.400742627321157618, 0.4999775418449310949 ) ) ;
#6163 = VECTOR ( 'NONE', #2507, 1000.000000000000000 ) ;
#6164 = EDGE_CURVE ( 'NONE', #4330, #1899, #1949, .T. ) ;
#6165 = CARTESIAN_POINT ( 'NONE',  ( -0.6100000000000000977, -1.500000000000003553, 0.5000000000000042188 ) ) ;
#6166 = CIRCLE ( 'NONE', #2367, 0.2899999999999951505 ) ;
#6167 = CARTESIAN_POINT ( 'NONE',  ( 1.362413649183243480, -1.362413649183243258, 1.000000000000000000 ) ) ;
#6168 = EDGE_CURVE ( 'NONE', #2952, #5414, #5779, .T. ) ;
#6169 = CARTESIAN_POINT ( 'NONE',  ( 1.362413649183243258, -1.461668264347375734, 0.1878130656594855508 ) ) ;
#6170 = EDGE_CURVE ( 'NONE', #332, #972, #4997, .T. ) ;
#6171 = CARTESIAN_POINT ( 'NONE',  ( 1.399999999999999467, 1.500000000000000000, 0.6999999999999886313 ) ) ;
#6172 = ORIENTED_EDGE ( 'NONE', *, *, #5744, .T. ) ;
#6173 = EDGE_LOOP ( 'NONE', ( #1615, #733, #1263, #3572 ) ) ;
#6174 = CARTESIAN_POINT ( 'NONE',  ( 0.6100000000000002087, -2.500000000000000000, 0.6999999999999999556 ) ) ;
#6175 = LINE ( 'NONE', #4139, #3738 ) ;
#6176 = ORIENTED_EDGE ( 'NONE', *, *, #3473, .F. ) ;
#6177 = LINE ( 'NONE', #4663, #1940 ) ;
#6178 = CARTESIAN_POINT ( 'NONE',  ( 1.500000000000001332, 2.500001167703629790, 0.2000000000000000389 ) ) ;
#6179 = VERTEX_POINT ( 'NONE', #3237 ) ;
#6180 = FACE_OUTER_BOUND ( 'NONE', #456, .T. ) ;
#6181 = DIRECTION ( 'NONE',  ( 0.0000000000000000000, 0.0000000000000000000, 1.000000000000000000 ) ) ;
#6182 = EDGE_CURVE ( 'NONE', #1776, #1634, #2340, .T. ) ;
#6183 = DIRECTION ( 'NONE',  ( 1.000000000000000000, 2.168404344971008868E-16, 0.0000000000000000000 ) ) ;
#6184 = AXIS2_PLACEMENT_3D ( 'NONE', #6286, #775, #2247 ) ;
#6185 = DIRECTION ( 'NONE',  ( 0.0000000000000000000, 0.0000000000000000000, -1.000000000000000000 ) ) ;
#6186 = CARTESIAN_POINT ( 'NONE',  ( 0.1100000000000000977, -2.190001167703602647, 0.0000000000000000000 ) ) ;
#6187 = MECHANICAL_DESIGN_GEOMETRIC_PRESENTATION_REPRESENTATION (  '', ( #2609 ), #108 ) ;
#6188 = CARTESIAN_POINT ( 'NONE',  ( -0.3899999999999999578, -1.810001167703612523, 0.4100000000000034728 ) ) ;
#6189 = VECTOR ( 'NONE', #4465, 1000.000000000000000 ) ;
#6190 = ORIENTED_EDGE ( 'NONE', *, *, #698, .T. ) ;
#6191 = PRESENTATION_LAYER_ASSIGNMENT (  '', '', ( #2509 ) ) ;
#6192 = EDGE_CURVE ( 'NONE', #5414, #216, #4803, .T. ) ;
#6193 =( NAMED_UNIT ( * ) PLANE_ANGLE_UNIT ( ) SI_UNIT ( $, .RADIAN. ) );
#6194 = FACE_OUTER_BOUND ( 'NONE', #2899, .T. ) ;
#6195 = PLANE ( 'NONE',  #2670 ) ;
#6196 = DIRECTION ( 'NONE',  ( -1.000000000000000000, 2.168404344971008868E-16, -0.0000000000000000000 ) ) ;
#6197 = CARTESIAN_POINT ( 'NONE',  ( -0.6100000000000000977, -1.810001167703611635, 0.5000000000000042188 ) ) ;
#6198 = AXIS2_PLACEMENT_3D ( 'NONE', #2698, #5175, #1104 ) ;
#6199 = MECHANICAL_DESIGN_GEOMETRIC_PRESENTATION_REPRESENTATION (  '', ( #1044 ), #2907 ) ;
#6200 = EDGE_LOOP ( 'NONE', ( #424, #2445, #4009, #4469, #981, #3152, #6240, #1875, #5024, #2171, #4543, #3188, #197, #1056, #3992, #6485 ) ) ;
#6201 = EDGE_CURVE ( 'NONE', #3057, #1665, #1846, .T. ) ;
#6202 = VERTEX_POINT ( 'NONE', #2759 ) ;
#6203 = ORIENTED_EDGE ( 'NONE', *, *, #2999, .F. ) ;
#6204 = DIRECTION ( 'NONE',  ( -2.168404344971008868E-16, 1.000000000000000000, 0.0000000000000000000 ) ) ;
#6205 = EDGE_CURVE ( 'NONE', #6157, #707, #2237, .T. ) ;
#6206 = DIRECTION ( 'NONE',  ( 0.0000000000000000000, -0.9925461516413223162, 0.1218693434051442148 ) ) ;
#6207 =( BOUNDED_CURVE ( )  B_SPLINE_CURVE ( 3, ( #1754, #765, #2756, #4272 ),
 .UNSPECIFIED., .F., .T. ) 
 B_SPLINE_CURVE_WITH_KNOTS ( ( 4, 4 ),
 ( 2.363620831664866362, 3.919564475514721646 ),
 .UNSPECIFIED. ) 
 CURVE ( )  GEOMETRIC_REPRESENTATION_ITEM ( )  RATIONAL_B_SPLINE_CURVE ( ( 1.000000000000000000, 0.8082256338399261830, 0.8082256338399261830, 1.000000000000000000 ) ) 
 REPRESENTATION_ITEM ( '' )  );
#6208 = AXIS2_PLACEMENT_3D ( 'NONE', #6296, #5733, #3200 ) ;
#6209 = DIRECTION ( 'NONE',  ( 0.0000000000000000000, 0.0000000000000000000, -1.000000000000000000 ) ) ;
#6210 = VECTOR ( 'NONE', #2558, 1000.000000000000000 ) ;
#6211 = EDGE_CURVE ( 'NONE', #2419, #1866, #4832, .T. ) ;
#6212 = CARTESIAN_POINT ( 'NONE',  ( 1.362413649183243480, -1.362413649183243480, 1.000000000000000000 ) ) ;
#6213 = DIRECTION ( 'NONE',  ( 1.000000000000000000, 0.0000000000000000000, 0.0000000000000000000 ) ) ;
#6214 = DIRECTION ( 'NONE',  ( -1.505836350674307797E-16, 1.000000000000000000, 0.0000000000000000000 ) ) ;
#6215 = LINE ( 'NONE', #91, #5308 ) ;
#6216 = ORIENTED_EDGE ( 'NONE', *, *, #5966, .F. ) ;
#6217 = LINE ( 'NONE', #3769, #4340 ) ;
#6218 = FILL_AREA_STYLE_COLOUR ( '', #5703 ) ;
#6219 = EDGE_LOOP ( 'NONE', ( #2957, #495, #3149, #4479 ) ) ;
#6220 = FACE_OUTER_BOUND ( 'NONE', #1907, .T. ) ;
#6221 = EDGE_CURVE ( 'NONE', #5616, #4221, #323, .T. ) ;
#6222 = DIRECTION ( 'NONE',  ( 1.000000000000000000, 0.0000000000000000000, 0.0000000000000000000 ) ) ;
#6223 = DIRECTION ( 'NONE',  ( 0.1209742911513509572, 0.1209742911513509711, -0.9852565360152941709 ) ) ;
#6224 = AXIS2_PLACEMENT_3D ( 'NONE', #4824, #341, #2332 ) ;
#6225 = ORIENTED_EDGE ( 'NONE', *, *, #1870, .F. ) ;
#6226 = ORIENTED_EDGE ( 'NONE', *, *, #625, .T. ) ;
#6227 = DIRECTION ( 'NONE',  ( 0.0000000000000000000, 0.0000000000000000000, -1.000000000000000000 ) ) ;
#6228 = DIRECTION ( 'NONE',  ( -1.000000000000000000, 2.168404344971008868E-16, -0.0000000000000000000 ) ) ;
#6229 = VECTOR ( 'NONE', #3333, 1000.000000000000000 ) ;
#6230 = DIRECTION ( 'NONE',  ( -1.000000000000000000, 0.0000000000000000000, 0.0000000000000000000 ) ) ;
#6231 = EDGE_LOOP ( 'NONE', ( #1097, #4308, #3386, #1440, #5950, #3086 ) ) ;
#6232 = ORIENTED_EDGE ( 'NONE', *, *, #4605, .T. ) ;
#6233 = PRESENTATION_LAYER_ASSIGNMENT (  '', '', ( #1697 ) ) ;
#6234 = DIRECTION ( 'NONE',  ( 0.1209742911513514568, 0.1209742911513514707, 0.9852565360152939489 ) ) ;
#6235 = EDGE_CURVE ( 'NONE', #3406, #3329, #2464, .T. ) ;
#6236 = CARTESIAN_POINT ( 'NONE',  ( 1.499999999999999556, 1.500000000000000000, 1.100000000000000089 ) ) ;
#6237 = VECTOR ( 'NONE', #4659, 1000.000000000000000 ) ;
#6238 = CARTESIAN_POINT ( 'NONE',  ( -0.3899999999999999578, -1.810001167703612523, 0.4100000000000034728 ) ) ;
#6239 = EDGE_CURVE ( 'NONE', #5212, #3088, #2352, .T. ) ;
#6240 = ORIENTED_EDGE ( 'NONE', *, *, #660, .F. ) ;
#6241 = CARTESIAN_POINT ( 'NONE',  ( -1.400247545284595274, 1.500000000000000000, 0.5000000000000099920 ) ) ;
#6242 = AXIS2_PLACEMENT_3D ( 'NONE', #2741, #147, #1122 ) ;
#6243 = CARTESIAN_POINT ( 'NONE',  ( 1.500000000000001110, 1.900001167703612381, 0.4100000000000028066 ) ) ;
#6244 = ORIENTED_EDGE ( 'NONE', *, *, #2149, .F. ) ;
#6245 = FACE_OUTER_BOUND ( 'NONE', #4205, .T. ) ;
#6246 = ADVANCED_FACE ( 'NONE', ( #3835 ), #6308, .T. ) ;
#6247 = FACE_OUTER_BOUND ( 'NONE', #1168, .T. ) ;
#6248 = ORIENTED_EDGE ( 'NONE', *, *, #5267, .F. ) ;
#6249 = EDGE_LOOP ( 'NONE', ( #3626, #4873, #3802, #893, #4160, #801, #2560, #1798, #1814, #5228, #5560, #3335 ) ) ;
#6250 = COLOUR_RGB ( '',0.0000000000000000000, 0.0000000000000000000, 0.0000000000000000000 ) ;
#6251 = FACE_OUTER_BOUND ( 'NONE', #87, .T. ) ;
#6252 = FACE_OUTER_BOUND ( 'NONE', #1177, .T. ) ;
#6253 = DIRECTION ( 'NONE',  ( -1.000000000000000000, 2.168404344971008868E-16, 0.0000000000000000000 ) ) ;
#6254 = VECTOR ( 'NONE', #1824, 1000.000000000000000 ) ;
#6255 = DIRECTION ( 'NONE',  ( -1.000000000000000000, 0.0000000000000000000, 0.0000000000000000000 ) ) ;
#6256 = ORIENTED_EDGE ( 'NONE', *, *, #4332, .F. ) ;
#6257 = ORIENTED_EDGE ( 'NONE', *, *, #1232, .F. ) ;
#6258 = EDGE_LOOP ( 'NONE', ( #6032, #6203, #4109, #2380 ) ) ;
#6259 = FACE_OUTER_BOUND ( 'NONE', #2764, .T. ) ;
#6260 = VECTOR ( 'NONE', #2307, 1000.000000000000000 ) ;
#6261 = PRESENTATION_STYLE_ASSIGNMENT (( #785 ) ) ;
#6262 = PLANE ( 'NONE',  #3210 ) ;
#6263 = DIRECTION ( 'NONE',  ( -1.000000000000000000, -2.168404344971008868E-16, 0.0000000000000000000 ) ) ;
#6264 = EDGE_LOOP ( 'NONE', ( #431, #6190, #6065, #1856, #14, #351, #5996, #6466, #5808, #3366, #1384, #3223, #5955, #5692, #266, #3156 ) ) ;
#6265 = EDGE_CURVE ( 'NONE', #5282, #4056, #3330, .T. ) ;
#6266 = AXIS2_PLACEMENT_3D ( 'NONE', #3353, #888, #2472 ) ;
#6267 = DIRECTION ( 'NONE',  ( -1.000000000000000000, 0.0000000000000000000, 0.0000000000000000000 ) ) ;
#6268 = DIRECTION ( 'NONE',  ( -1.000000000000000000, 1.084202172485504434E-16, -0.0000000000000000000 ) ) ;
#6269 = LINE ( 'NONE', #1751, #965 ) ;
#6270 = ORIENTED_EDGE ( 'NONE', *, *, #6482, .T. ) ;
#6271 = LINE ( 'NONE', #2668, #3483 ) ;
#6272 = EDGE_CURVE ( 'NONE', #477, #379, #383, .T. ) ;
#6273 = ORIENTED_EDGE ( 'NONE', *, *, #6168, .T. ) ;
#6274 = DIRECTION ( 'NONE',  ( -1.000000000000000000, -2.168404344971008868E-16, -0.0000000000000000000 ) ) ;
#6275 = DIRECTION ( 'NONE',  ( 0.0000000000000000000, 0.0000000000000000000, -1.000000000000000000 ) ) ;
#6276 = AXIS2_PLACEMENT_3D ( 'NONE', #1284, #6268, #1748 ) ;
#6277 = FILL_AREA_STYLE_COLOUR ( '', #522 ) ;
#6278 = LINE ( 'NONE', #3085, #6004 ) ;
#6279 = VERTEX_POINT ( 'NONE', #4380 ) ;
#6280 = EDGE_LOOP ( 'NONE', ( #425, #6405, #3523, #4433, #617, #808, #5080, #6017, #3771, #5784, #496, #2428 ) ) ;
#6281 = CARTESIAN_POINT ( 'NONE',  ( 0.8899999999999999023, 1.900001167703611937, 0.6999999999999999556 ) ) ;
#6282 = ORIENTED_EDGE ( 'NONE', *, *, #1596, .T. ) ;
#6283 = AXIS2_PLACEMENT_3D ( 'NONE', #3385, #4505, #503 ) ;
#6284 = ORIENTED_EDGE ( 'NONE', *, *, #4119, .F. ) ;
#6285 = EDGE_CURVE ( 'NONE', #1439, #4392, #1294, .T. ) ;
#6286 = CARTESIAN_POINT ( 'NONE',  ( -0.6100000000000000977, -2.190001167703602647, 0.2900000000000002021 ) ) ;
#6287 = CARTESIAN_POINT ( 'NONE',  ( -1.362413649183242814, -1.362413649183243480, 1.000000000000000000 ) ) ;
#6288 =( GEOMETRIC_REPRESENTATION_CONTEXT ( 3 ) GLOBAL_UNCERTAINTY_ASSIGNED_CONTEXT ( ( #286 ) ) GLOBAL_UNIT_ASSIGNED_CONTEXT ( ( #3252, #5231, #5859 ) ) REPRESENTATION_CONTEXT ( 'NONE', 'WORKASPACE' ) );
#6289 = DIRECTION ( 'NONE',  ( -1.084202172485504434E-16, 1.000000000000000000, 0.0000000000000000000 ) ) ;
#6290 = EDGE_CURVE ( 'NONE', #2454, #3429, #1922, .T. ) ;
#6291 = VERTEX_POINT ( 'NONE', #3392 ) ;
#6292 = CARTESIAN_POINT ( 'NONE',  ( 0.6100000000000000977, -1.900001167703612159, 0.6999999999999999556 ) ) ;
#6293 = LINE ( 'NONE', #5361, #1333 ) ;
#6294 = VECTOR ( 'NONE', #2651, 1000.000000000000000 ) ;
#6295 = CARTESIAN_POINT ( 'NONE',  ( -1.109999999999999876, 2.500001167703630234, 0.2000000000000000389 ) ) ;
#6296 = CARTESIAN_POINT ( 'NONE',  ( 1.500000000000001110, -2.190001167703603091, 0.2000000000000000389 ) ) ;
#6297 = CIRCLE ( 'NONE', #3209, 0.2899999999999938183 ) ;
#6298 = VECTOR ( 'NONE', #6376, 1000.000000000000000 ) ;
#6299 = FACE_OUTER_BOUND ( 'NONE', #3909, .T. ) ;
#6300 = PLANE ( 'NONE',  #151 ) ;
#6301 = AXIS2_PLACEMENT_3D ( 'NONE', #5620, #1065, #1588 ) ;
#6302 = ADVANCED_FACE ( 'NONE', ( #5983 ), #547, .F. ) ;
#6303 = SURFACE_STYLE_FILL_AREA ( #825 ) ;
#6304 = LINE ( 'NONE', #1791, #3919 ) ;
#6305 = VECTOR ( 'NONE', #493, 1000.000000000000000 ) ;
#6306 = CARTESIAN_POINT ( 'NONE',  ( 1.500000000000001110, 2.190001167703602203, 0.2900000000000002021 ) ) ;
#6307 = VERTEX_POINT ( 'NONE', #935 ) ;
#6308 = PLANE ( 'NONE',  #3488 ) ;
#6309 = MECHANICAL_DESIGN_GEOMETRIC_PRESENTATION_REPRESENTATION (  '', ( #2417 ), #1055 ) ;
#6310 = LINE ( 'NONE', #2439, #938 ) ;
#6311 = SURFACE_STYLE_USAGE ( .BOTH. , #5917 ) ;
#6312 = ADVANCED_FACE ( 'NONE', ( #484 ), #2985, .F. ) ;
#6313 = CARTESIAN_POINT ( 'NONE',  ( -1.399999999999999467, -1.500000000000000000, 0.5000000000000106581 ) ) ;
#6314 = ORIENTED_EDGE ( 'NONE', *, *, #609, .T. ) ;
#6315 = EDGE_LOOP ( 'NONE', ( #6319, #867, #2528, #4554 ) ) ;
#6316 = LINE ( 'NONE', #745, #2892 ) ;
#6317 = LINE ( 'NONE', #2796, #1983 ) ;
#6318 = ORIENTED_EDGE ( 'NONE', *, *, #1473, .F. ) ;
#6319 = ORIENTED_EDGE ( 'NONE', *, *, #4500, .F. ) ;
#6320 = CARTESIAN_POINT ( 'NONE',  ( -1.402197954205392838, 1.501452569369525092, 0.5118302281560888067 ) ) ;
#6321 = UNCERTAINTY_MEASURE_WITH_UNIT (LENGTH_MEASURE( 1.000000000000000082E-05 ), #4052, 'distance_accuracy_value', 'NONE');
#6322 = FACE_OUTER_BOUND ( 'NONE', #5864, .T. ) ;
#6323 = FACE_OUTER_BOUND ( 'NONE', #2981, .T. ) ;
#6324 = CARTESIAN_POINT ( 'NONE',  ( -0.8899999999999997913, -0.8900000000000000133, 1.100000000000000089 ) ) ;
#6325 = VERTEX_POINT ( 'NONE', #636 ) ;
#6326 = CARTESIAN_POINT ( 'NONE',  ( 1.500000000000001110, 1.810001167703612079, 0.4100000000000034728 ) ) ;
#6327 = CIRCLE ( 'NONE', #5057, 0.1000000000000000472 ) ;
#6328 = CARTESIAN_POINT ( 'NONE',  ( 1.461668264347375734, -1.499999999999999556, 1.012186934340514544 ) ) ;
#6329 = LINE ( 'NONE', #1788, #3199 ) ;
#6330 = CARTESIAN_POINT ( 'NONE',  ( 0.6100000000000002087, 2.100001167703606342, 0.4100000000000035838 ) ) ;
#6332 = FILL_AREA_STYLE_COLOUR ( '', #1570 ) ;
#6331 = AXIS2_PLACEMENT_3D ( 'NONE', #6407, #3915, #2450 ) ;
#6333 = EDGE_LOOP ( 'NONE', ( #4284, #2654, #5423, #515 ) ) ;
#6334 = CARTESIAN_POINT ( 'NONE',  ( -0.8899999999999999023, -1.500000000000006883, 0.0000000000000000000 ) ) ;
#6335 = CYLINDRICAL_SURFACE ( 'NONE', #854, 0.2899999999999951505 ) ;
#6336 = VECTOR ( 'NONE', #75, 1000.000000000000000 ) ;
#6337 = ORIENTED_EDGE ( 'NONE', *, *, #36, .T. ) ;
#6338 = CARTESIAN_POINT ( 'NONE',  ( 0.6100000000000002087, -2.190001167703602203, 0.2900000000000002021 ) ) ;
#6339 = CARTESIAN_POINT ( 'NONE',  ( -0.6100000000000000977, 1.900001167703612381, 0.6999999999999999556 ) ) ;
#6340 = VECTOR ( 'NONE', #3422, 1000.000000000000000 ) ;
#6341 = ORIENTED_EDGE ( 'NONE', *, *, #3465, .T. ) ;
#6342 = DIRECTION ( 'NONE',  ( 0.0000000000000000000, -0.9925461516413224272, 0.1218693434051440205 ) ) ;
#6343 = ORIENTED_EDGE ( 'NONE', *, *, #3872, .T. ) ;
#6344 = ORIENTED_EDGE ( 'NONE', *, *, #3718, .F. ) ;
#6345 = MECHANICAL_DESIGN_GEOMETRIC_PRESENTATION_REPRESENTATION (  '', ( #4440 ), #5507 ) ;
#6346 = FACE_OUTER_BOUND ( 'NONE', #5946, .T. ) ;
#6347 = DIRECTION ( 'NONE',  ( 1.000000000000000000, 0.0000000000000000000, 0.0000000000000000000 ) ) ;
#6348 = ORIENTED_EDGE ( 'NONE', *, *, #6239, .T. ) ;
#6349 = AXIS2_PLACEMENT_3D ( 'NONE', #2601, #6077, #6044 ) ;
#6350 = EDGE_CURVE ( 'NONE', #1584, #2604, #2848, .T. ) ;
#6351 = VERTEX_POINT ( 'NONE', #1165 ) ;
#6352 = CARTESIAN_POINT ( 'NONE',  ( 1.110000000000000098, 2.500000000000000000, 0.0000000000000000000 ) ) ;
#6353 = CARTESIAN_POINT ( 'NONE',  ( 0.6100000000000000977, 1.810001167703612301, 0.4100000000000034728 ) ) ;
#6354 = EDGE_CURVE ( 'NONE', #1673, #5468, #4344, .T. ) ;
#6355 = LINE ( 'NONE', #5762, #3079 ) ;
#6356 = CIRCLE ( 'NONE', #1629, 0.1000000000000000056 ) ;
#6357 =( GEOMETRIC_REPRESENTATION_CONTEXT ( 3 ) GLOBAL_UNCERTAINTY_ASSIGNED_CONTEXT ( ( #3446 ) ) GLOBAL_UNIT_ASSIGNED_CONTEXT ( ( #232, #770, #3742 ) ) REPRESENTATION_CONTEXT ( 'NONE', 'WORKASPACE' ) );
#6358 = FILL_AREA_STYLE_COLOUR ( '', #630 ) ;
#6359 = ADVANCED_FACE ( 'NONE', ( #4137 ), #3046, .F. ) ;
#6360 = PLANE ( 'NONE',  #5595 ) ;
#6361 = STYLED_ITEM ( 'NONE', ( #1678 ), #6359 ) ;
#6362 = PRESENTATION_LAYER_ASSIGNMENT (  '', '', ( #6468 ) ) ;
#6363 = CARTESIAN_POINT ( 'NONE',  ( -0.3899999999999999023, -2.500000000000003553, 0.6999999999999999556 ) ) ;
#6364 = CARTESIAN_POINT ( 'NONE',  ( 1.500000000000001110, 2.100001167703602345, 0.2900000000000007572 ) ) ;
#6365 = EDGE_CURVE ( 'NONE', #2566, #4860, #3169, .T. ) ;
#6366 = ORIENTED_EDGE ( 'NONE', *, *, #2002, .T. ) ;
#6367 = CARTESIAN_POINT ( 'NONE',  ( 1.500000000000001110, 1.810001167703612079, 0.4100000000000034728 ) ) ;
#6368 = CARTESIAN_POINT ( 'NONE',  ( -1.110000000000000098, -1.810001167703611857, 0.5000000000000042188 ) ) ;
#6369 = ORIENTED_EDGE ( 'NONE', *, *, #4893, .F. ) ;
#6370 = DIRECTION ( 'NONE',  ( -1.000000000000000000, -0.0000000000000000000, 0.0000000000000000000 ) ) ;
#6371 = PRODUCT_RELATED_PRODUCT_CATEGORY ( 'part', '', ( #5297 ) ) ;
#6372 = DIRECTION ( 'NONE',  ( -1.445602896647339163E-16, 1.000000000000000000, 0.0000000000000000000 ) ) ;
#6373 = CARTESIAN_POINT ( 'NONE',  ( -1.399999999999999911, 1.500000000000000000, 1.100000000000000089 ) ) ;
#6374 = ORIENTED_EDGE ( 'NONE', *, *, #4045, .T. ) ;
#6375 = ORIENTED_EDGE ( 'NONE', *, *, #1038, .T. ) ;
#6376 = DIRECTION ( 'NONE',  ( -0.0000000000000000000, -0.0000000000000000000, -1.000000000000000000 ) ) ;
#6377 = CARTESIAN_POINT ( 'NONE',  ( 1.110000000000000098, -1.500000000000000000, 0.6999999999999999556 ) ) ;
#6378 = EDGE_CURVE ( 'NONE', #3420, #5478, #3694, .T. ) ;
#6379 = DIRECTION ( 'NONE',  ( 0.0000000000000000000, -4.336808689942015369E-15, 1.000000000000000000 ) ) ;
#6380 = LINE ( 'NONE', #4781, #3544 ) ;
#6381 = EDGE_LOOP ( 'NONE', ( #5990, #5863, #1195, #5043 ) ) ;
#6382 = PLANE ( 'NONE',  #2960 ) ;
#6383 = EDGE_LOOP ( 'NONE', ( #3248, #3778, #6008, #997, #2318, #3998, #3089, #2956, #3212, #3649, #2309, #1624 ) ) ;
#6384 = ORIENTED_EDGE ( 'NONE', *, *, #3665, .F. ) ;
#6385 = FACE_OUTER_BOUND ( 'NONE', #5122, .T. ) ;
#6386 = CARTESIAN_POINT ( 'NONE',  ( 0.1100000000000000838, 2.100001167703602789, 0.6999999999999999556 ) ) ;
#6387 = CARTESIAN_POINT ( 'NONE',  ( -0.8899999999999999023, 1.500000000000006883, 0.6999999999999999556 ) ) ;
#6388 = AXIS2_PLACEMENT_3D ( 'NONE', #5432, #407, #1911 ) ;
#6389 = CARTESIAN_POINT ( 'NONE',  ( 0.3899999999999999578, 1.500000000000000000, 0.6999999999999999556 ) ) ;
#6390 = VERTEX_POINT ( 'NONE', #1190 ) ;
#6391 = EDGE_CURVE ( 'NONE', #4491, #1534, #3168, .T. ) ;
#6392 = FACE_OUTER_BOUND ( 'NONE', #5439, .T. ) ;
#6393 = PRESENTATION_STYLE_ASSIGNMENT (( #4333 ) ) ;
#6394 = PRESENTATION_STYLE_ASSIGNMENT (( #4266 ) ) ;
#6395 = EDGE_CURVE ( 'NONE', #2530, #1293, #6119, .T. ) ;
#6396 = VECTOR ( 'NONE', #4085, 1000.000000000000000 ) ;
#6397 = EDGE_CURVE ( 'NONE', #3692, #3420, #3078, .T. ) ;
#6398 = CARTESIAN_POINT ( 'NONE',  ( -0.6099999999999999867, 2.100001167703602789, 0.6999999999999999556 ) ) ;
#6399 = DIRECTION ( 'NONE',  ( -1.000000000000000000, 1.084202172485504434E-16, -0.0000000000000000000 ) ) ;
#6400 = AXIS2_PLACEMENT_3D ( 'NONE', #3337, #5353, #2766 ) ;
#6401 = DIRECTION ( 'NONE',  ( -1.445602896647339163E-16, 1.000000000000000000, -0.0000000000000000000 ) ) ;
#6402 = DIRECTION ( 'NONE',  ( 1.000000000000000000, 0.0000000000000000000, 0.0000000000000000000 ) ) ;
#6403 = VECTOR ( 'NONE', #451, 1000.000000000000000 ) ;
#6404 = AXIS2_PLACEMENT_3D ( 'NONE', #1594, #4146, #6153 ) ;
#6405 = ORIENTED_EDGE ( 'NONE', *, *, #2235, .T. ) ;
#6406 = DIRECTION ( 'NONE',  ( -0.0000000000000000000, -0.0000000000000000000, -1.000000000000000000 ) ) ;
#6407 = CARTESIAN_POINT ( 'NONE',  ( 0.6100000000000000977, -1.500000000000000000, 0.0000000000000000000 ) ) ;
#6408 = ORIENTED_EDGE ( 'NONE', *, *, #2682, .F. ) ;
#6409 = ORIENTED_EDGE ( 'NONE', *, *, #3259, .T. ) ;
#6410 = CARTESIAN_POINT ( 'NONE',  ( 1.499997242485289872, -1.400742627321157396, 0.4999775418449315390 ) ) ;
#6411 =( NAMED_UNIT ( * ) PLANE_ANGLE_UNIT ( ) SI_UNIT ( $, .RADIAN. ) );
#6412 = CARTESIAN_POINT ( 'NONE',  ( 0.8900000000000000133, -2.190001167703602203, 0.2900000000000002021 ) ) ;
#6413 = ORIENTED_EDGE ( 'NONE', *, *, #5340, .F. ) ;
#6414 =( GEOMETRIC_REPRESENTATION_CONTEXT ( 3 ) GLOBAL_UNCERTAINTY_ASSIGNED_CONTEXT ( ( #6321 ) ) GLOBAL_UNIT_ASSIGNED_CONTEXT ( ( #4052, #1969, #5995 ) ) REPRESENTATION_CONTEXT ( 'NONE', 'WORKASPACE' ) );
#6415 = SURFACE_STYLE_USAGE ( .BOTH. , #2394 ) ;
#6416 = ORIENTED_EDGE ( 'NONE', *, *, #3378, .F. ) ;
#6417 = EDGE_CURVE ( 'NONE', #1066, #1328, #1519, .T. ) ;
#6418 = PLANE ( 'NONE',  #1391 ) ;
#6419 = CYLINDRICAL_SURFACE ( 'NONE', #3730, 0.1000000000000000749 ) ;
#6420 = CARTESIAN_POINT ( 'NONE',  ( -1.499567327329789368, 1.458632135056575629, 0.7035238361161006981 ) ) ;
#6421 = CARTESIAN_POINT ( 'NONE',  ( 1.500000000000001110, -2.100001167703602345, 0.2900000000000007572 ) ) ;
#6422 = DIRECTION ( 'NONE',  ( -0.0000000000000000000, -0.0000000000000000000, -1.000000000000000000 ) ) ;
#6423 = ORIENTED_EDGE ( 'NONE', *, *, #1557, .F. ) ;
#6424 = LINE ( 'NONE', #4503, #5911 ) ;
#6425 = FILL_AREA_STYLE_COLOUR ( '', #6447 ) ;
#6426 = CARTESIAN_POINT ( 'NONE',  ( 1.500000000000000000, -1.399999999999999689, 0.5000000000000106581 ) ) ;
#6427 = DIRECTION ( 'NONE',  ( -2.168404344971008868E-16, -1.000000000000000000, 0.0000000000000000000 ) ) ;
#6428 = CARTESIAN_POINT ( 'NONE',  ( -0.6100000000000000977, -1.900001167703612381, 0.2900000000000002021 ) ) ;
#6429 = ORIENTED_EDGE ( 'NONE', *, *, #2083, .T. ) ;
#6430 = VERTEX_POINT ( 'NONE', #6330 ) ;
#6431 = VECTOR ( 'NONE', #4635, 1000.000000000000000 ) ;
#6432 = CARTESIAN_POINT ( 'NONE',  ( 1.110000000000000098, -1.500000000000000000, 0.1999999999999999833 ) ) ;
#6433 = CARTESIAN_POINT ( 'NONE',  ( -0.6100000000000000977, -1.810001167703612523, 0.4100000000000034728 ) ) ;
#6434 = EDGE_LOOP ( 'NONE', ( #2281, #3565, #6273, #4807 ) ) ;
#6435 = AXIS2_PLACEMENT_3D ( 'NONE', #5117, #611, #5079 ) ;
#6436 = EDGE_CURVE ( 'NONE', #957, #2530, #4763, .T. ) ;
#6437 = PLANE ( 'NONE',  #2084 ) ;
#6438 = ORIENTED_EDGE ( 'NONE', *, *, #1172, .T. ) ;
#6439 = AXIS2_PLACEMENT_3D ( 'NONE', #5776, #671, #799 ) ;
#6440 = DIRECTION ( 'NONE',  ( -1.084202172485504434E-16, 1.000000000000000000, -0.0000000000000000000 ) ) ;
#6441 = ORIENTED_EDGE ( 'NONE', *, *, #2840, .T. ) ;
#6442 = EDGE_CURVE ( 'NONE', #1878, #3797, #287, .T. ) ;
#6443 = EDGE_CURVE ( 'NONE', #1935, #2690, #1202, .T. ) ;
#6444 = ORIENTED_EDGE ( 'NONE', *, *, #919, .F. ) ;
#6445 = DIRECTION ( 'NONE',  ( -1.000000000000000000, -2.168404344971008868E-16, -0.0000000000000000000 ) ) ;
#6446 = EDGE_CURVE ( 'NONE', #4339, #6351, #4025, .T. ) ;
#6447 = COLOUR_RGB ( '',0.0000000000000000000, 0.0000000000000000000, 0.0000000000000000000 ) ;
#6448 = CARTESIAN_POINT ( 'NONE',  ( 1.362413649183242592, 1.362413649183243036, 1.000000000000000000 ) ) ;
#6449 = ORIENTED_EDGE ( 'NONE', *, *, #5227, .T. ) ;
#6450 = VERTEX_POINT ( 'NONE', #1253 ) ;
#6451 = ORIENTED_EDGE ( 'NONE', *, *, #5045, .F. ) ;
#6452 = PRESENTATION_LAYER_ASSIGNMENT (  '', '', ( #4546 ) ) ;
#6453 = FACE_BOUND ( 'NONE', #118, .T. ) ;
#6454 = CARTESIAN_POINT ( 'NONE',  ( -1.499999999999999556, -1.399999999999999689, 0.6999999999999886313 ) ) ;
#6455 = CARTESIAN_POINT ( 'NONE',  ( 1.500000000000001110, 1.810001167703612079, 0.4100000000000034728 ) ) ;
#6456 = DIRECTION ( 'NONE',  ( -1.000000000000000000, 0.0000000000000000000, 0.0000000000000000000 ) ) ;
#6457 = CARTESIAN_POINT ( 'NONE',  ( -0.1099999999999999450, -2.500000000000000000, 0.0000000000000000000 ) ) ;
#6458 = AXIS2_PLACEMENT_3D ( 'NONE', #3121, #111, #3058 ) ;
#6459 = CARTESIAN_POINT ( 'NONE',  ( -0.8899999999999997913, 2.500000000000007105, 0.0000000000000000000 ) ) ;
#6460 = CARTESIAN_POINT ( 'NONE',  ( -1.110000000000000098, -1.500000000000006883, 0.6999999999999999556 ) ) ;
#6461 = CARTESIAN_POINT ( 'NONE',  ( -0.8899999999999997913, -2.500000000000007105, 0.0000000000000000000 ) ) ;
#6462 = ORIENTED_EDGE ( 'NONE', *, *, #2350, .F. ) ;
#6463 = FILL_AREA_STYLE_COLOUR ( '', #4558 ) ;
#6464 = CARTESIAN_POINT ( 'NONE',  ( 1.500000000000001110, -1.900001167703611937, 0.2900000000000002021 ) ) ;
#6465 = ADVANCED_FACE ( 'NONE', ( #5302 ), #4861, .F. ) ;
#6466 = ORIENTED_EDGE ( 'NONE', *, *, #6086, .F. ) ;
#6467 = VECTOR ( 'NONE', #2381, 1000.000000000000000 ) ;
#6468 = STYLED_ITEM ( 'NONE', ( #2982 ), #5551 ) ;
#6469 = CARTESIAN_POINT ( 'NONE',  ( -0.3899999999999999578, -1.500001167703639560, 0.5000000000000042188 ) ) ;
#6470 = DIRECTION ( 'NONE',  ( -0.0000000000000000000, -0.0000000000000000000, -1.000000000000000000 ) ) ;
#6471 = VERTEX_POINT ( 'NONE', #5770 ) ;
#6472 = VECTOR ( 'NONE', #729, 1000.000000000000000 ) ;
#6473 = DIRECTION ( 'NONE',  ( -1.000000000000000000, -1.219727444046192488E-16, 0.0000000000000000000 ) ) ;
#6474 = EDGE_LOOP ( 'NONE', ( #3280, #4049, #1264, #527 ) ) ;
#6475 = ORIENTED_EDGE ( 'NONE', *, *, #3361, .F. ) ;
#6476 = VECTOR ( 'NONE', #3674, 1000.000000000000000 ) ;
#6477 = EDGE_CURVE ( 'NONE', #5702, #1161, #1852, .T. ) ;
#6478 = CARTESIAN_POINT ( 'NONE',  ( -0.8899999999999997913, -2.500000000000007105, 0.6999999999999999556 ) ) ;
#6479 = ORIENTED_EDGE ( 'NONE', *, *, #1976, .T. ) ;
#6480 = EDGE_LOOP ( 'NONE', ( #2178, #2900, #968, #4412 ) ) ;
#6481 = CARTESIAN_POINT ( 'NONE',  ( 1.500000000000001110, -1.900001167703612381, 0.4100000000000028066 ) ) ;
#6482 = EDGE_CURVE ( 'NONE', #530, #2419, #4794, .T. ) ;
#6483 = ORIENTED_EDGE ( 'NONE', *, *, #3250, .T. ) ;
#6484 = PLANE ( 'NONE',  #4220 ) ;
#6485 = ORIENTED_EDGE ( 'NONE', *, *, #2516, .F. ) ;
#6486 = EDGE_CURVE ( 'NONE', #4375, #3692, #2835, .T. ) ;
#6487 = EDGE_LOOP ( 'NONE', ( #3719, #2306, #1217, #3958, #2104, #2881, #4864, #990, #1120, #562, #1708, #5746 ) ) ;
#6488 = DIRECTION ( 'NONE',  ( 0.0000000000000000000, -0.0000000000000000000, -1.000000000000000000 ) ) ;
#6489 = FACE_OUTER_BOUND ( 'NONE', #2339, .T. ) ;
#6490 = CARTESIAN_POINT ( 'NONE',  ( 1.500000000000001110, -1.810001167703612079, 0.7000000000000010658 ) ) ;
#6491 = EDGE_CURVE ( 'NONE', #4912, #15, #4758, .T. ) ;
#6492 = AXIS2_PLACEMENT_3D ( 'NONE', #3787, #5768, #4264 ) ;
#6493 = VERTEX_POINT ( 'NONE', #2749 ) ;
#6494 = EDGE_LOOP ( 'NONE', ( #5374, #3647, #4944, #5914, #5944, #5853, #4993, #1010, #5053, #3294, #3533, #2489 ) ) ;
#6495 = DIRECTION ( 'NONE',  ( -1.000000000000000000, -2.168404344971008868E-16, -0.0000000000000000000 ) ) ;
#6496 = CARTESIAN_POINT ( 'NONE',  ( -0.3900000000000000133, -1.500000000000003553, 0.6999999999999999556 ) ) ;
#6497 = STYLED_ITEM ( 'NONE', ( #3283 ), #452 ) ;
#6498 = FACE_OUTER_BOUND ( 'NONE', #4061, .T. ) ;
#6499 = ORIENTED_EDGE ( 'NONE', *, *, #1282, .T. ) ;
#6500 =( NAMED_UNIT ( * ) PLANE_ANGLE_UNIT ( ) SI_UNIT ( $, .RADIAN. ) );
#6501 = LINE ( 'NONE', #4067, #4400 ) ;
#6502 = DIRECTION ( 'NONE',  ( 0.0000000000000000000, 0.0000000000000000000, -1.000000000000000000 ) ) ;
#6503 = EDGE_LOOP ( 'NONE', ( #2556, #4381, #5941, #3524 ) ) ;
#6504 = VECTOR ( 'NONE', #2361, 1000.000000000000000 ) ;
#6505 = DIRECTION ( 'NONE',  ( -1.000000000000000000, 2.168404344971008868E-16, -0.0000000000000000000 ) ) ;
#6506 = ADVANCED_FACE ( 'NONE', ( #4541 ), #4509, .F. ) ;
#6507 = ORIENTED_EDGE ( 'NONE', *, *, #6397, .F. ) ;
#6508 = VECTOR ( 'NONE', #5590, 1000.000000000000000 ) ;
ENDSEC;
END-ISO-10303-21;
