ISO-10303-21;
HEADER;
FILE_DESCRIPTION( ( '' ), ' ' );
FILE_NAME( '/vol/tmp/translate-10895533317476222965/5bd174c802f1d8142e5599f2.step', '2018-10-25T07:46:17', ( '' ), ( '' ), ' ', ' ', ' ' );
FILE_SCHEMA( ( 'AUTOMOTIVE_DESIGN { 1 0 10303 214 1 1 1 1 }' ) );
ENDSEC;
DATA;
#1 = PRODUCT_DEFINITION_CONTEXT( '', #50, 'design' );
#2 = APPLICATION_PROTOCOL_DEFINITION( 'international standard', 'automotive_design', 2001, #50 );
#3 = PRODUCT_CATEGORY_RELATIONSHIP( 'NONE', 'NONE', #51, #52 );
#4 = SHAPE_DEFINITION_REPRESENTATION( #53, #54 );
#5 = PRODUCT_CATEGORY_RELATIONSHIP( 'NONE', 'NONE', #51, #55 );
#6 = CONTEXT_DEPENDENT_SHAPE_REPRESENTATION( #56, #57 );
#7 = SHAPE_DEFINITION_REPRESENTATION( #58, #59 );
#8 = SHAPE_REPRESENTATION_RELATIONSHIP( 'NONE', 'NONE', #59, #60 );
#9 = PRODUCT_CATEGORY_RELATIONSHIP( 'NONE', 'NONE', #51, #61 );
#10 = CONTEXT_DEPENDENT_SHAPE_REPRESENTATION( #62, #63 );
#11 = SHAPE_DEFINITION_REPRESENTATION( #64, #65 );
#12 = SHAPE_REPRESENTATION_RELATIONSHIP( 'NONE', 'NONE', #65, #66 );
#13 = PRODUCT_CATEGORY_RELATIONSHIP( 'NONE', 'NONE', #51, #67 );
#14 = CONTEXT_DEPENDENT_SHAPE_REPRESENTATION( #68, #69 );
#15 = SHAPE_DEFINITION_REPRESENTATION( #70, #71 );
#16 = SHAPE_REPRESENTATION_RELATIONSHIP( 'NONE', 'NONE', #71, #72 );
#17 = PRODUCT_CATEGORY_RELATIONSHIP( 'NONE', 'NONE', #51, #73 );
#18 = CONTEXT_DEPENDENT_SHAPE_REPRESENTATION( #74, #75 );
#19 = SHAPE_DEFINITION_REPRESENTATION( #76, #77 );
#20 = SHAPE_REPRESENTATION_RELATIONSHIP( 'NONE', 'NONE', #77, #78 );
#21 = PRODUCT_CATEGORY_RELATIONSHIP( 'NONE', 'NONE', #51, #79 );
#22 = CONTEXT_DEPENDENT_SHAPE_REPRESENTATION( #80, #81 );
#23 = SHAPE_DEFINITION_REPRESENTATION( #82, #83 );
#24 = SHAPE_REPRESENTATION_RELATIONSHIP( 'NONE', 'NONE', #83, #84 );
#25 = PRODUCT_CATEGORY_RELATIONSHIP( 'NONE', 'NONE', #51, #85 );
#26 = CONTEXT_DEPENDENT_SHAPE_REPRESENTATION( #86, #87 );
#27 = SHAPE_DEFINITION_REPRESENTATION( #88, #89 );
#28 = SHAPE_REPRESENTATION_RELATIONSHIP( 'NONE', 'NONE', #89, #90 );
#29 = PRODUCT_CATEGORY_RELATIONSHIP( 'NONE', 'NONE', #51, #91 );
#30 = CONTEXT_DEPENDENT_SHAPE_REPRESENTATION( #92, #93 );
#31 = SHAPE_DEFINITION_REPRESENTATION( #94, #95 );
#32 = SHAPE_REPRESENTATION_RELATIONSHIP( 'NONE', 'NONE', #95, #96 );
#33 = PRODUCT_CATEGORY_RELATIONSHIP( 'NONE', 'NONE', #51, #97 );
#34 = CONTEXT_DEPENDENT_SHAPE_REPRESENTATION( #98, #99 );
#35 = SHAPE_DEFINITION_REPRESENTATION( #100, #101 );
#36 = SHAPE_REPRESENTATION_RELATIONSHIP( 'NONE', 'NONE', #101, #102 );
#37 = PRODUCT_CATEGORY_RELATIONSHIP( 'NONE', 'NONE', #51, #103 );
#38 = CONTEXT_DEPENDENT_SHAPE_REPRESENTATION( #104, #105 );
#39 = SHAPE_DEFINITION_REPRESENTATION( #106, #107 );
#40 = SHAPE_REPRESENTATION_RELATIONSHIP( 'NONE', 'NONE', #107, #108 );
#41 = PRODUCT_CATEGORY_RELATIONSHIP( 'NONE', 'NONE', #51, #109 );
#42 = CONTEXT_DEPENDENT_SHAPE_REPRESENTATION( #110, #111 );
#43 = SHAPE_DEFINITION_REPRESENTATION( #112, #113 );
#44 = SHAPE_REPRESENTATION_RELATIONSHIP( 'NONE', 'NONE', #113, #114 );
#45 = MECHANICAL_DESIGN_GEOMETRIC_PRESENTATION_REPRESENTATION( ' ', ( #115, #116, #117, #118, #119, #120, #121, #122, #123, #124, #125, #126, #127, #128, #129, #130, #131, #132, #133, #134, #135, #136, #137, #138, #139, #140, #141, #142, #143, #144, #145, #146, #147, #148, #149, #150, #151, #152, #153, #154, #155, #156, #157, #158, #159, #160, #161, #162, #163, #164, #165, #166, #167, #168, #169, #170, #171, #172, #173, #174, #175, #176, #177, #178, #179, #180, #181, #182, #183, #184, #185, #186, #187, #188, #189, #190, #191, #192, #193, #194, #195, #196, #197, #198, #199, #200 ), #46 );
#46 =  ( GEOMETRIC_REPRESENTATION_CONTEXT( 3 )GLOBAL_UNCERTAINTY_ASSIGNED_CONTEXT( ( #203 ) )GLOBAL_UNIT_ASSIGNED_CONTEXT( ( #205, #206, #207 ) )REPRESENTATION_CONTEXT( 'NONE', 'WORKSPACE' ) );
#50 = APPLICATION_CONTEXT( 'core data for automotive mechanical design processes' );
#51 = PRODUCT_CATEGORY( 'part', 'NONE' );
#52 = PRODUCT_RELATED_PRODUCT_CATEGORY( 'detail', ' ', ( #209 ) );
#53 = PRODUCT_DEFINITION_SHAPE( 'NONE', 'NONE', #210 );
#54 = SHAPE_REPRESENTATION( 'Assem1', ( #211, #212, #213, #214, #215, #216, #217, #218, #219, #220, #221 ), #222 );
#55 = PRODUCT_RELATED_PRODUCT_CATEGORY( 'detail', ' ', ( #223 ) );
#56 = ( REPRESENTATION_RELATIONSHIP( '', '', #59, #54 )REPRESENTATION_RELATIONSHIP_WITH_TRANSFORMATION( #226 )SHAPE_REPRESENTATION_RELATIONSHIP(  ) );
#57 = PRODUCT_DEFINITION_SHAPE( 'NAUO-PROD-DEF', 'NAUO-PROD-DEF', #228 );
#58 = PRODUCT_DEFINITION_SHAPE( 'NONE', 'NONE', #229 );
#59 = SHAPE_REPRESENTATION( 'Part 1', ( #211 ), #222 );
#60 = ADVANCED_BREP_SHAPE_REPRESENTATION( 'Part 1', ( #230 ), #46 );
#61 = PRODUCT_RELATED_PRODUCT_CATEGORY( 'detail', ' ', ( #231 ) );
#62 = ( REPRESENTATION_RELATIONSHIP( '', '', #65, #54 )REPRESENTATION_RELATIONSHIP_WITH_TRANSFORMATION( #234 )SHAPE_REPRESENTATION_RELATIONSHIP(  ) );
#63 = PRODUCT_DEFINITION_SHAPE( 'NAUO-PROD-DEF', 'NAUO-PROD-DEF', #236 );
#64 = PRODUCT_DEFINITION_SHAPE( 'NONE', 'NONE', #237 );
#65 = SHAPE_REPRESENTATION( 'Part 1', ( #211 ), #222 );
#66 = ADVANCED_BREP_SHAPE_REPRESENTATION( 'Part 1', ( #238 ), #46 );
#67 = PRODUCT_RELATED_PRODUCT_CATEGORY( 'detail', ' ', ( #239 ) );
#68 = ( REPRESENTATION_RELATIONSHIP( '', '', #71, #54 )REPRESENTATION_RELATIONSHIP_WITH_TRANSFORMATION( #242 )SHAPE_REPRESENTATION_RELATIONSHIP(  ) );
#69 = PRODUCT_DEFINITION_SHAPE( 'NAUO-PROD-DEF', 'NAUO-PROD-DEF', #244 );
#70 = PRODUCT_DEFINITION_SHAPE( 'NONE', 'NONE', #245 );
#71 = SHAPE_REPRESENTATION( 'Part 2', ( #211 ), #222 );
#72 = ADVANCED_BREP_SHAPE_REPRESENTATION( 'Part 2', ( #246 ), #46 );
#73 = PRODUCT_RELATED_PRODUCT_CATEGORY( 'detail', ' ', ( #247 ) );
#74 = ( REPRESENTATION_RELATIONSHIP( '', '', #77, #54 )REPRESENTATION_RELATIONSHIP_WITH_TRANSFORMATION( #250 )SHAPE_REPRESENTATION_RELATIONSHIP(  ) );
#75 = PRODUCT_DEFINITION_SHAPE( 'NAUO-PROD-DEF', 'NAUO-PROD-DEF', #252 );
#76 = PRODUCT_DEFINITION_SHAPE( 'NONE', 'NONE', #253 );
#77 = SHAPE_REPRESENTATION( 'Part 3', ( #211 ), #222 );
#78 = ADVANCED_BREP_SHAPE_REPRESENTATION( 'Part 3', ( #254 ), #46 );
#79 = PRODUCT_RELATED_PRODUCT_CATEGORY( 'detail', ' ', ( #255 ) );
#80 = ( REPRESENTATION_RELATIONSHIP( '', '', #83, #54 )REPRESENTATION_RELATIONSHIP_WITH_TRANSFORMATION( #258 )SHAPE_REPRESENTATION_RELATIONSHIP(  ) );
#81 = PRODUCT_DEFINITION_SHAPE( 'NAUO-PROD-DEF', 'NAUO-PROD-DEF', #260 );
#82 = PRODUCT_DEFINITION_SHAPE( 'NONE', 'NONE', #261 );
#83 = SHAPE_REPRESENTATION( 'Part 4', ( #211 ), #222 );
#84 = ADVANCED_BREP_SHAPE_REPRESENTATION( 'Part 4', ( #262 ), #46 );
#85 = PRODUCT_RELATED_PRODUCT_CATEGORY( 'detail', ' ', ( #263 ) );
#86 = ( REPRESENTATION_RELATIONSHIP( '', '', #89, #54 )REPRESENTATION_RELATIONSHIP_WITH_TRANSFORMATION( #266 )SHAPE_REPRESENTATION_RELATIONSHIP(  ) );
#87 = PRODUCT_DEFINITION_SHAPE( 'NAUO-PROD-DEF', 'NAUO-PROD-DEF', #268 );
#88 = PRODUCT_DEFINITION_SHAPE( 'NONE', 'NONE', #269 );
#89 = SHAPE_REPRESENTATION( 'Part 5', ( #211 ), #222 );
#90 = ADVANCED_BREP_SHAPE_REPRESENTATION( 'Part 5', ( #270 ), #46 );
#91 = PRODUCT_RELATED_PRODUCT_CATEGORY( 'detail', ' ', ( #271 ) );
#92 = ( REPRESENTATION_RELATIONSHIP( '', '', #95, #54 )REPRESENTATION_RELATIONSHIP_WITH_TRANSFORMATION( #274 )SHAPE_REPRESENTATION_RELATIONSHIP(  ) );
#93 = PRODUCT_DEFINITION_SHAPE( 'NAUO-PROD-DEF', 'NAUO-PROD-DEF', #276 );
#94 = PRODUCT_DEFINITION_SHAPE( 'NONE', 'NONE', #277 );
#95 = SHAPE_REPRESENTATION( 'Part 6', ( #211 ), #222 );
#96 = ADVANCED_BREP_SHAPE_REPRESENTATION( 'Part 6', ( #278 ), #46 );
#97 = PRODUCT_RELATED_PRODUCT_CATEGORY( 'detail', ' ', ( #279 ) );
#98 = ( REPRESENTATION_RELATIONSHIP( '', '', #101, #54 )REPRESENTATION_RELATIONSHIP_WITH_TRANSFORMATION( #282 )SHAPE_REPRESENTATION_RELATIONSHIP(  ) );
#99 = PRODUCT_DEFINITION_SHAPE( 'NAUO-PROD-DEF', 'NAUO-PROD-DEF', #284 );
#100 = PRODUCT_DEFINITION_SHAPE( 'NONE', 'NONE', #285 );
#101 = SHAPE_REPRESENTATION( 'Part 7', ( #211 ), #222 );
#102 = ADVANCED_BREP_SHAPE_REPRESENTATION( 'Part 7', ( #286 ), #46 );
#103 = PRODUCT_RELATED_PRODUCT_CATEGORY( 'detail', ' ', ( #287 ) );
#104 = ( REPRESENTATION_RELATIONSHIP( '', '', #107, #54 )REPRESENTATION_RELATIONSHIP_WITH_TRANSFORMATION( #290 )SHAPE_REPRESENTATION_RELATIONSHIP(  ) );
#105 = PRODUCT_DEFINITION_SHAPE( 'NAUO-PROD-DEF', 'NAUO-PROD-DEF', #292 );
#106 = PRODUCT_DEFINITION_SHAPE( 'NONE', 'NONE', #293 );
#107 = SHAPE_REPRESENTATION( 'Part 8', ( #211 ), #222 );
#108 = ADVANCED_BREP_SHAPE_REPRESENTATION( 'Part 8', ( #294 ), #46 );
#109 = PRODUCT_RELATED_PRODUCT_CATEGORY( 'detail', ' ', ( #295 ) );
#110 = ( REPRESENTATION_RELATIONSHIP( '', '', #113, #54 )REPRESENTATION_RELATIONSHIP_WITH_TRANSFORMATION( #298 )SHAPE_REPRESENTATION_RELATIONSHIP(  ) );
#111 = PRODUCT_DEFINITION_SHAPE( 'NAUO-PROD-DEF', 'NAUO-PROD-DEF', #300 );
#112 = PRODUCT_DEFINITION_SHAPE( 'NONE', 'NONE', #301 );
#113 = SHAPE_REPRESENTATION( 'Part 9', ( #211 ), #222 );
#114 = ADVANCED_BREP_SHAPE_REPRESENTATION( 'Part 9', ( #302 ), #46 );
#115 = STYLED_ITEM( '', ( #303 ), #304 );
#116 = STYLED_ITEM( '', ( #305 ), #306 );
#117 = STYLED_ITEM( '', ( #307 ), #308 );
#118 = STYLED_ITEM( '', ( #309 ), #310 );
#119 = STYLED_ITEM( '', ( #311 ), #312 );
#120 = STYLED_ITEM( '', ( #313 ), #314 );
#121 = STYLED_ITEM( '', ( #315 ), #316 );
#122 = STYLED_ITEM( '', ( #317 ), #318 );
#123 = STYLED_ITEM( '', ( #319 ), #320 );
#124 = STYLED_ITEM( '', ( #321 ), #322 );
#125 = STYLED_ITEM( '', ( #323 ), #324 );
#126 = STYLED_ITEM( '', ( #325 ), #326 );
#127 = STYLED_ITEM( '', ( #327 ), #328 );
#128 = STYLED_ITEM( '', ( #329 ), #330 );
#129 = STYLED_ITEM( '', ( #331 ), #332 );
#130 = STYLED_ITEM( '', ( #333 ), #334 );
#131 = STYLED_ITEM( '', ( #335 ), #336 );
#132 = STYLED_ITEM( '', ( #337 ), #338 );
#133 = STYLED_ITEM( '', ( #339 ), #340 );
#134 = STYLED_ITEM( '', ( #341 ), #342 );
#135 = STYLED_ITEM( '', ( #343 ), #344 );
#136 = STYLED_ITEM( '', ( #345 ), #346 );
#137 = STYLED_ITEM( '', ( #347 ), #348 );
#138 = STYLED_ITEM( '', ( #349 ), #350 );
#139 = STYLED_ITEM( '', ( #351 ), #352 );
#140 = STYLED_ITEM( '', ( #353 ), #354 );
#141 = STYLED_ITEM( '', ( #355 ), #356 );
#142 = STYLED_ITEM( '', ( #357 ), #358 );
#143 = STYLED_ITEM( '', ( #359 ), #360 );
#144 = STYLED_ITEM( '', ( #361 ), #362 );
#145 = STYLED_ITEM( '', ( #363 ), #364 );
#146 = STYLED_ITEM( '', ( #365 ), #366 );
#147 = STYLED_ITEM( '', ( #367 ), #368 );
#148 = STYLED_ITEM( '', ( #369 ), #370 );
#149 = STYLED_ITEM( '', ( #371 ), #372 );
#150 = STYLED_ITEM( '', ( #373 ), #374 );
#151 = STYLED_ITEM( '', ( #375 ), #376 );
#152 = STYLED_ITEM( '', ( #377 ), #378 );
#153 = STYLED_ITEM( '', ( #379 ), #380 );
#154 = STYLED_ITEM( '', ( #381 ), #382 );
#155 = STYLED_ITEM( '', ( #383 ), #384 );
#156 = STYLED_ITEM( '', ( #385 ), #386 );
#157 = STYLED_ITEM( '', ( #387 ), #388 );
#158 = STYLED_ITEM( '', ( #389 ), #390 );
#159 = STYLED_ITEM( '', ( #391 ), #392 );
#160 = STYLED_ITEM( '', ( #393 ), #394 );
#161 = STYLED_ITEM( '', ( #395 ), #396 );
#162 = STYLED_ITEM( '', ( #397 ), #398 );
#163 = STYLED_ITEM( '', ( #399 ), #400 );
#164 = STYLED_ITEM( '', ( #401 ), #402 );
#165 = STYLED_ITEM( '', ( #403 ), #404 );
#166 = STYLED_ITEM( '', ( #405 ), #406 );
#167 = STYLED_ITEM( '', ( #407 ), #408 );
#168 = STYLED_ITEM( '', ( #409 ), #410 );
#169 = STYLED_ITEM( '', ( #411 ), #412 );
#170 = STYLED_ITEM( '', ( #413 ), #414 );
#171 = STYLED_ITEM( '', ( #415 ), #416 );
#172 = STYLED_ITEM( '', ( #417 ), #418 );
#173 = STYLED_ITEM( '', ( #419 ), #420 );
#174 = STYLED_ITEM( '', ( #421 ), #422 );
#175 = STYLED_ITEM( '', ( #423 ), #424 );
#176 = STYLED_ITEM( '', ( #425 ), #426 );
#177 = STYLED_ITEM( '', ( #427 ), #428 );
#178 = STYLED_ITEM( '', ( #429 ), #430 );
#179 = STYLED_ITEM( '', ( #431 ), #432 );
#180 = STYLED_ITEM( '', ( #433 ), #434 );
#181 = STYLED_ITEM( '', ( #435 ), #436 );
#182 = STYLED_ITEM( '', ( #437 ), #438 );
#183 = STYLED_ITEM( '', ( #439 ), #440 );
#184 = STYLED_ITEM( '', ( #441 ), #442 );
#185 = STYLED_ITEM( '', ( #443 ), #444 );
#186 = STYLED_ITEM( '', ( #445 ), #446 );
#187 = STYLED_ITEM( '', ( #447 ), #448 );
#188 = STYLED_ITEM( '', ( #449 ), #450 );
#189 = STYLED_ITEM( '', ( #451 ), #452 );
#190 = STYLED_ITEM( '', ( #453 ), #454 );
#191 = STYLED_ITEM( '', ( #455 ), #456 );
#192 = STYLED_ITEM( '', ( #457 ), #458 );
#193 = STYLED_ITEM( '', ( #459 ), #460 );
#194 = STYLED_ITEM( '', ( #461 ), #462 );
#195 = STYLED_ITEM( '', ( #463 ), #464 );
#196 = STYLED_ITEM( '', ( #465 ), #466 );
#197 = STYLED_ITEM( '', ( #467 ), #468 );
#198 = STYLED_ITEM( '', ( #469 ), #470 );
#199 = STYLED_ITEM( '', ( #471 ), #472 );
#200 = STYLED_ITEM( '', ( #473 ), #474 );
#203 = UNCERTAINTY_MEASURE_WITH_UNIT( LENGTH_MEASURE( 1.00000000000000E-06 ), #205, '', '' );
#205 =  ( CONVERSION_BASED_UNIT( 'METRE', #477 )LENGTH_UNIT(  )NAMED_UNIT( #480 ) );
#206 =  ( NAMED_UNIT( #482 )PLANE_ANGLE_UNIT(  )SI_UNIT( $, .RADIAN. ) );
#207 =  ( NAMED_UNIT( #482 )SI_UNIT( $, .STERADIAN. )SOLID_ANGLE_UNIT(  ) );
#209 = PRODUCT( 'Assem1', 'Assem1', 'PART-Assem1-DESC', ( #488 ) );
#210 = PRODUCT_DEFINITION( 'NONE', 'NONE', #489, #1 );
#211 = AXIS2_PLACEMENT_3D( '', #490, #491, #492 );
#212 = AXIS2_PLACEMENT_3D( '', #493, #494, #495 );
#213 = AXIS2_PLACEMENT_3D( '', #496, #497, #498 );
#214 = AXIS2_PLACEMENT_3D( '', #499, #500, #501 );
#215 = AXIS2_PLACEMENT_3D( '', #502, #503, #504 );
#216 = AXIS2_PLACEMENT_3D( '', #505, #506, #507 );
#217 = AXIS2_PLACEMENT_3D( '', #508, #509, #510 );
#218 = AXIS2_PLACEMENT_3D( '', #511, #512, #513 );
#219 = AXIS2_PLACEMENT_3D( '', #514, #515, #516 );
#220 = AXIS2_PLACEMENT_3D( '', #517, #518, #519 );
#221 = AXIS2_PLACEMENT_3D( '', #520, #521, #522 );
#222 =  ( GEOMETRIC_REPRESENTATION_CONTEXT( 3 )GLOBAL_UNCERTAINTY_ASSIGNED_CONTEXT( ( #525 ) )GLOBAL_UNIT_ASSIGNED_CONTEXT( ( #527, #528, #529 ) )REPRESENTATION_CONTEXT( 'NONE', 'WORKSPACE' ) );
#223 = PRODUCT( 'Part 1', 'Part 1', 'PART-Part 1-DESC', ( #488 ) );
#226 = ITEM_DEFINED_TRANSFORMATION( '', '', #211, #212 );
#228 = NEXT_ASSEMBLY_USAGE_OCCURRENCE( 'NAUO1', 'Part 1', 'Part 1', #210, #229, $ );
#229 = PRODUCT_DEFINITION( 'Part 1', 'Part 1', #531, #1 );
#230 = MANIFOLD_SOLID_BREP( 'Part 1', #532 );
#231 = PRODUCT( 'Part 1', 'Part 1', 'PART-Part 1-DESC', ( #488 ) );
#234 = ITEM_DEFINED_TRANSFORMATION( '', '', #211, #213 );
#236 = NEXT_ASSEMBLY_USAGE_OCCURRENCE( 'NAUO2', 'Part 1', 'Part 1', #210, #237, $ );
#237 = PRODUCT_DEFINITION( 'Part 1', 'Part 1', #533, #1 );
#238 = MANIFOLD_SOLID_BREP( 'Part 1', #534 );
#239 = PRODUCT( 'Part 2', 'Part 2', 'PART-Part 2-DESC', ( #488 ) );
#242 = ITEM_DEFINED_TRANSFORMATION( '', '', #211, #214 );
#244 = NEXT_ASSEMBLY_USAGE_OCCURRENCE( 'NAUO3', 'Part 2', 'Part 2', #210, #245, $ );
#245 = PRODUCT_DEFINITION( 'Part 2', 'Part 2', #535, #1 );
#246 = MANIFOLD_SOLID_BREP( 'Part 2', #536 );
#247 = PRODUCT( 'Part 3', 'Part 3', 'PART-Part 3-DESC', ( #488 ) );
#250 = ITEM_DEFINED_TRANSFORMATION( '', '', #211, #215 );
#252 = NEXT_ASSEMBLY_USAGE_OCCURRENCE( 'NAUO4', 'Part 3', 'Part 3', #210, #253, $ );
#253 = PRODUCT_DEFINITION( 'Part 3', 'Part 3', #537, #1 );
#254 = MANIFOLD_SOLID_BREP( 'Part 3', #538 );
#255 = PRODUCT( 'Part 4', 'Part 4', 'PART-Part 4-DESC', ( #488 ) );
#258 = ITEM_DEFINED_TRANSFORMATION( '', '', #211, #216 );
#260 = NEXT_ASSEMBLY_USAGE_OCCURRENCE( 'NAUO5', 'Part 4', 'Part 4', #210, #261, $ );
#261 = PRODUCT_DEFINITION( 'Part 4', 'Part 4', #539, #1 );
#262 = MANIFOLD_SOLID_BREP( 'Part 4', #540 );
#263 = PRODUCT( 'Part 5', 'Part 5', 'PART-Part 5-DESC', ( #488 ) );
#266 = ITEM_DEFINED_TRANSFORMATION( '', '', #211, #217 );
#268 = NEXT_ASSEMBLY_USAGE_OCCURRENCE( 'NAUO6', 'Part 5', 'Part 5', #210, #269, $ );
#269 = PRODUCT_DEFINITION( 'Part 5', 'Part 5', #541, #1 );
#270 = MANIFOLD_SOLID_BREP( 'Part 5', #542 );
#271 = PRODUCT( 'Part 6', 'Part 6', 'PART-Part 6-DESC', ( #488 ) );
#274 = ITEM_DEFINED_TRANSFORMATION( '', '', #211, #218 );
#276 = NEXT_ASSEMBLY_USAGE_OCCURRENCE( 'NAUO7', 'Part 6', 'Part 6', #210, #277, $ );
#277 = PRODUCT_DEFINITION( 'Part 6', 'Part 6', #543, #1 );
#278 = MANIFOLD_SOLID_BREP( 'Part 6', #544 );
#279 = PRODUCT( 'Part 7', 'Part 7', 'PART-Part 7-DESC', ( #488 ) );
#282 = ITEM_DEFINED_TRANSFORMATION( '', '', #211, #219 );
#284 = NEXT_ASSEMBLY_USAGE_OCCURRENCE( 'NAUO8', 'Part 7', 'Part 7', #210, #285, $ );
#285 = PRODUCT_DEFINITION( 'Part 7', 'Part 7', #545, #1 );
#286 = MANIFOLD_SOLID_BREP( 'Part 7', #546 );
#287 = PRODUCT( 'Part 8', 'Part 8', 'PART-Part 8-DESC', ( #488 ) );
#290 = ITEM_DEFINED_TRANSFORMATION( '', '', #211, #220 );
#292 = NEXT_ASSEMBLY_USAGE_OCCURRENCE( 'NAUO9', 'Part 8', 'Part 8', #210, #293, $ );
#293 = PRODUCT_DEFINITION( 'Part 8', 'Part 8', #547, #1 );
#294 = MANIFOLD_SOLID_BREP( 'Part 8', #548 );
#295 = PRODUCT( 'Part 9', 'Part 9', 'PART-Part 9-DESC', ( #488 ) );
#298 = ITEM_DEFINED_TRANSFORMATION( '', '', #211, #221 );
#300 = NEXT_ASSEMBLY_USAGE_OCCURRENCE( 'NAUO10', 'Part 9', 'Part 9', #210, #301, $ );
#301 = PRODUCT_DEFINITION( 'Part 9', 'Part 9', #549, #1 );
#302 = MANIFOLD_SOLID_BREP( 'Part 9', #550 );
#303 = PRESENTATION_STYLE_ASSIGNMENT( ( #551 ) );
#304 = ADVANCED_FACE( '', ( #552 ), #553, .T. );
#305 = PRESENTATION_STYLE_ASSIGNMENT( ( #554 ) );
#306 = ADVANCED_FACE( '', ( #555 ), #556, .T. );
#307 = PRESENTATION_STYLE_ASSIGNMENT( ( #557 ) );
#308 = ADVANCED_FACE( '', ( #558 ), #559, .F. );
#309 = PRESENTATION_STYLE_ASSIGNMENT( ( #560 ) );
#310 = ADVANCED_FACE( '', ( #561 ), #562, .T. );
#311 = PRESENTATION_STYLE_ASSIGNMENT( ( #563 ) );
#312 = ADVANCED_FACE( '', ( #564 ), #565, .T. );
#313 = PRESENTATION_STYLE_ASSIGNMENT( ( #566 ) );
#314 = ADVANCED_FACE( '', ( #567 ), #568, .T. );
#315 = PRESENTATION_STYLE_ASSIGNMENT( ( #569 ) );
#316 = ADVANCED_FACE( '', ( #570 ), #571, .F. );
#317 = PRESENTATION_STYLE_ASSIGNMENT( ( #572 ) );
#318 = ADVANCED_FACE( '', ( #573 ), #574, .F. );
#319 = PRESENTATION_STYLE_ASSIGNMENT( ( #575 ) );
#320 = ADVANCED_FACE( '', ( #576 ), #577, .T. );
#321 = PRESENTATION_STYLE_ASSIGNMENT( ( #578 ) );
#322 = ADVANCED_FACE( '', ( #579 ), #580, .F. );
#323 = PRESENTATION_STYLE_ASSIGNMENT( ( #581 ) );
#324 = ADVANCED_FACE( '', ( #582 ), #583, .F. );
#325 = PRESENTATION_STYLE_ASSIGNMENT( ( #584 ) );
#326 = ADVANCED_FACE( '', ( #585 ), #586, .T. );
#327 = PRESENTATION_STYLE_ASSIGNMENT( ( #587 ) );
#328 = ADVANCED_FACE( '', ( #588 ), #589, .T. );
#329 = PRESENTATION_STYLE_ASSIGNMENT( ( #590 ) );
#330 = ADVANCED_FACE( '', ( #591 ), #592, .T. );
#331 = PRESENTATION_STYLE_ASSIGNMENT( ( #593 ) );
#332 = ADVANCED_FACE( '', ( #594 ), #595, .F. );
#333 = PRESENTATION_STYLE_ASSIGNMENT( ( #596 ) );
#334 = ADVANCED_FACE( '', ( #597 ), #598, .F. );
#335 = PRESENTATION_STYLE_ASSIGNMENT( ( #599 ) );
#336 = ADVANCED_FACE( '', ( #600 ), #601, .F. );
#337 = PRESENTATION_STYLE_ASSIGNMENT( ( #602 ) );
#338 = ADVANCED_FACE( '', ( #603 ), #604, .F. );
#339 = PRESENTATION_STYLE_ASSIGNMENT( ( #605 ) );
#340 = ADVANCED_FACE( '', ( #606 ), #607, .T. );
#341 = PRESENTATION_STYLE_ASSIGNMENT( ( #608 ) );
#342 = ADVANCED_FACE( '', ( #609 ), #610, .F. );
#343 = PRESENTATION_STYLE_ASSIGNMENT( ( #611 ) );
#344 = ADVANCED_FACE( '', ( #612 ), #613, .T. );
#345 = PRESENTATION_STYLE_ASSIGNMENT( ( #614 ) );
#346 = ADVANCED_FACE( '', ( #615 ), #616, .F. );
#347 = PRESENTATION_STYLE_ASSIGNMENT( ( #617 ) );
#348 = ADVANCED_FACE( '', ( #618 ), #619, .T. );
#349 = PRESENTATION_STYLE_ASSIGNMENT( ( #620 ) );
#350 = ADVANCED_FACE( '', ( #621 ), #622, .T. );
#351 = PRESENTATION_STYLE_ASSIGNMENT( ( #623 ) );
#352 = ADVANCED_FACE( '', ( #624 ), #625, .T. );
#353 = PRESENTATION_STYLE_ASSIGNMENT( ( #626 ) );
#354 = ADVANCED_FACE( '', ( #627 ), #628, .T. );
#355 = PRESENTATION_STYLE_ASSIGNMENT( ( #629 ) );
#356 = ADVANCED_FACE( '', ( #630 ), #631, .F. );
#357 = PRESENTATION_STYLE_ASSIGNMENT( ( #632 ) );
#358 = ADVANCED_FACE( '', ( #633 ), #634, .F. );
#359 = PRESENTATION_STYLE_ASSIGNMENT( ( #635 ) );
#360 = ADVANCED_FACE( '', ( #636 ), #637, .T. );
#361 = PRESENTATION_STYLE_ASSIGNMENT( ( #638 ) );
#362 = ADVANCED_FACE( '', ( #639 ), #640, .T. );
#363 = PRESENTATION_STYLE_ASSIGNMENT( ( #641 ) );
#364 = ADVANCED_FACE( '', ( #642 ), #643, .T. );
#365 = PRESENTATION_STYLE_ASSIGNMENT( ( #644 ) );
#366 = ADVANCED_FACE( '', ( #645 ), #646, .T. );
#367 = PRESENTATION_STYLE_ASSIGNMENT( ( #647 ) );
#368 = ADVANCED_FACE( '', ( #648 ), #649, .T. );
#369 = PRESENTATION_STYLE_ASSIGNMENT( ( #650 ) );
#370 = ADVANCED_FACE( '', ( #651 ), #652, .T. );
#371 = PRESENTATION_STYLE_ASSIGNMENT( ( #653 ) );
#372 = ADVANCED_FACE( '', ( #654 ), #655, .T. );
#373 = PRESENTATION_STYLE_ASSIGNMENT( ( #656 ) );
#374 = ADVANCED_FACE( '', ( #657 ), #658, .T. );
#375 = PRESENTATION_STYLE_ASSIGNMENT( ( #659 ) );
#376 = ADVANCED_FACE( '', ( #660 ), #661, .T. );
#377 = PRESENTATION_STYLE_ASSIGNMENT( ( #662 ) );
#378 = ADVANCED_FACE( '', ( #663 ), #664, .T. );
#379 = PRESENTATION_STYLE_ASSIGNMENT( ( #665 ) );
#380 = ADVANCED_FACE( '', ( #666 ), #667, .T. );
#381 = PRESENTATION_STYLE_ASSIGNMENT( ( #668 ) );
#382 = ADVANCED_FACE( '', ( #669 ), #670, .F. );
#383 = PRESENTATION_STYLE_ASSIGNMENT( ( #671 ) );
#384 = ADVANCED_FACE( '', ( #672 ), #673, .T. );
#385 = PRESENTATION_STYLE_ASSIGNMENT( ( #674 ) );
#386 = ADVANCED_FACE( '', ( #675 ), #676, .T. );
#387 = PRESENTATION_STYLE_ASSIGNMENT( ( #677 ) );
#388 = ADVANCED_FACE( '', ( #678 ), #679, .T. );
#389 = PRESENTATION_STYLE_ASSIGNMENT( ( #680 ) );
#390 = ADVANCED_FACE( '', ( #681 ), #682, .F. );
#391 = PRESENTATION_STYLE_ASSIGNMENT( ( #683 ) );
#392 = ADVANCED_FACE( '', ( #684 ), #685, .F. );
#393 = PRESENTATION_STYLE_ASSIGNMENT( ( #686 ) );
#394 = ADVANCED_FACE( '', ( #687 ), #688, .T. );
#395 = PRESENTATION_STYLE_ASSIGNMENT( ( #689 ) );
#396 = ADVANCED_FACE( '', ( #690 ), #691, .F. );
#397 = PRESENTATION_STYLE_ASSIGNMENT( ( #692 ) );
#398 = ADVANCED_FACE( '', ( #693 ), #694, .T. );
#399 = PRESENTATION_STYLE_ASSIGNMENT( ( #695 ) );
#400 = ADVANCED_FACE( '', ( #696 ), #697, .T. );
#401 = PRESENTATION_STYLE_ASSIGNMENT( ( #698 ) );
#402 = ADVANCED_FACE( '', ( #699 ), #700, .F. );
#403 = PRESENTATION_STYLE_ASSIGNMENT( ( #701 ) );
#404 = ADVANCED_FACE( '', ( #702 ), #703, .T. );
#405 = PRESENTATION_STYLE_ASSIGNMENT( ( #704 ) );
#406 = ADVANCED_FACE( '', ( #705 ), #706, .T. );
#407 = PRESENTATION_STYLE_ASSIGNMENT( ( #707 ) );
#408 = ADVANCED_FACE( '', ( #708 ), #709, .T. );
#409 = PRESENTATION_STYLE_ASSIGNMENT( ( #710 ) );
#410 = ADVANCED_FACE( '', ( #711 ), #712, .T. );
#411 = PRESENTATION_STYLE_ASSIGNMENT( ( #713 ) );
#412 = ADVANCED_FACE( '', ( #714 ), #715, .T. );
#413 = PRESENTATION_STYLE_ASSIGNMENT( ( #716 ) );
#414 = ADVANCED_FACE( '', ( #717 ), #718, .T. );
#415 = PRESENTATION_STYLE_ASSIGNMENT( ( #719 ) );
#416 = ADVANCED_FACE( '', ( #720 ), #721, .F. );
#417 = PRESENTATION_STYLE_ASSIGNMENT( ( #722 ) );
#418 = ADVANCED_FACE( '', ( #723 ), #724, .T. );
#419 = PRESENTATION_STYLE_ASSIGNMENT( ( #725 ) );
#420 = ADVANCED_FACE( '', ( #726 ), #727, .T. );
#421 = PRESENTATION_STYLE_ASSIGNMENT( ( #728 ) );
#422 = ADVANCED_FACE( '', ( #729 ), #730, .T. );
#423 = PRESENTATION_STYLE_ASSIGNMENT( ( #731 ) );
#424 = ADVANCED_FACE( '', ( #732 ), #733, .F. );
#425 = PRESENTATION_STYLE_ASSIGNMENT( ( #734 ) );
#426 = ADVANCED_FACE( '', ( #735 ), #736, .T. );
#427 = PRESENTATION_STYLE_ASSIGNMENT( ( #737 ) );
#428 = ADVANCED_FACE( '', ( #738 ), #739, .F. );
#429 = PRESENTATION_STYLE_ASSIGNMENT( ( #740 ) );
#430 = ADVANCED_FACE( '', ( #741 ), #742, .T. );
#431 = PRESENTATION_STYLE_ASSIGNMENT( ( #743 ) );
#432 = ADVANCED_FACE( '', ( #744 ), #745, .F. );
#433 = PRESENTATION_STYLE_ASSIGNMENT( ( #746 ) );
#434 = ADVANCED_FACE( '', ( #747 ), #748, .T. );
#435 = PRESENTATION_STYLE_ASSIGNMENT( ( #749 ) );
#436 = ADVANCED_FACE( '', ( #750 ), #751, .T. );
#437 = PRESENTATION_STYLE_ASSIGNMENT( ( #752 ) );
#438 = ADVANCED_FACE( '', ( #753 ), #754, .T. );
#439 = PRESENTATION_STYLE_ASSIGNMENT( ( #755 ) );
#440 = ADVANCED_FACE( '', ( #756 ), #757, .F. );
#441 = PRESENTATION_STYLE_ASSIGNMENT( ( #758 ) );
#442 = ADVANCED_FACE( '', ( #759 ), #760, .T. );
#443 = PRESENTATION_STYLE_ASSIGNMENT( ( #761 ) );
#444 = ADVANCED_FACE( '', ( #762 ), #763, .T. );
#445 = PRESENTATION_STYLE_ASSIGNMENT( ( #764 ) );
#446 = ADVANCED_FACE( '', ( #765 ), #766, .F. );
#447 = PRESENTATION_STYLE_ASSIGNMENT( ( #767 ) );
#448 = ADVANCED_FACE( '', ( #768 ), #769, .T. );
#449 = PRESENTATION_STYLE_ASSIGNMENT( ( #770 ) );
#450 = ADVANCED_FACE( '', ( #771 ), #772, .F. );
#451 = PRESENTATION_STYLE_ASSIGNMENT( ( #773 ) );
#452 = ADVANCED_FACE( '', ( #774 ), #775, .F. );
#453 = PRESENTATION_STYLE_ASSIGNMENT( ( #776 ) );
#454 = ADVANCED_FACE( '', ( #777 ), #778, .T. );
#455 = PRESENTATION_STYLE_ASSIGNMENT( ( #779 ) );
#456 = ADVANCED_FACE( '', ( #780 ), #781, .T. );
#457 = PRESENTATION_STYLE_ASSIGNMENT( ( #782 ) );
#458 = ADVANCED_FACE( '', ( #783 ), #784, .T. );
#459 = PRESENTATION_STYLE_ASSIGNMENT( ( #785 ) );
#460 = ADVANCED_FACE( '', ( #786 ), #787, .F. );
#461 = PRESENTATION_STYLE_ASSIGNMENT( ( #788 ) );
#462 = ADVANCED_FACE( '', ( #789 ), #790, .F. );
#463 = PRESENTATION_STYLE_ASSIGNMENT( ( #791 ) );
#464 = ADVANCED_FACE( '', ( #792 ), #793, .F. );
#465 = PRESENTATION_STYLE_ASSIGNMENT( ( #794 ) );
#466 = ADVANCED_FACE( '', ( #795 ), #796, .T. );
#467 = PRESENTATION_STYLE_ASSIGNMENT( ( #797 ) );
#468 = ADVANCED_FACE( '', ( #798 ), #799, .T. );
#469 = PRESENTATION_STYLE_ASSIGNMENT( ( #800 ) );
#470 = ADVANCED_FACE( '', ( #801 ), #802, .F. );
#471 = PRESENTATION_STYLE_ASSIGNMENT( ( #803 ) );
#472 = ADVANCED_FACE( '', ( #804 ), #805, .T. );
#473 = PRESENTATION_STYLE_ASSIGNMENT( ( #806 ) );
#474 = ADVANCED_FACE( '', ( #807 ), #808, .T. );
#477 = LENGTH_MEASURE_WITH_UNIT( LENGTH_MEASURE( 1.00000000000000 ), #809 );
#480 = DIMENSIONAL_EXPONENTS( 1.00000000000000, 0.00000000000000, 0.00000000000000, 0.00000000000000, 0.00000000000000, 0.00000000000000, 0.00000000000000 );
#482 = DIMENSIONAL_EXPONENTS( 0.00000000000000, 0.00000000000000, 0.00000000000000, 0.00000000000000, 0.00000000000000, 0.00000000000000, 0.00000000000000 );
#488 = PRODUCT_CONTEXT( '', #50, 'mechanical' );
#489 = PRODUCT_DEFINITION_FORMATION_WITH_SPECIFIED_SOURCE( ' ', 'NONE', #209, .NOT_KNOWN. );
#490 = CARTESIAN_POINT( '', ( 0.00000000000000, 0.00000000000000, 0.00000000000000 ) );
#491 = DIRECTION( '', ( 0.00000000000000, 0.00000000000000, 1.00000000000000 ) );
#492 = DIRECTION( '', ( 1.00000000000000, 0.00000000000000, 0.00000000000000 ) );
#493 = CARTESIAN_POINT( '', ( 0.00000000000000, 0.00000000000000, 5.00000000000000E-05 ) );
#494 = DIRECTION( '', ( 0.00000000000000, 0.00000000000000, 1.00000000000000 ) );
#495 = DIRECTION( '', ( 1.00000000000000, 0.00000000000000, 0.00000000000000 ) );
#496 = CARTESIAN_POINT( '', ( 0.00000000000000, 0.00000000000000, 0.00000000000000 ) );
#497 = DIRECTION( '', ( 0.00000000000000, 0.00000000000000, 1.00000000000000 ) );
#498 = DIRECTION( '', ( 1.00000000000000, 0.00000000000000, 0.00000000000000 ) );
#499 = CARTESIAN_POINT( '', ( 0.00000000000000, 0.00000000000000, 0.00000000000000 ) );
#500 = DIRECTION( '', ( 0.00000000000000, 0.00000000000000, 1.00000000000000 ) );
#501 = DIRECTION( '', ( 1.00000000000000, 0.00000000000000, 0.00000000000000 ) );
#502 = CARTESIAN_POINT( '', ( 0.00000000000000, 0.00000000000000, 0.00000000000000 ) );
#503 = DIRECTION( '', ( 0.00000000000000, 0.00000000000000, 1.00000000000000 ) );
#504 = DIRECTION( '', ( 1.00000000000000, 0.00000000000000, 0.00000000000000 ) );
#505 = CARTESIAN_POINT( '', ( 0.00000000000000, 0.00000000000000, 0.00000000000000 ) );
#506 = DIRECTION( '', ( 0.00000000000000, 0.00000000000000, 1.00000000000000 ) );
#507 = DIRECTION( '', ( 1.00000000000000, 0.00000000000000, 0.00000000000000 ) );
#508 = CARTESIAN_POINT( '', ( 0.00000000000000, 0.00000000000000, 0.00000000000000 ) );
#509 = DIRECTION( '', ( 0.00000000000000, 0.00000000000000, 1.00000000000000 ) );
#510 = DIRECTION( '', ( 1.00000000000000, 0.00000000000000, 0.00000000000000 ) );
#511 = CARTESIAN_POINT( '', ( 0.00000000000000, 0.00000000000000, 0.00000000000000 ) );
#512 = DIRECTION( '', ( 0.00000000000000, 0.00000000000000, 1.00000000000000 ) );
#513 = DIRECTION( '', ( 1.00000000000000, 0.00000000000000, 0.00000000000000 ) );
#514 = CARTESIAN_POINT( '', ( 0.00000000000000, 0.00000000000000, 0.00000000000000 ) );
#515 = DIRECTION( '', ( 0.00000000000000, 0.00000000000000, 1.00000000000000 ) );
#516 = DIRECTION( '', ( 1.00000000000000, 0.00000000000000, 0.00000000000000 ) );
#517 = CARTESIAN_POINT( '', ( 0.00000000000000, 0.00000000000000, 0.00000000000000 ) );
#518 = DIRECTION( '', ( 0.00000000000000, 0.00000000000000, 1.00000000000000 ) );
#519 = DIRECTION( '', ( 1.00000000000000, 0.00000000000000, 0.00000000000000 ) );
#520 = CARTESIAN_POINT( '', ( 0.00000000000000, 0.00000000000000, 0.00000000000000 ) );
#521 = DIRECTION( '', ( 0.00000000000000, 0.00000000000000, 1.00000000000000 ) );
#522 = DIRECTION( '', ( 1.00000000000000, 0.00000000000000, 0.00000000000000 ) );
#525 = UNCERTAINTY_MEASURE_WITH_UNIT( LENGTH_MEASURE( 1.00000000000000E-06 ), #527, '', '' );
#527 =  ( CONVERSION_BASED_UNIT( 'METRE', #812 )LENGTH_UNIT(  )NAMED_UNIT( #815 ) );
#528 =  ( NAMED_UNIT( #817 )PLANE_ANGLE_UNIT(  )SI_UNIT( $, .RADIAN. ) );
#529 =  ( NAMED_UNIT( #817 )SI_UNIT( $, .STERADIAN. )SOLID_ANGLE_UNIT(  ) );
#531 = PRODUCT_DEFINITION_FORMATION_WITH_SPECIFIED_SOURCE( ' ', 'NONE', #223, .NOT_KNOWN. );
#532 = CLOSED_SHELL( '', ( #344, #308, #328, #364, #464, #306, #374, #312, #376, #422, #330, #408, #352, #442, #400, #370, #380, #346 ) );
#533 = PRODUCT_DEFINITION_FORMATION_WITH_SPECIFIED_SOURCE( ' ', 'NONE', #231, .NOT_KNOWN. );
#534 = CLOSED_SHELL( '', ( #472, #434, #360, #340, #462, #320, #378, #386, #342, #474, #458, #322 ) );
#535 = PRODUCT_DEFINITION_FORMATION_WITH_SPECIFIED_SOURCE( ' ', 'NONE', #239, .NOT_KNOWN. );
#536 = CLOSED_SHELL( '', ( #444, #358, #334, #310, #396, #426, #420 ) );
#537 = PRODUCT_DEFINITION_FORMATION_WITH_SPECIFIED_SOURCE( ' ', 'NONE', #247, .NOT_KNOWN. );
#538 = CLOSED_SHELL( '', ( #414, #390, #382, #304, #440, #326, #366 ) );
#539 = PRODUCT_DEFINITION_FORMATION_WITH_SPECIFIED_SOURCE( ' ', 'NONE', #255, .NOT_KNOWN. );
#540 = CLOSED_SHELL( '', ( #398, #336, #402, #448, #404, #424, #406 ) );
#541 = PRODUCT_DEFINITION_FORMATION_WITH_SPECIFIED_SOURCE( ' ', 'NONE', #263, .NOT_KNOWN. );
#542 = CLOSED_SHELL( '', ( #438, #432, #318, #430, #454, #324, #354 ) );
#543 = PRODUCT_DEFINITION_FORMATION_WITH_SPECIFIED_SOURCE( ' ', 'NONE', #271, .NOT_KNOWN. );
#544 = CLOSED_SHELL( '', ( #436, #452, #416, #418, #332, #384, #314 ) );
#545 = PRODUCT_DEFINITION_FORMATION_WITH_SPECIFIED_SOURCE( ' ', 'NONE', #279, .NOT_KNOWN. );
#546 = CLOSED_SHELL( '', ( #362, #450, #460, #410, #316, #350, #348 ) );
#547 = PRODUCT_DEFINITION_FORMATION_WITH_SPECIFIED_SOURCE( ' ', 'NONE', #287, .NOT_KNOWN. );
#548 = CLOSED_SHELL( '', ( #368, #456, #446, #428, #388, #372, #470 ) );
#549 = PRODUCT_DEFINITION_FORMATION_WITH_SPECIFIED_SOURCE( ' ', 'NONE', #295, .NOT_KNOWN. );
#550 = CLOSED_SHELL( '', ( #468, #466, #338, #392, #394, #412, #356 ) );
#551 = SURFACE_STYLE_USAGE( .BOTH., #823 );
#552 = FACE_OUTER_BOUND( '', #824, .T. );
#553 = PLANE( '', #825 );
#554 = SURFACE_STYLE_USAGE( .BOTH., #826 );
#555 = FACE_OUTER_BOUND( '', #827, .T. );
#556 = CYLINDRICAL_SURFACE( '', #828, 5.00000000000000E-05 );
#557 = SURFACE_STYLE_USAGE( .BOTH., #829 );
#558 = FACE_OUTER_BOUND( '', #830, .T. );
#559 = PLANE( '', #831 );
#560 = SURFACE_STYLE_USAGE( .BOTH., #832 );
#561 = FACE_OUTER_BOUND( '', #833, .T. );
#562 = PLANE( '', #834 );
#563 = SURFACE_STYLE_USAGE( .BOTH., #835 );
#564 = FACE_OUTER_BOUND( '', #836, .T. );
#565 = CYLINDRICAL_SURFACE( '', #837, 5.00000000000000E-05 );
#566 = SURFACE_STYLE_USAGE( .BOTH., #838 );
#567 = FACE_OUTER_BOUND( '', #839, .T. );
#568 = PLANE( '', #840 );
#569 = SURFACE_STYLE_USAGE( .BOTH., #841 );
#570 = FACE_OUTER_BOUND( '', #842, .T. );
#571 = PLANE( '', #843 );
#572 = SURFACE_STYLE_USAGE( .BOTH., #844 );
#573 = FACE_OUTER_BOUND( '', #845, .T. );
#574 = PLANE( '', #846 );
#575 = SURFACE_STYLE_USAGE( .BOTH., #847 );
#576 = FACE_OUTER_BOUND( '', #848, .T. );
#577 = PLANE( '', #849 );
#578 = SURFACE_STYLE_USAGE( .BOTH., #850 );
#579 = FACE_OUTER_BOUND( '', #851, .T. );
#580 = PLANE( '', #852 );
#581 = SURFACE_STYLE_USAGE( .BOTH., #853 );
#582 = FACE_OUTER_BOUND( '', #854, .T. );
#583 = PLANE( '', #855 );
#584 = SURFACE_STYLE_USAGE( .BOTH., #856 );
#585 = FACE_OUTER_BOUND( '', #857, .T. );
#586 = PLANE( '', #858 );
#587 = SURFACE_STYLE_USAGE( .BOTH., #859 );
#588 = FACE_OUTER_BOUND( '', #860, .T. );
#589 = PLANE( '', #861 );
#590 = SURFACE_STYLE_USAGE( .BOTH., #862 );
#591 = FACE_OUTER_BOUND( '', #863, .T. );
#592 = SPHERICAL_SURFACE( '', #864, 5.00000000000000E-05 );
#593 = SURFACE_STYLE_USAGE( .BOTH., #865 );
#594 = FACE_OUTER_BOUND( '', #866, .T. );
#595 = PLANE( '', #867 );
#596 = SURFACE_STYLE_USAGE( .BOTH., #868 );
#597 = FACE_OUTER_BOUND( '', #869, .T. );
#598 = PLANE( '', #870 );
#599 = SURFACE_STYLE_USAGE( .BOTH., #871 );
#600 = FACE_OUTER_BOUND( '', #872, .T. );
#601 = PLANE( '', #873 );
#602 = SURFACE_STYLE_USAGE( .BOTH., #874 );
#603 = FACE_OUTER_BOUND( '', #875, .T. );
#604 = PLANE( '', #876 );
#605 = SURFACE_STYLE_USAGE( .BOTH., #877 );
#606 = FACE_OUTER_BOUND( '', #878, .T. );
#607 = PLANE( '', #879 );
#608 = SURFACE_STYLE_USAGE( .BOTH., #880 );
#609 = FACE_OUTER_BOUND( '', #881, .T. );
#610 = PLANE( '', #882 );
#611 = SURFACE_STYLE_USAGE( .BOTH., #883 );
#612 = FACE_OUTER_BOUND( '', #884, .T. );
#613 = PLANE( '', #885 );
#614 = SURFACE_STYLE_USAGE( .BOTH., #886 );
#615 = FACE_OUTER_BOUND( '', #887, .T. );
#616 = PLANE( '', #888 );
#617 = SURFACE_STYLE_USAGE( .BOTH., #889 );
#618 = FACE_OUTER_BOUND( '', #890, .T. );
#619 = PLANE( '', #891 );
#620 = SURFACE_STYLE_USAGE( .BOTH., #892 );
#621 = FACE_OUTER_BOUND( '', #893, .T. );
#622 = PLANE( '', #894 );
#623 = SURFACE_STYLE_USAGE( .BOTH., #895 );
#624 = FACE_OUTER_BOUND( '', #896, .T. );
#625 = CYLINDRICAL_SURFACE( '', #897, 5.00000000000000E-05 );
#626 = SURFACE_STYLE_USAGE( .BOTH., #898 );
#627 = FACE_OUTER_BOUND( '', #899, .T. );
#628 = PLANE( '', #900 );
#629 = SURFACE_STYLE_USAGE( .BOTH., #901 );
#630 = FACE_OUTER_BOUND( '', #902, .T. );
#631 = PLANE( '', #903 );
#632 = SURFACE_STYLE_USAGE( .BOTH., #904 );
#633 = FACE_OUTER_BOUND( '', #905, .T. );
#634 = PLANE( '', #906 );
#635 = SURFACE_STYLE_USAGE( .BOTH., #907 );
#636 = FACE_OUTER_BOUND( '', #908, .T. );
#637 = CYLINDRICAL_SURFACE( '', #909, 6.00000000000000E-05 );
#638 = SURFACE_STYLE_USAGE( .BOTH., #910 );
#639 = FACE_OUTER_BOUND( '', #911, .T. );
#640 = CYLINDRICAL_SURFACE( '', #912, 4.00000000000000E-05 );
#641 = SURFACE_STYLE_USAGE( .BOTH., #913 );
#642 = FACE_OUTER_BOUND( '', #914, .T. );
#643 = PLANE( '', #915 );
#644 = SURFACE_STYLE_USAGE( .BOTH., #916 );
#645 = FACE_OUTER_BOUND( '', #917, .T. );
#646 = PLANE( '', #918 );
#647 = SURFACE_STYLE_USAGE( .BOTH., #919 );
#648 = FACE_OUTER_BOUND( '', #920, .T. );
#649 = CYLINDRICAL_SURFACE( '', #921, 4.00000000000000E-05 );
#650 = SURFACE_STYLE_USAGE( .BOTH., #922 );
#651 = FACE_OUTER_BOUND( '', #923, .T. );
#652 = SPHERICAL_SURFACE( '', #924, 5.00000000000000E-05 );
#653 = SURFACE_STYLE_USAGE( .BOTH., #925 );
#654 = FACE_OUTER_BOUND( '', #926, .T. );
#655 = PLANE( '', #927 );
#656 = SURFACE_STYLE_USAGE( .BOTH., #928 );
#657 = FACE_OUTER_BOUND( '', #929, .T. );
#658 = SPHERICAL_SURFACE( '', #930, 5.00000000000000E-05 );
#659 = SURFACE_STYLE_USAGE( .BOTH., #931 );
#660 = FACE_OUTER_BOUND( '', #932, .T. );
#661 = CYLINDRICAL_SURFACE( '', #933, 5.00000000000000E-05 );
#662 = SURFACE_STYLE_USAGE( .BOTH., #934 );
#663 = FACE_OUTER_BOUND( '', #935, .T. );
#664 = CYLINDRICAL_SURFACE( '', #936, 6.00000000000000E-05 );
#665 = SURFACE_STYLE_USAGE( .BOTH., #937 );
#666 = FACE_OUTER_BOUND( '', #938, .T. );
#667 = CYLINDRICAL_SURFACE( '', #939, 5.00000000000000E-05 );
#668 = SURFACE_STYLE_USAGE( .BOTH., #940 );
#669 = FACE_OUTER_BOUND( '', #941, .T. );
#670 = PLANE( '', #942 );
#671 = SURFACE_STYLE_USAGE( .BOTH., #943 );
#672 = FACE_OUTER_BOUND( '', #944, .T. );
#673 = PLANE( '', #945 );
#674 = SURFACE_STYLE_USAGE( .BOTH., #946 );
#675 = FACE_OUTER_BOUND( '', #947, .T. );
#676 = CYLINDRICAL_SURFACE( '', #948, 6.00000000000000E-05 );
#677 = SURFACE_STYLE_USAGE( .BOTH., #949 );
#678 = FACE_OUTER_BOUND( '', #950, .T. );
#679 = PLANE( '', #951 );
#680 = SURFACE_STYLE_USAGE( .BOTH., #952 );
#681 = FACE_OUTER_BOUND( '', #953, .T. );
#682 = PLANE( '', #954 );
#683 = SURFACE_STYLE_USAGE( .BOTH., #955 );
#684 = FACE_OUTER_BOUND( '', #956, .T. );
#685 = PLANE( '', #957 );
#686 = SURFACE_STYLE_USAGE( .BOTH., #958 );
#687 = FACE_OUTER_BOUND( '', #959, .T. );
#688 = PLANE( '', #960 );
#689 = SURFACE_STYLE_USAGE( .BOTH., #961 );
#690 = FACE_OUTER_BOUND( '', #962, .T. );
#691 = PLANE( '', #963 );
#692 = SURFACE_STYLE_USAGE( .BOTH., #964 );
#693 = FACE_OUTER_BOUND( '', #965, .T. );
#694 = CYLINDRICAL_SURFACE( '', #966, 4.00000000000000E-05 );
#695 = SURFACE_STYLE_USAGE( .BOTH., #967 );
#696 = FACE_OUTER_BOUND( '', #968, .T. );
#697 = CYLINDRICAL_SURFACE( '', #969, 5.00000000000000E-05 );
#698 = SURFACE_STYLE_USAGE( .BOTH., #970 );
#699 = FACE_OUTER_BOUND( '', #971, .T. );
#700 = PLANE( '', #972 );
#701 = SURFACE_STYLE_USAGE( .BOTH., #973 );
#702 = FACE_OUTER_BOUND( '', #974, .T. );
#703 = PLANE( '', #975 );
#704 = SURFACE_STYLE_USAGE( .BOTH., #976 );
#705 = FACE_OUTER_BOUND( '', #977, .T. );
#706 = PLANE( '', #978 );
#707 = SURFACE_STYLE_USAGE( .BOTH., #979 );
#708 = FACE_OUTER_BOUND( '', #980, .T. );
#709 = CYLINDRICAL_SURFACE( '', #981, 5.00000000000000E-05 );
#710 = SURFACE_STYLE_USAGE( .BOTH., #982 );
#711 = FACE_OUTER_BOUND( '', #983, .T. );
#712 = PLANE( '', #984 );
#713 = SURFACE_STYLE_USAGE( .BOTH., #985 );
#714 = FACE_OUTER_BOUND( '', #986, .T. );
#715 = PLANE( '', #987 );
#716 = SURFACE_STYLE_USAGE( .BOTH., #988 );
#717 = FACE_OUTER_BOUND( '', #989, .T. );
#718 = CYLINDRICAL_SURFACE( '', #990, 4.00000000000000E-05 );
#719 = SURFACE_STYLE_USAGE( .BOTH., #991 );
#720 = FACE_OUTER_BOUND( '', #992, .T. );
#721 = PLANE( '', #993 );
#722 = SURFACE_STYLE_USAGE( .BOTH., #994 );
#723 = FACE_OUTER_BOUND( '', #995, .T. );
#724 = PLANE( '', #996 );
#725 = SURFACE_STYLE_USAGE( .BOTH., #997 );
#726 = FACE_OUTER_BOUND( '', #998, .T. );
#727 = PLANE( '', #999 );
#728 = SURFACE_STYLE_USAGE( .BOTH., #1000 );
#729 = FACE_OUTER_BOUND( '', #1001, .T. );
#730 = SPHERICAL_SURFACE( '', #1002, 5.00000000000000E-05 );
#731 = SURFACE_STYLE_USAGE( .BOTH., #1003 );
#732 = FACE_OUTER_BOUND( '', #1004, .T. );
#733 = PLANE( '', #1005 );
#734 = SURFACE_STYLE_USAGE( .BOTH., #1006 );
#735 = FACE_OUTER_BOUND( '', #1007, .T. );
#736 = PLANE( '', #1008 );
#737 = SURFACE_STYLE_USAGE( .BOTH., #1009 );
#738 = FACE_OUTER_BOUND( '', #1010, .T. );
#739 = PLANE( '', #1011 );
#740 = SURFACE_STYLE_USAGE( .BOTH., #1012 );
#741 = FACE_OUTER_BOUND( '', #1013, .T. );
#742 = PLANE( '', #1014 );
#743 = SURFACE_STYLE_USAGE( .BOTH., #1015 );
#744 = FACE_OUTER_BOUND( '', #1016, .T. );
#745 = PLANE( '', #1017 );
#746 = SURFACE_STYLE_USAGE( .BOTH., #1018 );
#747 = FACE_OUTER_BOUND( '', #1019, .T. );
#748 = CYLINDRICAL_SURFACE( '', #1020, 6.00000000000000E-05 );
#749 = SURFACE_STYLE_USAGE( .BOTH., #1021 );
#750 = FACE_OUTER_BOUND( '', #1022, .T. );
#751 = CYLINDRICAL_SURFACE( '', #1023, 4.00000000000000E-05 );
#752 = SURFACE_STYLE_USAGE( .BOTH., #1024 );
#753 = FACE_OUTER_BOUND( '', #1025, .T. );
#754 = CYLINDRICAL_SURFACE( '', #1026, 4.00000000000000E-05 );
#755 = SURFACE_STYLE_USAGE( .BOTH., #1027 );
#756 = FACE_OUTER_BOUND( '', #1028, .T. );
#757 = PLANE( '', #1029 );
#758 = SURFACE_STYLE_USAGE( .BOTH., #1030 );
#759 = FACE_OUTER_BOUND( '', #1031, .T. );
#760 = CYLINDRICAL_SURFACE( '', #1032, 5.00000000000000E-05 );
#761 = SURFACE_STYLE_USAGE( .BOTH., #1033 );
#762 = FACE_OUTER_BOUND( '', #1034, .T. );
#763 = CYLINDRICAL_SURFACE( '', #1035, 4.00000000000000E-05 );
#764 = SURFACE_STYLE_USAGE( .BOTH., #1036 );
#765 = FACE_OUTER_BOUND( '', #1037, .T. );
#766 = PLANE( '', #1038 );
#767 = SURFACE_STYLE_USAGE( .BOTH., #1039 );
#768 = FACE_OUTER_BOUND( '', #1040, .T. );
#769 = PLANE( '', #1041 );
#770 = SURFACE_STYLE_USAGE( .BOTH., #1042 );
#771 = FACE_OUTER_BOUND( '', #1043, .T. );
#772 = PLANE( '', #1044 );
#773 = SURFACE_STYLE_USAGE( .BOTH., #1045 );
#774 = FACE_OUTER_BOUND( '', #1046, .T. );
#775 = PLANE( '', #1047 );
#776 = SURFACE_STYLE_USAGE( .BOTH., #1048 );
#777 = FACE_OUTER_BOUND( '', #1049, .T. );
#778 = PLANE( '', #1050 );
#779 = SURFACE_STYLE_USAGE( .BOTH., #1051 );
#780 = FACE_OUTER_BOUND( '', #1052, .T. );
#781 = PLANE( '', #1053 );
#782 = SURFACE_STYLE_USAGE( .BOTH., #1054 );
#783 = FACE_OUTER_BOUND( '', #1055, .T. );
#784 = PLANE( '', #1056 );
#785 = SURFACE_STYLE_USAGE( .BOTH., #1057 );
#786 = FACE_OUTER_BOUND( '', #1058, .T. );
#787 = PLANE( '', #1059 );
#788 = SURFACE_STYLE_USAGE( .BOTH., #1060 );
#789 = FACE_OUTER_BOUND( '', #1061, .T. );
#790 = PLANE( '', #1062 );
#791 = SURFACE_STYLE_USAGE( .BOTH., #1063 );
#792 = FACE_OUTER_BOUND( '', #1064, .T. );
#793 = PLANE( '', #1065 );
#794 = SURFACE_STYLE_USAGE( .BOTH., #1066 );
#795 = FACE_OUTER_BOUND( '', #1067, .T. );
#796 = PLANE( '', #1068 );
#797 = SURFACE_STYLE_USAGE( .BOTH., #1069 );
#798 = FACE_OUTER_BOUND( '', #1070, .T. );
#799 = CYLINDRICAL_SURFACE( '', #1071, 4.00000000000000E-05 );
#800 = SURFACE_STYLE_USAGE( .BOTH., #1072 );
#801 = FACE_OUTER_BOUND( '', #1073, .T. );
#802 = PLANE( '', #1074 );
#803 = SURFACE_STYLE_USAGE( .BOTH., #1075 );
#804 = FACE_OUTER_BOUND( '', #1076, .T. );
#805 = CYLINDRICAL_SURFACE( '', #1077, 6.00000000000000E-05 );
#806 = SURFACE_STYLE_USAGE( .BOTH., #1078 );
#807 = FACE_OUTER_BOUND( '', #1079, .T. );
#808 = PLANE( '', #1080 );
#809 =  ( LENGTH_UNIT(  )NAMED_UNIT( #480 )SI_UNIT( $, .METRE. ) );
#812 = LENGTH_MEASURE_WITH_UNIT( LENGTH_MEASURE( 1.00000000000000 ), #1082 );
#815 = DIMENSIONAL_EXPONENTS( 1.00000000000000, 0.00000000000000, 0.00000000000000, 0.00000000000000, 0.00000000000000, 0.00000000000000, 0.00000000000000 );
#817 = DIMENSIONAL_EXPONENTS( 0.00000000000000, 0.00000000000000, 0.00000000000000, 0.00000000000000, 0.00000000000000, 0.00000000000000, 0.00000000000000 );
#823 = SURFACE_SIDE_STYLE( '', ( #1083 ) );
#824 = EDGE_LOOP( '', ( #1084, #1085, #1086, #1087, #1088 ) );
#825 = AXIS2_PLACEMENT_3D( '', #1089, #1090, #1091 );
#826 = SURFACE_SIDE_STYLE( '', ( #1092 ) );
#827 = EDGE_LOOP( '', ( #1093, #1094, #1095, #1096 ) );
#828 = AXIS2_PLACEMENT_3D( '', #1097, #1098, #1099 );
#829 = SURFACE_SIDE_STYLE( '', ( #1100 ) );
#830 = EDGE_LOOP( '', ( #1101, #1102, #1103, #1104, #1105, #1106, #1107, #1108 ) );
#831 = AXIS2_PLACEMENT_3D( '', #1109, #1110, #1111 );
#832 = SURFACE_SIDE_STYLE( '', ( #1112 ) );
#833 = EDGE_LOOP( '', ( #1113, #1114, #1115, #1116, #1117 ) );
#834 = AXIS2_PLACEMENT_3D( '', #1118, #1119, #1120 );
#835 = SURFACE_SIDE_STYLE( '', ( #1121 ) );
#836 = EDGE_LOOP( '', ( #1122, #1123, #1124, #1125 ) );
#837 = AXIS2_PLACEMENT_3D( '', #1126, #1127, #1128 );
#838 = SURFACE_SIDE_STYLE( '', ( #1129 ) );
#839 = EDGE_LOOP( '', ( #1130, #1131, #1132, #1133 ) );
#840 = AXIS2_PLACEMENT_3D( '', #1134, #1135, #1136 );
#841 = SURFACE_SIDE_STYLE( '', ( #1137 ) );
#842 = EDGE_LOOP( '', ( #1138, #1139, #1140, #1141 ) );
#843 = AXIS2_PLACEMENT_3D( '', #1142, #1143, #1144 );
#844 = SURFACE_SIDE_STYLE( '', ( #1145 ) );
#845 = EDGE_LOOP( '', ( #1146, #1147, #1148, #1149 ) );
#846 = AXIS2_PLACEMENT_3D( '', #1150, #1151, #1152 );
#847 = SURFACE_SIDE_STYLE( '', ( #1153 ) );
#848 = EDGE_LOOP( '', ( #1154, #1155, #1156, #1157 ) );
#849 = AXIS2_PLACEMENT_3D( '', #1158, #1159, #1160 );
#850 = SURFACE_SIDE_STYLE( '', ( #1161 ) );
#851 = EDGE_LOOP( '', ( #1162, #1163, #1164, #1165 ) );
#852 = AXIS2_PLACEMENT_3D( '', #1166, #1167, #1168 );
#853 = SURFACE_SIDE_STYLE( '', ( #1169 ) );
#854 = EDGE_LOOP( '', ( #1170, #1171, #1172, #1173 ) );
#855 = AXIS2_PLACEMENT_3D( '', #1174, #1175, #1176 );
#856 = SURFACE_SIDE_STYLE( '', ( #1177 ) );
#857 = EDGE_LOOP( '', ( #1178, #1179, #1180, #1181 ) );
#858 = AXIS2_PLACEMENT_3D( '', #1182, #1183, #1184 );
#859 = SURFACE_SIDE_STYLE( '', ( #1185 ) );
#860 = EDGE_LOOP( '', ( #1186, #1187, #1188, #1189 ) );
#861 = AXIS2_PLACEMENT_3D( '', #1190, #1191, #1192 );
#862 = SURFACE_SIDE_STYLE( '', ( #1193 ) );
#863 = EDGE_LOOP( '', ( #1194, #1195, #1196 ) );
#864 = AXIS2_PLACEMENT_3D( '', #1197, #1198, #1199 );
#865 = SURFACE_SIDE_STYLE( '', ( #1200 ) );
#866 = EDGE_LOOP( '', ( #1201, #1202, #1203, #1204 ) );
#867 = AXIS2_PLACEMENT_3D( '', #1205, #1206, #1207 );
#868 = SURFACE_SIDE_STYLE( '', ( #1208 ) );
#869 = EDGE_LOOP( '', ( #1209, #1210, #1211, #1212 ) );
#870 = AXIS2_PLACEMENT_3D( '', #1213, #1214, #1215 );
#871 = SURFACE_SIDE_STYLE( '', ( #1216 ) );
#872 = EDGE_LOOP( '', ( #1217, #1218, #1219, #1220, #1221 ) );
#873 = AXIS2_PLACEMENT_3D( '', #1222, #1223, #1224 );
#874 = SURFACE_SIDE_STYLE( '', ( #1225 ) );
#875 = EDGE_LOOP( '', ( #1226, #1227, #1228, #1229 ) );
#876 = AXIS2_PLACEMENT_3D( '', #1230, #1231, #1232 );
#877 = SURFACE_SIDE_STYLE( '', ( #1233 ) );
#878 = EDGE_LOOP( '', ( #1234, #1235, #1236, #1237 ) );
#879 = AXIS2_PLACEMENT_3D( '', #1238, #1239, #1240 );
#880 = SURFACE_SIDE_STYLE( '', ( #1241 ) );
#881 = EDGE_LOOP( '', ( #1242, #1243, #1244, #1245, #1246, #1247, #1248, #1249, #1250, #1251 ) );
#882 = AXIS2_PLACEMENT_3D( '', #1252, #1253, #1254 );
#883 = SURFACE_SIDE_STYLE( '', ( #1255 ) );
#884 = EDGE_LOOP( '', ( #1256, #1257, #1258, #1259 ) );
#885 = AXIS2_PLACEMENT_3D( '', #1260, #1261, #1262 );
#886 = SURFACE_SIDE_STYLE( '', ( #1263 ) );
#887 = EDGE_LOOP( '', ( #1264, #1265, #1266, #1267 ) );
#888 = AXIS2_PLACEMENT_3D( '', #1268, #1269, #1270 );
#889 = SURFACE_SIDE_STYLE( '', ( #1271 ) );
#890 = EDGE_LOOP( '', ( #1272, #1273, #1274, #1275 ) );
#891 = AXIS2_PLACEMENT_3D( '', #1276, #1277, #1278 );
#892 = SURFACE_SIDE_STYLE( '', ( #1279 ) );
#893 = EDGE_LOOP( '', ( #1280, #1281, #1282, #1283 ) );
#894 = AXIS2_PLACEMENT_3D( '', #1284, #1285, #1286 );
#895 = SURFACE_SIDE_STYLE( '', ( #1287 ) );
#896 = EDGE_LOOP( '', ( #1288, #1289, #1290, #1291 ) );
#897 = AXIS2_PLACEMENT_3D( '', #1292, #1293, #1294 );
#898 = SURFACE_SIDE_STYLE( '', ( #1295 ) );
#899 = EDGE_LOOP( '', ( #1296, #1297, #1298, #1299 ) );
#900 = AXIS2_PLACEMENT_3D( '', #1300, #1301, #1302 );
#901 = SURFACE_SIDE_STYLE( '', ( #1303 ) );
#902 = EDGE_LOOP( '', ( #1304, #1305, #1306, #1307 ) );
#903 = AXIS2_PLACEMENT_3D( '', #1308, #1309, #1310 );
#904 = SURFACE_SIDE_STYLE( '', ( #1311 ) );
#905 = EDGE_LOOP( '', ( #1312, #1313, #1314, #1315, #1316 ) );
#906 = AXIS2_PLACEMENT_3D( '', #1317, #1318, #1319 );
#907 = SURFACE_SIDE_STYLE( '', ( #1320 ) );
#908 = EDGE_LOOP( '', ( #1321, #1322, #1323, #1324 ) );
#909 = AXIS2_PLACEMENT_3D( '', #1325, #1326, #1327 );
#910 = SURFACE_SIDE_STYLE( '', ( #1328 ) );
#911 = EDGE_LOOP( '', ( #1329, #1330, #1331, #1332 ) );
#912 = AXIS2_PLACEMENT_3D( '', #1333, #1334, #1335 );
#913 = SURFACE_SIDE_STYLE( '', ( #1336 ) );
#914 = EDGE_LOOP( '', ( #1337, #1338, #1339, #1340 ) );
#915 = AXIS2_PLACEMENT_3D( '', #1341, #1342, #1343 );
#916 = SURFACE_SIDE_STYLE( '', ( #1344 ) );
#917 = EDGE_LOOP( '', ( #1345, #1346, #1347, #1348 ) );
#918 = AXIS2_PLACEMENT_3D( '', #1349, #1350, #1351 );
#919 = SURFACE_SIDE_STYLE( '', ( #1352 ) );
#920 = EDGE_LOOP( '', ( #1353, #1354, #1355, #1356 ) );
#921 = AXIS2_PLACEMENT_3D( '', #1357, #1358, #1359 );
#922 = SURFACE_SIDE_STYLE( '', ( #1360 ) );
#923 = EDGE_LOOP( '', ( #1361, #1362, #1363 ) );
#924 = AXIS2_PLACEMENT_3D( '', #1364, #1365, #1366 );
#925 = SURFACE_SIDE_STYLE( '', ( #1367 ) );
#926 = EDGE_LOOP( '', ( #1368, #1369, #1370, #1371 ) );
#927 = AXIS2_PLACEMENT_3D( '', #1372, #1373, #1374 );
#928 = SURFACE_SIDE_STYLE( '', ( #1375 ) );
#929 = EDGE_LOOP( '', ( #1376, #1377, #1378 ) );
#930 = AXIS2_PLACEMENT_3D( '', #1379, #1380, #1381 );
#931 = SURFACE_SIDE_STYLE( '', ( #1382 ) );
#932 = EDGE_LOOP( '', ( #1383, #1384, #1385, #1386 ) );
#933 = AXIS2_PLACEMENT_3D( '', #1387, #1388, #1389 );
#934 = SURFACE_SIDE_STYLE( '', ( #1390 ) );
#935 = EDGE_LOOP( '', ( #1391, #1392, #1393, #1394 ) );
#936 = AXIS2_PLACEMENT_3D( '', #1395, #1396, #1397 );
#937 = SURFACE_SIDE_STYLE( '', ( #1398 ) );
#938 = EDGE_LOOP( '', ( #1399, #1400, #1401, #1402 ) );
#939 = AXIS2_PLACEMENT_3D( '', #1403, #1404, #1405 );
#940 = SURFACE_SIDE_STYLE( '', ( #1406 ) );
#941 = EDGE_LOOP( '', ( #1407, #1408, #1409, #1410 ) );
#942 = AXIS2_PLACEMENT_3D( '', #1411, #1412, #1413 );
#943 = SURFACE_SIDE_STYLE( '', ( #1414 ) );
#944 = EDGE_LOOP( '', ( #1415, #1416, #1417, #1418 ) );
#945 = AXIS2_PLACEMENT_3D( '', #1419, #1420, #1421 );
#946 = SURFACE_SIDE_STYLE( '', ( #1422 ) );
#947 = EDGE_LOOP( '', ( #1423, #1424, #1425, #1426 ) );
#948 = AXIS2_PLACEMENT_3D( '', #1427, #1428, #1429 );
#949 = SURFACE_SIDE_STYLE( '', ( #1430 ) );
#950 = EDGE_LOOP( '', ( #1431, #1432, #1433, #1434 ) );
#951 = AXIS2_PLACEMENT_3D( '', #1435, #1436, #1437 );
#952 = SURFACE_SIDE_STYLE( '', ( #1438 ) );
#953 = EDGE_LOOP( '', ( #1439, #1440, #1441, #1442, #1443 ) );
#954 = AXIS2_PLACEMENT_3D( '', #1444, #1445, #1446 );
#955 = SURFACE_SIDE_STYLE( '', ( #1447 ) );
#956 = EDGE_LOOP( '', ( #1448, #1449, #1450, #1451, #1452 ) );
#957 = AXIS2_PLACEMENT_3D( '', #1453, #1454, #1455 );
#958 = SURFACE_SIDE_STYLE( '', ( #1456 ) );
#959 = EDGE_LOOP( '', ( #1457, #1458, #1459, #1460 ) );
#960 = AXIS2_PLACEMENT_3D( '', #1461, #1462, #1463 );
#961 = SURFACE_SIDE_STYLE( '', ( #1464 ) );
#962 = EDGE_LOOP( '', ( #1465, #1466, #1467, #1468 ) );
#963 = AXIS2_PLACEMENT_3D( '', #1469, #1470, #1471 );
#964 = SURFACE_SIDE_STYLE( '', ( #1472 ) );
#965 = EDGE_LOOP( '', ( #1473, #1474, #1475, #1476 ) );
#966 = AXIS2_PLACEMENT_3D( '', #1477, #1478, #1479 );
#967 = SURFACE_SIDE_STYLE( '', ( #1480 ) );
#968 = EDGE_LOOP( '', ( #1481, #1482, #1483, #1484 ) );
#969 = AXIS2_PLACEMENT_3D( '', #1485, #1486, #1487 );
#970 = SURFACE_SIDE_STYLE( '', ( #1488 ) );
#971 = EDGE_LOOP( '', ( #1489, #1490, #1491, #1492 ) );
#972 = AXIS2_PLACEMENT_3D( '', #1493, #1494, #1495 );
#973 = SURFACE_SIDE_STYLE( '', ( #1496 ) );
#974 = EDGE_LOOP( '', ( #1497, #1498, #1499, #1500 ) );
#975 = AXIS2_PLACEMENT_3D( '', #1501, #1502, #1503 );
#976 = SURFACE_SIDE_STYLE( '', ( #1504 ) );
#977 = EDGE_LOOP( '', ( #1505, #1506, #1507, #1508 ) );
#978 = AXIS2_PLACEMENT_3D( '', #1509, #1510, #1511 );
#979 = SURFACE_SIDE_STYLE( '', ( #1512 ) );
#980 = EDGE_LOOP( '', ( #1513, #1514, #1515, #1516 ) );
#981 = AXIS2_PLACEMENT_3D( '', #1517, #1518, #1519 );
#982 = SURFACE_SIDE_STYLE( '', ( #1520 ) );
#983 = EDGE_LOOP( '', ( #1521, #1522, #1523, #1524, #1525 ) );
#984 = AXIS2_PLACEMENT_3D( '', #1526, #1527, #1528 );
#985 = SURFACE_SIDE_STYLE( '', ( #1529 ) );
#986 = EDGE_LOOP( '', ( #1530, #1531, #1532, #1533 ) );
#987 = AXIS2_PLACEMENT_3D( '', #1534, #1535, #1536 );
#988 = SURFACE_SIDE_STYLE( '', ( #1537 ) );
#989 = EDGE_LOOP( '', ( #1538, #1539, #1540, #1541 ) );
#990 = AXIS2_PLACEMENT_3D( '', #1542, #1543, #1544 );
#991 = SURFACE_SIDE_STYLE( '', ( #1545 ) );
#992 = EDGE_LOOP( '', ( #1546, #1547, #1548, #1549 ) );
#993 = AXIS2_PLACEMENT_3D( '', #1550, #1551, #1552 );
#994 = SURFACE_SIDE_STYLE( '', ( #1553 ) );
#995 = EDGE_LOOP( '', ( #1554, #1555, #1556, #1557, #1558 ) );
#996 = AXIS2_PLACEMENT_3D( '', #1559, #1560, #1561 );
#997 = SURFACE_SIDE_STYLE( '', ( #1562 ) );
#998 = EDGE_LOOP( '', ( #1563, #1564, #1565, #1566 ) );
#999 = AXIS2_PLACEMENT_3D( '', #1567, #1568, #1569 );
#1000 = SURFACE_SIDE_STYLE( '', ( #1570 ) );
#1001 = EDGE_LOOP( '', ( #1571, #1572, #1573 ) );
#1002 = AXIS2_PLACEMENT_3D( '', #1574, #1575, #1576 );
#1003 = SURFACE_SIDE_STYLE( '', ( #1577 ) );
#1004 = EDGE_LOOP( '', ( #1578, #1579, #1580, #1581 ) );
#1005 = AXIS2_PLACEMENT_3D( '', #1582, #1583, #1584 );
#1006 = SURFACE_SIDE_STYLE( '', ( #1585 ) );
#1007 = EDGE_LOOP( '', ( #1586, #1587, #1588, #1589 ) );
#1008 = AXIS2_PLACEMENT_3D( '', #1590, #1591, #1592 );
#1009 = SURFACE_SIDE_STYLE( '', ( #1593 ) );
#1010 = EDGE_LOOP( '', ( #1594, #1595, #1596, #1597, #1598 ) );
#1011 = AXIS2_PLACEMENT_3D( '', #1599, #1600, #1601 );
#1012 = SURFACE_SIDE_STYLE( '', ( #1602 ) );
#1013 = EDGE_LOOP( '', ( #1603, #1604, #1605, #1606, #1607 ) );
#1014 = AXIS2_PLACEMENT_3D( '', #1608, #1609, #1610 );
#1015 = SURFACE_SIDE_STYLE( '', ( #1611 ) );
#1016 = EDGE_LOOP( '', ( #1612, #1613, #1614, #1615, #1616 ) );
#1017 = AXIS2_PLACEMENT_3D( '', #1617, #1618, #1619 );
#1018 = SURFACE_SIDE_STYLE( '', ( #1620 ) );
#1019 = EDGE_LOOP( '', ( #1621, #1622, #1623, #1624 ) );
#1020 = AXIS2_PLACEMENT_3D( '', #1625, #1626, #1627 );
#1021 = SURFACE_SIDE_STYLE( '', ( #1628 ) );
#1022 = EDGE_LOOP( '', ( #1629, #1630, #1631, #1632 ) );
#1023 = AXIS2_PLACEMENT_3D( '', #1633, #1634, #1635 );
#1024 = SURFACE_SIDE_STYLE( '', ( #1636 ) );
#1025 = EDGE_LOOP( '', ( #1637, #1638, #1639, #1640 ) );
#1026 = AXIS2_PLACEMENT_3D( '', #1641, #1642, #1643 );
#1027 = SURFACE_SIDE_STYLE( '', ( #1644 ) );
#1028 = EDGE_LOOP( '', ( #1645, #1646, #1647, #1648 ) );
#1029 = AXIS2_PLACEMENT_3D( '', #1649, #1650, #1651 );
#1030 = SURFACE_SIDE_STYLE( '', ( #1652 ) );
#1031 = EDGE_LOOP( '', ( #1653, #1654, #1655, #1656 ) );
#1032 = AXIS2_PLACEMENT_3D( '', #1657, #1658, #1659 );
#1033 = SURFACE_SIDE_STYLE( '', ( #1660 ) );
#1034 = EDGE_LOOP( '', ( #1661, #1662, #1663, #1664 ) );
#1035 = AXIS2_PLACEMENT_3D( '', #1665, #1666, #1667 );
#1036 = SURFACE_SIDE_STYLE( '', ( #1668 ) );
#1037 = EDGE_LOOP( '', ( #1669, #1670, #1671, #1672 ) );
#1038 = AXIS2_PLACEMENT_3D( '', #1673, #1674, #1675 );
#1039 = SURFACE_SIDE_STYLE( '', ( #1676 ) );
#1040 = EDGE_LOOP( '', ( #1677, #1678, #1679, #1680, #1681 ) );
#1041 = AXIS2_PLACEMENT_3D( '', #1682, #1683, #1684 );
#1042 = SURFACE_SIDE_STYLE( '', ( #1685 ) );
#1043 = EDGE_LOOP( '', ( #1686, #1687, #1688, #1689, #1690 ) );
#1044 = AXIS2_PLACEMENT_3D( '', #1691, #1692, #1693 );
#1045 = SURFACE_SIDE_STYLE( '', ( #1694 ) );
#1046 = EDGE_LOOP( '', ( #1695, #1696, #1697, #1698, #1699 ) );
#1047 = AXIS2_PLACEMENT_3D( '', #1700, #1701, #1702 );
#1048 = SURFACE_SIDE_STYLE( '', ( #1703 ) );
#1049 = EDGE_LOOP( '', ( #1704, #1705, #1706, #1707 ) );
#1050 = AXIS2_PLACEMENT_3D( '', #1708, #1709, #1710 );
#1051 = SURFACE_SIDE_STYLE( '', ( #1711 ) );
#1052 = EDGE_LOOP( '', ( #1712, #1713, #1714, #1715, #1716 ) );
#1053 = AXIS2_PLACEMENT_3D( '', #1717, #1718, #1719 );
#1054 = SURFACE_SIDE_STYLE( '', ( #1720 ) );
#1055 = EDGE_LOOP( '', ( #1721, #1722, #1723, #1724 ) );
#1056 = AXIS2_PLACEMENT_3D( '', #1725, #1726, #1727 );
#1057 = SURFACE_SIDE_STYLE( '', ( #1728 ) );
#1058 = EDGE_LOOP( '', ( #1729, #1730, #1731, #1732 ) );
#1059 = AXIS2_PLACEMENT_3D( '', #1733, #1734, #1735 );
#1060 = SURFACE_SIDE_STYLE( '', ( #1736 ) );
#1061 = EDGE_LOOP( '', ( #1737, #1738, #1739, #1740 ) );
#1062 = AXIS2_PLACEMENT_3D( '', #1741, #1742, #1743 );
#1063 = SURFACE_SIDE_STYLE( '', ( #1744 ) );
#1064 = EDGE_LOOP( '', ( #1745, #1746, #1747, #1748 ) );
#1065 = AXIS2_PLACEMENT_3D( '', #1749, #1750, #1751 );
#1066 = SURFACE_SIDE_STYLE( '', ( #1752 ) );
#1067 = EDGE_LOOP( '', ( #1753, #1754, #1755, #1756, #1757 ) );
#1068 = AXIS2_PLACEMENT_3D( '', #1758, #1759, #1760 );
#1069 = SURFACE_SIDE_STYLE( '', ( #1761 ) );
#1070 = EDGE_LOOP( '', ( #1762, #1763, #1764, #1765 ) );
#1071 = AXIS2_PLACEMENT_3D( '', #1766, #1767, #1768 );
#1072 = SURFACE_SIDE_STYLE( '', ( #1769 ) );
#1073 = EDGE_LOOP( '', ( #1770, #1771, #1772, #1773 ) );
#1074 = AXIS2_PLACEMENT_3D( '', #1774, #1775, #1776 );
#1075 = SURFACE_SIDE_STYLE( '', ( #1777 ) );
#1076 = EDGE_LOOP( '', ( #1778, #1779, #1780, #1781 ) );
#1077 = AXIS2_PLACEMENT_3D( '', #1782, #1783, #1784 );
#1078 = SURFACE_SIDE_STYLE( '', ( #1785 ) );
#1079 = EDGE_LOOP( '', ( #1786, #1787, #1788, #1789, #1790, #1791, #1792, #1793, #1794, #1795 ) );
#1080 = AXIS2_PLACEMENT_3D( '', #1796, #1797, #1798 );
#1082 =  ( LENGTH_UNIT(  )NAMED_UNIT( #815 )SI_UNIT( $, .METRE. ) );
#1083 = SURFACE_STYLE_FILL_AREA( #1800 );
#1084 = ORIENTED_EDGE( '', *, *, #1801, .T. );
#1085 = ORIENTED_EDGE( '', *, *, #1802, .T. );
#1086 = ORIENTED_EDGE( '', *, *, #1803, .F. );
#1087 = ORIENTED_EDGE( '', *, *, #1804, .F. );
#1088 = ORIENTED_EDGE( '', *, *, #1805, .T. );
#1089 = CARTESIAN_POINT( '', ( -0.000850000000000000, -0.000900000000000000, 0.000200000000000000 ) );
#1090 = DIRECTION( '', ( 0.00000000000000, -1.00000000000000, 0.00000000000000 ) );
#1091 = DIRECTION( '', ( 0.00000000000000, 0.00000000000000, -1.00000000000000 ) );
#1092 = SURFACE_STYLE_FILL_AREA( #1806 );
#1093 = ORIENTED_EDGE( '', *, *, #1807, .T. );
#1094 = ORIENTED_EDGE( '', *, *, #1808, .F. );
#1095 = ORIENTED_EDGE( '', *, *, #1809, .F. );
#1096 = ORIENTED_EDGE( '', *, *, #1810, .F. );
#1097 = CARTESIAN_POINT( '', ( -0.000950000000000000, 0.000950000000000000, 0.000800000000000000 ) );
#1098 = DIRECTION( '', ( -0.00000000000000, -0.00000000000000, -1.00000000000000 ) );
#1099 = DIRECTION( '', ( 1.00000000000000, 0.00000000000000, 0.00000000000000 ) );
#1100 = SURFACE_STYLE_FILL_AREA( #1811 );
#1101 = ORIENTED_EDGE( '', *, *, #1812, .F. );
#1102 = ORIENTED_EDGE( '', *, *, #1809, .T. );
#1103 = ORIENTED_EDGE( '', *, *, #1813, .T. );
#1104 = ORIENTED_EDGE( '', *, *, #1814, .T. );
#1105 = ORIENTED_EDGE( '', *, *, #1815, .T. );
#1106 = ORIENTED_EDGE( '', *, *, #1816, .T. );
#1107 = ORIENTED_EDGE( '', *, *, #1817, .F. );
#1108 = ORIENTED_EDGE( '', *, *, #1818, .T. );
#1109 = CARTESIAN_POINT( '', ( 8.67361737988404E-19, 0.00000000000000, 0.00000000000000 ) );
#1110 = DIRECTION( '', ( 0.00000000000000, 0.00000000000000, 1.00000000000000 ) );
#1111 = DIRECTION( '', ( 1.00000000000000, 0.00000000000000, 0.00000000000000 ) );
#1112 = SURFACE_STYLE_FILL_AREA( #1819 );
#1113 = ORIENTED_EDGE( '', *, *, #1820, .T. );
#1114 = ORIENTED_EDGE( '', *, *, #1821, .T. );
#1115 = ORIENTED_EDGE( '', *, *, #1822, .F. );
#1116 = ORIENTED_EDGE( '', *, *, #1823, .F. );
#1117 = ORIENTED_EDGE( '', *, *, #1824, .T. );
#1118 = CARTESIAN_POINT( '', ( -0.000850000000000000, 0.000600000000000000, 0.000200000000000000 ) );
#1119 = DIRECTION( '', ( 0.00000000000000, -1.00000000000000, 0.00000000000000 ) );
#1120 = DIRECTION( '', ( 0.00000000000000, 0.00000000000000, -1.00000000000000 ) );
#1121 = SURFACE_STYLE_FILL_AREA( #1825 );
#1122 = ORIENTED_EDGE( '', *, *, #1826, .T. );
#1123 = ORIENTED_EDGE( '', *, *, #1827, .F. );
#1124 = ORIENTED_EDGE( '', *, *, #1828, .F. );
#1125 = ORIENTED_EDGE( '', *, *, #1829, .F. );
#1126 = CARTESIAN_POINT( '', ( -0.000950000000000000, 0.00000000000000, 0.000750000000000000 ) );
#1127 = DIRECTION( '', ( -0.00000000000000, -1.00000000000000, -0.00000000000000 ) );
#1128 = DIRECTION( '', ( 0.00000000000000, 0.00000000000000, 1.00000000000000 ) );
#1129 = SURFACE_STYLE_FILL_AREA( #1830 );
#1130 = ORIENTED_EDGE( '', *, *, #1831, .F. );
#1131 = ORIENTED_EDGE( '', *, *, #1832, .T. );
#1132 = ORIENTED_EDGE( '', *, *, #1833, .T. );
#1133 = ORIENTED_EDGE( '', *, *, #1834, .F. );
#1134 = CARTESIAN_POINT( '', ( 0.00000000000000, 0.00000000000000, 0.000200000000000000 ) );
#1135 = DIRECTION( '', ( 0.00000000000000, 0.00000000000000, 1.00000000000000 ) );
#1136 = DIRECTION( '', ( 1.00000000000000, 0.00000000000000, 0.00000000000000 ) );
#1137 = SURFACE_STYLE_FILL_AREA( #1835 );
#1138 = ORIENTED_EDGE( '', *, *, #1836, .T. );
#1139 = ORIENTED_EDGE( '', *, *, #1837, .T. );
#1140 = ORIENTED_EDGE( '', *, *, #1838, .F. );
#1141 = ORIENTED_EDGE( '', *, *, #1839, .F. );
#1142 = CARTESIAN_POINT( '', ( -0.00105000000000000, -0.000250000000000000, 0.000200000000000000 ) );
#1143 = DIRECTION( '', ( 1.00000000000000, 0.00000000000000, 0.00000000000000 ) );
#1144 = DIRECTION( '', ( 0.00000000000000, 0.00000000000000, -1.00000000000000 ) );
#1145 = SURFACE_STYLE_FILL_AREA( #1840 );
#1146 = ORIENTED_EDGE( '', *, *, #1841, .F. );
#1147 = ORIENTED_EDGE( '', *, *, #1842, .T. );
#1148 = ORIENTED_EDGE( '', *, *, #1843, .T. );
#1149 = ORIENTED_EDGE( '', *, *, #1844, .F. );
#1150 = CARTESIAN_POINT( '', ( 0.00000000000000, 0.00000000000000, 0.00000000000000 ) );
#1151 = DIRECTION( '', ( 0.00000000000000, 0.00000000000000, 1.00000000000000 ) );
#1152 = DIRECTION( '', ( 1.00000000000000, 0.00000000000000, 0.00000000000000 ) );
#1153 = SURFACE_STYLE_FILL_AREA( #1845 );
#1154 = ORIENTED_EDGE( '', *, *, #1846, .F. );
#1155 = ORIENTED_EDGE( '', *, *, #1847, .T. );
#1156 = ORIENTED_EDGE( '', *, *, #1848, .F. );
#1157 = ORIENTED_EDGE( '', *, *, #1849, .T. );
#1158 = CARTESIAN_POINT( '', ( -0.000450000000000000, 0.000550000000000000, 0.000200000000000000 ) );
#1159 = DIRECTION( '', ( -0.707106781186548, 0.707106781186547, 0.00000000000000 ) );
#1160 = DIRECTION( '', ( 0.00000000000000, 0.00000000000000, 1.00000000000000 ) );
#1161 = SURFACE_STYLE_FILL_AREA( #1850 );
#1162 = ORIENTED_EDGE( '', *, *, #1851, .F. );
#1163 = ORIENTED_EDGE( '', *, *, #1852, .T. );
#1164 = ORIENTED_EDGE( '', *, *, #1853, .T. );
#1165 = ORIENTED_EDGE( '', *, *, #1854, .T. );
#1166 = CARTESIAN_POINT( '', ( 1.08420217248550E-19, -0.000800000000000000, 0.000200000000000000 ) );
#1167 = DIRECTION( '', ( -2.40933816107890E-16, 1.00000000000000, 0.00000000000000 ) );
#1168 = DIRECTION( '', ( -1.00000000000000, -2.40933816107890E-16, 0.00000000000000 ) );
#1169 = SURFACE_STYLE_FILL_AREA( #1855 );
#1170 = ORIENTED_EDGE( '', *, *, #1844, .T. );
#1171 = ORIENTED_EDGE( '', *, *, #1856, .F. );
#1172 = ORIENTED_EDGE( '', *, *, #1857, .F. );
#1173 = ORIENTED_EDGE( '', *, *, #1858, .T. );
#1174 = CARTESIAN_POINT( '', ( 0.000650000000000000, -0.000750000000000000, 0.000200000000000000 ) );
#1175 = DIRECTION( '', ( 1.00000000000000, 0.00000000000000, 0.00000000000000 ) );
#1176 = DIRECTION( '', ( 0.00000000000000, 0.00000000000000, -1.00000000000000 ) );
#1177 = SURFACE_STYLE_FILL_AREA( #1859 );
#1178 = ORIENTED_EDGE( '', *, *, #1860, .F. );
#1179 = ORIENTED_EDGE( '', *, *, #1861, .F. );
#1180 = ORIENTED_EDGE( '', *, *, #1862, .T. );
#1181 = ORIENTED_EDGE( '', *, *, #1804, .T. );
#1182 = CARTESIAN_POINT( '', ( -0.000650000000000000, -0.000750000000000000, 0.000200000000000000 ) );
#1183 = DIRECTION( '', ( 1.00000000000000, 0.00000000000000, 0.00000000000000 ) );
#1184 = DIRECTION( '', ( 0.00000000000000, 0.00000000000000, -1.00000000000000 ) );
#1185 = SURFACE_STYLE_FILL_AREA( #1863 );
#1186 = ORIENTED_EDGE( '', *, *, #1864, .T. );
#1187 = ORIENTED_EDGE( '', *, *, #1865, .T. );
#1188 = ORIENTED_EDGE( '', *, *, #1815, .F. );
#1189 = ORIENTED_EDGE( '', *, *, #1866, .T. );
#1190 = CARTESIAN_POINT( '', ( 0.00100000000000000, 0.00000000000000, 0.000800000000000000 ) );
#1191 = DIRECTION( '', ( 1.00000000000000, 0.00000000000000, 0.00000000000000 ) );
#1192 = DIRECTION( '', ( 0.00000000000000, 0.00000000000000, -1.00000000000000 ) );
#1193 = SURFACE_STYLE_FILL_AREA( #1867 );
#1194 = ORIENTED_EDGE( '', *, *, #1868, .T. );
#1195 = ORIENTED_EDGE( '', *, *, #1869, .T. );
#1196 = ORIENTED_EDGE( '', *, *, #1870, .F. );
#1197 = CARTESIAN_POINT( '', ( 0.000950000000000000, 0.000950000000000000, 0.000750000000000000 ) );
#1198 = DIRECTION( '', ( 0.00000000000000, 0.00000000000000, 1.00000000000000 ) );
#1199 = DIRECTION( '', ( 1.00000000000000, 0.00000000000000, 0.00000000000000 ) );
#1200 = SURFACE_STYLE_FILL_AREA( #1871 );
#1201 = ORIENTED_EDGE( '', *, *, #1872, .T. );
#1202 = ORIENTED_EDGE( '', *, *, #1873, .T. );
#1203 = ORIENTED_EDGE( '', *, *, #1874, .F. );
#1204 = ORIENTED_EDGE( '', *, *, #1833, .F. );
#1205 = CARTESIAN_POINT( '', ( -0.00105000000000000, 0.000250000000000000, 0.000200000000000000 ) );
#1206 = DIRECTION( '', ( 1.00000000000000, 0.00000000000000, 0.00000000000000 ) );
#1207 = DIRECTION( '', ( 0.00000000000000, 0.00000000000000, -1.00000000000000 ) );
#1208 = SURFACE_STYLE_FILL_AREA( #1875 );
#1209 = ORIENTED_EDGE( '', *, *, #1822, .T. );
#1210 = ORIENTED_EDGE( '', *, *, #1876, .T. );
#1211 = ORIENTED_EDGE( '', *, *, #1877, .F. );
#1212 = ORIENTED_EDGE( '', *, *, #1878, .T. );
#1213 = CARTESIAN_POINT( '', ( 0.00000000000000, 0.00000000000000, 0.00000000000000 ) );
#1214 = DIRECTION( '', ( 0.00000000000000, 0.00000000000000, 1.00000000000000 ) );
#1215 = DIRECTION( '', ( 1.00000000000000, 0.00000000000000, 0.00000000000000 ) );
#1216 = SURFACE_STYLE_FILL_AREA( #1879 );
#1217 = ORIENTED_EDGE( '', *, *, #1880, .T. );
#1218 = ORIENTED_EDGE( '', *, *, #1881, .T. );
#1219 = ORIENTED_EDGE( '', *, *, #1882, .T. );
#1220 = ORIENTED_EDGE( '', *, *, #1883, .F. );
#1221 = ORIENTED_EDGE( '', *, *, #1884, .F. );
#1222 = CARTESIAN_POINT( '', ( 0.000850000000000000, 0.000900000000000000, 0.000200000000000000 ) );
#1223 = DIRECTION( '', ( 0.00000000000000, -1.00000000000000, 0.00000000000000 ) );
#1224 = DIRECTION( '', ( 0.00000000000000, 0.00000000000000, -1.00000000000000 ) );
#1225 = SURFACE_STYLE_FILL_AREA( #1885 );
#1226 = ORIENTED_EDGE( '', *, *, #1886, .T. );
#1227 = ORIENTED_EDGE( '', *, *, #1887, .T. );
#1228 = ORIENTED_EDGE( '', *, *, #1888, .F. );
#1229 = ORIENTED_EDGE( '', *, *, #1889, .F. );
#1230 = CARTESIAN_POINT( '', ( 0.00000000000000, 0.00000000000000, 0.00000000000000 ) );
#1231 = DIRECTION( '', ( 0.00000000000000, 0.00000000000000, 1.00000000000000 ) );
#1232 = DIRECTION( '', ( 1.00000000000000, 0.00000000000000, 0.00000000000000 ) );
#1233 = SURFACE_STYLE_FILL_AREA( #1890 );
#1234 = ORIENTED_EDGE( '', *, *, #1891, .F. );
#1235 = ORIENTED_EDGE( '', *, *, #1892, .T. );
#1236 = ORIENTED_EDGE( '', *, *, #1893, .T. );
#1237 = ORIENTED_EDGE( '', *, *, #1894, .T. );
#1238 = CARTESIAN_POINT( '', ( 2.16840434497101E-19, 0.000800000000000000, 0.000200000000000000 ) );
#1239 = DIRECTION( '', ( -2.40933816107890E-16, 1.00000000000000, 0.00000000000000 ) );
#1240 = DIRECTION( '', ( -1.00000000000000, -2.40933816107890E-16, 0.00000000000000 ) );
#1241 = SURFACE_STYLE_FILL_AREA( #1895 );
#1242 = ORIENTED_EDGE( '', *, *, #1848, .T. );
#1243 = ORIENTED_EDGE( '', *, *, #1896, .T. );
#1244 = ORIENTED_EDGE( '', *, *, #1891, .T. );
#1245 = ORIENTED_EDGE( '', *, *, #1897, .T. );
#1246 = ORIENTED_EDGE( '', *, *, #1898, .T. );
#1247 = ORIENTED_EDGE( '', *, *, #1899, .T. );
#1248 = ORIENTED_EDGE( '', *, *, #1853, .F. );
#1249 = ORIENTED_EDGE( '', *, *, #1900, .T. );
#1250 = ORIENTED_EDGE( '', *, *, #1901, .F. );
#1251 = ORIENTED_EDGE( '', *, *, #1902, .T. );
#1252 = CARTESIAN_POINT( '', ( 8.67361737988404E-19, 0.00000000000000, 0.00000000000000 ) );
#1253 = DIRECTION( '', ( 0.00000000000000, 0.00000000000000, 1.00000000000000 ) );
#1254 = DIRECTION( '', ( 1.00000000000000, 0.00000000000000, 0.00000000000000 ) );
#1255 = SURFACE_STYLE_FILL_AREA( #1903 );
#1256 = ORIENTED_EDGE( '', *, *, #1827, .T. );
#1257 = ORIENTED_EDGE( '', *, *, #1904, .T. );
#1258 = ORIENTED_EDGE( '', *, *, #1905, .T. );
#1259 = ORIENTED_EDGE( '', *, *, #1906, .T. );
#1260 = CARTESIAN_POINT( '', ( 8.67361737988404E-19, 0.00000000000000, 0.000800000000000000 ) );
#1261 = DIRECTION( '', ( 0.00000000000000, 0.00000000000000, 1.00000000000000 ) );
#1262 = DIRECTION( '', ( 1.00000000000000, 0.00000000000000, 0.00000000000000 ) );
#1263 = SURFACE_STYLE_FILL_AREA( #1907 );
#1264 = ORIENTED_EDGE( '', *, *, #1908, .T. );
#1265 = ORIENTED_EDGE( '', *, *, #1909, .T. );
#1266 = ORIENTED_EDGE( '', *, *, #1817, .T. );
#1267 = ORIENTED_EDGE( '', *, *, #1910, .T. );
#1268 = CARTESIAN_POINT( '', ( 4.33680868994202E-19, -0.00100000000000000, 0.000800000000000000 ) );
#1269 = DIRECTION( '', ( -2.16840434497101E-16, 1.00000000000000, 0.00000000000000 ) );
#1270 = DIRECTION( '', ( -1.00000000000000, -2.16840434497101E-16, 0.00000000000000 ) );
#1271 = SURFACE_STYLE_FILL_AREA( #1911 );
#1272 = ORIENTED_EDGE( '', *, *, #1912, .F. );
#1273 = ORIENTED_EDGE( '', *, *, #1913, .T. );
#1274 = ORIENTED_EDGE( '', *, *, #1839, .T. );
#1275 = ORIENTED_EDGE( '', *, *, #1914, .F. );
#1276 = CARTESIAN_POINT( '', ( 0.00000000000000, 0.00000000000000, 0.000200000000000000 ) );
#1277 = DIRECTION( '', ( 0.00000000000000, 0.00000000000000, 1.00000000000000 ) );
#1278 = DIRECTION( '', ( 1.00000000000000, 0.00000000000000, 0.00000000000000 ) );
#1279 = SURFACE_STYLE_FILL_AREA( #1915 );
#1280 = ORIENTED_EDGE( '', *, *, #1916, .F. );
#1281 = ORIENTED_EDGE( '', *, *, #1917, .F. );
#1282 = ORIENTED_EDGE( '', *, *, #1912, .T. );
#1283 = ORIENTED_EDGE( '', *, *, #1918, .T. );
#1284 = CARTESIAN_POINT( '', ( -0.000650000000000000, -0.000250000000000000, 0.000200000000000000 ) );
#1285 = DIRECTION( '', ( 1.00000000000000, 0.00000000000000, 0.00000000000000 ) );
#1286 = DIRECTION( '', ( 0.00000000000000, 0.00000000000000, -1.00000000000000 ) );
#1287 = SURFACE_STYLE_FILL_AREA( #1919 );
#1288 = ORIENTED_EDGE( '', *, *, #1920, .T. );
#1289 = ORIENTED_EDGE( '', *, *, #1904, .F. );
#1290 = ORIENTED_EDGE( '', *, *, #1921, .F. );
#1291 = ORIENTED_EDGE( '', *, *, #1908, .F. );
#1292 = CARTESIAN_POINT( '', ( 1.07336015076065E-18, -0.000950000000000000, 0.000750000000000000 ) );
#1293 = DIRECTION( '', ( 1.00000000000000, 2.16840434497101E-16, -0.00000000000000 ) );
#1294 = DIRECTION( '', ( 2.16840434497101E-16, -1.00000000000000, 0.00000000000000 ) );
#1295 = SURFACE_STYLE_FILL_AREA( #1922 );
#1296 = ORIENTED_EDGE( '', *, *, #1923, .F. );
#1297 = ORIENTED_EDGE( '', *, *, #1924, .T. );
#1298 = ORIENTED_EDGE( '', *, *, #1857, .T. );
#1299 = ORIENTED_EDGE( '', *, *, #1925, .F. );
#1300 = CARTESIAN_POINT( '', ( 0.00000000000000, 0.00000000000000, 0.000200000000000000 ) );
#1301 = DIRECTION( '', ( 0.00000000000000, 0.00000000000000, 1.00000000000000 ) );
#1302 = DIRECTION( '', ( 1.00000000000000, 0.00000000000000, 0.00000000000000 ) );
#1303 = SURFACE_STYLE_FILL_AREA( #1926 );
#1304 = ORIENTED_EDGE( '', *, *, #1889, .T. );
#1305 = ORIENTED_EDGE( '', *, *, #1927, .F. );
#1306 = ORIENTED_EDGE( '', *, *, #1928, .F. );
#1307 = ORIENTED_EDGE( '', *, *, #1929, .T. );
#1308 = CARTESIAN_POINT( '', ( 0.000650000000000000, 0.000250000000000000, 0.000200000000000000 ) );
#1309 = DIRECTION( '', ( 1.00000000000000, 0.00000000000000, 0.00000000000000 ) );
#1310 = DIRECTION( '', ( 0.00000000000000, 0.00000000000000, -1.00000000000000 ) );
#1311 = SURFACE_STYLE_FILL_AREA( #1930 );
#1312 = ORIENTED_EDGE( '', *, *, #1877, .T. );
#1313 = ORIENTED_EDGE( '', *, *, #1931, .T. );
#1314 = ORIENTED_EDGE( '', *, *, #1932, .F. );
#1315 = ORIENTED_EDGE( '', *, *, #1933, .F. );
#1316 = ORIENTED_EDGE( '', *, *, #1934, .T. );
#1317 = CARTESIAN_POINT( '', ( -0.000850000000000000, 0.000900000000000000, 0.000200000000000000 ) );
#1318 = DIRECTION( '', ( 0.00000000000000, -1.00000000000000, 0.00000000000000 ) );
#1319 = DIRECTION( '', ( 0.00000000000000, 0.00000000000000, -1.00000000000000 ) );
#1320 = SURFACE_STYLE_FILL_AREA( #1935 );
#1321 = ORIENTED_EDGE( '', *, *, #1936, .F. );
#1322 = ORIENTED_EDGE( '', *, *, #1937, .F. );
#1323 = ORIENTED_EDGE( '', *, *, #1900, .F. );
#1324 = ORIENTED_EDGE( '', *, *, #1852, .F. );
#1325 = CARTESIAN_POINT( '', ( -0.000390000000000000, -0.000740000000000000, 0.000200000000000000 ) );
#1326 = DIRECTION( '', ( -0.00000000000000, -0.00000000000000, 1.00000000000000 ) );
#1327 = DIRECTION( '', ( -1.00000000000000, 0.00000000000000, 0.00000000000000 ) );
#1328 = SURFACE_STYLE_FILL_AREA( #1938 );
#1329 = ORIENTED_EDGE( '', *, *, #1939, .F. );
#1330 = ORIENTED_EDGE( '', *, *, #1940, .F. );
#1331 = ORIENTED_EDGE( '', *, *, #1941, .F. );
#1332 = ORIENTED_EDGE( '', *, *, #1837, .F. );
#1333 = CARTESIAN_POINT( '', ( -0.00101000000000000, -0.000250000000000000, 4.00000000000000E-05 ) );
#1334 = DIRECTION( '', ( -0.00000000000000, 1.00000000000000, -0.00000000000000 ) );
#1335 = DIRECTION( '', ( 0.00000000000000, 0.00000000000000, -1.00000000000000 ) );
#1336 = SURFACE_STYLE_FILL_AREA( #1942 );
#1337 = ORIENTED_EDGE( '', *, *, #1813, .F. );
#1338 = ORIENTED_EDGE( '', *, *, #1808, .T. );
#1339 = ORIENTED_EDGE( '', *, *, #1943, .T. );
#1340 = ORIENTED_EDGE( '', *, *, #1944, .T. );
#1341 = CARTESIAN_POINT( '', ( 4.33680868994202E-19, 0.00100000000000000, 0.000800000000000000 ) );
#1342 = DIRECTION( '', ( -2.16840434497101E-16, 1.00000000000000, 0.00000000000000 ) );
#1343 = DIRECTION( '', ( -1.00000000000000, -2.16840434497101E-16, 0.00000000000000 ) );
#1344 = SURFACE_STYLE_FILL_AREA( #1945 );
#1345 = ORIENTED_EDGE( '', *, *, #1862, .F. );
#1346 = ORIENTED_EDGE( '', *, *, #1946, .T. );
#1347 = ORIENTED_EDGE( '', *, *, #1947, .T. );
#1348 = ORIENTED_EDGE( '', *, *, #1805, .F. );
#1349 = CARTESIAN_POINT( '', ( 0.00000000000000, 0.00000000000000, 0.000200000000000000 ) );
#1350 = DIRECTION( '', ( 0.00000000000000, 0.00000000000000, 1.00000000000000 ) );
#1351 = DIRECTION( '', ( 1.00000000000000, 0.00000000000000, 0.00000000000000 ) );
#1352 = SURFACE_STYLE_FILL_AREA( #1948 );
#1353 = ORIENTED_EDGE( '', *, *, #1949, .F. );
#1354 = ORIENTED_EDGE( '', *, *, #1950, .F. );
#1355 = ORIENTED_EDGE( '', *, *, #1951, .F. );
#1356 = ORIENTED_EDGE( '', *, *, #1952, .F. );
#1357 = CARTESIAN_POINT( '', ( 0.00101000000000000, 0.00000000000000, 4.00000000000000E-05 ) );
#1358 = DIRECTION( '', ( -0.00000000000000, -1.00000000000000, -0.00000000000000 ) );
#1359 = DIRECTION( '', ( 0.00000000000000, 0.00000000000000, 1.00000000000000 ) );
#1360 = SURFACE_STYLE_FILL_AREA( #1953 );
#1361 = ORIENTED_EDGE( '', *, *, #1920, .F. );
#1362 = ORIENTED_EDGE( '', *, *, #1954, .T. );
#1363 = ORIENTED_EDGE( '', *, *, #1955, .F. );
#1364 = CARTESIAN_POINT( '', ( 0.000950000000000000, -0.000950000000000000, 0.000750000000000000 ) );
#1365 = DIRECTION( '', ( 0.00000000000000, 0.00000000000000, 1.00000000000000 ) );
#1366 = DIRECTION( '', ( 1.00000000000000, 0.00000000000000, 0.00000000000000 ) );
#1367 = SURFACE_STYLE_FILL_AREA( #1956 );
#1368 = ORIENTED_EDGE( '', *, *, #1957, .F. );
#1369 = ORIENTED_EDGE( '', *, *, #1958, .T. );
#1370 = ORIENTED_EDGE( '', *, *, #1959, .T. );
#1371 = ORIENTED_EDGE( '', *, *, #1960, .F. );
#1372 = CARTESIAN_POINT( '', ( 0.00000000000000, 0.00000000000000, 0.000200000000000000 ) );
#1373 = DIRECTION( '', ( 0.00000000000000, 0.00000000000000, 1.00000000000000 ) );
#1374 = DIRECTION( '', ( 1.00000000000000, 0.00000000000000, 0.00000000000000 ) );
#1375 = SURFACE_STYLE_FILL_AREA( #1961 );
#1376 = ORIENTED_EDGE( '', *, *, #1828, .T. );
#1377 = ORIENTED_EDGE( '', *, *, #1962, .T. );
#1378 = ORIENTED_EDGE( '', *, *, #1807, .F. );
#1379 = CARTESIAN_POINT( '', ( -0.000950000000000000, 0.000950000000000000, 0.000750000000000000 ) );
#1380 = DIRECTION( '', ( 0.00000000000000, 0.00000000000000, 1.00000000000000 ) );
#1381 = DIRECTION( '', ( 1.00000000000000, 0.00000000000000, 0.00000000000000 ) );
#1382 = SURFACE_STYLE_FILL_AREA( #1963 );
#1383 = ORIENTED_EDGE( '', *, *, #1870, .T. );
#1384 = ORIENTED_EDGE( '', *, *, #1943, .F. );
#1385 = ORIENTED_EDGE( '', *, *, #1962, .F. );
#1386 = ORIENTED_EDGE( '', *, *, #1906, .F. );
#1387 = CARTESIAN_POINT( '', ( 4.44522890719057E-19, 0.000950000000000000, 0.000750000000000000 ) );
#1388 = DIRECTION( '', ( -1.00000000000000, -2.16840434497101E-16, -0.00000000000000 ) );
#1389 = DIRECTION( '', ( -2.16840434497101E-16, 1.00000000000000, 0.00000000000000 ) );
#1390 = SURFACE_STYLE_FILL_AREA( #1964 );
#1391 = ORIENTED_EDGE( '', *, *, #1896, .F. );
#1392 = ORIENTED_EDGE( '', *, *, #1847, .F. );
#1393 = ORIENTED_EDGE( '', *, *, #1965, .F. );
#1394 = ORIENTED_EDGE( '', *, *, #1892, .F. );
#1395 = CARTESIAN_POINT( '', ( -0.000175147186257614, 0.000740000000000000, 0.000200000000000000 ) );
#1396 = DIRECTION( '', ( -0.00000000000000, -0.00000000000000, -1.00000000000000 ) );
#1397 = DIRECTION( '', ( 1.00000000000000, 0.00000000000000, 0.00000000000000 ) );
#1398 = SURFACE_STYLE_FILL_AREA( #1966 );
#1399 = ORIENTED_EDGE( '', *, *, #1954, .F. );
#1400 = ORIENTED_EDGE( '', *, *, #1910, .F. );
#1401 = ORIENTED_EDGE( '', *, *, #1816, .F. );
#1402 = ORIENTED_EDGE( '', *, *, #1865, .F. );
#1403 = CARTESIAN_POINT( '', ( 0.000950000000000000, -0.000950000000000000, 0.000800000000000000 ) );
#1404 = DIRECTION( '', ( -0.00000000000000, -0.00000000000000, -1.00000000000000 ) );
#1405 = DIRECTION( '', ( 1.00000000000000, 0.00000000000000, 0.00000000000000 ) );
#1406 = SURFACE_STYLE_FILL_AREA( #1967 );
#1407 = ORIENTED_EDGE( '', *, *, #1803, .T. );
#1408 = ORIENTED_EDGE( '', *, *, #1968, .T. );
#1409 = ORIENTED_EDGE( '', *, *, #1969, .F. );
#1410 = ORIENTED_EDGE( '', *, *, #1860, .T. );
#1411 = CARTESIAN_POINT( '', ( 0.00000000000000, 0.00000000000000, 0.00000000000000 ) );
#1412 = DIRECTION( '', ( 0.00000000000000, 0.00000000000000, 1.00000000000000 ) );
#1413 = DIRECTION( '', ( 1.00000000000000, 0.00000000000000, 0.00000000000000 ) );
#1414 = SURFACE_STYLE_FILL_AREA( #1970 );
#1415 = ORIENTED_EDGE( '', *, *, #1971, .F. );
#1416 = ORIENTED_EDGE( '', *, *, #1972, .F. );
#1417 = ORIENTED_EDGE( '', *, *, #1831, .T. );
#1418 = ORIENTED_EDGE( '', *, *, #1973, .T. );
#1419 = CARTESIAN_POINT( '', ( -0.000650000000000000, 0.000250000000000000, 0.000200000000000000 ) );
#1420 = DIRECTION( '', ( 1.00000000000000, 0.00000000000000, 0.00000000000000 ) );
#1421 = DIRECTION( '', ( 0.00000000000000, 0.00000000000000, -1.00000000000000 ) );
#1422 = SURFACE_STYLE_FILL_AREA( #1974 );
#1423 = ORIENTED_EDGE( '', *, *, #1975, .F. );
#1424 = ORIENTED_EDGE( '', *, *, #1849, .F. );
#1425 = ORIENTED_EDGE( '', *, *, #1902, .F. );
#1426 = ORIENTED_EDGE( '', *, *, #1976, .F. );
#1427 = CARTESIAN_POINT( '', ( -0.000390000000000000, 0.000525147186257614, 0.000200000000000000 ) );
#1428 = DIRECTION( '', ( -0.00000000000000, -0.00000000000000, -1.00000000000000 ) );
#1429 = DIRECTION( '', ( 1.00000000000000, 0.00000000000000, 0.00000000000000 ) );
#1430 = SURFACE_STYLE_FILL_AREA( #1977 );
#1431 = ORIENTED_EDGE( '', *, *, #1978, .T. );
#1432 = ORIENTED_EDGE( '', *, *, #1950, .T. );
#1433 = ORIENTED_EDGE( '', *, *, #1979, .F. );
#1434 = ORIENTED_EDGE( '', *, *, #1960, .T. );
#1435 = CARTESIAN_POINT( '', ( 0.00105000000000000, -0.000250000000000000, 0.000200000000000000 ) );
#1436 = DIRECTION( '', ( 1.00000000000000, 0.00000000000000, 0.00000000000000 ) );
#1437 = DIRECTION( '', ( 0.00000000000000, 0.00000000000000, -1.00000000000000 ) );
#1438 = SURFACE_STYLE_FILL_AREA( #1980 );
#1439 = ORIENTED_EDGE( '', *, *, #1969, .T. );
#1440 = ORIENTED_EDGE( '', *, *, #1981, .T. );
#1441 = ORIENTED_EDGE( '', *, *, #1982, .F. );
#1442 = ORIENTED_EDGE( '', *, *, #1946, .F. );
#1443 = ORIENTED_EDGE( '', *, *, #1861, .T. );
#1444 = CARTESIAN_POINT( '', ( -0.000850000000000000, -0.000600000000000000, 0.000200000000000000 ) );
#1445 = DIRECTION( '', ( 0.00000000000000, -1.00000000000000, 0.00000000000000 ) );
#1446 = DIRECTION( '', ( 0.00000000000000, 0.00000000000000, -1.00000000000000 ) );
#1447 = SURFACE_STYLE_FILL_AREA( #1983 );
#1448 = ORIENTED_EDGE( '', *, *, #1888, .T. );
#1449 = ORIENTED_EDGE( '', *, *, #1984, .T. );
#1450 = ORIENTED_EDGE( '', *, *, #1985, .F. );
#1451 = ORIENTED_EDGE( '', *, *, #1986, .F. );
#1452 = ORIENTED_EDGE( '', *, *, #1927, .T. );
#1453 = CARTESIAN_POINT( '', ( 0.000850000000000000, 0.000100000000000000, 0.000200000000000000 ) );
#1454 = DIRECTION( '', ( 0.00000000000000, 1.00000000000000, 0.00000000000000 ) );
#1455 = DIRECTION( '', ( 0.00000000000000, 0.00000000000000, 1.00000000000000 ) );
#1456 = SURFACE_STYLE_FILL_AREA( #1987 );
#1457 = ORIENTED_EDGE( '', *, *, #1985, .T. );
#1458 = ORIENTED_EDGE( '', *, *, #1988, .T. );
#1459 = ORIENTED_EDGE( '', *, *, #1989, .F. );
#1460 = ORIENTED_EDGE( '', *, *, #1990, .T. );
#1461 = CARTESIAN_POINT( '', ( 0.00105000000000000, 0.000250000000000000, 0.000200000000000000 ) );
#1462 = DIRECTION( '', ( 1.00000000000000, 0.00000000000000, 0.00000000000000 ) );
#1463 = DIRECTION( '', ( 0.00000000000000, 0.00000000000000, -1.00000000000000 ) );
#1464 = SURFACE_STYLE_FILL_AREA( #1991 );
#1465 = ORIENTED_EDGE( '', *, *, #1932, .T. );
#1466 = ORIENTED_EDGE( '', *, *, #1992, .T. );
#1467 = ORIENTED_EDGE( '', *, *, #1820, .F. );
#1468 = ORIENTED_EDGE( '', *, *, #1993, .F. );
#1469 = CARTESIAN_POINT( '', ( -0.00105000000000000, 0.000750000000000000, 0.000200000000000000 ) );
#1470 = DIRECTION( '', ( 1.00000000000000, 0.00000000000000, 0.00000000000000 ) );
#1471 = DIRECTION( '', ( 0.00000000000000, 0.00000000000000, -1.00000000000000 ) );
#1472 = SURFACE_STYLE_FILL_AREA( #1994 );
#1473 = ORIENTED_EDGE( '', *, *, #1881, .F. );
#1474 = ORIENTED_EDGE( '', *, *, #1995, .F. );
#1475 = ORIENTED_EDGE( '', *, *, #1996, .F. );
#1476 = ORIENTED_EDGE( '', *, *, #1997, .F. );
#1477 = CARTESIAN_POINT( '', ( 0.00101000000000000, 0.00000000000000, 4.00000000000000E-05 ) );
#1478 = DIRECTION( '', ( -0.00000000000000, -1.00000000000000, -0.00000000000000 ) );
#1479 = DIRECTION( '', ( 0.00000000000000, 0.00000000000000, 1.00000000000000 ) );
#1480 = SURFACE_STYLE_FILL_AREA( #1998 );
#1481 = ORIENTED_EDGE( '', *, *, #1814, .F. );
#1482 = ORIENTED_EDGE( '', *, *, #1944, .F. );
#1483 = ORIENTED_EDGE( '', *, *, #1869, .F. );
#1484 = ORIENTED_EDGE( '', *, *, #1866, .F. );
#1485 = CARTESIAN_POINT( '', ( 0.000950000000000000, 0.000950000000000000, 0.000800000000000000 ) );
#1486 = DIRECTION( '', ( -0.00000000000000, -0.00000000000000, 1.00000000000000 ) );
#1487 = DIRECTION( '', ( -1.00000000000000, 0.00000000000000, 0.00000000000000 ) );
#1488 = SURFACE_STYLE_FILL_AREA( #1999 );
#1489 = ORIENTED_EDGE( '', *, *, #1882, .F. );
#1490 = ORIENTED_EDGE( '', *, *, #1997, .T. );
#1491 = ORIENTED_EDGE( '', *, *, #2000, .T. );
#1492 = ORIENTED_EDGE( '', *, *, #2001, .F. );
#1493 = CARTESIAN_POINT( '', ( 0.00000000000000, 0.00000000000000, 0.00000000000000 ) );
#1494 = DIRECTION( '', ( 0.00000000000000, 0.00000000000000, 1.00000000000000 ) );
#1495 = DIRECTION( '', ( 1.00000000000000, 0.00000000000000, 0.00000000000000 ) );
#1496 = SURFACE_STYLE_FILL_AREA( #2002 );
#1497 = ORIENTED_EDGE( '', *, *, #2003, .T. );
#1498 = ORIENTED_EDGE( '', *, *, #1995, .T. );
#1499 = ORIENTED_EDGE( '', *, *, #1880, .F. );
#1500 = ORIENTED_EDGE( '', *, *, #2004, .T. );
#1501 = CARTESIAN_POINT( '', ( 0.00105000000000000, 0.000750000000000000, 0.000200000000000000 ) );
#1502 = DIRECTION( '', ( 1.00000000000000, 0.00000000000000, 0.00000000000000 ) );
#1503 = DIRECTION( '', ( 0.00000000000000, 0.00000000000000, -1.00000000000000 ) );
#1504 = SURFACE_STYLE_FILL_AREA( #2005 );
#1505 = ORIENTED_EDGE( '', *, *, #2004, .F. );
#1506 = ORIENTED_EDGE( '', *, *, #1884, .T. );
#1507 = ORIENTED_EDGE( '', *, *, #2006, .T. );
#1508 = ORIENTED_EDGE( '', *, *, #2007, .F. );
#1509 = CARTESIAN_POINT( '', ( 0.00000000000000, 0.00000000000000, 0.000200000000000000 ) );
#1510 = DIRECTION( '', ( 0.00000000000000, 0.00000000000000, 1.00000000000000 ) );
#1511 = DIRECTION( '', ( 1.00000000000000, 0.00000000000000, 0.00000000000000 ) );
#1512 = SURFACE_STYLE_FILL_AREA( #2008 );
#1513 = ORIENTED_EDGE( '', *, *, #1818, .F. );
#1514 = ORIENTED_EDGE( '', *, *, #1909, .F. );
#1515 = ORIENTED_EDGE( '', *, *, #2009, .F. );
#1516 = ORIENTED_EDGE( '', *, *, #2010, .F. );
#1517 = CARTESIAN_POINT( '', ( -0.000950000000000000, -0.000950000000000000, 0.000800000000000000 ) );
#1518 = DIRECTION( '', ( -0.00000000000000, -0.00000000000000, 1.00000000000000 ) );
#1519 = DIRECTION( '', ( -1.00000000000000, 0.00000000000000, 0.00000000000000 ) );
#1520 = SURFACE_STYLE_FILL_AREA( #2011 );
#1521 = ORIENTED_EDGE( '', *, *, #1838, .T. );
#1522 = ORIENTED_EDGE( '', *, *, #1941, .T. );
#1523 = ORIENTED_EDGE( '', *, *, #2012, .F. );
#1524 = ORIENTED_EDGE( '', *, *, #1918, .F. );
#1525 = ORIENTED_EDGE( '', *, *, #1914, .T. );
#1526 = CARTESIAN_POINT( '', ( -0.000850000000000000, -0.000400000000000000, 0.000200000000000000 ) );
#1527 = DIRECTION( '', ( 1.35525271560688E-16, -1.00000000000000, 0.00000000000000 ) );
#1528 = DIRECTION( '', ( 1.00000000000000, 1.35525271560688E-16, 0.00000000000000 ) );
#1529 = SURFACE_STYLE_FILL_AREA( #2013 );
#1530 = ORIENTED_EDGE( '', *, *, #2014, .F. );
#1531 = ORIENTED_EDGE( '', *, *, #1928, .T. );
#1532 = ORIENTED_EDGE( '', *, *, #1986, .T. );
#1533 = ORIENTED_EDGE( '', *, *, #1990, .F. );
#1534 = CARTESIAN_POINT( '', ( 0.00000000000000, 0.00000000000000, 0.000200000000000000 ) );
#1535 = DIRECTION( '', ( 0.00000000000000, 0.00000000000000, 1.00000000000000 ) );
#1536 = DIRECTION( '', ( 1.00000000000000, 0.00000000000000, 0.00000000000000 ) );
#1537 = SURFACE_STYLE_FILL_AREA( #2015 );
#1538 = ORIENTED_EDGE( '', *, *, #1981, .F. );
#1539 = ORIENTED_EDGE( '', *, *, #1968, .F. );
#1540 = ORIENTED_EDGE( '', *, *, #1802, .F. );
#1541 = ORIENTED_EDGE( '', *, *, #2016, .F. );
#1542 = CARTESIAN_POINT( '', ( -0.00101000000000000, -0.000750000000000000, 4.00000000000000E-05 ) );
#1543 = DIRECTION( '', ( -0.00000000000000, 1.00000000000000, -0.00000000000000 ) );
#1544 = DIRECTION( '', ( 0.00000000000000, 0.00000000000000, -1.00000000000000 ) );
#1545 = SURFACE_STYLE_FILL_AREA( #2017 );
#1546 = ORIENTED_EDGE( '', *, *, #2018, .T. );
#1547 = ORIENTED_EDGE( '', *, *, #2019, .T. );
#1548 = ORIENTED_EDGE( '', *, *, #2020, .F. );
#1549 = ORIENTED_EDGE( '', *, *, #1971, .T. );
#1550 = CARTESIAN_POINT( '', ( 0.00000000000000, 0.00000000000000, 0.00000000000000 ) );
#1551 = DIRECTION( '', ( 0.00000000000000, 0.00000000000000, 1.00000000000000 ) );
#1552 = DIRECTION( '', ( 1.00000000000000, 0.00000000000000, 0.00000000000000 ) );
#1553 = SURFACE_STYLE_FILL_AREA( #2021 );
#1554 = ORIENTED_EDGE( '', *, *, #1874, .T. );
#1555 = ORIENTED_EDGE( '', *, *, #2022, .T. );
#1556 = ORIENTED_EDGE( '', *, *, #2018, .F. );
#1557 = ORIENTED_EDGE( '', *, *, #1973, .F. );
#1558 = ORIENTED_EDGE( '', *, *, #1834, .T. );
#1559 = CARTESIAN_POINT( '', ( -0.000850000000000000, 0.000100000000000000, 0.000200000000000000 ) );
#1560 = DIRECTION( '', ( 1.35525271560688E-16, -1.00000000000000, 0.00000000000000 ) );
#1561 = DIRECTION( '', ( 1.00000000000000, 1.35525271560688E-16, 0.00000000000000 ) );
#1562 = SURFACE_STYLE_FILL_AREA( #2023 );
#1563 = ORIENTED_EDGE( '', *, *, #2024, .F. );
#1564 = ORIENTED_EDGE( '', *, *, #1933, .T. );
#1565 = ORIENTED_EDGE( '', *, *, #1993, .T. );
#1566 = ORIENTED_EDGE( '', *, *, #1824, .F. );
#1567 = CARTESIAN_POINT( '', ( 0.00000000000000, 0.00000000000000, 0.000200000000000000 ) );
#1568 = DIRECTION( '', ( 0.00000000000000, 0.00000000000000, 1.00000000000000 ) );
#1569 = DIRECTION( '', ( 1.00000000000000, 0.00000000000000, 0.00000000000000 ) );
#1570 = SURFACE_STYLE_FILL_AREA( #2025 );
#1571 = ORIENTED_EDGE( '', *, *, #2009, .T. );
#1572 = ORIENTED_EDGE( '', *, *, #1921, .T. );
#1573 = ORIENTED_EDGE( '', *, *, #1826, .F. );
#1574 = CARTESIAN_POINT( '', ( -0.000950000000000000, -0.000950000000000000, 0.000750000000000000 ) );
#1575 = DIRECTION( '', ( 0.00000000000000, 0.00000000000000, 1.00000000000000 ) );
#1576 = DIRECTION( '', ( 1.00000000000000, 0.00000000000000, 0.00000000000000 ) );
#1577 = SURFACE_STYLE_FILL_AREA( #2026 );
#1578 = ORIENTED_EDGE( '', *, *, #2001, .T. );
#1579 = ORIENTED_EDGE( '', *, *, #2027, .F. );
#1580 = ORIENTED_EDGE( '', *, *, #2006, .F. );
#1581 = ORIENTED_EDGE( '', *, *, #1883, .T. );
#1582 = CARTESIAN_POINT( '', ( 0.000650000000000000, 0.000750000000000000, 0.000200000000000000 ) );
#1583 = DIRECTION( '', ( 1.00000000000000, 0.00000000000000, 0.00000000000000 ) );
#1584 = DIRECTION( '', ( 0.00000000000000, 0.00000000000000, -1.00000000000000 ) );
#1585 = SURFACE_STYLE_FILL_AREA( #2028 );
#1586 = ORIENTED_EDGE( '', *, *, #1878, .F. );
#1587 = ORIENTED_EDGE( '', *, *, #1934, .F. );
#1588 = ORIENTED_EDGE( '', *, *, #2024, .T. );
#1589 = ORIENTED_EDGE( '', *, *, #1823, .T. );
#1590 = CARTESIAN_POINT( '', ( -0.000650000000000000, 0.000750000000000000, 0.000200000000000000 ) );
#1591 = DIRECTION( '', ( 1.00000000000000, 0.00000000000000, 0.00000000000000 ) );
#1592 = DIRECTION( '', ( 0.00000000000000, 0.00000000000000, -1.00000000000000 ) );
#1593 = SURFACE_STYLE_FILL_AREA( #2029 );
#1594 = ORIENTED_EDGE( '', *, *, #2030, .T. );
#1595 = ORIENTED_EDGE( '', *, *, #1951, .T. );
#1596 = ORIENTED_EDGE( '', *, *, #1978, .F. );
#1597 = ORIENTED_EDGE( '', *, *, #1959, .F. );
#1598 = ORIENTED_EDGE( '', *, *, #2031, .T. );
#1599 = CARTESIAN_POINT( '', ( 0.000850000000000000, -0.000400000000000000, 0.000200000000000000 ) );
#1600 = DIRECTION( '', ( 0.00000000000000, 1.00000000000000, 0.00000000000000 ) );
#1601 = DIRECTION( '', ( 0.00000000000000, 0.00000000000000, 1.00000000000000 ) );
#1602 = SURFACE_STYLE_FILL_AREA( #2032 );
#1603 = ORIENTED_EDGE( '', *, *, #1843, .F. );
#1604 = ORIENTED_EDGE( '', *, *, #2033, .T. );
#1605 = ORIENTED_EDGE( '', *, *, #2034, .F. );
#1606 = ORIENTED_EDGE( '', *, *, #1925, .T. );
#1607 = ORIENTED_EDGE( '', *, *, #1856, .T. );
#1608 = CARTESIAN_POINT( '', ( 0.000850000000000000, -0.000900000000000000, 0.000200000000000000 ) );
#1609 = DIRECTION( '', ( 0.00000000000000, -1.00000000000000, 0.00000000000000 ) );
#1610 = DIRECTION( '', ( 0.00000000000000, 0.00000000000000, -1.00000000000000 ) );
#1611 = SURFACE_STYLE_FILL_AREA( #2035 );
#1612 = ORIENTED_EDGE( '', *, *, #2036, .T. );
#1613 = ORIENTED_EDGE( '', *, *, #2037, .T. );
#1614 = ORIENTED_EDGE( '', *, *, #1841, .T. );
#1615 = ORIENTED_EDGE( '', *, *, #1858, .F. );
#1616 = ORIENTED_EDGE( '', *, *, #1924, .F. );
#1617 = CARTESIAN_POINT( '', ( 0.000850000000000000, -0.000600000000000000, 0.000200000000000000 ) );
#1618 = DIRECTION( '', ( 0.00000000000000, -1.00000000000000, 0.00000000000000 ) );
#1619 = DIRECTION( '', ( 0.00000000000000, 0.00000000000000, -1.00000000000000 ) );
#1620 = SURFACE_STYLE_FILL_AREA( #2038 );
#1621 = ORIENTED_EDGE( '', *, *, #2039, .F. );
#1622 = ORIENTED_EDGE( '', *, *, #2040, .F. );
#1623 = ORIENTED_EDGE( '', *, *, #1897, .F. );
#1624 = ORIENTED_EDGE( '', *, *, #1894, .F. );
#1625 = CARTESIAN_POINT( '', ( 0.000390000000000000, 0.000740000000000000, 0.000200000000000000 ) );
#1626 = DIRECTION( '', ( -0.00000000000000, -0.00000000000000, 1.00000000000000 ) );
#1627 = DIRECTION( '', ( -1.00000000000000, 0.00000000000000, 0.00000000000000 ) );
#1628 = SURFACE_STYLE_FILL_AREA( #2041 );
#1629 = ORIENTED_EDGE( '', *, *, #2042, .F. );
#1630 = ORIENTED_EDGE( '', *, *, #2019, .F. );
#1631 = ORIENTED_EDGE( '', *, *, #2022, .F. );
#1632 = ORIENTED_EDGE( '', *, *, #1873, .F. );
#1633 = CARTESIAN_POINT( '', ( -0.00101000000000000, 0.000250000000000000, 4.00000000000000E-05 ) );
#1634 = DIRECTION( '', ( -0.00000000000000, 1.00000000000000, -0.00000000000000 ) );
#1635 = DIRECTION( '', ( 0.00000000000000, 0.00000000000000, -1.00000000000000 ) );
#1636 = SURFACE_STYLE_FILL_AREA( #2043 );
#1637 = ORIENTED_EDGE( '', *, *, #2037, .F. );
#1638 = ORIENTED_EDGE( '', *, *, #2044, .F. );
#1639 = ORIENTED_EDGE( '', *, *, #2033, .F. );
#1640 = ORIENTED_EDGE( '', *, *, #1842, .F. );
#1641 = CARTESIAN_POINT( '', ( 0.00101000000000000, 0.00000000000000, 4.00000000000000E-05 ) );
#1642 = DIRECTION( '', ( -0.00000000000000, -1.00000000000000, -0.00000000000000 ) );
#1643 = DIRECTION( '', ( 0.00000000000000, 0.00000000000000, 1.00000000000000 ) );
#1644 = SURFACE_STYLE_FILL_AREA( #2045 );
#1645 = ORIENTED_EDGE( '', *, *, #1982, .T. );
#1646 = ORIENTED_EDGE( '', *, *, #2016, .T. );
#1647 = ORIENTED_EDGE( '', *, *, #1801, .F. );
#1648 = ORIENTED_EDGE( '', *, *, #1947, .F. );
#1649 = CARTESIAN_POINT( '', ( -0.00105000000000000, -0.000750000000000000, 0.000200000000000000 ) );
#1650 = DIRECTION( '', ( 1.00000000000000, 0.00000000000000, 0.00000000000000 ) );
#1651 = DIRECTION( '', ( 0.00000000000000, 0.00000000000000, -1.00000000000000 ) );
#1652 = SURFACE_STYLE_FILL_AREA( #2046 );
#1653 = ORIENTED_EDGE( '', *, *, #1955, .T. );
#1654 = ORIENTED_EDGE( '', *, *, #1864, .F. );
#1655 = ORIENTED_EDGE( '', *, *, #1868, .F. );
#1656 = ORIENTED_EDGE( '', *, *, #1905, .F. );
#1657 = CARTESIAN_POINT( '', ( 0.000950000000000000, 0.00000000000000, 0.000750000000000000 ) );
#1658 = DIRECTION( '', ( -0.00000000000000, 1.00000000000000, -0.00000000000000 ) );
#1659 = DIRECTION( '', ( 0.00000000000000, 0.00000000000000, -1.00000000000000 ) );
#1660 = SURFACE_STYLE_FILL_AREA( #2047 );
#1661 = ORIENTED_EDGE( '', *, *, #1931, .F. );
#1662 = ORIENTED_EDGE( '', *, *, #1876, .F. );
#1663 = ORIENTED_EDGE( '', *, *, #1821, .F. );
#1664 = ORIENTED_EDGE( '', *, *, #1992, .F. );
#1665 = CARTESIAN_POINT( '', ( -0.00101000000000000, 0.000750000000000000, 4.00000000000000E-05 ) );
#1666 = DIRECTION( '', ( -0.00000000000000, 1.00000000000000, -0.00000000000000 ) );
#1667 = DIRECTION( '', ( 0.00000000000000, 0.00000000000000, -1.00000000000000 ) );
#1668 = SURFACE_STYLE_FILL_AREA( #2048 );
#1669 = ORIENTED_EDGE( '', *, *, #2049, .T. );
#1670 = ORIENTED_EDGE( '', *, *, #1952, .T. );
#1671 = ORIENTED_EDGE( '', *, *, #2030, .F. );
#1672 = ORIENTED_EDGE( '', *, *, #2050, .F. );
#1673 = CARTESIAN_POINT( '', ( 0.00000000000000, 0.00000000000000, 0.00000000000000 ) );
#1674 = DIRECTION( '', ( 0.00000000000000, 0.00000000000000, 1.00000000000000 ) );
#1675 = DIRECTION( '', ( 1.00000000000000, 0.00000000000000, 0.00000000000000 ) );
#1676 = SURFACE_STYLE_FILL_AREA( #2051 );
#1677 = ORIENTED_EDGE( '', *, *, #2000, .F. );
#1678 = ORIENTED_EDGE( '', *, *, #1996, .T. );
#1679 = ORIENTED_EDGE( '', *, *, #2003, .F. );
#1680 = ORIENTED_EDGE( '', *, *, #2007, .T. );
#1681 = ORIENTED_EDGE( '', *, *, #2027, .T. );
#1682 = CARTESIAN_POINT( '', ( 0.000850000000000000, 0.000600000000000000, 0.000200000000000000 ) );
#1683 = DIRECTION( '', ( 0.00000000000000, -1.00000000000000, 0.00000000000000 ) );
#1684 = DIRECTION( '', ( 0.00000000000000, 0.00000000000000, -1.00000000000000 ) );
#1685 = SURFACE_STYLE_FILL_AREA( #2052 );
#1686 = ORIENTED_EDGE( '', *, *, #2053, .T. );
#1687 = ORIENTED_EDGE( '', *, *, #1939, .T. );
#1688 = ORIENTED_EDGE( '', *, *, #1836, .F. );
#1689 = ORIENTED_EDGE( '', *, *, #1913, .F. );
#1690 = ORIENTED_EDGE( '', *, *, #1917, .T. );
#1691 = CARTESIAN_POINT( '', ( -0.000850000000000000, -0.000100000000000000, 0.000200000000000000 ) );
#1692 = DIRECTION( '', ( 1.35525271560688E-16, -1.00000000000000, 0.00000000000000 ) );
#1693 = DIRECTION( '', ( 1.00000000000000, 1.35525271560688E-16, 0.00000000000000 ) );
#1694 = SURFACE_STYLE_FILL_AREA( #2054 );
#1695 = ORIENTED_EDGE( '', *, *, #2020, .T. );
#1696 = ORIENTED_EDGE( '', *, *, #2042, .T. );
#1697 = ORIENTED_EDGE( '', *, *, #1872, .F. );
#1698 = ORIENTED_EDGE( '', *, *, #1832, .F. );
#1699 = ORIENTED_EDGE( '', *, *, #1972, .T. );
#1700 = CARTESIAN_POINT( '', ( -0.000850000000000000, 0.000400000000000000, 0.000200000000000000 ) );
#1701 = DIRECTION( '', ( 1.35525271560688E-16, -1.00000000000000, 0.00000000000000 ) );
#1702 = DIRECTION( '', ( 1.00000000000000, 1.35525271560688E-16, 0.00000000000000 ) );
#1703 = SURFACE_STYLE_FILL_AREA( #2055 );
#1704 = ORIENTED_EDGE( '', *, *, #2034, .T. );
#1705 = ORIENTED_EDGE( '', *, *, #2044, .T. );
#1706 = ORIENTED_EDGE( '', *, *, #2036, .F. );
#1707 = ORIENTED_EDGE( '', *, *, #1923, .T. );
#1708 = CARTESIAN_POINT( '', ( 0.00105000000000000, -0.000750000000000000, 0.000200000000000000 ) );
#1709 = DIRECTION( '', ( 1.00000000000000, 0.00000000000000, 0.00000000000000 ) );
#1710 = DIRECTION( '', ( 0.00000000000000, 0.00000000000000, -1.00000000000000 ) );
#1711 = SURFACE_STYLE_FILL_AREA( #2056 );
#1712 = ORIENTED_EDGE( '', *, *, #1979, .T. );
#1713 = ORIENTED_EDGE( '', *, *, #1949, .T. );
#1714 = ORIENTED_EDGE( '', *, *, #2049, .F. );
#1715 = ORIENTED_EDGE( '', *, *, #2057, .F. );
#1716 = ORIENTED_EDGE( '', *, *, #1957, .T. );
#1717 = CARTESIAN_POINT( '', ( 0.000850000000000000, -0.000100000000000000, 0.000200000000000000 ) );
#1718 = DIRECTION( '', ( 0.00000000000000, 1.00000000000000, 0.00000000000000 ) );
#1719 = DIRECTION( '', ( 0.00000000000000, 0.00000000000000, 1.00000000000000 ) );
#1720 = SURFACE_STYLE_FILL_AREA( #2058 );
#1721 = ORIENTED_EDGE( '', *, *, #2059, .T. );
#1722 = ORIENTED_EDGE( '', *, *, #2060, .T. );
#1723 = ORIENTED_EDGE( '', *, *, #1898, .F. );
#1724 = ORIENTED_EDGE( '', *, *, #2040, .T. );
#1725 = CARTESIAN_POINT( '', ( 0.000450000000000000, 0.00000000000000, 0.000200000000000000 ) );
#1726 = DIRECTION( '', ( 1.00000000000000, 0.00000000000000, 0.00000000000000 ) );
#1727 = DIRECTION( '', ( 0.00000000000000, 0.00000000000000, -1.00000000000000 ) );
#1728 = SURFACE_STYLE_FILL_AREA( #2061 );
#1729 = ORIENTED_EDGE( '', *, *, #2012, .T. );
#1730 = ORIENTED_EDGE( '', *, *, #1940, .T. );
#1731 = ORIENTED_EDGE( '', *, *, #2053, .F. );
#1732 = ORIENTED_EDGE( '', *, *, #1916, .T. );
#1733 = CARTESIAN_POINT( '', ( 0.00000000000000, 0.00000000000000, 0.00000000000000 ) );
#1734 = DIRECTION( '', ( 0.00000000000000, 0.00000000000000, 1.00000000000000 ) );
#1735 = DIRECTION( '', ( 1.00000000000000, 0.00000000000000, 0.00000000000000 ) );
#1736 = SURFACE_STYLE_FILL_AREA( #2062 );
#1737 = ORIENTED_EDGE( '', *, *, #2063, .F. );
#1738 = ORIENTED_EDGE( '', *, *, #1976, .T. );
#1739 = ORIENTED_EDGE( '', *, *, #1901, .T. );
#1740 = ORIENTED_EDGE( '', *, *, #1937, .T. );
#1741 = CARTESIAN_POINT( '', ( -0.000450000000000000, -2.16840434497101E-19, 0.000200000000000000 ) );
#1742 = DIRECTION( '', ( 1.00000000000000, 0.00000000000000, 0.00000000000000 ) );
#1743 = DIRECTION( '', ( 0.00000000000000, 0.00000000000000, -1.00000000000000 ) );
#1744 = SURFACE_STYLE_FILL_AREA( #2064 );
#1745 = ORIENTED_EDGE( '', *, *, #1829, .T. );
#1746 = ORIENTED_EDGE( '', *, *, #1810, .T. );
#1747 = ORIENTED_EDGE( '', *, *, #1812, .T. );
#1748 = ORIENTED_EDGE( '', *, *, #2010, .T. );
#1749 = CARTESIAN_POINT( '', ( -0.00100000000000000, 0.00000000000000, 0.000800000000000000 ) );
#1750 = DIRECTION( '', ( 1.00000000000000, 0.00000000000000, 0.00000000000000 ) );
#1751 = DIRECTION( '', ( 0.00000000000000, 0.00000000000000, -1.00000000000000 ) );
#1752 = SURFACE_STYLE_FILL_AREA( #2065 );
#1753 = ORIENTED_EDGE( '', *, *, #1989, .T. );
#1754 = ORIENTED_EDGE( '', *, *, #2066, .T. );
#1755 = ORIENTED_EDGE( '', *, *, #1886, .F. );
#1756 = ORIENTED_EDGE( '', *, *, #1929, .F. );
#1757 = ORIENTED_EDGE( '', *, *, #2014, .T. );
#1758 = CARTESIAN_POINT( '', ( 0.000850000000000000, 0.000400000000000000, 0.000200000000000000 ) );
#1759 = DIRECTION( '', ( 0.00000000000000, 1.00000000000000, 0.00000000000000 ) );
#1760 = DIRECTION( '', ( 0.00000000000000, 0.00000000000000, 1.00000000000000 ) );
#1761 = SURFACE_STYLE_FILL_AREA( #2067 );
#1762 = ORIENTED_EDGE( '', *, *, #2066, .F. );
#1763 = ORIENTED_EDGE( '', *, *, #1988, .F. );
#1764 = ORIENTED_EDGE( '', *, *, #1984, .F. );
#1765 = ORIENTED_EDGE( '', *, *, #1887, .F. );
#1766 = CARTESIAN_POINT( '', ( 0.00101000000000000, 0.00000000000000, 4.00000000000000E-05 ) );
#1767 = DIRECTION( '', ( -0.00000000000000, -1.00000000000000, -0.00000000000000 ) );
#1768 = DIRECTION( '', ( 0.00000000000000, 0.00000000000000, 1.00000000000000 ) );
#1769 = SURFACE_STYLE_FILL_AREA( #2068 );
#1770 = ORIENTED_EDGE( '', *, *, #2050, .T. );
#1771 = ORIENTED_EDGE( '', *, *, #2031, .F. );
#1772 = ORIENTED_EDGE( '', *, *, #1958, .F. );
#1773 = ORIENTED_EDGE( '', *, *, #2057, .T. );
#1774 = CARTESIAN_POINT( '', ( 0.000650000000000000, -0.000250000000000000, 0.000200000000000000 ) );
#1775 = DIRECTION( '', ( 1.00000000000000, 0.00000000000000, 0.00000000000000 ) );
#1776 = DIRECTION( '', ( 0.00000000000000, 0.00000000000000, -1.00000000000000 ) );
#1777 = SURFACE_STYLE_FILL_AREA( #2069 );
#1778 = ORIENTED_EDGE( '', *, *, #2070, .F. );
#1779 = ORIENTED_EDGE( '', *, *, #1854, .F. );
#1780 = ORIENTED_EDGE( '', *, *, #1899, .F. );
#1781 = ORIENTED_EDGE( '', *, *, #2060, .F. );
#1782 = CARTESIAN_POINT( '', ( 0.000390000000000000, -0.000740000000000000, 0.000200000000000000 ) );
#1783 = DIRECTION( '', ( -0.00000000000000, -0.00000000000000, -1.00000000000000 ) );
#1784 = DIRECTION( '', ( 1.00000000000000, 0.00000000000000, 0.00000000000000 ) );
#1785 = SURFACE_STYLE_FILL_AREA( #2071 );
#1786 = ORIENTED_EDGE( '', *, *, #1893, .F. );
#1787 = ORIENTED_EDGE( '', *, *, #1965, .T. );
#1788 = ORIENTED_EDGE( '', *, *, #1846, .T. );
#1789 = ORIENTED_EDGE( '', *, *, #1975, .T. );
#1790 = ORIENTED_EDGE( '', *, *, #2063, .T. );
#1791 = ORIENTED_EDGE( '', *, *, #1936, .T. );
#1792 = ORIENTED_EDGE( '', *, *, #1851, .T. );
#1793 = ORIENTED_EDGE( '', *, *, #2070, .T. );
#1794 = ORIENTED_EDGE( '', *, *, #2059, .F. );
#1795 = ORIENTED_EDGE( '', *, *, #2039, .T. );
#1796 = CARTESIAN_POINT( '', ( 8.67361737988404E-19, 0.00000000000000, 0.000200000000000000 ) );
#1797 = DIRECTION( '', ( 0.00000000000000, 0.00000000000000, 1.00000000000000 ) );
#1798 = DIRECTION( '', ( 1.00000000000000, 0.00000000000000, 0.00000000000000 ) );
#1800 = FILL_AREA_STYLE( '', ( #2072 ) );
#1801 = EDGE_CURVE( '', #2073, #2074, #2075, .T. );
#1802 = EDGE_CURVE( '', #2074, #2076, #2077, .T. );
#1803 = EDGE_CURVE( '', #2078, #2076, #2079, .T. );
#1804 = EDGE_CURVE( '', #2080, #2078, #2081, .T. );
#1805 = EDGE_CURVE( '', #2080, #2073, #2082, .T. );
#1806 = FILL_AREA_STYLE( '', ( #2083 ) );
#1807 = EDGE_CURVE( '', #2084, #2085, #2086, .F. );
#1808 = EDGE_CURVE( '', #2087, #2085, #2088, .F. );
#1809 = EDGE_CURVE( '', #2089, #2087, #2090, .F. );
#1810 = EDGE_CURVE( '', #2084, #2089, #2091, .T. );
#1811 = FILL_AREA_STYLE( '', ( #2092 ) );
#1812 = EDGE_CURVE( '', #2089, #2093, #2094, .T. );
#1813 = EDGE_CURVE( '', #2087, #2095, #2096, .T. );
#1814 = EDGE_CURVE( '', #2095, #2097, #2098, .F. );
#1815 = EDGE_CURVE( '', #2097, #2099, #2100, .T. );
#1816 = EDGE_CURVE( '', #2099, #2101, #2102, .F. );
#1817 = EDGE_CURVE( '', #2103, #2101, #2104, .T. );
#1818 = EDGE_CURVE( '', #2103, #2093, #2105, .F. );
#1819 = FILL_AREA_STYLE( '', ( #2106 ) );
#1820 = EDGE_CURVE( '', #2107, #2108, #2109, .T. );
#1821 = EDGE_CURVE( '', #2108, #2110, #2111, .T. );
#1822 = EDGE_CURVE( '', #2112, #2110, #2113, .T. );
#1823 = EDGE_CURVE( '', #2114, #2112, #2115, .T. );
#1824 = EDGE_CURVE( '', #2114, #2107, #2116, .T. );
#1825 = FILL_AREA_STYLE( '', ( #2117 ) );
#1826 = EDGE_CURVE( '', #2118, #2119, #2120, .F. );
#1827 = EDGE_CURVE( '', #2121, #2119, #2122, .T. );
#1828 = EDGE_CURVE( '', #2084, #2121, #2123, .T. );
#1829 = EDGE_CURVE( '', #2118, #2084, #2124, .F. );
#1830 = FILL_AREA_STYLE( '', ( #2125 ) );
#1831 = EDGE_CURVE( '', #2126, #2127, #2128, .T. );
#1832 = EDGE_CURVE( '', #2126, #2129, #2130, .T. );
#1833 = EDGE_CURVE( '', #2129, #2131, #2132, .T. );
#1834 = EDGE_CURVE( '', #2127, #2131, #2133, .T. );
#1835 = FILL_AREA_STYLE( '', ( #2134 ) );
#1836 = EDGE_CURVE( '', #2135, #2136, #2137, .T. );
#1837 = EDGE_CURVE( '', #2136, #2138, #2139, .T. );
#1838 = EDGE_CURVE( '', #2140, #2138, #2141, .T. );
#1839 = EDGE_CURVE( '', #2135, #2140, #2142, .T. );
#1840 = FILL_AREA_STYLE( '', ( #2143 ) );
#1841 = EDGE_CURVE( '', #2144, #2145, #2146, .T. );
#1842 = EDGE_CURVE( '', #2144, #2147, #2148, .T. );
#1843 = EDGE_CURVE( '', #2147, #2149, #2150, .T. );
#1844 = EDGE_CURVE( '', #2145, #2149, #2151, .T. );
#1845 = FILL_AREA_STYLE( '', ( #2152 ) );
#1846 = EDGE_CURVE( '', #2153, #2154, #2155, .T. );
#1847 = EDGE_CURVE( '', #2153, #2156, #2157, .F. );
#1848 = EDGE_CURVE( '', #2158, #2156, #2159, .T. );
#1849 = EDGE_CURVE( '', #2158, #2154, #2160, .F. );
#1850 = FILL_AREA_STYLE( '', ( #2161 ) );
#1851 = EDGE_CURVE( '', #2162, #2163, #2164, .T. );
#1852 = EDGE_CURVE( '', #2162, #2165, #2166, .T. );
#1853 = EDGE_CURVE( '', #2165, #2167, #2168, .T. );
#1854 = EDGE_CURVE( '', #2167, #2163, #2169, .F. );
#1855 = FILL_AREA_STYLE( '', ( #2170 ) );
#1856 = EDGE_CURVE( '', #2171, #2149, #2172, .T. );
#1857 = EDGE_CURVE( '', #2173, #2171, #2174, .T. );
#1858 = EDGE_CURVE( '', #2173, #2145, #2175, .T. );
#1859 = FILL_AREA_STYLE( '', ( #2176 ) );
#1860 = EDGE_CURVE( '', #2177, #2078, #2178, .T. );
#1861 = EDGE_CURVE( '', #2179, #2177, #2180, .T. );
#1862 = EDGE_CURVE( '', #2179, #2080, #2181, .T. );
#1863 = FILL_AREA_STYLE( '', ( #2182 ) );
#1864 = EDGE_CURVE( '', #2183, #2184, #2185, .T. );
#1865 = EDGE_CURVE( '', #2184, #2099, #2186, .T. );
#1866 = EDGE_CURVE( '', #2097, #2183, #2187, .F. );
#1867 = FILL_AREA_STYLE( '', ( #2188 ) );
#1868 = EDGE_CURVE( '', #2189, #2183, #2190, .T. );
#1869 = EDGE_CURVE( '', #2183, #2191, #2192, .T. );
#1870 = EDGE_CURVE( '', #2189, #2191, #2193, .F. );
#1871 = FILL_AREA_STYLE( '', ( #2194 ) );
#1872 = EDGE_CURVE( '', #2129, #2195, #2196, .T. );
#1873 = EDGE_CURVE( '', #2195, #2197, #2198, .T. );
#1874 = EDGE_CURVE( '', #2131, #2197, #2199, .T. );
#1875 = FILL_AREA_STYLE( '', ( #2200 ) );
#1876 = EDGE_CURVE( '', #2110, #2201, #2202, .F. );
#1877 = EDGE_CURVE( '', #2203, #2201, #2204, .T. );
#1878 = EDGE_CURVE( '', #2203, #2112, #2205, .T. );
#1879 = FILL_AREA_STYLE( '', ( #2206 ) );
#1880 = EDGE_CURVE( '', #2207, #2208, #2209, .T. );
#1881 = EDGE_CURVE( '', #2208, #2210, #2211, .F. );
#1882 = EDGE_CURVE( '', #2210, #2212, #2213, .T. );
#1883 = EDGE_CURVE( '', #2214, #2212, #2215, .T. );
#1884 = EDGE_CURVE( '', #2207, #2214, #2216, .T. );
#1885 = FILL_AREA_STYLE( '', ( #2217 ) );
#1886 = EDGE_CURVE( '', #2218, #2219, #2220, .T. );
#1887 = EDGE_CURVE( '', #2219, #2221, #2222, .T. );
#1888 = EDGE_CURVE( '', #2223, #2221, #2224, .T. );
#1889 = EDGE_CURVE( '', #2218, #2223, #2225, .T. );
#1890 = FILL_AREA_STYLE( '', ( #2226 ) );
#1891 = EDGE_CURVE( '', #2227, #2228, #2229, .T. );
#1892 = EDGE_CURVE( '', #2227, #2230, #2231, .T. );
#1893 = EDGE_CURVE( '', #2230, #2232, #2233, .T. );
#1894 = EDGE_CURVE( '', #2232, #2228, #2234, .T. );
#1895 = FILL_AREA_STYLE( '', ( #2235 ) );
#1896 = EDGE_CURVE( '', #2156, #2227, #2236, .F. );
#1897 = EDGE_CURVE( '', #2228, #2237, #2238, .F. );
#1898 = EDGE_CURVE( '', #2237, #2239, #2240, .T. );
#1899 = EDGE_CURVE( '', #2239, #2167, #2241, .F. );
#1900 = EDGE_CURVE( '', #2165, #2242, #2243, .F. );
#1901 = EDGE_CURVE( '', #2244, #2242, #2245, .T. );
#1902 = EDGE_CURVE( '', #2244, #2158, #2246, .F. );
#1903 = FILL_AREA_STYLE( '', ( #2247 ) );
#1904 = EDGE_CURVE( '', #2119, #2248, #2249, .T. );
#1905 = EDGE_CURVE( '', #2248, #2189, #2250, .F. );
#1906 = EDGE_CURVE( '', #2189, #2121, #2251, .F. );
#1907 = FILL_AREA_STYLE( '', ( #2252 ) );
#1908 = EDGE_CURVE( '', #2253, #2254, #2255, .F. );
#1909 = EDGE_CURVE( '', #2254, #2103, #2256, .T. );
#1910 = EDGE_CURVE( '', #2101, #2253, #2257, .F. );
#1911 = FILL_AREA_STYLE( '', ( #2258 ) );
#1912 = EDGE_CURVE( '', #2259, #2260, #2261, .T. );
#1913 = EDGE_CURVE( '', #2259, #2135, #2262, .T. );
#1914 = EDGE_CURVE( '', #2260, #2140, #2263, .T. );
#1915 = FILL_AREA_STYLE( '', ( #2264 ) );
#1916 = EDGE_CURVE( '', #2265, #2266, #2267, .T. );
#1917 = EDGE_CURVE( '', #2259, #2265, #2268, .T. );
#1918 = EDGE_CURVE( '', #2260, #2266, #2269, .T. );
#1919 = FILL_AREA_STYLE( '', ( #2270 ) );
#1920 = EDGE_CURVE( '', #2253, #2248, #2271, .F. );
#1921 = EDGE_CURVE( '', #2254, #2119, #2272, .T. );
#1922 = FILL_AREA_STYLE( '', ( #2273 ) );
#1923 = EDGE_CURVE( '', #2274, #2275, #2276, .T. );
#1924 = EDGE_CURVE( '', #2274, #2173, #2277, .T. );
#1925 = EDGE_CURVE( '', #2275, #2171, #2278, .T. );
#1926 = FILL_AREA_STYLE( '', ( #2279 ) );
#1927 = EDGE_CURVE( '', #2280, #2223, #2281, .T. );
#1928 = EDGE_CURVE( '', #2282, #2280, #2283, .T. );
#1929 = EDGE_CURVE( '', #2282, #2218, #2284, .T. );
#1930 = FILL_AREA_STYLE( '', ( #2285 ) );
#1931 = EDGE_CURVE( '', #2201, #2286, #2287, .F. );
#1932 = EDGE_CURVE( '', #2288, #2286, #2289, .T. );
#1933 = EDGE_CURVE( '', #2290, #2288, #2291, .T. );
#1934 = EDGE_CURVE( '', #2290, #2203, #2292, .T. );
#1935 = FILL_AREA_STYLE( '', ( #2293 ) );
#1936 = EDGE_CURVE( '', #2294, #2162, #2295, .T. );
#1937 = EDGE_CURVE( '', #2242, #2294, #2296, .F. );
#1938 = FILL_AREA_STYLE( '', ( #2297 ) );
#1939 = EDGE_CURVE( '', #2298, #2136, #2299, .F. );
#1940 = EDGE_CURVE( '', #2300, #2298, #2301, .F. );
#1941 = EDGE_CURVE( '', #2138, #2300, #2302, .T. );
#1942 = FILL_AREA_STYLE( '', ( #2303 ) );
#1943 = EDGE_CURVE( '', #2085, #2191, #2304, .T. );
#1944 = EDGE_CURVE( '', #2191, #2095, #2305, .T. );
#1945 = FILL_AREA_STYLE( '', ( #2306 ) );
#1946 = EDGE_CURVE( '', #2179, #2307, #2308, .T. );
#1947 = EDGE_CURVE( '', #2307, #2073, #2309, .T. );
#1948 = FILL_AREA_STYLE( '', ( #2310 ) );
#1949 = EDGE_CURVE( '', #2311, #2312, #2313, .T. );
#1950 = EDGE_CURVE( '', #2314, #2311, #2315, .F. );
#1951 = EDGE_CURVE( '', #2316, #2314, #2317, .F. );
#1952 = EDGE_CURVE( '', #2312, #2316, #2318, .T. );
#1953 = FILL_AREA_STYLE( '', ( #2319 ) );
#1954 = EDGE_CURVE( '', #2253, #2184, #2320, .T. );
#1955 = EDGE_CURVE( '', #2248, #2184, #2321, .F. );
#1956 = FILL_AREA_STYLE( '', ( #2322 ) );
#1957 = EDGE_CURVE( '', #2323, #2324, #2325, .T. );
#1958 = EDGE_CURVE( '', #2323, #2326, #2327, .T. );
#1959 = EDGE_CURVE( '', #2326, #2328, #2329, .T. );
#1960 = EDGE_CURVE( '', #2324, #2328, #2330, .T. );
#1961 = FILL_AREA_STYLE( '', ( #2331 ) );
#1962 = EDGE_CURVE( '', #2121, #2085, #2332, .T. );
#1963 = FILL_AREA_STYLE( '', ( #2333 ) );
#1964 = FILL_AREA_STYLE( '', ( #2334 ) );
#1965 = EDGE_CURVE( '', #2230, #2153, #2335, .T. );
#1966 = FILL_AREA_STYLE( '', ( #2336 ) );
#1967 = FILL_AREA_STYLE( '', ( #2337 ) );
#1968 = EDGE_CURVE( '', #2076, #2338, #2339, .F. );
#1969 = EDGE_CURVE( '', #2177, #2338, #2340, .T. );
#1970 = FILL_AREA_STYLE( '', ( #2341 ) );
#1971 = EDGE_CURVE( '', #2342, #2343, #2344, .T. );
#1972 = EDGE_CURVE( '', #2126, #2342, #2345, .T. );
#1973 = EDGE_CURVE( '', #2127, #2343, #2346, .T. );
#1974 = FILL_AREA_STYLE( '', ( #2347 ) );
#1975 = EDGE_CURVE( '', #2154, #2348, #2349, .T. );
#1976 = EDGE_CURVE( '', #2348, #2244, #2350, .T. );
#1977 = FILL_AREA_STYLE( '', ( #2351 ) );
#1978 = EDGE_CURVE( '', #2328, #2314, #2352, .T. );
#1979 = EDGE_CURVE( '', #2324, #2311, #2353, .T. );
#1980 = FILL_AREA_STYLE( '', ( #2354 ) );
#1981 = EDGE_CURVE( '', #2338, #2355, #2356, .F. );
#1982 = EDGE_CURVE( '', #2307, #2355, #2357, .T. );
#1983 = FILL_AREA_STYLE( '', ( #2358 ) );
#1984 = EDGE_CURVE( '', #2221, #2359, #2360, .F. );
#1985 = EDGE_CURVE( '', #2361, #2359, #2362, .T. );
#1986 = EDGE_CURVE( '', #2280, #2361, #2363, .T. );
#1987 = FILL_AREA_STYLE( '', ( #2364 ) );
#1988 = EDGE_CURVE( '', #2359, #2365, #2366, .F. );
#1989 = EDGE_CURVE( '', #2367, #2365, #2368, .T. );
#1990 = EDGE_CURVE( '', #2367, #2361, #2369, .T. );
#1991 = FILL_AREA_STYLE( '', ( #2370 ) );
#1992 = EDGE_CURVE( '', #2286, #2108, #2371, .T. );
#1993 = EDGE_CURVE( '', #2288, #2107, #2372, .T. );
#1994 = FILL_AREA_STYLE( '', ( #2373 ) );
#1995 = EDGE_CURVE( '', #2374, #2208, #2375, .F. );
#1996 = EDGE_CURVE( '', #2376, #2374, #2377, .T. );
#1997 = EDGE_CURVE( '', #2210, #2376, #2378, .T. );
#1998 = FILL_AREA_STYLE( '', ( #2379 ) );
#1999 = FILL_AREA_STYLE( '', ( #2380 ) );
#2000 = EDGE_CURVE( '', #2376, #2381, #2382, .T. );
#2001 = EDGE_CURVE( '', #2212, #2381, #2383, .T. );
#2002 = FILL_AREA_STYLE( '', ( #2384 ) );
#2003 = EDGE_CURVE( '', #2385, #2374, #2386, .T. );
#2004 = EDGE_CURVE( '', #2207, #2385, #2387, .T. );
#2005 = FILL_AREA_STYLE( '', ( #2388 ) );
#2006 = EDGE_CURVE( '', #2214, #2389, #2390, .T. );
#2007 = EDGE_CURVE( '', #2385, #2389, #2391, .T. );
#2008 = FILL_AREA_STYLE( '', ( #2392 ) );
#2009 = EDGE_CURVE( '', #2118, #2254, #2393, .T. );
#2010 = EDGE_CURVE( '', #2093, #2118, #2394, .F. );
#2011 = FILL_AREA_STYLE( '', ( #2395 ) );
#2012 = EDGE_CURVE( '', #2266, #2300, #2396, .T. );
#2013 = FILL_AREA_STYLE( '', ( #2397 ) );
#2014 = EDGE_CURVE( '', #2282, #2367, #2398, .T. );
#2015 = FILL_AREA_STYLE( '', ( #2399 ) );
#2016 = EDGE_CURVE( '', #2355, #2074, #2400, .T. );
#2017 = FILL_AREA_STYLE( '', ( #2401 ) );
#2018 = EDGE_CURVE( '', #2343, #2402, #2403, .T. );
#2019 = EDGE_CURVE( '', #2402, #2404, #2405, .F. );
#2020 = EDGE_CURVE( '', #2342, #2404, #2406, .T. );
#2021 = FILL_AREA_STYLE( '', ( #2407 ) );
#2022 = EDGE_CURVE( '', #2197, #2402, #2408, .T. );
#2023 = FILL_AREA_STYLE( '', ( #2409 ) );
#2024 = EDGE_CURVE( '', #2290, #2114, #2410, .T. );
#2025 = FILL_AREA_STYLE( '', ( #2411 ) );
#2026 = FILL_AREA_STYLE( '', ( #2412 ) );
#2027 = EDGE_CURVE( '', #2389, #2381, #2413, .T. );
#2028 = FILL_AREA_STYLE( '', ( #2414 ) );
#2029 = FILL_AREA_STYLE( '', ( #2415 ) );
#2030 = EDGE_CURVE( '', #2416, #2316, #2417, .T. );
#2031 = EDGE_CURVE( '', #2326, #2416, #2418, .T. );
#2032 = FILL_AREA_STYLE( '', ( #2419 ) );
#2033 = EDGE_CURVE( '', #2147, #2420, #2421, .T. );
#2034 = EDGE_CURVE( '', #2275, #2420, #2422, .T. );
#2035 = FILL_AREA_STYLE( '', ( #2423 ) );
#2036 = EDGE_CURVE( '', #2274, #2424, #2425, .T. );
#2037 = EDGE_CURVE( '', #2424, #2144, #2426, .F. );
#2038 = FILL_AREA_STYLE( '', ( #2427 ) );
#2039 = EDGE_CURVE( '', #2428, #2232, #2429, .T. );
#2040 = EDGE_CURVE( '', #2237, #2428, #2430, .F. );
#2041 = FILL_AREA_STYLE( '', ( #2431 ) );
#2042 = EDGE_CURVE( '', #2404, #2195, #2432, .F. );
#2043 = FILL_AREA_STYLE( '', ( #2433 ) );
#2044 = EDGE_CURVE( '', #2420, #2424, #2434, .F. );
#2045 = FILL_AREA_STYLE( '', ( #2435 ) );
#2046 = FILL_AREA_STYLE( '', ( #2436 ) );
#2047 = FILL_AREA_STYLE( '', ( #2437 ) );
#2048 = FILL_AREA_STYLE( '', ( #2438 ) );
#2049 = EDGE_CURVE( '', #2439, #2312, #2440, .T. );
#2050 = EDGE_CURVE( '', #2439, #2416, #2441, .T. );
#2051 = FILL_AREA_STYLE( '', ( #2442 ) );
#2052 = FILL_AREA_STYLE( '', ( #2443 ) );
#2053 = EDGE_CURVE( '', #2265, #2298, #2444, .T. );
#2054 = FILL_AREA_STYLE( '', ( #2445 ) );
#2055 = FILL_AREA_STYLE( '', ( #2446 ) );
#2056 = FILL_AREA_STYLE( '', ( #2447 ) );
#2057 = EDGE_CURVE( '', #2323, #2439, #2448, .T. );
#2058 = FILL_AREA_STYLE( '', ( #2449 ) );
#2059 = EDGE_CURVE( '', #2428, #2450, #2451, .T. );
#2060 = EDGE_CURVE( '', #2450, #2239, #2452, .T. );
#2061 = FILL_AREA_STYLE( '', ( #2453 ) );
#2062 = FILL_AREA_STYLE( '', ( #2454 ) );
#2063 = EDGE_CURVE( '', #2348, #2294, #2455, .T. );
#2064 = FILL_AREA_STYLE( '', ( #2456 ) );
#2065 = FILL_AREA_STYLE( '', ( #2457 ) );
#2066 = EDGE_CURVE( '', #2365, #2219, #2458, .T. );
#2067 = FILL_AREA_STYLE( '', ( #2459 ) );
#2068 = FILL_AREA_STYLE( '', ( #2460 ) );
#2069 = FILL_AREA_STYLE( '', ( #2461 ) );
#2070 = EDGE_CURVE( '', #2163, #2450, #2462, .T. );
#2071 = FILL_AREA_STYLE( '', ( #2463 ) );
#2072 = FILL_AREA_STYLE_COLOUR( '', #2464 );
#2073 = VERTEX_POINT( '', #2465 );
#2074 = VERTEX_POINT( '', #2466 );
#2075 = LINE( '', #2467, #2468 );
#2076 = VERTEX_POINT( '', #2469 );
#2077 = CIRCLE( '', #2470, 4.00000000000000E-05 );
#2078 = VERTEX_POINT( '', #2471 );
#2079 = LINE( '', #2472, #2473 );
#2080 = VERTEX_POINT( '', #2474 );
#2081 = LINE( '', #2475, #2476 );
#2082 = LINE( '', #2477, #2478 );
#2083 = FILL_AREA_STYLE_COLOUR( '', #2479 );
#2084 = VERTEX_POINT( '', #2480 );
#2085 = VERTEX_POINT( '', #2481 );
#2086 = CIRCLE( '', #2482, 5.00000000000000E-05 );
#2087 = VERTEX_POINT( '', #2483 );
#2088 = LINE( '', #2484, #2485 );
#2089 = VERTEX_POINT( '', #2486 );
#2090 = CIRCLE( '', #2487, 5.00000000000000E-05 );
#2091 = LINE( '', #2488, #2489 );
#2092 = FILL_AREA_STYLE_COLOUR( '', #2490 );
#2093 = VERTEX_POINT( '', #2491 );
#2094 = LINE( '', #2492, #2493 );
#2095 = VERTEX_POINT( '', #2494 );
#2096 = LINE( '', #2495, #2496 );
#2097 = VERTEX_POINT( '', #2497 );
#2098 = CIRCLE( '', #2498, 5.00000000000000E-05 );
#2099 = VERTEX_POINT( '', #2499 );
#2100 = LINE( '', #2500, #2501 );
#2101 = VERTEX_POINT( '', #2502 );
#2102 = CIRCLE( '', #2503, 5.00000000000000E-05 );
#2103 = VERTEX_POINT( '', #2504 );
#2104 = LINE( '', #2505, #2506 );
#2105 = CIRCLE( '', #2507, 5.00000000000000E-05 );
#2106 = FILL_AREA_STYLE_COLOUR( '', #2508 );
#2107 = VERTEX_POINT( '', #2509 );
#2108 = VERTEX_POINT( '', #2510 );
#2109 = LINE( '', #2511, #2512 );
#2110 = VERTEX_POINT( '', #2513 );
#2111 = CIRCLE( '', #2514, 4.00000000000000E-05 );
#2112 = VERTEX_POINT( '', #2515 );
#2113 = LINE( '', #2516, #2517 );
#2114 = VERTEX_POINT( '', #2518 );
#2115 = LINE( '', #2519, #2520 );
#2116 = LINE( '', #2521, #2522 );
#2117 = FILL_AREA_STYLE_COLOUR( '', #2523 );
#2118 = VERTEX_POINT( '', #2524 );
#2119 = VERTEX_POINT( '', #2525 );
#2120 = CIRCLE( '', #2526, 5.00000000000000E-05 );
#2121 = VERTEX_POINT( '', #2527 );
#2122 = LINE( '', #2528, #2529 );
#2123 = CIRCLE( '', #2530, 5.00000000000000E-05 );
#2124 = LINE( '', #2531, #2532 );
#2125 = FILL_AREA_STYLE_COLOUR( '', #2533 );
#2126 = VERTEX_POINT( '', #2534 );
#2127 = VERTEX_POINT( '', #2535 );
#2128 = LINE( '', #2536, #2537 );
#2129 = VERTEX_POINT( '', #2538 );
#2130 = LINE( '', #2539, #2540 );
#2131 = VERTEX_POINT( '', #2541 );
#2132 = LINE( '', #2542, #2543 );
#2133 = LINE( '', #2544, #2545 );
#2134 = FILL_AREA_STYLE_COLOUR( '', #2546 );
#2135 = VERTEX_POINT( '', #2547 );
#2136 = VERTEX_POINT( '', #2548 );
#2137 = LINE( '', #2549, #2550 );
#2138 = VERTEX_POINT( '', #2551 );
#2139 = LINE( '', #2552, #2553 );
#2140 = VERTEX_POINT( '', #2554 );
#2141 = LINE( '', #2555, #2556 );
#2142 = LINE( '', #2557, #2558 );
#2143 = FILL_AREA_STYLE_COLOUR( '', #2559 );
#2144 = VERTEX_POINT( '', #2560 );
#2145 = VERTEX_POINT( '', #2561 );
#2146 = LINE( '', #2562, #2563 );
#2147 = VERTEX_POINT( '', #2564 );
#2148 = LINE( '', #2565, #2566 );
#2149 = VERTEX_POINT( '', #2567 );
#2150 = LINE( '', #2568, #2569 );
#2151 = LINE( '', #2570, #2571 );
#2152 = FILL_AREA_STYLE_COLOUR( '', #2572 );
#2153 = VERTEX_POINT( '', #2573 );
#2154 = VERTEX_POINT( '', #2574 );
#2155 = LINE( '', #2575, #2576 );
#2156 = VERTEX_POINT( '', #2577 );
#2157 = LINE( '', #2578, #2579 );
#2158 = VERTEX_POINT( '', #2580 );
#2159 = LINE( '', #2581, #2582 );
#2160 = LINE( '', #2583, #2584 );
#2161 = FILL_AREA_STYLE_COLOUR( '', #2585 );
#2162 = VERTEX_POINT( '', #2586 );
#2163 = VERTEX_POINT( '', #2587 );
#2164 = LINE( '', #2588, #2589 );
#2165 = VERTEX_POINT( '', #2590 );
#2166 = LINE( '', #2591, #2592 );
#2167 = VERTEX_POINT( '', #2593 );
#2168 = LINE( '', #2594, #2595 );
#2169 = LINE( '', #2596, #2597 );
#2170 = FILL_AREA_STYLE_COLOUR( '', #2598 );
#2171 = VERTEX_POINT( '', #2599 );
#2172 = LINE( '', #2600, #2601 );
#2173 = VERTEX_POINT( '', #2602 );
#2174 = LINE( '', #2603, #2604 );
#2175 = LINE( '', #2605, #2606 );
#2176 = FILL_AREA_STYLE_COLOUR( '', #2607 );
#2177 = VERTEX_POINT( '', #2608 );
#2178 = LINE( '', #2609, #2610 );
#2179 = VERTEX_POINT( '', #2611 );
#2180 = LINE( '', #2612, #2613 );
#2181 = LINE( '', #2614, #2615 );
#2182 = FILL_AREA_STYLE_COLOUR( '', #2616 );
#2183 = VERTEX_POINT( '', #2617 );
#2184 = VERTEX_POINT( '', #2618 );
#2185 = LINE( '', #2619, #2620 );
#2186 = LINE( '', #2621, #2622 );
#2187 = LINE( '', #2623, #2624 );
#2188 = FILL_AREA_STYLE_COLOUR( '', #2625 );
#2189 = VERTEX_POINT( '', #2626 );
#2190 = CIRCLE( '', #2627, 5.00000000000000E-05 );
#2191 = VERTEX_POINT( '', #2628 );
#2192 = CIRCLE( '', #2629, 5.00000000000000E-05 );
#2193 = CIRCLE( '', #2630, 5.00000000000000E-05 );
#2194 = FILL_AREA_STYLE_COLOUR( '', #2631 );
#2195 = VERTEX_POINT( '', #2632 );
#2196 = LINE( '', #2633, #2634 );
#2197 = VERTEX_POINT( '', #2635 );
#2198 = LINE( '', #2636, #2637 );
#2199 = LINE( '', #2638, #2639 );
#2200 = FILL_AREA_STYLE_COLOUR( '', #2640 );
#2201 = VERTEX_POINT( '', #2641 );
#2202 = LINE( '', #2642, #2643 );
#2203 = VERTEX_POINT( '', #2644 );
#2204 = LINE( '', #2645, #2646 );
#2205 = LINE( '', #2647, #2648 );
#2206 = FILL_AREA_STYLE_COLOUR( '', #2649 );
#2207 = VERTEX_POINT( '', #2650 );
#2208 = VERTEX_POINT( '', #2651 );
#2209 = LINE( '', #2652, #2653 );
#2210 = VERTEX_POINT( '', #2654 );
#2211 = CIRCLE( '', #2655, 4.00000000000000E-05 );
#2212 = VERTEX_POINT( '', #2656 );
#2213 = LINE( '', #2657, #2658 );
#2214 = VERTEX_POINT( '', #2659 );
#2215 = LINE( '', #2660, #2661 );
#2216 = LINE( '', #2662, #2663 );
#2217 = FILL_AREA_STYLE_COLOUR( '', #2664 );
#2218 = VERTEX_POINT( '', #2665 );
#2219 = VERTEX_POINT( '', #2666 );
#2220 = LINE( '', #2667, #2668 );
#2221 = VERTEX_POINT( '', #2669 );
#2222 = LINE( '', #2670, #2671 );
#2223 = VERTEX_POINT( '', #2672 );
#2224 = LINE( '', #2673, #2674 );
#2225 = LINE( '', #2675, #2676 );
#2226 = FILL_AREA_STYLE_COLOUR( '', #2677 );
#2227 = VERTEX_POINT( '', #2678 );
#2228 = VERTEX_POINT( '', #2679 );
#2229 = LINE( '', #2680, #2681 );
#2230 = VERTEX_POINT( '', #2682 );
#2231 = LINE( '', #2683, #2684 );
#2232 = VERTEX_POINT( '', #2685 );
#2233 = LINE( '', #2686, #2687 );
#2234 = LINE( '', #2688, #2689 );
#2235 = FILL_AREA_STYLE_COLOUR( '', #2690 );
#2236 = CIRCLE( '', #2691, 6.00000000000000E-05 );
#2237 = VERTEX_POINT( '', #2692 );
#2238 = CIRCLE( '', #2693, 6.00000000000000E-05 );
#2239 = VERTEX_POINT( '', #2694 );
#2240 = LINE( '', #2695, #2696 );
#2241 = CIRCLE( '', #2697, 6.00000000000000E-05 );
#2242 = VERTEX_POINT( '', #2698 );
#2243 = CIRCLE( '', #2699, 6.00000000000000E-05 );
#2244 = VERTEX_POINT( '', #2700 );
#2245 = LINE( '', #2701, #2702 );
#2246 = CIRCLE( '', #2703, 6.00000000000000E-05 );
#2247 = FILL_AREA_STYLE_COLOUR( '', #2704 );
#2248 = VERTEX_POINT( '', #2705 );
#2249 = LINE( '', #2706, #2707 );
#2250 = LINE( '', #2708, #2709 );
#2251 = LINE( '', #2710, #2711 );
#2252 = FILL_AREA_STYLE_COLOUR( '', #2712 );
#2253 = VERTEX_POINT( '', #2713 );
#2254 = VERTEX_POINT( '', #2714 );
#2255 = LINE( '', #2715, #2716 );
#2256 = LINE( '', #2717, #2718 );
#2257 = LINE( '', #2719, #2720 );
#2258 = FILL_AREA_STYLE_COLOUR( '', #2721 );
#2259 = VERTEX_POINT( '', #2722 );
#2260 = VERTEX_POINT( '', #2723 );
#2261 = LINE( '', #2724, #2725 );
#2262 = LINE( '', #2726, #2727 );
#2263 = LINE( '', #2728, #2729 );
#2264 = FILL_AREA_STYLE_COLOUR( '', #2730 );
#2265 = VERTEX_POINT( '', #2731 );
#2266 = VERTEX_POINT( '', #2732 );
#2267 = LINE( '', #2733, #2734 );
#2268 = LINE( '', #2735, #2736 );
#2269 = LINE( '', #2737, #2738 );
#2270 = FILL_AREA_STYLE_COLOUR( '', #2739 );
#2271 = CIRCLE( '', #2740, 5.00000000000000E-05 );
#2272 = CIRCLE( '', #2741, 5.00000000000000E-05 );
#2273 = FILL_AREA_STYLE_COLOUR( '', #2742 );
#2274 = VERTEX_POINT( '', #2743 );
#2275 = VERTEX_POINT( '', #2744 );
#2276 = LINE( '', #2745, #2746 );
#2277 = LINE( '', #2747, #2748 );
#2278 = LINE( '', #2749, #2750 );
#2279 = FILL_AREA_STYLE_COLOUR( '', #2751 );
#2280 = VERTEX_POINT( '', #2752 );
#2281 = LINE( '', #2753, #2754 );
#2282 = VERTEX_POINT( '', #2755 );
#2283 = LINE( '', #2756, #2757 );
#2284 = LINE( '', #2758, #2759 );
#2285 = FILL_AREA_STYLE_COLOUR( '', #2760 );
#2286 = VERTEX_POINT( '', #2761 );
#2287 = CIRCLE( '', #2762, 4.00000000000000E-05 );
#2288 = VERTEX_POINT( '', #2763 );
#2289 = LINE( '', #2764, #2765 );
#2290 = VERTEX_POINT( '', #2766 );
#2291 = LINE( '', #2767, #2768 );
#2292 = LINE( '', #2769, #2770 );
#2293 = FILL_AREA_STYLE_COLOUR( '', #2771 );
#2294 = VERTEX_POINT( '', #2772 );
#2295 = CIRCLE( '', #2773, 6.00000000000000E-05 );
#2296 = LINE( '', #2774, #2775 );
#2297 = FILL_AREA_STYLE_COLOUR( '', #2776 );
#2298 = VERTEX_POINT( '', #2777 );
#2299 = CIRCLE( '', #2778, 4.00000000000000E-05 );
#2300 = VERTEX_POINT( '', #2779 );
#2301 = LINE( '', #2780, #2781 );
#2302 = CIRCLE( '', #2782, 4.00000000000000E-05 );
#2303 = FILL_AREA_STYLE_COLOUR( '', #2783 );
#2304 = LINE( '', #2784, #2785 );
#2305 = LINE( '', #2786, #2787 );
#2306 = FILL_AREA_STYLE_COLOUR( '', #2788 );
#2307 = VERTEX_POINT( '', #2789 );
#2308 = LINE( '', #2790, #2791 );
#2309 = LINE( '', #2792, #2793 );
#2310 = FILL_AREA_STYLE_COLOUR( '', #2794 );
#2311 = VERTEX_POINT( '', #2795 );
#2312 = VERTEX_POINT( '', #2796 );
#2313 = CIRCLE( '', #2797, 4.00000000000000E-05 );
#2314 = VERTEX_POINT( '', #2798 );
#2315 = LINE( '', #2799, #2800 );
#2316 = VERTEX_POINT( '', #2801 );
#2317 = CIRCLE( '', #2802, 4.00000000000000E-05 );
#2318 = LINE( '', #2803, #2804 );
#2319 = FILL_AREA_STYLE_COLOUR( '', #2805 );
#2320 = CIRCLE( '', #2806, 5.00000000000000E-05 );
#2321 = CIRCLE( '', #2807, 5.00000000000000E-05 );
#2322 = FILL_AREA_STYLE_COLOUR( '', #2808 );
#2323 = VERTEX_POINT( '', #2809 );
#2324 = VERTEX_POINT( '', #2810 );
#2325 = LINE( '', #2811, #2812 );
#2326 = VERTEX_POINT( '', #2813 );
#2327 = LINE( '', #2814, #2815 );
#2328 = VERTEX_POINT( '', #2816 );
#2329 = LINE( '', #2817, #2818 );
#2330 = LINE( '', #2819, #2820 );
#2331 = FILL_AREA_STYLE_COLOUR( '', #2821 );
#2332 = CIRCLE( '', #2822, 5.00000000000000E-05 );
#2333 = FILL_AREA_STYLE_COLOUR( '', #2823 );
#2334 = FILL_AREA_STYLE_COLOUR( '', #2824 );
#2335 = CIRCLE( '', #2825, 6.00000000000000E-05 );
#2336 = FILL_AREA_STYLE_COLOUR( '', #2826 );
#2337 = FILL_AREA_STYLE_COLOUR( '', #2827 );
#2338 = VERTEX_POINT( '', #2828 );
#2339 = LINE( '', #2829, #2830 );
#2340 = LINE( '', #2831, #2832 );
#2341 = FILL_AREA_STYLE_COLOUR( '', #2833 );
#2342 = VERTEX_POINT( '', #2834 );
#2343 = VERTEX_POINT( '', #2835 );
#2344 = LINE( '', #2836, #2837 );
#2345 = LINE( '', #2838, #2839 );
#2346 = LINE( '', #2840, #2841 );
#2347 = FILL_AREA_STYLE_COLOUR( '', #2842 );
#2348 = VERTEX_POINT( '', #2843 );
#2349 = CIRCLE( '', #2844, 6.00000000000000E-05 );
#2350 = LINE( '', #2845, #2846 );
#2351 = FILL_AREA_STYLE_COLOUR( '', #2847 );
#2352 = LINE( '', #2848, #2849 );
#2353 = LINE( '', #2850, #2851 );
#2354 = FILL_AREA_STYLE_COLOUR( '', #2852 );
#2355 = VERTEX_POINT( '', #2853 );
#2356 = CIRCLE( '', #2854, 4.00000000000000E-05 );
#2357 = LINE( '', #2855, #2856 );
#2358 = FILL_AREA_STYLE_COLOUR( '', #2857 );
#2359 = VERTEX_POINT( '', #2858 );
#2360 = CIRCLE( '', #2859, 4.00000000000000E-05 );
#2361 = VERTEX_POINT( '', #2860 );
#2362 = LINE( '', #2861, #2862 );
#2363 = LINE( '', #2863, #2864 );
#2364 = FILL_AREA_STYLE_COLOUR( '', #2865 );
#2365 = VERTEX_POINT( '', #2866 );
#2366 = LINE( '', #2867, #2868 );
#2367 = VERTEX_POINT( '', #2869 );
#2368 = LINE( '', #2870, #2871 );
#2369 = LINE( '', #2872, #2873 );
#2370 = FILL_AREA_STYLE_COLOUR( '', #2874 );
#2371 = LINE( '', #2875, #2876 );
#2372 = LINE( '', #2877, #2878 );
#2373 = FILL_AREA_STYLE_COLOUR( '', #2879 );
#2374 = VERTEX_POINT( '', #2880 );
#2375 = LINE( '', #2881, #2882 );
#2376 = VERTEX_POINT( '', #2883 );
#2377 = CIRCLE( '', #2884, 4.00000000000000E-05 );
#2378 = LINE( '', #2885, #2886 );
#2379 = FILL_AREA_STYLE_COLOUR( '', #2887 );
#2380 = FILL_AREA_STYLE_COLOUR( '', #2888 );
#2381 = VERTEX_POINT( '', #2889 );
#2382 = LINE( '', #2890, #2891 );
#2383 = LINE( '', #2892, #2893 );
#2384 = FILL_AREA_STYLE_COLOUR( '', #2894 );
#2385 = VERTEX_POINT( '', #2895 );
#2386 = LINE( '', #2896, #2897 );
#2387 = LINE( '', #2898, #2899 );
#2388 = FILL_AREA_STYLE_COLOUR( '', #2900 );
#2389 = VERTEX_POINT( '', #2901 );
#2390 = LINE( '', #2902, #2903 );
#2391 = LINE( '', #2904, #2905 );
#2392 = FILL_AREA_STYLE_COLOUR( '', #2906 );
#2393 = CIRCLE( '', #2907, 5.00000000000000E-05 );
#2394 = LINE( '', #2908, #2909 );
#2395 = FILL_AREA_STYLE_COLOUR( '', #2910 );
#2396 = LINE( '', #2911, #2912 );
#2397 = FILL_AREA_STYLE_COLOUR( '', #2913 );
#2398 = LINE( '', #2914, #2915 );
#2399 = FILL_AREA_STYLE_COLOUR( '', #2916 );
#2400 = LINE( '', #2917, #2918 );
#2401 = FILL_AREA_STYLE_COLOUR( '', #2919 );
#2402 = VERTEX_POINT( '', #2920 );
#2403 = LINE( '', #2921, #2922 );
#2404 = VERTEX_POINT( '', #2923 );
#2405 = LINE( '', #2924, #2925 );
#2406 = LINE( '', #2926, #2927 );
#2407 = FILL_AREA_STYLE_COLOUR( '', #2928 );
#2408 = CIRCLE( '', #2929, 4.00000000000000E-05 );
#2409 = FILL_AREA_STYLE_COLOUR( '', #2930 );
#2410 = LINE( '', #2931, #2932 );
#2411 = FILL_AREA_STYLE_COLOUR( '', #2933 );
#2412 = FILL_AREA_STYLE_COLOUR( '', #2934 );
#2413 = LINE( '', #2935, #2936 );
#2414 = FILL_AREA_STYLE_COLOUR( '', #2937 );
#2415 = FILL_AREA_STYLE_COLOUR( '', #2938 );
#2416 = VERTEX_POINT( '', #2939 );
#2417 = LINE( '', #2940, #2941 );
#2418 = LINE( '', #2942, #2943 );
#2419 = FILL_AREA_STYLE_COLOUR( '', #2944 );
#2420 = VERTEX_POINT( '', #2945 );
#2421 = CIRCLE( '', #2946, 4.00000000000000E-05 );
#2422 = LINE( '', #2947, #2948 );
#2423 = FILL_AREA_STYLE_COLOUR( '', #2949 );
#2424 = VERTEX_POINT( '', #2950 );
#2425 = LINE( '', #2951, #2952 );
#2426 = CIRCLE( '', #2953, 4.00000000000000E-05 );
#2427 = FILL_AREA_STYLE_COLOUR( '', #2954 );
#2428 = VERTEX_POINT( '', #2955 );
#2429 = CIRCLE( '', #2956, 6.00000000000000E-05 );
#2430 = LINE( '', #2957, #2958 );
#2431 = FILL_AREA_STYLE_COLOUR( '', #2959 );
#2432 = CIRCLE( '', #2960, 4.00000000000000E-05 );
#2433 = FILL_AREA_STYLE_COLOUR( '', #2961 );
#2434 = LINE( '', #2962, #2963 );
#2435 = FILL_AREA_STYLE_COLOUR( '', #2964 );
#2436 = FILL_AREA_STYLE_COLOUR( '', #2965 );
#2437 = FILL_AREA_STYLE_COLOUR( '', #2966 );
#2438 = FILL_AREA_STYLE_COLOUR( '', #2967 );
#2439 = VERTEX_POINT( '', #2968 );
#2440 = LINE( '', #2969, #2970 );
#2441 = LINE( '', #2971, #2972 );
#2442 = FILL_AREA_STYLE_COLOUR( '', #2973 );
#2443 = FILL_AREA_STYLE_COLOUR( '', #2974 );
#2444 = LINE( '', #2975, #2976 );
#2445 = FILL_AREA_STYLE_COLOUR( '', #2977 );
#2446 = FILL_AREA_STYLE_COLOUR( '', #2978 );
#2447 = FILL_AREA_STYLE_COLOUR( '', #2979 );
#2448 = LINE( '', #2980, #2981 );
#2449 = FILL_AREA_STYLE_COLOUR( '', #2982 );
#2450 = VERTEX_POINT( '', #2983 );
#2451 = LINE( '', #2984, #2985 );
#2452 = LINE( '', #2986, #2987 );
#2453 = FILL_AREA_STYLE_COLOUR( '', #2988 );
#2454 = FILL_AREA_STYLE_COLOUR( '', #2989 );
#2455 = LINE( '', #2990, #2991 );
#2456 = FILL_AREA_STYLE_COLOUR( '', #2992 );
#2457 = FILL_AREA_STYLE_COLOUR( '', #2993 );
#2458 = CIRCLE( '', #2994, 4.00000000000000E-05 );
#2459 = FILL_AREA_STYLE_COLOUR( '', #2995 );
#2460 = FILL_AREA_STYLE_COLOUR( '', #2996 );
#2461 = FILL_AREA_STYLE_COLOUR( '', #2997 );
#2462 = CIRCLE( '', #2998, 6.00000000000000E-05 );
#2463 = FILL_AREA_STYLE_COLOUR( '', #2999 );
#2464 = COLOUR_RGB( '', 0.800000011900000, 0.800000011900000, 0.800000011900000 );
#2465 = CARTESIAN_POINT( '', ( -0.00105000000000000, -0.000900000000000000, 0.000200000000000000 ) );
#2466 = CARTESIAN_POINT( '', ( -0.00105000000000000, -0.000900000000000000, 4.00000000000000E-05 ) );
#2467 = CARTESIAN_POINT( '', ( -0.00105000000000000, -0.000900000000000000, 0.000200000000000000 ) );
#2468 = VECTOR( '', #3000, 1.00000000000000 );
#2469 = CARTESIAN_POINT( '', ( -0.00101000000000000, -0.000900000000000000, 0.00000000000000 ) );
#2470 = AXIS2_PLACEMENT_3D( '', #3001, #3002, #3003 );
#2471 = CARTESIAN_POINT( '', ( -0.000650000000000000, -0.000900000000000000, 0.00000000000000 ) );
#2472 = CARTESIAN_POINT( '', ( -0.000850000000000000, -0.000900000000000000, 0.00000000000000 ) );
#2473 = VECTOR( '', #3004, 1.00000000000000 );
#2474 = CARTESIAN_POINT( '', ( -0.000650000000000000, -0.000900000000000000, 0.000200000000000000 ) );
#2475 = CARTESIAN_POINT( '', ( -0.000650000000000000, -0.000900000000000000, 0.000200000000000000 ) );
#2476 = VECTOR( '', #3005, 1.00000000000000 );
#2477 = CARTESIAN_POINT( '', ( -0.000850000000000000, -0.000900000000000000, 0.000200000000000000 ) );
#2478 = VECTOR( '', #3006, 1.00000000000000 );
#2479 = COLOUR_RGB( '', 0.262745112200000, 0.282352954100000, 0.301960796100000 );
#2480 = CARTESIAN_POINT( '', ( -0.00100000000000000, 0.000950000000000000, 0.000750000000000000 ) );
#2481 = CARTESIAN_POINT( '', ( -0.000950000000000000, 0.00100000000000000, 0.000750000000000000 ) );
#2482 = AXIS2_PLACEMENT_3D( '', #3007, #3008, #3009 );
#2483 = CARTESIAN_POINT( '', ( -0.000950000000000000, 0.00100000000000000, 0.00000000000000 ) );
#2484 = CARTESIAN_POINT( '', ( -0.000950000000000000, 0.00100000000000000, 0.000800000000000000 ) );
#2485 = VECTOR( '', #3010, 1.00000000000000 );
#2486 = CARTESIAN_POINT( '', ( -0.00100000000000000, 0.000950000000000000, 0.00000000000000 ) );
#2487 = AXIS2_PLACEMENT_3D( '', #3011, #3012, #3013 );
#2488 = CARTESIAN_POINT( '', ( -0.00100000000000000, 0.000950000000000000, 0.00000000000000 ) );
#2489 = VECTOR( '', #3014, 1.00000000000000 );
#2490 = COLOUR_RGB( '', 0.262745112200000, 0.282352954100000, 0.301960796100000 );
#2491 = CARTESIAN_POINT( '', ( -0.00100000000000000, -0.000950000000000000, 0.00000000000000 ) );
#2492 = CARTESIAN_POINT( '', ( -0.00100000000000000, 0.00000000000000, 0.00000000000000 ) );
#2493 = VECTOR( '', #3015, 1.00000000000000 );
#2494 = CARTESIAN_POINT( '', ( 0.000950000000000000, 0.00100000000000000, 0.00000000000000 ) );
#2495 = CARTESIAN_POINT( '', ( 4.33680868994202E-19, 0.00100000000000000, 0.00000000000000 ) );
#2496 = VECTOR( '', #3016, 1.00000000000000 );
#2497 = CARTESIAN_POINT( '', ( 0.00100000000000000, 0.000950000000000000, 0.00000000000000 ) );
#2498 = AXIS2_PLACEMENT_3D( '', #3017, #3018, #3019 );
#2499 = CARTESIAN_POINT( '', ( 0.00100000000000000, -0.000950000000000000, 0.00000000000000 ) );
#2500 = CARTESIAN_POINT( '', ( 0.00100000000000000, 0.00000000000000, 0.00000000000000 ) );
#2501 = VECTOR( '', #3020, 1.00000000000000 );
#2502 = CARTESIAN_POINT( '', ( 0.000950000000000000, -0.00100000000000000, 0.00000000000000 ) );
#2503 = AXIS2_PLACEMENT_3D( '', #3021, #3022, #3023 );
#2504 = CARTESIAN_POINT( '', ( -0.000950000000000000, -0.00100000000000000, 0.00000000000000 ) );
#2505 = CARTESIAN_POINT( '', ( 4.33680868994202E-19, -0.00100000000000000, 0.00000000000000 ) );
#2506 = VECTOR( '', #3024, 1.00000000000000 );
#2507 = AXIS2_PLACEMENT_3D( '', #3025, #3026, #3027 );
#2508 = COLOUR_RGB( '', 0.800000011900000, 0.800000011900000, 0.800000011900000 );
#2509 = CARTESIAN_POINT( '', ( -0.00105000000000000, 0.000600000000000000, 0.000200000000000000 ) );
#2510 = CARTESIAN_POINT( '', ( -0.00105000000000000, 0.000600000000000000, 4.00000000000000E-05 ) );
#2511 = CARTESIAN_POINT( '', ( -0.00105000000000000, 0.000600000000000000, 0.000200000000000000 ) );
#2512 = VECTOR( '', #3028, 1.00000000000000 );
#2513 = CARTESIAN_POINT( '', ( -0.00101000000000000, 0.000600000000000000, 0.00000000000000 ) );
#2514 = AXIS2_PLACEMENT_3D( '', #3029, #3030, #3031 );
#2515 = CARTESIAN_POINT( '', ( -0.000650000000000000, 0.000600000000000000, 0.00000000000000 ) );
#2516 = CARTESIAN_POINT( '', ( -0.000850000000000000, 0.000600000000000000, 0.00000000000000 ) );
#2517 = VECTOR( '', #3032, 1.00000000000000 );
#2518 = CARTESIAN_POINT( '', ( -0.000650000000000000, 0.000600000000000000, 0.000200000000000000 ) );
#2519 = CARTESIAN_POINT( '', ( -0.000650000000000000, 0.000600000000000000, 0.000200000000000000 ) );
#2520 = VECTOR( '', #3033, 1.00000000000000 );
#2521 = CARTESIAN_POINT( '', ( -0.000850000000000000, 0.000600000000000000, 0.000200000000000000 ) );
#2522 = VECTOR( '', #3034, 1.00000000000000 );
#2523 = COLOUR_RGB( '', 0.262745112200000, 0.282352954100000, 0.301960796100000 );
#2524 = CARTESIAN_POINT( '', ( -0.00100000000000000, -0.000950000000000000, 0.000750000000000000 ) );
#2525 = CARTESIAN_POINT( '', ( -0.000950000000000000, -0.000950000000000000, 0.000800000000000000 ) );
#2526 = AXIS2_PLACEMENT_3D( '', #3035, #3036, #3037 );
#2527 = CARTESIAN_POINT( '', ( -0.000950000000000000, 0.000950000000000000, 0.000800000000000000 ) );
#2528 = CARTESIAN_POINT( '', ( -0.000950000000000000, -0.00100000000000000, 0.000800000000000000 ) );
#2529 = VECTOR( '', #3038, 1.00000000000000 );
#2530 = AXIS2_PLACEMENT_3D( '', #3039, #3040, #3041 );
#2531 = CARTESIAN_POINT( '', ( -0.00100000000000000, 0.00100000000000000, 0.000750000000000000 ) );
#2532 = VECTOR( '', #3042, 1.00000000000000 );
#2533 = COLOUR_RGB( '', 0.800000011900000, 0.800000011900000, 0.800000011900000 );
#2534 = CARTESIAN_POINT( '', ( -0.000650000000000000, 0.000400000000000000, 0.000200000000000000 ) );
#2535 = CARTESIAN_POINT( '', ( -0.000650000000000000, 0.000100000000000000, 0.000200000000000000 ) );
#2536 = CARTESIAN_POINT( '', ( -0.000650000000000000, 0.000250000000000000, 0.000200000000000000 ) );
#2537 = VECTOR( '', #3043, 1.00000000000000 );
#2538 = CARTESIAN_POINT( '', ( -0.00105000000000000, 0.000400000000000000, 0.000200000000000000 ) );
#2539 = CARTESIAN_POINT( '', ( -0.000850000000000000, 0.000400000000000000, 0.000200000000000000 ) );
#2540 = VECTOR( '', #3044, 1.00000000000000 );
#2541 = CARTESIAN_POINT( '', ( -0.00105000000000000, 0.000100000000000000, 0.000200000000000000 ) );
#2542 = CARTESIAN_POINT( '', ( -0.00105000000000000, 0.000250000000000000, 0.000200000000000000 ) );
#2543 = VECTOR( '', #3045, 1.00000000000000 );
#2544 = CARTESIAN_POINT( '', ( -0.000850000000000000, 0.000100000000000000, 0.000200000000000000 ) );
#2545 = VECTOR( '', #3046, 1.00000000000000 );
#2546 = COLOUR_RGB( '', 0.800000011900000, 0.800000011900000, 0.800000011900000 );
#2547 = CARTESIAN_POINT( '', ( -0.00105000000000000, -0.000100000000000000, 0.000200000000000000 ) );
#2548 = CARTESIAN_POINT( '', ( -0.00105000000000000, -0.000100000000000000, 4.00000000000000E-05 ) );
#2549 = CARTESIAN_POINT( '', ( -0.00105000000000000, -0.000100000000000000, 0.000200000000000000 ) );
#2550 = VECTOR( '', #3047, 1.00000000000000 );
#2551 = CARTESIAN_POINT( '', ( -0.00105000000000000, -0.000400000000000000, 4.00000000000000E-05 ) );
#2552 = CARTESIAN_POINT( '', ( -0.00105000000000000, -0.000250000000000000, 4.00000000000000E-05 ) );
#2553 = VECTOR( '', #3048, 1.00000000000000 );
#2554 = CARTESIAN_POINT( '', ( -0.00105000000000000, -0.000400000000000000, 0.000200000000000000 ) );
#2555 = CARTESIAN_POINT( '', ( -0.00105000000000000, -0.000400000000000000, 0.000200000000000000 ) );
#2556 = VECTOR( '', #3049, 1.00000000000000 );
#2557 = CARTESIAN_POINT( '', ( -0.00105000000000000, -0.000250000000000000, 0.000200000000000000 ) );
#2558 = VECTOR( '', #3050, 1.00000000000000 );
#2559 = COLOUR_RGB( '', 0.800000011900000, 0.800000011900000, 0.800000011900000 );
#2560 = CARTESIAN_POINT( '', ( 0.00101000000000000, -0.000600000000000000, 0.00000000000000 ) );
#2561 = CARTESIAN_POINT( '', ( 0.000650000000000000, -0.000600000000000000, 0.00000000000000 ) );
#2562 = CARTESIAN_POINT( '', ( 0.000850000000000000, -0.000600000000000000, 0.00000000000000 ) );
#2563 = VECTOR( '', #3051, 1.00000000000000 );
#2564 = CARTESIAN_POINT( '', ( 0.00101000000000000, -0.000900000000000000, 0.00000000000000 ) );
#2565 = CARTESIAN_POINT( '', ( 0.00101000000000000, -0.000900000000000000, 0.00000000000000 ) );
#2566 = VECTOR( '', #3052, 1.00000000000000 );
#2567 = CARTESIAN_POINT( '', ( 0.000650000000000000, -0.000900000000000000, 0.00000000000000 ) );
#2568 = CARTESIAN_POINT( '', ( 0.000850000000000000, -0.000900000000000000, 0.00000000000000 ) );
#2569 = VECTOR( '', #3053, 1.00000000000000 );
#2570 = CARTESIAN_POINT( '', ( 0.000650000000000000, -0.000750000000000000, 0.00000000000000 ) );
#2571 = VECTOR( '', #3054, 1.00000000000000 );
#2572 = COLOUR_RGB( '', 0.800000011900000, 0.800000011900000, 0.800000011900000 );
#2573 = CARTESIAN_POINT( '', ( -0.000217573593128807, 0.000782426406871193, 0.000200000000000000 ) );
#2574 = CARTESIAN_POINT( '', ( -0.000432426406871192, 0.000567573593128807, 0.000200000000000000 ) );
#2575 = CARTESIAN_POINT( '', ( -0.000500000000000000, 0.000500000000000000, 0.000200000000000000 ) );
#2576 = VECTOR( '', #3055, 1.00000000000000 );
#2577 = CARTESIAN_POINT( '', ( -0.000217573593128807, 0.000782426406871193, 0.00000000000000 ) );
#2578 = CARTESIAN_POINT( '', ( -0.000217573593128807, 0.000782426406871193, 0.000200000000000000 ) );
#2579 = VECTOR( '', #3056, 1.00000000000000 );
#2580 = CARTESIAN_POINT( '', ( -0.000432426406871192, 0.000567573593128807, 0.00000000000000 ) );
#2581 = CARTESIAN_POINT( '', ( -0.000450000000000000, 0.000550000000000000, 0.00000000000000 ) );
#2582 = VECTOR( '', #3057, 1.00000000000000 );
#2583 = CARTESIAN_POINT( '', ( -0.000432426406871192, 0.000567573593128807, 0.000200000000000000 ) );
#2584 = VECTOR( '', #3058, 1.00000000000000 );
#2585 = COLOUR_RGB( '', 0.800000011900000, 0.800000011900000, 0.800000011900000 );
#2586 = CARTESIAN_POINT( '', ( -0.000390000000000000, -0.000800000000000000, 0.000200000000000000 ) );
#2587 = CARTESIAN_POINT( '', ( 0.000390000000000000, -0.000800000000000000, 0.000200000000000000 ) );
#2588 = CARTESIAN_POINT( '', ( 1.08420217248550E-19, -0.000800000000000000, 0.000200000000000000 ) );
#2589 = VECTOR( '', #3059, 1.00000000000000 );
#2590 = CARTESIAN_POINT( '', ( -0.000390000000000000, -0.000800000000000000, 0.00000000000000 ) );
#2591 = CARTESIAN_POINT( '', ( -0.000390000000000000, -0.000800000000000000, 0.000200000000000000 ) );
#2592 = VECTOR( '', #3060, 1.00000000000000 );
#2593 = CARTESIAN_POINT( '', ( 0.000390000000000000, -0.000800000000000000, 0.00000000000000 ) );
#2594 = CARTESIAN_POINT( '', ( 1.08420217248550E-19, -0.000800000000000000, 0.00000000000000 ) );
#2595 = VECTOR( '', #3061, 1.00000000000000 );
#2596 = CARTESIAN_POINT( '', ( 0.000390000000000000, -0.000800000000000000, 0.000200000000000000 ) );
#2597 = VECTOR( '', #3062, 1.00000000000000 );
#2598 = COLOUR_RGB( '', 0.800000011900000, 0.800000011900000, 0.800000011900000 );
#2599 = CARTESIAN_POINT( '', ( 0.000650000000000000, -0.000900000000000000, 0.000200000000000000 ) );
#2600 = CARTESIAN_POINT( '', ( 0.000650000000000000, -0.000900000000000000, 0.000200000000000000 ) );
#2601 = VECTOR( '', #3063, 1.00000000000000 );
#2602 = CARTESIAN_POINT( '', ( 0.000650000000000000, -0.000600000000000000, 0.000200000000000000 ) );
#2603 = CARTESIAN_POINT( '', ( 0.000650000000000000, -0.000750000000000000, 0.000200000000000000 ) );
#2604 = VECTOR( '', #3064, 1.00000000000000 );
#2605 = CARTESIAN_POINT( '', ( 0.000650000000000000, -0.000600000000000000, 0.000200000000000000 ) );
#2606 = VECTOR( '', #3065, 1.00000000000000 );
#2607 = COLOUR_RGB( '', 0.800000011900000, 0.800000011900000, 0.800000011900000 );
#2608 = CARTESIAN_POINT( '', ( -0.000650000000000000, -0.000600000000000000, 0.00000000000000 ) );
#2609 = CARTESIAN_POINT( '', ( -0.000650000000000000, -0.000750000000000000, 0.00000000000000 ) );
#2610 = VECTOR( '', #3066, 1.00000000000000 );
#2611 = CARTESIAN_POINT( '', ( -0.000650000000000000, -0.000600000000000000, 0.000200000000000000 ) );
#2612 = CARTESIAN_POINT( '', ( -0.000650000000000000, -0.000600000000000000, 0.000200000000000000 ) );
#2613 = VECTOR( '', #3067, 1.00000000000000 );
#2614 = CARTESIAN_POINT( '', ( -0.000650000000000000, -0.000750000000000000, 0.000200000000000000 ) );
#2615 = VECTOR( '', #3068, 1.00000000000000 );
#2616 = COLOUR_RGB( '', 0.262745112200000, 0.282352954100000, 0.301960796100000 );
#2617 = CARTESIAN_POINT( '', ( 0.00100000000000000, 0.000950000000000000, 0.000750000000000000 ) );
#2618 = CARTESIAN_POINT( '', ( 0.00100000000000000, -0.000950000000000000, 0.000750000000000000 ) );
#2619 = CARTESIAN_POINT( '', ( 0.00100000000000000, 0.00000000000000, 0.000750000000000000 ) );
#2620 = VECTOR( '', #3069, 1.00000000000000 );
#2621 = CARTESIAN_POINT( '', ( 0.00100000000000000, -0.000950000000000000, 0.00000000000000 ) );
#2622 = VECTOR( '', #3070, 1.00000000000000 );
#2623 = CARTESIAN_POINT( '', ( 0.00100000000000000, 0.000950000000000000, 0.000800000000000000 ) );
#2624 = VECTOR( '', #3071, 1.00000000000000 );
#2625 = COLOUR_RGB( '', 0.262745112200000, 0.282352954100000, 0.301960796100000 );
#2626 = CARTESIAN_POINT( '', ( 0.000950000000000000, 0.000950000000000000, 0.000800000000000000 ) );
#2627 = AXIS2_PLACEMENT_3D( '', #3072, #3073, #3074 );
#2628 = CARTESIAN_POINT( '', ( 0.000950000000000000, 0.00100000000000000, 0.000750000000000000 ) );
#2629 = AXIS2_PLACEMENT_3D( '', #3075, #3076, #3077 );
#2630 = AXIS2_PLACEMENT_3D( '', #3078, #3079, #3080 );
#2631 = COLOUR_RGB( '', 0.800000011900000, 0.800000011900000, 0.800000011900000 );
#2632 = CARTESIAN_POINT( '', ( -0.00105000000000000, 0.000400000000000000, 4.00000000000000E-05 ) );
#2633 = CARTESIAN_POINT( '', ( -0.00105000000000000, 0.000400000000000000, 0.000200000000000000 ) );
#2634 = VECTOR( '', #3081, 1.00000000000000 );
#2635 = CARTESIAN_POINT( '', ( -0.00105000000000000, 0.000100000000000000, 4.00000000000000E-05 ) );
#2636 = CARTESIAN_POINT( '', ( -0.00105000000000000, 0.000250000000000000, 4.00000000000000E-05 ) );
#2637 = VECTOR( '', #3082, 1.00000000000000 );
#2638 = CARTESIAN_POINT( '', ( -0.00105000000000000, 0.000100000000000000, 0.000200000000000000 ) );
#2639 = VECTOR( '', #3083, 1.00000000000000 );
#2640 = COLOUR_RGB( '', 0.800000011900000, 0.800000011900000, 0.800000011900000 );
#2641 = CARTESIAN_POINT( '', ( -0.00101000000000000, 0.000900000000000000, 0.00000000000000 ) );
#2642 = CARTESIAN_POINT( '', ( -0.00101000000000000, 0.00000000000000, 0.00000000000000 ) );
#2643 = VECTOR( '', #3084, 1.00000000000000 );
#2644 = CARTESIAN_POINT( '', ( -0.000650000000000000, 0.000900000000000000, 0.00000000000000 ) );
#2645 = CARTESIAN_POINT( '', ( -0.000850000000000000, 0.000900000000000000, 0.00000000000000 ) );
#2646 = VECTOR( '', #3085, 1.00000000000000 );
#2647 = CARTESIAN_POINT( '', ( -0.000650000000000000, 0.000750000000000000, 0.00000000000000 ) );
#2648 = VECTOR( '', #3086, 1.00000000000000 );
#2649 = COLOUR_RGB( '', 0.800000011900000, 0.800000011900000, 0.800000011900000 );
#2650 = CARTESIAN_POINT( '', ( 0.00105000000000000, 0.000900000000000000, 0.000200000000000000 ) );
#2651 = CARTESIAN_POINT( '', ( 0.00105000000000000, 0.000900000000000000, 4.00000000000000E-05 ) );
#2652 = CARTESIAN_POINT( '', ( 0.00105000000000000, 0.000900000000000000, 0.000200000000000000 ) );
#2653 = VECTOR( '', #3087, 1.00000000000000 );
#2654 = CARTESIAN_POINT( '', ( 0.00101000000000000, 0.000900000000000000, 0.00000000000000 ) );
#2655 = AXIS2_PLACEMENT_3D( '', #3088, #3089, #3090 );
#2656 = CARTESIAN_POINT( '', ( 0.000650000000000000, 0.000900000000000000, 0.00000000000000 ) );
#2657 = CARTESIAN_POINT( '', ( 0.000850000000000000, 0.000900000000000000, 0.00000000000000 ) );
#2658 = VECTOR( '', #3091, 1.00000000000000 );
#2659 = CARTESIAN_POINT( '', ( 0.000650000000000000, 0.000900000000000000, 0.000200000000000000 ) );
#2660 = CARTESIAN_POINT( '', ( 0.000650000000000000, 0.000900000000000000, 0.000200000000000000 ) );
#2661 = VECTOR( '', #3092, 1.00000000000000 );
#2662 = CARTESIAN_POINT( '', ( 0.000850000000000000, 0.000900000000000000, 0.000200000000000000 ) );
#2663 = VECTOR( '', #3093, 1.00000000000000 );
#2664 = COLOUR_RGB( '', 0.800000011900000, 0.800000011900000, 0.800000011900000 );
#2665 = CARTESIAN_POINT( '', ( 0.000650000000000000, 0.000400000000000000, 0.00000000000000 ) );
#2666 = CARTESIAN_POINT( '', ( 0.00101000000000000, 0.000400000000000000, 0.00000000000000 ) );
#2667 = CARTESIAN_POINT( '', ( 0.000850000000000000, 0.000400000000000000, 0.00000000000000 ) );
#2668 = VECTOR( '', #3094, 1.00000000000000 );
#2669 = CARTESIAN_POINT( '', ( 0.00101000000000000, 0.000100000000000000, 0.00000000000000 ) );
#2670 = CARTESIAN_POINT( '', ( 0.00101000000000000, 0.000100000000000000, 0.00000000000000 ) );
#2671 = VECTOR( '', #3095, 1.00000000000000 );
#2672 = CARTESIAN_POINT( '', ( 0.000650000000000000, 0.000100000000000000, 0.00000000000000 ) );
#2673 = CARTESIAN_POINT( '', ( 0.000850000000000000, 0.000100000000000000, 0.00000000000000 ) );
#2674 = VECTOR( '', #3096, 1.00000000000000 );
#2675 = CARTESIAN_POINT( '', ( 0.000650000000000000, 0.000250000000000000, 0.00000000000000 ) );
#2676 = VECTOR( '', #3097, 1.00000000000000 );
#2677 = COLOUR_RGB( '', 0.800000011900000, 0.800000011900000, 0.800000011900000 );
#2678 = CARTESIAN_POINT( '', ( -0.000175147186257614, 0.000800000000000000, 0.00000000000000 ) );
#2679 = CARTESIAN_POINT( '', ( 0.000390000000000000, 0.000800000000000000, 0.00000000000000 ) );
#2680 = CARTESIAN_POINT( '', ( 2.16840434497101E-19, 0.000800000000000000, 0.00000000000000 ) );
#2681 = VECTOR( '', #3098, 1.00000000000000 );
#2682 = CARTESIAN_POINT( '', ( -0.000175147186257614, 0.000800000000000000, 0.000200000000000000 ) );
#2683 = CARTESIAN_POINT( '', ( -0.000175147186257614, 0.000800000000000000, 0.000200000000000000 ) );
#2684 = VECTOR( '', #3099, 1.00000000000000 );
#2685 = CARTESIAN_POINT( '', ( 0.000390000000000000, 0.000800000000000000, 0.000200000000000000 ) );
#2686 = CARTESIAN_POINT( '', ( 2.16840434497101E-19, 0.000800000000000000, 0.000200000000000000 ) );
#2687 = VECTOR( '', #3100, 1.00000000000000 );
#2688 = CARTESIAN_POINT( '', ( 0.000390000000000000, 0.000800000000000000, 0.000200000000000000 ) );
#2689 = VECTOR( '', #3101, 1.00000000000000 );
#2690 = COLOUR_RGB( '', 0.800000011900000, 0.800000011900000, 0.800000011900000 );
#2691 = AXIS2_PLACEMENT_3D( '', #3102, #3103, #3104 );
#2692 = CARTESIAN_POINT( '', ( 0.000450000000000000, 0.000740000000000000, 0.00000000000000 ) );
#2693 = AXIS2_PLACEMENT_3D( '', #3105, #3106, #3107 );
#2694 = CARTESIAN_POINT( '', ( 0.000450000000000000, -0.000740000000000000, 0.00000000000000 ) );
#2695 = CARTESIAN_POINT( '', ( 0.000450000000000000, 0.00000000000000, 0.00000000000000 ) );
#2696 = VECTOR( '', #3108, 1.00000000000000 );
#2697 = AXIS2_PLACEMENT_3D( '', #3109, #3110, #3111 );
#2698 = CARTESIAN_POINT( '', ( -0.000450000000000000, -0.000740000000000000, 0.00000000000000 ) );
#2699 = AXIS2_PLACEMENT_3D( '', #3112, #3113, #3114 );
#2700 = CARTESIAN_POINT( '', ( -0.000450000000000000, 0.000525147186257614, 0.00000000000000 ) );
#2701 = CARTESIAN_POINT( '', ( -0.000450000000000000, -2.16840434497101E-19, 0.00000000000000 ) );
#2702 = VECTOR( '', #3115, 1.00000000000000 );
#2703 = AXIS2_PLACEMENT_3D( '', #3116, #3117, #3118 );
#2704 = COLOUR_RGB( '', 0.262745112200000, 0.282352954100000, 0.301960796100000 );
#2705 = CARTESIAN_POINT( '', ( 0.000950000000000000, -0.000950000000000000, 0.000800000000000000 ) );
#2706 = CARTESIAN_POINT( '', ( 0.00100000000000000, -0.000950000000000000, 0.000800000000000000 ) );
#2707 = VECTOR( '', #3119, 1.00000000000000 );
#2708 = CARTESIAN_POINT( '', ( 0.000950000000000000, 0.00000000000000, 0.000800000000000000 ) );
#2709 = VECTOR( '', #3120, 1.00000000000000 );
#2710 = CARTESIAN_POINT( '', ( 6.61363325216158E-19, 0.000950000000000000, 0.000800000000000000 ) );
#2711 = VECTOR( '', #3121, 1.00000000000000 );
#2712 = COLOUR_RGB( '', 0.262745112200000, 0.282352954100000, 0.301960796100000 );
#2713 = CARTESIAN_POINT( '', ( 0.000950000000000000, -0.00100000000000000, 0.000750000000000000 ) );
#2714 = CARTESIAN_POINT( '', ( -0.000950000000000000, -0.00100000000000000, 0.000750000000000000 ) );
#2715 = CARTESIAN_POINT( '', ( -0.00100000000000000, -0.00100000000000000, 0.000750000000000000 ) );
#2716 = VECTOR( '', #3122, 1.00000000000000 );
#2717 = CARTESIAN_POINT( '', ( -0.000950000000000000, -0.00100000000000000, 0.000800000000000000 ) );
#2718 = VECTOR( '', #3123, 1.00000000000000 );
#2719 = CARTESIAN_POINT( '', ( 0.000950000000000000, -0.00100000000000000, 0.000800000000000000 ) );
#2720 = VECTOR( '', #3124, 1.00000000000000 );
#2721 = COLOUR_RGB( '', 0.800000011900000, 0.800000011900000, 0.800000011900000 );
#2722 = CARTESIAN_POINT( '', ( -0.000650000000000000, -0.000100000000000000, 0.000200000000000000 ) );
#2723 = CARTESIAN_POINT( '', ( -0.000650000000000000, -0.000400000000000000, 0.000200000000000000 ) );
#2724 = CARTESIAN_POINT( '', ( -0.000650000000000000, -0.000250000000000000, 0.000200000000000000 ) );
#2725 = VECTOR( '', #3125, 1.00000000000000 );
#2726 = CARTESIAN_POINT( '', ( -0.000850000000000000, -0.000100000000000000, 0.000200000000000000 ) );
#2727 = VECTOR( '', #3126, 1.00000000000000 );
#2728 = CARTESIAN_POINT( '', ( -0.000850000000000000, -0.000400000000000000, 0.000200000000000000 ) );
#2729 = VECTOR( '', #3127, 1.00000000000000 );
#2730 = COLOUR_RGB( '', 0.800000011900000, 0.800000011900000, 0.800000011900000 );
#2731 = CARTESIAN_POINT( '', ( -0.000650000000000000, -0.000100000000000000, 0.00000000000000 ) );
#2732 = CARTESIAN_POINT( '', ( -0.000650000000000000, -0.000400000000000000, 0.00000000000000 ) );
#2733 = CARTESIAN_POINT( '', ( -0.000650000000000000, -0.000250000000000000, 0.00000000000000 ) );
#2734 = VECTOR( '', #3128, 1.00000000000000 );
#2735 = CARTESIAN_POINT( '', ( -0.000650000000000000, -0.000100000000000000, 0.000200000000000000 ) );
#2736 = VECTOR( '', #3129, 1.00000000000000 );
#2737 = CARTESIAN_POINT( '', ( -0.000650000000000000, -0.000400000000000000, 0.000200000000000000 ) );
#2738 = VECTOR( '', #3130, 1.00000000000000 );
#2739 = COLOUR_RGB( '', 0.262745112200000, 0.282352954100000, 0.301960796100000 );
#2740 = AXIS2_PLACEMENT_3D( '', #3131, #3132, #3133 );
#2741 = AXIS2_PLACEMENT_3D( '', #3134, #3135, #3136 );
#2742 = COLOUR_RGB( '', 0.800000011900000, 0.800000011900000, 0.800000011900000 );
#2743 = CARTESIAN_POINT( '', ( 0.00105000000000000, -0.000600000000000000, 0.000200000000000000 ) );
#2744 = CARTESIAN_POINT( '', ( 0.00105000000000000, -0.000900000000000000, 0.000200000000000000 ) );
#2745 = CARTESIAN_POINT( '', ( 0.00105000000000000, -0.000750000000000000, 0.000200000000000000 ) );
#2746 = VECTOR( '', #3137, 1.00000000000000 );
#2747 = CARTESIAN_POINT( '', ( 0.000850000000000000, -0.000600000000000000, 0.000200000000000000 ) );
#2748 = VECTOR( '', #3138, 1.00000000000000 );
#2749 = CARTESIAN_POINT( '', ( 0.000850000000000000, -0.000900000000000000, 0.000200000000000000 ) );
#2750 = VECTOR( '', #3139, 1.00000000000000 );
#2751 = COLOUR_RGB( '', 0.800000011900000, 0.800000011900000, 0.800000011900000 );
#2752 = CARTESIAN_POINT( '', ( 0.000650000000000000, 0.000100000000000000, 0.000200000000000000 ) );
#2753 = CARTESIAN_POINT( '', ( 0.000650000000000000, 0.000100000000000000, 0.000200000000000000 ) );
#2754 = VECTOR( '', #3140, 1.00000000000000 );
#2755 = CARTESIAN_POINT( '', ( 0.000650000000000000, 0.000400000000000000, 0.000200000000000000 ) );
#2756 = CARTESIAN_POINT( '', ( 0.000650000000000000, 0.000250000000000000, 0.000200000000000000 ) );
#2757 = VECTOR( '', #3141, 1.00000000000000 );
#2758 = CARTESIAN_POINT( '', ( 0.000650000000000000, 0.000400000000000000, 0.000200000000000000 ) );
#2759 = VECTOR( '', #3142, 1.00000000000000 );
#2760 = COLOUR_RGB( '', 0.800000011900000, 0.800000011900000, 0.800000011900000 );
#2761 = CARTESIAN_POINT( '', ( -0.00105000000000000, 0.000900000000000000, 4.00000000000000E-05 ) );
#2762 = AXIS2_PLACEMENT_3D( '', #3143, #3144, #3145 );
#2763 = CARTESIAN_POINT( '', ( -0.00105000000000000, 0.000900000000000000, 0.000200000000000000 ) );
#2764 = CARTESIAN_POINT( '', ( -0.00105000000000000, 0.000900000000000000, 0.000200000000000000 ) );
#2765 = VECTOR( '', #3146, 1.00000000000000 );
#2766 = CARTESIAN_POINT( '', ( -0.000650000000000000, 0.000900000000000000, 0.000200000000000000 ) );
#2767 = CARTESIAN_POINT( '', ( -0.000850000000000000, 0.000900000000000000, 0.000200000000000000 ) );
#2768 = VECTOR( '', #3147, 1.00000000000000 );
#2769 = CARTESIAN_POINT( '', ( -0.000650000000000000, 0.000900000000000000, 0.000200000000000000 ) );
#2770 = VECTOR( '', #3148, 1.00000000000000 );
#2771 = COLOUR_RGB( '', 0.800000011900000, 0.800000011900000, 0.800000011900000 );
#2772 = CARTESIAN_POINT( '', ( -0.000450000000000000, -0.000740000000000000, 0.000200000000000000 ) );
#2773 = AXIS2_PLACEMENT_3D( '', #3149, #3150, #3151 );
#2774 = CARTESIAN_POINT( '', ( -0.000450000000000000, -0.000740000000000000, 0.000200000000000000 ) );
#2775 = VECTOR( '', #3152, 1.00000000000000 );
#2776 = COLOUR_RGB( '', 0.800000011900000, 0.800000011900000, 0.800000011900000 );
#2777 = CARTESIAN_POINT( '', ( -0.00101000000000000, -0.000100000000000000, 0.00000000000000 ) );
#2778 = AXIS2_PLACEMENT_3D( '', #3153, #3154, #3155 );
#2779 = CARTESIAN_POINT( '', ( -0.00101000000000000, -0.000400000000000000, 0.00000000000000 ) );
#2780 = CARTESIAN_POINT( '', ( -0.00101000000000000, 0.00000000000000, 0.00000000000000 ) );
#2781 = VECTOR( '', #3156, 1.00000000000000 );
#2782 = AXIS2_PLACEMENT_3D( '', #3157, #3158, #3159 );
#2783 = COLOUR_RGB( '', 0.262745112200000, 0.282352954100000, 0.301960796100000 );
#2784 = CARTESIAN_POINT( '', ( 4.33680868994202E-19, 0.00100000000000000, 0.000750000000000000 ) );
#2785 = VECTOR( '', #3160, 1.00000000000000 );
#2786 = CARTESIAN_POINT( '', ( 0.000950000000000000, 0.00100000000000000, 0.000800000000000000 ) );
#2787 = VECTOR( '', #3161, 1.00000000000000 );
#2788 = COLOUR_RGB( '', 0.800000011900000, 0.800000011900000, 0.800000011900000 );
#2789 = CARTESIAN_POINT( '', ( -0.00105000000000000, -0.000600000000000000, 0.000200000000000000 ) );
#2790 = CARTESIAN_POINT( '', ( -0.000850000000000000, -0.000600000000000000, 0.000200000000000000 ) );
#2791 = VECTOR( '', #3162, 1.00000000000000 );
#2792 = CARTESIAN_POINT( '', ( -0.00105000000000000, -0.000750000000000000, 0.000200000000000000 ) );
#2793 = VECTOR( '', #3163, 1.00000000000000 );
#2794 = COLOUR_RGB( '', 0.800000011900000, 0.800000011900000, 0.800000011900000 );
#2795 = CARTESIAN_POINT( '', ( 0.00105000000000000, -0.000100000000000000, 4.00000000000000E-05 ) );
#2796 = CARTESIAN_POINT( '', ( 0.00101000000000000, -0.000100000000000000, 0.00000000000000 ) );
#2797 = AXIS2_PLACEMENT_3D( '', #3164, #3165, #3166 );
#2798 = CARTESIAN_POINT( '', ( 0.00105000000000000, -0.000400000000000000, 4.00000000000000E-05 ) );
#2799 = CARTESIAN_POINT( '', ( 0.00105000000000000, -0.000100000000000000, 4.00000000000000E-05 ) );
#2800 = VECTOR( '', #3167, 1.00000000000000 );
#2801 = CARTESIAN_POINT( '', ( 0.00101000000000000, -0.000400000000000000, 0.00000000000000 ) );
#2802 = AXIS2_PLACEMENT_3D( '', #3168, #3169, #3170 );
#2803 = CARTESIAN_POINT( '', ( 0.00101000000000000, -0.000400000000000000, 0.00000000000000 ) );
#2804 = VECTOR( '', #3171, 1.00000000000000 );
#2805 = COLOUR_RGB( '', 0.262745112200000, 0.282352954100000, 0.301960796100000 );
#2806 = AXIS2_PLACEMENT_3D( '', #3172, #3173, #3174 );
#2807 = AXIS2_PLACEMENT_3D( '', #3175, #3176, #3177 );
#2808 = COLOUR_RGB( '', 0.800000011900000, 0.800000011900000, 0.800000011900000 );
#2809 = CARTESIAN_POINT( '', ( 0.000650000000000000, -0.000100000000000000, 0.000200000000000000 ) );
#2810 = CARTESIAN_POINT( '', ( 0.00105000000000000, -0.000100000000000000, 0.000200000000000000 ) );
#2811 = CARTESIAN_POINT( '', ( 0.000850000000000000, -0.000100000000000000, 0.000200000000000000 ) );
#2812 = VECTOR( '', #3178, 1.00000000000000 );
#2813 = CARTESIAN_POINT( '', ( 0.000650000000000000, -0.000400000000000000, 0.000200000000000000 ) );
#2814 = CARTESIAN_POINT( '', ( 0.000650000000000000, -0.000250000000000000, 0.000200000000000000 ) );
#2815 = VECTOR( '', #3179, 1.00000000000000 );
#2816 = CARTESIAN_POINT( '', ( 0.00105000000000000, -0.000400000000000000, 0.000200000000000000 ) );
#2817 = CARTESIAN_POINT( '', ( 0.000850000000000000, -0.000400000000000000, 0.000200000000000000 ) );
#2818 = VECTOR( '', #3180, 1.00000000000000 );
#2819 = CARTESIAN_POINT( '', ( 0.00105000000000000, -0.000250000000000000, 0.000200000000000000 ) );
#2820 = VECTOR( '', #3181, 1.00000000000000 );
#2821 = COLOUR_RGB( '', 0.262745112200000, 0.282352954100000, 0.301960796100000 );
#2822 = AXIS2_PLACEMENT_3D( '', #3182, #3183, #3184 );
#2823 = COLOUR_RGB( '', 0.262745112200000, 0.282352954100000, 0.301960796100000 );
#2824 = COLOUR_RGB( '', 0.800000011900000, 0.800000011900000, 0.800000011900000 );
#2825 = AXIS2_PLACEMENT_3D( '', #3185, #3186, #3187 );
#2826 = COLOUR_RGB( '', 0.262745112200000, 0.282352954100000, 0.301960796100000 );
#2827 = COLOUR_RGB( '', 0.800000011900000, 0.800000011900000, 0.800000011900000 );
#2828 = CARTESIAN_POINT( '', ( -0.00101000000000000, -0.000600000000000000, 0.00000000000000 ) );
#2829 = CARTESIAN_POINT( '', ( -0.00101000000000000, 0.00000000000000, 0.00000000000000 ) );
#2830 = VECTOR( '', #3188, 1.00000000000000 );
#2831 = CARTESIAN_POINT( '', ( -0.000850000000000000, -0.000600000000000000, 0.00000000000000 ) );
#2832 = VECTOR( '', #3189, 1.00000000000000 );
#2833 = COLOUR_RGB( '', 0.800000011900000, 0.800000011900000, 0.800000011900000 );
#2834 = CARTESIAN_POINT( '', ( -0.000650000000000000, 0.000400000000000000, 0.00000000000000 ) );
#2835 = CARTESIAN_POINT( '', ( -0.000650000000000000, 0.000100000000000000, 0.00000000000000 ) );
#2836 = CARTESIAN_POINT( '', ( -0.000650000000000000, 0.000250000000000000, 0.00000000000000 ) );
#2837 = VECTOR( '', #3190, 1.00000000000000 );
#2838 = CARTESIAN_POINT( '', ( -0.000650000000000000, 0.000400000000000000, 0.000200000000000000 ) );
#2839 = VECTOR( '', #3191, 1.00000000000000 );
#2840 = CARTESIAN_POINT( '', ( -0.000650000000000000, 0.000100000000000000, 0.000200000000000000 ) );
#2841 = VECTOR( '', #3192, 1.00000000000000 );
#2842 = COLOUR_RGB( '', 0.800000011900000, 0.800000011900000, 0.800000011900000 );
#2843 = CARTESIAN_POINT( '', ( -0.000450000000000000, 0.000525147186257614, 0.000200000000000000 ) );
#2844 = AXIS2_PLACEMENT_3D( '', #3193, #3194, #3195 );
#2845 = CARTESIAN_POINT( '', ( -0.000450000000000000, 0.000525147186257614, 0.00000000000000 ) );
#2846 = VECTOR( '', #3196, 1.00000000000000 );
#2847 = COLOUR_RGB( '', 0.800000011900000, 0.800000011900000, 0.800000011900000 );
#2848 = CARTESIAN_POINT( '', ( 0.00105000000000000, -0.000400000000000000, 0.000200000000000000 ) );
#2849 = VECTOR( '', #3197, 1.00000000000000 );
#2850 = CARTESIAN_POINT( '', ( 0.00105000000000000, -0.000100000000000000, 0.000200000000000000 ) );
#2851 = VECTOR( '', #3198, 1.00000000000000 );
#2852 = COLOUR_RGB( '', 0.800000011900000, 0.800000011900000, 0.800000011900000 );
#2853 = CARTESIAN_POINT( '', ( -0.00105000000000000, -0.000600000000000000, 4.00000000000000E-05 ) );
#2854 = AXIS2_PLACEMENT_3D( '', #3199, #3200, #3201 );
#2855 = CARTESIAN_POINT( '', ( -0.00105000000000000, -0.000600000000000000, 0.000200000000000000 ) );
#2856 = VECTOR( '', #3202, 1.00000000000000 );
#2857 = COLOUR_RGB( '', 0.800000011900000, 0.800000011900000, 0.800000011900000 );
#2858 = CARTESIAN_POINT( '', ( 0.00105000000000000, 0.000100000000000000, 4.00000000000000E-05 ) );
#2859 = AXIS2_PLACEMENT_3D( '', #3203, #3204, #3205 );
#2860 = CARTESIAN_POINT( '', ( 0.00105000000000000, 0.000100000000000000, 0.000200000000000000 ) );
#2861 = CARTESIAN_POINT( '', ( 0.00105000000000000, 0.000100000000000000, 0.000200000000000000 ) );
#2862 = VECTOR( '', #3206, 1.00000000000000 );
#2863 = CARTESIAN_POINT( '', ( 0.000850000000000000, 0.000100000000000000, 0.000200000000000000 ) );
#2864 = VECTOR( '', #3207, 1.00000000000000 );
#2865 = COLOUR_RGB( '', 0.800000011900000, 0.800000011900000, 0.800000011900000 );
#2866 = CARTESIAN_POINT( '', ( 0.00105000000000000, 0.000400000000000000, 4.00000000000000E-05 ) );
#2867 = CARTESIAN_POINT( '', ( 0.00105000000000000, 0.000400000000000000, 4.00000000000000E-05 ) );
#2868 = VECTOR( '', #3208, 1.00000000000000 );
#2869 = CARTESIAN_POINT( '', ( 0.00105000000000000, 0.000400000000000000, 0.000200000000000000 ) );
#2870 = CARTESIAN_POINT( '', ( 0.00105000000000000, 0.000400000000000000, 0.000200000000000000 ) );
#2871 = VECTOR( '', #3209, 1.00000000000000 );
#2872 = CARTESIAN_POINT( '', ( 0.00105000000000000, 0.000250000000000000, 0.000200000000000000 ) );
#2873 = VECTOR( '', #3210, 1.00000000000000 );
#2874 = COLOUR_RGB( '', 0.800000011900000, 0.800000011900000, 0.800000011900000 );
#2875 = CARTESIAN_POINT( '', ( -0.00105000000000000, 0.000750000000000000, 4.00000000000000E-05 ) );
#2876 = VECTOR( '', #3211, 1.00000000000000 );
#2877 = CARTESIAN_POINT( '', ( -0.00105000000000000, 0.000750000000000000, 0.000200000000000000 ) );
#2878 = VECTOR( '', #3212, 1.00000000000000 );
#2879 = COLOUR_RGB( '', 0.800000011900000, 0.800000011900000, 0.800000011900000 );
#2880 = CARTESIAN_POINT( '', ( 0.00105000000000000, 0.000600000000000000, 4.00000000000000E-05 ) );
#2881 = CARTESIAN_POINT( '', ( 0.00105000000000000, 0.000900000000000000, 4.00000000000000E-05 ) );
#2882 = VECTOR( '', #3213, 1.00000000000000 );
#2883 = CARTESIAN_POINT( '', ( 0.00101000000000000, 0.000600000000000000, 0.00000000000000 ) );
#2884 = AXIS2_PLACEMENT_3D( '', #3214, #3215, #3216 );
#2885 = CARTESIAN_POINT( '', ( 0.00101000000000000, 0.000600000000000000, 0.00000000000000 ) );
#2886 = VECTOR( '', #3217, 1.00000000000000 );
#2887 = COLOUR_RGB( '', 0.262745112200000, 0.282352954100000, 0.301960796100000 );
#2888 = COLOUR_RGB( '', 0.800000011900000, 0.800000011900000, 0.800000011900000 );
#2889 = CARTESIAN_POINT( '', ( 0.000650000000000000, 0.000600000000000000, 0.00000000000000 ) );
#2890 = CARTESIAN_POINT( '', ( 0.000850000000000000, 0.000600000000000000, 0.00000000000000 ) );
#2891 = VECTOR( '', #3218, 1.00000000000000 );
#2892 = CARTESIAN_POINT( '', ( 0.000650000000000000, 0.000750000000000000, 0.00000000000000 ) );
#2893 = VECTOR( '', #3219, 1.00000000000000 );
#2894 = COLOUR_RGB( '', 0.800000011900000, 0.800000011900000, 0.800000011900000 );
#2895 = CARTESIAN_POINT( '', ( 0.00105000000000000, 0.000600000000000000, 0.000200000000000000 ) );
#2896 = CARTESIAN_POINT( '', ( 0.00105000000000000, 0.000600000000000000, 0.000200000000000000 ) );
#2897 = VECTOR( '', #3220, 1.00000000000000 );
#2898 = CARTESIAN_POINT( '', ( 0.00105000000000000, 0.000750000000000000, 0.000200000000000000 ) );
#2899 = VECTOR( '', #3221, 1.00000000000000 );
#2900 = COLOUR_RGB( '', 0.800000011900000, 0.800000011900000, 0.800000011900000 );
#2901 = CARTESIAN_POINT( '', ( 0.000650000000000000, 0.000600000000000000, 0.000200000000000000 ) );
#2902 = CARTESIAN_POINT( '', ( 0.000650000000000000, 0.000750000000000000, 0.000200000000000000 ) );
#2903 = VECTOR( '', #3222, 1.00000000000000 );
#2904 = CARTESIAN_POINT( '', ( 0.000850000000000000, 0.000600000000000000, 0.000200000000000000 ) );
#2905 = VECTOR( '', #3223, 1.00000000000000 );
#2906 = COLOUR_RGB( '', 0.262745112200000, 0.282352954100000, 0.301960796100000 );
#2907 = AXIS2_PLACEMENT_3D( '', #3224, #3225, #3226 );
#2908 = CARTESIAN_POINT( '', ( -0.00100000000000000, -0.000950000000000000, 0.000800000000000000 ) );
#2909 = VECTOR( '', #3227, 1.00000000000000 );
#2910 = COLOUR_RGB( '', 0.800000011900000, 0.800000011900000, 0.800000011900000 );
#2911 = CARTESIAN_POINT( '', ( -0.000850000000000000, -0.000400000000000000, 0.00000000000000 ) );
#2912 = VECTOR( '', #3228, 1.00000000000000 );
#2913 = COLOUR_RGB( '', 0.800000011900000, 0.800000011900000, 0.800000011900000 );
#2914 = CARTESIAN_POINT( '', ( 0.000850000000000000, 0.000400000000000000, 0.000200000000000000 ) );
#2915 = VECTOR( '', #3229, 1.00000000000000 );
#2916 = COLOUR_RGB( '', 0.800000011900000, 0.800000011900000, 0.800000011900000 );
#2917 = CARTESIAN_POINT( '', ( -0.00105000000000000, -0.000750000000000000, 4.00000000000000E-05 ) );
#2918 = VECTOR( '', #3230, 1.00000000000000 );
#2919 = COLOUR_RGB( '', 0.800000011900000, 0.800000011900000, 0.800000011900000 );
#2920 = CARTESIAN_POINT( '', ( -0.00101000000000000, 0.000100000000000000, 0.00000000000000 ) );
#2921 = CARTESIAN_POINT( '', ( -0.000850000000000000, 0.000100000000000000, 0.00000000000000 ) );
#2922 = VECTOR( '', #3231, 1.00000000000000 );
#2923 = CARTESIAN_POINT( '', ( -0.00101000000000000, 0.000400000000000000, 0.00000000000000 ) );
#2924 = CARTESIAN_POINT( '', ( -0.00101000000000000, 0.00000000000000, 0.00000000000000 ) );
#2925 = VECTOR( '', #3232, 1.00000000000000 );
#2926 = CARTESIAN_POINT( '', ( -0.000850000000000000, 0.000400000000000000, 0.00000000000000 ) );
#2927 = VECTOR( '', #3233, 1.00000000000000 );
#2928 = COLOUR_RGB( '', 0.800000011900000, 0.800000011900000, 0.800000011900000 );
#2929 = AXIS2_PLACEMENT_3D( '', #3234, #3235, #3236 );
#2930 = COLOUR_RGB( '', 0.800000011900000, 0.800000011900000, 0.800000011900000 );
#2931 = CARTESIAN_POINT( '', ( -0.000650000000000000, 0.000750000000000000, 0.000200000000000000 ) );
#2932 = VECTOR( '', #3237, 1.00000000000000 );
#2933 = COLOUR_RGB( '', 0.262745112200000, 0.282352954100000, 0.301960796100000 );
#2934 = COLOUR_RGB( '', 0.800000011900000, 0.800000011900000, 0.800000011900000 );
#2935 = CARTESIAN_POINT( '', ( 0.000650000000000000, 0.000600000000000000, 0.000200000000000000 ) );
#2936 = VECTOR( '', #3238, 1.00000000000000 );
#2937 = COLOUR_RGB( '', 0.800000011900000, 0.800000011900000, 0.800000011900000 );
#2938 = COLOUR_RGB( '', 0.800000011900000, 0.800000011900000, 0.800000011900000 );
#2939 = CARTESIAN_POINT( '', ( 0.000650000000000000, -0.000400000000000000, 0.00000000000000 ) );
#2940 = CARTESIAN_POINT( '', ( 0.000850000000000000, -0.000400000000000000, 0.00000000000000 ) );
#2941 = VECTOR( '', #3239, 1.00000000000000 );
#2942 = CARTESIAN_POINT( '', ( 0.000650000000000000, -0.000400000000000000, 0.000200000000000000 ) );
#2943 = VECTOR( '', #3240, 1.00000000000000 );
#2944 = COLOUR_RGB( '', 0.800000011900000, 0.800000011900000, 0.800000011900000 );
#2945 = CARTESIAN_POINT( '', ( 0.00105000000000000, -0.000900000000000000, 4.00000000000000E-05 ) );
#2946 = AXIS2_PLACEMENT_3D( '', #3241, #3242, #3243 );
#2947 = CARTESIAN_POINT( '', ( 0.00105000000000000, -0.000900000000000000, 0.000200000000000000 ) );
#2948 = VECTOR( '', #3244, 1.00000000000000 );
#2949 = COLOUR_RGB( '', 0.800000011900000, 0.800000011900000, 0.800000011900000 );
#2950 = CARTESIAN_POINT( '', ( 0.00105000000000000, -0.000600000000000000, 4.00000000000000E-05 ) );
#2951 = CARTESIAN_POINT( '', ( 0.00105000000000000, -0.000600000000000000, 0.000200000000000000 ) );
#2952 = VECTOR( '', #3245, 1.00000000000000 );
#2953 = AXIS2_PLACEMENT_3D( '', #3246, #3247, #3248 );
#2954 = COLOUR_RGB( '', 0.800000011900000, 0.800000011900000, 0.800000011900000 );
#2955 = CARTESIAN_POINT( '', ( 0.000450000000000000, 0.000740000000000000, 0.000200000000000000 ) );
#2956 = AXIS2_PLACEMENT_3D( '', #3249, #3250, #3251 );
#2957 = CARTESIAN_POINT( '', ( 0.000450000000000000, 0.000740000000000000, 0.000200000000000000 ) );
#2958 = VECTOR( '', #3252, 1.00000000000000 );
#2959 = COLOUR_RGB( '', 0.800000011900000, 0.800000011900000, 0.800000011900000 );
#2960 = AXIS2_PLACEMENT_3D( '', #3253, #3254, #3255 );
#2961 = COLOUR_RGB( '', 0.800000011900000, 0.800000011900000, 0.800000011900000 );
#2962 = CARTESIAN_POINT( '', ( 0.00105000000000000, -0.000600000000000000, 4.00000000000000E-05 ) );
#2963 = VECTOR( '', #3256, 1.00000000000000 );
#2964 = COLOUR_RGB( '', 0.800000011900000, 0.800000011900000, 0.800000011900000 );
#2965 = COLOUR_RGB( '', 0.262745112200000, 0.282352954100000, 0.301960796100000 );
#2966 = COLOUR_RGB( '', 0.800000011900000, 0.800000011900000, 0.800000011900000 );
#2967 = COLOUR_RGB( '', 0.800000011900000, 0.800000011900000, 0.800000011900000 );
#2968 = CARTESIAN_POINT( '', ( 0.000650000000000000, -0.000100000000000000, 0.00000000000000 ) );
#2969 = CARTESIAN_POINT( '', ( 0.000850000000000000, -0.000100000000000000, 0.00000000000000 ) );
#2970 = VECTOR( '', #3257, 1.00000000000000 );
#2971 = CARTESIAN_POINT( '', ( 0.000650000000000000, -0.000250000000000000, 0.00000000000000 ) );
#2972 = VECTOR( '', #3258, 1.00000000000000 );
#2973 = COLOUR_RGB( '', 0.800000011900000, 0.800000011900000, 0.800000011900000 );
#2974 = COLOUR_RGB( '', 0.800000011900000, 0.800000011900000, 0.800000011900000 );
#2975 = CARTESIAN_POINT( '', ( -0.000850000000000000, -0.000100000000000000, 0.00000000000000 ) );
#2976 = VECTOR( '', #3259, 1.00000000000000 );
#2977 = COLOUR_RGB( '', 0.800000011900000, 0.800000011900000, 0.800000011900000 );
#2978 = COLOUR_RGB( '', 0.800000011900000, 0.800000011900000, 0.800000011900000 );
#2979 = COLOUR_RGB( '', 0.800000011900000, 0.800000011900000, 0.800000011900000 );
#2980 = CARTESIAN_POINT( '', ( 0.000650000000000000, -0.000100000000000000, 0.000200000000000000 ) );
#2981 = VECTOR( '', #3260, 1.00000000000000 );
#2982 = COLOUR_RGB( '', 0.800000011900000, 0.800000011900000, 0.800000011900000 );
#2983 = CARTESIAN_POINT( '', ( 0.000450000000000000, -0.000740000000000000, 0.000200000000000000 ) );
#2984 = CARTESIAN_POINT( '', ( 0.000450000000000000, 0.00000000000000, 0.000200000000000000 ) );
#2985 = VECTOR( '', #3261, 1.00000000000000 );
#2986 = CARTESIAN_POINT( '', ( 0.000450000000000000, -0.000740000000000000, 0.00000000000000 ) );
#2987 = VECTOR( '', #3262, 1.00000000000000 );
#2988 = COLOUR_RGB( '', 0.800000011900000, 0.800000011900000, 0.800000011900000 );
#2989 = COLOUR_RGB( '', 0.800000011900000, 0.800000011900000, 0.800000011900000 );
#2990 = CARTESIAN_POINT( '', ( -0.000450000000000000, -2.16840434497101E-19, 0.000200000000000000 ) );
#2991 = VECTOR( '', #3263, 1.00000000000000 );
#2992 = COLOUR_RGB( '', 0.262745112200000, 0.282352954100000, 0.301960796100000 );
#2993 = COLOUR_RGB( '', 0.800000011900000, 0.800000011900000, 0.800000011900000 );
#2994 = AXIS2_PLACEMENT_3D( '', #3264, #3265, #3266 );
#2995 = COLOUR_RGB( '', 0.800000011900000, 0.800000011900000, 0.800000011900000 );
#2996 = COLOUR_RGB( '', 0.800000011900000, 0.800000011900000, 0.800000011900000 );
#2997 = COLOUR_RGB( '', 0.800000011900000, 0.800000011900000, 0.800000011900000 );
#2998 = AXIS2_PLACEMENT_3D( '', #3267, #3268, #3269 );
#2999 = COLOUR_RGB( '', 0.800000011900000, 0.800000011900000, 0.800000011900000 );
#3000 = DIRECTION( '', ( 0.00000000000000, 0.00000000000000, -1.00000000000000 ) );
#3001 = CARTESIAN_POINT( '', ( -0.00101000000000000, -0.000900000000000000, 4.00000000000000E-05 ) );
#3002 = DIRECTION( '', ( 0.00000000000000, -1.00000000000000, 0.00000000000000 ) );
#3003 = DIRECTION( '', ( 0.00000000000000, 0.00000000000000, -1.00000000000000 ) );
#3004 = DIRECTION( '', ( -1.00000000000000, 0.00000000000000, 0.00000000000000 ) );
#3005 = DIRECTION( '', ( 0.00000000000000, 0.00000000000000, -1.00000000000000 ) );
#3006 = DIRECTION( '', ( -1.00000000000000, 0.00000000000000, 0.00000000000000 ) );
#3007 = CARTESIAN_POINT( '', ( -0.000950000000000000, 0.000950000000000000, 0.000750000000000000 ) );
#3008 = DIRECTION( '', ( 0.00000000000000, 0.00000000000000, 1.00000000000000 ) );
#3009 = DIRECTION( '', ( 1.00000000000000, 0.00000000000000, 0.00000000000000 ) );
#3010 = DIRECTION( '', ( 0.00000000000000, 0.00000000000000, -1.00000000000000 ) );
#3011 = CARTESIAN_POINT( '', ( -0.000950000000000000, 0.000950000000000000, 0.00000000000000 ) );
#3012 = DIRECTION( '', ( 0.00000000000000, 0.00000000000000, 1.00000000000000 ) );
#3013 = DIRECTION( '', ( 1.00000000000000, 0.00000000000000, 0.00000000000000 ) );
#3014 = DIRECTION( '', ( 0.00000000000000, 0.00000000000000, -1.00000000000000 ) );
#3015 = DIRECTION( '', ( 0.00000000000000, -1.00000000000000, 0.00000000000000 ) );
#3016 = DIRECTION( '', ( 1.00000000000000, 2.16840434497101E-16, 0.00000000000000 ) );
#3017 = CARTESIAN_POINT( '', ( 0.000950000000000000, 0.000950000000000000, 0.00000000000000 ) );
#3018 = DIRECTION( '', ( 0.00000000000000, 0.00000000000000, 1.00000000000000 ) );
#3019 = DIRECTION( '', ( 1.00000000000000, 0.00000000000000, 0.00000000000000 ) );
#3020 = DIRECTION( '', ( 0.00000000000000, -1.00000000000000, 0.00000000000000 ) );
#3021 = CARTESIAN_POINT( '', ( 0.000950000000000000, -0.000950000000000000, 0.00000000000000 ) );
#3022 = DIRECTION( '', ( 0.00000000000000, 0.00000000000000, 1.00000000000000 ) );
#3023 = DIRECTION( '', ( 1.00000000000000, 0.00000000000000, 0.00000000000000 ) );
#3024 = DIRECTION( '', ( 1.00000000000000, 2.16840434497101E-16, 0.00000000000000 ) );
#3025 = CARTESIAN_POINT( '', ( -0.000950000000000000, -0.000950000000000000, 0.00000000000000 ) );
#3026 = DIRECTION( '', ( 0.00000000000000, 0.00000000000000, 1.00000000000000 ) );
#3027 = DIRECTION( '', ( 1.00000000000000, 0.00000000000000, 0.00000000000000 ) );
#3028 = DIRECTION( '', ( 0.00000000000000, 0.00000000000000, -1.00000000000000 ) );
#3029 = CARTESIAN_POINT( '', ( -0.00101000000000000, 0.000600000000000000, 4.00000000000000E-05 ) );
#3030 = DIRECTION( '', ( 0.00000000000000, -1.00000000000000, 0.00000000000000 ) );
#3031 = DIRECTION( '', ( 0.00000000000000, 0.00000000000000, -1.00000000000000 ) );
#3032 = DIRECTION( '', ( -1.00000000000000, 0.00000000000000, 0.00000000000000 ) );
#3033 = DIRECTION( '', ( 0.00000000000000, 0.00000000000000, -1.00000000000000 ) );
#3034 = DIRECTION( '', ( -1.00000000000000, 0.00000000000000, 0.00000000000000 ) );
#3035 = CARTESIAN_POINT( '', ( -0.000950000000000000, -0.000950000000000000, 0.000750000000000000 ) );
#3036 = DIRECTION( '', ( 0.00000000000000, -1.00000000000000, 0.00000000000000 ) );
#3037 = DIRECTION( '', ( 0.00000000000000, 0.00000000000000, -1.00000000000000 ) );
#3038 = DIRECTION( '', ( 0.00000000000000, -1.00000000000000, 0.00000000000000 ) );
#3039 = CARTESIAN_POINT( '', ( -0.000950000000000000, 0.000950000000000000, 0.000750000000000000 ) );
#3040 = DIRECTION( '', ( 0.00000000000000, 1.00000000000000, 0.00000000000000 ) );
#3041 = DIRECTION( '', ( 0.00000000000000, 0.00000000000000, 1.00000000000000 ) );
#3042 = DIRECTION( '', ( 0.00000000000000, -1.00000000000000, 0.00000000000000 ) );
#3043 = DIRECTION( '', ( 0.00000000000000, -1.00000000000000, 0.00000000000000 ) );
#3044 = DIRECTION( '', ( -1.00000000000000, -1.35525271560688E-16, 0.00000000000000 ) );
#3045 = DIRECTION( '', ( 0.00000000000000, -1.00000000000000, 0.00000000000000 ) );
#3046 = DIRECTION( '', ( -1.00000000000000, -1.35525271560688E-16, 0.00000000000000 ) );
#3047 = DIRECTION( '', ( 0.00000000000000, 0.00000000000000, -1.00000000000000 ) );
#3048 = DIRECTION( '', ( 0.00000000000000, -1.00000000000000, 0.00000000000000 ) );
#3049 = DIRECTION( '', ( 0.00000000000000, 0.00000000000000, -1.00000000000000 ) );
#3050 = DIRECTION( '', ( 0.00000000000000, -1.00000000000000, 0.00000000000000 ) );
#3051 = DIRECTION( '', ( -1.00000000000000, 0.00000000000000, 0.00000000000000 ) );
#3052 = DIRECTION( '', ( 0.00000000000000, -1.00000000000000, 0.00000000000000 ) );
#3053 = DIRECTION( '', ( -1.00000000000000, 0.00000000000000, 0.00000000000000 ) );
#3054 = DIRECTION( '', ( 0.00000000000000, -1.00000000000000, 0.00000000000000 ) );
#3055 = DIRECTION( '', ( -0.707106781186547, -0.707106781186548, 0.00000000000000 ) );
#3056 = DIRECTION( '', ( 0.00000000000000, 0.00000000000000, 1.00000000000000 ) );
#3057 = DIRECTION( '', ( 0.707106781186547, 0.707106781186548, 0.00000000000000 ) );
#3058 = DIRECTION( '', ( 0.00000000000000, 0.00000000000000, -1.00000000000000 ) );
#3059 = DIRECTION( '', ( 1.00000000000000, 2.40933816107890E-16, 0.00000000000000 ) );
#3060 = DIRECTION( '', ( 0.00000000000000, 0.00000000000000, -1.00000000000000 ) );
#3061 = DIRECTION( '', ( 1.00000000000000, 2.40933816107890E-16, 0.00000000000000 ) );
#3062 = DIRECTION( '', ( 0.00000000000000, 0.00000000000000, -1.00000000000000 ) );
#3063 = DIRECTION( '', ( 0.00000000000000, 0.00000000000000, -1.00000000000000 ) );
#3064 = DIRECTION( '', ( 0.00000000000000, -1.00000000000000, 0.00000000000000 ) );
#3065 = DIRECTION( '', ( 0.00000000000000, 0.00000000000000, -1.00000000000000 ) );
#3066 = DIRECTION( '', ( 0.00000000000000, -1.00000000000000, 0.00000000000000 ) );
#3067 = DIRECTION( '', ( 0.00000000000000, 0.00000000000000, -1.00000000000000 ) );
#3068 = DIRECTION( '', ( 0.00000000000000, -1.00000000000000, 0.00000000000000 ) );
#3069 = DIRECTION( '', ( 0.00000000000000, -1.00000000000000, 0.00000000000000 ) );
#3070 = DIRECTION( '', ( 0.00000000000000, 0.00000000000000, -1.00000000000000 ) );
#3071 = DIRECTION( '', ( 0.00000000000000, 0.00000000000000, -1.00000000000000 ) );
#3072 = CARTESIAN_POINT( '', ( 0.000950000000000000, 0.000950000000000000, 0.000750000000000000 ) );
#3073 = DIRECTION( '', ( 0.00000000000000, 1.00000000000000, 0.00000000000000 ) );
#3074 = DIRECTION( '', ( 0.00000000000000, 0.00000000000000, 1.00000000000000 ) );
#3075 = CARTESIAN_POINT( '', ( 0.000950000000000000, 0.000950000000000000, 0.000750000000000000 ) );
#3076 = DIRECTION( '', ( 0.00000000000000, 0.00000000000000, 1.00000000000000 ) );
#3077 = DIRECTION( '', ( 1.00000000000000, 0.00000000000000, 0.00000000000000 ) );
#3078 = CARTESIAN_POINT( '', ( 0.000950000000000000, 0.000950000000000000, 0.000750000000000000 ) );
#3079 = DIRECTION( '', ( 1.00000000000000, 0.00000000000000, 0.00000000000000 ) );
#3080 = DIRECTION( '', ( 0.00000000000000, 0.00000000000000, -1.00000000000000 ) );
#3081 = DIRECTION( '', ( 0.00000000000000, 0.00000000000000, -1.00000000000000 ) );
#3082 = DIRECTION( '', ( 0.00000000000000, -1.00000000000000, 0.00000000000000 ) );
#3083 = DIRECTION( '', ( 0.00000000000000, 0.00000000000000, -1.00000000000000 ) );
#3084 = DIRECTION( '', ( 0.00000000000000, -1.00000000000000, 0.00000000000000 ) );
#3085 = DIRECTION( '', ( -1.00000000000000, 0.00000000000000, 0.00000000000000 ) );
#3086 = DIRECTION( '', ( 0.00000000000000, -1.00000000000000, 0.00000000000000 ) );
#3087 = DIRECTION( '', ( 0.00000000000000, 0.00000000000000, -1.00000000000000 ) );
#3088 = CARTESIAN_POINT( '', ( 0.00101000000000000, 0.000900000000000000, 4.00000000000000E-05 ) );
#3089 = DIRECTION( '', ( 0.00000000000000, -1.00000000000000, 0.00000000000000 ) );
#3090 = DIRECTION( '', ( 0.00000000000000, 0.00000000000000, -1.00000000000000 ) );
#3091 = DIRECTION( '', ( -1.00000000000000, 0.00000000000000, 0.00000000000000 ) );
#3092 = DIRECTION( '', ( 0.00000000000000, 0.00000000000000, -1.00000000000000 ) );
#3093 = DIRECTION( '', ( -1.00000000000000, 0.00000000000000, 0.00000000000000 ) );
#3094 = DIRECTION( '', ( 1.00000000000000, 0.00000000000000, 0.00000000000000 ) );
#3095 = DIRECTION( '', ( 0.00000000000000, -1.00000000000000, 0.00000000000000 ) );
#3096 = DIRECTION( '', ( 1.00000000000000, 0.00000000000000, 0.00000000000000 ) );
#3097 = DIRECTION( '', ( 0.00000000000000, -1.00000000000000, 0.00000000000000 ) );
#3098 = DIRECTION( '', ( 1.00000000000000, 2.40933816107890E-16, 0.00000000000000 ) );
#3099 = DIRECTION( '', ( 0.00000000000000, 0.00000000000000, 1.00000000000000 ) );
#3100 = DIRECTION( '', ( 1.00000000000000, 2.40933816107890E-16, 0.00000000000000 ) );
#3101 = DIRECTION( '', ( 0.00000000000000, 0.00000000000000, -1.00000000000000 ) );
#3102 = CARTESIAN_POINT( '', ( -0.000175147186257614, 0.000740000000000000, 0.00000000000000 ) );
#3103 = DIRECTION( '', ( 0.00000000000000, 0.00000000000000, 1.00000000000000 ) );
#3104 = DIRECTION( '', ( 1.00000000000000, 0.00000000000000, 0.00000000000000 ) );
#3105 = CARTESIAN_POINT( '', ( 0.000390000000000000, 0.000740000000000000, 0.00000000000000 ) );
#3106 = DIRECTION( '', ( 0.00000000000000, 0.00000000000000, 1.00000000000000 ) );
#3107 = DIRECTION( '', ( 1.00000000000000, 0.00000000000000, 0.00000000000000 ) );
#3108 = DIRECTION( '', ( 0.00000000000000, -1.00000000000000, 0.00000000000000 ) );
#3109 = CARTESIAN_POINT( '', ( 0.000390000000000000, -0.000740000000000000, 0.00000000000000 ) );
#3110 = DIRECTION( '', ( 0.00000000000000, 0.00000000000000, 1.00000000000000 ) );
#3111 = DIRECTION( '', ( 1.00000000000000, 0.00000000000000, 0.00000000000000 ) );
#3112 = CARTESIAN_POINT( '', ( -0.000390000000000000, -0.000740000000000000, 0.00000000000000 ) );
#3113 = DIRECTION( '', ( 0.00000000000000, 0.00000000000000, 1.00000000000000 ) );
#3114 = DIRECTION( '', ( 1.00000000000000, 0.00000000000000, 0.00000000000000 ) );
#3115 = DIRECTION( '', ( 0.00000000000000, -1.00000000000000, 0.00000000000000 ) );
#3116 = CARTESIAN_POINT( '', ( -0.000390000000000000, 0.000525147186257614, 0.00000000000000 ) );
#3117 = DIRECTION( '', ( 0.00000000000000, 0.00000000000000, 1.00000000000000 ) );
#3118 = DIRECTION( '', ( 1.00000000000000, 0.00000000000000, 0.00000000000000 ) );
#3119 = DIRECTION( '', ( 1.00000000000000, 2.16840434497101E-16, 0.00000000000000 ) );
#3120 = DIRECTION( '', ( 0.00000000000000, -1.00000000000000, 0.00000000000000 ) );
#3121 = DIRECTION( '', ( 1.00000000000000, 2.16840434497101E-16, 0.00000000000000 ) );
#3122 = DIRECTION( '', ( 1.00000000000000, 2.16840434497101E-16, 0.00000000000000 ) );
#3123 = DIRECTION( '', ( 0.00000000000000, 0.00000000000000, -1.00000000000000 ) );
#3124 = DIRECTION( '', ( 0.00000000000000, 0.00000000000000, -1.00000000000000 ) );
#3125 = DIRECTION( '', ( 0.00000000000000, -1.00000000000000, 0.00000000000000 ) );
#3126 = DIRECTION( '', ( -1.00000000000000, -1.35525271560688E-16, 0.00000000000000 ) );
#3127 = DIRECTION( '', ( -1.00000000000000, -1.35525271560688E-16, 0.00000000000000 ) );
#3128 = DIRECTION( '', ( 0.00000000000000, -1.00000000000000, 0.00000000000000 ) );
#3129 = DIRECTION( '', ( 0.00000000000000, 0.00000000000000, -1.00000000000000 ) );
#3130 = DIRECTION( '', ( 0.00000000000000, 0.00000000000000, -1.00000000000000 ) );
#3131 = CARTESIAN_POINT( '', ( 0.000950000000000000, -0.000950000000000000, 0.000750000000000000 ) );
#3132 = DIRECTION( '', ( 1.00000000000000, 0.00000000000000, 0.00000000000000 ) );
#3133 = DIRECTION( '', ( 0.00000000000000, 0.00000000000000, -1.00000000000000 ) );
#3134 = CARTESIAN_POINT( '', ( -0.000950000000000000, -0.000950000000000000, 0.000750000000000000 ) );
#3135 = DIRECTION( '', ( -1.00000000000000, 0.00000000000000, 0.00000000000000 ) );
#3136 = DIRECTION( '', ( 0.00000000000000, 0.00000000000000, 1.00000000000000 ) );
#3137 = DIRECTION( '', ( 0.00000000000000, -1.00000000000000, 0.00000000000000 ) );
#3138 = DIRECTION( '', ( -1.00000000000000, 0.00000000000000, 0.00000000000000 ) );
#3139 = DIRECTION( '', ( -1.00000000000000, 0.00000000000000, 0.00000000000000 ) );
#3140 = DIRECTION( '', ( 0.00000000000000, 0.00000000000000, -1.00000000000000 ) );
#3141 = DIRECTION( '', ( 0.00000000000000, -1.00000000000000, 0.00000000000000 ) );
#3142 = DIRECTION( '', ( 0.00000000000000, 0.00000000000000, -1.00000000000000 ) );
#3143 = CARTESIAN_POINT( '', ( -0.00101000000000000, 0.000900000000000000, 4.00000000000000E-05 ) );
#3144 = DIRECTION( '', ( 0.00000000000000, -1.00000000000000, 0.00000000000000 ) );
#3145 = DIRECTION( '', ( 0.00000000000000, 0.00000000000000, -1.00000000000000 ) );
#3146 = DIRECTION( '', ( 0.00000000000000, 0.00000000000000, -1.00000000000000 ) );
#3147 = DIRECTION( '', ( -1.00000000000000, 0.00000000000000, 0.00000000000000 ) );
#3148 = DIRECTION( '', ( 0.00000000000000, 0.00000000000000, -1.00000000000000 ) );
#3149 = CARTESIAN_POINT( '', ( -0.000390000000000000, -0.000740000000000000, 0.000200000000000000 ) );
#3150 = DIRECTION( '', ( 0.00000000000000, 0.00000000000000, 1.00000000000000 ) );
#3151 = DIRECTION( '', ( 1.00000000000000, 0.00000000000000, 0.00000000000000 ) );
#3152 = DIRECTION( '', ( 0.00000000000000, 0.00000000000000, -1.00000000000000 ) );
#3153 = CARTESIAN_POINT( '', ( -0.00101000000000000, -0.000100000000000000, 4.00000000000000E-05 ) );
#3154 = DIRECTION( '', ( 1.35525271560688E-16, -1.00000000000000, 0.00000000000000 ) );
#3155 = DIRECTION( '', ( 1.00000000000000, 1.35525271560688E-16, 0.00000000000000 ) );
#3156 = DIRECTION( '', ( 0.00000000000000, -1.00000000000000, 0.00000000000000 ) );
#3157 = CARTESIAN_POINT( '', ( -0.00101000000000000, -0.000400000000000000, 4.00000000000000E-05 ) );
#3158 = DIRECTION( '', ( 1.35525271560688E-16, -1.00000000000000, 0.00000000000000 ) );
#3159 = DIRECTION( '', ( 1.00000000000000, 1.35525271560688E-16, 0.00000000000000 ) );
#3160 = DIRECTION( '', ( 1.00000000000000, 2.16840434497101E-16, 0.00000000000000 ) );
#3161 = DIRECTION( '', ( 0.00000000000000, 0.00000000000000, -1.00000000000000 ) );
#3162 = DIRECTION( '', ( -1.00000000000000, 0.00000000000000, 0.00000000000000 ) );
#3163 = DIRECTION( '', ( 0.00000000000000, -1.00000000000000, 0.00000000000000 ) );
#3164 = CARTESIAN_POINT( '', ( 0.00101000000000000, -0.000100000000000000, 4.00000000000000E-05 ) );
#3165 = DIRECTION( '', ( 0.00000000000000, 1.00000000000000, 0.00000000000000 ) );
#3166 = DIRECTION( '', ( 0.00000000000000, 0.00000000000000, 1.00000000000000 ) );
#3167 = DIRECTION( '', ( 0.00000000000000, -1.00000000000000, 0.00000000000000 ) );
#3168 = CARTESIAN_POINT( '', ( 0.00101000000000000, -0.000400000000000000, 4.00000000000000E-05 ) );
#3169 = DIRECTION( '', ( 0.00000000000000, 1.00000000000000, 0.00000000000000 ) );
#3170 = DIRECTION( '', ( 0.00000000000000, 0.00000000000000, 1.00000000000000 ) );
#3171 = DIRECTION( '', ( 0.00000000000000, -1.00000000000000, 0.00000000000000 ) );
#3172 = CARTESIAN_POINT( '', ( 0.000950000000000000, -0.000950000000000000, 0.000750000000000000 ) );
#3173 = DIRECTION( '', ( 0.00000000000000, 0.00000000000000, 1.00000000000000 ) );
#3174 = DIRECTION( '', ( 1.00000000000000, 0.00000000000000, 0.00000000000000 ) );
#3175 = CARTESIAN_POINT( '', ( 0.000950000000000000, -0.000950000000000000, 0.000750000000000000 ) );
#3176 = DIRECTION( '', ( 0.00000000000000, -1.00000000000000, 0.00000000000000 ) );
#3177 = DIRECTION( '', ( 0.00000000000000, 0.00000000000000, -1.00000000000000 ) );
#3178 = DIRECTION( '', ( 1.00000000000000, 0.00000000000000, 0.00000000000000 ) );
#3179 = DIRECTION( '', ( 0.00000000000000, -1.00000000000000, 0.00000000000000 ) );
#3180 = DIRECTION( '', ( 1.00000000000000, 0.00000000000000, 0.00000000000000 ) );
#3181 = DIRECTION( '', ( 0.00000000000000, -1.00000000000000, 0.00000000000000 ) );
#3182 = CARTESIAN_POINT( '', ( -0.000950000000000000, 0.000950000000000000, 0.000750000000000000 ) );
#3183 = DIRECTION( '', ( -1.00000000000000, 0.00000000000000, 0.00000000000000 ) );
#3184 = DIRECTION( '', ( 0.00000000000000, 0.00000000000000, 1.00000000000000 ) );
#3185 = CARTESIAN_POINT( '', ( -0.000175147186257614, 0.000740000000000000, 0.000200000000000000 ) );
#3186 = DIRECTION( '', ( 0.00000000000000, 0.00000000000000, 1.00000000000000 ) );
#3187 = DIRECTION( '', ( 1.00000000000000, 0.00000000000000, 0.00000000000000 ) );
#3188 = DIRECTION( '', ( 0.00000000000000, -1.00000000000000, 0.00000000000000 ) );
#3189 = DIRECTION( '', ( -1.00000000000000, 0.00000000000000, 0.00000000000000 ) );
#3190 = DIRECTION( '', ( 0.00000000000000, -1.00000000000000, 0.00000000000000 ) );
#3191 = DIRECTION( '', ( 0.00000000000000, 0.00000000000000, -1.00000000000000 ) );
#3192 = DIRECTION( '', ( 0.00000000000000, 0.00000000000000, -1.00000000000000 ) );
#3193 = CARTESIAN_POINT( '', ( -0.000390000000000000, 0.000525147186257614, 0.000200000000000000 ) );
#3194 = DIRECTION( '', ( 0.00000000000000, 0.00000000000000, 1.00000000000000 ) );
#3195 = DIRECTION( '', ( 1.00000000000000, 0.00000000000000, 0.00000000000000 ) );
#3196 = DIRECTION( '', ( 0.00000000000000, 0.00000000000000, -1.00000000000000 ) );
#3197 = DIRECTION( '', ( 0.00000000000000, 0.00000000000000, -1.00000000000000 ) );
#3198 = DIRECTION( '', ( 0.00000000000000, 0.00000000000000, -1.00000000000000 ) );
#3199 = CARTESIAN_POINT( '', ( -0.00101000000000000, -0.000600000000000000, 4.00000000000000E-05 ) );
#3200 = DIRECTION( '', ( 0.00000000000000, -1.00000000000000, 0.00000000000000 ) );
#3201 = DIRECTION( '', ( 0.00000000000000, 0.00000000000000, -1.00000000000000 ) );
#3202 = DIRECTION( '', ( 0.00000000000000, 0.00000000000000, -1.00000000000000 ) );
#3203 = CARTESIAN_POINT( '', ( 0.00101000000000000, 0.000100000000000000, 4.00000000000000E-05 ) );
#3204 = DIRECTION( '', ( 0.00000000000000, 1.00000000000000, 0.00000000000000 ) );
#3205 = DIRECTION( '', ( 0.00000000000000, 0.00000000000000, 1.00000000000000 ) );
#3206 = DIRECTION( '', ( 0.00000000000000, 0.00000000000000, -1.00000000000000 ) );
#3207 = DIRECTION( '', ( 1.00000000000000, 0.00000000000000, 0.00000000000000 ) );
#3208 = DIRECTION( '', ( 0.00000000000000, -1.00000000000000, 0.00000000000000 ) );
#3209 = DIRECTION( '', ( 0.00000000000000, 0.00000000000000, -1.00000000000000 ) );
#3210 = DIRECTION( '', ( 0.00000000000000, -1.00000000000000, 0.00000000000000 ) );
#3211 = DIRECTION( '', ( 0.00000000000000, -1.00000000000000, 0.00000000000000 ) );
#3212 = DIRECTION( '', ( 0.00000000000000, -1.00000000000000, 0.00000000000000 ) );
#3213 = DIRECTION( '', ( 0.00000000000000, -1.00000000000000, 0.00000000000000 ) );
#3214 = CARTESIAN_POINT( '', ( 0.00101000000000000, 0.000600000000000000, 4.00000000000000E-05 ) );
#3215 = DIRECTION( '', ( 0.00000000000000, -1.00000000000000, 0.00000000000000 ) );
#3216 = DIRECTION( '', ( 0.00000000000000, 0.00000000000000, -1.00000000000000 ) );
#3217 = DIRECTION( '', ( 0.00000000000000, -1.00000000000000, 0.00000000000000 ) );
#3218 = DIRECTION( '', ( -1.00000000000000, 0.00000000000000, 0.00000000000000 ) );
#3219 = DIRECTION( '', ( 0.00000000000000, -1.00000000000000, 0.00000000000000 ) );
#3220 = DIRECTION( '', ( 0.00000000000000, 0.00000000000000, -1.00000000000000 ) );
#3221 = DIRECTION( '', ( 0.00000000000000, -1.00000000000000, 0.00000000000000 ) );
#3222 = DIRECTION( '', ( 0.00000000000000, -1.00000000000000, 0.00000000000000 ) );
#3223 = DIRECTION( '', ( -1.00000000000000, 0.00000000000000, 0.00000000000000 ) );
#3224 = CARTESIAN_POINT( '', ( -0.000950000000000000, -0.000950000000000000, 0.000750000000000000 ) );
#3225 = DIRECTION( '', ( 0.00000000000000, 0.00000000000000, 1.00000000000000 ) );
#3226 = DIRECTION( '', ( 1.00000000000000, 0.00000000000000, 0.00000000000000 ) );
#3227 = DIRECTION( '', ( 0.00000000000000, 0.00000000000000, -1.00000000000000 ) );
#3228 = DIRECTION( '', ( -1.00000000000000, -1.35525271560688E-16, 0.00000000000000 ) );
#3229 = DIRECTION( '', ( 1.00000000000000, 0.00000000000000, 0.00000000000000 ) );
#3230 = DIRECTION( '', ( 0.00000000000000, -1.00000000000000, 0.00000000000000 ) );
#3231 = DIRECTION( '', ( -1.00000000000000, -1.35525271560688E-16, 0.00000000000000 ) );
#3232 = DIRECTION( '', ( 0.00000000000000, -1.00000000000000, 0.00000000000000 ) );
#3233 = DIRECTION( '', ( -1.00000000000000, -1.35525271560688E-16, 0.00000000000000 ) );
#3234 = CARTESIAN_POINT( '', ( -0.00101000000000000, 0.000100000000000000, 4.00000000000000E-05 ) );
#3235 = DIRECTION( '', ( 1.35525271560688E-16, -1.00000000000000, 0.00000000000000 ) );
#3236 = DIRECTION( '', ( 1.00000000000000, 1.35525271560688E-16, 0.00000000000000 ) );
#3237 = DIRECTION( '', ( 0.00000000000000, -1.00000000000000, 0.00000000000000 ) );
#3238 = DIRECTION( '', ( 0.00000000000000, 0.00000000000000, -1.00000000000000 ) );
#3239 = DIRECTION( '', ( 1.00000000000000, 0.00000000000000, 0.00000000000000 ) );
#3240 = DIRECTION( '', ( 0.00000000000000, 0.00000000000000, -1.00000000000000 ) );
#3241 = CARTESIAN_POINT( '', ( 0.00101000000000000, -0.000900000000000000, 4.00000000000000E-05 ) );
#3242 = DIRECTION( '', ( 0.00000000000000, -1.00000000000000, 0.00000000000000 ) );
#3243 = DIRECTION( '', ( 0.00000000000000, 0.00000000000000, -1.00000000000000 ) );
#3244 = DIRECTION( '', ( 0.00000000000000, 0.00000000000000, -1.00000000000000 ) );
#3245 = DIRECTION( '', ( 0.00000000000000, 0.00000000000000, -1.00000000000000 ) );
#3246 = CARTESIAN_POINT( '', ( 0.00101000000000000, -0.000600000000000000, 4.00000000000000E-05 ) );
#3247 = DIRECTION( '', ( 0.00000000000000, -1.00000000000000, 0.00000000000000 ) );
#3248 = DIRECTION( '', ( 0.00000000000000, 0.00000000000000, -1.00000000000000 ) );
#3249 = CARTESIAN_POINT( '', ( 0.000390000000000000, 0.000740000000000000, 0.000200000000000000 ) );
#3250 = DIRECTION( '', ( 0.00000000000000, 0.00000000000000, 1.00000000000000 ) );
#3251 = DIRECTION( '', ( 1.00000000000000, 0.00000000000000, 0.00000000000000 ) );
#3252 = DIRECTION( '', ( 0.00000000000000, 0.00000000000000, -1.00000000000000 ) );
#3253 = CARTESIAN_POINT( '', ( -0.00101000000000000, 0.000400000000000000, 4.00000000000000E-05 ) );
#3254 = DIRECTION( '', ( 1.35525271560688E-16, -1.00000000000000, 0.00000000000000 ) );
#3255 = DIRECTION( '', ( 1.00000000000000, 1.35525271560688E-16, 0.00000000000000 ) );
#3256 = DIRECTION( '', ( 0.00000000000000, -1.00000000000000, 0.00000000000000 ) );
#3257 = DIRECTION( '', ( 1.00000000000000, 0.00000000000000, 0.00000000000000 ) );
#3258 = DIRECTION( '', ( 0.00000000000000, -1.00000000000000, 0.00000000000000 ) );
#3259 = DIRECTION( '', ( -1.00000000000000, -1.35525271560688E-16, 0.00000000000000 ) );
#3260 = DIRECTION( '', ( 0.00000000000000, 0.00000000000000, -1.00000000000000 ) );
#3261 = DIRECTION( '', ( 0.00000000000000, -1.00000000000000, 0.00000000000000 ) );
#3262 = DIRECTION( '', ( 0.00000000000000, 0.00000000000000, -1.00000000000000 ) );
#3263 = DIRECTION( '', ( 0.00000000000000, -1.00000000000000, 0.00000000000000 ) );
#3264 = CARTESIAN_POINT( '', ( 0.00101000000000000, 0.000400000000000000, 4.00000000000000E-05 ) );
#3265 = DIRECTION( '', ( 0.00000000000000, 1.00000000000000, 0.00000000000000 ) );
#3266 = DIRECTION( '', ( 0.00000000000000, 0.00000000000000, 1.00000000000000 ) );
#3267 = CARTESIAN_POINT( '', ( 0.000390000000000000, -0.000740000000000000, 0.000200000000000000 ) );
#3268 = DIRECTION( '', ( 0.00000000000000, 0.00000000000000, 1.00000000000000 ) );
#3269 = DIRECTION( '', ( 1.00000000000000, 0.00000000000000, 0.00000000000000 ) );
ENDSEC;
END-ISO-10303-21;
