ISO-10303-21;
HEADER;
FILE_DESCRIPTION (( 'STEP AP214' ),
    '1' );
FILE_NAME ('CAF2B7F5-11DC-40E0-A1CC-AE7C8EF11CF1.STEP',
    '2026-05-28T16:44:40',
    ( '' ),
    ( '' ),
    'SwSTEP 2.0',
    'SolidWorks 2022',
    '' );
FILE_SCHEMA (( 'AUTOMOTIVE_DESIGN' ));
ENDSEC;

DATA;
#1 = EDGE_CURVE ( 'NONE', #1648, #2697, #2986, .T. ) ;
#2 = EDGE_LOOP ( 'NONE', ( #91, #1310 ) ) ;
#3 = EDGE_LOOP ( 'NONE', ( #2002, #1308, #2160, #2813, #2348 ) ) ;
#4 = CARTESIAN_POINT ( 'NONE',  ( 2.774146800830128878, 0.005142521051217215089, -4.225853199169871566 ) ) ;
#5 = CARTESIAN_POINT ( 'NONE',  ( -4.250000000000001776, 0.0000000000000000000, 3.000000000000000888 ) ) ;
#6 = VECTOR ( 'NONE', #7, 1000.000000000000000 ) ;
#7 = DIRECTION ( 'NONE',  ( 0.0000000000000000000, -1.000000000000000000, 0.0000000000000000000 ) ) ;
#8 = EDGE_CURVE ( 'NONE', #636, #583, #2436, .T. ) ;
#9 = VERTEX_POINT ( 'NONE', #828 ) ;
#10 = EDGE_LOOP ( 'NONE', ( #2301, #2219, #2015 ) ) ;
#11 = CARTESIAN_POINT ( 'NONE',  ( -2.714644660940672249, 3.000000000000000000, 4.214644660940673582 ) ) ;
#12 = VECTOR ( 'NONE', #3341, 1000.000000000000000 ) ;
#13 = CYLINDRICAL_SURFACE ( 'NONE', #3115, 0.05000000000000012768 ) ;
#14 = EDGE_CURVE ( 'NONE', #699, #2038, #1699, .T. ) ;
#15 = FILL_AREA_STYLE ('',( #595 ) ) ;
#16 = DIRECTION ( 'NONE',  ( -0.0000000000000000000, -0.0000000000000000000, 1.000000000000000000 ) ) ;
#17 =( BOUNDED_CURVE ( )  B_SPLINE_CURVE ( 3, ( #1886, #795, #2939, #2418 ),
 .UNSPECIFIED., .F., .F. ) 
 B_SPLINE_CURVE_WITH_KNOTS ( ( 4, 4 ),
 ( 0.7853981633974482790, 1.570796326794896558 ),
 .UNSPECIFIED. ) 
 CURVE ( )  GEOMETRIC_REPRESENTATION_ITEM ( )  RATIONAL_B_SPLINE_CURVE ( ( 1.000000000000000000, 0.9492530216741911220, 0.9492530216741911220, 1.000000000000000000 ) ) 
 REPRESENTATION_ITEM ( '' )  );
#18 = ORIENTED_EDGE ( 'NONE', *, *, #1615, .F. ) ;
#19 = CARTESIAN_POINT ( 'NONE',  ( -2.729289321881345209, 0.05000000000000012768, -4.249999999999999112 ) ) ;
#20 = CARTESIAN_POINT ( 'NONE',  ( -2.309654435482566548, 3.000000000000000000, -1.868414913520642928 ) ) ;
#21 = DIRECTION ( 'NONE',  ( -0.7071067811865475727, 0.0000000000000000000, -0.7071067811865475727 ) ) ;
#22 = APPLICATION_CONTEXT ( 'automotive_design' ) ;
#23 = ORIENTED_EDGE ( 'NONE', *, *, #977, .T. ) ;
#24 = EDGE_LOOP ( 'NONE', ( #2308, #2765, #3243, #3137 ) ) ;
#25 = LINE ( 'NONE', #2198, #613 ) ;
#26 = VERTEX_POINT ( 'NONE', #878 ) ;
#27 = CARTESIAN_POINT ( 'NONE',  ( -2.609654435482565926, 3.000000000000000000, -2.468414913520643239 ) ) ;
#28 = UNCERTAINTY_MEASURE_WITH_UNIT (LENGTH_MEASURE( 1.000000000000000082E-05 ), #2566, 'distance_accuracy_value', 'NONE');
#29 = ADVANCED_FACE ( 'NONE', ( #2743 ), #1669, .T. ) ;
#30 = DIRECTION ( 'NONE',  ( -6.938893903907227392E-16, 0.0000000000000000000, -1.000000000000000000 ) ) ;
#31 = CARTESIAN_POINT ( 'NONE',  ( -4.235355339059328372, 0.01464466094067270671, -2.764644660940671628 ) ) ;
#32 = VECTOR ( 'NONE', #3389, 1000.000000000000114 ) ;
#33 = ADVANCED_FACE ( 'NONE', ( #538 ), #1427, .F. ) ;
#34 =( NAMED_UNIT ( * ) PLANE_ANGLE_UNIT ( ) SI_UNIT ( $, .RADIAN. ) );
#35 = EDGE_LOOP ( 'NONE', ( #3343, #1858, #464, #1146, #3122, #246, #867, #751 ) ) ;
#36 = PRESENTATION_STYLE_ASSIGNMENT (( #1096 ) ) ;
#37 = LINE ( 'NONE', #377, #1325 ) ;
#38 = ORIENTED_EDGE ( 'NONE', *, *, #876, .T. ) ;
#39 = ORIENTED_EDGE ( 'NONE', *, *, #2404, .F. ) ;
#40 = DIRECTION ( 'NONE',  ( 0.7071067811865474617, 0.0000000000000000000, 0.7071067811865474617 ) ) ;
#41 = DIRECTION ( 'NONE',  ( 0.0000000000000000000, 0.0000000000000000000, 1.000000000000000000 ) ) ;
#42 = ORIENTED_EDGE ( 'NONE', *, *, #2995, .F. ) ;
#43 = CARTESIAN_POINT ( 'NONE',  ( -4.200000000000000178, 2.949999999999999734, 2.729289321881345209 ) ) ;
#44 = DIRECTION ( 'NONE',  ( 1.000000000000000000, -0.0000000000000000000, -0.0000000000000000000 ) ) ;
#45 = DIRECTION ( 'NONE',  ( 0.0000000000000000000, 0.0000000000000000000, -1.000000000000000000 ) ) ;
#46 = FILL_AREA_STYLE_COLOUR ( '', #856 ) ;
#47 = FACE_OUTER_BOUND ( 'NONE', #2704, .T. ) ;
#48 = ADVANCED_FACE ( 'NONE', ( #2709 ), #303, .T. ) ;
#49 = ORIENTED_EDGE ( 'NONE', *, *, #301, .F. ) ;
#50 = VECTOR ( 'NONE', #2311, 1000.000000000000000 ) ;
#51 = CYLINDRICAL_SURFACE ( 'NONE', #757, 0.05000000000000012768 ) ;
#52 = CARTESIAN_POINT ( 'NONE',  ( -4.124999999999993783, 0.2000000000000000389, -2.875000000000005773 ) ) ;
#53 = COLOUR_RGB ( '',0.2980392156862745057, 0.2980392156862745057, 0.2980392156862745057 ) ;
#54 = ORIENTED_EDGE ( 'NONE', *, *, #1705, .T. ) ;
#55 = ORIENTED_EDGE ( 'NONE', *, *, #1618, .F. ) ;
#56 = LINE ( 'NONE', #316, #2196 ) ;
#57 = AXIS2_PLACEMENT_3D ( 'NONE', #2269, #2470, #2203 ) ;
#58 = LINE ( 'NONE', #5, #1737 ) ;
#59 = VECTOR ( 'NONE', #1092, 1000.000000000000000 ) ;
#60 = ORIENTED_EDGE ( 'NONE', *, *, #1877, .T. ) ;
#61 = SURFACE_STYLE_FILL_AREA ( #1685 ) ;
#62 = PRODUCT_DEFINITION_CONTEXT ( 'detailed design', #2789, 'design' ) ;
#63 = CARTESIAN_POINT ( 'NONE',  ( 2.764644660940672516, 0.01464466094067270671, -4.235355339059327484 ) ) ;
#65 = VECTOR ( 'NONE', #3005, 1000.000000000000000 ) ;
#64 = SURFACE_STYLE_USAGE ( .BOTH. , #2491 ) ;
#66 = CYLINDRICAL_SURFACE ( 'NONE', #1472, 0.04999999999999969746 ) ;
#67 = EDGE_CURVE ( 'NONE', #3151, #784, #2469, .T. ) ;
#68 = ORIENTED_EDGE ( 'NONE', *, *, #2908, .F. ) ;
#69 = CARTESIAN_POINT ( 'NONE',  ( 2.800000000000000266, 0.0000000000000000000, 4.200000000000001066 ) ) ;
#70 = CARTESIAN_POINT ( 'NONE',  ( -2.309654435482566548, 2.900000000000000355, -2.468414913520643239 ) ) ;
#71 = VERTEX_POINT ( 'NONE', #3039 ) ;
#72 = ORIENTED_EDGE ( 'NONE', *, *, #1809, .T. ) ;
#73 = DIRECTION ( 'NONE',  ( -0.7071067811865474617, 0.0000000000000000000, 0.7071067811865474617 ) ) ;
#74 = EDGE_CURVE ( 'NONE', #3440, #3414, #3046, .T. ) ;
#75 = VERTEX_POINT ( 'NONE', #1108 ) ;
#76 = CARTESIAN_POINT ( 'NONE',  ( 4.200000000000000178, 2.700000000000000178, -1.550000000000000044 ) ) ;
#77 = CARTESIAN_POINT ( 'NONE',  ( 4.235355339059328372, 0.01464466094067270671, -2.764644660940671628 ) ) ;
#78 = DIRECTION ( 'NONE',  ( 0.0000000000000000000, 1.000000000000000000, 0.0000000000000000000 ) ) ;
#79 = CARTESIAN_POINT ( 'NONE',  ( 4.250000000000000000, 2.949999999999999734, 2.750000000000001332 ) ) ;
#80 = AXIS2_PLACEMENT_3D ( 'NONE', #1564, #1195, #1752 ) ;
#81 = EDGE_LOOP ( 'NONE', ( #72, #2137, #3468, #2663, #1426, #643 ) ) ;
#82 = AXIS2_PLACEMENT_3D ( 'NONE', #3209, #2740, #823 ) ;
#83 = DIRECTION ( 'NONE',  ( -1.000000000000000000, 0.0000000000000000000, 0.0000000000000000000 ) ) ;
#84 = DIRECTION ( 'NONE',  ( 0.0000000000000000000, 0.0000000000000000000, -1.000000000000000000 ) ) ;
#85 = CARTESIAN_POINT ( 'NONE',  ( 4.214644660940672694, 3.000000000000000000, 2.714644660940673138 ) ) ;
#86 = ADVANCED_FACE ( 'NONE', ( #2188 ), #3280, .F. ) ;
#87 = ORIENTED_EDGE ( 'NONE', *, *, #1532, .F. ) ;
#88 = DIRECTION ( 'NONE',  ( -0.7071067811865474617, -0.0000000000000000000, 0.7071067811865474617 ) ) ;
#89 = DIRECTION ( 'NONE',  ( -0.7071067811865474617, -0.0000000000000000000, 0.7071067811865474617 ) ) ;
#90 = EDGE_CURVE ( 'NONE', #1975, #1727, #2726, .T. ) ;
#91 = ORIENTED_EDGE ( 'NONE', *, *, #745, .T. ) ;
#92 = LINE ( 'NONE', #1735, #987 ) ;
#93 = LINE ( 'NONE', #2471, #452 ) ;
#94 = DIRECTION ( 'NONE',  ( 0.0000000000000000000, 1.000000000000000000, 0.0000000000000000000 ) ) ;
#95 = CARTESIAN_POINT ( 'NONE',  ( -4.249999999999996447, 0.2000000000000000111, -3.000000000000009770 ) ) ;
#96 = VERTEX_POINT ( 'NONE', #27 ) ;
#97 = CARTESIAN_POINT ( 'NONE',  ( 0.0000000000000000000, 2.900000000000000355, 0.0000000000000000000 ) ) ;
#98 = CARTESIAN_POINT ( 'NONE',  ( 2.985969583392024784, 0.0000000000000000000, -4.250000000000053291 ) ) ;
#99 = AXIS2_PLACEMENT_3D ( 'NONE', #1984, #372, #3057 ) ;
#100 = CIRCLE ( 'NONE', #2538, 1.000000000000000222 ) ;
#101 = ORIENTED_EDGE ( 'NONE', *, *, #2310, .F. ) ;
#102 = DIRECTION ( 'NONE',  ( 1.000000000000000000, 0.0000000000000000000, -0.0000000000000000000 ) ) ;
#103 = CYLINDRICAL_SURFACE ( 'NONE', #1294, 0.04999999999999969746 ) ;
#104 = EDGE_CURVE ( 'NONE', #636, #883, #3264, .T. ) ;
#105 = ORIENTED_EDGE ( 'NONE', *, *, #301, .T. ) ;
#106 = ORIENTED_EDGE ( 'NONE', *, *, #503, .F. ) ;
#107 = VECTOR ( 'NONE', #2291, 1000.000000000000114 ) ;
#108 = FACE_OUTER_BOUND ( 'NONE', #353, .T. ) ;
#109 = DIRECTION ( 'NONE',  ( 2.891205793294678326E-16, 0.0000000000000000000, 1.000000000000000000 ) ) ;
#110 = ADVANCED_FACE ( 'NONE', ( #1932 ), #588, .T. ) ;
#111 = MECHANICAL_DESIGN_GEOMETRIC_PRESENTATION_REPRESENTATION (  '', ( #1655 ), #908 ) ;
#112 =( GEOMETRIC_REPRESENTATION_CONTEXT ( 3 ) GLOBAL_UNCERTAINTY_ASSIGNED_CONTEXT ( ( #339 ) ) GLOBAL_UNIT_ASSIGNED_CONTEXT ( ( #2402, #1339, #1824 ) ) REPRESENTATION_CONTEXT ( 'NONE', 'WORKASPACE' ) );
#113 = CARTESIAN_POINT ( 'NONE',  ( -2.609654435482565926, 2.900000000000000355, -2.468414913520643239 ) ) ;
#114 = ADVANCED_FACE ( 'NONE', ( #1733 ), #627, .F. ) ;
#115 = DIRECTION ( 'NONE',  ( -0.0000000000000000000, -1.000000000000000000, -0.0000000000000000000 ) ) ;
#116 = PRESENTATION_STYLE_ASSIGNMENT (( #884 ) ) ;
#117 = CARTESIAN_POINT ( 'NONE',  ( 4.200000000000000178, 2.949999999999999734, -2.729289321881344321 ) ) ;
#118 = EDGE_LOOP ( 'NONE', ( #1208, #769, #474, #2719 ) ) ;
#119 = CARTESIAN_POINT ( 'NONE',  ( 3.750000000000000444, 2.700000000000000178, -2.542893218813451650 ) ) ;
#120 = CARTESIAN_POINT ( 'NONE',  ( -3.209654435482566015, 2.900000000000000355, -2.468414913520643239 ) ) ;
#121 = DIRECTION ( 'NONE',  ( 1.000000000000000000, 0.0000000000000000000, 0.0000000000000000000 ) ) ;
#122 = VERTEX_POINT ( 'NONE', #2239 ) ;
#123 = ORIENTED_EDGE ( 'NONE', *, *, #703, .F. ) ;
#124 = LINE ( 'NONE', #410, #610 ) ;
#125 = UNCERTAINTY_MEASURE_WITH_UNIT (LENGTH_MEASURE( 1.000000000000000082E-05 ), #1085, 'distance_accuracy_value', 'NONE');
#126 = LINE ( 'NONE', #2853, #32 ) ;
#127 = LINE ( 'NONE', #2797, #1820 ) ;
#128 = EDGE_CURVE ( 'NONE', #71, #299, #1753, .T. ) ;
#129 = LINE ( 'NONE', #1215, #107 ) ;
#130 = PRESENTATION_STYLE_ASSIGNMENT (( #918 ) ) ;
#131 = EDGE_CURVE ( 'NONE', #369, #2067, #3312, .T. ) ;
#132 = EDGE_LOOP ( 'NONE', ( #491, #2238, #826, #1497 ) ) ;
#133 = FACE_OUTER_BOUND ( 'NONE', #3050, .T. ) ;
#134 = AXIS2_PLACEMENT_3D ( 'NONE', #154, #1029, #1535 ) ;
#135 = VECTOR ( 'NONE', #2512, 1000.000000000000114 ) ;
#136 = PRESENTATION_STYLE_ASSIGNMENT (( #2367 ) ) ;
#137 = VECTOR ( 'NONE', #1523, 1000.000000000000000 ) ;
#138 = ORIENTED_EDGE ( 'NONE', *, *, #1663, .T. ) ;
#139 = CARTESIAN_POINT ( 'NONE',  ( 4.235355339059328372, 3.000000000000000000, 2.764644660940673404 ) ) ;
#140 = FILL_AREA_STYLE_COLOUR ( '', #2009 ) ;
#141 = CARTESIAN_POINT ( 'NONE',  ( -4.200000000000000178, 2.949999999999999734, 2.729289321881344765 ) ) ;
#142 = CARTESIAN_POINT ( 'NONE',  ( -2.459654435482566015, 2.949999999999999734, -2.618414913520643150 ) ) ;
#143 = EDGE_LOOP ( 'NONE', ( #2109, #1295, #663 ) ) ;
#144 =( NAMED_UNIT ( * ) SI_UNIT ( $, .STERADIAN. ) SOLID_ANGLE_UNIT ( ) );
#145 = CARTESIAN_POINT ( 'NONE',  ( -2.750000000000000444, 3.000000000000000000, -4.200000000000000178 ) ) ;
#146 = FILL_AREA_STYLE_COLOUR ( '', #1364 ) ;
#147 = CARTESIAN_POINT ( 'NONE',  ( 3.750000000000000444, 0.5000000000000000000, -2.542893218813451650 ) ) ;
#148 = CARTESIAN_POINT ( 'NONE',  ( 2.729289321881345209, 2.949999999999999734, -4.249999999999999112 ) ) ;
#149 = ADVANCED_FACE ( 'NONE', ( #108 ), #2852, .T. ) ;
#150 = EDGE_CURVE ( 'NONE', #3227, #1061, #124, .T. ) ;
#151 = VERTEX_POINT ( 'NONE', #1230 ) ;
#152 = DIRECTION ( 'NONE',  ( 0.0000000000000000000, -1.000000000000000000, 0.0000000000000000000 ) ) ;
#153 = CARTESIAN_POINT ( 'NONE',  ( -2.459654435482566015, 2.949999999999999734, -1.568414913520642884 ) ) ;
#154 = CARTESIAN_POINT ( 'NONE',  ( -2.609654435482565926, 2.900000000000000355, -1.868414913520642928 ) ) ;
#155 = ADVANCED_BREP_SHAPE_REPRESENTATION ( 'CAF2B7F5-11DC-40E0-A1CC-AE7C8EF11CF1', ( #1318, #972 ), #3235 ) ;
#156 = AXIS2_PLACEMENT_3D ( 'NONE', #1570, #2370, #184 ) ;
#157 = EDGE_LOOP ( 'NONE', ( #2340, #3274, #1625, #601 ) ) ;
#158 = DIRECTION ( 'NONE',  ( -0.0000000000000000000, 1.000000000000000000, -0.0000000000000000000 ) ) ;
#159 = CIRCLE ( 'NONE', #900, 0.1999999999999999833 ) ;
#160 = CARTESIAN_POINT ( 'NONE',  ( 4.286263797015736595E-16, 2.000000000000000000, 3.500000000000000000 ) ) ;
#161 = VECTOR ( 'NONE', #2632, 1000.000000000000114 ) ;
#162 = VERTEX_POINT ( 'NONE', #2303 ) ;
#163 = CARTESIAN_POINT ( 'NONE',  ( -4.214644660940672694, 3.000000000000000000, -2.714644660940671361 ) ) ;
#164 = VECTOR ( 'NONE', #1374, 1000.000000000000114 ) ;
#166 = FACE_OUTER_BOUND ( 'NONE', #2733, .T. ) ;
#165 = VECTOR ( 'NONE', #2145, 1000.000000000000000 ) ;
#167 = ADVANCED_FACE ( 'NONE', ( #2521 ), #3349, .T. ) ;
#168 = CARTESIAN_POINT ( 'NONE',  ( -1.709654435482566237, 2.900000000000000355, -2.468414913520643239 ) ) ;
#169 = VECTOR ( 'NONE', #1274, 1000.000000000000114 ) ;
#170 = ORIENTED_EDGE ( 'NONE', *, *, #2434, .T. ) ;
#171 = EDGE_CURVE ( 'NONE', #1270, #3220, #2252, .T. ) ;
#172 = FILL_AREA_STYLE ('',( #3416 ) ) ;
#173 = DIRECTION ( 'NONE',  ( -1.000000000000000000, -0.0000000000000000000, 0.0000000000000000000 ) ) ;
#174 = AXIS2_PLACEMENT_3D ( 'NONE', #1060, #779, #2735 ) ;
#175 = FACE_OUTER_BOUND ( 'NONE', #81, .T. ) ;
#176 = EDGE_LOOP ( 'NONE', ( #3225, #1762, #3092, #2010 ) ) ;
#177 = EDGE_CURVE ( 'NONE', #259, #1116, #2537, .T. ) ;
#178 = CARTESIAN_POINT ( 'NONE',  ( -2.764644660940672516, 0.01464466094067270671, 4.235355339059329260 ) ) ;
#179 = CARTESIAN_POINT ( 'NONE',  ( -4.250000000000000000, 3.000000000000000000, 2.729289321881346098 ) ) ;
#180 = DIRECTION ( 'NONE',  ( 0.0000000000000000000, -1.000000000000000000, 0.0000000000000000000 ) ) ;
#181 = CARTESIAN_POINT ( 'NONE',  ( 4.250000000000000000, 0.05000000000000012768, -2.729289321881344321 ) ) ;
#182 = PRODUCT_CONTEXT ( 'NONE', #22, 'mechanical' ) ;
#183 = ORIENTED_EDGE ( 'NONE', *, *, #611, .F. ) ;
#184 = DIRECTION ( 'NONE',  ( 0.0000000000000000000, 0.0000000000000000000, 1.000000000000000000 ) ) ;
#185 = FACE_OUTER_BOUND ( 'NONE', #1151, .T. ) ;
#186 = EDGE_CURVE ( 'NONE', #2505, #1072, #2613, .T. ) ;
#187 = ORIENTED_EDGE ( 'NONE', *, *, #740, .F. ) ;
#188 = ORIENTED_EDGE ( 'NONE', *, *, #657, .F. ) ;
#189 = FACE_OUTER_BOUND ( 'NONE', #2622, .T. ) ;
#190 = UNCERTAINTY_MEASURE_WITH_UNIT (LENGTH_MEASURE( 1.000000000000000082E-05 ), #1988, 'distance_accuracy_value', 'NONE');
#191 = VECTOR ( 'NONE', #892, 1000.000000000000000 ) ;
#192 = DIRECTION ( 'NONE',  ( 0.0000000000000000000, -1.000000000000000000, 0.0000000000000000000 ) ) ;
#193 = EDGE_CURVE ( 'NONE', #1684, #693, #980, .T. ) ;
#194 = ORIENTED_EDGE ( 'NONE', *, *, #1376, .T. ) ;
#195 = LINE ( 'NONE', #1000, #331 ) ;
#196 = DIRECTION ( 'NONE',  ( 0.7071067811865474617, 0.0000000000000000000, 0.7071067811865474617 ) ) ;
#197 = SURFACE_STYLE_FILL_AREA ( #2636 ) ;
#198 = APPLICATION_PROTOCOL_DEFINITION ( 'draft international standard', 'automotive_design', 1998, #22 ) ;
#199 = VERTEX_POINT ( 'NONE', #1032 ) ;
#200 = CYLINDRICAL_SURFACE ( 'NONE', #3415, 1.000000000000000000 ) ;
#201 = ORIENTED_EDGE ( 'NONE', *, *, #395, .T. ) ;
#202 = AXIS2_PLACEMENT_3D ( 'NONE', #76, #1156, #3233 ) ;
#203 = ORIENTED_EDGE ( 'NONE', *, *, #2473, .T. ) ;
#204 = DIRECTION ( 'NONE',  ( 0.0000000000000000000, -1.000000000000000000, 0.0000000000000000000 ) ) ;
#205 = ADVANCED_FACE ( 'NONE', ( #2882, #2354, #518 ), #2139, .T. ) ;
#206 = FILL_AREA_STYLE_COLOUR ( '', #2344 ) ;
#207 = VECTOR ( 'NONE', #3229, 1000.000000000000000 ) ;
#208 = LINE ( 'NONE', #3177, #341 ) ;
#209 = VERTEX_POINT ( 'NONE', #1854 ) ;
#210 = VECTOR ( 'NONE', #1741, 1000.000000000000000 ) ;
#211 = ORIENTED_EDGE ( 'NONE', *, *, #522, .F. ) ;
#212 = FACE_OUTER_BOUND ( 'NONE', #904, .T. ) ;
#213 = VECTOR ( 'NONE', #3253, 1000.000000000000000 ) ;
#214 = DIRECTION ( 'NONE',  ( 0.0000000000000000000, 0.0000000000000000000, 1.000000000000000000 ) ) ;
#215 = SURFACE_SIDE_STYLE ('',( #2083 ) ) ;
#216 = MECHANICAL_DESIGN_GEOMETRIC_PRESENTATION_REPRESENTATION (  '', ( #796 ), #1360 ) ;
#217 = EDGE_CURVE ( 'NONE', #3142, #1461, #1258, .T. ) ;
#218 = PLANE ( 'NONE',  #500 ) ;
#219 = ORIENTED_EDGE ( 'NONE', *, *, #1391, .F. ) ;
#220 = CARTESIAN_POINT ( 'NONE',  ( -3.209654435482566015, 2.900000000000000355, -2.768414913520643061 ) ) ;
#221 = AXIS2_PLACEMENT_3D ( 'NONE', #969, #394, #3155 ) ;
#222 = DIRECTION ( 'NONE',  ( 0.0000000000000000000, 1.000000000000000000, 0.0000000000000000000 ) ) ;
#223 = SURFACE_SIDE_STYLE ('',( #1892 ) ) ;
#224 = EDGE_LOOP ( 'NONE', ( #821, #3156, #3034, #2504 ) ) ;
#225 = LINE ( 'NONE', #2410, #2433 ) ;
#226 = VERTEX_POINT ( 'NONE', #2685 ) ;
#227 = CARTESIAN_POINT ( 'NONE',  ( 1.700961894323337997, 2.949999999999999734, 0.7500000000000078826 ) ) ;
#228 = CARTESIAN_POINT ( 'NONE',  ( 4.200000000000000178, 3.000000000000000000, -2.729289321881343877 ) ) ;
#229 = LINE ( 'NONE', #1314, #571 ) ;
#230 = EDGE_CURVE ( 'NONE', #776, #1969, #3175, .T. ) ;
#231 = ORIENTED_EDGE ( 'NONE', *, *, #1877, .F. ) ;
#232 = ORIENTED_EDGE ( 'NONE', *, *, #2030, .T. ) ;
#233 = LINE ( 'NONE', #3234, #1479 ) ;
#234 =( NAMED_UNIT ( * ) PLANE_ANGLE_UNIT ( ) SI_UNIT ( $, .RADIAN. ) );
#235 = AXIS2_PLACEMENT_3D ( 'NONE', #1631, #1390, #862 ) ;
#236 = DIRECTION ( 'NONE',  ( 0.0000000000000000000, -1.000000000000000000, 0.0000000000000000000 ) ) ;
#237 = ADVANCED_FACE ( 'NONE', ( #189 ), #461, .T. ) ;
#238 = PRESENTATION_STYLE_ASSIGNMENT (( #2365 ) ) ;
#239 = AXIS2_PLACEMENT_3D ( 'NONE', #2371, #2086, #2607 ) ;
#240 = DIRECTION ( 'NONE',  ( 0.0000000000000000000, 0.0000000000000000000, 1.000000000000000000 ) ) ;
#241 = EDGE_CURVE ( 'NONE', #598, #1030, #1119, .T. ) ;
#242 = ORIENTED_EDGE ( 'NONE', *, *, #1827, .T. ) ;
#243 = DIRECTION ( 'NONE',  ( -0.7071067811865474617, 0.0000000000000000000, 0.7071067811865474617 ) ) ;
#244 = ORIENTED_EDGE ( 'NONE', *, *, #1366, .F. ) ;
#245 = PLANE ( 'NONE',  #389 ) ;
#246 = ORIENTED_EDGE ( 'NONE', *, *, #1456, .T. ) ;
#247 = FILL_AREA_STYLE ('',( #1876 ) ) ;
#248 = AXIS2_PLACEMENT_3D ( 'NONE', #2503, #946, #875 ) ;
#249 = AXIS2_PLACEMENT_3D ( 'NONE', #3132, #1499, #2624 ) ;
#250 = DIRECTION ( 'NONE',  ( 3.469446951953505326E-15, 0.0000000000000000000, -1.000000000000000000 ) ) ;
#251 = ORIENTED_EDGE ( 'NONE', *, *, #745, .F. ) ;
#252 = MECHANICAL_DESIGN_GEOMETRIC_PRESENTATION_REPRESENTATION (  '', ( #3366 ), #1216 ) ;
#253 = ORIENTED_EDGE ( 'NONE', *, *, #3380, .F. ) ;
#254 = DIRECTION ( 'NONE',  ( 0.0000000000000000000, 0.0000000000000000000, -1.000000000000000000 ) ) ;
#255 = DIRECTION ( 'NONE',  ( 0.0000000000000000000, 1.000000000000000000, 0.0000000000000000000 ) ) ;
#256 = DIRECTION ( 'NONE',  ( 0.0000000000000000000, 1.000000000000000000, 0.0000000000000000000 ) ) ;
#257 = DIRECTION ( 'NONE',  ( 0.0000000000000000000, -1.000000000000000000, -0.0000000000000000000 ) ) ;
#258 = EDGE_CURVE ( 'NONE', #26, #693, #1272, .T. ) ;
#259 = VERTEX_POINT ( 'NONE', #494 ) ;
#260 = CARTESIAN_POINT ( 'NONE',  ( -2.609654435482565926, 3.000000000000000000, -1.868414913520642928 ) ) ;
#261 = EDGE_CURVE ( 'NONE', #1828, #1662, #1311, .T. ) ;
#262 = ORIENTED_EDGE ( 'NONE', *, *, #3287, .F. ) ;
#263 = ORIENTED_EDGE ( 'NONE', *, *, #2057, .F. ) ;
#264 = CARTESIAN_POINT ( 'NONE',  ( -3.750000000000000444, 2.700000000000000178, 2.542893218813453426 ) ) ;
#265 = EDGE_CURVE ( 'NONE', #1120, #3121, #1541, .T. ) ;
#266 = CARTESIAN_POINT ( 'NONE',  ( 0.0000000000000000000, 0.2000000000000000111, 0.0000000000000000000 ) ) ;
#267 = DIRECTION ( 'NONE',  ( 0.7071067811865474617, 0.0000000000000000000, -0.7071067811865474617 ) ) ;
#268 = ORIENTED_EDGE ( 'NONE', *, *, #131, .F. ) ;
#269 = DIRECTION ( 'NONE',  ( 0.7071067811865475727, -0.0000000000000000000, 0.7071067811865475727 ) ) ;
#270 =( GEOMETRIC_REPRESENTATION_CONTEXT ( 3 ) GLOBAL_UNCERTAINTY_ASSIGNED_CONTEXT ( ( #2904 ) ) GLOBAL_UNIT_ASSIGNED_CONTEXT ( ( #2593, #701, #1486 ) ) REPRESENTATION_CONTEXT ( 'NONE', 'WORKASPACE' ) );
#271 = DIRECTION ( 'NONE',  ( -1.000000000000000000, 0.0000000000000000000, 0.0000000000000000000 ) ) ;
#272 = CIRCLE ( 'NONE', #2253, 0.8000000000000000444 ) ;
#273 = DIRECTION ( 'NONE',  ( -0.0000000000000000000, 1.000000000000000000, -0.0000000000000000000 ) ) ;
#274 = AXIS2_PLACEMENT_3D ( 'NONE', #2657, #3374, #3182 ) ;
#275 = STYLED_ITEM ( 'NONE', ( #1018 ), #1318 ) ;
#276 = PRODUCT_RELATED_PRODUCT_CATEGORY ( 'part', '', ( #2341 ) ) ;
#277 = ORIENTED_EDGE ( 'NONE', *, *, #1558, .F. ) ;
#278 = DIRECTION ( 'NONE',  ( -0.7071067811865475727, -0.0000000000000000000, 0.7071067811865475727 ) ) ;
#279 = FILL_AREA_STYLE ('',( #1059 ) ) ;
#280 = DIRECTION ( 'NONE',  ( -1.000000000000000000, 0.0000000000000000000, 0.0000000000000000000 ) ) ;
#281 = AXIS2_PLACEMENT_3D ( 'NONE', #2136, #1707, #938 ) ;
#282 = ORIENTED_EDGE ( 'NONE', *, *, #3310, .T. ) ;
#283 = EDGE_CURVE ( 'NONE', #1969, #621, #2627, .T. ) ;
#284 = VERTEX_POINT ( 'NONE', #2073 ) ;
#285 = AXIS2_PLACEMENT_3D ( 'NONE', #1718, #669, #3333 ) ;
#286 = CARTESIAN_POINT ( 'NONE',  ( -4.200000000000000178, 2.949999999999999734, -2.729289321881344321 ) ) ;
#287 = PRESENTATION_LAYER_ASSIGNMENT (  '', '', ( #3282 ) ) ;
#288 = EDGE_CURVE ( 'NONE', #3286, #1539, #3420, .T. ) ;
#289 = VERTEX_POINT ( 'NONE', #765 ) ;
#290 = CARTESIAN_POINT ( 'NONE',  ( 4.235969583392052762, 0.2000000000000000111, 2.999999999999980904 ) ) ;
#291 = DIRECTION ( 'NONE',  ( 0.0000000000000000000, -1.000000000000000000, 0.0000000000000000000 ) ) ;
#292 = MECHANICAL_DESIGN_GEOMETRIC_PRESENTATION_REPRESENTATION (  '', ( #3342 ), #3458 ) ;
#293 = DIRECTION ( 'NONE',  ( 1.000000000000000000, -0.0000000000000000000, -0.0000000000000000000 ) ) ;
#294 = CARTESIAN_POINT ( 'NONE',  ( -2.309654435482566548, 3.000000000000000000, -2.468414913520643239 ) ) ;
#295 = FACE_OUTER_BOUND ( 'NONE', #132, .T. ) ;
#296 = EDGE_LOOP ( 'NONE', ( #1803, #1943, #3418, #2876 ) ) ;
#297 = SPHERICAL_SURFACE ( 'NONE', #2832, 0.05000000000000000278 ) ;
#298 =( NAMED_UNIT ( * ) SI_UNIT ( $, .STERADIAN. ) SOLID_ANGLE_UNIT ( ) );
#299 = VERTEX_POINT ( 'NONE', #477 ) ;
#300 = ORIENTED_EDGE ( 'NONE', *, *, #386, .T. ) ;
#301 = EDGE_CURVE ( 'NONE', #2535, #1834, #3308, .T. ) ;
#302 = ORIENTED_EDGE ( 'NONE', *, *, #14, .F. ) ;
#303 = CYLINDRICAL_SURFACE ( 'NONE', #202, 0.04999999999999991257 ) ;
#304 = FACE_OUTER_BOUND ( 'NONE', #3485, .T. ) ;
#305 = EDGE_CURVE ( 'NONE', #1238, #2435, #1536, .T. ) ;
#306 = FACE_OUTER_BOUND ( 'NONE', #620, .T. ) ;
#307 = VECTOR ( 'NONE', #1849, 1000.000000000000000 ) ;
#308 = FACE_OUTER_BOUND ( 'NONE', #1076, .T. ) ;
#309 = CARTESIAN_POINT ( 'NONE',  ( 2.750000000000000444, 0.2000000000000000944, -4.249999999999999112 ) ) ;
#310 = ORIENTED_EDGE ( 'NONE', *, *, #497, .F. ) ;
#311 = DIRECTION ( 'NONE',  ( -0.0000000000000000000, 1.000000000000000000, -0.0000000000000000000 ) ) ;
#312 = DIRECTION ( 'NONE',  ( -0.0000000000000000000, -1.000000000000000000, -0.0000000000000000000 ) ) ;
#313 = CARTESIAN_POINT ( 'NONE',  ( -4.200000000000000178, 3.000000000000000000, 2.729289321881345654 ) ) ;
#314 = VERTEX_POINT ( 'NONE', #714 ) ;
#315 = ORIENTED_EDGE ( 'NONE', *, *, #1391, .T. ) ;
#316 = CARTESIAN_POINT ( 'NONE',  ( 2.750000000000000444, 2.949999999999999734, -4.249999999999999112 ) ) ;
#317 = CARTESIAN_POINT ( 'NONE',  ( 4.286263797015736595E-16, 0.5000000000000000000, 3.500000000000000000 ) ) ;
#318 = ORIENTED_EDGE ( 'NONE', *, *, #2874, .F. ) ;
#319 = EDGE_CURVE ( 'NONE', #1270, #151, #2937, .T. ) ;
#320 = ORIENTED_EDGE ( 'NONE', *, *, #2725, .F. ) ;
#321 = DIRECTION ( 'NONE',  ( 1.000000000000000000, 0.0000000000000000000, -0.0000000000000000000 ) ) ;
#322 = PLANE ( 'NONE',  #285 ) ;
#323 = VECTOR ( 'NONE', #3022, 1000.000000000000000 ) ;
#324 = EDGE_CURVE ( 'NONE', #510, #1005, #547, .T. ) ;
#325 = LINE ( 'NONE', #1162, #2890 ) ;
#326 = PLANE ( 'NONE',  #3331 ) ;
#327 = EDGE_CURVE ( 'NONE', #2120, #598, #2042, .T. ) ;
#328 = VERTEX_POINT ( 'NONE', #569 ) ;
#329 = VECTOR ( 'NONE', #2548, 1000.000000000000000 ) ;
#330 = CARTESIAN_POINT ( 'NONE',  ( 3.750000000000000444, 2.700000000000000178, 2.542893218813453426 ) ) ;
#331 = VECTOR ( 'NONE', #732, 1000.000000000000000 ) ;
#332 = EDGE_LOOP ( 'NONE', ( #2271, #2142, #1373, #2373 ) ) ;
#333 = LINE ( 'NONE', #119, #1282 ) ;
#334 = AXIS2_PLACEMENT_3D ( 'NONE', #1459, #1933, #2828 ) ;
#335 = CARTESIAN_POINT ( 'NONE',  ( 2.750000000000000444, 0.0000000000000000000, 4.250000000000000888 ) ) ;
#336 = PRESENTATION_LAYER_ASSIGNMENT (  '', '', ( #3394 ) ) ;
#337 = ORIENTED_EDGE ( 'NONE', *, *, #815, .F. ) ;
#338 = CARTESIAN_POINT ( 'NONE',  ( -2.309654435482566104, 2.900000000000000355, -3.368414913520643150 ) ) ;
#339 = UNCERTAINTY_MEASURE_WITH_UNIT (LENGTH_MEASURE( 1.000000000000000082E-05 ), #2402, 'distance_accuracy_value', 'NONE');
#340 = CYLINDRICAL_SURFACE ( 'NONE', #1265, 0.04999999999999969746 ) ;
#341 = VECTOR ( 'NONE', #2377, 1000.000000000000000 ) ;
#342 = SURFACE_STYLE_USAGE ( .BOTH. , #2540 ) ;
#343 = CARTESIAN_POINT ( 'NONE',  ( 4.250000000000000000, 3.000000000000000000, 2.750000000000001332 ) ) ;
#344 = STYLED_ITEM ( 'NONE', ( #2183 ), #3339 ) ;
#345 = CARTESIAN_POINT ( 'NONE',  ( 3.750000000000000444, 1.700000000000000178, -1.500000000000000000 ) ) ;
#346 = CARTESIAN_POINT ( 'NONE',  ( -2.609654435482565926, 2.900000000000000355, -3.368414913520643594 ) ) ;
#347 = ORIENTED_EDGE ( 'NONE', *, *, #780, .T. ) ;
#348 = CARTESIAN_POINT ( 'NONE',  ( -4.249999999999996447, 0.2000000000000000111, -3.000000000000009770 ) ) ;
#349 = DIRECTION ( 'NONE',  ( -1.000000000000000000, 0.0000000000000000000, 0.0000000000000000000 ) ) ;
#350 = DIRECTION ( 'NONE',  ( 1.000000000000000000, 0.0000000000000000000, -0.0000000000000000000 ) ) ;
#351 = EDGE_CURVE ( 'NONE', #1769, #3385, #25, .T. ) ;
#352 = VERTEX_POINT ( 'NONE', #2448 ) ;
#353 = EDGE_LOOP ( 'NONE', ( #3095, #484, #38, #364 ) ) ;
#354 = DIRECTION ( 'NONE',  ( 0.0000000000000000000, 0.0000000000000000000, 1.000000000000000000 ) ) ;
#355 = CARTESIAN_POINT ( 'NONE',  ( -2.729289321881345209, 3.000000000000000000, -4.249999999999999112 ) ) ;
#356 = ORIENTED_EDGE ( 'NONE', *, *, #2676, .F. ) ;
#357 = DIRECTION ( 'NONE',  ( 0.0000000000000000000, -1.000000000000000000, 0.0000000000000000000 ) ) ;
#358 = CARTESIAN_POINT ( 'NONE',  ( -2.309654435482566104, 2.900000000000000355, -3.368414913520643150 ) ) ;
#359 = CARTESIAN_POINT ( 'NONE',  ( -1.709654435482566015, 2.900000000000000355, -2.768414913520643061 ) ) ;
#360 = LINE ( 'NONE', #345, #1652 ) ;
#361 = VECTOR ( 'NONE', #1504, 1000.000000000000000 ) ;
#362 = ORIENTED_EDGE ( 'NONE', *, *, #1437, .F. ) ;
#363 = EDGE_CURVE ( 'NONE', #2913, #2610, #2186, .T. ) ;
#364 = ORIENTED_EDGE ( 'NONE', *, *, #1069, .T. ) ;
#365 = ADVANCED_FACE ( 'NONE', ( #1694 ), #1118, .T. ) ;
#366 = FACE_OUTER_BOUND ( 'NONE', #1033, .T. ) ;
#367 = CARTESIAN_POINT ( 'NONE',  ( 4.229289321881346098, 1.700000000000000178, 1.500000000000000000 ) ) ;
#368 = DIRECTION ( 'NONE',  ( 0.0000000000000000000, 1.000000000000000000, 0.0000000000000000000 ) ) ;
#369 = VERTEX_POINT ( 'NONE', #1947 ) ;
#370 =( BOUNDED_CURVE ( )  B_SPLINE_CURVE ( 3, ( #63, #2240, #3332, #879 ),
 .UNSPECIFIED., .F., .T. ) 
 B_SPLINE_CURVE_WITH_KNOTS ( ( 4, 4 ),
 ( 0.7853981633974483900, 1.570796326794896780 ),
 .UNSPECIFIED. ) 
 CURVE ( )  GEOMETRIC_REPRESENTATION_ITEM ( )  RATIONAL_B_SPLINE_CURVE ( ( 1.000000000000000000, 0.9492530216741911220, 0.9492530216741911220, 1.000000000000000000 ) ) 
 REPRESENTATION_ITEM ( '' )  );
#371 = ORIENTED_EDGE ( 'NONE', *, *, #631, .T. ) ;
#372 = DIRECTION ( 'NONE',  ( -1.000000000000000000, 0.0000000000000000000, -3.469446951953505720E-15 ) ) ;
#373 = CARTESIAN_POINT ( 'NONE',  ( 4.235969583392052762, 0.0000000000000000000, 4.250000000000001776 ) ) ;
#374 = DIRECTION ( 'NONE',  ( 1.000000000000000000, -0.0000000000000000000, -0.0000000000000000000 ) ) ;
#375 = VECTOR ( 'NONE', #2915, 1000.000000000000000 ) ;
#376 = ORIENTED_EDGE ( 'NONE', *, *, #265, .T. ) ;
#377 = CARTESIAN_POINT ( 'NONE',  ( -2.542893218813452538, 2.700000000000000178, 3.750000000000001332 ) ) ;
#378 = VECTOR ( 'NONE', #152, 1000.000000000000000 ) ;
#379 = PLANE ( 'NONE',  #2213 ) ;
#380 = AXIS2_PLACEMENT_3D ( 'NONE', #2280, #1976, #674 ) ;
#381 = ORIENTED_EDGE ( 'NONE', *, *, #1432, .F. ) ;
#382 = DIRECTION ( 'NONE',  ( 0.8660254037844418162, 0.0000000000000000000, 0.4999999999999948375 ) ) ;
#383 = LINE ( 'NONE', #1205, #2892 ) ;
#384 = CARTESIAN_POINT ( 'NONE',  ( 2.729289321881344765, 2.949999999999999734, 4.200000000000001066 ) ) ;
#385 = AXIS2_PLACEMENT_3D ( 'NONE', #3061, #2277, #935 ) ;
#386 = EDGE_CURVE ( 'NONE', #1727, #992, #2412, .T. ) ;
#387 = ORIENTED_EDGE ( 'NONE', *, *, #3298, .F. ) ;
#388 = VERTEX_POINT ( 'NONE', #532 ) ;
#389 = AXIS2_PLACEMENT_3D ( 'NONE', #3206, #515, #1433 ) ;
#390 = DIRECTION ( 'NONE',  ( -0.7071067811865475727, -0.0000000000000000000, 0.7071067811865475727 ) ) ;
#391 = LINE ( 'NONE', #646, #766 ) ;
#392 =( BOUNDED_CURVE ( )  B_SPLINE_CURVE ( 3, ( #1163, #2243, #898, #3027 ),
 .UNSPECIFIED., .F., .T. ) 
 B_SPLINE_CURVE_WITH_KNOTS ( ( 4, 4 ),
 ( 4.712388980384694115, 5.497787143782140618 ),
 .UNSPECIFIED. ) 
 CURVE ( )  GEOMETRIC_REPRESENTATION_ITEM ( )  RATIONAL_B_SPLINE_CURVE ( ( 1.000000000000000000, 0.9492530216741912330, 0.9492530216741912330, 1.000000000000000000 ) ) 
 REPRESENTATION_ITEM ( '' )  );
#393 = VECTOR ( 'NONE', #2848, 1000.000000000000000 ) ;
#394 = DIRECTION ( 'NONE',  ( 0.0000000000000000000, -1.000000000000000000, 0.0000000000000000000 ) ) ;
#395 = EDGE_CURVE ( 'NONE', #1368, #2429, #3261, .T. ) ;
#396 = LINE ( 'NONE', #1506, #2895 ) ;
#397 = CIRCLE ( 'NONE', #2728, 0.8000000000000000444 ) ;
#398 = FILL_AREA_STYLE_COLOUR ( '', #53 ) ;
#399 = MECHANICAL_DESIGN_GEOMETRIC_PRESENTATION_REPRESENTATION (  '', ( #3282 ), #2110 ) ;
#400 = DIRECTION ( 'NONE',  ( -1.000000000000000000, -0.0000000000000000000, -0.0000000000000000000 ) ) ;
#401 = ORIENTED_EDGE ( 'NONE', *, *, #611, .T. ) ;
#402 = CARTESIAN_POINT ( 'NONE',  ( 2.985969583392042992, 0.0000000000000000000, 4.250000000000001776 ) ) ;
#403 = VECTOR ( 'NONE', #2549, 1000.000000000000000 ) ;
#404 = ORIENTED_EDGE ( 'NONE', *, *, #2725, .T. ) ;
#405 = CARTESIAN_POINT ( 'NONE',  ( -2.729289321881345209, 3.000000000000000000, -4.200000000000000178 ) ) ;
#406 =( LENGTH_UNIT ( ) NAMED_UNIT ( * ) SI_UNIT ( .MILLI., .METRE. ) );
#407 = LINE ( 'NONE', #2571, #448 ) ;
#408 = ORIENTED_EDGE ( 'NONE', *, *, #2130, .F. ) ;
#409 = VERTEX_POINT ( 'NONE', #264 ) ;
#410 = CARTESIAN_POINT ( 'NONE',  ( -2.875000000000000000, 3.000000000000000000, 4.125000000000000888 ) ) ;
#411 = EDGE_CURVE ( 'NONE', #2535, #328, #546, .T. ) ;
#412 = DIRECTION ( 'NONE',  ( 0.0000000000000000000, 0.0000000000000000000, 1.000000000000000000 ) ) ;
#413 = SURFACE_SIDE_STYLE ('',( #444 ) ) ;
#414 = DIRECTION ( 'NONE',  ( -0.0000000000000000000, 1.000000000000000000, -0.0000000000000000000 ) ) ;
#415 = EDGE_CURVE ( 'NONE', #1587, #1336, #56, .T. ) ;
#416 = VERTEX_POINT ( 'NONE', #3493 ) ;
#417 = FACE_OUTER_BOUND ( 'NONE', #2715, .T. ) ;
#418 = CIRCLE ( 'NONE', #2019, 0.05000000000000007216 ) ;
#419 = VECTOR ( 'NONE', #312, 1000.000000000000000 ) ;
#420 = EDGE_LOOP ( 'NONE', ( #2078, #2866, #1697, #850 ) ) ;
#421 = FACE_OUTER_BOUND ( 'NONE', #3205, .T. ) ;
#422 = DIRECTION ( 'NONE',  ( 0.0000000000000000000, 0.0000000000000000000, 1.000000000000000000 ) ) ;
#423 = CARTESIAN_POINT ( 'NONE',  ( -4.250000000000000000, 0.03656194489676560522, 2.742727376984580800 ) ) ;
#424 = ORIENTED_EDGE ( 'NONE', *, *, #719, .T. ) ;
#425 = ORIENTED_EDGE ( 'NONE', *, *, #676, .T. ) ;
#426 = PRESENTATION_STYLE_ASSIGNMENT (( #1192 ) ) ;
#427 = CARTESIAN_POINT ( 'NONE',  ( -2.542893218813452538, 2.700000000000000178, -3.749999999999999556 ) ) ;
#428 = EDGE_CURVE ( 'NONE', #1095, #1538, #2739, .T. ) ;
#429 = CARTESIAN_POINT ( 'NONE',  ( 2.750000000000000444, 3.000000000000000000, 4.250000000000000888 ) ) ;
#430 = LINE ( 'NONE', #2905, #963 ) ;
#431 = EDGE_CURVE ( 'NONE', #2067, #2294, #100, .T. ) ;
#432 = CARTESIAN_POINT ( 'NONE',  ( 4.235969583392052762, 0.0000000000000000000, 4.250000000000001776 ) ) ;
#433 = DIRECTION ( 'NONE',  ( 0.0000000000000000000, -0.0000000000000000000, -1.000000000000000000 ) ) ;
#434 = ADVANCED_FACE ( 'NONE', ( #1681 ), #1965, .T. ) ;
#435 = ORIENTED_EDGE ( 'NONE', *, *, #1903, .T. ) ;
#436 = LINE ( 'NONE', #1795, #1985 ) ;
#437 =( NAMED_UNIT ( * ) PLANE_ANGLE_UNIT ( ) SI_UNIT ( $, .RADIAN. ) );
#438 = SURFACE_SIDE_STYLE ('',( #3417 ) ) ;
#439 = ORIENTED_EDGE ( 'NONE', *, *, #3247, .F. ) ;
#440 = ORIENTED_EDGE ( 'NONE', *, *, #503, .T. ) ;
#441 = DIRECTION ( 'NONE',  ( 0.0000000000000000000, 1.000000000000000000, -0.0000000000000000000 ) ) ;
#442 = CIRCLE ( 'NONE', #3269, 0.04999999999999969746 ) ;
#443 = UNCERTAINTY_MEASURE_WITH_UNIT (LENGTH_MEASURE( 1.000000000000000082E-05 ), #1285, 'distance_accuracy_value', 'NONE');
#444 = SURFACE_STYLE_FILL_AREA ( #3125 ) ;
#445 = EDGE_LOOP ( 'NONE', ( #3347, #2953, #3195, #1011 ) ) ;
#446 = CARTESIAN_POINT ( 'NONE',  ( 4.235969583392039439, 0.2000000000000000111, -3.000000000000056843 ) ) ;
#447 = DIRECTION ( 'NONE',  ( -0.7071067811865474617, -0.0000000000000000000, -0.7071067811865474617 ) ) ;
#448 = VECTOR ( 'NONE', #1348, 1000.000000000000000 ) ;
#449 = CIRCLE ( 'NONE', #3007, 3.500000000000000000 ) ;
#450 = CARTESIAN_POINT ( 'NONE',  ( 4.244857478948783402, 0.02414680083012837528, -2.755142521051216598 ) ) ;
#451 = ADVANCED_FACE ( 'NONE', ( #2155 ), #3035, .T. ) ;
#452 = VECTOR ( 'NONE', #1717, 1000.000000000000114 ) ;
#453 = ORIENTED_EDGE ( 'NONE', *, *, #150, .F. ) ;
#454 = CARTESIAN_POINT ( 'NONE',  ( -2.750000000000000000, 2.949999999999999734, -4.249999999999999112 ) ) ;
#455 = LINE ( 'NONE', #743, #2919 ) ;
#456 = VECTOR ( 'NONE', #2768, 1000.000000000000114 ) ;
#457 = EDGE_CURVE ( 'NONE', #2038, #1925, #2969, .T. ) ;
#458 = LINE ( 'NONE', #3452, #3192 ) ;
#459 = ORIENTED_EDGE ( 'NONE', *, *, #2217, .T. ) ;
#460 = VERTEX_POINT ( 'NONE', #1628 ) ;
#461 = PLANE ( 'NONE',  #2360 ) ;
#462 = DIRECTION ( 'NONE',  ( 1.000000000000000000, -0.0000000000000000000, -0.0000000000000000000 ) ) ;
#463 =( NAMED_UNIT ( * ) PLANE_ANGLE_UNIT ( ) SI_UNIT ( $, .RADIAN. ) );
#464 = ORIENTED_EDGE ( 'NONE', *, *, #2778, .T. ) ;
#465 = DIRECTION ( 'NONE',  ( -0.0000000000000000000, 1.000000000000000000, -0.0000000000000000000 ) ) ;
#466 = CARTESIAN_POINT ( 'NONE',  ( 1.700961894323337997, 2.949999999999999734, 0.7500000000000078826 ) ) ;
#467 = PLANE ( 'NONE',  #848 ) ;
#468 = CARTESIAN_POINT ( 'NONE',  ( 0.0000000000000000000, 0.0000000000000000000, 0.0000000000000000000 ) ) ;
#469 = ADVANCED_FACE ( 'NONE', ( #2705 ), #2722, .T. ) ;
#470 = ORIENTED_EDGE ( 'NONE', *, *, #698, .F. ) ;
#471 =( LENGTH_UNIT ( ) NAMED_UNIT ( * ) SI_UNIT ( .MILLI., .METRE. ) );
#472 = SURFACE_STYLE_FILL_AREA ( #1519 ) ;
#473 = VECTOR ( 'NONE', #3073, 1000.000000000000114 ) ;
#474 = ORIENTED_EDGE ( 'NONE', *, *, #3126, .T. ) ;
#475 = ADVANCED_FACE ( 'NONE', ( #1644 ), #2268, .T. ) ;
#476 = VERTEX_POINT ( 'NONE', #1169 ) ;
#477 = CARTESIAN_POINT ( 'NONE',  ( -2.764644660940672072, 2.949999999999999734, -4.235355339059327484 ) ) ;
#478 = UNCERTAINTY_MEASURE_WITH_UNIT (LENGTH_MEASURE( 1.000000000000000082E-05 ), #2295, 'distance_accuracy_value', 'NONE');
#479 = COLOUR_RGB ( '',0.6470588235294117974, 0.6196078431372549211, 0.5882352941176470784 ) ;
#480 = SURFACE_SIDE_STYLE ('',( #1800 ) ) ;
#481 = LINE ( 'NONE', #3210, #1546 ) ;
#482 = EDGE_CURVE ( 'NONE', #1975, #1180, #1185, .T. ) ;
#483 = ORIENTED_EDGE ( 'NONE', *, *, #3354, .F. ) ;
#484 = ORIENTED_EDGE ( 'NONE', *, *, #1785, .F. ) ;
#485 = CARTESIAN_POINT ( 'NONE',  ( 2.985969583392042992, 0.2000000000000000111, 4.250000000000001776 ) ) ;
#486 = FACE_OUTER_BOUND ( 'NONE', #1324, .T. ) ;
#487 = FACE_OUTER_BOUND ( 'NONE', #2684, .T. ) ;
#488 = LINE ( 'NONE', #1264, #50 ) ;
#489 = ORIENTED_EDGE ( 'NONE', *, *, #217, .F. ) ;
#490 = CARTESIAN_POINT ( 'NONE',  ( -3.000000000000029754, 0.2000000000000000111, -4.250000000000044409 ) ) ;
#491 = ORIENTED_EDGE ( 'NONE', *, *, #1386, .F. ) ;
#492 = AXIS2_PLACEMENT_3D ( 'NONE', #1121, #1950, #1650 ) ;
#493 = ORIENTED_EDGE ( 'NONE', *, *, #562, .T. ) ;
#494 = CARTESIAN_POINT ( 'NONE',  ( 1.224646799147353207E-16, 2.200000000000000178, 1.000000000000000000 ) ) ;
#495 = FACE_OUTER_BOUND ( 'NONE', #615, .T. ) ;
#496 = VECTOR ( 'NONE', #1441, 1000.000000000000000 ) ;
#497 = EDGE_CURVE ( 'NONE', #328, #1732, #944, .T. ) ;
#498 = CARTESIAN_POINT ( 'NONE',  ( 2.729289321881345209, 3.000000000000000000, -4.249999999999999112 ) ) ;
#499 = ORIENTED_EDGE ( 'NONE', *, *, #2320, .T. ) ;
#500 = AXIS2_PLACEMENT_3D ( 'NONE', #1808, #1515, #2066 ) ;
#501 = EDGE_LOOP ( 'NONE', ( #2409, #138, #1275, #836, #2185, #3318, #1873, #282, #1574, #3367 ) ) ;
#502 = CARTESIAN_POINT ( 'NONE',  ( 4.235969583392052762, 0.2000000000000000111, 4.250000000000001776 ) ) ;
#503 = EDGE_CURVE ( 'NONE', #1851, #770, #2712, .T. ) ;
#504 = AXIS2_PLACEMENT_3D ( 'NONE', #1689, #2764, #2887 ) ;
#505 = CARTESIAN_POINT ( 'NONE',  ( 4.250000000000000000, 2.750000000000000444, -1.550000000000000044 ) ) ;
#506 = CARTESIAN_POINT ( 'NONE',  ( 4.235969583392039439, 0.2000000000000000111, -3.000000000000056843 ) ) ;
#507 = VECTOR ( 'NONE', #2278, 1000.000000000000000 ) ;
#508 = CARTESIAN_POINT ( 'NONE',  ( -2.729289321881343877, 2.949999999999999734, -4.200000000000000178 ) ) ;
#509 = AXIS2_PLACEMENT_3D ( 'NONE', #506, #3145, #2675 ) ;
#510 = VERTEX_POINT ( 'NONE', #888 ) ;
#511 = PLANE ( 'NONE',  #1355 ) ;
#512 = AXIS2_PLACEMENT_3D ( 'NONE', #997, #2092, #2855 ) ;
#513 = DIRECTION ( 'NONE',  ( -0.7071067811865475727, 0.0000000000000000000, -0.7071067811865475727 ) ) ;
#514 = ORIENTED_EDGE ( 'NONE', *, *, #1852, .T. ) ;
#515 = DIRECTION ( 'NONE',  ( -0.0000000000000000000, 1.000000000000000000, 0.0000000000000000000 ) ) ;
#516 = EDGE_LOOP ( 'NONE', ( #2302, #3167, #2651, #3324 ) ) ;
#517 = VECTOR ( 'NONE', #1661, 1000.000000000000114 ) ;
#518 = FACE_BOUND ( 'NONE', #2, .T. ) ;
#519 = PLANE ( 'NONE',  #1624 ) ;
#520 = LINE ( 'NONE', #1765, #2552 ) ;
#521 = ORIENTED_EDGE ( 'NONE', *, *, #2407, .F. ) ;
#522 = EDGE_CURVE ( 'NONE', #979, #1270, #641, .T. ) ;
#523 = EDGE_LOOP ( 'NONE', ( #1400, #1664, #3131, #1606 ) ) ;
#524 = LINE ( 'NONE', #1109, #2604 ) ;
#525 = CARTESIAN_POINT ( 'NONE',  ( 4.244857478948783402, 0.02414680083012838568, 2.755142521051217930 ) ) ;
#526 = EDGE_CURVE ( 'NONE', #2154, #1406, #678, .T. ) ;
#527 = ORIENTED_EDGE ( 'NONE', *, *, #3360, .F. ) ;
#528 = FACE_OUTER_BOUND ( 'NONE', #1172, .T. ) ;
#529 = CARTESIAN_POINT ( 'NONE',  ( 2.729289321881345209, 3.000000000000000000, 4.250000000000000888 ) ) ;
#530 = CARTESIAN_POINT ( 'NONE',  ( 2.985969583392024784, 0.0000000000000000000, -4.250000000000053291 ) ) ;
#531 = ORIENTED_EDGE ( 'NONE', *, *, #2030, .F. ) ;
#532 = CARTESIAN_POINT ( 'NONE',  ( -2.459654435482566015, 2.900000000000000355, -3.618414913520643150 ) ) ;
#533 = FILL_AREA_STYLE ('',( #2970 ) ) ;
#534 = VECTOR ( 'NONE', #1139, 1000.000000000000000 ) ;
#535 = VECTOR ( 'NONE', #3031, 1000.000000000000000 ) ;
#536 = ORIENTED_EDGE ( 'NONE', *, *, #90, .T. ) ;
#537 = PRESENTATION_LAYER_ASSIGNMENT (  '', '', ( #2082 ) ) ;
#538 = FACE_OUTER_BOUND ( 'NONE', #1835, .T. ) ;
#539 = DIRECTION ( 'NONE',  ( 0.0000000000000000000, -1.000000000000000000, 0.0000000000000000000 ) ) ;
#540 = EDGE_CURVE ( 'NONE', #1662, #747, #3363, .T. ) ;
#541 = ORIENTED_EDGE ( 'NONE', *, *, #3335, .T. ) ;
#542 = CARTESIAN_POINT ( 'NONE',  ( -2.309654435482566104, 3.000000000000000000, -3.368414913520643150 ) ) ;
#543 =( NAMED_UNIT ( * ) PLANE_ANGLE_UNIT ( ) SI_UNIT ( $, .RADIAN. ) );
#544 = ADVANCED_FACE ( 'NONE', ( #366 ), #1458, .T. ) ;
#545 = VERTEX_POINT ( 'NONE', #1478 ) ;
#546 = LINE ( 'NONE', #1385, #2770 ) ;
#547 =( BOUNDED_CURVE ( )  B_SPLINE_CURVE ( 3, ( #1102, #3000, #4, #1065 ),
 .UNSPECIFIED., .F., .T. ) 
 B_SPLINE_CURVE_WITH_KNOTS ( ( 4, 4 ),
 ( 4.712388980384694115, 5.497787143782140618 ),
 .UNSPECIFIED. ) 
 CURVE ( )  GEOMETRIC_REPRESENTATION_ITEM ( )  RATIONAL_B_SPLINE_CURVE ( ( 1.000000000000000000, 0.9492530216741912330, 0.9492530216741912330, 1.000000000000000000 ) ) 
 REPRESENTATION_ITEM ( '' )  );
#548 = FACE_OUTER_BOUND ( 'NONE', #3279, .T. ) ;
#549 = VECTOR ( 'NONE', #441, 1000.000000000000000 ) ;
#550 = VERTEX_POINT ( 'NONE', #2283 ) ;
#551 = CARTESIAN_POINT ( 'NONE',  ( 1.725961894323338131, 2.949999999999999734, 0.7933012701892298013 ) ) ;
#552 = VECTOR ( 'NONE', #3401, 1000.000000000000000 ) ;
#553 = UNCERTAINTY_MEASURE_WITH_UNIT (LENGTH_MEASURE( 1.000000000000000082E-05 ), #1923, 'distance_accuracy_value', 'NONE');
#554 = CARTESIAN_POINT ( 'NONE',  ( -2.309654435482566104, 3.000000000000000000, -2.768414913520643061 ) ) ;
#555 = DIRECTION ( 'NONE',  ( -1.000000000000000000, 0.0000000000000000000, 2.891205793294678326E-16 ) ) ;
#556 = AXIS2_PLACEMENT_3D ( 'NONE', #405, #1225, #2033 ) ;
#557 =( NAMED_UNIT ( * ) SI_UNIT ( $, .STERADIAN. ) SOLID_ANGLE_UNIT ( ) );
#558 = CARTESIAN_POINT ( 'NONE',  ( 4.250000000000000000, 3.000000000000000000, -1.549999999999999822 ) ) ;
#559 = VECTOR ( 'NONE', #2753, 1000.000000000000114 ) ;
#560 = VECTOR ( 'NONE', #1469, 1000.000000000000000 ) ;
#561 = ORIENTED_EDGE ( 'NONE', *, *, #2159, .F. ) ;
#562 = EDGE_CURVE ( 'NONE', #1769, #1834, #1763, .T. ) ;
#563 = CARTESIAN_POINT ( 'NONE',  ( -2.609654435482565926, 2.900000000000000355, -2.768414913520643061 ) ) ;
#564 = VECTOR ( 'NONE', #3499, 1000.000000000000000 ) ;
#565 = ORIENTED_EDGE ( 'NONE', *, *, #3187, .F. ) ;
#566 = ORIENTED_EDGE ( 'NONE', *, *, #2138, .T. ) ;
#567 = AXIS2_PLACEMENT_3D ( 'NONE', #429, #2856, #2561 ) ;
#568 = EDGE_CURVE ( 'NONE', #1673, #510, #2772, .T. ) ;
#569 = CARTESIAN_POINT ( 'NONE',  ( 1.650961894323337731, 3.000000000000000000, -0.8366025403784355108 ) ) ;
#570 = SURFACE_SIDE_STYLE ('',( #1915 ) ) ;
#571 = VECTOR ( 'NONE', #788, 1000.000000000000000 ) ;
#572 = ORIENTED_EDGE ( 'NONE', *, *, #1618, .T. ) ;
#573 = DIRECTION ( 'NONE',  ( -0.8660254037844371533, -0.0000000000000000000, 0.5000000000000027756 ) ) ;
#574 = CARTESIAN_POINT ( 'NONE',  ( 1.700961894323337553, 2.949999999999999734, -0.7499999999999921174 ) ) ;
#575 = FILL_AREA_STYLE ('',( #46 ) ) ;
#576 = DIRECTION ( 'NONE',  ( -0.0000000000000000000, 1.000000000000000000, -0.0000000000000000000 ) ) ;
#577 = ORIENTED_EDGE ( 'NONE', *, *, #3310, .F. ) ;
#578 = DIRECTION ( 'NONE',  ( 0.0000000000000000000, 0.0000000000000000000, 1.000000000000000000 ) ) ;
#579 = FACE_OUTER_BOUND ( 'NONE', #24, .T. ) ;
#580 = CARTESIAN_POINT ( 'NONE',  ( -2.874999999999992895, 3.000000000000000000, -4.125000000000007105 ) ) ;
#581 = EDGE_CURVE ( 'NONE', #2751, #1668, #3344, .T. ) ;
#582 = ORIENTED_EDGE ( 'NONE', *, *, #2510, .T. ) ;
#583 = VERTEX_POINT ( 'NONE', #2517 ) ;
#584 = DIRECTION ( 'NONE',  ( 1.000000000000000000, 0.0000000000000000000, 3.469446951953717135E-15 ) ) ;
#585 = CARTESIAN_POINT ( 'NONE',  ( -2.309654435482566548, 2.900000000000000355, -2.468414913520643239 ) ) ;
#586 = EDGE_CURVE ( 'NONE', #1727, #3497, #3098, .T. ) ;
#587 = ORIENTED_EDGE ( 'NONE', *, *, #657, .T. ) ;
#588 = PLANE ( 'NONE',  #3321 ) ;
#589 = UNCERTAINTY_MEASURE_WITH_UNIT (LENGTH_MEASURE( 1.000000000000000082E-05 ), #711, 'distance_accuracy_value', 'NONE');
#590 = AXIS2_PLACEMENT_3D ( 'NONE', #2069, #1833, #3119 ) ;
#591 = CIRCLE ( 'NONE', #2022, 1.000000000000000000 ) ;
#592 = FILL_AREA_STYLE_COLOUR ( '', #1301 ) ;
#593 = EDGE_CURVE ( 'NONE', #3142, #2058, #333, .T. ) ;
#594 = CIRCLE ( 'NONE', #1511, 0.04999999999999969746 ) ;
#595 = FILL_AREA_STYLE_COLOUR ( '', #3334 ) ;
#596 = DIRECTION ( 'NONE',  ( -0.0000000000000000000, 1.000000000000000000, 0.0000000000000000000 ) ) ;
#597 = LINE ( 'NONE', #1607, #2372 ) ;
#598 = VERTEX_POINT ( 'NONE', #3051 ) ;
#599 = SURFACE_STYLE_FILL_AREA ( #868 ) ;
#600 = PLANE ( 'NONE',  #2805 ) ;
#601 = ORIENTED_EDGE ( 'NONE', *, *, #1217, .T. ) ;
#602 = EDGE_LOOP ( 'NONE', ( #2791, #2903, #1962, #2555 ) ) ;
#603 = DIRECTION ( 'NONE',  ( 0.0000000000000000000, 0.0000000000000000000, 1.000000000000000000 ) ) ;
#604 = LINE ( 'NONE', #3326, #2514 ) ;
#605 = ORIENTED_EDGE ( 'NONE', *, *, #3314, .T. ) ;
#606 = DIRECTION ( 'NONE',  ( -6.938893903907227392E-16, 0.0000000000000000000, -1.000000000000000000 ) ) ;
#607 = ADVANCED_FACE ( 'NONE', ( #1980 ), #2234, .F. ) ;
#608 = LINE ( 'NONE', #2834, #2695 ) ;
#609 = DIRECTION ( 'NONE',  ( 0.0000000000000000000, 1.000000000000000000, 0.0000000000000000000 ) ) ;
#610 = VECTOR ( 'NONE', #357, 1000.000000000000000 ) ;
#611 = EDGE_CURVE ( 'NONE', #352, #2422, #1713, .T. ) ;
#612 = CARTESIAN_POINT ( 'NONE',  ( -2.459654435482566015, 2.949999999999999734, -2.618414913520643150 ) ) ;
#613 = VECTOR ( 'NONE', #1332, 1000.000000000000000 ) ;
#614 = PLANE ( 'NONE',  #281 ) ;
#615 = EDGE_LOOP ( 'NONE', ( #262, #2844, #2021, #709 ) ) ;
#616 = VECTOR ( 'NONE', #433, 1000.000000000000000 ) ;
#617 = LINE ( 'NONE', #402, #210 ) ;
#618 = FACE_OUTER_BOUND ( 'NONE', #3383, .T. ) ;
#619 =( GEOMETRIC_REPRESENTATION_CONTEXT ( 3 ) GLOBAL_UNCERTAINTY_ASSIGNED_CONTEXT ( ( #1487 ) ) GLOBAL_UNIT_ASSIGNED_CONTEXT ( ( #2165, #34, #797 ) ) REPRESENTATION_CONTEXT ( 'NONE', 'WORKASPACE' ) );
#620 = EDGE_LOOP ( 'NONE', ( #2282, #1346, #3012, #2671 ) ) ;
#621 = VERTEX_POINT ( 'NONE', #2248 ) ;
#622 = DIRECTION ( 'NONE',  ( 0.8660254037844370423, 0.0000000000000000000, -0.5000000000000026645 ) ) ;
#623 = VECTOR ( 'NONE', #771, 1000.000000000000000 ) ;
#624 = FACE_OUTER_BOUND ( 'NONE', #3116, .T. ) ;
#625 = MECHANICAL_DESIGN_GEOMETRIC_PRESENTATION_REPRESENTATION (  '', ( #3394 ), #2780 ) ;
#626 = ORIENTED_EDGE ( 'NONE', *, *, #1320, .F. ) ;
#627 = CYLINDRICAL_SURFACE ( 'NONE', #782, 1.000000000000000222 ) ;
#628 = DIRECTION ( 'NONE',  ( 0.0000000000000000000, 0.0000000000000000000, -1.000000000000000000 ) ) ;
#629 = VECTOR ( 'NONE', #192, 1000.000000000000000 ) ;
#630 = DIRECTION ( 'NONE',  ( 0.0000000000000000000, -1.000000000000000000, 0.0000000000000000000 ) ) ;
#631 = EDGE_CURVE ( 'NONE', #2435, #1087, #3325, .T. ) ;
#632 = CIRCLE ( 'NONE', #174, 0.05000000000000012768 ) ;
#633 = DIRECTION ( 'NONE',  ( 0.7071067811865474617, 0.0000000000000000000, -0.7071067811865474617 ) ) ;
#634 = EDGE_CURVE ( 'NONE', #2233, #1979, #436, .T. ) ;
#635 = DIRECTION ( 'NONE',  ( 1.000000000000000000, 0.0000000000000000000, 1.224646799147353207E-16 ) ) ;
#636 = VERTEX_POINT ( 'NONE', #3469 ) ;
#637 = FACE_OUTER_BOUND ( 'NONE', #1026, .T. ) ;
#638 =( NAMED_UNIT ( * ) SI_UNIT ( $, .STERADIAN. ) SOLID_ANGLE_UNIT ( ) );
#639 = ADVANCED_FACE ( 'NONE', ( #2314 ), #3449, .T. ) ;
#640 = ORIENTED_EDGE ( 'NONE', *, *, #3351, .F. ) ;
#641 = LINE ( 'NONE', #139, #496 ) ;
#642 = LINE ( 'NONE', #662, #651 ) ;
#643 = ORIENTED_EDGE ( 'NONE', *, *, #2960, .F. ) ;
#644 = ORIENTED_EDGE ( 'NONE', *, *, #2534, .T. ) ;
#645 = DIRECTION ( 'NONE',  ( 0.7071067811865470176, 0.0000000000000000000, 0.7071067811865480168 ) ) ;
#646 = CARTESIAN_POINT ( 'NONE',  ( -4.250000000000001776, 0.2000000000000000111, 3.000000000000000888 ) ) ;
#647 = DIRECTION ( 'NONE',  ( -0.0000000000000000000, -0.0000000000000000000, 1.000000000000000000 ) ) ;
#648 = DIRECTION ( 'NONE',  ( 1.000000000000000000, 0.0000000000000000000, 0.0000000000000000000 ) ) ;
#649 = VECTOR ( 'NONE', #3086, 1000.000000000000000 ) ;
#650 = LINE ( 'NONE', #113, #1931 ) ;
#651 = VECTOR ( 'NONE', #1443, 1000.000000000000000 ) ;
#652 = VECTOR ( 'NONE', #922, 1000.000000000000000 ) ;
#653 = CARTESIAN_POINT ( 'NONE',  ( 4.235355339059328372, 0.01464466094067270671, 2.764644660940673404 ) ) ;
#654 = VERTEX_POINT ( 'NONE', #742 ) ;
#655 = DIRECTION ( 'NONE',  ( 0.0000000000000000000, -1.000000000000000000, 0.0000000000000000000 ) ) ;
#656 = LINE ( 'NONE', #98, #135 ) ;
#657 = EDGE_CURVE ( 'NONE', #1072, #883, #1027, .T. ) ;
#658 = ORIENTED_EDGE ( 'NONE', *, *, #258, .F. ) ;
#659 = CARTESIAN_POINT ( 'NONE',  ( 3.024999999999999911, 2.949999999999999734, -0.04330127018922207832 ) ) ;
#660 = CARTESIAN_POINT ( 'NONE',  ( 0.0000000000000000000, 2.949999999999999734, -4.200000000000000178 ) ) ;
#661 = ADVANCED_FACE ( 'NONE', ( #2877 ), #1700, .T. ) ;
#662 = CARTESIAN_POINT ( 'NONE',  ( 4.250000000000000000, 3.000000000000000000, 2.729289321881346098 ) ) ;
#663 = ORIENTED_EDGE ( 'NONE', *, *, #3146, .F. ) ;
#664 = ORIENTED_EDGE ( 'NONE', *, *, #1240, .F. ) ;
#665 = CARTESIAN_POINT ( 'NONE',  ( -3.000000000000000888, 0.2000000000000000111, 4.250000000000001776 ) ) ;
#666 = UNCERTAINTY_MEASURE_WITH_UNIT (LENGTH_MEASURE( 1.000000000000000082E-05 ), #406, 'distance_accuracy_value', 'NONE');
#667 = CARTESIAN_POINT ( 'NONE',  ( -3.750000000000000444, 2.700000000000000178, -2.542893218813451650 ) ) ;
#668 = FACE_OUTER_BOUND ( 'NONE', #2032, .T. ) ;
#669 = DIRECTION ( 'NONE',  ( 0.7071067811865503483, 0.0000000000000000000, -0.7071067811865446862 ) ) ;
#670 = LINE ( 'NONE', #3025, #2658 ) ;
#671 = VECTOR ( 'NONE', #1609, 1000.000000000000114 ) ;
#672 = FILL_AREA_STYLE ('',( #3337 ) ) ;
#673 = ORIENTED_EDGE ( 'NONE', *, *, #2670, .T. ) ;
#674 = DIRECTION ( 'NONE',  ( -0.7071067811865473507, 0.0000000000000000000, -0.7071067811865477948 ) ) ;
#675 = AXIS2_PLACEMENT_3D ( 'NONE', #286, #2016, #2502 ) ;
#676 = EDGE_CURVE ( 'NONE', #3184, #2501, #2660, .T. ) ;
#677 = ORIENTED_EDGE ( 'NONE', *, *, #1171, .T. ) ;
#678 = LINE ( 'NONE', #2299, #2886 ) ;
#679 = PLANE ( 'NONE',  #249 ) ;
#680 = LINE ( 'NONE', #1766, #393 ) ;
#681 = FACE_OUTER_BOUND ( 'NONE', #2450, .T. ) ;
#682 = CIRCLE ( 'NONE', #3055, 0.05000000000000012768 ) ;
#683 = ADVANCED_FACE ( 'NONE', ( #421 ), #2098, .T. ) ;
#684 = EDGE_LOOP ( 'NONE', ( #2167, #3102, #2625, #1101, #1778, #3188 ) ) ;
#685 = VECTOR ( 'NONE', #539, 1000.000000000000000 ) ;
#686 = DIRECTION ( 'NONE',  ( 0.0000000000000000000, -1.000000000000000000, 0.0000000000000000000 ) ) ;
#687 = COLOUR_RGB ( '',0.6470588235294117974, 0.6196078431372549211, 0.5882352941176470784 ) ;
#688 = CARTESIAN_POINT ( 'NONE',  ( 2.867984791696021496, 3.000000000000000000, 4.132015208303980280 ) ) ;
#689 = FACE_OUTER_BOUND ( 'NONE', #3460, .T. ) ;
#690 = PRESENTATION_LAYER_ASSIGNMENT (  '', '', ( #801 ) ) ;
#691 = LINE ( 'NONE', #2525, #2261 ) ;
#692 = COLOUR_RGB ( '',0.2980392156862745057, 0.2980392156862745057, 0.2980392156862745057 ) ;
#693 = VERTEX_POINT ( 'NONE', #2589 ) ;
#694 = CARTESIAN_POINT ( 'NONE',  ( -4.250000000000000000, 2.949999999999999734, -2.749999999999999556 ) ) ;
#695 = ORIENTED_EDGE ( 'NONE', *, *, #2629, .F. ) ;
#696 = SURFACE_STYLE_USAGE ( .BOTH. , #3170 ) ;
#697 = CARTESIAN_POINT ( 'NONE',  ( 2.764644660940672072, 2.949999999999999734, 4.235355339059329260 ) ) ;
#698 = EDGE_CURVE ( 'NONE', #947, #2353, #3185, .T. ) ;
#699 = VERTEX_POINT ( 'NONE', #2894 ) ;
#700 = ORIENTED_EDGE ( 'NONE', *, *, #1809, .F. ) ;
#701 =( NAMED_UNIT ( * ) PLANE_ANGLE_UNIT ( ) SI_UNIT ( $, .RADIAN. ) );
#702 = CARTESIAN_POINT ( 'NONE',  ( -2.764644660940672516, 0.01464466094067270671, -4.235355339059327484 ) ) ;
#703 = EDGE_CURVE ( 'NONE', #2120, #299, #1283, .T. ) ;
#704 = DIRECTION ( 'NONE',  ( 1.000000000000000000, 0.0000000000000000000, 0.0000000000000000000 ) ) ;
#705 =( NAMED_UNIT ( * ) PLANE_ANGLE_UNIT ( ) SI_UNIT ( $, .RADIAN. ) );
#706 = EDGE_CURVE ( 'NONE', #259, #550, #1067, .T. ) ;
#707 = DIRECTION ( 'NONE',  ( 1.000000000000000000, 0.0000000000000000000, 0.0000000000000000000 ) ) ;
#708 = SURFACE_STYLE_FILL_AREA ( #2046 ) ;
#709 = ORIENTED_EDGE ( 'NONE', *, *, #1635, .T. ) ;
#710 = CARTESIAN_POINT ( 'NONE',  ( -2.459654435482566015, 2.949999999999999734, -2.618414913520643150 ) ) ;
#711 =( LENGTH_UNIT ( ) NAMED_UNIT ( * ) SI_UNIT ( .MILLI., .METRE. ) );
#712 = FACE_OUTER_BOUND ( 'NONE', #176, .T. ) ;
#713 = VERTEX_POINT ( 'NONE', #2623 ) ;
#714 = CARTESIAN_POINT ( 'NONE',  ( -4.249999999999996447, -0.0000000000000000000, -3.000000000000009770 ) ) ;
#715 = DIRECTION ( 'NONE',  ( 1.000000000000000000, 0.0000000000000000000, 0.0000000000000000000 ) ) ;
#716 = EDGE_LOOP ( 'NONE', ( #1782, #854, #2865, #1680 ) ) ;
#717 = ADVANCED_FACE ( 'NONE', ( #758 ), #2925, .T. ) ;
#718 = LINE ( 'NONE', #3199, #165 ) ;
#719 = EDGE_CURVE ( 'NONE', #1471, #2567, #272, .T. ) ;
#720 = ORIENTED_EDGE ( 'NONE', *, *, #3351, .T. ) ;
#721 = MECHANICAL_DESIGN_GEOMETRIC_PRESENTATION_REPRESENTATION (  '', ( #2096 ), #1696 ) ;
#722 =( NAMED_UNIT ( * ) SI_UNIT ( $, .STERADIAN. ) SOLID_ANGLE_UNIT ( ) );
#723 = LINE ( 'NONE', #2054, #2749 ) ;
#724 = AXIS2_PLACEMENT_3D ( 'NONE', #2757, #3244, #1402 ) ;
#725 = ORIENTED_EDGE ( 'NONE', *, *, #2670, .F. ) ;
#726 = ORIENTED_EDGE ( 'NONE', *, *, #1856, .T. ) ;
#727 = CARTESIAN_POINT ( 'NONE',  ( -2.729289321881345209, 0.05000000000000012768, 4.250000000000000888 ) ) ;
#728 = STYLED_ITEM ( 'NONE', ( #738 ), #966 ) ;
#729 = PLANE ( 'NONE',  #2634 ) ;
#730 = MECHANICAL_DESIGN_GEOMETRIC_PRESENTATION_REPRESENTATION (  '', ( #275 ), #3162 ) ;
#731 = VERTEX_POINT ( 'NONE', #1890 ) ;
#732 = DIRECTION ( 'NONE',  ( -1.000000000000000000, -0.0000000000000000000, -0.0000000000000000000 ) ) ;
#733 = CIRCLE ( 'NONE', #2104, 3.500000000000000000 ) ;
#734 = EDGE_CURVE ( 'NONE', #1668, #776, #800, .T. ) ;
#735 =( BOUNDED_CURVE ( )  B_SPLINE_CURVE ( 3, ( #1807, #3161, #1565, #1862 ),
 .UNSPECIFIED., .F., .T. ) 
 B_SPLINE_CURVE_WITH_KNOTS ( ( 4, 4 ),
 ( 0.7853981633974482790, 1.570796326794896558 ),
 .UNSPECIFIED. ) 
 CURVE ( )  GEOMETRIC_REPRESENTATION_ITEM ( )  RATIONAL_B_SPLINE_CURVE ( ( 1.000000000000000000, 0.9492530216741911220, 0.9492530216741911220, 1.000000000000000000 ) ) 
 REPRESENTATION_ITEM ( '' )  );
#737 = VECTOR ( 'NONE', #2873, 1000.000000000000000 ) ;
#736 = DIRECTION ( 'NONE',  ( 0.0000000000000000000, -1.000000000000000000, -0.0000000000000000000 ) ) ;
#738 = PRESENTATION_STYLE_ASSIGNMENT (( #3130 ) ) ;
#739 = VECTOR ( 'NONE', #3495, 1000.000000000000000 ) ;
#740 = EDGE_CURVE ( 'NONE', #369, #388, #1870, .T. ) ;
#741 = EDGE_LOOP ( 'NONE', ( #1912, #1356, #3174, #1168, #2682, #1898 ) ) ;
#742 = CARTESIAN_POINT ( 'NONE',  ( -2.309654435482566548, 2.900000000000000355, -1.868414913520642928 ) ) ;
#743 = CARTESIAN_POINT ( 'NONE',  ( -2.609654435482565926, 3.000000000000000000, -2.468414913520643239 ) ) ;
#744 = FACE_OUTER_BOUND ( 'NONE', #2352, .T. ) ;
#745 = EDGE_CURVE ( 'NONE', #2202, #1228, #1410, .T. ) ;
#746 = ORIENTED_EDGE ( 'NONE', *, *, #177, .T. ) ;
#747 = VERTEX_POINT ( 'NONE', #1867 ) ;
#748 = CARTESIAN_POINT ( 'NONE',  ( -2.609654435482565926, 2.900000000000000355, -3.368414913520643594 ) ) ;
#749 = LINE ( 'NONE', #179, #137 ) ;
#750 = CARTESIAN_POINT ( 'NONE',  ( -2.764644660940672072, 2.949999999999999734, 4.235355339059329260 ) ) ;
#751 = ORIENTED_EDGE ( 'NONE', *, *, #3486, .T. ) ;
#752 = VERTEX_POINT ( 'NONE', #19 ) ;
#753 = CARTESIAN_POINT ( 'NONE',  ( 4.235355339059328372, 2.949999999999999734, 2.764644660940672960 ) ) ;
#754 = LINE ( 'NONE', #2635, #3060 ) ;
#755 = ORIENTED_EDGE ( 'NONE', *, *, #1302, .F. ) ;
#756 = ADVANCED_FACE ( 'NONE', ( #3240 ), #297, .T. ) ;
#757 = AXIS2_PLACEMENT_3D ( 'NONE', #2766, #1724, #84 ) ;
#758 = FACE_OUTER_BOUND ( 'NONE', #2586, .T. ) ;
#759 = CARTESIAN_POINT ( 'NONE',  ( 0.0000000000000000000, 0.2000000000000000111, 0.0000000000000000000 ) ) ;
#760 = CARTESIAN_POINT ( 'NONE',  ( -4.250000000000000000, 0.05000000000000012768, 2.729289321881346098 ) ) ;
#761 = COLOUR_RGB ( '',0.6470588235294117974, 0.6196078431372549211, 0.5882352941176470784 ) ;
#762 = ORIENTED_EDGE ( 'NONE', *, *, #217, .T. ) ;
#763 = ORIENTED_EDGE ( 'NONE', *, *, #3467, .T. ) ;
#764 = EDGE_CURVE ( 'NONE', #1693, #2038, #2979, .T. ) ;
#765 = CARTESIAN_POINT ( 'NONE',  ( -2.799999999999999378, 0.0000000000000000000, 4.200000000000001954 ) ) ;
#766 = VECTOR ( 'NONE', #686, 1000.000000000000000 ) ;
#767 = CARTESIAN_POINT ( 'NONE',  ( -2.799999999999999822, 0.0000000000000000000, -4.200000000000000178 ) ) ;
#768 = DIRECTION ( 'NONE',  ( -0.0000000000000000000, 1.000000000000000000, -0.0000000000000000000 ) ) ;
#769 = ORIENTED_EDGE ( 'NONE', *, *, #1482, .F. ) ;
#770 = VERTEX_POINT ( 'NONE', #2963 ) ;
#771 = DIRECTION ( 'NONE',  ( 0.0000000000000000000, 0.0000000000000000000, 1.000000000000000000 ) ) ;
#772 = LINE ( 'NONE', #2126, #1908 ) ;
#773 = CARTESIAN_POINT ( 'NONE',  ( 4.250000000000000000, 0.03656194489676561216, 2.742727376984580800 ) ) ;
#774 = DIRECTION ( 'NONE',  ( 0.0000000000000000000, 0.0000000000000000000, 1.000000000000000000 ) ) ;
#775 = CARTESIAN_POINT ( 'NONE',  ( 2.729289321881345209, 0.05000000000000012768, 4.250000000000000888 ) ) ;
#776 = VERTEX_POINT ( 'NONE', #1380 ) ;
#777 = CARTESIAN_POINT ( 'NONE',  ( 3.464644660940673138, 2.949999999999999734, 3.464644660940673138 ) ) ;
#778 = DIRECTION ( 'NONE',  ( 0.0000000000000000000, 0.0000000000000000000, 1.000000000000000000 ) ) ;
#779 = DIRECTION ( 'NONE',  ( 0.0000000000000000000, 1.000000000000000000, 0.0000000000000000000 ) ) ;
#780 = EDGE_CURVE ( 'NONE', #583, #2893, #2424, .T. ) ;
#781 = EDGE_LOOP ( 'NONE', ( #320, #3246, #762, #2467 ) ) ;
#782 = AXIS2_PLACEMENT_3D ( 'NONE', #1503, #158, #3104 ) ;
#783 = DIRECTION ( 'NONE',  ( 0.0000000000000000000, 0.0000000000000000000, -1.000000000000000000 ) ) ;
#784 = VERTEX_POINT ( 'NONE', #2718 ) ;
#785 = DIRECTION ( 'NONE',  ( -0.0000000000000000000, -0.0000000000000000000, 1.000000000000000000 ) ) ;
#786 = PLANE ( 'NONE',  #1323 ) ;
#787 = AXIS2_PLACEMENT_3D ( 'NONE', #1927, #1084, #1369 ) ;
#788 = DIRECTION ( 'NONE',  ( -0.0000000000000000000, 1.000000000000000000, -0.0000000000000000000 ) ) ;
#789 = ADVANCED_FACE ( 'NONE', ( #528 ), #2208, .T. ) ;
#790 = ORIENTED_EDGE ( 'NONE', *, *, #230, .T. ) ;
#791 = AXIS2_PLACEMENT_3D ( 'NONE', #1236, #956, #2602 ) ;
#792 = ORIENTED_EDGE ( 'NONE', *, *, #1899, .F. ) ;
#793 = DIRECTION ( 'NONE',  ( -0.7071067811865474617, 0.0000000000000000000, 0.7071067811865474617 ) ) ;
#794 = VECTOR ( 'NONE', #2204, 1000.000000000000000 ) ;
#795 = CARTESIAN_POINT ( 'NONE',  ( -2.755142521051217042, 0.02414680083012837528, -4.244857478948782514 ) ) ;
#796 = STYLED_ITEM ( 'NONE', ( #2427 ), #1698 ) ;
#797 =( NAMED_UNIT ( * ) SI_UNIT ( $, .STERADIAN. ) SOLID_ANGLE_UNIT ( ) );
#798 = VECTOR ( 'NONE', #3267, 1000.000000000000000 ) ;
#799 = ORIENTED_EDGE ( 'NONE', *, *, #2081, .F. ) ;
#800 = LINE ( 'NONE', #563, #1071 ) ;
#801 = STYLED_ITEM ( 'NONE', ( #1505 ), #2335 ) ;
#802 = EDGE_LOOP ( 'NONE', ( #2124, #376, #2755, #2899, #1388, #1739, #1545, #605 ) ) ;
#803 = SURFACE_STYLE_FILL_AREA ( #3226 ) ;
#804 = ORIENTED_EDGE ( 'NONE', *, *, #2036, .T. ) ;
#805 = AXIS2_PLACEMENT_3D ( 'NONE', #1149, #2822, #902 ) ;
#806 = CARTESIAN_POINT ( 'NONE',  ( -4.249999999999992895, -0.0000000000000000000, -4.250000000000048850 ) ) ;
#807 = EDGE_CURVE ( 'NONE', #1979, #2929, #1114, .T. ) ;
#808 = PLANE ( 'NONE',  #1045 ) ;
#809 = FACE_OUTER_BOUND ( 'NONE', #1203, .T. ) ;
#810 = ORIENTED_EDGE ( 'NONE', *, *, #283, .T. ) ;
#811 = CARTESIAN_POINT ( 'NONE',  ( 2.750000000000000444, 3.000000000000000000, 4.200000000000001066 ) ) ;
#812 = ADVANCED_FACE ( 'NONE', ( #2443 ), #511, .F. ) ;
#813 = LINE ( 'NONE', #502, #3224 ) ;
#814 = DIRECTION ( 'NONE',  ( 0.0000000000000000000, -1.000000000000000000, 0.0000000000000000000 ) ) ;
#815 = EDGE_CURVE ( 'NONE', #2415, #2841, #3441, .T. ) ;
#816 = LINE ( 'NONE', #847, #1814 ) ;
#817 = ORIENTED_EDGE ( 'NONE', *, *, #2955, .F. ) ;
#818 = DIRECTION ( 'NONE',  ( 0.0000000000000000000, 1.000000000000000000, 0.0000000000000000000 ) ) ;
#819 = CARTESIAN_POINT ( 'NONE',  ( 1.650961894323338175, 3.000000000000000000, 0.8366025403784519421 ) ) ;
#820 = DIRECTION ( 'NONE',  ( 0.7071067811865474617, 2.602085213965206855E-14, -0.7071067811865474617 ) ) ;
#821 = ORIENTED_EDGE ( 'NONE', *, *, #1063, .F. ) ;
#822 = ORIENTED_EDGE ( 'NONE', *, *, #872, .F. ) ;
#823 = DIRECTION ( 'NONE',  ( -1.000000000000000000, 0.0000000000000000000, 0.0000000000000000000 ) ) ;
#824 = COLOUR_RGB ( '',0.6470588235294117974, 0.6196078431372549211, 0.5882352941176470784 ) ;
#825 = EDGE_CURVE ( 'NONE', #1051, #2998, #2246, .T. ) ;
#826 = ORIENTED_EDGE ( 'NONE', *, *, #2648, .T. ) ;
#827 = CIRCLE ( 'NONE', #1568, 0.04999999999999969746 ) ;
#828 = CARTESIAN_POINT ( 'NONE',  ( 2.542893218813452538, 2.700000000000000178, 3.750000000000001332 ) ) ;
#829 = CARTESIAN_POINT ( 'NONE',  ( 4.200000000000000178, 0.05000000000000012768, 2.750000000000001332 ) ) ;
#830 = FACE_OUTER_BOUND ( 'NONE', #993, .T. ) ;
#831 = ADVANCED_FACE ( 'NONE', ( #1710 ), #1496, .T. ) ;
#832 = CARTESIAN_POINT ( 'NONE',  ( -4.249999999999992895, 0.2000000000000000111, -4.250000000000048850 ) ) ;
#833 = ADVANCED_FACE ( 'NONE', ( #2498 ), #1760, .T. ) ;
#834 = DIRECTION ( 'NONE',  ( -0.7071067811865474617, 0.0000000000000000000, 0.7071067811865474617 ) ) ;
#835 = ORIENTED_EDGE ( 'NONE', *, *, #14, .T. ) ;
#836 = ORIENTED_EDGE ( 'NONE', *, *, #703, .T. ) ;
#837 = DIRECTION ( 'NONE',  ( 0.0000000000000000000, 1.000000000000000000, 0.0000000000000000000 ) ) ;
#838 =( LENGTH_UNIT ( ) NAMED_UNIT ( * ) SI_UNIT ( .MILLI., .METRE. ) );
#839 = VECTOR ( 'NONE', #1836, 1000.000000000000114 ) ;
#840 = ORIENTED_EDGE ( 'NONE', *, *, #1394, .T. ) ;
#841 = CARTESIAN_POINT ( 'NONE',  ( -4.250000000000000888, 0.2000000000000000111, 4.250000000000000888 ) ) ;
#842 = AXIS2_PLACEMENT_3D ( 'NONE', #857, #837, #1896 ) ;
#843 = SPHERICAL_SURFACE ( 'NONE', #1879, 0.05000000000000000278 ) ;
#844 = DIRECTION ( 'NONE',  ( 0.0000000000000000000, -0.0000000000000000000, 1.000000000000000000 ) ) ;
#845 = STYLED_ITEM ( 'NONE', ( #116 ), #833 ) ;
#846 = LINE ( 'NONE', #1688, #59 ) ;
#847 = CARTESIAN_POINT ( 'NONE',  ( 4.200000000000000178, 2.700000000000000178, 1.500000000000000000 ) ) ;
#848 = AXIS2_PLACEMENT_3D ( 'NONE', #1361, #1322, #2991 ) ;
#849 = CIRCLE ( 'NONE', #3509, 0.04999999999999969746 ) ;
#850 = ORIENTED_EDGE ( 'NONE', *, *, #3492, .T. ) ;
#851 = DIRECTION ( 'NONE',  ( 0.0000000000000000000, -1.000000000000000000, 0.0000000000000000000 ) ) ;
#852 = EDGE_CURVE ( 'NONE', #1587, #71, #442, .T. ) ;
#853 = PRESENTATION_LAYER_ASSIGNMENT (  '', '', ( #2051 ) ) ;
#854 = ORIENTED_EDGE ( 'NONE', *, *, #104, .F. ) ;
#855 = ORIENTED_EDGE ( 'NONE', *, *, #1856, .F. ) ;
#856 = COLOUR_RGB ( '',0.6470588235294117974, 0.6196078431372549211, 0.5882352941176470784 ) ;
#857 = CARTESIAN_POINT ( 'NONE',  ( 4.200000000000000178, 2.949999999999999734, 2.729289321881344765 ) ) ;
#858 = ADVANCED_FACE ( 'NONE', ( #2527 ), #2245, .T. ) ;
#859 = DIRECTION ( 'NONE',  ( 0.0000000000000000000, 0.0000000000000000000, -1.000000000000000000 ) ) ;
#860 = STYLED_ITEM ( 'NONE', ( #1971 ), #2259 ) ;
#861 = VERTEX_POINT ( 'NONE', #2011 ) ;
#862 = DIRECTION ( 'NONE',  ( -0.7071067811865474617, 0.0000000000000000000, -0.7071067811865474617 ) ) ;
#863 = CARTESIAN_POINT ( 'NONE',  ( 2.729289321881345209, 2.949999999999999734, -4.200000000000000178 ) ) ;
#864 = FILL_AREA_STYLE_COLOUR ( '', #2206 ) ;
#865 = SURFACE_STYLE_USAGE ( .BOTH. , #3009 ) ;
#866 = PLANE ( 'NONE',  #504 ) ;
#867 = ORIENTED_EDGE ( 'NONE', *, *, #67, .T. ) ;
#868 = FILL_AREA_STYLE ('',( #1147 ) ) ;
#869 = CARTESIAN_POINT ( 'NONE',  ( -4.200000000000000178, 0.0000000000000000000, 2.800000000000001155 ) ) ;
#870 = CARTESIAN_POINT ( 'NONE',  ( -2.542893218813452538, 2.700000000000000178, 3.750000000000001332 ) ) ;
#871 = VERTEX_POINT ( 'NONE', #2801 ) ;
#872 = EDGE_CURVE ( 'NONE', #550, #1471, #159, .T. ) ;
#873 = VERTEX_POINT ( 'NONE', #1435 ) ;
#874 = DIRECTION ( 'NONE',  ( -0.0000000000000000000, 1.000000000000000000, 0.0000000000000000000 ) ) ;
#875 = DIRECTION ( 'NONE',  ( 0.0000000000000000000, 0.0000000000000000000, -1.000000000000000000 ) ) ;
#876 = EDGE_CURVE ( 'NONE', #3373, #2880, #3302, .T. ) ;
#877 = ORIENTED_EDGE ( 'NONE', *, *, #1223, .F. ) ;
#878 = CARTESIAN_POINT ( 'NONE',  ( 4.235969583392039439, 0.2000000000000000111, -3.000000000000056843 ) ) ;
#879 = CARTESIAN_POINT ( 'NONE',  ( 2.729289321881345209, 0.05000000000000012768, -4.249999999999999112 ) ) ;
#880 = PLANE ( 'NONE',  #1598 ) ;
#881 = CARTESIAN_POINT ( 'NONE',  ( 2.542893218813452538, 2.700000000000000178, 3.750000000000001332 ) ) ;
#882 = CARTESIAN_POINT ( 'NONE',  ( -2.799999999999999822, 0.0000000000000000000, -4.200000000000000178 ) ) ;
#883 = VERTEX_POINT ( 'NONE', #1182 ) ;
#884 = SURFACE_STYLE_USAGE ( .BOTH. , #2227 ) ;
#885 = DIRECTION ( 'NONE',  ( 1.000000000000000000, 0.0000000000000000000, 0.0000000000000000000 ) ) ;
#886 = ORIENTED_EDGE ( 'NONE', *, *, #2676, .T. ) ;
#887 = ORIENTED_EDGE ( 'NONE', *, *, #3064, .F. ) ;
#888 = CARTESIAN_POINT ( 'NONE',  ( 2.800000000000000266, 0.0000000000000000000, -4.200000000000000178 ) ) ;
#889 = CARTESIAN_POINT ( 'NONE',  ( -2.729289321881344765, 3.000000000000000000, 4.200000000000001066 ) ) ;
#890 = EDGE_CURVE ( 'NONE', #3414, #1958, #3044, .T. ) ;
#891 = ORIENTED_EDGE ( 'NONE', *, *, #1277, .F. ) ;
#892 = DIRECTION ( 'NONE',  ( -1.000000000000000000, 0.0000000000000000000, 0.0000000000000000000 ) ) ;
#893 = EDGE_CURVE ( 'NONE', #1406, #1556, #617, .T. ) ;
#894 = CARTESIAN_POINT ( 'NONE',  ( -4.200000000000000178, 0.0000000000000000000, 0.0000000000000000000 ) ) ;
#895 = AXIS2_PLACEMENT_3D ( 'NONE', #2931, #785, #2644 ) ;
#896 = DIRECTION ( 'NONE',  ( 0.0000000000000000000, 0.0000000000000000000, -1.000000000000000000 ) ) ;
#897 = VECTOR ( 'NONE', #1665, 1000.000000000000000 ) ;
#898 = CARTESIAN_POINT ( 'NONE',  ( -4.225853199169872454, 0.005142521051217215089, -2.774146800830127990 ) ) ;
#899 = ORIENTED_EDGE ( 'NONE', *, *, #1110, .T. ) ;
#900 = AXIS2_PLACEMENT_3D ( 'NONE', #3079, #3030, #1473 ) ;
#901 = DIRECTION ( 'NONE',  ( 0.0000000000000000000, -0.0000000000000000000, 1.000000000000000000 ) ) ;
#902 = DIRECTION ( 'NONE',  ( 0.0000000000000000000, 0.0000000000000000000, -1.000000000000000000 ) ) ;
#903 = AXIS2_PLACEMENT_3D ( 'NONE', #508, #257, #3238 ) ;
#904 = EDGE_LOOP ( 'NONE', ( #1141, #3496, #1439, #3461 ) ) ;
#905 = CARTESIAN_POINT ( 'NONE',  ( -2.750000000000000444, 0.05000000000000012768, 4.250000000000000888 ) ) ;
#906 = AXIS2_PLACEMENT_3D ( 'NONE', #346, #2508, #1416 ) ;
#907 = FACE_OUTER_BOUND ( 'NONE', #2954, .T. ) ;
#908 =( GEOMETRIC_REPRESENTATION_CONTEXT ( 3 ) GLOBAL_UNCERTAINTY_ASSIGNED_CONTEXT ( ( #2645 ) ) GLOBAL_UNIT_ASSIGNED_CONTEXT ( ( #3372, #3077, #2819 ) ) REPRESENTATION_CONTEXT ( 'NONE', 'WORKASPACE' ) );
#909 = ORIENTED_EDGE ( 'NONE', *, *, #1490, .F. ) ;
#910 = DIRECTION ( 'NONE',  ( -0.7071067811865474617, -0.0000000000000000000, 0.7071067811865474617 ) ) ;
#911 = CARTESIAN_POINT ( 'NONE',  ( 0.0000000000000000000, 2.200000000000000178, 0.0000000000000000000 ) ) ;
#912 = AXIS2_PLACEMENT_3D ( 'NONE', #1599, #555, #1842 ) ;
#913 = DIRECTION ( 'NONE',  ( 0.0000000000000000000, 0.0000000000000000000, 1.000000000000000000 ) ) ;
#914 = CARTESIAN_POINT ( 'NONE',  ( 0.0000000000000000000, 0.5000000000000000000, 0.0000000000000000000 ) ) ;
#915 = ADVANCED_FACE ( 'NONE', ( #133 ), #2511, .F. ) ;
#916 = CIRCLE ( 'NONE', #2384, 1.000000000000000000 ) ;
#917 = CARTESIAN_POINT ( 'NONE',  ( -3.750000000000000444, 2.700000000000000178, 2.542893218813453426 ) ) ;
#918 = SURFACE_STYLE_USAGE ( .BOTH. , #1251 ) ;
#919 = EDGE_CURVE ( 'NONE', #713, #1030, #1691, .T. ) ;
#920 = ORIENTED_EDGE ( 'NONE', *, *, #1025, .F. ) ;
#921 = DIRECTION ( 'NONE',  ( 0.0000000000000000000, 1.000000000000000000, 0.0000000000000000000 ) ) ;
#922 = DIRECTION ( 'NONE',  ( -1.000000000000000000, -0.0000000000000000000, -0.0000000000000000000 ) ) ;
#923 = LINE ( 'NONE', #3290, #12 ) ;
#924 = ORIENTED_EDGE ( 'NONE', *, *, #2292, .F. ) ;
#925 = CARTESIAN_POINT ( 'NONE',  ( -2.609654435482565926, 2.900000000000000355, -3.368414913520643594 ) ) ;
#926 = LINE ( 'NONE', #961, #1074 ) ;
#927 = CARTESIAN_POINT ( 'NONE',  ( 2.729289321881344765, 2.949999999999999734, 4.200000000000001066 ) ) ;
#928 = ORIENTED_EDGE ( 'NONE', *, *, #1558, .T. ) ;
#929 = ORIENTED_EDGE ( 'NONE', *, *, #2036, .F. ) ;
#930 = DIRECTION ( 'NONE',  ( -0.0000000000000000000, 1.000000000000000000, -0.0000000000000000000 ) ) ;
#931 = LINE ( 'NONE', #145, #3250 ) ;
#932 = CARTESIAN_POINT ( 'NONE',  ( 3.750000000000000444, 2.700000000000000178, 2.542893218813453426 ) ) ;
#933 =( NAMED_UNIT ( * ) PLANE_ANGLE_UNIT ( ) SI_UNIT ( $, .RADIAN. ) );
#934 = CIRCLE ( 'NONE', #248, 0.04999999999999969746 ) ;
#935 = DIRECTION ( 'NONE',  ( 1.000000000000000000, 0.0000000000000000000, 0.0000000000000000000 ) ) ;
#936 = EDGE_CURVE ( 'NONE', #2880, #3184, #488, .T. ) ;
#937 = PRESENTATION_LAYER_ASSIGNMENT (  '', '', ( #2692 ) ) ;
#938 = DIRECTION ( 'NONE',  ( -1.000000000000000000, 0.0000000000000000000, 0.0000000000000000000 ) ) ;
#939 = EDGE_LOOP ( 'NONE', ( #3065, #572, #943, #1930 ) ) ;
#940 = CARTESIAN_POINT ( 'NONE',  ( 3.750000000000000444, 2.700000000000000178, -1.500000000000000000 ) ) ;
#941 = LINE ( 'NONE', #1743, #3066 ) ;
#942 = EDGE_CURVE ( 'NONE', #1851, #1828, #3397, .T. ) ;
#943 = ORIENTED_EDGE ( 'NONE', *, *, #2995, .T. ) ;
#944 = LINE ( 'NONE', #3085, #2597 ) ;
#945 = FACE_OUTER_BOUND ( 'NONE', #516, .T. ) ;
#946 = DIRECTION ( 'NONE',  ( -1.000000000000000000, -0.0000000000000000000, 0.0000000000000000000 ) ) ;
#947 = VERTEX_POINT ( 'NONE', #973 ) ;
#948 = ORIENTED_EDGE ( 'NONE', *, *, #2190, .F. ) ;
#949 = CARTESIAN_POINT ( 'NONE',  ( 2.750000000000000444, 0.0000000000000000000, 4.250000000000000888 ) ) ;
#950 = FACE_OUTER_BOUND ( 'NONE', #1485, .T. ) ;
#951 = PLANE ( 'NONE',  #567 ) ;
#952 = LINE ( 'NONE', #3180, #1992 ) ;
#953 = PRESENTATION_LAYER_ASSIGNMENT (  '', '', ( #2096 ) ) ;
#954 = ORIENTED_EDGE ( 'NONE', *, *, #104, .T. ) ;
#955 = ADVANCED_FACE ( 'NONE', ( #1252 ), #218, .F. ) ;
#956 = DIRECTION ( 'NONE',  ( 0.0000000000000000000, 0.0000000000000000000, 1.000000000000000000 ) ) ;
#957 = EDGE_LOOP ( 'NONE', ( #188, #1744, #2737, #954 ) ) ;
#958 = ADVANCED_FACE ( 'NONE', ( #417 ), #3147, .F. ) ;
#959 = CARTESIAN_POINT ( 'NONE',  ( 4.229289321881346098, 1.700000000000000178, -1.499999999999999334 ) ) ;
#960 = LINE ( 'NONE', #3431, #1721 ) ;
#961 = CARTESIAN_POINT ( 'NONE',  ( 3.750000000000000444, 2.700000000000000178, 1.500000000000000000 ) ) ;
#962 = CARTESIAN_POINT ( 'NONE',  ( -4.235355339059328372, 0.01464466094067270671, 2.764644660940673404 ) ) ;
#963 = VECTOR ( 'NONE', #465, 1000.000000000000000 ) ;
#964 = ORIENTED_EDGE ( 'NONE', *, *, #3093, .T. ) ;
#965 = AXIS2_PLACEMENT_3D ( 'NONE', #3063, #635, #1494 ) ;
#966 = ADVANCED_FACE ( 'NONE', ( #3428 ), #2587, .T. ) ;
#967 = FILL_AREA_STYLE_COLOUR ( '', #1177 ) ;
#968 =( GEOMETRIC_REPRESENTATION_CONTEXT ( 3 ) GLOBAL_UNCERTAINTY_ASSIGNED_CONTEXT ( ( #2833 ) ) GLOBAL_UNIT_ASSIGNED_CONTEXT ( ( #2164, #1377, #557 ) ) REPRESENTATION_CONTEXT ( 'NONE', 'WORKASPACE' ) );
#969 = CARTESIAN_POINT ( 'NONE',  ( 2.729289321881345209, 3.000000000000000000, -4.200000000000000178 ) ) ;
#970 = VECTOR ( 'NONE', #3108, 1000.000000000000000 ) ;
#971 = LINE ( 'NONE', #3128, #2487 ) ;
#972 = AXIS2_PLACEMENT_3D ( 'NONE', #468, #1531, #2296 ) ;
#973 = CARTESIAN_POINT ( 'NONE',  ( 4.235355339059328372, 2.949999999999999734, -2.764644660940671184 ) ) ;
#974 = VERTEX_POINT ( 'NONE', #2045 ) ;
#975 = FACE_OUTER_BOUND ( 'NONE', #420, .T. ) ;
#976 = CARTESIAN_POINT ( 'NONE',  ( -4.250000000000000000, 0.05000000000000012768, 2.729289321881346098 ) ) ;
#977 = EDGE_CURVE ( 'NONE', #1889, #1534, #2875, .T. ) ;
#978 = ORIENTED_EDGE ( 'NONE', *, *, #1002, .F. ) ;
#979 = VERTEX_POINT ( 'NONE', #2329 ) ;
#980 = LINE ( 'NONE', #1289, #549 ) ;
#981 = EDGE_CURVE ( 'NONE', #2353, #1248, #3328, .T. ) ;
#982 = EDGE_LOOP ( 'NONE', ( #453, #3089, #2416, #1016 ) ) ;
#983 = DIRECTION ( 'NONE',  ( 0.0000000000000000000, -1.000000000000000000, 0.0000000000000000000 ) ) ;
#984 =( BOUNDED_CURVE ( )  B_SPLINE_CURVE ( 3, ( #702, #2122, #3191, #767 ),
 .UNSPECIFIED., .F., .T. ) 
 B_SPLINE_CURVE_WITH_KNOTS ( ( 4, 4 ),
 ( 3.926990816987240063, 4.712388980384689674 ),
 .UNSPECIFIED. ) 
 CURVE ( )  GEOMETRIC_REPRESENTATION_ITEM ( )  RATIONAL_B_SPLINE_CURVE ( ( 1.000000000000000000, 0.9492530216741910110, 0.9492530216741910110, 1.000000000000000000 ) ) 
 REPRESENTATION_ITEM ( '' )  );
#985 = CARTESIAN_POINT ( 'NONE',  ( 4.200000000000000178, 0.0000000000000000000, 2.800000000000000266 ) ) ;
#986 = AXIS2_PLACEMENT_3D ( 'NONE', #2116, #1622, #778 ) ;
#987 = VECTOR ( 'NONE', #2815, 1000.000000000000000 ) ;
#988 = VERTEX_POINT ( 'NONE', #1003 ) ;
#989 = DIRECTION ( 'NONE',  ( 0.0000000000000000000, 0.0000000000000000000, 1.000000000000000000 ) ) ;
#990 = DIRECTION ( 'NONE',  ( -0.0000000000000000000, 1.000000000000000000, -0.0000000000000000000 ) ) ;
#991 = CARTESIAN_POINT ( 'NONE',  ( -2.729289321881345209, 3.000000000000000000, 4.250000000000000888 ) ) ;
#992 = VERTEX_POINT ( 'NONE', #1826 ) ;
#993 = EDGE_LOOP ( 'NONE', ( #2769, #527, #1517 ) ) ;
#994 = DIRECTION ( 'NONE',  ( 1.445602896647339903E-15, 0.0000000000000000000, -1.000000000000000000 ) ) ;
#995 = ADVANCED_FACE ( 'NONE', ( #2906 ), #467, .F. ) ;
#996 = LINE ( 'NONE', #1819, #2579 ) ;
#997 = CARTESIAN_POINT ( 'NONE',  ( -4.250000000000000888, 0.2000000000000000111, 4.250000000000000888 ) ) ;
#998 = VERTEX_POINT ( 'NONE', #1075 ) ;
#999 = EDGE_CURVE ( 'NONE', #299, #1587, #1358, .T. ) ;
#1000 = CARTESIAN_POINT ( 'NONE',  ( -3.209654435482566015, 2.900000000000000355, -2.768414913520643061 ) ) ;
#1001 = DIRECTION ( 'NONE',  ( 7.228014483236699514E-16, 0.0000000000000000000, -1.000000000000000000 ) ) ;
#1002 = EDGE_CURVE ( 'NONE', #1975, #998, #2403, .T. ) ;
#1003 = CARTESIAN_POINT ( 'NONE',  ( 2.985969583392024784, 0.2000000000000000111, -4.250000000000053291 ) ) ;
#1004 = AXIS2_PLACEMENT_3D ( 'NONE', #2121, #1874, #2949 ) ;
#1005 = VERTEX_POINT ( 'NONE', #1111 ) ;
#1006 = VECTOR ( 'NONE', #1306, 1000.000000000000000 ) ;
#1007 = DIRECTION ( 'NONE',  ( -1.000000000000000000, 0.0000000000000000000, 0.0000000000000000000 ) ) ;
#1008 = FACE_BOUND ( 'NONE', #2702, .T. ) ;
#1009 = MECHANICAL_DESIGN_GEOMETRIC_PRESENTATION_REPRESENTATION (  '', ( #845 ), #1929 ) ;
#1010 = ORIENTED_EDGE ( 'NONE', *, *, #1171, .F. ) ;
#1011 = ORIENTED_EDGE ( 'NONE', *, *, #1432, .T. ) ;
#1012 = DIRECTION ( 'NONE',  ( -0.8660254037844417052, 0.0000000000000000000, -0.4999999999999947820 ) ) ;
#1013 = STYLED_ITEM ( 'NONE', ( #36 ), #812 ) ;
#1014 = UNCERTAINTY_MEASURE_WITH_UNIT (LENGTH_MEASURE( 1.000000000000000082E-05 ), #1429, 'distance_accuracy_value', 'NONE');
#1015 = DIRECTION ( 'NONE',  ( -0.7071067811865474617, -0.0000000000000000000, 0.7071067811865474617 ) ) ;
#1016 = ORIENTED_EDGE ( 'NONE', *, *, #1508, .F. ) ;
#1017 = ORIENTED_EDGE ( 'NONE', *, *, #2520, .T. ) ;
#1018 = PRESENTATION_STYLE_ASSIGNMENT (( #2598 ) ) ;
#1019 = AXIS2_PLACEMENT_3D ( 'NONE', #1632, #3196, #3213 ) ;
#1020 = EDGE_CURVE ( 'NONE', #1116, #3407, #2544, .T. ) ;
#1022 = CARTESIAN_POINT ( 'NONE',  ( 4.250000000000000000, 1.650000000000000133, 1.550000000000000044 ) ) ;
#1021 = VECTOR ( 'NONE', #814, 1000.000000000000000 ) ;
#1023 = SURFACE_STYLE_USAGE ( .BOTH. , #1279 ) ;
#1024 = VECTOR ( 'NONE', #250, 1000.000000000000000 ) ;
#1025 = EDGE_CURVE ( 'NONE', #460, #1641, #816, .T. ) ;
#1026 = EDGE_LOOP ( 'NONE', ( #2049, #55, #483, #1722 ) ) ;
#1027 = LINE ( 'NONE', #2388, #552 ) ;
#1028 = CARTESIAN_POINT ( 'NONE',  ( -2.764644660940672516, 0.01464466094067270671, 4.235355339059329260 ) ) ;
#1029 = DIRECTION ( 'NONE',  ( -0.0000000000000000000, 0.0000000000000000000, 1.000000000000000000 ) ) ;
#1030 = VERTEX_POINT ( 'NONE', #2713 ) ;
#1031 = ORIENTED_EDGE ( 'NONE', *, *, #3354, .T. ) ;
#1032 = CARTESIAN_POINT ( 'NONE',  ( 3.750000000000000444, 0.5000000000000000000, 2.542893218813453426 ) ) ;
#1033 = EDGE_LOOP ( 'NONE', ( #1643, #310, #1577, #1783 ) ) ;
#1034 = LINE ( 'NONE', #2974, #623 ) ;
#1035 = CARTESIAN_POINT ( 'NONE',  ( -4.250000000000000000, 0.03656194489676561216, -2.742727376984579468 ) ) ;
#1036 = CARTESIAN_POINT ( 'NONE',  ( 0.0000000000000000000, 2.400000000000000355, 0.0000000000000000000 ) ) ;
#1037 = PLANE ( 'NONE',  #1476 ) ;
#1038 = EDGE_CURVE ( 'NONE', #2659, #409, #1341, .T. ) ;
#1039 = ORIENTED_EDGE ( 'NONE', *, *, #1112, .T. ) ;
#1040 = COLOUR_RGB ( '',0.6470588235294117974, 0.6196078431372549211, 0.5882352941176470784 ) ;
#1041 =( GEOMETRIC_REPRESENTATION_CONTEXT ( 3 ) GLOBAL_UNCERTAINTY_ASSIGNED_CONTEXT ( ( #589 ) ) GLOBAL_UNIT_ASSIGNED_CONTEXT ( ( #711, #1660, #2699 ) ) REPRESENTATION_CONTEXT ( 'NONE', 'WORKASPACE' ) );
#1042 = SURFACE_STYLE_USAGE ( .BOTH. , #3149 ) ;
#1043 = DIRECTION ( 'NONE',  ( -1.000000000000000000, 0.0000000000000000000, 0.0000000000000000000 ) ) ;
#1044 = EDGE_CURVE ( 'NONE', #1005, #2861, #3010, .T. ) ;
#1045 = AXIS2_PLACEMENT_3D ( 'NONE', #1333, #2157, #3019 ) ;
#1046 = EDGE_LOOP ( 'NONE', ( #1305, #1017 ) ) ;
#1047 = ORIENTED_EDGE ( 'NONE', *, *, #1273, .F. ) ;
#1048 = DIRECTION ( 'NONE',  ( -0.0000000000000000000, -1.000000000000000000, -0.0000000000000000000 ) ) ;
#1049 =( LENGTH_UNIT ( ) NAMED_UNIT ( * ) SI_UNIT ( .MILLI., .METRE. ) );
#1050 = CARTESIAN_POINT ( 'NONE',  ( 4.235355339059328372, 0.01464466094067270671, -2.764644660940671628 ) ) ;
#1051 = VERTEX_POINT ( 'NONE', #1093 ) ;
#1052 = ORIENTED_EDGE ( 'NONE', *, *, #2449, .F. ) ;
#1053 = LINE ( 'NONE', #2437, #564 ) ;
#1054 = DIRECTION ( 'NONE',  ( -1.000000000000000000, 0.0000000000000000000, 0.0000000000000000000 ) ) ;
#1055 = CARTESIAN_POINT ( 'NONE',  ( 4.250000000000000000, 1.650000000000000133, -1.550000000000000044 ) ) ;
#1056 = EDGE_CURVE ( 'NONE', #747, #1851, #1303, .T. ) ;
#1057 = VERTEX_POINT ( 'NONE', #3217 ) ;
#1058 = CARTESIAN_POINT ( 'NONE',  ( -2.729289321881345209, 2.949999999999999734, 4.200000000000001066 ) ) ;
#1059 = FILL_AREA_STYLE_COLOUR ( '', #761 ) ;
#1060 = CARTESIAN_POINT ( 'NONE',  ( -4.200000000000000178, 2.949999999999999734, -2.729289321881344321 ) ) ;
#1061 = VERTEX_POINT ( 'NONE', #2385 ) ;
#1062 = FACE_OUTER_BOUND ( 'NONE', #3433, .T. ) ;
#1063 = EDGE_CURVE ( 'NONE', #1534, #1131, #3503, .T. ) ;
#1064 = ORIENTED_EDGE ( 'NONE', *, *, #719, .F. ) ;
#1065 = CARTESIAN_POINT ( 'NONE',  ( 2.764644660940672516, 0.01464466094067270671, -4.235355339059327484 ) ) ;
#1066 = SURFACE_SIDE_STYLE ('',( #2466 ) ) ;
#1067 = CIRCLE ( 'NONE', #1530, 1.000000000000000000 ) ;
#1068 = LINE ( 'NONE', #3438, #2782 ) ;
#1069 = EDGE_CURVE ( 'NONE', #2880, #1095, #1887, .T. ) ;
#1070 = EDGE_LOOP ( 'NONE', ( #318, #1749, #2509, #2463 ) ) ;
#1071 = VECTOR ( 'NONE', #311, 1000.000000000000000 ) ;
#1072 = VERTEX_POINT ( 'NONE', #2731 ) ;
#1073 = CARTESIAN_POINT ( 'NONE',  ( 2.542893218813452538, 2.700000000000000178, -3.749999999999999556 ) ) ;
#1074 = VECTOR ( 'NONE', #44, 1000.000000000000000 ) ;
#1075 = CARTESIAN_POINT ( 'NONE',  ( 4.117984791696036595, 0.0000000000000000000, 2.882015208303965181 ) ) ;
#1076 = EDGE_LOOP ( 'NONE', ( #3178, #1242, #300, #2488 ) ) ;
#1077 = SURFACE_SIDE_STYLE ('',( #2679 ) ) ;
#1078 =( BOUNDED_CURVE ( )  B_SPLINE_CURVE ( 3, ( #1902, #3214, #1919, #505 ),
 .UNSPECIFIED., .F., .F. ) 
 B_SPLINE_CURVE_WITH_KNOTS ( ( 4, 4 ),
 ( 3.141592653589793116, 4.712388980384689674 ),
 .UNSPECIFIED. ) 
 CURVE ( )  GEOMETRIC_REPRESENTATION_ITEM ( )  RATIONAL_B_SPLINE_CURVE ( ( 1.000000000000000000, 0.8047378541243649375, 0.8047378541243649375, 1.000000000000000000 ) ) 
 REPRESENTATION_ITEM ( '' )  );
#1079 = SURFACE_STYLE_USAGE ( .BOTH. , #3222 ) ;
#1080 = CARTESIAN_POINT ( 'NONE',  ( 3.750000000000000444, 2.700000000000000178, -1.500000000000000000 ) ) ;
#1081 = ORIENTED_EDGE ( 'NONE', *, *, #3406, .T. ) ;
#1082 = ORIENTED_EDGE ( 'NONE', *, *, #764, .F. ) ;
#1083 = AXIS2_PLACEMENT_3D ( 'NONE', #3223, #1420, #2788 ) ;
#1084 = DIRECTION ( 'NONE',  ( 0.7071067811865475727, 0.0000000000000000000, -0.7071067811865475727 ) ) ;
#1085 =( LENGTH_UNIT ( ) NAMED_UNIT ( * ) SI_UNIT ( .MILLI., .METRE. ) );
#1086 = ADVANCED_FACE ( 'NONE', ( #295 ), #1037, .T. ) ;
#1087 = VERTEX_POINT ( 'NONE', #775 ) ;
#1088 = ORIENTED_EDGE ( 'NONE', *, *, #2310, .T. ) ;
#1089 = UNCERTAINTY_MEASURE_WITH_UNIT (LENGTH_MEASURE( 1.000000000000000082E-05 ), #1464, 'distance_accuracy_value', 'NONE');
#1090 = EDGE_CURVE ( 'NONE', #1270, #545, #682, .T. ) ;
#1091 = CARTESIAN_POINT ( 'NONE',  ( 4.200000000000000178, 3.000000000000000000, 2.729289321881346098 ) ) ;
#1092 = DIRECTION ( 'NONE',  ( 2.891205793294678326E-16, -0.0000000000000000000, 1.000000000000000000 ) ) ;
#1093 = CARTESIAN_POINT ( 'NONE',  ( 2.764644660940672516, 0.01464466094067270671, 4.235355339059329260 ) ) ;
#1094 = EDGE_CURVE ( 'NONE', #476, #974, #1602, .T. ) ;
#1095 = VERTEX_POINT ( 'NONE', #1617 ) ;
#1096 = SURFACE_STYLE_USAGE ( .BOTH. , #1077 ) ;
#1097 = CARTESIAN_POINT ( 'NONE',  ( 0.0000000000000000000, 2.400000000000000355, 0.8000000000000000444 ) ) ;
#1098 = CARTESIAN_POINT ( 'NONE',  ( -4.249999999999992895, 0.2000000000000000111, -4.250000000000048850 ) ) ;
#1099 = ORIENTED_EDGE ( 'NONE', *, *, #780, .F. ) ;
#1100 = VECTOR ( 'NONE', #2863, 1000.000000000000114 ) ;
#1101 = ORIENTED_EDGE ( 'NONE', *, *, #1740, .F. ) ;
#1102 = CARTESIAN_POINT ( 'NONE',  ( 2.800000000000000266, 0.0000000000000000000, -4.200000000000000178 ) ) ;
#1103 = SURFACE_STYLE_USAGE ( .BOTH. , #1066 ) ;
#1104 = MECHANICAL_DESIGN_GEOMETRIC_PRESENTATION_REPRESENTATION (  '', ( #1387 ), #1041 ) ;
#1105 = ORIENTED_EDGE ( 'NONE', *, *, #1344, .F. ) ;
#1106 = EDGE_CURVE ( 'NONE', #3088, #545, #2694, .T. ) ;
#1107 = PRESENTATION_LAYER_ASSIGNMENT (  '', '', ( #3366 ) ) ;
#1108 = CARTESIAN_POINT ( 'NONE',  ( 2.867984791695985525, 0.0000000000000000000, -4.132015208304014031 ) ) ;
#1109 = CARTESIAN_POINT ( 'NONE',  ( -2.309654435482566104, 2.900000000000000355, -3.368414913520643150 ) ) ;
#1110 = EDGE_CURVE ( 'NONE', #1422, #693, #2507, .T. ) ;
#1111 = CARTESIAN_POINT ( 'NONE',  ( 2.764644660940672516, 0.01464466094067270671, -4.235355339059327484 ) ) ;
#1112 = EDGE_CURVE ( 'NONE', #731, #1248, #325, .T. ) ;
#1113 = ORIENTED_EDGE ( 'NONE', *, *, #1394, .F. ) ;
#1114 = LINE ( 'NONE', #2943, #2542 ) ;
#1115 = DIRECTION ( 'NONE',  ( 0.0000000000000000000, 0.0000000000000000000, 1.000000000000000000 ) ) ;
#1116 = VERTEX_POINT ( 'NONE', #1413 ) ;
#1117 = VERTEX_POINT ( 'NONE', #3336 ) ;
#1118 = SPHERICAL_SURFACE ( 'NONE', #842, 0.05000000000000000278 ) ;
#1119 = CIRCLE ( 'NONE', #895, 0.04999999999999969746 ) ;
#1120 = VERTEX_POINT ( 'NONE', #1395 ) ;
#1121 = CARTESIAN_POINT ( 'NONE',  ( -4.250000000000000000, 3.000000000000000000, -2.749999999999999556 ) ) ;
#1122 = VECTOR ( 'NONE', #102, 1000.000000000000000 ) ;
#1123 = DIRECTION ( 'NONE',  ( 0.0000000000000000000, 0.0000000000000000000, 1.000000000000000000 ) ) ;
#1124 = FACE_OUTER_BOUND ( 'NONE', #3078, .T. ) ;
#1125 =( GEOMETRIC_REPRESENTATION_CONTEXT ( 3 ) GLOBAL_UNCERTAINTY_ASSIGNED_CONTEXT ( ( #478 ) ) GLOBAL_UNIT_ASSIGNED_CONTEXT ( ( #2295, #1793, #1529 ) ) REPRESENTATION_CONTEXT ( 'NONE', 'WORKASPACE' ) );
#1126 = SURFACE_STYLE_FILL_AREA ( #575 ) ;
#1127 = CARTESIAN_POINT ( 'NONE',  ( 2.867984791696021496, 0.2000000000000000389, 4.132015208303980280 ) ) ;
#1128 = VECTOR ( 'NONE', #180, 1000.000000000000000 ) ;
#1129 = ADVANCED_FACE ( 'NONE', ( #1956 ), #66, .T. ) ;
#1130 = FACE_OUTER_BOUND ( 'NONE', #3084, .T. ) ;
#1131 = VERTEX_POINT ( 'NONE', #2493 ) ;
#1132 = CARTESIAN_POINT ( 'NONE',  ( 4.200000000000000178, 2.949999999999999734, -2.729289321881344321 ) ) ;
#1133 = DIRECTION ( 'NONE',  ( 0.0000000000000000000, 0.0000000000000000000, -1.000000000000000000 ) ) ;
#1134 = STYLED_ITEM ( 'NONE', ( #238 ), #1832 ) ;
#1135 = EDGE_CURVE ( 'NONE', #3506, #3373, #1144, .T. ) ;
#1136 = EDGE_LOOP ( 'NONE', ( #2336, #3038, #253 ) ) ;
#1137 = ORIENTED_EDGE ( 'NONE', *, *, #2250, .T. ) ;
#1138 = DIRECTION ( 'NONE',  ( 0.0000000000000000000, 0.0000000000000000000, 1.000000000000000000 ) ) ;
#1139 = DIRECTION ( 'NONE',  ( -0.0000000000000000000, 1.000000000000000000, -0.0000000000000000000 ) ) ;
#1140 = MECHANICAL_DESIGN_GEOMETRIC_PRESENTATION_REPRESENTATION (  '', ( #344 ), #2166 ) ;
#1141 = ORIENTED_EDGE ( 'NONE', *, *, #3146, .T. ) ;
#1142 = SURFACE_SIDE_STYLE ('',( #61 ) ) ;
#1143 = SURFACE_STYLE_USAGE ( .BOTH. , #2490 ) ;
#1144 = LINE ( 'NONE', #95, #1537 ) ;
#1145 = CARTESIAN_POINT ( 'NONE',  ( 2.985969583392042992, 0.2000000000000000111, 4.250000000000001776 ) ) ;
#1146 = ORIENTED_EDGE ( 'NONE', *, *, #1302, .T. ) ;
#1147 = FILL_AREA_STYLE_COLOUR ( '', #1286 ) ;
#1148 = DIRECTION ( 'NONE',  ( 0.7071067811865474617, -0.0000000000000000000, 0.7071067811865474617 ) ) ;
#1149 = CARTESIAN_POINT ( 'NONE',  ( 0.0000000000000000000, 2.000000000000000000, 0.0000000000000000000 ) ) ;
#1150 = EDGE_LOOP ( 'NONE', ( #577, #2708, #1329, #425 ) ) ;
#1151 = EDGE_LOOP ( 'NONE', ( #924, #899, #658, #2920 ) ) ;
#1152 = EDGE_CURVE ( 'NONE', #476, #96, #650, .T. ) ;
#1153 = DIRECTION ( 'NONE',  ( 0.0000000000000000000, -1.000000000000000000, 0.0000000000000000000 ) ) ;
#1154 = CARTESIAN_POINT ( 'NONE',  ( 3.750000000000000444, 2.700000000000000178, -2.542893218813451650 ) ) ;
#1155 = ORIENTED_EDGE ( 'NONE', *, *, #1442, .T. ) ;
#1156 = DIRECTION ( 'NONE',  ( 0.0000000000000000000, 1.000000000000000000, 0.0000000000000000000 ) ) ;
#1157 = UNCERTAINTY_MEASURE_WITH_UNIT (LENGTH_MEASURE( 1.000000000000000082E-05 ), #1222, 'distance_accuracy_value', 'NONE');
#1158 = VECTOR ( 'NONE', #1695, 1000.000000000000114 ) ;
#1159 = TOROIDAL_SURFACE ( 'NONE', #3135, 0.8000000000000000444, 0.2000000000000000111 ) ;
#1160 = CARTESIAN_POINT ( 'NONE',  ( -3.750000000000000444, 0.5000000000000000000, 2.542893218813453426 ) ) ;
#1161 = LINE ( 'NONE', #2241, #1764 ) ;
#1162 = CARTESIAN_POINT ( 'NONE',  ( 4.250000000000000000, 0.05000000000000012768, 2.750000000000001332 ) ) ;
#1163 = CARTESIAN_POINT ( 'NONE',  ( -4.200000000000000178, 0.0000000000000000000, -2.799999999999999378 ) ) ;
#1164 = ORIENTED_EDGE ( 'NONE', *, *, #265, .F. ) ;
#1165 =( NAMED_UNIT ( * ) PLANE_ANGLE_UNIT ( ) SI_UNIT ( $, .RADIAN. ) );
#1166 = LINE ( 'NONE', #3320, #2575 ) ;
#1167 = DIRECTION ( 'NONE',  ( 0.0000000000000000000, 0.0000000000000000000, 1.000000000000000000 ) ) ;
#1168 = ORIENTED_EDGE ( 'NONE', *, *, #2534, .F. ) ;
#1169 = CARTESIAN_POINT ( 'NONE',  ( -2.609654435482565926, 2.900000000000000355, -2.468414913520643239 ) ) ;
#1170 = CARTESIAN_POINT ( 'NONE',  ( -4.200000000000000178, 0.0000000000000000000, -2.799999999999999378 ) ) ;
#1171 = EDGE_CURVE ( 'NONE', #1120, #770, #360, .T. ) ;
#1172 = EDGE_LOOP ( 'NONE', ( #3071, #1822, #1906, #2459 ) ) ;
#1173 = CARTESIAN_POINT ( 'NONE',  ( 0.0000000000000000000, 2.949999999999999734, 4.200000000000001066 ) ) ;
#1174 = LINE ( 'NONE', #373, #191 ) ;
#1175 =( NAMED_UNIT ( * ) PLANE_ANGLE_UNIT ( ) SI_UNIT ( $, .RADIAN. ) );
#1176 = ADVANCED_FACE ( 'NONE', ( #1198 ), #2224, .T. ) ;
#1177 = COLOUR_RGB ( '',0.6470588235294117974, 0.6196078431372549211, 0.5882352941176470784 ) ;
#1178 = CARTESIAN_POINT ( 'NONE',  ( -2.609654435482565926, 2.900000000000000355, -3.368414913520643594 ) ) ;
#1179 = DIRECTION ( 'NONE',  ( -0.0000000000000000000, 1.000000000000000000, -0.0000000000000000000 ) ) ;
#1180 = VERTEX_POINT ( 'NONE', #1127 ) ;
#1181 = VECTOR ( 'NONE', #2406, 1000.000000000000000 ) ;
#1182 = CARTESIAN_POINT ( 'NONE',  ( -4.250000000000000888, 0.0000000000000000000, 4.250000000000000888 ) ) ;
#1183 = CARTESIAN_POINT ( 'NONE',  ( 3.000000000000000000, 2.900000000000000355, 0.0000000000000000000 ) ) ;
#1184 = ORIENTED_EDGE ( 'NONE', *, *, #526, .T. ) ;
#1185 = LINE ( 'NONE', #3377, #2716 ) ;
#1186 = AXIS2_PLACEMENT_3D ( 'NONE', #2293, #3395, #2328 ) ;
#1187 = CARTESIAN_POINT ( 'NONE',  ( -2.729289321881345209, 2.949999999999999734, -4.249999999999999112 ) ) ;
#1188 = CARTESIAN_POINT ( 'NONE',  ( -4.200000000000000178, 2.949999999999999734, 2.729289321881345209 ) ) ;
#1189 = ORIENTED_EDGE ( 'NONE', *, *, #698, .T. ) ;
#1190 = AXIS2_PLACEMENT_3D ( 'NONE', #2693, #256, #2097 ) ;
#1191 = ORIENTED_EDGE ( 'NONE', *, *, #2057, .T. ) ;
#1192 = SURFACE_STYLE_USAGE ( .BOTH. , #1209 ) ;
#1193 = UNCERTAINTY_MEASURE_WITH_UNIT (LENGTH_MEASURE( 1.000000000000000082E-05 ), #2363, 'distance_accuracy_value', 'NONE');
#1194 = EDGE_CURVE ( 'NONE', #2294, #2067, #2368, .T. ) ;
#1195 = DIRECTION ( 'NONE',  ( 0.0000000000000000000, 0.0000000000000000000, -1.000000000000000000 ) ) ;
#1196 = VECTOR ( 'NONE', #236, 1000.000000000000000 ) ;
#1197 = ADVANCED_FACE ( 'NONE', ( #47 ), #2242, .T. ) ;
#1198 = FACE_OUTER_BOUND ( 'NONE', #10, .T. ) ;
#1199 = LINE ( 'NONE', #3355, #2162 ) ;
#1200 = ORIENTED_EDGE ( 'NONE', *, *, #825, .T. ) ;
#1201 = CARTESIAN_POINT ( 'NONE',  ( 2.764644660940672516, 0.01464466094067270671, 4.235355339059329260 ) ) ;
#1202 = LINE ( 'NONE', #2281, #456 ) ;
#1203 = EDGE_LOOP ( 'NONE', ( #183, #3489, #3017, #1514 ) ) ;
#1204 = CARTESIAN_POINT ( 'NONE',  ( 4.250000000000000000, 2.750000000000000444, -1.500000000000000000 ) ) ;
#1205 = CARTESIAN_POINT ( 'NONE',  ( 3.750000000000000444, 0.5000000000000000000, -2.542893218813451650 ) ) ;
#1206 = SPHERICAL_SURFACE ( 'NONE', #1678, 0.05000000000000000278 ) ;
#1207 = ORIENTED_EDGE ( 'NONE', *, *, #1740, .T. ) ;
#1208 = ORIENTED_EDGE ( 'NONE', *, *, #807, .F. ) ;
#1209 = SURFACE_SIDE_STYLE ('',( #3369 ) ) ;
#1210 = EDGE_CURVE ( 'NONE', #9, #2929, #2781, .T. ) ;
#1211 = CARTESIAN_POINT ( 'NONE',  ( -4.125000000000000888, 3.000000000000000000, 2.875000000000000000 ) ) ;
#1212 = AXIS2_PLACEMENT_3D ( 'NONE', #2911, #1813, #1520 ) ;
#1213 = PRESENTATION_LAYER_ASSIGNMENT (  '', '', ( #1387 ) ) ;
#1214 =( BOUNDED_CURVE ( )  B_SPLINE_CURVE ( 3, ( #3289, #1742, #2821, #869 ),
 .UNSPECIFIED., .F., .T. ) 
 B_SPLINE_CURVE_WITH_KNOTS ( ( 4, 4 ),
 ( 3.926990816987240063, 4.712388980384694115 ),
 .UNSPECIFIED. ) 
 CURVE ( )  GEOMETRIC_REPRESENTATION_ITEM ( )  RATIONAL_B_SPLINE_CURVE ( ( 1.000000000000000000, 0.9492530216741903448, 0.9492530216741903448, 1.000000000000000000 ) ) 
 REPRESENTATION_ITEM ( '' )  );
#1215 = CARTESIAN_POINT ( 'NONE',  ( -4.250000000000000000, 2.949999999999999734, 2.750000000000000888 ) ) ;
#1216 =( GEOMETRIC_REPRESENTATION_CONTEXT ( 3 ) GLOBAL_UNCERTAINTY_ASSIGNED_CONTEXT ( ( #1291 ) ) GLOBAL_UNIT_ASSIGNED_CONTEXT ( ( #1049, #1593, #2357 ) ) REPRESENTATION_CONTEXT ( 'NONE', 'WORKASPACE' ) );
#1217 = EDGE_CURVE ( 'NONE', #284, #1969, #670, .T. ) ;
#1218 = CARTESIAN_POINT ( 'NONE',  ( 3.100000000000000533, 3.000000000000000000, -5.898740449749801126E-16 ) ) ;
#1219 = ORIENTED_EDGE ( 'NONE', *, *, #2854, .T. ) ;
#1220 = VECTOR ( 'NONE', #109, 1000.000000000000000 ) ;
#1221 = DIRECTION ( 'NONE',  ( -0.0000000000000000000, 0.0000000000000000000, -1.000000000000000000 ) ) ;
#1222 =( LENGTH_UNIT ( ) NAMED_UNIT ( * ) SI_UNIT ( .MILLI., .METRE. ) );
#1223 = EDGE_CURVE ( 'NONE', #284, #209, #2007, .T. ) ;
#1224 = ORIENTED_EDGE ( 'NONE', *, *, #999, .T. ) ;
#1225 = DIRECTION ( 'NONE',  ( -0.0000000000000000000, -1.000000000000000000, 0.0000000000000000000 ) ) ;
#1226 = SURFACE_STYLE_FILL_AREA ( #2878 ) ;
#1227 = DIRECTION ( 'NONE',  ( 1.000000000000000000, 0.0000000000000000000, 0.0000000000000000000 ) ) ;
#1228 = VERTEX_POINT ( 'NONE', #2524 ) ;
#1229 = ORIENTED_EDGE ( 'NONE', *, *, #893, .F. ) ;
#1230 = CARTESIAN_POINT ( 'NONE',  ( 4.200000000000000178, 3.000000000000000000, 2.729289321881345654 ) ) ;
#1231 = DIRECTION ( 'NONE',  ( -1.000000000000000000, -0.0000000000000000000, 0.0000000000000000000 ) ) ;
#1232 = FACE_OUTER_BOUND ( 'NONE', #939, .T. ) ;
#1233 = CARTESIAN_POINT ( 'NONE',  ( 4.250000000000000000, 2.720710678118654524, 1.520710678118654569 ) ) ;
#1234 = FACE_OUTER_BOUND ( 'NONE', #3301, .T. ) ;
#1235 = ORIENTED_EDGE ( 'NONE', *, *, #1883, .F. ) ;
#1236 = CARTESIAN_POINT ( 'NONE',  ( 4.235969583392052762, 0.2000000000000000111, 4.250000000000001776 ) ) ;
#1237 = EDGE_CURVE ( 'NONE', #699, #2751, #1756, .T. ) ;
#1238 = VERTEX_POINT ( 'NONE', #2257 ) ;
#1239 = CARTESIAN_POINT ( 'NONE',  ( 0.0000000000000000000, 2.200000000000000178, 0.0000000000000000000 ) ) ;
#1240 = EDGE_CURVE ( 'NONE', #409, #2233, #3042, .T. ) ;
#1241 = DIRECTION ( 'NONE',  ( 0.0000000000000000000, 0.0000000000000000000, 1.000000000000000000 ) ) ;
#1242 = ORIENTED_EDGE ( 'NONE', *, *, #586, .F. ) ;
#1243 = ORIENTED_EDGE ( 'NONE', *, *, #457, .T. ) ;
#1244 = PRESENTATION_LAYER_ASSIGNMENT (  '', '', ( #1655 ) ) ;
#1245 = DIRECTION ( 'NONE',  ( -0.0000000000000000000, 1.000000000000000000, -0.0000000000000000000 ) ) ;
#1246 = CYLINDRICAL_SURFACE ( 'NONE', #3194, 1.000000000000000000 ) ;
#1247 = PRESENTATION_LAYER_ASSIGNMENT (  '', '', ( #1134 ) ) ;
#1248 = VERTEX_POINT ( 'NONE', #3075 ) ;
#1249 = AXIS2_PLACEMENT_3D ( 'NONE', #2655, #214, #1300 ) ;
#1250 = LINE ( 'NONE', #3144, #1591 ) ;
#1251 = SURFACE_SIDE_STYLE ('',( #1528 ) ) ;
#1252 = FACE_OUTER_BOUND ( 'NONE', #2387, .T. ) ;
#1253 = ADVANCED_FACE ( 'NONE', ( #1738, #2818 ), #866, .T. ) ;
#1254 = ORIENTED_EDGE ( 'NONE', *, *, #431, .F. ) ;
#1255 = PRESENTATION_STYLE_ASSIGNMENT (( #2034 ) ) ;
#1256 = EDGE_CURVE ( 'NONE', #460, #1662, #3502, .T. ) ;
#1257 = EDGE_LOOP ( 'NONE', ( #978, #536, #2093, #362 ) ) ;
#1258 = LINE ( 'NONE', #3436, #671 ) ;
#1259 = CARTESIAN_POINT ( 'NONE',  ( 0.0000000000000000000, 2.400000000000000355, 0.0000000000000000000 ) ) ;
#1260 =( NAMED_UNIT ( * ) SI_UNIT ( $, .STERADIAN. ) SOLID_ANGLE_UNIT ( ) );
#1261 = EDGE_CURVE ( 'NONE', #3227, #2893, #952, .T. ) ;
#1262 = ORIENTED_EDGE ( 'NONE', *, *, #1273, .T. ) ;
#1263 = CARTESIAN_POINT ( 'NONE',  ( 4.200000000000000178, 2.700000000000000178, 1.500000000000000000 ) ) ;
#1264 = CARTESIAN_POINT ( 'NONE',  ( -4.249999999999992895, 0.2000000000000000111, -4.250000000000048850 ) ) ;
#1265 = AXIS2_PLACEMENT_3D ( 'NONE', #2795, #3313, #628 ) ;
#1266 = ORIENTED_EDGE ( 'NONE', *, *, #1090, .F. ) ;
#1267 = CARTESIAN_POINT ( 'NONE',  ( 4.200000000000000178, 2.750000000000000444, 0.0000000000000000000 ) ) ;
#1268 = SURFACE_SIDE_STYLE ('',( #1226 ) ) ;
#1269 = LINE ( 'NONE', #991, #2628 ) ;
#1270 = VERTEX_POINT ( 'NONE', #753 ) ;
#1271 = ORIENTED_EDGE ( 'NONE', *, *, #2205, .F. ) ;
#1272 = LINE ( 'NONE', #3208, #839 ) ;
#1273 = EDGE_CURVE ( 'NONE', #2751, #1925, #1790, .T. ) ;
#1274 = DIRECTION ( 'NONE',  ( 0.7071067811865474617, -0.0000000000000000000, -0.7071067811865474617 ) ) ;
#1275 = ORIENTED_EDGE ( 'NONE', *, *, #3160, .T. ) ;
#1276 = PRESENTATION_STYLE_ASSIGNMENT (( #1860 ) ) ;
#1277 = EDGE_CURVE ( 'NONE', #26, #2697, #2306, .T. ) ;
#1278 = DIRECTION ( 'NONE',  ( -0.0000000000000000000, -0.0000000000000000000, -1.000000000000000000 ) ) ;
#1279 = SURFACE_SIDE_STYLE ('',( #197 ) ) ;
#1280 = SHAPE_DEFINITION_REPRESENTATION ( #2574, #155 ) ;
#1281 = ORIENTED_EDGE ( 'NONE', *, *, #981, .F. ) ;
#1282 = VECTOR ( 'NONE', #1153, 1000.000000000000000 ) ;
#1283 = LINE ( 'NONE', #454, #2364 ) ;
#1284 = DIRECTION ( 'NONE',  ( -0.7071067811865449082, -0.0000000000000000000, -0.7071067811865501263 ) ) ;
#1285 =( LENGTH_UNIT ( ) NAMED_UNIT ( * ) SI_UNIT ( .MILLI., .METRE. ) );
#1286 = COLOUR_RGB ( '',0.6470588235294117974, 0.6196078431372549211, 0.5882352941176470784 ) ;
#1287 = EDGE_LOOP ( 'NONE', ( #3453, #1502, #87, #3263, #101, #2720, #356, #2312, #2123, #909, #489, #817 ) ) ;
#1288 = VERTEX_POINT ( 'NONE', #3158 ) ;
#1289 = CARTESIAN_POINT ( 'NONE',  ( 4.117984791695991298, 3.000000000000000000, -2.882015208304008702 ) ) ;
#1290 = VECTOR ( 'NONE', #1453, 1000.000000000000000 ) ;
#1291 = UNCERTAINTY_MEASURE_WITH_UNIT (LENGTH_MEASURE( 1.000000000000000082E-05 ), #1049, 'distance_accuracy_value', 'NONE');
#1292 = CARTESIAN_POINT ( 'NONE',  ( 2.542893218813452538, 0.5000000000000000000, 3.750000000000001332 ) ) ;
#1293 = DIRECTION ( 'NONE',  ( 0.7071067811865475727, 0.0000000000000000000, 0.7071067811865475727 ) ) ;
#1294 = AXIS2_PLACEMENT_3D ( 'NONE', #660, #1500, #2744 ) ;
#1295 = ORIENTED_EDGE ( 'NONE', *, *, #2741, .F. ) ;
#1296 = EDGE_CURVE ( 'NONE', #1834, #3286, #1250, .T. ) ;
#1297 = ORIENTED_EDGE ( 'NONE', *, *, #2404, .T. ) ;
#1298 = DIRECTION ( 'NONE',  ( -1.000000000000000000, -0.0000000000000000000, -0.0000000000000000000 ) ) ;
#1299 = VECTOR ( 'NONE', #648, 1000.000000000000000 ) ;
#1300 = DIRECTION ( 'NONE',  ( 1.000000000000000000, 0.0000000000000000000, -0.0000000000000000000 ) ) ;
#1301 = COLOUR_RGB ( '',0.6470588235294117974, 0.5176470588235293491, 0.0000000000000000000 ) ;
#1302 = EDGE_CURVE ( 'NONE', #71, #598, #2080, .T. ) ;
#1303 = LINE ( 'NONE', #558, #213 ) ;
#1304 = AXIS2_PLACEMENT_3D ( 'NONE', #3410, #2581, #704 ) ;
#1305 = ORIENTED_EDGE ( 'NONE', *, *, #740, .T. ) ;
#1306 = DIRECTION ( 'NONE',  ( 1.000000000000000000, 0.0000000000000000000, 0.0000000000000000000 ) ) ;
#1307 = PLANE ( 'NONE',  #2673 ) ;
#1308 = ORIENTED_EDGE ( 'NONE', *, *, #3020, .T. ) ;
#1309 = DIRECTION ( 'NONE',  ( 0.0000000000000000000, 1.000000000000000000, 0.0000000000000000000 ) ) ;
#1310 = ORIENTED_EDGE ( 'NONE', *, *, #3375, .T. ) ;
#1311 = LINE ( 'NONE', #1559, #2826 ) ;
#1312 = AXIS2_PLACEMENT_3D ( 'NONE', #153, #173, #1780 ) ;
#1313 = PLANE ( 'NONE',  #1451 ) ;
#1314 = CARTESIAN_POINT ( 'NONE',  ( -1.709654435482566015, 2.900000000000000355, -2.768414913520643061 ) ) ;
#1315 = ORIENTED_EDGE ( 'NONE', *, *, #319, .F. ) ;
#1316 = EDGE_LOOP ( 'NONE', ( #2738, #2102, #2378, #2207 ) ) ;
#1317 = DIRECTION ( 'NONE',  ( -0.7071067811865473507, 0.0000000000000000000, -0.7071067811865477948 ) ) ;
#1318 = MANIFOLD_SOLID_BREP ( '??3', #2732 ) ;
#1319 = FACE_OUTER_BOUND ( 'NONE', #2174, .T. ) ;
#1320 = EDGE_CURVE ( 'NONE', #1668, #284, #195, .T. ) ;
#1321 = FILL_AREA_STYLE ('',( #2619 ) ) ;
#1322 = DIRECTION ( 'NONE',  ( 0.0000000000000000000, -1.000000000000000000, 0.0000000000000000000 ) ) ;
#1323 = AXIS2_PLACEMENT_3D ( 'NONE', #2001, #2773, #2793 ) ;
#1324 = EDGE_LOOP ( 'NONE', ( #2556, #1297, #2147, #964 ) ) ;
#1325 = VECTOR ( 'NONE', #1148, 1000.000000000000114 ) ;
#1326 =( BOUNDED_CURVE ( )  B_SPLINE_CURVE ( 3, ( #3257, #2994, #2461, #1028 ),
 .UNSPECIFIED., .F., .T. ) 
 B_SPLINE_CURVE_WITH_KNOTS ( ( 4, 4 ),
 ( 4.712388980384702108, 5.497787143782138841 ),
 .UNSPECIFIED. ) 
 CURVE ( )  GEOMETRIC_REPRESENTATION_ITEM ( )  RATIONAL_B_SPLINE_CURVE ( ( 1.000000000000000000, 0.9492530216741925653, 0.9492530216741925653, 1.000000000000000000 ) ) 
 REPRESENTATION_ITEM ( '' )  );
#1327 =( NAMED_UNIT ( * ) SI_UNIT ( $, .STERADIAN. ) SOLID_ANGLE_UNIT ( ) );
#1328 = LINE ( 'NONE', #580, #1342 ) ;
#1329 = ORIENTED_EDGE ( 'NONE', *, *, #1340, .F. ) ;
#1330 = CARTESIAN_POINT ( 'NONE',  ( 4.117984791695991298, 0.0000000000000000000, -2.882015208304008702 ) ) ;
#1331 = ORIENTED_EDGE ( 'NONE', *, *, #2690, .T. ) ;
#1332 = DIRECTION ( 'NONE',  ( 0.8660254037844370423, 0.0000000000000000000, -0.5000000000000027756 ) ) ;
#1333 = CARTESIAN_POINT ( 'NONE',  ( 2.542893218813452538, 2.700000000000000178, -3.749999999999999556 ) ) ;
#1334 = LINE ( 'NONE', #2358, #1885 ) ;
#1335 = EDGE_LOOP ( 'NONE', ( #3479, #2369, #840, #1184 ) ) ;
#1336 = VERTEX_POINT ( 'NONE', #148 ) ;
#1337 = DIRECTION ( 'NONE',  ( -0.0000000000000000000, 1.000000000000000000, -0.0000000000000000000 ) ) ;
#1338 = DIRECTION ( 'NONE',  ( 0.0000000000000000000, -1.000000000000000000, 0.0000000000000000000 ) ) ;
#1339 =( NAMED_UNIT ( * ) PLANE_ANGLE_UNIT ( ) SI_UNIT ( $, .RADIAN. ) );
#1340 = EDGE_CURVE ( 'NONE', #3184, #1538, #971, .T. ) ;
#1341 = LINE ( 'NONE', #1938, #2836 ) ;
#1342 = VECTOR ( 'NONE', #1382, 1000.000000000000000 ) ;
#1343 = ORIENTED_EDGE ( 'NONE', *, *, #3120, .F. ) ;
#1344 = EDGE_CURVE ( 'NONE', #3220, #1051, #1492, .T. ) ;
#1345 =( NAMED_UNIT ( * ) PLANE_ANGLE_UNIT ( ) SI_UNIT ( $, .RADIAN. ) );
#1346 = ORIENTED_EDGE ( 'NONE', *, *, #2908, .T. ) ;
#1347 = VECTOR ( 'NONE', #1012, 1000.000000000000114 ) ;
#1348 = DIRECTION ( 'NONE',  ( 0.0000000000000000000, -1.000000000000000000, 0.0000000000000000000 ) ) ;
#1349 = EDGE_LOOP ( 'NONE', ( #3150, #2831, #1039, #2171 ) ) ;
#1350 = EDGE_CURVE ( 'NONE', #3286, #1732, #2550, .T. ) ;
#1351 = CARTESIAN_POINT ( 'NONE',  ( -2.609654435482565926, 3.000000000000000000, -3.368414913520643594 ) ) ;
#1352 = VECTOR ( 'NONE', #2553, 1000.000000000000000 ) ;
#1353 = DIRECTION ( 'NONE',  ( 1.000000000000000000, 0.0000000000000000000, 0.0000000000000000000 ) ) ;
#1354 = ORIENTED_EDGE ( 'NONE', *, *, #2608, .T. ) ;
#1355 = AXIS2_PLACEMENT_3D ( 'NONE', #3270, #851, #1942 ) ;
#1356 = ORIENTED_EDGE ( 'NONE', *, *, #631, .F. ) ;
#1357 = LINE ( 'NONE', #554, #3391 ) ;
#1358 = CIRCLE ( 'NONE', #903, 0.04999999999999969746 ) ;
#1359 = DIRECTION ( 'NONE',  ( 0.0000000000000000000, 0.0000000000000000000, 1.000000000000000000 ) ) ;
#1360 =( GEOMETRIC_REPRESENTATION_CONTEXT ( 3 ) GLOBAL_UNCERTAINTY_ASSIGNED_CONTEXT ( ( #1770 ) ) GLOBAL_UNIT_ASSIGNED_CONTEXT ( ( #1993, #3285, #1957 ) ) REPRESENTATION_CONTEXT ( 'NONE', 'WORKASPACE' ) );
#1361 = CARTESIAN_POINT ( 'NONE',  ( 0.0000000000000000000, 0.2000000000000000111, 0.0000000000000000000 ) ) ;
#1362 = ORIENTED_EDGE ( 'NONE', *, *, #1002, .T. ) ;
#1363 = DIRECTION ( 'NONE',  ( 1.000000000000000000, -0.0000000000000000000, -0.0000000000000000000 ) ) ;
#1364 = COLOUR_RGB ( '',0.6470588235294117974, 0.6196078431372549211, 0.5882352941176470784 ) ;
#1365 = CARTESIAN_POINT ( 'NONE',  ( -4.250000000000001776, 0.2000000000000000111, 3.000000000000000888 ) ) ;
#1366 = EDGE_CURVE ( 'NONE', #1248, #3088, #430, .T. ) ;
#1367 = ORIENTED_EDGE ( 'NONE', *, *, #411, .F. ) ;
#1368 = VERTEX_POINT ( 'NONE', #2563 ) ;
#1369 = DIRECTION ( 'NONE',  ( -0.7071067811865474617, 0.0000000000000000000, -0.7071067811865474617 ) ) ;
#1370 =( NAMED_UNIT ( * ) SI_UNIT ( $, .STERADIAN. ) SOLID_ANGLE_UNIT ( ) );
#1371 = EDGE_CURVE ( 'NONE', #2415, #3414, #129, .T. ) ;
#1372 = ORIENTED_EDGE ( 'NONE', *, *, #562, .F. ) ;
#1373 = ORIENTED_EDGE ( 'NONE', *, *, #1094, .T. ) ;
#1374 = DIRECTION ( 'NONE',  ( 0.7071067811865474617, 0.0000000000000000000, 0.7071067811865474617 ) ) ;
#1375 = CARTESIAN_POINT ( 'NONE',  ( -4.235355339059328372, 0.01464466094067270671, -2.764644660940671628 ) ) ;
#1376 = EDGE_CURVE ( 'NONE', #883, #2935, #2710, .T. ) ;
#1377 =( NAMED_UNIT ( * ) PLANE_ANGLE_UNIT ( ) SI_UNIT ( $, .RADIAN. ) );
#1378 = CARTESIAN_POINT ( 'NONE',  ( 2.764644660940672516, 3.000000000000000000, -4.235355339059327484 ) ) ;
#1379 = ORIENTED_EDGE ( 'NONE', *, *, #241, .F. ) ;
#1380 = CARTESIAN_POINT ( 'NONE',  ( -2.609654435482565926, 3.000000000000000000, -2.768414913520643061 ) ) ;
#1381 = FACE_OUTER_BOUND ( 'NONE', #1070, .T. ) ;
#1382 = DIRECTION ( 'NONE',  ( 0.0000000000000000000, 1.000000000000000000, 0.0000000000000000000 ) ) ;
#1383 = ORIENTED_EDGE ( 'NONE', *, *, #1217, .F. ) ;
#1384 = AXIS2_PLACEMENT_3D ( 'NONE', #2351, #3404, #2117 ) ;
#1385 = CARTESIAN_POINT ( 'NONE',  ( 1.650961894323337731, 3.000000000000000000, -0.7499999999999921174 ) ) ;
#1386 = EDGE_CURVE ( 'NONE', #1131, #1693, #1357, .T. ) ;
#1387 = STYLED_ITEM ( 'NONE', ( #2350 ), #2500 ) ;
#1388 = ORIENTED_EDGE ( 'NONE', *, *, #1601, .F. ) ;
#1389 = VECTOR ( 'NONE', #3140, 1000.000000000000000 ) ;
#1390 = DIRECTION ( 'NONE',  ( 0.7071067811865475727, 0.0000000000000000000, -0.7071067811865475727 ) ) ;
#1391 = EDGE_CURVE ( 'NONE', #122, #699, #524, .T. ) ;
#1392 = DIRECTION ( 'NONE',  ( 0.0000000000000000000, 1.000000000000000000, 0.0000000000000000000 ) ) ;
#1393 = DIRECTION ( 'NONE',  ( 1.000000000000000000, 0.0000000000000000000, 0.0000000000000000000 ) ) ;
#1394 = EDGE_CURVE ( 'NONE', #992, #2154, #813, .T. ) ;
#1395 = CARTESIAN_POINT ( 'NONE',  ( 3.750000000000000444, 1.700000000000000178, -1.500000000000000000 ) ) ;
#1396 = ORIENTED_EDGE ( 'NONE', *, *, #1194, .T. ) ;
#1397 = CARTESIAN_POINT ( 'NONE',  ( -2.459654435482566015, 2.900000000000000355, -2.618414913520643150 ) ) ;
#1398 = CARTESIAN_POINT ( 'NONE',  ( -3.750000000000000444, 2.700000000000000178, -2.542893218813451650 ) ) ;
#1399 = DIRECTION ( 'NONE',  ( 0.7071067811865474617, 0.0000000000000000000, -0.7071067811865474617 ) ) ;
#1400 = ORIENTED_EDGE ( 'NONE', *, *, #1852, .F. ) ;
#1401 = ORIENTED_EDGE ( 'NONE', *, *, #1437, .T. ) ;
#1402 = DIRECTION ( 'NONE',  ( 1.000000000000000000, 0.0000000000000000000, 0.0000000000000000000 ) ) ;
#1403 = LINE ( 'NONE', #3002, #2811 ) ;
#1404 = VECTOR ( 'NONE', #2426, 1000.000000000000000 ) ;
#1405 = AXIS2_PLACEMENT_3D ( 'NONE', #1818, #2900, #40 ) ;
#1406 = VERTEX_POINT ( 'NONE', #3482 ) ;
#1407 = FILL_AREA_STYLE_COLOUR ( '', #2767 ) ;
#1408 = AXIS2_PLACEMENT_3D ( 'NONE', #220, #2909, #1554 ) ;
#1409 = SURFACE_STYLE_FILL_AREA ( #1954 ) ;
#1410 = CIRCLE ( 'NONE', #2888, 1.050000000000000044 ) ;
#1411 = ADVANCED_FACE ( 'NONE', ( #212 ), #1918, .T. ) ;
#1412 = CARTESIAN_POINT ( 'NONE',  ( 1.650961894323337731, 3.000000000000000000, -0.8366025403784355108 ) ) ;
#1413 = CARTESIAN_POINT ( 'NONE',  ( 1.224646799147353207E-16, 2.000000000000000000, 1.000000000000000000 ) ) ;
#1414 = VECTOR ( 'NONE', #30, 1000.000000000000000 ) ;
#1415 = ADVANCED_FACE ( 'NONE', ( #1859 ), #1901, .T. ) ;
#1416 = DIRECTION ( 'NONE',  ( 0.0000000000000000000, 0.0000000000000000000, 1.000000000000000000 ) ) ;
#1417 = ORIENTED_EDGE ( 'NONE', *, *, #1044, .F. ) ;
#1418 = DIRECTION ( 'NONE',  ( -0.7071067811865475727, 0.0000000000000000000, -0.7071067811865475727 ) ) ;
#1419 = CARTESIAN_POINT ( 'NONE',  ( -2.309654435482566104, 2.900000000000000355, -2.768414913520643061 ) ) ;
#1420 = DIRECTION ( 'NONE',  ( 0.0000000000000000000, -1.000000000000000000, -0.0000000000000000000 ) ) ;
#1421 = AXIS2_PLACEMENT_3D ( 'NONE', #1955, #1920, #2440 ) ;
#1422 = VERTEX_POINT ( 'NONE', #2727 ) ;
#1423 = ORIENTED_EDGE ( 'NONE', *, *, #1223, .T. ) ;
#1424 = DIRECTION ( 'NONE',  ( 1.000000000000000000, -0.0000000000000000000, -0.0000000000000000000 ) ) ;
#1425 = CIRCLE ( 'NONE', #2499, 0.05000000000000012768 ) ;
#1426 = ORIENTED_EDGE ( 'NONE', *, *, #568, .F. ) ;
#1427 = PLANE ( 'NONE',  #235 ) ;
#1428 = DIRECTION ( 'NONE',  ( -1.000000000000000000, -0.0000000000000000000, 0.0000000000000000000 ) ) ;
#1429 =( LENGTH_UNIT ( ) NAMED_UNIT ( * ) SI_UNIT ( .MILLI., .METRE. ) );
#1430 = SURFACE_STYLE_FILL_AREA ( #15 ) ;
#1431 = CARTESIAN_POINT ( 'NONE',  ( -3.209654435482566015, 2.900000000000000355, -2.768414913520643061 ) ) ;
#1432 = EDGE_CURVE ( 'NONE', #1916, #3033, #733, .T. ) ;
#1433 = DIRECTION ( 'NONE',  ( 0.0000000000000000000, -0.0000000000000000000, 1.000000000000000000 ) ) ;
#1434 = ORIENTED_EDGE ( 'NONE', *, *, #1903, .F. ) ;
#1435 = CARTESIAN_POINT ( 'NONE',  ( -4.200000000000000178, 0.0000000000000000000, 2.800000000000001155 ) ) ;
#1436 = DIRECTION ( 'NONE',  ( 0.0000000000000000000, 0.0000000000000000000, 1.000000000000000000 ) ) ;
#1437 = EDGE_CURVE ( 'NONE', #998, #3497, #1053, .T. ) ;
#1438 = DIRECTION ( 'NONE',  ( 0.0000000000000000000, -1.000000000000000000, 0.0000000000000000000 ) ) ;
#1439 = ORIENTED_EDGE ( 'NONE', *, *, #3236, .F. ) ;
#1440 = EDGE_LOOP ( 'NONE', ( #54, #514 ) ) ;
#1441 = DIRECTION ( 'NONE',  ( -0.0000000000000000000, 1.000000000000000000, -0.0000000000000000000 ) ) ;
#1442 = EDGE_CURVE ( 'NONE', #3497, #1794, #1034, .T. ) ;
#1443 = DIRECTION ( 'NONE',  ( 0.0000000000000000000, -1.000000000000000000, 0.0000000000000000000 ) ) ;
#1444 = VECTOR ( 'NONE', #1812, 1000.000000000000114 ) ;
#1445 = ORIENTED_EDGE ( 'NONE', *, *, #2871, .T. ) ;
#1446 = UNCERTAINTY_MEASURE_WITH_UNIT (LENGTH_MEASURE( 1.000000000000000082E-05 ), #1467, 'distance_accuracy_value', 'NONE');
#1447 = AXIS2_PLACEMENT_3D ( 'NONE', #2802, #1474, #1996 ) ;
#1448 = LINE ( 'NONE', #949, #473 ) ;
#1449 =( BOUNDED_CURVE ( )  B_SPLINE_CURVE ( 3, ( #31, #3266, #1035, #3483 ),
 .UNSPECIFIED., .F., .T. ) 
 B_SPLINE_CURVE_WITH_KNOTS ( ( 4, 4 ),
 ( 0.7853981633974483900, 1.570796326794896780 ),
 .UNSPECIFIED. ) 
 CURVE ( )  GEOMETRIC_REPRESENTATION_ITEM ( )  RATIONAL_B_SPLINE_CURVE ( ( 1.000000000000000000, 0.9492530216741911220, 0.9492530216741911220, 1.000000000000000000 ) ) 
 REPRESENTATION_ITEM ( '' )  );
#1450 =( NAMED_UNIT ( * ) SI_UNIT ( $, .STERADIAN. ) SOLID_ANGLE_UNIT ( ) );
#1451 = AXIS2_PLACEMENT_3D ( 'NONE', #427, #2594, #2984 ) ;
#1452 = PLANE ( 'NONE',  #2375 ) ;
#1453 = DIRECTION ( 'NONE',  ( 0.0000000000000000000, 0.0000000000000000000, 1.000000000000000000 ) ) ;
#1454 = ORIENTED_EDGE ( 'NONE', *, *, #1350, .F. ) ;
#1455 = CYLINDRICAL_SURFACE ( 'NONE', #2324, 0.05000000000000012768 ) ;
#1456 = EDGE_CURVE ( 'NONE', #3440, #3151, #2189, .T. ) ;
#1457 = ORIENTED_EDGE ( 'NONE', *, *, #3103, .F. ) ;
#1458 = CYLINDRICAL_SURFACE ( 'NONE', #2423, 0.05000000000000005829 ) ;
#1459 = CARTESIAN_POINT ( 'NONE',  ( -2.459654435482566015, 2.900000000000000355, -2.618414913520643150 ) ) ;
#1460 = CARTESIAN_POINT ( 'NONE',  ( -2.542893218813452538, 2.700000000000000178, 3.750000000000001332 ) ) ;
#1461 = VERTEX_POINT ( 'NONE', #1073 ) ;
#1462 = ADVANCED_FACE ( 'NONE', ( #2177 ), #2956, .T. ) ;
#1463 = ORIENTED_EDGE ( 'NONE', *, *, #3076, .F. ) ;
#1464 =( LENGTH_UNIT ( ) NAMED_UNIT ( * ) SI_UNIT ( .MILLI., .METRE. ) );
#1465 = CARTESIAN_POINT ( 'NONE',  ( -2.729289321881345209, 2.949999999999999734, 4.250000000000000888 ) ) ;
#1466 = ADVANCED_FACE ( 'NONE', ( #3265 ), #2921, .T. ) ;
#1467 =( LENGTH_UNIT ( ) NAMED_UNIT ( * ) SI_UNIT ( .MILLI., .METRE. ) );
#1468 = AXIS2_PLACEMENT_3D ( 'NONE', #3307, #2846, #622 ) ;
#1469 = DIRECTION ( 'NONE',  ( -0.0000000000000000000, -0.0000000000000000000, 1.000000000000000000 ) ) ;
#1470 = CARTESIAN_POINT ( 'NONE',  ( 0.0000000000000000000, 0.0000000000000000000, 4.200000000000001066 ) ) ;
#1471 = VERTEX_POINT ( 'NONE', #2672 ) ;
#1472 = AXIS2_PLACEMENT_3D ( 'NONE', #2543, #896, #2474 ) ;
#1473 = DIRECTION ( 'NONE',  ( 1.224646799147353947E-16, 0.0000000000000000000, -1.000000000000000000 ) ) ;
#1474 = DIRECTION ( 'NONE',  ( -1.000000000000000000, 0.0000000000000000000, 0.0000000000000000000 ) ) ;
#1475 = DIRECTION ( 'NONE',  ( 1.000000000000000000, 0.0000000000000000000, 0.0000000000000000000 ) ) ;
#1476 = AXIS2_PLACEMENT_3D ( 'NONE', #2456, #2131, #3200 ) ;
#1477 = ORIENTED_EDGE ( 'NONE', *, *, #706, .F. ) ;
#1478 = CARTESIAN_POINT ( 'NONE',  ( 4.250000000000000000, 2.949999999999999734, 2.729289321881346098 ) ) ;
#1479 = VECTOR ( 'NONE', #1298, 1000.000000000000000 ) ;
#1480 = CARTESIAN_POINT ( 'NONE',  ( 4.200000000000000178, 1.700000000000000178, 1.500000000000000000 ) ) ;
#1481 = CARTESIAN_POINT ( 'NONE',  ( 2.729289321881344765, 2.949999999999999734, -4.200000000000000178 ) ) ;
#1482 = EDGE_CURVE ( 'NONE', #3472, #1979, #2653, .T. ) ;
#1483 = ORIENTED_EDGE ( 'NONE', *, *, #1772, .T. ) ;
#1484 = VECTOR ( 'NONE', #78, 1000.000000000000000 ) ;
#1485 = EDGE_LOOP ( 'NONE', ( #2331, #2027, #3368, #23 ) ) ;
#1486 =( NAMED_UNIT ( * ) SI_UNIT ( $, .STERADIAN. ) SOLID_ANGLE_UNIT ( ) );
#1487 = UNCERTAINTY_MEASURE_WITH_UNIT (LENGTH_MEASURE( 1.000000000000000082E-05 ), #2165, 'distance_accuracy_value', 'NONE');
#1488 = CARTESIAN_POINT ( 'NONE',  ( 4.213438055103236657, 3.699253495666730122E-16, -2.786561944896765564 ) ) ;
#1489 = AXIS2_PLACEMENT_3D ( 'NONE', #2745, #630, #45 ) ;
#1490 = EDGE_CURVE ( 'NONE', #1461, #2897, #233, .T. ) ;
#1491 = DIRECTION ( 'NONE',  ( 7.228014483236698528E-16, -0.0000000000000000000, -1.000000000000000000 ) ) ;
#1492 = LINE ( 'NONE', #2872, #2309 ) ;
#1493 = EDGE_CURVE ( 'NONE', #2154, #1180, #1841, .T. ) ;
#1494 = DIRECTION ( 'NONE',  ( 0.0000000000000000000, 0.0000000000000000000, -1.000000000000000000 ) ) ;
#1495 = ORIENTED_EDGE ( 'NONE', *, *, #1493, .F. ) ;
#1496 = PLANE ( 'NONE',  #1703 ) ;
#1497 = ORIENTED_EDGE ( 'NONE', *, *, #2008, .T. ) ;
#1498 = CARTESIAN_POINT ( 'NONE',  ( -0.0000000000000000000, 0.0000000000000000000, -4.200000000000000178 ) ) ;
#1499 = DIRECTION ( 'NONE',  ( -0.7071067811865475727, 0.0000000000000000000, 0.7071067811865475727 ) ) ;
#1500 = DIRECTION ( 'NONE',  ( 1.000000000000000000, 0.0000000000000000000, -0.0000000000000000000 ) ) ;
#1501 =( NAMED_UNIT ( * ) SI_UNIT ( $, .STERADIAN. ) SOLID_ANGLE_UNIT ( ) );
#1502 = ORIENTED_EDGE ( 'NONE', *, *, #3064, .T. ) ;
#1503 = CARTESIAN_POINT ( 'NONE',  ( -2.459654435482566015, 2.900000000000000355, -2.618414913520643150 ) ) ;
#1504 = DIRECTION ( 'NONE',  ( 0.0000000000000000000, -1.000000000000000000, 0.0000000000000000000 ) ) ;
#1505 = PRESENTATION_STYLE_ASSIGNMENT (( #3141 ) ) ;
#1506 = CARTESIAN_POINT ( 'NONE',  ( 4.200000000000000178, 2.700000000000000178, -1.500000000000000000 ) ) ;
#1507 = PRESENTATION_LAYER_ASSIGNMENT (  '', '', ( #3026 ) ) ;
#1508 = EDGE_CURVE ( 'NONE', #1061, #1072, #2399, .T. ) ;
#1509 = AXIS2_PLACEMENT_3D ( 'NONE', #3186, #1638, #2444 ) ;
#1510 = DIRECTION ( 'NONE',  ( -0.7071067811865474617, 0.0000000000000000000, -0.7071067811865474617 ) ) ;
#1511 = AXIS2_PLACEMENT_3D ( 'NONE', #3421, #462, #2376 ) ;
#1512 = LINE ( 'NONE', #3413, #507 ) ;
#1513 = EDGE_CURVE ( 'NONE', #2861, #1336, #849, .T. ) ;
#1514 = ORIENTED_EDGE ( 'NONE', *, *, #2763, .T. ) ;
#1515 = DIRECTION ( 'NONE',  ( 0.0000000000000000000, 0.0000000000000000000, 1.000000000000000000 ) ) ;
#1516 = APPLICATION_PROTOCOL_DEFINITION ( 'draft international standard', 'automotive_design', 1998, #2789 ) ;
#1517 = ORIENTED_EDGE ( 'NONE', *, *, #815, .T. ) ;
#1518 = DIRECTION ( 'NONE',  ( -0.0000000000000000000, 1.000000000000000000, 0.0000000000000000000 ) ) ;
#1519 = FILL_AREA_STYLE ('',( #1796 ) ) ;
#1520 = DIRECTION ( 'NONE',  ( 0.0000000000000000000, -0.0000000000000000000, 1.000000000000000000 ) ) ;
#1521 = ORIENTED_EDGE ( 'NONE', *, *, #2850, .F. ) ;
#1522 = ORIENTED_EDGE ( 'NONE', *, *, #3380, .T. ) ;
#1523 = DIRECTION ( 'NONE',  ( 0.0000000000000000000, 1.000000000000000000, -0.0000000000000000000 ) ) ;
#1524 = LINE ( 'NONE', #688, #2952 ) ;
#1525 = LINE ( 'NONE', #1211, #1484 ) ;
#1526 = CARTESIAN_POINT ( 'NONE',  ( 4.250000000000000000, 2.750000000000000444, 1.550000000000000044 ) ) ;
#1527 = ADVANCED_FACE ( 'NONE', ( #3281 ), #843, .T. ) ;
#1528 = SURFACE_STYLE_FILL_AREA ( #672 ) ;
#1529 =( NAMED_UNIT ( * ) SI_UNIT ( $, .STERADIAN. ) SOLID_ANGLE_UNIT ( ) );
#1530 = AXIS2_PLACEMENT_3D ( 'NONE', #1239, #3430, #2100 ) ;
#1531 = DIRECTION ( 'NONE',  ( 0.0000000000000000000, 0.0000000000000000000, 1.000000000000000000 ) ) ;
#1532 = EDGE_CURVE ( 'NONE', #2141, #460, #926, .T. ) ;
#1533 = PRESENTATION_LAYER_ASSIGNMENT (  '', '', ( #728 ) ) ;
#1534 = VERTEX_POINT ( 'NONE', #2808 ) ;
#1535 = DIRECTION ( 'NONE',  ( 1.000000000000000000, 0.0000000000000000000, 0.0000000000000000000 ) ) ;
#1536 =( BOUNDED_CURVE ( )  B_SPLINE_CURVE ( 3, ( #178, #2090, #3152, #727 ),
 .UNSPECIFIED., .F., .T. ) 
 B_SPLINE_CURVE_WITH_KNOTS ( ( 4, 4 ),
 ( 0.7853981633974483900, 1.570796326794896780 ),
 .UNSPECIFIED. ) 
 CURVE ( )  GEOMETRIC_REPRESENTATION_ITEM ( )  RATIONAL_B_SPLINE_CURVE ( ( 1.000000000000000000, 0.9492530216741911220, 0.9492530216741911220, 1.000000000000000000 ) ) 
 REPRESENTATION_ITEM ( '' )  );
#1537 = VECTOR ( 'NONE', #3353, 1000.000000000000000 ) ;
#1538 = VERTEX_POINT ( 'NONE', #2017 ) ;
#1539 = VERTEX_POINT ( 'NONE', #574 ) ;
#1540 = VECTOR ( 'NONE', #3006, 1000.000000000000000 ) ;
#1541 = LINE ( 'NONE', #1575, #2883 ) ;
#1542 = CARTESIAN_POINT ( 'NONE',  ( -2.542893218813452538, 2.700000000000000178, -3.749999999999999556 ) ) ;
#1543 = VECTOR ( 'NONE', #273, 1000.000000000000000 ) ;
#1544 =( LENGTH_UNIT ( ) NAMED_UNIT ( * ) SI_UNIT ( .MILLI., .METRE. ) );
#1545 = ORIENTED_EDGE ( 'NONE', *, *, #2075, .T. ) ;
#1546 = VECTOR ( 'NONE', #1629, 1000.000000000000000 ) ;
#1547 = CARTESIAN_POINT ( 'NONE',  ( 3.000000000000000888, 2.979289321881344765, -8.379497932133535072E-17 ) ) ;
#1548 = FILL_AREA_STYLE_COLOUR ( '', #1788 ) ;
#1549 = CARTESIAN_POINT ( 'NONE',  ( -1.709654435482566237, 2.900000000000000355, -2.468414913520643239 ) ) ;
#1550 = CIRCLE ( 'NONE', #2615, 0.05000000000000007216 ) ;
#1551 = PRODUCT_DEFINITION ( 'UNKNOWN', '', #3403, #62 ) ;
#1552 = ORIENTED_EDGE ( 'NONE', *, *, #1961, .F. ) ;
#1553 = ADVANCED_FACE ( 'NONE', ( #945 ), #1952, .T. ) ;
#1554 = DIRECTION ( 'NONE',  ( -1.000000000000000000, 0.0000000000000000000, -0.0000000000000000000 ) ) ;
#1555 = PRESENTATION_STYLE_ASSIGNMENT (( #2641 ) ) ;
#1556 = VERTEX_POINT ( 'NONE', #2554 ) ;
#1557 = ORIENTED_EDGE ( 'NONE', *, *, #3464, .F. ) ;
#1558 = EDGE_CURVE ( 'NONE', #1828, #1641, #3136, .T. ) ;
#1559 = CARTESIAN_POINT ( 'NONE',  ( 4.250000000000000000, 3.000000000000000000, 1.550000000000000044 ) ) ;
#1560 = FACE_OUTER_BOUND ( 'NONE', #2192, .T. ) ;
#1561 = LINE ( 'NONE', #2884, #629 ) ;
#1562 = ORIENTED_EDGE ( 'NONE', *, *, #2541, .F. ) ;
#1563 = CARTESIAN_POINT ( 'NONE',  ( 4.229289321881346098, 2.700000000000000178, 1.500000000000000000 ) ) ;
#1564 = CARTESIAN_POINT ( 'NONE',  ( -4.200000000000000178, 2.949999999999999734, 2.729289321881344765 ) ) ;
#1565 = CARTESIAN_POINT ( 'NONE',  ( 2.742727376984580800, 0.03656194489676560522, 4.250000000000000888 ) ) ;
#1566 = FILL_AREA_STYLE_COLOUR ( '', #2485 ) ;
#1567 = VECTOR ( 'NONE', #1231, 1000.000000000000000 ) ;
#1568 = AXIS2_PLACEMENT_3D ( 'NONE', #2074, #3437, #715 ) ;
#1569 = ORIENTED_EDGE ( 'NONE', *, *, #1924, .T. ) ;
#1570 = CARTESIAN_POINT ( 'NONE',  ( 0.0000000000000000000, 2.200000000000000178, 0.0000000000000000000 ) ) ;
#1571 = FILL_AREA_STYLE_COLOUR ( '', #1040 ) ;
#1572 = ADVANCED_FACE ( 'NONE', ( #304 ), #2053, .F. ) ;
#1573 = ORIENTED_EDGE ( 'NONE', *, *, #2292, .T. ) ;
#1574 = ORIENTED_EDGE ( 'NONE', *, *, #3020, .F. ) ;
#1575 = CARTESIAN_POINT ( 'NONE',  ( 3.750000000000000444, 2.700000000000000178, -1.500000000000000000 ) ) ;
#1576 = EDGE_CURVE ( 'NONE', #1461, #1853, #2300, .T. ) ;
#1577 = ORIENTED_EDGE ( 'NONE', *, *, #1946, .T. ) ;
#1578 = EDGE_LOOP ( 'NONE', ( #1031, #1379, #3072 ) ) ;
#1579 = CARTESIAN_POINT ( 'NONE',  ( -2.542893218813452538, 2.700000000000000178, 3.750000000000001332 ) ) ;
#1580 = PLANE ( 'NONE',  #1249 ) ;
#1581 = VECTOR ( 'NONE', #930, 1000.000000000000000 ) ;
#1582 = ORIENTED_EDGE ( 'NONE', *, *, #2231, .T. ) ;
#1583 = VECTOR ( 'NONE', #88, 1000.000000000000114 ) ;
#1584 = LINE ( 'NONE', #529, #307 ) ;
#1585 = PLANE ( 'NONE',  #1212 ) ;
#1586 = AXIS2_PLACEMENT_3D ( 'NONE', #1058, #2149, #3221 ) ;
#1587 = VERTEX_POINT ( 'NONE', #1187 ) ;
#1588 = DIRECTION ( 'NONE',  ( -0.7071067811865477948, 0.0000000000000000000, 0.7071067811865473507 ) ) ;
#1589 = ORIENTED_EDGE ( 'NONE', *, *, #1256, .F. ) ;
#1590 = CARTESIAN_POINT ( 'NONE',  ( 1.700961894323336887, 2.949999999999999734, -0.7499999999999925615 ) ) ;
#1591 = VECTOR ( 'NONE', #2838, 999.9999999999998863 ) ;
#1592 = EDGE_CURVE ( 'NONE', #209, #476, #3379, .T. ) ;
#1593 =( NAMED_UNIT ( * ) PLANE_ANGLE_UNIT ( ) SI_UNIT ( $, .RADIAN. ) );
#1594 = LINE ( 'NONE', #2917, #739 ) ;
#1595 = EDGE_LOOP ( 'NONE', ( #855, #1047, #1840, #1619 ) ) ;
#1596 = ADVANCED_FACE ( 'NONE', ( #2531 ), #103, .T. ) ;
#1597 = CARTESIAN_POINT ( 'NONE',  ( -4.200000000000000178, 3.000000000000000000, 2.729289321881346098 ) ) ;
#1598 = AXIS2_PLACEMENT_3D ( 'NONE', #343, #2711, #1359 ) ;
#1599 = CARTESIAN_POINT ( 'NONE',  ( 1.700961894323337553, 2.900000000000000355, -0.7499999999999921174 ) ) ;
#1600 = CARTESIAN_POINT ( 'NONE',  ( -4.250000000000000000, 0.0000000000000000000, 2.750000000000001332 ) ) ;
#1601 = EDGE_CURVE ( 'NONE', #199, #2058, #383, .T. ) ;
#1602 = LINE ( 'NONE', #2677, #2601 ) ;
#1603 = VECTOR ( 'NONE', #606, 1000.000000000000000 ) ;
#1604 = ORIENTED_EDGE ( 'NONE', *, *, #2449, .T. ) ;
#1605 = FILL_AREA_STYLE ('',( #2460 ) ) ;
#1606 = ORIENTED_EDGE ( 'NONE', *, *, #2950, .F. ) ;
#1607 = CARTESIAN_POINT ( 'NONE',  ( 1.725961894323338131, 3.000000000000000000, 0.7933012701892298013 ) ) ;
#1608 = EDGE_LOOP ( 'NONE', ( #105, #1552, #2650, #1367 ) ) ;
#1609 = DIRECTION ( 'NONE',  ( -0.7071067811865474617, -0.0000000000000000000, -0.7071067811865474617 ) ) ;
#1610 = DIRECTION ( 'NONE',  ( 0.0000000000000000000, -1.000000000000000000, 0.0000000000000000000 ) ) ;
#1611 = CYLINDRICAL_SURFACE ( 'NONE', #3398, 0.04999999999999969746 ) ;
#1612 = EDGE_LOOP ( 'NONE', ( #68, #1315, #2251 ) ) ;
#1613 = ORIENTED_EDGE ( 'NONE', *, *, #2006, .F. ) ;
#1614 = DIRECTION ( 'NONE',  ( 0.0000000000000000000, 0.0000000000000000000, -1.000000000000000000 ) ) ;
#1615 = EDGE_CURVE ( 'NONE', #1641, #770, #3364, .T. ) ;
#1616 = PLANE ( 'NONE',  #2492 ) ;
#1617 = CARTESIAN_POINT ( 'NONE',  ( -4.249999999999992895, -0.0000000000000000000, -4.250000000000048850 ) ) ;
#1618 = EDGE_CURVE ( 'NONE', #1030, #3193, #680, .T. ) ;
#1619 = ORIENTED_EDGE ( 'NONE', *, *, #734, .T. ) ;
#1620 = CIRCLE ( 'NONE', #80, 0.04999999999999969746 ) ;
#1621 = DIRECTION ( 'NONE',  ( 0.7071067811865474617, 0.0000000000000000000, 0.7071067811865474617 ) ) ;
#1622 = DIRECTION ( 'NONE',  ( -1.000000000000000000, 0.0000000000000000000, 0.0000000000000000000 ) ) ;
#1623 = FACE_OUTER_BOUND ( 'NONE', #332, .T. ) ;
#1624 = AXIS2_PLACEMENT_3D ( 'NONE', #266, #1610, #2173 ) ;
#1625 = ORIENTED_EDGE ( 'NONE', *, *, #1320, .T. ) ;
#1626 = CARTESIAN_POINT ( 'NONE',  ( 4.200000000000000178, 1.700000000000000178, 1.500000000000000000 ) ) ;
#1627 = ORIENTED_EDGE ( 'NONE', *, *, #2217, .F. ) ;
#1628 = CARTESIAN_POINT ( 'NONE',  ( 4.200000000000000178, 2.700000000000000178, 1.500000000000000000 ) ) ;
#1629 = DIRECTION ( 'NONE',  ( 0.0000000000000000000, -1.000000000000000000, 0.0000000000000000000 ) ) ;
#1630 = ORIENTED_EDGE ( 'NONE', *, *, #1256, .T. ) ;
#1631 = CARTESIAN_POINT ( 'NONE',  ( -4.250000000000000000, 3.000000000000000000, 2.750000000000001332 ) ) ;
#1632 = CARTESIAN_POINT ( 'NONE',  ( 0.0000000000000000000, 2.000000000000000000, 0.0000000000000000000 ) ) ;
#1633 = CARTESIAN_POINT ( 'NONE',  ( -2.609654435482565926, 3.000000000000000000, -3.368414913520643594 ) ) ;
#1634 = PRESENTATION_STYLE_ASSIGNMENT (( #1023 ) ) ;
#1635 = EDGE_CURVE ( 'NONE', #2897, #352, #407, .T. ) ;
#1636 = ORIENTED_EDGE ( 'NONE', *, *, #1601, .T. ) ;
#1637 = DIRECTION ( 'NONE',  ( 0.0000000000000000000, 0.0000000000000000000, 1.000000000000000000 ) ) ;
#1638 = DIRECTION ( 'NONE',  ( -0.7071067811865501263, 0.0000000000000000000, 0.7071067811865450192 ) ) ;
#1639 = ADVANCED_FACE ( 'NONE', ( #2784 ), #2703, .F. ) ;
#1640 = PLANE ( 'NONE',  #2647 ) ;
#1641 = VERTEX_POINT ( 'NONE', #1626 ) ;
#1642 = VECTOR ( 'NONE', #1970, 1000.000000000000000 ) ;
#1643 = ORIENTED_EDGE ( 'NONE', *, *, #1350, .T. ) ;
#1644 = FACE_OUTER_BOUND ( 'NONE', #1895, .T. ) ;
#1645 = EDGE_CURVE ( 'NONE', #1117, #3114, #225, .T. ) ;
#1646 = FACE_OUTER_BOUND ( 'NONE', #781, .T. ) ;
#1647 = VECTOR ( 'NONE', #1914, 1000.000000000000114 ) ;
#1648 = VERTEX_POINT ( 'NONE', #530 ) ;
#1649 = COLOUR_RGB ( '',0.6470588235294117974, 0.6196078431372549211, 0.5882352941176470784 ) ;
#1650 = DIRECTION ( 'NONE',  ( 0.7071067811865474617, 0.0000000000000000000, -0.7071067811865474617 ) ) ;
#1651 = DIRECTION ( 'NONE',  ( -1.000000000000000000, -0.0000000000000000000, -0.0000000000000000000 ) ) ;
#1652 = VECTOR ( 'NONE', #374, 1000.000000000000000 ) ;
#1653 = CARTESIAN_POINT ( 'NONE',  ( 3.750000000000000444, 1.700000000000000178, 1.500000000000000000 ) ) ;
#1654 = FACE_OUTER_BOUND ( 'NONE', #1150, .T. ) ;
#1655 = STYLED_ITEM ( 'NONE', ( #130 ), #1767 ) ;
#1656 = DIRECTION ( 'NONE',  ( 0.0000000000000000000, -1.000000000000000000, 0.0000000000000000000 ) ) ;
#1657 = ORIENTED_EDGE ( 'NONE', *, *, #2761, .T. ) ;
#1658 =( NAMED_UNIT ( * ) PLANE_ANGLE_UNIT ( ) SI_UNIT ( $, .RADIAN. ) );
#1659 = VECTOR ( 'NONE', #647, 1000.000000000000000 ) ;
#1660 =( NAMED_UNIT ( * ) PLANE_ANGLE_UNIT ( ) SI_UNIT ( $, .RADIAN. ) );
#1661 = DIRECTION ( 'NONE',  ( -0.7071067811865474617, -0.0000000000000000000, -0.7071067811865474617 ) ) ;
#1662 = VERTEX_POINT ( 'NONE', #3300 ) ;
#1663 = EDGE_CURVE ( 'NONE', #3114, #2132, #392, .T. ) ;
#1664 = ORIENTED_EDGE ( 'NONE', *, *, #1789, .T. ) ;
#1665 = DIRECTION ( 'NONE',  ( -0.0000000000000000000, -0.0000000000000000000, 1.000000000000000000 ) ) ;
#1666 = CARTESIAN_POINT ( 'NONE',  ( 4.200000000000000178, 2.700000000000000178, 1.550000000000000044 ) ) ;
#1667 = ADVANCED_FACE ( 'NONE', ( #1130 ), #245, .T. ) ;
#1668 = VERTEX_POINT ( 'NONE', #2392 ) ;
#1669 = CYLINDRICAL_SURFACE ( 'NONE', #2823, 0.04999999999999994726 ) ;
#1670 = CARTESIAN_POINT ( 'NONE',  ( 2.542893218813452538, 2.700000000000000178, -3.749999999999999556 ) ) ;
#1671 = CARTESIAN_POINT ( 'NONE',  ( 4.200000000000000178, 2.949999999999999734, 0.0000000000000000000 ) ) ;
#1672 = PLANE ( 'NONE',  #1421 ) ;
#1673 = VERTEX_POINT ( 'NONE', #882 ) ;
#1674 = DIRECTION ( 'NONE',  ( 0.0000000000000000000, 1.000000000000000000, 0.0000000000000000000 ) ) ;
#1675 = CARTESIAN_POINT ( 'NONE',  ( 2.729289321881344765, 3.000000000000000000, -4.200000000000000178 ) ) ;
#1676 = CARTESIAN_POINT ( 'NONE',  ( 4.200000000000000178, 2.949999999999999734, -2.729289321881343877 ) ) ;
#1677 = ORIENTED_EDGE ( 'NONE', *, *, #2111, .F. ) ;
#1678 = AXIS2_PLACEMENT_3D ( 'NONE', #927, #2235, #1730 ) ;
#1679 = AXIS2_PLACEMENT_3D ( 'NONE', #759, #2389, #3203 ) ;
#1680 = ORIENTED_EDGE ( 'NONE', *, *, #2809, .T. ) ;
#1681 = FACE_OUTER_BOUND ( 'NONE', #2003, .T. ) ;
#1682 = ADVANCED_FACE ( 'NONE', ( #2946 ), #2664, .T. ) ;
#1683 = VECTOR ( 'NONE', #1015, 1000.000000000000114 ) ;
#1684 = VERTEX_POINT ( 'NONE', #1330 ) ;
#1685 = FILL_AREA_STYLE ('',( #1407 ) ) ;
#1686 = EDGE_CURVE ( 'NONE', #1732, #2535, #597, .T. ) ;
#1687 = LINE ( 'NONE', #2274, #1999 ) ;
#1688 = CARTESIAN_POINT ( 'NONE',  ( 1.700961894323337997, 2.949999999999999734, 0.7500000000000078826 ) ) ;
#1689 = CARTESIAN_POINT ( 'NONE',  ( -2.459654435482566015, 2.900000000000000355, -2.618414913520643150 ) ) ;
#1690 = ORIENTED_EDGE ( 'NONE', *, *, #497, .T. ) ;
#1691 = LINE ( 'NONE', #694, #616 ) ;
#1692 = CARTESIAN_POINT ( 'NONE',  ( 4.200000000000000178, 3.000000000000000000, -2.749999999999999556 ) ) ;
#1693 = VERTEX_POINT ( 'NONE', #3490 ) ;
#1694 = FACE_OUTER_BOUND ( 'NONE', #1612, .T. ) ;
#1695 = DIRECTION ( 'NONE',  ( 0.7071067811865474617, 0.0000000000000000000, -0.7071067811865474617 ) ) ;
#1696 =( GEOMETRIC_REPRESENTATION_CONTEXT ( 3 ) GLOBAL_UNCERTAINTY_ASSIGNED_CONTEXT ( ( #1089 ) ) GLOBAL_UNIT_ASSIGNED_CONTEXT ( ( #1464, #2059, #144 ) ) REPRESENTATION_CONTEXT ( 'NONE', 'WORKASPACE' ) );
#1697 = ORIENTED_EDGE ( 'NONE', *, *, #2629, .T. ) ;
#1698 = ADVANCED_FACE ( 'NONE', ( #1062 ), #326, .T. ) ;
#1699 = LINE ( 'NONE', #338, #65 ) ;
#1700 = TOROIDAL_SURFACE ( 'NONE', #156, 0.8000000000000000444, 0.2000000000000000111 ) ;
#1701 = DIRECTION ( 'NONE',  ( -0.0000000000000000000, -0.0000000000000000000, -1.000000000000000000 ) ) ;
#1702 = DIRECTION ( 'NONE',  ( 0.7071067811865474617, -0.0000000000000000000, 0.7071067811865474617 ) ) ;
#1703 = AXIS2_PLACEMENT_3D ( 'NONE', #330, #1418, #3288 ) ;
#1704 = FACE_OUTER_BOUND ( 'NONE', #1349, .T. ) ;
#1705 = EDGE_CURVE ( 'NONE', #3348, #2881, #3111, .T. ) ;
#1706 = DIRECTION ( 'NONE',  ( 0.0000000000000000000, 0.0000000000000000000, -1.000000000000000000 ) ) ;
#1707 = DIRECTION ( 'NONE',  ( -0.0000000000000000000, 0.0000000000000000000, -1.000000000000000000 ) ) ;
#1708 = ADVANCED_FACE ( 'NONE', ( #3043 ), #614, .T. ) ;
#1709 = ORIENTED_EDGE ( 'NONE', *, *, #2830, .T. ) ;
#1710 = FACE_OUTER_BOUND ( 'NONE', #1949, .T. ) ;
#1711 = ORIENTED_EDGE ( 'NONE', *, *, #1961, .T. ) ;
#1712 = VECTOR ( 'NONE', #293, 1000.000000000000000 ) ;
#1713 = LINE ( 'NONE', #2792, #1583 ) ;
#1714 = PLANE ( 'NONE',  #134 ) ;
#1715 = PRESENTATION_LAYER_ASSIGNMENT (  '', '', ( #344 ) ) ;
#1716 = EDGE_LOOP ( 'NONE', ( #2181, #1847, #1099, #2272, #2084 ) ) ;
#1717 = DIRECTION ( 'NONE',  ( 0.7071067811865474617, -0.0000000000000000000, -0.7071067811865474617 ) ) ;
#1718 = CARTESIAN_POINT ( 'NONE',  ( -3.000000000000029754, 0.2000000000000000111, -4.250000000000044409 ) ) ;
#1719 = EDGE_CURVE ( 'NONE', #974, #1057, #691, .T. ) ;
#1720 = CYLINDRICAL_SURFACE ( 'NONE', #1186, 0.05000000000000007216 ) ;
#1721 = VECTOR ( 'NONE', #1284, 1000.000000000000000 ) ;
#1722 = ORIENTED_EDGE ( 'NONE', *, *, #3160, .F. ) ;
#1723 = DIRECTION ( 'NONE',  ( 0.0000000000000000000, 0.0000000000000000000, -1.000000000000000000 ) ) ;
#1724 = DIRECTION ( 'NONE',  ( 0.0000000000000000000, -1.000000000000000000, 0.0000000000000000000 ) ) ;
#1725 = CARTESIAN_POINT ( 'NONE',  ( -2.309654435482566548, 2.900000000000000355, -1.868414913520642928 ) ) ;
#1726 = ADVANCED_FACE ( 'NONE', ( #1234 ), #1720, .T. ) ;
#1727 = VERTEX_POINT ( 'NONE', #2857 ) ;
#1728 = DIRECTION ( 'NONE',  ( -0.0000000000000000000, 0.0000000000000000000, -1.000000000000000000 ) ) ;
#1729 = DIRECTION ( 'NONE',  ( 1.000000000000000000, 0.0000000000000000000, 0.0000000000000000000 ) ) ;
#1730 = DIRECTION ( 'NONE',  ( 1.000000000000000000, 0.0000000000000000000, 0.0000000000000000000 ) ) ;
#1731 = ORIENTED_EDGE ( 'NONE', *, *, #540, .F. ) ;
#1732 = VERTEX_POINT ( 'NONE', #1218 ) ;
#1733 = FACE_OUTER_BOUND ( 'NONE', #1776, .T. ) ;
#1734 =( GEOMETRIC_REPRESENTATION_CONTEXT ( 3 ) GLOBAL_UNCERTAINTY_ASSIGNED_CONTEXT ( ( #1193 ) ) GLOBAL_UNIT_ASSIGNED_CONTEXT ( ( #2363, #234, #2029 ) ) REPRESENTATION_CONTEXT ( 'NONE', 'WORKASPACE' ) );
#1735 = CARTESIAN_POINT ( 'NONE',  ( -2.750000000000000444, 2.949999999999999734, 4.250000000000000888 ) ) ;
#1736 = PRESENTATION_STYLE_ASSIGNMENT (( #342 ) ) ;
#1737 = VECTOR ( 'NONE', #2413, 1000.000000000000114 ) ;
#1738 = FACE_BOUND ( 'NONE', #2497, .T. ) ;
#1739 = ORIENTED_EDGE ( 'NONE', *, *, #1924, .F. ) ;
#1740 = EDGE_CURVE ( 'NONE', #2429, #979, #1830, .T. ) ;
#1741 = DIRECTION ( 'NONE',  ( -0.7071067811865473507, 0.0000000000000000000, -0.7071067811865477948 ) ) ;
#1742 = CARTESIAN_POINT ( 'NONE',  ( -4.225853199169873342, 0.005142521051217096260, 2.774146800830129322 ) ) ;
#1743 = CARTESIAN_POINT ( 'NONE',  ( -2.609654435482565926, 2.900000000000000355, -1.868414913520642928 ) ) ;
#1744 = ORIENTED_EDGE ( 'NONE', *, *, #186, .F. ) ;
#1745 = EDGE_CURVE ( 'NONE', #3506, #1117, #1512, .T. ) ;
#1746 = CARTESIAN_POINT ( 'NONE',  ( 4.250000000000000000, 1.679289321881345165, -1.520710678118654569 ) ) ;
#1747 = CARTESIAN_POINT ( 'NONE',  ( 4.250000000000000000, 1.650000000000000133, 1.550000000000000044 ) ) ;
#1748 = DIRECTION ( 'NONE',  ( 0.0000000000000000000, 0.0000000000000000000, 1.000000000000000000 ) ) ;
#1749 = ORIENTED_EDGE ( 'NONE', *, *, #241, .T. ) ;
#1750 = EDGE_CURVE ( 'NONE', #1228, #2294, #2489, .T. ) ;
#1751 = DIRECTION ( 'NONE',  ( 0.7071067811865480168, 0.0000000000000000000, -0.7071067811865470176 ) ) ;
#1752 = DIRECTION ( 'NONE',  ( -1.000000000000000000, 0.0000000000000000000, 0.0000000000000000000 ) ) ;
#1753 = CIRCLE ( 'NONE', #2714, 0.05000000000000007216 ) ;
#1754 = DIRECTION ( 'NONE',  ( -0.7071067811865474617, 0.0000000000000000000, 0.7071067811865474617 ) ) ;
#1755 = DIRECTION ( 'NONE',  ( -0.0000000000000000000, 1.000000000000000000, -0.0000000000000000000 ) ) ;
#1756 = LINE ( 'NONE', #1178, #2431 ) ;
#1757 = LINE ( 'NONE', #2065, #737 ) ;
#1758 = ORIENTED_EDGE ( 'NONE', *, *, #193, .T. ) ;
#1759 = VECTOR ( 'NONE', #1921, 1000.000000000000000 ) ;
#1760 = PLANE ( 'NONE',  #380 ) ;
#1761 = COLOUR_RGB ( '',0.6470588235294117974, 0.6196078431372549211, 0.5882352941176470784 ) ;
#1762 = ORIENTED_EDGE ( 'NONE', *, *, #1069, .F. ) ;
#1763 = LINE ( 'NONE', #2050, #1352 ) ;
#1764 = VECTOR ( 'NONE', #3315, 1000.000000000000000 ) ;
#1765 = CARTESIAN_POINT ( 'NONE',  ( -3.209654435482566015, 2.900000000000000355, -2.468414913520643239 ) ) ;
#1766 = CARTESIAN_POINT ( 'NONE',  ( -4.250000000000000000, 3.000000000000000000, -2.729289321881344321 ) ) ;
#1767 = ADVANCED_FACE ( 'NONE', ( #166 ), #2585, .T. ) ;
#1768 = ORIENTED_EDGE ( 'NONE', *, *, #1532, .T. ) ;
#1769 = VERTEX_POINT ( 'NONE', #2026 ) ;
#1770 = UNCERTAINTY_MEASURE_WITH_UNIT (LENGTH_MEASURE( 1.000000000000000082E-05 ), #1993, 'distance_accuracy_value', 'NONE');
#1771 = LINE ( 'NONE', #2539, #1220 ) ;
#1772 = EDGE_CURVE ( 'NONE', #2998, #289, #1775, .T. ) ;
#1773 =( NAMED_UNIT ( * ) SI_UNIT ( $, .STERADIAN. ) SOLID_ANGLE_UNIT ( ) );
#1774 = DIRECTION ( 'NONE',  ( -0.0000000000000000000, 1.000000000000000000, -0.0000000000000000000 ) ) ;
#1775 = LINE ( 'NONE', #1470, #3112 ) ;
#1776 = EDGE_LOOP ( 'NONE', ( #2486, #1081, #1396, #268 ) ) ;
#1777 = FILL_AREA_STYLE ('',( #2113 ) ) ;
#1778 = ORIENTED_EDGE ( 'NONE', *, *, #395, .F. ) ;
#1779 = DIRECTION ( 'NONE',  ( 0.7071067811865474617, -0.0000000000000000000, 0.7071067811865474617 ) ) ;
#1780 = DIRECTION ( 'NONE',  ( 0.0000000000000000000, 0.0000000000000000000, 1.000000000000000000 ) ) ;
#1781 = FACE_OUTER_BOUND ( 'NONE', #1440, .T. ) ;
#1782 = ORIENTED_EDGE ( 'NONE', *, *, #1376, .F. ) ;
#1783 = ORIENTED_EDGE ( 'NONE', *, *, #288, .F. ) ;
#1784 = CARTESIAN_POINT ( 'NONE',  ( -2.729289321881343877, 2.949999999999999734, -4.200000000000000178 ) ) ;
#1785 = EDGE_CURVE ( 'NONE', #3373, #314, #1757, .T. ) ;
#1786 = CARTESIAN_POINT ( 'NONE',  ( 2.985969583392024784, 0.2000000000000000111, -4.250000000000053291 ) ) ;
#1787 = PLANE ( 'NONE',  #1997 ) ;
#1788 = COLOUR_RGB ( '',0.6470588235294117974, 0.5176470588235293491, 0.0000000000000000000 ) ;
#1789 = EDGE_CURVE ( 'NONE', #2881, #3033, #2840, .T. ) ;
#1790 = LINE ( 'NONE', #3412, #3505 ) ;
#1791 = VECTOR ( 'NONE', #41, 1000.000000000000000 ) ;
#1792 = PLANE ( 'NONE',  #2948 ) ;
#1793 =( NAMED_UNIT ( * ) PLANE_ANGLE_UNIT ( ) SI_UNIT ( $, .RADIAN. ) );
#1794 = VERTEX_POINT ( 'NONE', #432 ) ;
#1795 = CARTESIAN_POINT ( 'NONE',  ( -2.542893218813452538, 0.5000000000000000000, 3.750000000000001332 ) ) ;
#1796 = FILL_AREA_STYLE_COLOUR ( '', #824 ) ;
#1797 = CARTESIAN_POINT ( 'NONE',  ( 3.000000000000000000, 2.949999999999999734, 0.0000000000000000000 ) ) ;
#1798 = ORIENTED_EDGE ( 'NONE', *, *, #1025, .T. ) ;
#1799 = CARTESIAN_POINT ( 'NONE',  ( -3.209654435482566015, 3.000000000000000000, -2.768414913520643061 ) ) ;
#1800 = SURFACE_STYLE_FILL_AREA ( #1855 ) ;
#1801 = PLANE ( 'NONE',  #1304 ) ;
#1802 = EDGE_CURVE ( 'NONE', #1926, #1534, #1199, .T. ) ;
#1803 = ORIENTED_EDGE ( 'NONE', *, *, #67, .F. ) ;
#1804 = CARTESIAN_POINT ( 'NONE',  ( 3.000000000000000000, 2.949999999999999734, 0.0000000000000000000 ) ) ;
#1805 = STYLED_ITEM ( 'NONE', ( #3296 ), #110 ) ;
#1806 = ADVANCED_FACE ( 'NONE', ( #2600 ), #1792, .F. ) ;
#1807 = CARTESIAN_POINT ( 'NONE',  ( 2.764644660940672516, 0.01464466094067270671, 4.235355339059329260 ) ) ;
#1808 = CARTESIAN_POINT ( 'NONE',  ( 3.750000000000000444, 2.700000000000000178, 1.500000000000000000 ) ) ;
#1809 = EDGE_CURVE ( 'NONE', #2476, #752, #17, .T. ) ;
#1810 = VECTOR ( 'NONE', #655, 1000.000000000000000 ) ;
#1811 = ORIENTED_EDGE ( 'NONE', *, *, #1110, .F. ) ;
#1812 = DIRECTION ( 'NONE',  ( -0.7071067811865474617, -0.0000000000000000000, -0.7071067811865474617 ) ) ;
#1813 = DIRECTION ( 'NONE',  ( 0.0000000000000000000, 1.000000000000000000, 0.0000000000000000000 ) ) ;
#1814 = VECTOR ( 'NONE', #2977, 1000.000000000000000 ) ;
#1815 = ORIENTED_EDGE ( 'NONE', *, *, #3426, .T. ) ;
#1816 = EDGE_LOOP ( 'NONE', ( #3419, #1690, #2215 ) ) ;
#1817 = AXIS2_PLACEMENT_3D ( 'NONE', #1974, #1309, #3473 ) ;
#1818 = CARTESIAN_POINT ( 'NONE',  ( 4.200000000000000178, 2.949999999999999734, 2.729289321881345209 ) ) ;
#1819 = CARTESIAN_POINT ( 'NONE',  ( 3.750000000000000444, 2.700000000000000178, -2.542893218813451650 ) ) ;
#1820 = VECTOR ( 'NONE', #414, 1000.000000000000000 ) ;
#1821 = DIRECTION ( 'NONE',  ( -0.7071067811865475727, 0.0000000000000000000, -0.7071067811865475727 ) ) ;
#1822 = ORIENTED_EDGE ( 'NONE', *, *, #319, .T. ) ;
#1823 = CARTESIAN_POINT ( 'NONE',  ( 3.100000000000000533, 3.000000000000000000, -5.898740449749801126E-16 ) ) ;
#1824 =( NAMED_UNIT ( * ) SI_UNIT ( $, .STERADIAN. ) SOLID_ANGLE_UNIT ( ) );
#1825 = PRESENTATION_LAYER_ASSIGNMENT (  '', '', ( #3342 ) ) ;
#1826 = CARTESIAN_POINT ( 'NONE',  ( 4.235969583392052762, 0.2000000000000000111, 4.250000000000001776 ) ) ;
#1827 = EDGE_CURVE ( 'NONE', #1061, #289, #2923, .T. ) ;
#1828 = VERTEX_POINT ( 'NONE', #1022 ) ;
#1829 = SURFACE_STYLE_FILL_AREA ( #172 ) ;
#1830 =( BOUNDED_CURVE ( )  B_SPLINE_CURVE ( 3, ( #985, #2564, #2260, #653 ),
 .UNSPECIFIED., .F., .T. ) 
 B_SPLINE_CURVE_WITH_KNOTS ( ( 4, 4 ),
 ( 4.712388980384694115, 5.497787143782138841 ),
 .UNSPECIFIED. ) 
 CURVE ( )  GEOMETRIC_REPRESENTATION_ITEM ( )  RATIONAL_B_SPLINE_CURVE ( ( 1.000000000000000000, 0.9492530216741915661, 0.9492530216741915661, 1.000000000000000000 ) ) 
 REPRESENTATION_ITEM ( '' )  );
#1831 = FACE_OUTER_BOUND ( 'NONE', #3291, .T. ) ;
#1832 = ADVANCED_FACE ( 'NONE', ( #487 ), #2959, .T. ) ;
#1833 = DIRECTION ( 'NONE',  ( -1.000000000000000000, -0.0000000000000000000, 0.0000000000000000000 ) ) ;
#1834 = VERTEX_POINT ( 'NONE', #466 ) ;
#1835 = EDGE_LOOP ( 'NONE', ( #3255, #673, #3356, #1191, #2790, #2089, #242, #644, #232, #2398 ) ) ;
#1836 = DIRECTION ( 'NONE',  ( -0.7071067811865474617, 0.0000000000000000000, 0.7071067811865474617 ) ) ;
#1837 = CARTESIAN_POINT ( 'NONE',  ( 0.0000000000000000000, 2.000000000000000000, -3.500000000000000000 ) ) ;
#1838 = DIRECTION ( 'NONE',  ( 1.000000000000000000, 0.0000000000000000000, 0.0000000000000000000 ) ) ;
#1839 = ORIENTED_EDGE ( 'NONE', *, *, #2320, .F. ) ;
#1840 = ORIENTED_EDGE ( 'NONE', *, *, #581, .T. ) ;
#1841 = LINE ( 'NONE', #485, #3447 ) ;
#1842 = DIRECTION ( 'NONE',  ( 2.891205793294678326E-16, 0.0000000000000000000, 1.000000000000000000 ) ) ;
#1843 = AXIS2_PLACEMENT_3D ( 'NONE', #142, #3381, #1241 ) ;
#1844 = DIRECTION ( 'NONE',  ( 0.0000000000000000000, 0.0000000000000000000, -1.000000000000000000 ) ) ;
#1845 = DIRECTION ( 'NONE',  ( -0.0000000000000000000, -0.0000000000000000000, 1.000000000000000000 ) ) ;
#1846 = ADVANCED_FACE ( 'NONE', ( #3427 ), #1616, .T. ) ;
#1847 = ORIENTED_EDGE ( 'NONE', *, *, #1261, .T. ) ;
#1848 = DIRECTION ( 'NONE',  ( 0.7071067811865474617, -0.0000000000000000000, -0.7071067811865474617 ) ) ;
#1849 = DIRECTION ( 'NONE',  ( -0.0000000000000000000, 1.000000000000000000, -0.0000000000000000000 ) ) ;
#1850 =( GEOMETRIC_REPRESENTATION_CONTEXT ( 3 ) GLOBAL_UNCERTAINTY_ASSIGNED_CONTEXT ( ( #443 ) ) GLOBAL_UNIT_ASSIGNED_CONTEXT ( ( #1285, #1345, #298 ) ) REPRESENTATION_CONTEXT ( 'NONE', 'WORKASPACE' ) );
#1851 = VERTEX_POINT ( 'NONE', #1055 ) ;
#1852 = EDGE_CURVE ( 'NONE', #2881, #3348, #3228, .T. ) ;
#1853 = VERTEX_POINT ( 'NONE', #3181 ) ;
#1854 = CARTESIAN_POINT ( 'NONE',  ( -3.209654435482566015, 2.900000000000000355, -2.468414913520643239 ) ) ;
#1855 = FILL_AREA_STYLE ('',( #206 ) ) ;
#1856 = EDGE_CURVE ( 'NONE', #1925, #776, #718, .T. ) ;
#1857 = VERTEX_POINT ( 'NONE', #3216 ) ;
#1858 = ORIENTED_EDGE ( 'NONE', *, *, #363, .T. ) ;
#1859 = FACE_OUTER_BOUND ( 'NONE', #445, .T. ) ;
#1860 = SURFACE_STYLE_USAGE ( .BOTH. , #3425 ) ;
#1861 = FACE_OUTER_BOUND ( 'NONE', #2393, .T. ) ;
#1862 = CARTESIAN_POINT ( 'NONE',  ( 2.729289321881345209, 0.05000000000000012768, 4.250000000000000888 ) ) ;
#1863 = DIRECTION ( 'NONE',  ( 0.0000000000000000000, 1.000000000000000000, 0.0000000000000000000 ) ) ;
#1864 = VECTOR ( 'NONE', #2973, 1000.000000000000000 ) ;
#1865 = ORIENTED_EDGE ( 'NONE', *, *, #1135, .T. ) ;
#1866 = COLOUR_RGB ( '',0.6470588235294117974, 0.5176470588235293491, 0.0000000000000000000 ) ;
#1867 = CARTESIAN_POINT ( 'NONE',  ( 4.250000000000000000, 2.750000000000000444, -1.550000000000000044 ) ) ;
#1868 = FACE_OUTER_BOUND ( 'NONE', #2119, .T. ) ;
#1869 = LINE ( 'NONE', #1080, #2706 ) ;
#1870 = CIRCLE ( 'NONE', #2774, 1.000000000000000222 ) ;
#1871 = ORIENTED_EDGE ( 'NONE', *, *, #2094, .F. ) ;
#1872 = DIRECTION ( 'NONE',  ( -1.000000000000000000, 0.0000000000000000000, -0.0000000000000000000 ) ) ;
#1873 = ORIENTED_EDGE ( 'NONE', *, *, #2914, .T. ) ;
#1874 = DIRECTION ( 'NONE',  ( -0.0000000000000000000, 1.000000000000000000, 0.0000000000000000000 ) ) ;
#1875 = VECTOR ( 'NONE', #3466, 1000.000000000000000 ) ;
#1876 = FILL_AREA_STYLE_COLOUR ( '', #479 ) ;
#1877 = EDGE_CURVE ( 'NONE', #2567, #1471, #397, .T. ) ;
#1878 = CARTESIAN_POINT ( 'NONE',  ( 4.200000000000000178, 0.0000000000000000000, 2.800000000000000266 ) ) ;
#1879 = AXIS2_PLACEMENT_3D ( 'NONE', #141, #3345, #1227 ) ;
#1880 = ORIENTED_EDGE ( 'NONE', *, *, #3201, .T. ) ;
#1881 = EDGE_LOOP ( 'NONE', ( #493, #2759, #1922, #2643 ) ) ;
#1882 = DIRECTION ( 'NONE',  ( -0.7071067811865479058, -0.0000000000000000000, 0.7071067811865470176 ) ) ;
#1883 = EDGE_CURVE ( 'NONE', #1051, #1087, #735, .T. ) ;
#1884 = SPHERICAL_SURFACE ( 'NONE', #3278, 0.05000000000000000278 ) ;
#1886 = CARTESIAN_POINT ( 'NONE',  ( -2.764644660940672516, 0.01464466094067270671, -4.235355339059327484 ) ) ;
#1885 = VECTOR ( 'NONE', #768, 1000.000000000000000 ) ;
#1887 = LINE ( 'NONE', #832, #2201 ) ;
#1888 = CIRCLE ( 'NONE', #1083, 1.050000000000000044 ) ;
#1889 = VERTEX_POINT ( 'NONE', #1549 ) ;
#1890 = CARTESIAN_POINT ( 'NONE',  ( 4.250000000000000000, 0.05000000000000012768, 2.729289321881346098 ) ) ;
#1891 = CARTESIAN_POINT ( 'NONE',  ( -2.459654435482566015, 2.900000000000000355, -2.618414913520643150 ) ) ;
#1892 = SURFACE_STYLE_FILL_AREA ( #2445 ) ;
#1893 = ORIENTED_EDGE ( 'NONE', *, *, #1663, .F. ) ;
#1894 = SURFACE_STYLE_USAGE ( .BOTH. , #2967 ) ;
#1895 = EDGE_LOOP ( 'NONE', ( #1224, #2317, #700, #2088 ) ) ;
#1896 = DIRECTION ( 'NONE',  ( 1.000000000000000000, 0.0000000000000000000, 0.0000000000000000000 ) ) ;
#1897 = DIRECTION ( 'NONE',  ( 0.0000000000000000000, -1.000000000000000000, 0.0000000000000000000 ) ) ;
#1898 = ORIENTED_EDGE ( 'NONE', *, *, #825, .F. ) ;
#1899 = EDGE_CURVE ( 'NONE', #2565, #1926, #754, .T. ) ;
#1900 = ORIENTED_EDGE ( 'NONE', *, *, #2475, .T. ) ;
#1901 = CYLINDRICAL_SURFACE ( 'NONE', #1019, 3.500000000000000000 ) ;
#1902 = CARTESIAN_POINT ( 'NONE',  ( 4.200000000000000178, 2.700000000000000178, -1.500000000000000000 ) ) ;
#1903 = EDGE_CURVE ( 'NONE', #416, #1539, #3444, .T. ) ;
#1904 = DIRECTION ( 'NONE',  ( 0.0000000000000000000, 0.0000000000000000000, 1.000000000000000000 ) ) ;
#1905 = EDGE_CURVE ( 'NONE', #2999, #1926, #2506, .T. ) ;
#1906 = ORIENTED_EDGE ( 'NONE', *, *, #3486, .F. ) ;
#1907 = AXIS2_PLACEMENT_3D ( 'NONE', #1188, #3309, #3346 ) ;
#1908 = VECTOR ( 'NONE', #447, 1000.000000000000114 ) ;
#1909 = CARTESIAN_POINT ( 'NONE',  ( -2.459654435482566015, 3.000000000000000000, -2.618414913520643150 ) ) ;
#1910 = PLANE ( 'NONE',  #1509 ) ;
#1911 = FACE_OUTER_BOUND ( 'NONE', #2993, .T. ) ;
#1912 = ORIENTED_EDGE ( 'NONE', *, *, #1883, .T. ) ;
#1913 = EDGE_LOOP ( 'NONE', ( #1331, #746, #3028, #695 ) ) ;
#1914 = DIRECTION ( 'NONE',  ( -0.7071067811865474617, 0.0000000000000000000, -0.7071067811865474617 ) ) ;
#1915 = SURFACE_STYLE_FILL_AREA ( #533 ) ;
#1916 = VERTEX_POINT ( 'NONE', #1936 ) ;
#1917 = DIRECTION ( 'NONE',  ( 0.7071067811865527908, 0.0000000000000000000, 0.7071067811865422437 ) ) ;
#1918 = CYLINDRICAL_SURFACE ( 'NONE', #3393, 0.05000000000000012768 ) ;
#1919 = CARTESIAN_POINT ( 'NONE',  ( 4.250000000000000000, 2.720710678118654524, -1.520710678118654569 ) ) ;
#1920 = DIRECTION ( 'NONE',  ( 1.000000000000000000, 0.0000000000000000000, -0.0000000000000000000 ) ) ;
#1921 = DIRECTION ( 'NONE',  ( 0.0000000000000000000, -1.000000000000000000, 0.0000000000000000000 ) ) ;
#1922 = ORIENTED_EDGE ( 'NONE', *, *, #2366, .F. ) ;
#1923 =( LENGTH_UNIT ( ) NAMED_UNIT ( * ) SI_UNIT ( .MILLI., .METRE. ) );
#1924 = EDGE_CURVE ( 'NONE', #1288, #199, #2223, .T. ) ;
#1925 = VERTEX_POINT ( 'NONE', #1633 ) ;
#1926 = VERTEX_POINT ( 'NONE', #294 ) ;
#1927 = CARTESIAN_POINT ( 'NONE',  ( -4.200000000000000178, 2.949999999999999734, -2.729289321881344321 ) ) ;
#1928 = CYLINDRICAL_SURFACE ( 'NONE', #82, 0.04999999999999991257 ) ;
#1929 =( GEOMETRIC_REPRESENTATION_CONTEXT ( 3 ) GLOBAL_UNCERTAINTY_ASSIGNED_CONTEXT ( ( #28 ) ) GLOBAL_UNIT_ASSIGNED_CONTEXT ( ( #2566, #1165, #3319 ) ) REPRESENTATION_CONTEXT ( 'NONE', 'WORKASPACE' ) );
#1930 = ORIENTED_EDGE ( 'NONE', *, *, #2928, .T. ) ;
#1931 = VECTOR ( 'NONE', #1991, 1000.000000000000000 ) ;
#1932 = FACE_OUTER_BOUND ( 'NONE', #982, .T. ) ;
#1933 = DIRECTION ( 'NONE',  ( -0.0000000000000000000, 1.000000000000000000, -0.0000000000000000000 ) ) ;
#1934 = AXIS2_PLACEMENT_3D ( 'NONE', #2225, #783, #1872 ) ;
#1935 = DIRECTION ( 'NONE',  ( -0.0000000000000000000, 0.0000000000000000000, -1.000000000000000000 ) ) ;
#1936 = CARTESIAN_POINT ( 'NONE',  ( 0.0000000000000000000, 0.5000000000000000000, -3.500000000000000000 ) ) ;
#1937 = VECTOR ( 'NONE', #1882, 1000.000000000000114 ) ;
#1938 = CARTESIAN_POINT ( 'NONE',  ( -3.750000000000000444, 2.700000000000000178, 2.542893218813453426 ) ) ;
#1939 = AXIS2_PLACEMENT_3D ( 'NONE', #3113, #2545, #2799 ) ;
#1940 = ORIENTED_EDGE ( 'NONE', *, *, #1237, .T. ) ;
#1941 = ADVANCED_FACE ( 'NONE', ( #3041, #1704 ), #880, .F. ) ;
#1942 = DIRECTION ( 'NONE',  ( 0.0000000000000000000, 0.0000000000000000000, -1.000000000000000000 ) ) ;
#1943 = ORIENTED_EDGE ( 'NONE', *, *, #2934, .T. ) ;
#1944 = ORIENTED_EDGE ( 'NONE', *, *, #2809, .F. ) ;
#1945 = VECTOR ( 'NONE', #1399, 1000.000000000000114 ) ;
#1946 = EDGE_CURVE ( 'NONE', #328, #1539, #3384, .T. ) ;
#1947 = CARTESIAN_POINT ( 'NONE',  ( -2.459654435482566015, 2.900000000000000355, -1.618414913520642928 ) ) ;
#1948 = PRESENTATION_STYLE_ASSIGNMENT (( #2140 ) ) ;
#1949 = EDGE_LOOP ( 'NONE', ( #1271, #3448, #1088, #1569 ) ) ;
#1950 = DIRECTION ( 'NONE',  ( 0.7071067811865475727, -0.0000000000000000000, 0.7071067811865475727 ) ) ;
#1951 = UNCERTAINTY_MEASURE_WITH_UNIT (LENGTH_MEASURE( 1.000000000000000082E-05 ), #2390, 'distance_accuracy_value', 'NONE');
#1952 = CYLINDRICAL_SURFACE ( 'NONE', #57, 0.05000000000000007216 ) ;
#1953 =( BOUNDED_CURVE ( )  B_SPLINE_CURVE ( 3, ( #962, #2316, #423, #976 ),
 .UNSPECIFIED., .F., .T. ) 
 B_SPLINE_CURVE_WITH_KNOTS ( ( 4, 4 ),
 ( 0.7853981633974482790, 1.570796326794896558 ),
 .UNSPECIFIED. ) 
 CURVE ( )  GEOMETRIC_REPRESENTATION_ITEM ( )  RATIONAL_B_SPLINE_CURVE ( ( 1.000000000000000000, 0.9492530216741911220, 0.9492530216741911220, 1.000000000000000000 ) ) 
 REPRESENTATION_ITEM ( '' )  );
#1954 = FILL_AREA_STYLE ('',( #864 ) ) ;
#1955 = CARTESIAN_POINT ( 'NONE',  ( 4.235969583392052762, 0.2000000000000000111, 2.999999999999980904 ) ) ;
#1956 = FACE_OUTER_BOUND ( 'NONE', #2912, .T. ) ;
#1957 =( NAMED_UNIT ( * ) SI_UNIT ( $, .STERADIAN. ) SOLID_ANGLE_UNIT ( ) );
#1958 = VERTEX_POINT ( 'NONE', #2455 ) ;
#1959 = LINE ( 'NONE', #1419, #652 ) ;
#1960 =( NAMED_UNIT ( * ) PLANE_ANGLE_UNIT ( ) SI_UNIT ( $, .RADIAN. ) );
#1961 = EDGE_CURVE ( 'NONE', #1539, #1834, #846, .T. ) ;
#1962 = ORIENTED_EDGE ( 'NONE', *, *, #415, .F. ) ;
#1963 = STYLED_ITEM ( 'NONE', ( #1276 ), #2736 ) ;
#1964 = ORIENTED_EDGE ( 'NONE', *, *, #1750, .T. ) ;
#1965 = PLANE ( 'NONE',  #724 ) ;
#1966 = CARTESIAN_POINT ( 'NONE',  ( 4.250000000000000000, 2.949999999999999734, -2.729289321881344321 ) ) ;
#1967 = STYLED_ITEM ( 'NONE', ( #1948 ), #3011 ) ;
#1968 = ADVANCED_FACE ( 'NONE', ( #308 ), #1672, .T. ) ;
#1969 = VERTEX_POINT ( 'NONE', #2472 ) ;
#1970 = DIRECTION ( 'NONE',  ( 0.7071067811865473507, -0.0000000000000000000, 0.7071067811865477948 ) ) ;
#1971 = PRESENTATION_STYLE_ASSIGNMENT (( #1143 ) ) ;
#1972 = CARTESIAN_POINT ( 'NONE',  ( 1.700961894323337775, 2.979289321881345209, -0.7499999999999922284 ) ) ;
#1973 = DIRECTION ( 'NONE',  ( -1.000000000000000000, -0.0000000000000000000, -1.445602896647339706E-15 ) ) ;
#1974 = CARTESIAN_POINT ( 'NONE',  ( 0.0000000000000000000, 2.000000000000000000, 0.0000000000000000000 ) ) ;
#1975 = VERTEX_POINT ( 'NONE', #2989 ) ;
#1976 = DIRECTION ( 'NONE',  ( 0.7071067811865477948, 0.0000000000000000000, -0.7071067811865473507 ) ) ;
#1977 = DIRECTION ( 'NONE',  ( 0.0000000000000000000, 0.0000000000000000000, -1.000000000000000000 ) ) ;
#1978 = FACE_OUTER_BOUND ( 'NONE', #523, .T. ) ;
#1979 = VERTEX_POINT ( 'NONE', #3024 ) ;
#1980 = FACE_OUTER_BOUND ( 'NONE', #1881, .T. ) ;
#1981 = CARTESIAN_POINT ( 'NONE',  ( -4.235355339059328372, 3.000000000000000000, -2.764644660940671628 ) ) ;
#1982 = VECTOR ( 'NONE', #910, 1000.000000000000114 ) ;
#1983 = EDGE_LOOP ( 'NONE', ( #1522, #244, #1281, #470 ) ) ;
#1984 = CARTESIAN_POINT ( 'NONE',  ( -4.249999999999996447, 0.2000000000000000111, -3.000000000000009770 ) ) ;
#1985 = VECTOR ( 'NONE', #1779, 1000.000000000000114 ) ;
#1986 = ADVANCED_FACE ( 'NONE', ( #1654 ), #322, .T. ) ;
#1987 = CARTESIAN_POINT ( 'NONE',  ( 2.764644660940672072, 2.949999999999999734, -4.235355339059327484 ) ) ;
#1988 =( LENGTH_UNIT ( ) NAMED_UNIT ( * ) SI_UNIT ( .MILLI., .METRE. ) );
#1989 = DIRECTION ( 'NONE',  ( -0.0000000000000000000, -0.0000000000000000000, -1.000000000000000000 ) ) ;
#1990 = ADVANCED_FACE ( 'NONE', ( #3352 ), #1787, .T. ) ;
#1991 = DIRECTION ( 'NONE',  ( -0.0000000000000000000, 1.000000000000000000, -0.0000000000000000000 ) ) ;
#1992 = VECTOR ( 'NONE', #1510, 1000.000000000000114 ) ;
#1994 = VECTOR ( 'NONE', #3100, 1000.000000000000000 ) ;
#1993 =( LENGTH_UNIT ( ) NAMED_UNIT ( * ) SI_UNIT ( .MILLI., .METRE. ) );
#1995 = ORIENTED_EDGE ( 'NONE', *, *, #128, .T. ) ;
#1996 = DIRECTION ( 'NONE',  ( 0.0000000000000000000, 0.0000000000000000000, 1.000000000000000000 ) ) ;
#1997 = AXIS2_PLACEMENT_3D ( 'NONE', #2063, #3371, #2870 ) ;
#1998 = EDGE_LOOP ( 'NONE', ( #2519, #2982, #231, #408 ) ) ;
#1999 = VECTOR ( 'NONE', #1702, 1000.000000000000114 ) ;
#2000 = CARTESIAN_POINT ( 'NONE',  ( 4.200000000000000178, 1.700000000000000178, -1.500000000000000000 ) ) ;
#2001 = CARTESIAN_POINT ( 'NONE',  ( -3.000000000000000888, 0.2000000000000000111, 4.250000000000001776 ) ) ;
#2002 = ORIENTED_EDGE ( 'NONE', *, *, #1135, .F. ) ;
#2003 = EDGE_LOOP ( 'NONE', ( #1871, #2605, #2044, #2551 ) ) ;
#2004 = LINE ( 'NONE', #3107, #1567 ) ;
#2005 = SURFACE_STYLE_FILL_AREA ( #2816 ) ;
#2006 = EDGE_CURVE ( 'NONE', #3033, #1916, #449, .T. ) ;
#2007 = LINE ( 'NONE', #1431, #1290 ) ;
#2008 = EDGE_CURVE ( 'NONE', #122, #1693, #2837, .T. ) ;
#2009 = COLOUR_RGB ( '',0.6470588235294117974, 0.5176470588235293491, 0.0000000000000000000 ) ;
#2010 = ORIENTED_EDGE ( 'NONE', *, *, #1340, .T. ) ;
#2011 = CARTESIAN_POINT ( 'NONE',  ( -2.874999999999992895, 0.0000000000000000000, -4.125000000000007105 ) ) ;
#2012 = CARTESIAN_POINT ( 'NONE',  ( -3.750000000000000444, 2.700000000000000178, 2.542893218813453426 ) ) ;
#2013 = CARTESIAN_POINT ( 'NONE',  ( 0.0000000000000000000, 2.000000000000000000, -1.000000000000000000 ) ) ;
#2014 = ADVANCED_FACE ( 'NONE', ( #689 ), #951, .F. ) ;
#2015 = ORIENTED_EDGE ( 'NONE', *, *, #999, .F. ) ;
#2016 = DIRECTION ( 'NONE',  ( 0.0000000000000000000, 1.000000000000000000, 0.0000000000000000000 ) ) ;
#2017 = CARTESIAN_POINT ( 'NONE',  ( -3.000000000000029754, -0.0000000000000000000, -4.250000000000044409 ) ) ;
#2018 = LINE ( 'NONE', #1981, #649 ) ;
#2019 = AXIS2_PLACEMENT_3D ( 'NONE', #384, #2810, #2829 ) ;
#2020 = ORIENTED_EDGE ( 'NONE', *, *, #2366, .T. ) ;
#2021 = ORIENTED_EDGE ( 'NONE', *, *, #1490, .T. ) ;
#2022 = AXIS2_PLACEMENT_3D ( 'NONE', #2228, #3303, #1115 ) ;
#2023 = CARTESIAN_POINT ( 'NONE',  ( 4.200000000000000178, 0.0000000000000000000, -2.799999999999998934 ) ) ;
#2024 = DIRECTION ( 'NONE',  ( 0.7071067811865474617, -0.0000000000000000000, -0.7071067811865474617 ) ) ;
#2025 = DIRECTION ( 'NONE',  ( 0.0000000000000000000, 0.0000000000000000000, 1.000000000000000000 ) ) ;
#2026 = CARTESIAN_POINT ( 'NONE',  ( 1.700961894323337997, 2.900000000000000355, 0.7500000000000078826 ) ) ;
#2027 = ORIENTED_EDGE ( 'NONE', *, *, #1905, .F. ) ;
#2028 = CARTESIAN_POINT ( 'NONE',  ( -2.729289321881343877, 2.949999999999999734, -4.200000000000000178 ) ) ;
#2029 =( NAMED_UNIT ( * ) SI_UNIT ( $, .STERADIAN. ) SOLID_ANGLE_UNIT ( ) );
#2030 = EDGE_CURVE ( 'NONE', #1238, #2415, #127, .T. ) ;
#2031 = DIRECTION ( 'NONE',  ( 0.0000000000000000000, 0.0000000000000000000, -1.000000000000000000 ) ) ;
#2032 = EDGE_LOOP ( 'NONE', ( #1137, #39, #2287, #1417 ) ) ;
#2033 = DIRECTION ( 'NONE',  ( 0.0000000000000000000, 0.0000000000000000000, -1.000000000000000000 ) ) ;
#2034 = SURFACE_STYLE_USAGE ( .BOTH. , #1268 ) ;
#2035 = CARTESIAN_POINT ( 'NONE',  ( 4.200000000000000178, 1.700000000000000178, 1.500000000000000000 ) ) ;
#2036 = EDGE_CURVE ( 'NONE', #770, #2464, #396, .T. ) ;
#2037 = LINE ( 'NONE', #335, #1158 ) ;
#2038 = VERTEX_POINT ( 'NONE', #2583 ) ;
#2039 = FACE_OUTER_BOUND ( 'NONE', #741, .T. ) ;
#2040 = CARTESIAN_POINT ( 'NONE',  ( 2.985969583392024784, 0.2000000000000000111, -4.250000000000053291 ) ) ;
#2041 = LINE ( 'NONE', #359, #2107 ) ;
#2042 = CIRCLE ( 'NONE', #787, 0.05000000000000007216 ) ;
#2043 = MECHANICAL_DESIGN_GEOMETRIC_PRESENTATION_REPRESENTATION (  '', ( #2307 ), #619 ) ;
#2044 = ORIENTED_EDGE ( 'NONE', *, *, #1592, .T. ) ;
#2045 = CARTESIAN_POINT ( 'NONE',  ( -2.609654435482565926, 2.900000000000000355, -1.868414913520642928 ) ) ;
#2046 = FILL_AREA_STYLE ('',( #2347 ) ) ;
#2047 = VECTOR ( 'NONE', #1729, 1000.000000000000000 ) ;
#2048 = EDGE_CURVE ( 'NONE', #1889, #1857, #2041, .T. ) ;
#2049 = ORIENTED_EDGE ( 'NONE', *, *, #2159, .T. ) ;
#2050 = CARTESIAN_POINT ( 'NONE',  ( 1.700961894323337997, 2.900000000000000355, 0.7500000000000078826 ) ) ;
#2051 = STYLED_ITEM ( 'NONE', ( #3251 ), #1968 ) ;
#2052 = CARTESIAN_POINT ( 'NONE',  ( -2.729289321881345209, 0.05000000000000012768, 4.250000000000000888 ) ) ;
#2053 = CYLINDRICAL_SURFACE ( 'NONE', #334, 1.000000000000000222 ) ;
#2054 = CARTESIAN_POINT ( 'NONE',  ( 3.000000000000000000, 2.900000000000000355, 0.0000000000000000000 ) ) ;
#2055 = ORIENTED_EDGE ( 'NONE', *, *, #1592, .F. ) ;
#2056 =( GEOMETRIC_REPRESENTATION_CONTEXT ( 3 ) GLOBAL_UNCERTAINTY_ASSIGNED_CONTEXT ( ( #3388 ) ) GLOBAL_UNIT_ASSIGNED_CONTEXT ( ( #1544, #2325, #1260 ) ) REPRESENTATION_CONTEXT ( 'NONE', 'WORKASPACE' ) );
#2057 = EDGE_CURVE ( 'NONE', #2859, #2893, #1525, .T. ) ;
#2058 = VERTEX_POINT ( 'NONE', #147 ) ;
#2059 =( NAMED_UNIT ( * ) PLANE_ANGLE_UNIT ( ) SI_UNIT ( $, .RADIAN. ) );
#2060 = LINE ( 'NONE', #667, #361 ) ;
#2061 = COLOUR_RGB ( '',0.6470588235294117974, 0.6196078431372549211, 0.5882352941176470784 ) ;
#2062 = DIRECTION ( 'NONE',  ( 0.0000000000000000000, 1.000000000000000000, 0.0000000000000000000 ) ) ;
#2063 = CARTESIAN_POINT ( 'NONE',  ( 0.0000000000000000000, 2.700000000000000178, 0.0000000000000000000 ) ) ;
#2064 = SURFACE_SIDE_STYLE ('',( #2343 ) ) ;
#2065 = CARTESIAN_POINT ( 'NONE',  ( -4.249999999999996447, 0.2000000000000000111, -3.000000000000009770 ) ) ;
#2066 = DIRECTION ( 'NONE',  ( 1.000000000000000000, 0.0000000000000000000, -0.0000000000000000000 ) ) ;
#2067 = VERTEX_POINT ( 'NONE', #2290 ) ;
#2068 = FACE_OUTER_BOUND ( 'NONE', #2806, .T. ) ;
#2069 = CARTESIAN_POINT ( 'NONE',  ( -2.750000000000000444, 0.05000000000000012768, -4.200000000000000178 ) ) ;
#2070 = ADVANCED_FACE ( 'NONE', ( #1232 ), #1452, .F. ) ;
#2071 = MECHANICAL_DESIGN_GEOMETRIC_PRESENTATION_REPRESENTATION (  '', ( #2222 ), #2076 ) ;
#2072 = EDGE_LOOP ( 'NONE', ( #1454, #3015, #49, #2794 ) ) ;
#2073 = CARTESIAN_POINT ( 'NONE',  ( -3.209654435482566015, 2.900000000000000355, -2.768414913520643061 ) ) ;
#2074 = CARTESIAN_POINT ( 'NONE',  ( 4.200000000000000178, 2.949999999999999734, 2.729289321881344765 ) ) ;
#2075 = EDGE_CURVE ( 'NONE', #1288, #2141, #1161, .T. ) ;
#2076 =( GEOMETRIC_REPRESENTATION_CONTEXT ( 3 ) GLOBAL_UNCERTAINTY_ASSIGNED_CONTEXT ( ( #666 ) ) GLOBAL_UNIT_ASSIGNED_CONTEXT ( ( #406, #437, #2333 ) ) REPRESENTATION_CONTEXT ( 'NONE', 'WORKASPACE' ) );
#2077 = FACE_OUTER_BOUND ( 'NONE', #716, .T. ) ;
#2078 = ORIENTED_EDGE ( 'NONE', *, *, #177, .F. ) ;
#2079 = AXIS2_PLACEMENT_3D ( 'NONE', #1891, #222, #2680 ) ;
#2080 = LINE ( 'NONE', #163, #161 ) ;
#2081 = EDGE_CURVE ( 'NONE', #873, #3114, #3074, .T. ) ;
#2082 = STYLED_ITEM ( 'NONE', ( #3245 ), #3040 ) ;
#2083 = SURFACE_STYLE_FILL_AREA ( #1321 ) ;
#2084 = ORIENTED_EDGE ( 'NONE', *, *, #2696, .F. ) ;
#2085 = CARTESIAN_POINT ( 'NONE',  ( 4.235355339059328372, 3.000000000000000000, -2.764644660940671628 ) ) ;
#2086 = DIRECTION ( 'NONE',  ( 0.4999999999999947820, 0.0000000000000000000, -0.8660254037844417052 ) ) ;
#2087 = CARTESIAN_POINT ( 'NONE',  ( -4.250000000000000000, 0.05000000000000012768, -2.729289321881344321 ) ) ;
#2088 = ORIENTED_EDGE ( 'NONE', *, *, #2279, .F. ) ;
#2089 = ORIENTED_EDGE ( 'NONE', *, *, #150, .T. ) ;
#2090 = CARTESIAN_POINT ( 'NONE',  ( -2.755142521051217042, 0.02414680083012838568, 4.244857478948784291 ) ) ;
#2091 = FACE_BOUND ( 'NONE', #3362, .T. ) ;
#2092 = DIRECTION ( 'NONE',  ( -1.000000000000000000, 0.0000000000000000000, 6.938893903907227392E-16 ) ) ;
#2093 = ORIENTED_EDGE ( 'NONE', *, *, #586, .T. ) ;
#2094 = EDGE_CURVE ( 'NONE', #621, #96, #2817, .T. ) ;
#2095 = CARTESIAN_POINT ( 'NONE',  ( 3.041421356237310469, 3.000000000000000000, -2.736315845265978474E-16 ) ) ;
#2096 = STYLED_ITEM ( 'NONE', ( #426 ), #149 ) ;
#2097 = DIRECTION ( 'NONE',  ( 0.0000000000000000000, 0.0000000000000000000, 1.000000000000000000 ) ) ;
#2098 = TOROIDAL_SURFACE ( 'NONE', #2148, 1.050000000000000044, 0.05000000000000000278 ) ;
#2099 = ORIENTED_EDGE ( 'NONE', *, *, #2850, .T. ) ;
#2100 = DIRECTION ( 'NONE',  ( 0.0000000000000000000, 0.0000000000000000000, 1.000000000000000000 ) ) ;
#2101 = PLANE ( 'NONE',  #2523 ) ;
#2102 = ORIENTED_EDGE ( 'NONE', *, *, #261, .T. ) ;
#2103 = ORIENTED_EDGE ( 'NONE', *, *, #2854, .F. ) ;
#2104 = AXIS2_PLACEMENT_3D ( 'NONE', #3462, #1337, #2417 ) ;
#2105 = CARTESIAN_POINT ( 'NONE',  ( -3.000000000000000888, 0.2000000000000000111, 4.250000000000001776 ) ) ;
#2106 = CARTESIAN_POINT ( 'NONE',  ( -4.249999999999992895, 0.2000000000000000111, -4.250000000000048850 ) ) ;
#2107 = VECTOR ( 'NONE', #1491, 1000.000000000000000 ) ;
#2108 = ORIENTED_EDGE ( 'NONE', *, *, #2356, .T. ) ;
#2109 = ORIENTED_EDGE ( 'NONE', *, *, #74, .F. ) ;
#2110 =( GEOMETRIC_REPRESENTATION_CONTEXT ( 3 ) GLOBAL_UNCERTAINTY_ASSIGNED_CONTEXT ( ( #1014 ) ) GLOBAL_UNIT_ASSIGNED_CONTEXT ( ( #1429, #1175, #1450 ) ) REPRESENTATION_CONTEXT ( 'NONE', 'WORKASPACE' ) );
#2111 = EDGE_CURVE ( 'NONE', #2464, #747, #1078, .T. ) ;
#2112 = CARTESIAN_POINT ( 'NONE',  ( 1.700961894323337553, 2.900000000000000355, -0.7499999999999921174 ) ) ;
#2113 = FILL_AREA_STYLE_COLOUR ( '', #2599 ) ;
#2114 = ADVANCED_FACE ( 'NONE', ( #830 ), #1884, .T. ) ;
#2115 = ORIENTED_EDGE ( 'NONE', *, *, #258, .T. ) ;
#2116 = CARTESIAN_POINT ( 'NONE',  ( 2.729289321881344765, 2.949999999999999734, 4.200000000000001066 ) ) ;
#2117 = DIRECTION ( 'NONE',  ( 0.7071067811865474617, 0.0000000000000000000, -0.7071067811865474617 ) ) ;
#2118 = ADVANCED_FACE ( 'NONE', ( #1861 ), #13, .T. ) ;
#2119 = EDGE_LOOP ( 'NONE', ( #2776, #1865, #3455, #2411 ) ) ;
#2120 = VERTEX_POINT ( 'NONE', #2988 ) ;
#2121 = CARTESIAN_POINT ( 'NONE',  ( 0.0000000000000000000, 3.000000000000000000, 0.0000000000000000000 ) ) ;
#2122 = CARTESIAN_POINT ( 'NONE',  ( -2.774146800830128434, 0.005142521051217153506, -4.225853199169871566 ) ) ;
#2123 = ORIENTED_EDGE ( 'NONE', *, *, #3097, .F. ) ;
#2124 = ORIENTED_EDGE ( 'NONE', *, *, #2421, .T. ) ;
#2125 = DIRECTION ( 'NONE',  ( -0.0000000000000000000, -0.0000000000000000000, -1.000000000000000000 ) ) ;
#2126 = CARTESIAN_POINT ( 'NONE',  ( 2.542893218813452538, 0.5000000000000000000, -3.749999999999999556 ) ) ;
#2127 = PLANE ( 'NONE',  #912 ) ;
#2128 = AXIS2_PLACEMENT_3D ( 'NONE', #2012, #885, #1977 ) ;
#2129 = DIRECTION ( 'NONE',  ( 0.0000000000000000000, 1.000000000000000000, 0.0000000000000000000 ) ) ;
#2130 = EDGE_CURVE ( 'NONE', #259, #2567, #2267, .T. ) ;
#2131 = DIRECTION ( 'NONE',  ( 0.0000000000000000000, 0.0000000000000000000, -1.000000000000000000 ) ) ;
#2132 = VERTEX_POINT ( 'NONE', #1375 ) ;
#2133 = ADVANCED_FACE ( 'NONE', ( #2144 ), #2127, .F. ) ;
#2134 =( LENGTH_UNIT ( ) NAMED_UNIT ( * ) SI_UNIT ( .MILLI., .METRE. ) );
#2135 = CARTESIAN_POINT ( 'NONE',  ( 2.750000000000000444, 0.0000000000000000000, -4.249999999999999112 ) ) ;
#2136 = CARTESIAN_POINT ( 'NONE',  ( 2.542893218813452538, 2.700000000000000178, 3.750000000000001332 ) ) ;
#2137 = ORIENTED_EDGE ( 'NONE', *, *, #2783, .F. ) ;
#2138 = EDGE_CURVE ( 'NONE', #871, #1641, #2958, .T. ) ;
#2139 = PLANE ( 'NONE',  #1004 ) ;
#2140 = SURFACE_STYLE_USAGE ( .BOTH. , #570 ) ;
#2141 = VERTEX_POINT ( 'NONE', #2729 ) ;
#2142 = ORIENTED_EDGE ( 'NONE', *, *, #1152, .F. ) ;
#2143 = CARTESIAN_POINT ( 'NONE',  ( -3.000000000000000888, 0.0000000000000000000, 4.250000000000001776 ) ) ;
#2144 = FACE_OUTER_BOUND ( 'NONE', #3273, .T. ) ;
#2145 = DIRECTION ( 'NONE',  ( 0.0000000000000000000, 0.0000000000000000000, 1.000000000000000000 ) ) ;
#2146 = CARTESIAN_POINT ( 'NONE',  ( -1.709654435482566015, 3.000000000000000000, -2.768414913520643061 ) ) ;
#2147 = ORIENTED_EDGE ( 'NONE', *, *, #2783, .T. ) ;
#2148 = AXIS2_PLACEMENT_3D ( 'NONE', #710, #1518, #989 ) ;
#2149 = DIRECTION ( 'NONE',  ( 0.0000000000000000000, 1.000000000000000000, -0.0000000000000000000 ) ) ;
#2150 = PRESENTATION_STYLE_ASSIGNMENT (( #1079 ) ) ;
#2151 = CARTESIAN_POINT ( 'NONE',  ( -4.249999999999996447, 0.2000000000000000111, -3.000000000000009770 ) ) ;
#2152 = ORIENTED_EDGE ( 'NONE', *, *, #1615, .T. ) ;
#2153 = DIRECTION ( 'NONE',  ( 0.7071067811865473507, 0.0000000000000000000, 0.7071067811865477948 ) ) ;
#2154 = VERTEX_POINT ( 'NONE', #2454 ) ;
#2155 = FACE_OUTER_BOUND ( 'NONE', #2187, .T. ) ;
#2156 = AXIS2_PLACEMENT_3D ( 'NONE', #612, #596, #2025 ) ;
#2157 = DIRECTION ( 'NONE',  ( -0.7071067811865475727, 0.0000000000000000000, 0.7071067811865475727 ) ) ;
#2158 = CARTESIAN_POINT ( 'NONE',  ( -3.750000000000000444, 2.700000000000000178, -2.542893218813451650 ) ) ;
#2159 = EDGE_CURVE ( 'NONE', #2132, #3193, #1449, .T. ) ;
#2160 = ORIENTED_EDGE ( 'NONE', *, *, #676, .F. ) ;
#2161 = DIRECTION ( 'NONE',  ( 0.0000000000000000000, -1.000000000000000000, 0.0000000000000000000 ) ) ;
#2162 = VECTOR ( 'NONE', #707, 1000.000000000000000 ) ;
#2164 =( LENGTH_UNIT ( ) NAMED_UNIT ( * ) SI_UNIT ( .MILLI., .METRE. ) );
#2163 =( GEOMETRIC_REPRESENTATION_CONTEXT ( 3 ) GLOBAL_UNCERTAINTY_ASSIGNED_CONTEXT ( ( #190 ) ) GLOBAL_UNIT_ASSIGNED_CONTEXT ( ( #1988, #463, #2902 ) ) REPRESENTATION_CONTEXT ( 'NONE', 'WORKASPACE' ) );
#2165 =( LENGTH_UNIT ( ) NAMED_UNIT ( * ) SI_UNIT ( .MILLI., .METRE. ) );
#2166 =( GEOMETRIC_REPRESENTATION_CONTEXT ( 3 ) GLOBAL_UNCERTAINTY_ASSIGNED_CONTEXT ( ( #1951 ) ) GLOBAL_UNIT_ASSIGNED_CONTEXT ( ( #2390, #2965, #2662 ) ) REPRESENTATION_CONTEXT ( 'NONE', 'WORKASPACE' ) );
#2167 = ORIENTED_EDGE ( 'NONE', *, *, #981, .T. ) ;
#2168 = DIRECTION ( 'NONE',  ( 1.000000000000000000, 0.0000000000000000000, 0.0000000000000000000 ) ) ;
#2169 = DIRECTION ( 'NONE',  ( 1.000000000000000000, 0.0000000000000000000, 0.0000000000000000000 ) ) ;
#2170 = ORIENTED_EDGE ( 'NONE', *, *, #3247, .T. ) ;
#2171 = ORIENTED_EDGE ( 'NONE', *, *, #1366, .T. ) ;
#2172 = CARTESIAN_POINT ( 'NONE',  ( -2.729289321881345209, 3.000000000000000000, 4.200000000000001066 ) ) ;
#2173 = DIRECTION ( 'NONE',  ( 0.0000000000000000000, -0.0000000000000000000, -1.000000000000000000 ) ) ;
#2174 = EDGE_LOOP ( 'NONE', ( #60, #424 ) ) ;
#2175 = DIRECTION ( 'NONE',  ( -0.7071067811865474617, -2.602085213965206855E-14, 0.7071067811865474617 ) ) ;
#2176 = EDGE_CURVE ( 'NONE', #979, #731, #2315, .T. ) ;
#2177 = FACE_OUTER_BOUND ( 'NONE', #2547, .T. ) ;
#2178 = CARTESIAN_POINT ( 'NONE',  ( 1.680251216204683429, 3.000000000000000888, -0.7858719467607070408 ) ) ;
#2179 = ADVANCED_FACE ( 'NONE', ( #486 ), #1580, .F. ) ;
#2180 = AXIS2_PLACEMENT_3D ( 'NONE', #1460, #3365, #2532 ) ;
#2181 = ORIENTED_EDGE ( 'NONE', *, *, #2803, .F. ) ;
#2182 = FACE_OUTER_BOUND ( 'NONE', #802, .T. ) ;
#2183 = PRESENTATION_STYLE_ASSIGNMENT (( #2194 ) ) ;
#2184 = ORIENTED_EDGE ( 'NONE', *, *, #324, .T. ) ;
#2185 = ORIENTED_EDGE ( 'NONE', *, *, #2279, .T. ) ;
#2186 = LINE ( 'NONE', #3275, #1647 ) ;
#2187 = EDGE_LOOP ( 'NONE', ( #2286, #3212, #337, #531 ) ) ;
#2188 = FACE_OUTER_BOUND ( 'NONE', #501, .T. ) ;
#2189 = LINE ( 'NONE', #11, #164 ) ;
#2190 = EDGE_CURVE ( 'NONE', #1422, #75, #2382, .T. ) ;
#2191 = ADVANCED_FACE ( 'NONE', ( #1319 ), #2400, .T. ) ;
#2192 = EDGE_LOOP ( 'NONE', ( #401, #1582, #2214, #3338, #2812, #1636, #404, #3148 ) ) ;
#2193 = CARTESIAN_POINT ( 'NONE',  ( -3.000000000000000888, 0.2000000000000000111, 4.250000000000001776 ) ) ;
#2194 = SURFACE_STYLE_USAGE ( .BOTH. , #223 ) ;
#2195 = ORIENTED_EDGE ( 'NONE', *, *, #482, .T. ) ;
#2196 = VECTOR ( 'NONE', #3293, 1000.000000000000000 ) ;
#2197 = EDGE_LOOP ( 'NONE', ( #1082, #2945, #315, #835 ) ) ;
#2198 = CARTESIAN_POINT ( 'NONE',  ( 1.700961894323337997, 2.900000000000000355, 0.7500000000000078826 ) ) ;
#2199 = MECHANICAL_DESIGN_GEOMETRIC_PRESENTATION_REPRESENTATION (  '', ( #728 ), #1125 ) ;
#2200 = ORIENTED_EDGE ( 'NONE', *, *, #3375, .F. ) ;
#2201 = VECTOR ( 'NONE', #1656, 1000.000000000000000 ) ;
#2202 = VERTEX_POINT ( 'NONE', #2255 ) ;
#2203 = DIRECTION ( 'NONE',  ( -0.7071067811865474617, 0.0000000000000000000, 0.7071067811865474617 ) ) ;
#2204 = DIRECTION ( 'NONE',  ( 0.0000000000000000000, -1.000000000000000000, 0.0000000000000000000 ) ) ;
#2205 = EDGE_CURVE ( 'NONE', #2929, #199, #93, .T. ) ;
#2206 = COLOUR_RGB ( '',0.6470588235294117974, 0.6196078431372549211, 0.5882352941176470784 ) ;
#2207 = ORIENTED_EDGE ( 'NONE', *, *, #1056, .T. ) ;
#2208 = CYLINDRICAL_SURFACE ( 'NONE', #3218, 0.05000000000000007216 ) ;
#2209 = VECTOR ( 'NONE', #1917, 1000.000000000000000 ) ;
#2210 = PLANE ( 'NONE',  #2128 ) ;
#2211 = EDGE_CURVE ( 'NONE', #2861, #947, #1687, .T. ) ;
#2212 = LINE ( 'NONE', #85, #1945 ) ;
#2213 = AXIS2_PLACEMENT_3D ( 'NONE', #70, #350, #2264 ) ;
#2214 = ORIENTED_EDGE ( 'NONE', *, *, #634, .T. ) ;
#2215 = ORIENTED_EDGE ( 'NONE', *, *, #1686, .T. ) ;
#2216 = CARTESIAN_POINT ( 'NONE',  ( 4.200000000000000178, 0.0000000000000000000, 0.0000000000000000000 ) ) ;
#2217 = EDGE_CURVE ( 'NONE', #3220, #162, #2611, .T. ) ;
#2218 = LINE ( 'NONE', #3036, #2691 ) ;
#2219 = ORIENTED_EDGE ( 'NONE', *, *, #852, .F. ) ;
#2220 = SURFACE_STYLE_USAGE ( .BOTH. , #1142 ) ;
#2221 = CARTESIAN_POINT ( 'NONE',  ( -3.750000000000000444, 0.5000000000000000000, 2.542893218813453426 ) ) ;
#2222 = STYLED_ITEM ( 'NONE', ( #1255 ), #2468 ) ;
#2223 = LINE ( 'NONE', #2779, #1021 ) ;
#2224 = SPHERICAL_SURFACE ( 'NONE', #385, 0.05000000000000000278 ) ;
#2225 = CARTESIAN_POINT ( 'NONE',  ( -2.750000000000000444, 3.000000000000000000, 4.250000000000000888 ) ) ;
#2226 = ORIENTED_EDGE ( 'NONE', *, *, #90, .F. ) ;
#2227 = SURFACE_SIDE_STYLE ('',( #599 ) ) ;
#2228 = CARTESIAN_POINT ( 'NONE',  ( 0.0000000000000000000, 2.200000000000000178, 0.0000000000000000000 ) ) ;
#2229 = LINE ( 'NONE', #1725, #403 ) ;
#2230 = ORIENTED_EDGE ( 'NONE', *, *, #3314, .F. ) ;
#2231 = EDGE_CURVE ( 'NONE', #2422, #2233, #2796, .T. ) ;
#2232 = VECTOR ( 'NONE', #2169, 1000.000000000000000 ) ;
#2233 = VERTEX_POINT ( 'NONE', #1160 ) ;
#2234 = PLANE ( 'NONE',  #1468 ) ;
#2235 = DIRECTION ( 'NONE',  ( 0.0000000000000000000, 1.000000000000000000, 0.0000000000000000000 ) ) ;
#2236 = PRESENTATION_LAYER_ASSIGNMENT (  '', '', ( #1967 ) ) ;
#2237 = ADVANCED_FACE ( 'NONE', ( #2762 ), #2777, .T. ) ;
#2238 = ORIENTED_EDGE ( 'NONE', *, *, #2428, .F. ) ;
#2239 = CARTESIAN_POINT ( 'NONE',  ( -2.309654435482566104, 2.900000000000000355, -2.768414913520643061 ) ) ;
#2240 = CARTESIAN_POINT ( 'NONE',  ( 2.755142521051217042, 0.02414680083012838568, -4.244857478948782514 ) ) ;
#2241 = CARTESIAN_POINT ( 'NONE',  ( 3.750000000000000444, 2.700000000000000178, -2.542893218813451650 ) ) ;
#2242 = CYLINDRICAL_SURFACE ( 'NONE', #3219, 0.05000000000000007216 ) ;
#2243 = CARTESIAN_POINT ( 'NONE',  ( -4.213438055103233992, 1.859574300344824292E-16, -2.786561944896765119 ) ) ;
#2244 = ORIENTED_EDGE ( 'NONE', *, *, #1277, .T. ) ;
#2245 = PLANE ( 'NONE',  #3327 ) ;
#2246 =( BOUNDED_CURVE ( )  B_SPLINE_CURVE ( 3, ( #1201, #2842, #2263, #69 ),
 .UNSPECIFIED., .F., .T. ) 
 B_SPLINE_CURVE_WITH_KNOTS ( ( 4, 4 ),
 ( 3.926990816987238730, 4.712388980384685233 ),
 .UNSPECIFIED. ) 
 CURVE ( )  GEOMETRIC_REPRESENTATION_ITEM ( )  RATIONAL_B_SPLINE_CURVE ( ( 1.000000000000000000, 0.9492530216741912330, 0.9492530216741912330, 1.000000000000000000 ) ) 
 REPRESENTATION_ITEM ( '' )  );
#2247 = ORIENTED_EDGE ( 'NONE', *, *, #3120, .T. ) ;
#2248 = CARTESIAN_POINT ( 'NONE',  ( -3.209654435482566015, 3.000000000000000000, -2.468414913520643239 ) ) ;
#2249 = CARTESIAN_POINT ( 'NONE',  ( 3.750000000000000444, 2.700000000000000178, -1.500000000000000000 ) ) ;
#2250 = EDGE_CURVE ( 'NONE', #1005, #226, #370, .T. ) ;
#2251 = ORIENTED_EDGE ( 'NONE', *, *, #1090, .T. ) ;
#2252 = LINE ( 'NONE', #3330, #1982 ) ;
#2253 = AXIS2_PLACEMENT_3D ( 'NONE', #3168, #818, #578 ) ;
#2254 = ADVANCED_FACE ( 'NONE', ( #306 ), #3008, .T. ) ;
#2255 = CARTESIAN_POINT ( 'NONE',  ( -2.459654435482566015, 3.000000000000000000, -1.568414913520642884 ) ) ;
#2256 = PRESENTATION_LAYER_ASSIGNMENT (  '', '', ( #845 ) ) ;
#2257 = CARTESIAN_POINT ( 'NONE',  ( -2.764644660940672516, 0.01464466094067270671, 4.235355339059329260 ) ) ;
#2258 = PRESENTATION_LAYER_ASSIGNMENT (  '', '', ( #275 ) ) ;
#2259 = ADVANCED_FACE ( 'NONE', ( #1124 ), #3283, .T. ) ;
#2261 = VECTOR ( 'NONE', #1179, 1000.000000000000000 ) ;
#2260 = CARTESIAN_POINT ( 'NONE',  ( 4.225853199169872454, 0.005142521051217195140, 2.774146800830129322 ) ) ;
#2262 = ORIENTED_EDGE ( 'NONE', *, *, #3037, .T. ) ;
#2263 = CARTESIAN_POINT ( 'NONE',  ( 2.786561944896765119, 1.908944913851650167E-16, 4.213438055103234881 ) ) ;
#2264 = DIRECTION ( 'NONE',  ( -0.0000000000000000000, 0.0000000000000000000, -1.000000000000000000 ) ) ;
#2265 = VECTOR ( 'NONE', #115, 1000.000000000000000 ) ;
#2266 = ORIENTED_EDGE ( 'NONE', *, *, #2914, .F. ) ;
#2267 = CIRCLE ( 'NONE', #2845, 0.1999999999999999833 ) ;
#2268 = CYLINDRICAL_SURFACE ( 'NONE', #556, 0.04999999999999969746 ) ;
#2269 = CARTESIAN_POINT ( 'NONE',  ( -3.464644660940673138, 2.949999999999999734, 3.464644660940673138 ) ) ;
#2270 = CARTESIAN_POINT ( 'NONE',  ( 4.200000000000000178, 2.700000000000000178, 1.500000000000000000 ) ) ;
#2271 = ORIENTED_EDGE ( 'NONE', *, *, #2475, .F. ) ;
#2272 = ORIENTED_EDGE ( 'NONE', *, *, #8, .F. ) ;
#2273 = CARTESIAN_POINT ( 'NONE',  ( -4.200000000000000178, 3.000000000000000000, 2.750000000000001332 ) ) ;
#2274 = CARTESIAN_POINT ( 'NONE',  ( 4.250000000000000000, 2.949999999999999734, -2.749999999999999112 ) ) ;
#2275 = DIRECTION ( 'NONE',  ( -0.0000000000000000000, 1.000000000000000000, -0.0000000000000000000 ) ) ;
#2276 = ADVANCED_FACE ( 'NONE', ( #950 ), #1801, .T. ) ;
#2277 = DIRECTION ( 'NONE',  ( 0.0000000000000000000, 1.000000000000000000, 0.0000000000000000000 ) ) ;
#2278 = DIRECTION ( 'NONE',  ( 0.0000000000000000000, -1.000000000000000000, 0.0000000000000000000 ) ) ;
#2279 = EDGE_CURVE ( 'NONE', #299, #2476, #1561, .T. ) ;
#2280 = CARTESIAN_POINT ( 'NONE',  ( 4.235969583392052762, 0.2000000000000000111, 2.999999999999980904 ) ) ;
#2281 = CARTESIAN_POINT ( 'NONE',  ( -4.250000000000000000, 0.0000000000000000000, 2.750000000000001332 ) ) ;
#2282 = ORIENTED_EDGE ( 'NONE', *, *, #2603, .F. ) ;
#2283 = CARTESIAN_POINT ( 'NONE',  ( 0.0000000000000000000, 2.200000000000000178, -1.000000000000000000 ) ) ;
#2284 = DIRECTION ( 'NONE',  ( -0.0000000000000000000, -0.0000000000000000000, -1.000000000000000000 ) ) ;
#2285 = PLANE ( 'NONE',  #2180 ) ;
#2286 = ORIENTED_EDGE ( 'NONE', *, *, #305, .T. ) ;
#2287 = ORIENTED_EDGE ( 'NONE', *, *, #1513, .F. ) ;
#2288 = CIRCLE ( 'NONE', #986, 0.04999999999999969746 ) ;
#2289 = CARTESIAN_POINT ( 'NONE',  ( 2.985969583392024784, 0.2000000000000000111, -4.250000000000053291 ) ) ;
#2290 = CARTESIAN_POINT ( 'NONE',  ( -2.459654435482566015, 2.949999999999999734, -1.618414913520642928 ) ) ;
#2291 = DIRECTION ( 'NONE',  ( -0.7071067811865474617, -0.0000000000000000000, -0.7071067811865474617 ) ) ;
#2292 = EDGE_CURVE ( 'NONE', #1422, #988, #3390, .T. ) ;
#2293 = CARTESIAN_POINT ( 'NONE',  ( -3.464644660940672249, 2.949999999999999734, -3.464644660940672249 ) ) ;
#2294 = VERTEX_POINT ( 'NONE', #2560 ) ;
#2295 =( LENGTH_UNIT ( ) NAMED_UNIT ( * ) SI_UNIT ( .MILLI., .METRE. ) );
#2296 = DIRECTION ( 'NONE',  ( 1.000000000000000000, 0.0000000000000000000, 0.0000000000000000000 ) ) ;
#2297 = EDGE_CURVE ( 'NONE', #988, #26, #3350, .T. ) ;
#2298 = ORIENTED_EDGE ( 'NONE', *, *, #1, .F. ) ;
#2299 = CARTESIAN_POINT ( 'NONE',  ( 2.985969583392042992, 0.2000000000000000111, 4.250000000000001776 ) ) ;
#2300 = LINE ( 'NONE', #1670, #1540 ) ;
#2301 = ORIENTED_EDGE ( 'NONE', *, *, #128, .F. ) ;
#2302 = ORIENTED_EDGE ( 'NONE', *, *, #1456, .F. ) ;
#2303 = CARTESIAN_POINT ( 'NONE',  ( 2.729289321881345209, 2.949999999999999734, 4.250000000000000888 ) ) ;
#2304 = CARTESIAN_POINT ( 'NONE',  ( -4.250000000000000000, 3.000000000000000000, 2.750000000000001332 ) ) ;
#2305 = PRESENTATION_LAYER_ASSIGNMENT (  '', '', ( #3157 ) ) ;
#2306 = LINE ( 'NONE', #446, #1128 ) ;
#2307 = STYLED_ITEM ( 'NONE', ( #1634 ), #995 ) ;
#2308 = ORIENTED_EDGE ( 'NONE', *, *, #2231, .F. ) ;
#2309 = VECTOR ( 'NONE', #983, 1000.000000000000000 ) ;
#2310 = EDGE_CURVE ( 'NONE', #9, #1288, #2595, .T. ) ;
#2311 = DIRECTION ( 'NONE',  ( 1.000000000000000000, 0.0000000000000000000, 3.469446951953717135E-15 ) ) ;
#2312 = ORIENTED_EDGE ( 'NONE', *, *, #1038, .F. ) ;
#2313 = ADVANCED_FACE ( 'NONE', ( #668 ), #2835, .T. ) ;
#2314 = FACE_OUTER_BOUND ( 'NONE', #157, .T. ) ;
#2315 =( BOUNDED_CURVE ( )  B_SPLINE_CURVE ( 3, ( #3198, #525, #773, #2938 ),
 .UNSPECIFIED., .F., .T. ) 
 B_SPLINE_CURVE_WITH_KNOTS ( ( 4, 4 ),
 ( 0.7853981633974483900, 1.570796326794896780 ),
 .UNSPECIFIED. ) 
 CURVE ( )  GEOMETRIC_REPRESENTATION_ITEM ( )  RATIONAL_B_SPLINE_CURVE ( ( 1.000000000000000000, 0.9492530216741911220, 0.9492530216741911220, 1.000000000000000000 ) ) 
 REPRESENTATION_ITEM ( '' )  );
#2316 = CARTESIAN_POINT ( 'NONE',  ( -4.244857478948783402, 0.02414680083012837528, 2.755142521051217930 ) ) ;
#2317 = ORIENTED_EDGE ( 'NONE', *, *, #3093, .F. ) ;
#2318 = AXIS2_PLACEMENT_3D ( 'NONE', #2158, #1293, #267 ) ;
#2319 = ORIENTED_EDGE ( 'NONE', *, *, #3467, .F. ) ;
#2320 = EDGE_CURVE ( 'NONE', #1556, #1180, #1524, .T. ) ;
#2321 = DIRECTION ( 'NONE',  ( -0.0000000000000000000, 1.000000000000000000, -0.0000000000000000000 ) ) ;
#2322 = UNCERTAINTY_MEASURE_WITH_UNIT (LENGTH_MEASURE( 1.000000000000000082E-05 ), #2804, 'distance_accuracy_value', 'NONE');
#2323 = CARTESIAN_POINT ( 'NONE',  ( 0.0000000000000000000, 0.5000000000000000000, 0.0000000000000000000 ) ) ;
#2324 = AXIS2_PLACEMENT_3D ( 'NONE', #2754, #3081, #2513 ) ;
#2325 =( NAMED_UNIT ( * ) PLANE_ANGLE_UNIT ( ) SI_UNIT ( $, .RADIAN. ) );
#2326 = ORIENTED_EDGE ( 'NONE', *, *, #1899, .T. ) ;
#2327 =( NAMED_UNIT ( * ) SI_UNIT ( $, .STERADIAN. ) SOLID_ANGLE_UNIT ( ) );
#2328 = DIRECTION ( 'NONE',  ( -0.7071067811865474617, 0.0000000000000000000, -0.7071067811865474617 ) ) ;
#2329 = CARTESIAN_POINT ( 'NONE',  ( 4.235355339059328372, 0.01464466094067270671, 2.764644660940673404 ) ) ;
#2330 =( NAMED_UNIT ( * ) PLANE_ANGLE_UNIT ( ) SI_UNIT ( $, .RADIAN. ) );
#2331 = ORIENTED_EDGE ( 'NONE', *, *, #1802, .F. ) ;
#2332 =( NAMED_UNIT ( * ) PLANE_ANGLE_UNIT ( ) SI_UNIT ( $, .RADIAN. ) );
#2333 =( NAMED_UNIT ( * ) SI_UNIT ( $, .STERADIAN. ) SOLID_ANGLE_UNIT ( ) );
#2334 = CARTESIAN_POINT ( 'NONE',  ( -3.000000000000029754, -0.0000000000000000000, -4.250000000000044409 ) ) ;
#2335 = ADVANCED_FACE ( 'NONE', ( #2077 ), #3423, .T. ) ;
#2336 = ORIENTED_EDGE ( 'NONE', *, *, #3335, .F. ) ;
#2337 = CARTESIAN_POINT ( 'NONE',  ( -3.209654435482566015, 3.000000000000000000, -2.768414913520643061 ) ) ;
#2338 = LINE ( 'NONE', #2614, #1683 ) ;
#2339 = ADVANCED_FACE ( 'NONE', ( #2649 ), #1611, .T. ) ;
#2340 = ORIENTED_EDGE ( 'NONE', *, *, #230, .F. ) ;
#2341 = PRODUCT ( 'CAF2B7F5-11DC-40E0-A1CC-AE7C8EF11CF1', 'CAF2B7F5-11DC-40E0-A1CC-AE7C8EF11CF1', '', ( #182 ) ) ;
#2342 = AXIS2_PLACEMENT_3D ( 'NONE', #3487, #3470, #1043 ) ;
#2343 = SURFACE_STYLE_FILL_AREA ( #2362 ) ;
#2344 = COLOUR_RGB ( '',0.6470588235294117974, 0.5176470588235293491, 0.0000000000000000000 ) ;
#2345 = CARTESIAN_POINT ( 'NONE',  ( 3.750000000000000444, 1.700000000000000178, 1.500000000000000000 ) ) ;
#2346 = SURFACE_STYLE_FILL_AREA ( #1777 ) ;
#2347 = FILL_AREA_STYLE_COLOUR ( '', #692 ) ;
#2348 = ORIENTED_EDGE ( 'NONE', *, *, #876, .F. ) ;
#2349 = DIRECTION ( 'NONE',  ( 0.0000000000000000000, 0.0000000000000000000, -1.000000000000000000 ) ) ;
#2350 = PRESENTATION_STYLE_ASSIGNMENT (( #696 ) ) ;
#2351 = CARTESIAN_POINT ( 'NONE',  ( 2.729289321881344765, 2.949999999999999734, -4.200000000000000178 ) ) ;
#2352 = EDGE_LOOP ( 'NONE', ( #3179, #251, #1604, #2592 ) ) ;
#2353 = VERTEX_POINT ( 'NONE', #1050 ) ;
#2354 = FACE_BOUND ( 'NONE', #1816, .T. ) ;
#2355 = UNCERTAINTY_MEASURE_WITH_UNIT (LENGTH_MEASURE( 1.000000000000000082E-05 ), #2617, 'distance_accuracy_value', 'NONE');
#2356 = EDGE_CURVE ( 'NONE', #314, #1095, #2686, .T. ) ;
#2357 =( NAMED_UNIT ( * ) SI_UNIT ( $, .STERADIAN. ) SOLID_ANGLE_UNIT ( ) );
#2358 = CARTESIAN_POINT ( 'NONE',  ( 3.000000000000000000, 2.900000000000000355, 0.0000000000000000000 ) ) ;
#2359 = ORIENTED_EDGE ( 'NONE', *, *, #3236, .T. ) ;
#2360 = AXIS2_PLACEMENT_3D ( 'NONE', #748, #994, #2394 ) ;
#2361 = EDGE_CURVE ( 'NONE', #992, #1794, #481, .T. ) ;
#2362 = FILL_AREA_STYLE ('',( #398 ) ) ;
#2363 =( LENGTH_UNIT ( ) NAMED_UNIT ( * ) SI_UNIT ( .MILLI., .METRE. ) );
#2364 = VECTOR ( 'NONE', #1848, 1000.000000000000114 ) ;
#2365 = SURFACE_STYLE_USAGE ( .BOTH. , #215 ) ;
#2366 = EDGE_CURVE ( 'NONE', #3385, #3286, #1334, .T. ) ;
#2367 = SURFACE_STYLE_USAGE ( .BOTH. , #2637 ) ;
#2368 = CIRCLE ( 'NONE', #2156, 1.000000000000000222 ) ;
#2369 = ORIENTED_EDGE ( 'NONE', *, *, #2361, .F. ) ;
#2370 = DIRECTION ( 'NONE',  ( 0.0000000000000000000, 1.000000000000000000, 0.0000000000000000000 ) ) ;
#2371 = CARTESIAN_POINT ( 'NONE',  ( 3.000000000000000000, 2.900000000000000355, 0.0000000000000000000 ) ) ;
#2372 = VECTOR ( 'NONE', #3317, 999.9999999999998863 ) ;
#2373 = ORIENTED_EDGE ( 'NONE', *, *, #1719, .T. ) ;
#2374 = ORIENTED_EDGE ( 'NONE', *, *, #351, .T. ) ;
#2375 = AXIS2_PLACEMENT_3D ( 'NONE', #2304, #3392, #2522 ) ;
#2376 = DIRECTION ( 'NONE',  ( 0.0000000000000000000, 0.0000000000000000000, 1.000000000000000000 ) ) ;
#2377 = DIRECTION ( 'NONE',  ( 0.0000000000000000000, -1.000000000000000000, 0.0000000000000000000 ) ) ;
#2378 = ORIENTED_EDGE ( 'NONE', *, *, #540, .T. ) ;
#2379 = ORIENTED_EDGE ( 'NONE', *, *, #2761, .F. ) ;
#2380 = VECTOR ( 'NONE', #2024, 1000.000000000000114 ) ;
#2381 = CARTESIAN_POINT ( 'NONE',  ( -4.250000000000000888, 0.0000000000000000000, 4.250000000000000888 ) ) ;
#2382 = LINE ( 'NONE', #2674, #1196 ) ;
#2383 = EDGE_CURVE ( 'NONE', #988, #1648, #208, .T. ) ;
#2384 = AXIS2_PLACEMENT_3D ( 'NONE', #3304, #2479, #1167 ) ;
#2385 = CARTESIAN_POINT ( 'NONE',  ( -2.875000000000000444, 0.0000000000000000000, 4.125000000000001776 ) ) ;
#2386 = ADVANCED_FACE ( 'NONE', ( #809 ), #2707, .T. ) ;
#2387 = EDGE_LOOP ( 'NONE', ( #1768, #1798, #2825, #2230 ) ) ;
#2388 = CARTESIAN_POINT ( 'NONE',  ( -3.000000000000000888, 0.0000000000000000000, 4.250000000000001776 ) ) ;
#2389 = DIRECTION ( 'NONE',  ( 0.0000000000000000000, -1.000000000000000000, 0.0000000000000000000 ) ) ;
#2390 =( LENGTH_UNIT ( ) NAMED_UNIT ( * ) SI_UNIT ( .MILLI., .METRE. ) );
#2391 = EDGE_LOOP ( 'NONE', ( #2972, #2596, #371, #582 ) ) ;
#2392 = CARTESIAN_POINT ( 'NONE',  ( -2.609654435482565926, 2.900000000000000355, -2.768414913520643061 ) ) ;
#2393 = EDGE_LOOP ( 'NONE', ( #2820, #1457, #1266, #211 ) ) ;
#2394 = DIRECTION ( 'NONE',  ( -1.000000000000000000, 0.0000000000000000000, -1.445602896647339903E-15 ) ) ;
#2395 = FACE_OUTER_BOUND ( 'NONE', #1913, .T. ) ;
#2396 = DIRECTION ( 'NONE',  ( 0.0000000000000000000, 0.0000000000000000000, 1.000000000000000000 ) ) ;
#2397 = ORIENTED_EDGE ( 'NONE', *, *, #634, .F. ) ;
#2398 = ORIENTED_EDGE ( 'NONE', *, *, #1371, .T. ) ;
#2399 = LINE ( 'NONE', #2143, #1937 ) ;
#2400 = PLANE ( 'NONE',  #2898 ) ;
#2401 = CIRCLE ( 'NONE', #3478, 0.04999999999999969746 ) ;
#2402 =( LENGTH_UNIT ( ) NAMED_UNIT ( * ) SI_UNIT ( .MILLI., .METRE. ) );
#2403 = LINE ( 'NONE', #2419, #1759 ) ;
#2404 = EDGE_CURVE ( 'NONE', #1336, #226, #2933, .T. ) ;
#2405 = ORIENTED_EDGE ( 'NONE', *, *, #1063, .T. ) ;
#2406 = DIRECTION ( 'NONE',  ( -0.0000000000000000000, -0.0000000000000000000, -1.000000000000000000 ) ) ;
#2407 = EDGE_CURVE ( 'NONE', #2999, #1889, #1068, .T. ) ;
#2408 = DIRECTION ( 'NONE',  ( 0.0000000000000000000, 0.0000000000000000000, 1.000000000000000000 ) ) ;
#2409 = ORIENTED_EDGE ( 'NONE', *, *, #1645, .T. ) ;
#2410 = CARTESIAN_POINT ( 'NONE',  ( -4.250000000000000000, 0.0000000000000000000, -2.749999999999999556 ) ) ;
#2411 = ORIENTED_EDGE ( 'NONE', *, *, #2457, .F. ) ;
#2412 = LINE ( 'NONE', #2983, #3501 ) ;
#2413 = DIRECTION ( 'NONE',  ( 0.7071067811865474617, 0.0000000000000000000, -0.7071067811865474617 ) ) ;
#2414 = CARTESIAN_POINT ( 'NONE',  ( -4.200000000000000178, 0.05000000000000012768, 2.750000000000001332 ) ) ;
#2415 = VERTEX_POINT ( 'NONE', #750 ) ;
#2416 = ORIENTED_EDGE ( 'NONE', *, *, #186, .T. ) ;
#2417 = DIRECTION ( 'NONE',  ( 0.0000000000000000000, 0.0000000000000000000, -1.000000000000000000 ) ) ;
#2418 = CARTESIAN_POINT ( 'NONE',  ( -2.729289321881345209, 0.05000000000000012768, -4.249999999999999112 ) ) ;
#2419 = CARTESIAN_POINT ( 'NONE',  ( 4.117984791696036595, 3.000000000000000000, 2.882015208303965181 ) ) ;
#2420 = VECTOR ( 'NONE', #1048, 1000.000000000000000 ) ;
#2421 = EDGE_CURVE ( 'NONE', #871, #1120, #1594, .T. ) ;
#2422 = VERTEX_POINT ( 'NONE', #3459 ) ;
#2423 = AXIS2_PLACEMENT_3D ( 'NONE', #659, #382, #2530 ) ;
#2424 = LINE ( 'NONE', #3507, #559 ) ;
#2425 = SURFACE_STYLE_FILL_AREA ( #279 ) ;
#2426 = DIRECTION ( 'NONE',  ( 0.0000000000000000000, -1.000000000000000000, 0.0000000000000000000 ) ) ;
#2427 = PRESENTATION_STYLE_ASSIGNMENT (( #1894 ) ) ;
#2428 = EDGE_CURVE ( 'NONE', #1857, #1131, #229, .T. ) ;
#2429 = VERTEX_POINT ( 'NONE', #1878 ) ;
#2430 = DIRECTION ( 'NONE',  ( 0.0000000000000000000, 0.0000000000000000000, -1.000000000000000000 ) ) ;
#2431 = VECTOR ( 'NONE', #1973, 1000.000000000000000 ) ;
#2432 = FACE_OUTER_BOUND ( 'NONE', #1608, .T. ) ;
#2433 = VECTOR ( 'NONE', #2683, 1000.000000000000114 ) ;
#2434 = EDGE_CURVE ( 'NONE', #209, #621, #520, .T. ) ;
#2435 = VERTEX_POINT ( 'NONE', #2052 ) ;
#2436 = LINE ( 'NONE', #2451, #1603 ) ;
#2437 = CARTESIAN_POINT ( 'NONE',  ( 4.235969583392052762, 0.0000000000000000000, 2.999999999999980904 ) ) ;
#2438 = VECTOR ( 'NONE', #2275, 1000.000000000000000 ) ;
#2439 = CARTESIAN_POINT ( 'NONE',  ( -2.729289321881343877, 2.949999999999999734, 4.200000000000001954 ) ) ;
#2440 = DIRECTION ( 'NONE',  ( -0.0000000000000000000, 0.0000000000000000000, -1.000000000000000000 ) ) ;
#2441 = DIRECTION ( 'NONE',  ( 0.0000000000000000000, 1.000000000000000000, 0.0000000000000000000 ) ) ;
#2442 = AXIS2_PLACEMENT_3D ( 'NONE', #2944, #513, #243 ) ;
#2443 = FACE_OUTER_BOUND ( 'NONE', #3481, .T. ) ;
#2444 = DIRECTION ( 'NONE',  ( 0.7071067811865450192, 0.0000000000000000000, 0.7071067811865501263 ) ) ;
#2445 = FILL_AREA_STYLE ('',( #3258 ) ) ;
#2446 = EDGE_LOOP ( 'NONE', ( #566, #2152, #1010, #3474 ) ) ;
#2447 = ORIENTED_EDGE ( 'NONE', *, *, #261, .F. ) ;
#2448 = CARTESIAN_POINT ( 'NONE',  ( -2.542893218813452538, 0.5000000000000000000, -3.749999999999999556 ) ) ;
#2449 = EDGE_CURVE ( 'NONE', #2202, #2067, #3439, .T. ) ;
#2450 = EDGE_LOOP ( 'NONE', ( #2397, #664, #886, #3067 ) ) ;
#2451 = CARTESIAN_POINT ( 'NONE',  ( -4.250000000000000888, 0.2000000000000000111, 4.250000000000000888 ) ) ;
#2452 = CARTESIAN_POINT ( 'NONE',  ( 2.729289321881345209, 3.000000000000000000, 4.200000000000001066 ) ) ;
#2453 = ADVANCED_FACE ( 'NONE', ( #1831 ), #2640, .F. ) ;
#2454 = CARTESIAN_POINT ( 'NONE',  ( 2.985969583392042992, 0.2000000000000000111, 4.250000000000001776 ) ) ;
#2455 = CARTESIAN_POINT ( 'NONE',  ( -4.235355339059328372, 0.01464466094067270671, 2.764644660940673404 ) ) ;
#2456 = CARTESIAN_POINT ( 'NONE',  ( -2.309654435482566104, 2.900000000000000355, -2.768414913520643061 ) ) ;
#2457 = EDGE_CURVE ( 'NONE', #1117, #314, #960, .T. ) ;
#2458 = AXIS2_PLACEMENT_3D ( 'NONE', #1481, #368, #121 ) ;
#2459 = ORIENTED_EDGE ( 'NONE', *, *, #3056, .T. ) ;
#2460 = FILL_AREA_STYLE_COLOUR ( '', #1649 ) ;
#2461 = CARTESIAN_POINT ( 'NONE',  ( -2.774146800830128434, 0.005142521051217296621, 4.225853199169873342 ) ) ;
#2462 = DIRECTION ( 'NONE',  ( -1.000000000000000000, 0.0000000000000000000, -3.469446951953717530E-15 ) ) ;
#2463 = ORIENTED_EDGE ( 'NONE', *, *, #2741, .T. ) ;
#2464 = VERTEX_POINT ( 'NONE', #2570 ) ;
#2465 = CARTESIAN_POINT ( 'NONE',  ( -2.459654435482566015, 2.949999999999999734, -2.618414913520643150 ) ) ;
#2466 = SURFACE_STYLE_FILL_AREA ( #247 ) ;
#2467 = ORIENTED_EDGE ( 'NONE', *, *, #1576, .T. ) ;
#2468 = ADVANCED_FACE ( 'NONE', ( #975 ), #200, .T. ) ;
#2469 = LINE ( 'NONE', #811, #1864 ) ;
#2470 = DIRECTION ( 'NONE',  ( -0.7071067811865475727, 0.0000000000000000000, -0.7071067811865475727 ) ) ;
#2471 = CARTESIAN_POINT ( 'NONE',  ( 3.750000000000000444, 0.5000000000000000000, 2.542893218813453426 ) ) ;
#2472 = CARTESIAN_POINT ( 'NONE',  ( -3.209654435482566015, 3.000000000000000000, -2.768414913520643061 ) ) ;
#2473 = EDGE_CURVE ( 'NONE', #75, #510, #2910, .T. ) ;
#2474 = DIRECTION ( 'NONE',  ( -1.000000000000000000, 0.0000000000000000000, 0.0000000000000000000 ) ) ;
#2475 = EDGE_CURVE ( 'NONE', #96, #1057, #455, .T. ) ;
#2476 = VERTEX_POINT ( 'NONE', #2847 ) ;
#2477 = DIRECTION ( 'NONE',  ( 0.0000000000000000000, -1.000000000000000000, -0.0000000000000000000 ) ) ;
#2478 = CARTESIAN_POINT ( 'NONE',  ( 4.235969583392039439, 0.0000000000000000000, -3.000000000000056843 ) ) ;
#2479 = DIRECTION ( 'NONE',  ( 0.0000000000000000000, 1.000000000000000000, 0.0000000000000000000 ) ) ;
#2480 = ORIENTED_EDGE ( 'NONE', *, *, #363, .F. ) ;
#2481 = AXIS2_PLACEMENT_3D ( 'NONE', #2172, #2483, #2430 ) ;
#2482 = ORIENTED_EDGE ( 'NONE', *, *, #2608, .F. ) ;
#2483 = DIRECTION ( 'NONE',  ( 0.0000000000000000000, -1.000000000000000000, 0.0000000000000000000 ) ) ;
#2484 = FACE_OUTER_BOUND ( 'NONE', #957, .T. ) ;
#2485 = COLOUR_RGB ( '',0.6470588235294117974, 0.6196078431372549211, 0.5882352941176470784 ) ;
#2486 = ORIENTED_EDGE ( 'NONE', *, *, #2520, .F. ) ;
#2487 = VECTOR ( 'NONE', #3443, 1000.000000000000000 ) ;
#2488 = ORIENTED_EDGE ( 'NONE', *, *, #2361, .T. ) ;
#2489 = CIRCLE ( 'NONE', #965, 0.05000000000000012768 ) ;
#2490 = SURFACE_SIDE_STYLE ('',( #1409 ) ) ;
#2491 = SURFACE_SIDE_STYLE ('',( #1126 ) ) ;
#2492 = AXIS2_PLACEMENT_3D ( 'NONE', #3484, #3465, #1001 ) ;
#2493 = CARTESIAN_POINT ( 'NONE',  ( -1.709654435482566015, 3.000000000000000000, -2.768414913520643061 ) ) ;
#2494 = ADVANCED_FACE ( 'NONE', ( #2068 ), #679, .F. ) ;
#2495 = PRESENTATION_LAYER_ASSIGNMENT (  '', '', ( #860 ) ) ;
#2496 = FILL_AREA_STYLE_COLOUR ( '', #1761 ) ;
#2497 = EDGE_LOOP ( 'NONE', ( #626, #3054, #3311, #219, #3211, #2936, #521, #1521, #2785, #2642, #2055, #877 ) ) ;
#2498 = FACE_OUTER_BOUND ( 'NONE', #1257, .T. ) ;
#2499 = AXIS2_PLACEMENT_3D ( 'NONE', #1676, #1438, #2031 ) ;
#2500 = ADVANCED_FACE ( 'NONE', ( #185 ), #3378, .F. ) ;
#2501 = VERTEX_POINT ( 'NONE', #2964 ) ;
#2502 = DIRECTION ( 'NONE',  ( 1.000000000000000000, 0.0000000000000000000, 0.0000000000000000000 ) ) ;
#2503 = CARTESIAN_POINT ( 'NONE',  ( 2.729289321881344765, 2.949999999999999734, -4.200000000000000178 ) ) ;
#2504 = ORIENTED_EDGE ( 'NONE', *, *, #2428, .T. ) ;
#2505 = VERTEX_POINT ( 'NONE', #2980 ) ;
#2506 = LINE ( 'NONE', #2730, #1543 ) ;
#2507 = LINE ( 'NONE', #309, #3445 ) ;
#2508 = DIRECTION ( 'NONE',  ( -1.000000000000000000, 0.0000000000000000000, 0.0000000000000000000 ) ) ;
#2509 = ORIENTED_EDGE ( 'NONE', *, *, #919, .F. ) ;
#2510 = EDGE_CURVE ( 'NONE', #1087, #162, #1584, .T. ) ;
#2511 = PLANE ( 'NONE',  #2941 ) ;
#2512 = DIRECTION ( 'NONE',  ( 0.7071067811865474617, -0.0000000000000000000, -0.7071067811865474617 ) ) ;
#2513 = DIRECTION ( 'NONE',  ( 0.0000000000000000000, 0.0000000000000000000, -1.000000000000000000 ) ) ;
#2514 = VECTOR ( 'NONE', #1424, 1000.000000000000000 ) ;
#2515 = ORIENTED_EDGE ( 'NONE', *, *, #2510, .F. ) ;
#2516 = ADVANCED_FACE ( 'NONE', ( #1381 ), #2661, .T. ) ;
#2517 = CARTESIAN_POINT ( 'NONE',  ( -4.250000000000001776, 0.2000000000000000111, 3.000000000000000888 ) ) ;
#2518 = MECHANICAL_DESIGN_GEOMETRIC_PRESENTATION_REPRESENTATION (  '', ( #2082 ), #2568 ) ;
#2519 = ORIENTED_EDGE ( 'NONE', *, *, #2690, .F. ) ;
#2520 = EDGE_CURVE ( 'NONE', #388, #369, #3083, .T. ) ;
#2521 = FACE_OUTER_BOUND ( 'NONE', #296, .T. ) ;
#2522 = DIRECTION ( 'NONE',  ( 0.0000000000000000000, 0.0000000000000000000, -1.000000000000000000 ) ) ;
#2523 = AXIS2_PLACEMENT_3D ( 'NONE', #1098, #2700, #2462 ) ;
#2524 = CARTESIAN_POINT ( 'NONE',  ( -2.459654435482566015, 3.000000000000000000, -3.668414913520643417 ) ) ;
#2525 = CARTESIAN_POINT ( 'NONE',  ( -2.609654435482565926, 2.900000000000000355, -1.868414913520642928 ) ) ;
#2526 = ORIENTED_EDGE ( 'NONE', *, *, #2130, .T. ) ;
#2527 = FACE_OUTER_BOUND ( 'NONE', #2665, .T. ) ;
#2528 = LINE ( 'NONE', #1692, #2750 ) ;
#2529 = ORIENTED_EDGE ( 'NONE', *, *, #288, .T. ) ;
#2530 = DIRECTION ( 'NONE',  ( 0.4999999999999963918, 0.0000000000000000000, -0.8660254037844408170 ) ) ;
#2531 = FACE_OUTER_BOUND ( 'NONE', #602, .T. ) ;
#2532 = DIRECTION ( 'NONE',  ( -0.7071067811865474617, 0.0000000000000000000, -0.7071067811865474617 ) ) ;
#2533 = VECTOR ( 'NONE', #3068, 1000.000000000000000 ) ;
#2534 = EDGE_CURVE ( 'NONE', #289, #1238, #1326, .T. ) ;
#2535 = VERTEX_POINT ( 'NONE', #819 ) ;
#2536 = EDGE_LOOP ( 'NONE', ( #2359, #42, #561, #1893, #799, #725 ) ) ;
#2537 = LINE ( 'NONE', #3475, #2420 ) ;
#2538 = AXIS2_PLACEMENT_3D ( 'NONE', #2465, #874, #1138 ) ;
#2539 = CARTESIAN_POINT ( 'NONE',  ( 1.700961894323337553, 2.900000000000000355, -0.7499999999999921174 ) ) ;
#2540 = SURFACE_SIDE_STYLE ('',( #2005 ) ) ;
#2541 = EDGE_CURVE ( 'NONE', #162, #784, #2288, .T. ) ;
#2542 = VECTOR ( 'NONE', #1363, 1000.000000000000000 ) ;
#2543 = CARTESIAN_POINT ( 'NONE',  ( 4.200000000000000178, 1.650000000000000133, 1.500000000000000000 ) ) ;
#2544 = CIRCLE ( 'NONE', #3001, 1.000000000000000000 ) ;
#2546 = AXIS2_PLACEMENT_3D ( 'NONE', #2452, #2161, #3249 ) ;
#2545 = DIRECTION ( 'NONE',  ( 0.7071067811865422437, 0.0000000000000000000, -0.7071067811865527908 ) ) ;
#2547 = EDGE_LOOP ( 'NONE', ( #459, #2515, #1235, #1105 ) ) ;
#2548 = DIRECTION ( 'NONE',  ( 3.469446951953505326E-15, 0.0000000000000000000, -1.000000000000000000 ) ) ;
#2549 = DIRECTION ( 'NONE',  ( -0.0000000000000000000, 1.000000000000000000, -0.0000000000000000000 ) ) ;
#2550 =( BOUNDED_CURVE ( )  B_SPLINE_CURVE ( 3, ( #1804, #1547, #2095, #1823 ),
 .UNSPECIFIED., .F., .T. ) 
 B_SPLINE_CURVE_WITH_KNOTS ( ( 4, 4 ),
 ( 3.141592653589793116, 4.712388980384680792 ),
 .UNSPECIFIED. ) 
 CURVE ( )  GEOMETRIC_REPRESENTATION_ITEM ( )  RATIONAL_B_SPLINE_CURVE ( ( 1.000000000000000000, 0.8047378541243670469, 0.8047378541243670469, 1.000000000000000000 ) ) 
 REPRESENTATION_ITEM ( '' )  );
#2551 = ORIENTED_EDGE ( 'NONE', *, *, #1152, .T. ) ;
#2552 = VECTOR ( 'NONE', #990, 1000.000000000000000 ) ;
#2553 = DIRECTION ( 'NONE',  ( -0.0000000000000000000, 1.000000000000000000, -0.0000000000000000000 ) ) ;
#2554 = CARTESIAN_POINT ( 'NONE',  ( 2.867984791696021940, 0.0000000000000000000, 4.132015208303980280 ) ) ;
#2555 = ORIENTED_EDGE ( 'NONE', *, *, #852, .T. ) ;
#2556 = ORIENTED_EDGE ( 'NONE', *, *, #415, .T. ) ;
#2557 = DIRECTION ( 'NONE',  ( -0.7071067811865474617, 0.0000000000000000000, -0.7071067811865474617 ) ) ;
#2558 = EDGE_CURVE ( 'NONE', #1057, #2565, #2926, .T. ) ;
#2559 = LINE ( 'NONE', #2273, #1389 ) ;
#2560 = CARTESIAN_POINT ( 'NONE',  ( -2.459654435482566015, 2.949999999999999734, -3.618414913520643150 ) ) ;
#2561 = DIRECTION ( 'NONE',  ( -0.7071067811865474617, 0.0000000000000000000, 0.7071067811865474617 ) ) ;
#2562 = ADVANCED_FACE ( 'NONE', ( #1868 ), #1910, .T. ) ;
#2563 = CARTESIAN_POINT ( 'NONE',  ( 4.200000000000000178, 0.0000000000000000000, -2.799999999999998934 ) ) ;
#2564 = CARTESIAN_POINT ( 'NONE',  ( 4.213438055103235769, 1.859574300344823059E-16, 2.786561944896766008 ) ) ;
#2565 = VERTEX_POINT ( 'NONE', #20 ) ;
#2566 =( LENGTH_UNIT ( ) NAMED_UNIT ( * ) SI_UNIT ( .MILLI., .METRE. ) );
#2567 = VERTEX_POINT ( 'NONE', #1097 ) ;
#2568 =( GEOMETRIC_REPRESENTATION_CONTEXT ( 3 ) GLOBAL_UNCERTAINTY_ASSIGNED_CONTEXT ( ( #3106 ) ) GLOBAL_UNIT_ASSIGNED_CONTEXT ( ( #838, #3294, #1501 ) ) REPRESENTATION_CONTEXT ( 'NONE', 'WORKASPACE' ) );
#2569 = CARTESIAN_POINT ( 'NONE',  ( 4.250000000000000000, 1.650000000000000133, -1.550000000000000044 ) ) ;
#2570 = CARTESIAN_POINT ( 'NONE',  ( 4.200000000000000178, 2.700000000000000178, -1.500000000000000000 ) ) ;
#2571 = CARTESIAN_POINT ( 'NONE',  ( -2.542893218813452538, 2.700000000000000178, -3.749999999999999556 ) ) ;
#2572 = LINE ( 'NONE', #355, #534 ) ;
#2573 = CIRCLE ( 'NONE', #1907, 0.05000000000000012768 ) ;
#2574 = PRODUCT_DEFINITION_SHAPE ( 'NONE', 'NONE',  #1551 ) ;
#2575 = VECTOR ( 'NONE', #793, 1000.000000000000114 ) ;
#2576 = ORIENTED_EDGE ( 'NONE', *, *, #482, .F. ) ;
#2577 = ORIENTED_EDGE ( 'NONE', *, *, #1493, .T. ) ;
#2578 = MECHANICAL_DESIGN_GEOMETRIC_PRESENTATION_REPRESENTATION (  '', ( #3026 ), #1850 ) ;
#2579 = VECTOR ( 'NONE', #2667, 1000.000000000000000 ) ;
#2580 = CARTESIAN_POINT ( 'NONE',  ( -2.609654435482565926, 2.900000000000000355, -3.368414913520643594 ) ) ;
#2581 = DIRECTION ( 'NONE',  ( -0.0000000000000000000, 0.0000000000000000000, 1.000000000000000000 ) ) ;
#2582 = ADVANCED_FACE ( 'NONE', ( #2182 ), #3013, .T. ) ;
#2583 = CARTESIAN_POINT ( 'NONE',  ( -2.309654435482566104, 3.000000000000000000, -3.368414913520643150 ) ) ;
#2584 = ADVANCED_FACE ( 'NONE', ( #637 ), #51, .T. ) ;
#2585 = PLANE ( 'NONE',  #1939 ) ;
#2586 = EDGE_LOOP ( 'NONE', ( #3048, #1731, #1589, #887 ) ) ;
#2587 = PLANE ( 'NONE',  #791 ) ;
#2588 = ORIENTED_EDGE ( 'NONE', *, *, #1645, .F. ) ;
#2589 = CARTESIAN_POINT ( 'NONE',  ( 4.117984791695991298, 0.2000000000000000389, -2.882015208304008702 ) ) ;
#2590 = CYLINDRICAL_SURFACE ( 'NONE', #590, 0.04999999999999969746 ) ;
#2591 = ORIENTED_EDGE ( 'NONE', *, *, #457, .F. ) ;
#2592 = ORIENTED_EDGE ( 'NONE', *, *, #1194, .F. ) ;
#2593 =( LENGTH_UNIT ( ) NAMED_UNIT ( * ) SI_UNIT ( .MILLI., .METRE. ) );
#2594 = DIRECTION ( 'NONE',  ( -0.0000000000000000000, 0.0000000000000000000, 1.000000000000000000 ) ) ;
#2595 = LINE ( 'NONE', #932, #2380 ) ;
#2596 = ORIENTED_EDGE ( 'NONE', *, *, #3183, .T. ) ;
#2597 = VECTOR ( 'NONE', #2807, 1000.000000000000114 ) ;
#2598 = SURFACE_STYLE_USAGE ( .BOTH. , #2064 ) ;
#2599 = COLOUR_RGB ( '',0.6470588235294117974, 0.6196078431372549211, 0.5882352941176470784 ) ;
#2600 = FACE_OUTER_BOUND ( 'NONE', #2446, .T. ) ;
#2601 = VECTOR ( 'NONE', #240, 1000.000000000000000 ) ;
#2602 = DIRECTION ( 'NONE',  ( 1.000000000000000000, 0.0000000000000000000, -0.0000000000000000000 ) ) ;
#2603 = EDGE_CURVE ( 'NONE', #151, #2913, #2528, .T. ) ;
#2604 = VECTOR ( 'NONE', #2125, 1000.000000000000000 ) ;
#2605 = ORIENTED_EDGE ( 'NONE', *, *, #2434, .F. ) ;
#2606 = MECHANICAL_DESIGN_GEOMETRIC_PRESENTATION_REPRESENTATION (  '', ( #1134 ), #112 ) ;
#2607 = DIRECTION ( 'NONE',  ( -0.8660254037844417052, 0.0000000000000000000, -0.4999999999999947820 ) ) ;
#2608 = EDGE_CURVE ( 'NONE', #75, #1648, #656, .T. ) ;
#2609 = LINE ( 'NONE', #2334, #1100 ) ;
#2610 = VERTEX_POINT ( 'NONE', #1675 ) ;
#2611 = CIRCLE ( 'NONE', #1489, 0.04999999999999969746 ) ;
#2612 = ORIENTED_EDGE ( 'NONE', *, *, #3187, .T. ) ;
#2613 = LINE ( 'NONE', #2105, #2990 ) ;
#2614 = CARTESIAN_POINT ( 'NONE',  ( -4.250000000000000000, 0.0000000000000000000, -2.749999999999999556 ) ) ;
#2615 = AXIS2_PLACEMENT_3D ( 'NONE', #3204, #3488, #820 ) ;
#2616 = EDGE_LOOP ( 'NONE', ( #792, #2319, #2099, #3189 ) ) ;
#2617 =( LENGTH_UNIT ( ) NAMED_UNIT ( * ) SI_UNIT ( .MILLI., .METRE. ) );
#2618 = FILL_AREA_STYLE ('',( #1548 ) ) ;
#2619 = FILL_AREA_STYLE_COLOUR ( '', #687 ) ;
#2620 = CARTESIAN_POINT ( 'NONE',  ( 4.250000000000000000, 0.03656194489676560522, -2.742727376984579468 ) ) ;
#2621 = ADVANCED_FACE ( 'NONE', ( #579 ), #2210, .T. ) ;
#2622 = EDGE_LOOP ( 'NONE', ( #2591, #302, #1940, #1262 ) ) ;
#2623 = CARTESIAN_POINT ( 'NONE',  ( -4.250000000000000000, 2.949999999999999734, 2.729289321881346098 ) ) ;
#2624 = DIRECTION ( 'NONE',  ( 0.7071067811865474617, 0.0000000000000000000, 0.7071067811865474617 ) ) ;
#2625 = ORIENTED_EDGE ( 'NONE', *, *, #2176, .F. ) ;
#2626 = ORIENTED_EDGE ( 'NONE', *, *, #1827, .F. ) ;
#2627 = LINE ( 'NONE', #2337, #3096 ) ;
#2628 = VECTOR ( 'NONE', #2927, 1000.000000000000000 ) ;
#2629 = EDGE_CURVE ( 'NONE', #550, #3407, #3080, .T. ) ;
#2630 = ORIENTED_EDGE ( 'NONE', *, *, #893, .T. ) ;
#2631 = MECHANICAL_DESIGN_GEOMETRIC_PRESENTATION_REPRESENTATION (  '', ( #1963 ), #1734 ) ;
#2632 = DIRECTION ( 'NONE',  ( -0.7071067811865474617, -0.0000000000000000000, 0.7071067811865474617 ) ) ;
#2633 = SURFACE_STYLE_FILL_AREA ( #2618 ) ;
#2634 = AXIS2_PLACEMENT_3D ( 'NONE', #2323, #3409, #2646 ) ;
#2635 = CARTESIAN_POINT ( 'NONE',  ( -2.309654435482566548, 3.000000000000000000, -2.468414913520643239 ) ) ;
#2636 = FILL_AREA_STYLE ('',( #1566 ) ) ;
#2637 = SURFACE_SIDE_STYLE ('',( #708 ) ) ;
#2638 = ORIENTED_EDGE ( 'NONE', *, *, #2717, .F. ) ;
#2639 = PRESENTATION_STYLE_ASSIGNMENT (( #1042 ) ) ;
#2640 = PLANE ( 'NONE',  #239 ) ;
#2641 = SURFACE_STYLE_USAGE ( .BOTH. , #438 ) ;
#2642 = ORIENTED_EDGE ( 'NONE', *, *, #1094, .F. ) ;
#2643 = ORIENTED_EDGE ( 'NONE', *, *, #351, .F. ) ;
#2644 = DIRECTION ( 'NONE',  ( -1.000000000000000000, 0.0000000000000000000, 0.0000000000000000000 ) ) ;
#2645 = UNCERTAINTY_MEASURE_WITH_UNIT (LENGTH_MEASURE( 1.000000000000000082E-05 ), #3372, 'distance_accuracy_value', 'NONE');
#2646 = DIRECTION ( 'NONE',  ( 0.0000000000000000000, -0.0000000000000000000, -1.000000000000000000 ) ) ;
#2647 = AXIS2_PLACEMENT_3D ( 'NONE', #3241, #280, #2408 ) ;
#2648 = EDGE_CURVE ( 'NONE', #1857, #122, #1959, .T. ) ;
#2649 = FACE_OUTER_BOUND ( 'NONE', #2536, .T. ) ;
#2650 = ORIENTED_EDGE ( 'NONE', *, *, #1946, .F. ) ;
#2651 = ORIENTED_EDGE ( 'NONE', *, *, #1371, .F. ) ;
#2652 = MECHANICAL_DESIGN_GEOMETRIC_PRESENTATION_REPRESENTATION (  '', ( #1805 ), #270 ) ;
#2653 = LINE ( 'NONE', #1579, #685 ) ;
#2654 = DIRECTION ( 'NONE',  ( 1.000000000000000000, 0.0000000000000000000, 0.0000000000000000000 ) ) ;
#2655 = CARTESIAN_POINT ( 'NONE',  ( -2.750000000000000444, 3.000000000000000000, -4.249999999999999112 ) ) ;
#2656 = VECTOR ( 'NONE', #1728, 1000.000000000000000 ) ;
#2657 = CARTESIAN_POINT ( 'NONE',  ( 0.0000000000000000000, 0.0000000000000000000, 0.0000000000000000000 ) ) ;
#2658 = VECTOR ( 'NONE', #2798, 1000.000000000000000 ) ;
#2659 = VERTEX_POINT ( 'NONE', #1398 ) ;
#2660 = LINE ( 'NONE', #3202, #3323 ) ;
#2661 = CYLINDRICAL_SURFACE ( 'NONE', #2342, 0.04999999999999969746 ) ;
#2662 =( NAMED_UNIT ( * ) SI_UNIT ( $, .STERADIAN. ) SOLID_ANGLE_UNIT ( ) );
#2663 = ORIENTED_EDGE ( 'NONE', *, *, #324, .F. ) ;
#2664 = PLANE ( 'NONE',  #906 ) ;
#2665 = EDGE_LOOP ( 'NONE', ( #2374, #2170, #1219 ) ) ;
#2666 = CARTESIAN_POINT ( 'NONE',  ( 1.700961894323338441, 2.979289321881345654, 0.7500000000000073275 ) ) ;
#2667 = DIRECTION ( 'NONE',  ( -0.0000000000000000000, -0.0000000000000000000, -1.000000000000000000 ) ) ;
#2668 = MECHANICAL_DESIGN_GEOMETRIC_PRESENTATION_REPRESENTATION (  '', ( #801 ), #2056 ) ;
#2669 = EDGE_LOOP ( 'NONE', ( #822, #1477, #2526, #1064 ) ) ;
#2670 = EDGE_CURVE ( 'NONE', #1958, #873, #1214, .T. ) ;
#2671 = ORIENTED_EDGE ( 'NONE', *, *, #2721, .T. ) ;
#2672 = CARTESIAN_POINT ( 'NONE',  ( 1.102182119232617788E-16, 2.400000000000000355, -0.8000000000000000444 ) ) ;
#2673 = AXIS2_PLACEMENT_3D ( 'NONE', #1365, #21, #834 ) ;
#2674 = CARTESIAN_POINT ( 'NONE',  ( 2.867984791695985525, 3.000000000000000000, -4.132015208304014031 ) ) ;
#2675 = DIRECTION ( 'NONE',  ( 0.7071067811865474617, 0.0000000000000000000, -0.7071067811865474617 ) ) ;
#2676 = EDGE_CURVE ( 'NONE', #409, #3472, #37, .T. ) ;
#2677 = CARTESIAN_POINT ( 'NONE',  ( -2.609654435482565926, 2.900000000000000355, -2.468414913520643239 ) ) ;
#2678 = ORIENTED_EDGE ( 'NONE', *, *, #1044, .T. ) ;
#2679 = SURFACE_STYLE_FILL_AREA ( #1605 ) ;
#2680 = DIRECTION ( 'NONE',  ( 0.0000000000000000000, 0.0000000000000000000, 1.000000000000000000 ) ) ;
#2681 = LINE ( 'NONE', #3508, #1404 ) ;
#2682 = ORIENTED_EDGE ( 'NONE', *, *, #1772, .F. ) ;
#2683 = DIRECTION ( 'NONE',  ( -0.7071067811865474617, -0.0000000000000000000, 0.7071067811865474617 ) ) ;
#2684 = EDGE_LOOP ( 'NONE', ( #3435, #2638, #891, #2115 ) ) ;
#2685 = CARTESIAN_POINT ( 'NONE',  ( 2.729289321881345209, 0.05000000000000012768, -4.249999999999999112 ) ) ;
#2686 = LINE ( 'NONE', #2971, #1024 ) ;
#2687 = ORIENTED_EDGE ( 'NONE', *, *, #2190, .T. ) ;
#2688 = ORIENTED_EDGE ( 'NONE', *, *, #2457, .T. ) ;
#2689 = UNCERTAINTY_MEASURE_WITH_UNIT (LENGTH_MEASURE( 1.000000000000000082E-05 ), #471, 'distance_accuracy_value', 'NONE');
#2690 = EDGE_CURVE ( 'NONE', #550, #259, #591, .T. ) ;
#2691 = VECTOR ( 'NONE', #89, 1000.000000000000114 ) ;
#2692 = STYLED_ITEM ( 'NONE', ( #2150 ), #2562 ) ;
#2693 = CARTESIAN_POINT ( 'NONE',  ( 0.0000000000000000000, 2.000000000000000000, 0.0000000000000000000 ) ) ;
#2694 = LINE ( 'NONE', #79, #560 ) ;
#2695 = VECTOR ( 'NONE', #1701, 1000.000000000000000 ) ;
#2696 = EDGE_CURVE ( 'NONE', #2505, #636, #3045, .T. ) ;
#2697 = VERTEX_POINT ( 'NONE', #2478 ) ;
#2698 = DIRECTION ( 'NONE',  ( 0.0000000000000000000, 1.000000000000000000, 0.0000000000000000000 ) ) ;
#2699 =( NAMED_UNIT ( * ) SI_UNIT ( $, .STERADIAN. ) SOLID_ANGLE_UNIT ( ) );
#2700 = DIRECTION ( 'NONE',  ( 3.469446951953717530E-15, 0.0000000000000000000, -1.000000000000000000 ) ) ;
#2701 = ADVANCED_FACE ( 'NONE', ( #618 ), #600, .T. ) ;
#2702 = EDGE_LOOP ( 'NONE', ( #3004, #2742 ) ) ;
#2703 = PLANE ( 'NONE',  #1934 ) ;
#2704 = EDGE_LOOP ( 'NONE', ( #3491, #2612, #2480, #541 ) ) ;
#2705 = FACE_OUTER_BOUND ( 'NONE', #1578, .T. ) ;
#2706 = VECTOR ( 'NONE', #3014, 1000.000000000000000 ) ;
#2707 = PLANE ( 'NONE',  #2318 ) ;
#2708 = ORIENTED_EDGE ( 'NONE', *, *, #3201, .F. ) ;
#2709 = FACE_OUTER_BOUND ( 'NONE', #3021, .T. ) ;
#2710 = LINE ( 'NONE', #2381, #1414 ) ;
#2711 = DIRECTION ( 'NONE',  ( -1.000000000000000000, 0.0000000000000000000, 0.0000000000000000000 ) ) ;
#2712 =( BOUNDED_CURVE ( )  B_SPLINE_CURVE ( 3, ( #2569, #1746, #959, #2000 ),
 .UNSPECIFIED., .F., .T. ) 
 B_SPLINE_CURVE_WITH_KNOTS ( ( 4, 4 ),
 ( 1.570796326794896558, 3.141592653589793116 ),
 .UNSPECIFIED. ) 
 CURVE ( )  GEOMETRIC_REPRESENTATION_ITEM ( )  RATIONAL_B_SPLINE_CURVE ( ( 1.000000000000000000, 0.8047378541243649375, 0.8047378541243649375, 1.000000000000000000 ) ) 
 REPRESENTATION_ITEM ( '' )  );
#2713 = CARTESIAN_POINT ( 'NONE',  ( -4.250000000000000000, 2.949999999999999734, -2.729289321881344321 ) ) ;
#2714 = AXIS2_PLACEMENT_3D ( 'NONE', #1784, #390, #2557 ) ;
#2715 = EDGE_LOOP ( 'NONE', ( #1557, #2924, #2588, #2688, #2108, #3207, #1880, #2266, #2724, #2985, #1354, #2966, #2907, #640, #201, #2379, #1401, #1155, #1709, #2630, #1343, #1483, #2626, #3411, #587, #194, #2262 ) ) ;
#2716 = VECTOR ( 'NONE', #73, 1000.000000000000114 ) ;
#2717 = EDGE_CURVE ( 'NONE', #2697, #1684, #1166, .T. ) ;
#2718 = CARTESIAN_POINT ( 'NONE',  ( 2.729289321881344765, 3.000000000000000000, 4.200000000000001066 ) ) ;
#2719 = ORIENTED_EDGE ( 'NONE', *, *, #1210, .T. ) ;
#2720 = ORIENTED_EDGE ( 'NONE', *, *, #3126, .F. ) ;
#2721 = EDGE_CURVE ( 'NONE', #3088, #2913, #2401, .T. ) ;
#2722 = SPHERICAL_SURFACE ( 'NONE', #675, 0.05000000000000000278 ) ;
#2723 = CYLINDRICAL_SURFACE ( 'NONE', #3480, 0.04999999999999991257 ) ;
#2724 = ORIENTED_EDGE ( 'NONE', *, *, #568, .T. ) ;
#2725 = EDGE_CURVE ( 'NONE', #2058, #1853, #772, .T. ) ;
#2726 = LINE ( 'NONE', #290, #1642 ) ;
#2727 = CARTESIAN_POINT ( 'NONE',  ( 2.867984791695985969, 0.2000000000000000389, -4.132015208304014031 ) ) ;
#2728 = AXIS2_PLACEMENT_3D ( 'NONE', #1036, #2129, #774 ) ;
#2729 = CARTESIAN_POINT ( 'NONE',  ( 3.750000000000000444, 2.700000000000000178, 1.500000000000000000 ) ) ;
#2730 = CARTESIAN_POINT ( 'NONE',  ( -2.309654435482566548, 2.900000000000000355, -2.468414913520643239 ) ) ;
#2731 = CARTESIAN_POINT ( 'NONE',  ( -3.000000000000000888, 0.0000000000000000000, 4.250000000000001776 ) ) ;
#2732 = CLOSED_SHELL ( 'NONE', ( #683, #661, #2896, #114, #3442, #2582, #2386, #2621, #3143, #1708, #831, #2978, #2976, #1990, #2889, #1415, #3252, #915, #1806, #955, #2179, #86, #2070, #33, #1639, #2014, #1941, #2494, #205, #958, #995, #110, #3339, #2335, #3040, #3011, #2562, #1986, #3292, #149, #812, #833, #1698, #966, #1968, #2500, #2259, #1832, #1767, #607, #2133, #2453, #858, #1572, #1253, #2701, #639, #1682, #237, #2237, #1086, #1846, #2276, #3399, #3166, #3305, #434, #1667, #2468, #2191, #2736, #1553, #167, #2516, #789, #1726, #2254, #1596, #1197, #29, #3016, #544, #3231, #1527, #1411, #2339, #2584, #469, #1176, #475, #3271, #2313, #3082, #756, #3422, #1466, #2118, #365, #3138, #1462, #2746, #451, #2114, #48, #717, #1129, #2992 ) ) ;
#2733 = EDGE_LOOP ( 'NONE', ( #2298, #2771, #2775, #2244 ) ) ;
#2734 =( NAMED_UNIT ( * ) SI_UNIT ( $, .STERADIAN. ) SOLID_ANGLE_UNIT ( ) );
#2735 = DIRECTION ( 'NONE',  ( 0.0000000000000000000, 0.0000000000000000000, 1.000000000000000000 ) ) ;
#2736 = ADVANCED_FACE ( 'NONE', ( #3197 ), #1159, .T. ) ;
#2737 = ORIENTED_EDGE ( 'NONE', *, *, #2696, .T. ) ;
#2738 = ORIENTED_EDGE ( 'NONE', *, *, #942, .T. ) ;
#2739 = LINE ( 'NONE', #806, #3049 ) ;
#2740 = DIRECTION ( 'NONE',  ( -2.891205793294678326E-16, 0.0000000000000000000, -1.000000000000000000 ) ) ;
#2741 = EDGE_CURVE ( 'NONE', #713, #3440, #1620, .T. ) ;
#2742 = ORIENTED_EDGE ( 'NONE', *, *, #1020, .F. ) ;
#2743 = FACE_OUTER_BOUND ( 'NONE', #2072, .T. ) ;
#2744 = DIRECTION ( 'NONE',  ( 0.0000000000000000000, 0.0000000000000000000, -1.000000000000000000 ) ) ;
#2745 = CARTESIAN_POINT ( 'NONE',  ( 2.729289321881344765, 2.949999999999999734, 4.200000000000001066 ) ) ;
#2746 = ADVANCED_FACE ( 'NONE', ( #2039 ), #340, .T. ) ;
#2747 = CARTESIAN_POINT ( 'NONE',  ( 1.700961894323337553, 2.949999999999999734, -0.7499999999999921174 ) ) ;
#2748 = CARTESIAN_POINT ( 'NONE',  ( 0.0000000000000000000, 2.000000000000000000, 0.0000000000000000000 ) ) ;
#2749 = VECTOR ( 'NONE', #3171, 1000.000000000000114 ) ;
#2750 = VECTOR ( 'NONE', #1133, 1000.000000000000000 ) ;
#2751 = VERTEX_POINT ( 'NONE', #2580 ) ;
#2752 =( GEOMETRIC_REPRESENTATION_CONTEXT ( 3 ) GLOBAL_UNCERTAINTY_ASSIGNED_CONTEXT ( ( #2868 ) ) GLOBAL_UNIT_ASSIGNED_CONTEXT ( ( #2134, #543, #1327 ) ) REPRESENTATION_CONTEXT ( 'NONE', 'WORKASPACE' ) );
#2753 = DIRECTION ( 'NONE',  ( 0.7071067811865474617, 0.0000000000000000000, -0.7071067811865474617 ) ) ;
#2754 = CARTESIAN_POINT ( 'NONE',  ( 4.200000000000000178, 3.000000000000000000, -2.729289321881344321 ) ) ;
#2755 = ORIENTED_EDGE ( 'NONE', *, *, #2955, .T. ) ;
#2756 = ORIENTED_EDGE ( 'NONE', *, *, #2094, .T. ) ;
#2757 = CARTESIAN_POINT ( 'NONE',  ( -3.209654435482566015, 2.900000000000000355, -2.468414913520643239 ) ) ;
#2758 = DIRECTION ( 'NONE',  ( 0.7071067811865474617, 0.0000000000000000000, -0.7071067811865474617 ) ) ;
#2759 = ORIENTED_EDGE ( 'NONE', *, *, #1296, .T. ) ;
#2760 = DIRECTION ( 'NONE',  ( 0.5000000000000017764, 0.0000000000000000000, 0.8660254037844375974 ) ) ;
#2761 = EDGE_CURVE ( 'NONE', #998, #2429, #1448, .T. ) ;
#2762 = FACE_OUTER_BOUND ( 'NONE', #2197, .T. ) ;
#2763 = EDGE_CURVE ( 'NONE', #2659, #2422, #2060, .T. ) ;
#2764 = DIRECTION ( 'NONE',  ( 0.0000000000000000000, 1.000000000000000000, 0.0000000000000000000 ) ) ;
#2765 = ORIENTED_EDGE ( 'NONE', *, *, #2763, .F. ) ;
#2766 = CARTESIAN_POINT ( 'NONE',  ( -4.200000000000000178, 3.000000000000000000, -2.729289321881344321 ) ) ;
#2767 = COLOUR_RGB ( '',0.6470588235294117974, 0.6196078431372549211, 0.5882352941176470784 ) ;
#2768 = DIRECTION ( 'NONE',  ( 0.7071067811865474617, 0.0000000000000000000, 0.7071067811865474617 ) ) ;
#2769 = ORIENTED_EDGE ( 'NONE', *, *, #2934, .F. ) ;
#2770 = VECTOR ( 'NONE', #3018, 1000.000000000000000 ) ;
#2771 = ORIENTED_EDGE ( 'NONE', *, *, #2383, .F. ) ;
#2772 = LINE ( 'NONE', #1498, #1122 ) ;
#2773 = DIRECTION ( 'NONE',  ( -6.938893903907227392E-16, 0.0000000000000000000, 1.000000000000000000 ) ) ;
#2774 = AXIS2_PLACEMENT_3D ( 'NONE', #1397, #1674, #3256 ) ;
#2775 = ORIENTED_EDGE ( 'NONE', *, *, #2297, .T. ) ;
#2776 = ORIENTED_EDGE ( 'NONE', *, *, #1745, .F. ) ;
#2777 = PLANE ( 'NONE',  #3454 ) ;
#2778 = EDGE_CURVE ( 'NONE', #2610, #71, #931, .T. ) ;
#2779 = CARTESIAN_POINT ( 'NONE',  ( 3.750000000000000444, 2.700000000000000178, 2.542893218813453426 ) ) ;
#2780 =( GEOMETRIC_REPRESENTATION_CONTEXT ( 3 ) GLOBAL_UNCERTAINTY_ASSIGNED_CONTEXT ( ( #1446 ) ) GLOBAL_UNIT_ASSIGNED_CONTEXT ( ( #1467, #933, #1773 ) ) REPRESENTATION_CONTEXT ( 'NONE', 'WORKASPACE' ) );
#2781 = LINE ( 'NONE', #881, #794 ) ;
#2782 = VECTOR ( 'NONE', #1353, 1000.000000000000000 ) ;
#2783 = EDGE_CURVE ( 'NONE', #226, #752, #2004, .T. ) ;
#2784 = FACE_OUTER_BOUND ( 'NONE', #2391, .T. ) ;
#2785 = ORIENTED_EDGE ( 'NONE', *, *, #3426, .F. ) ;
#2786 = DIRECTION ( 'NONE',  ( 1.000000000000000000, 0.0000000000000000000, -0.0000000000000000000 ) ) ;
#2787 = CARTESIAN_POINT ( 'NONE',  ( -3.209654435482566015, 2.900000000000000355, -2.768414913520643061 ) ) ;
#2788 = DIRECTION ( 'NONE',  ( 0.0000000000000000000, 0.0000000000000000000, 1.000000000000000000 ) ) ;
#2789 = APPLICATION_CONTEXT ( 'automotive_design' ) ;
#2790 = ORIENTED_EDGE ( 'NONE', *, *, #1261, .F. ) ;
#2791 = ORIENTED_EDGE ( 'NONE', *, *, #2778, .F. ) ;
#2792 = CARTESIAN_POINT ( 'NONE',  ( -3.750000000000000444, 0.5000000000000000000, -2.542893218813451650 ) ) ;
#2793 = DIRECTION ( 'NONE',  ( 1.000000000000000000, 0.0000000000000000000, 6.938893903907227392E-16 ) ) ;
#2794 = ORIENTED_EDGE ( 'NONE', *, *, #1686, .F. ) ;
#2795 = CARTESIAN_POINT ( 'NONE',  ( -2.750000000000000444, 0.05000000000000012768, 4.200000000000001066 ) ) ;
#2796 = LINE ( 'NONE', #2221, #1659 ) ;
#2797 = CARTESIAN_POINT ( 'NONE',  ( -2.764644660940672516, 3.000000000000000000, 4.235355339059329260 ) ) ;
#2798 = DIRECTION ( 'NONE',  ( -0.0000000000000000000, 1.000000000000000000, -0.0000000000000000000 ) ) ;
#2799 = DIRECTION ( 'NONE',  ( -0.7071067811865527908, 0.0000000000000000000, -0.7071067811865422437 ) ) ;
#2800 = ORIENTED_EDGE ( 'NONE', *, *, #1513, .T. ) ;
#2801 = CARTESIAN_POINT ( 'NONE',  ( 3.750000000000000444, 1.700000000000000178, 1.500000000000000000 ) ) ;
#2802 = CARTESIAN_POINT ( 'NONE',  ( 3.750000000000000444, 2.700000000000000178, -2.542893218813451650 ) ) ;
#2803 = EDGE_CURVE ( 'NONE', #3227, #2505, #126, .T. ) ;
#2804 =( LENGTH_UNIT ( ) NAMED_UNIT ( * ) SI_UNIT ( .MILLI., .METRE. ) );
#2805 = AXIS2_PLACEMENT_3D ( 'NONE', #2787, #349, #1436 ) ;
#2806 = EDGE_LOOP ( 'NONE', ( #203, #2184, #2678, #3429, #1189, #1445, #720, #1758, #1811, #2687 ) ) ;
#2807 = DIRECTION ( 'NONE',  ( 0.8660254037844417052, -0.0000000000000000000, 0.4999999999999947820 ) ) ;
#2808 = CARTESIAN_POINT ( 'NONE',  ( -1.709654435482566237, 3.000000000000000000, -2.468414913520643239 ) ) ;
#2809 = EDGE_CURVE ( 'NONE', #583, #2935, #391, .T. ) ;
#2810 = DIRECTION ( 'NONE',  ( 0.7071067811865475727, 0.0000000000000000000, -0.7071067811865475727 ) ) ;
#2811 = VECTOR ( 'NONE', #2758, 1000.000000000000114 ) ;
#2812 = ORIENTED_EDGE ( 'NONE', *, *, #2205, .T. ) ;
#2813 = ORIENTED_EDGE ( 'NONE', *, *, #936, .F. ) ;
#2814 = FILL_AREA_STYLE ('',( #967 ) ) ;
#2815 = DIRECTION ( 'NONE',  ( -1.000000000000000000, -0.0000000000000000000, -0.0000000000000000000 ) ) ;
#2816 = FILL_AREA_STYLE ('',( #592 ) ) ;
#2817 = LINE ( 'NONE', #3059, #1299 ) ;
#2818 = FACE_OUTER_BOUND ( 'NONE', #1046, .T. ) ;
#2819 =( NAMED_UNIT ( * ) SI_UNIT ( $, .STERADIAN. ) SOLID_ANGLE_UNIT ( ) );
#2820 = ORIENTED_EDGE ( 'NONE', *, *, #2176, .T. ) ;
#2821 = CARTESIAN_POINT ( 'NONE',  ( -4.213438055103234881, 7.154058593082425760E-17, 2.786561944896766452 ) ) ;
#2822 = DIRECTION ( 'NONE',  ( -0.0000000000000000000, -1.000000000000000000, -0.0000000000000000000 ) ) ;
#2823 = AXIS2_PLACEMENT_3D ( 'NONE', #551, #573, #2760 ) ;
#2824 = EDGE_CURVE ( 'NONE', #162, #2841, #92, .T. ) ;
#2825 = ORIENTED_EDGE ( 'NONE', *, *, #2138, .F. ) ;
#2826 = VECTOR ( 'NONE', #1245, 1000.000000000000000 ) ;
#2827 = DIRECTION ( 'NONE',  ( 0.0000000000000000000, -1.000000000000000000, 0.0000000000000000000 ) ) ;
#2828 = DIRECTION ( 'NONE',  ( 0.0000000000000000000, 0.0000000000000000000, 1.000000000000000000 ) ) ;
#2829 = DIRECTION ( 'NONE',  ( 0.7071067811865474617, 0.0000000000000000000, 0.7071067811865474617 ) ) ;
#2830 = EDGE_CURVE ( 'NONE', #1794, #1406, #1174, .T. ) ;
#2831 = ORIENTED_EDGE ( 'NONE', *, *, #3103, .T. ) ;
#2832 = AXIS2_PLACEMENT_3D ( 'NONE', #1132, #2698, #2168 ) ;
#2833 = UNCERTAINTY_MEASURE_WITH_UNIT (LENGTH_MEASURE( 1.000000000000000082E-05 ), #2164, 'distance_accuracy_value', 'NONE');
#2834 = CARTESIAN_POINT ( 'NONE',  ( -2.309654435482566548, 2.900000000000000355, -2.468414913520643239 ) ) ;
#2835 = CYLINDRICAL_SURFACE ( 'NONE', #221, 0.04999999999999969746 ) ;
#2836 = VECTOR ( 'NONE', #16, 1000.000000000000000 ) ;
#2837 = LINE ( 'NONE', #3127, #2438 ) ;
#2838 = DIRECTION ( 'NONE',  ( 0.8660254037844371533, 0.0000000000000000000, -0.5000000000000027756 ) ) ;
#2840 = LINE ( 'NONE', #3129, #2265 ) ;
#2839 = VECTOR ( 'NONE', #1989, 1000.000000000000000 ) ;
#2841 = VERTEX_POINT ( 'NONE', #1465 ) ;
#2842 = CARTESIAN_POINT ( 'NONE',  ( 2.774146800830128878, 0.005142521051217220293, 4.225853199169873342 ) ) ;
#2843 = MECHANICAL_DESIGN_GEOMETRIC_PRESENTATION_REPRESENTATION (  '', ( #860 ), #2163 ) ;
#2844 = ORIENTED_EDGE ( 'NONE', *, *, #1576, .F. ) ;
#2845 = AXIS2_PLACEMENT_3D ( 'NONE', #2975, #1054, #3500 ) ;
#2846 = DIRECTION ( 'NONE',  ( 0.5000000000000027756, 0.0000000000000000000, 0.8660254037844371533 ) ) ;
#2847 = CARTESIAN_POINT ( 'NONE',  ( -2.764644660940672516, 0.01464466094067270671, -4.235355339059327484 ) ) ;
#2848 = DIRECTION ( 'NONE',  ( -0.0000000000000000000, -1.000000000000000000, 0.0000000000000000000 ) ) ;
#2849 = LINE ( 'NONE', #2270, #3477 ) ;
#2850 = EDGE_CURVE ( 'NONE', #654, #2999, #608, .T. ) ;
#2851 = ORIENTED_EDGE ( 'NONE', *, *, #3056, .F. ) ;
#2852 = PLANE ( 'NONE',  #99 ) ;
#2853 = CARTESIAN_POINT ( 'NONE',  ( -3.000000000000000888, 0.2000000000000000111, 4.250000000000001776 ) ) ;
#2854 = EDGE_CURVE ( 'NONE', #416, #1769, #1771, .T. ) ;
#2855 = DIRECTION ( 'NONE',  ( 6.938893903907227392E-16, 0.0000000000000000000, 1.000000000000000000 ) ) ;
#2856 = DIRECTION ( 'NONE',  ( -0.7071067811865475727, 0.0000000000000000000, -0.7071067811865475727 ) ) ;
#2857 = CARTESIAN_POINT ( 'NONE',  ( 4.235969583392052762, 0.2000000000000000111, 2.999999999999980904 ) ) ;
#2858 = PRESENTATION_LAYER_ASSIGNMENT (  '', '', ( #2222 ) ) ;
#2859 = VERTEX_POINT ( 'NONE', #3090 ) ;
#2860 = SURFACE_SIDE_STYLE ('',( #2346 ) ) ;
#2861 = VERTEX_POINT ( 'NONE', #1987 ) ;
#2862 = DIRECTION ( 'NONE',  ( 0.7071067811865446862, 0.0000000000000000000, 0.7071067811865503483 ) ) ;
#2863 = DIRECTION ( 'NONE',  ( 0.7071067811865446862, 0.0000000000000000000, 0.7071067811865503483 ) ) ;
#2864 = PRESENTATION_LAYER_ASSIGNMENT (  '', '', ( #1963 ) ) ;
#2865 = ORIENTED_EDGE ( 'NONE', *, *, #8, .T. ) ;
#2866 = ORIENTED_EDGE ( 'NONE', *, *, #706, .T. ) ;
#2867 = CARTESIAN_POINT ( 'NONE',  ( -2.459654435482566015, 2.900000000000000355, -1.618414913520642928 ) ) ;
#2868 = UNCERTAINTY_MEASURE_WITH_UNIT (LENGTH_MEASURE( 1.000000000000000082E-05 ), #2134, 'distance_accuracy_value', 'NONE');
#2869 = CARTESIAN_POINT ( 'NONE',  ( -4.250000000000001776, 0.0000000000000000000, 3.000000000000000888 ) ) ;
#2870 = DIRECTION ( 'NONE',  ( 0.0000000000000000000, -0.0000000000000000000, -1.000000000000000000 ) ) ;
#2871 = EDGE_CURVE ( 'NONE', #2353, #1368, #2916, .T. ) ;
#2872 = CARTESIAN_POINT ( 'NONE',  ( 2.764644660940672516, 3.000000000000000000, 4.235355339059329260 ) ) ;
#2873 = DIRECTION ( 'NONE',  ( 0.0000000000000000000, -1.000000000000000000, 0.0000000000000000000 ) ) ;
#2874 = EDGE_CURVE ( 'NONE', #598, #3440, #2559, .T. ) ;
#2875 = LINE ( 'NONE', #168, #3105 ) ;
#2876 = ORIENTED_EDGE ( 'NONE', *, *, #2541, .T. ) ;
#2877 = FACE_OUTER_BOUND ( 'NONE', #1998, .T. ) ;
#2878 = FILL_AREA_STYLE ('',( #140 ) ) ;
#2879 = FILL_AREA_STYLE ('',( #1571 ) ) ;
#2880 = VERTEX_POINT ( 'NONE', #2106 ) ;
#2881 = VERTEX_POINT ( 'NONE', #160 ) ;
#2882 = FACE_OUTER_BOUND ( 'NONE', #35, .T. ) ;
#2883 = VECTOR ( 'NONE', #2321, 1000.000000000000000 ) ;
#2884 = CARTESIAN_POINT ( 'NONE',  ( -2.764644660940672516, 3.000000000000000000, -4.235355339059327484 ) ) ;
#2885 = ORIENTED_EDGE ( 'NONE', *, *, #1056, .F. ) ;
#2886 = VECTOR ( 'NONE', #2827, 1000.000000000000000 ) ;
#2887 = DIRECTION ( 'NONE',  ( 0.0000000000000000000, -0.0000000000000000000, 1.000000000000000000 ) ) ;
#2888 = AXIS2_PLACEMENT_3D ( 'NONE', #1909, #2477, #1637 ) ;
#2889 = ADVANCED_FACE ( 'NONE', ( #2091, #1560 ), #729, .F. ) ;
#2890 = VECTOR ( 'NONE', #1706, 1000.000000000000000 ) ;
#2891 = CARTESIAN_POINT ( 'NONE',  ( 4.235355339059328372, 0.01464466094067270671, -2.764644660940671628 ) ) ;
#2892 = VECTOR ( 'NONE', #2284, 1000.000000000000000 ) ;
#2893 = VERTEX_POINT ( 'NONE', #2901 ) ;
#2894 = CARTESIAN_POINT ( 'NONE',  ( -2.309654435482566104, 2.900000000000000355, -3.368414913520643150 ) ) ;
#2895 = VECTOR ( 'NONE', #94, 1000.000000000000000 ) ;
#2896 = ADVANCED_FACE ( 'NONE', ( #2395 ), #1246, .T. ) ;
#2897 = VERTEX_POINT ( 'NONE', #1542 ) ;
#2898 = AXIS2_PLACEMENT_3D ( 'NONE', #3023, #609, #844 ) ;
#2899 = ORIENTED_EDGE ( 'NONE', *, *, #593, .T. ) ;
#2900 = DIRECTION ( 'NONE',  ( -0.7071067811865475727, -0.0000000000000000000, 0.7071067811865475727 ) ) ;
#2901 = CARTESIAN_POINT ( 'NONE',  ( -4.125000000000000888, 0.2000000000000000389, 2.875000000000000444 ) ) ;
#2902 =( NAMED_UNIT ( * ) SI_UNIT ( $, .STERADIAN. ) SOLID_ANGLE_UNIT ( ) );
#2903 = ORIENTED_EDGE ( 'NONE', *, *, #3076, .T. ) ;
#2904 = UNCERTAINTY_MEASURE_WITH_UNIT (LENGTH_MEASURE( 1.000000000000000082E-05 ), #2593, 'distance_accuracy_value', 'NONE');
#2905 = CARTESIAN_POINT ( 'NONE',  ( 4.250000000000000000, 3.000000000000000000, -2.729289321881344321 ) ) ;
#2906 = FACE_OUTER_BOUND ( 'NONE', #1716, .T. ) ;
#2907 = ORIENTED_EDGE ( 'NONE', *, *, #2717, .T. ) ;
#2908 = EDGE_CURVE ( 'NONE', #151, #545, #827, .T. ) ;
#2909 = DIRECTION ( 'NONE',  ( 0.0000000000000000000, 0.0000000000000000000, -1.000000000000000000 ) ) ;
#2910 = LINE ( 'NONE', #3099, #1444 ) ;
#2911 = CARTESIAN_POINT ( 'NONE',  ( 0.0000000000000000000, 2.000000000000000000, 0.0000000000000000000 ) ) ;
#2912 = EDGE_LOOP ( 'NONE', ( #440, #18, #277, #3405 ) ) ;
#2913 = VERTEX_POINT ( 'NONE', #228 ) ;
#2914 = EDGE_CURVE ( 'NONE', #1673, #861, #2338, .T. ) ;
#2915 = DIRECTION ( 'NONE',  ( -1.000000000000000000, -0.0000000000000000000, -0.0000000000000000000 ) ) ;
#2916 =( BOUNDED_CURVE ( )  B_SPLINE_CURVE ( 3, ( #77, #3058, #1488, #2023 ),
 .UNSPECIFIED., .F., .T. ) 
 B_SPLINE_CURVE_WITH_KNOTS ( ( 4, 4 ),
 ( 3.926990816987232513, 4.712388980384671910 ),
 .UNSPECIFIED. ) 
 CURVE ( )  GEOMETRIC_REPRESENTATION_ITEM ( )  RATIONAL_B_SPLINE_CURVE ( ( 1.000000000000000000, 0.9492530216741923432, 0.9492530216741923432, 1.000000000000000000 ) ) 
 REPRESENTATION_ITEM ( '' )  );
#2917 = CARTESIAN_POINT ( 'NONE',  ( 3.750000000000000444, 1.700000000000000178, 1.500000000000000000 ) ) ;
#2918 = ORIENTED_EDGE ( 'NONE', *, *, #283, .F. ) ;
#2919 = VECTOR ( 'NONE', #422, 1000.000000000000000 ) ;
#2920 = ORIENTED_EDGE ( 'NONE', *, *, #2297, .F. ) ;
#2921 = CYLINDRICAL_SURFACE ( 'NONE', #3003, 0.04999999999999969746 ) ;
#2922 = DIRECTION ( 'NONE',  ( 0.0000000000000000000, 0.0000000000000000000, 1.000000000000000000 ) ) ;
#2923 = LINE ( 'NONE', #1600, #3450 ) ;
#2924 = ORIENTED_EDGE ( 'NONE', *, *, #2081, .T. ) ;
#2925 = CYLINDRICAL_SURFACE ( 'NONE', #3268, 0.04999999999999969746 ) ;
#2926 = LINE ( 'NONE', #260, #2232 ) ;
#2927 = DIRECTION ( 'NONE',  ( 0.0000000000000000000, -1.000000000000000000, 0.0000000000000000000 ) ) ;
#2928 = EDGE_CURVE ( 'NONE', #3232, #713, #749, .T. ) ;
#2929 = VERTEX_POINT ( 'NONE', #1292 ) ;
#2930 = ORIENTED_EDGE ( 'NONE', *, *, #327, .T. ) ;
#2931 = CARTESIAN_POINT ( 'NONE',  ( -4.200000000000000178, 2.949999999999999734, -2.729289321881344321 ) ) ;
#2932 = SURFACE_STYLE_USAGE ( .BOTH. , #480 ) ;
#2933 = LINE ( 'NONE', #498, #6 ) ;
#2934 = EDGE_CURVE ( 'NONE', #3151, #2841, #594, .T. ) ;
#2935 = VERTEX_POINT ( 'NONE', #2869 ) ;
#2936 = ORIENTED_EDGE ( 'NONE', *, *, #2048, .F. ) ;
#2937 = CIRCLE ( 'NONE', #1405, 0.05000000000000007216 ) ;
#2938 = CARTESIAN_POINT ( 'NONE',  ( 4.250000000000000000, 0.05000000000000012768, 2.729289321881346098 ) ) ;
#2939 = CARTESIAN_POINT ( 'NONE',  ( -2.742727376984580800, 0.03656194489676560522, -4.249999999999999112 ) ) ;
#2940 = DIRECTION ( 'NONE',  ( 0.0000000000000000000, 0.0000000000000000000, 1.000000000000000000 ) ) ;
#2941 = AXIS2_PLACEMENT_3D ( 'NONE', #940, #1221, #83 ) ;
#2942 = ORIENTED_EDGE ( 'NONE', *, *, #526, .F. ) ;
#2943 = CARTESIAN_POINT ( 'NONE',  ( 2.542893218813452538, 0.5000000000000000000, 3.750000000000001332 ) ) ;
#2944 = CARTESIAN_POINT ( 'NONE',  ( -2.729289321881343877, 2.949999999999999734, 4.200000000000001954 ) ) ;
#2945 = ORIENTED_EDGE ( 'NONE', *, *, #2008, .F. ) ;
#2946 = FACE_OUTER_BOUND ( 'NONE', #1595, .T. ) ;
#2947 = ORIENTED_EDGE ( 'NONE', *, *, #171, .T. ) ;
#2948 = AXIS2_PLACEMENT_3D ( 'NONE', #2345, #736, #1844 ) ;
#2949 = DIRECTION ( 'NONE',  ( 0.0000000000000000000, -0.0000000000000000000, 1.000000000000000000 ) ) ;
#2950 = EDGE_CURVE ( 'NONE', #3348, #1916, #3457, .T. ) ;
#2951 =( NAMED_UNIT ( * ) PLANE_ANGLE_UNIT ( ) SI_UNIT ( $, .RADIAN. ) );
#2952 = VECTOR ( 'NONE', #2062, 1000.000000000000000 ) ;
#2953 = ORIENTED_EDGE ( 'NONE', *, *, #1705, .F. ) ;
#2954 = EDGE_LOOP ( 'NONE', ( #2851, #1562, #1627 ) ) ;
#2955 = EDGE_CURVE ( 'NONE', #3121, #3142, #996, .T. ) ;
#2956 = CYLINDRICAL_SURFACE ( 'NONE', #2546, 0.04999999999999969746 ) ;
#2957 = CIRCLE ( 'NONE', #2442, 0.05000000000000007216 ) ;
#2958 = LINE ( 'NONE', #1653, #1712 ) ;
#2959 = PLANE ( 'NONE',  #509 ) ;
#2960 = EDGE_CURVE ( 'NONE', #2476, #1673, #984, .T. ) ;
#2961 = CARTESIAN_POINT ( 'NONE',  ( 4.200000000000000178, 2.949999999999999734, 2.729289321881346098 ) ) ;
#2962 = ORIENTED_EDGE ( 'NONE', *, *, #2558, .F. ) ;
#2963 = CARTESIAN_POINT ( 'NONE',  ( 4.200000000000000178, 1.700000000000000178, -1.500000000000000000 ) ) ;
#2964 = CARTESIAN_POINT ( 'NONE',  ( -2.874999999999992895, 0.2000000000000000389, -4.125000000000007105 ) ) ;
#2965 =( NAMED_UNIT ( * ) PLANE_ANGLE_UNIT ( ) SI_UNIT ( $, .RADIAN. ) );
#2966 = ORIENTED_EDGE ( 'NONE', *, *, #1, .T. ) ;
#2967 = SURFACE_SIDE_STYLE ('',( #803 ) ) ;
#2968 = ORIENTED_EDGE ( 'NONE', *, *, #431, .T. ) ;
#2969 = LINE ( 'NONE', #1351, #207 ) ;
#2970 = FILL_AREA_STYLE_COLOUR ( '', #3029 ) ;
#2971 = CARTESIAN_POINT ( 'NONE',  ( -4.249999999999996447, -0.0000000000000000000, -3.000000000000009770 ) ) ;
#2972 = ORIENTED_EDGE ( 'NONE', *, *, #2824, .T. ) ;
#2973 = DIRECTION ( 'NONE',  ( 1.000000000000000000, 0.0000000000000000000, 0.0000000000000000000 ) ) ;
#2974 = CARTESIAN_POINT ( 'NONE',  ( 4.235969583392052762, 0.0000000000000000000, 2.999999999999980904 ) ) ;
#2975 = CARTESIAN_POINT ( 'NONE',  ( 0.0000000000000000000, 2.200000000000000178, 0.8000000000000000444 ) ) ;
#2976 = ADVANCED_FACE ( 'NONE', ( #495 ), #1313, .T. ) ;
#2977 = DIRECTION ( 'NONE',  ( 0.0000000000000000000, -1.000000000000000000, 0.0000000000000000000 ) ) ;
#2978 = ADVANCED_FACE ( 'NONE', ( #1646 ), #808, .T. ) ;
#2979 = LINE ( 'NONE', #542, #1181 ) ;
#2980 = CARTESIAN_POINT ( 'NONE',  ( -3.000000000000000888, 0.2000000000000000111, 4.250000000000001776 ) ) ;
#2981 = ORIENTED_EDGE ( 'NONE', *, *, #3037, .F. ) ;
#2982 = ORIENTED_EDGE ( 'NONE', *, *, #872, .T. ) ;
#2983 = CARTESIAN_POINT ( 'NONE',  ( 4.235969583392052762, 0.2000000000000000111, 2.999999999999980904 ) ) ;
#2984 = DIRECTION ( 'NONE',  ( 1.000000000000000000, 0.0000000000000000000, 0.0000000000000000000 ) ) ;
#2985 = ORIENTED_EDGE ( 'NONE', *, *, #2473, .F. ) ;
#2986 = LINE ( 'NONE', #3248, #2209 ) ;
#2987 = DIRECTION ( 'NONE',  ( -1.000000000000000000, 0.0000000000000000000, 0.0000000000000000000 ) ) ;
#2988 = CARTESIAN_POINT ( 'NONE',  ( -4.235355339059328372, 2.949999999999999734, -2.764644660940671184 ) ) ;
#2989 = CARTESIAN_POINT ( 'NONE',  ( 4.117984791696036595, 0.2000000000000000389, 2.882015208303965181 ) ) ;
#2990 = VECTOR ( 'NONE', #204, 1000.000000000000000 ) ;
#2991 = DIRECTION ( 'NONE',  ( 0.0000000000000000000, -0.0000000000000000000, -1.000000000000000000 ) ) ;
#2992 = ADVANCED_FACE ( 'NONE', ( #548 ), #2723, .T. ) ;
#2993 = EDGE_LOOP ( 'NONE', ( #263, #2981, #1944, #347 ) ) ;
#2994 = CARTESIAN_POINT ( 'NONE',  ( -2.786561944896765564, 2.933759449433864968E-16, 4.213438055103237545 ) ) ;
#2995 = EDGE_CURVE ( 'NONE', #3193, #3232, #3494, .T. ) ;
#2996 = CARTESIAN_POINT ( 'NONE',  ( 0.0000000000000000000, 2.000000000000000000, -3.500000000000000000 ) ) ;
#2997 =( GEOMETRIC_REPRESENTATION_CONTEXT ( 3 ) GLOBAL_UNCERTAINTY_ASSIGNED_CONTEXT ( ( #553 ) ) GLOBAL_UNIT_ASSIGNED_CONTEXT ( ( #1923, #1658, #2734 ) ) REPRESENTATION_CONTEXT ( 'NONE', 'WORKASPACE' ) );
#2998 = VERTEX_POINT ( 'NONE', #3230 ) ;
#2999 = VERTEX_POINT ( 'NONE', #585 ) ;
#3000 = CARTESIAN_POINT ( 'NONE',  ( 2.786561944896765564, 1.859574300344824292E-16, -4.213438055103233104 ) ) ;
#3001 = AXIS2_PLACEMENT_3D ( 'NONE', #2748, #2441, #1904 ) ;
#3002 = CARTESIAN_POINT ( 'NONE',  ( -4.250000000000000000, 0.2000000000000000944, -2.749999999999999556 ) ) ;
#3003 = AXIS2_PLACEMENT_3D ( 'NONE', #829, #1614, #2987 ) ;
#3004 = ORIENTED_EDGE ( 'NONE', *, *, #3492, .F. ) ;
#3005 = DIRECTION ( 'NONE',  ( -0.0000000000000000000, 1.000000000000000000, -0.0000000000000000000 ) ) ;
#3006 = DIRECTION ( 'NONE',  ( 0.0000000000000000000, -1.000000000000000000, 0.0000000000000000000 ) ) ;
#3007 = AXIS2_PLACEMENT_3D ( 'NONE', #914, #1755, #3110 ) ;
#3008 = CYLINDRICAL_SURFACE ( 'NONE', #3062, 0.04999999999999969746 ) ;
#3009 = SURFACE_SIDE_STYLE ('',( #1430 ) ) ;
#3010 = LINE ( 'NONE', #1378, #3109 ) ;
#3011 = ADVANCED_FACE ( 'NONE', ( #3277 ), #519, .F. ) ;
#3012 = ORIENTED_EDGE ( 'NONE', *, *, #1106, .F. ) ;
#3013 = PLANE ( 'NONE',  #1447 ) ;
#3014 = DIRECTION ( 'NONE',  ( 1.000000000000000000, -0.0000000000000000000, -0.0000000000000000000 ) ) ;
#3015 = ORIENTED_EDGE ( 'NONE', *, *, #1296, .F. ) ;
#3016 = ADVANCED_FACE ( 'NONE', ( #2432 ), #1928, .T. ) ;
#3017 = ORIENTED_EDGE ( 'NONE', *, *, #3097, .T. ) ;
#3018 = DIRECTION ( 'NONE',  ( -2.891205793294678326E-16, -0.0000000000000000000, -1.000000000000000000 ) ) ;
#3019 = DIRECTION ( 'NONE',  ( 0.7071067811865474617, 0.0000000000000000000, 0.7071067811865474617 ) ) ;
#3020 = EDGE_CURVE ( 'NONE', #3506, #2501, #1403, .T. ) ;
#3021 = EDGE_LOOP ( 'NONE', ( #106, #2885, #1677, #929 ) ) ;
#3022 = DIRECTION ( 'NONE',  ( 0.0000000000000000000, -1.000000000000000000, 0.0000000000000000000 ) ) ;
#3023 = CARTESIAN_POINT ( 'NONE',  ( 0.0000000000000000000, 2.400000000000000355, 0.0000000000000000000 ) ) ;
#3024 = CARTESIAN_POINT ( 'NONE',  ( -2.542893218813452538, 0.5000000000000000000, 3.750000000000001332 ) ) ;
#3025 = CARTESIAN_POINT ( 'NONE',  ( -3.209654435482566015, 2.900000000000000355, -2.768414913520643061 ) ) ;
#3026 = STYLED_ITEM ( 'NONE', ( #1555 ), #3292 ) ;
#3027 = CARTESIAN_POINT ( 'NONE',  ( -4.235355339059328372, 0.01464466094067270671, -2.764644660940671628 ) ) ;
#3028 = ORIENTED_EDGE ( 'NONE', *, *, #1020, .T. ) ;
#3029 = COLOUR_RGB ( '',0.6470588235294117974, 0.6196078431372549211, 0.5882352941176470784 ) ;
#3030 = DIRECTION ( 'NONE',  ( 1.000000000000000000, -0.0000000000000000000, 1.224646799147353207E-16 ) ) ;
#3031 = DIRECTION ( 'NONE',  ( -1.000000000000000000, 0.0000000000000000000, -6.938893903907227392E-16 ) ) ;
#3032 = FACE_OUTER_BOUND ( 'NONE', #2616, .T. ) ;
#3033 = VERTEX_POINT ( 'NONE', #317 ) ;
#3034 = ORIENTED_EDGE ( 'NONE', *, *, #2048, .T. ) ;
#3035 = CYLINDRICAL_SURFACE ( 'NONE', #2481, 0.04999999999999969746 ) ;
#3036 = CARTESIAN_POINT ( 'NONE',  ( -3.750000000000000444, 2.700000000000000178, -2.542893218813451650 ) ) ;
#3037 = EDGE_CURVE ( 'NONE', #2935, #2859, #58, .T. ) ;
#3038 = ORIENTED_EDGE ( 'NONE', *, *, #2721, .F. ) ;
#3039 = CARTESIAN_POINT ( 'NONE',  ( -2.729289321881344765, 3.000000000000000000, -4.200000000000000178 ) ) ;
#3040 = ADVANCED_FACE ( 'NONE', ( #2484 ), #786, .T. ) ;
#3041 = FACE_BOUND ( 'NONE', #1316, .T. ) ;
#3042 = LINE ( 'NONE', #917, #3272 ) ;
#3043 = FACE_OUTER_BOUND ( 'NONE', #118, .T. ) ;
#3044 = LINE ( 'NONE', #3357, #1810 ) ;
#3045 = LINE ( 'NONE', #2193, #535 ) ;
#3046 = CIRCLE ( 'NONE', #3434, 0.05000000000000007216 ) ;
#3047 = FACE_OUTER_BOUND ( 'NONE', #1983, .T. ) ;
#3048 = ORIENTED_EDGE ( 'NONE', *, *, #2111, .T. ) ;
#3049 = VECTOR ( 'NONE', #584, 1000.000000000000000 ) ;
#3050 = EDGE_LOOP ( 'NONE', ( #677, #804, #387, #1164 ) ) ;
#3051 = CARTESIAN_POINT ( 'NONE',  ( -4.200000000000000178, 3.000000000000000000, -2.729289321881343877 ) ) ;
#3052 = FACE_OUTER_BOUND ( 'NONE', #3259, .T. ) ;
#3053 = VECTOR ( 'NONE', #1845, 1000.000000000000000 ) ;
#3054 = ORIENTED_EDGE ( 'NONE', *, *, #581, .F. ) ;
#3055 = AXIS2_PLACEMENT_3D ( 'NONE', #2961, #1863, #2940 ) ;
#3056 = EDGE_CURVE ( 'NONE', #784, #3220, #418, .T. ) ;
#3057 = DIRECTION ( 'NONE',  ( -3.469446951953505720E-15, 0.0000000000000000000, 1.000000000000000000 ) ) ;
#3058 = CARTESIAN_POINT ( 'NONE',  ( 4.225853199169872454, 0.005142521051217474430, -2.774146800830128434 ) ) ;
#3059 = CARTESIAN_POINT ( 'NONE',  ( -3.209654435482566015, 3.000000000000000000, -2.468414913520643239 ) ) ;
#3060 = VECTOR ( 'NONE', #1278, 1000.000000000000000 ) ;
#3061 = CARTESIAN_POINT ( 'NONE',  ( -2.729289321881343877, 2.949999999999999734, -4.200000000000000178 ) ) ;
#3062 = AXIS2_PLACEMENT_3D ( 'NONE', #1671, #913, #1393 ) ;
#3063 = CARTESIAN_POINT ( 'NONE',  ( -2.459654435482566015, 2.949999999999999734, -3.668414913520643417 ) ) ;
#3064 = EDGE_CURVE ( 'NONE', #2464, #460, #2849, .T. ) ;
#3065 = ORIENTED_EDGE ( 'NONE', *, *, #919, .T. ) ;
#3066 = VECTOR ( 'NONE', #1475, 1000.000000000000000 ) ;
#3067 = ORIENTED_EDGE ( 'NONE', *, *, #1482, .T. ) ;
#3068 = DIRECTION ( 'NONE',  ( 0.0000000000000000000, -1.000000000000000000, 0.0000000000000000000 ) ) ;
#3069 = CARTESIAN_POINT ( 'NONE',  ( 4.250000000000000000, 1.679289321881345165, 1.520710678118654569 ) ) ;
#3070 = SPHERICAL_SURFACE ( 'NONE', #2458, 0.05000000000000000278 ) ;
#3071 = ORIENTED_EDGE ( 'NONE', *, *, #171, .F. ) ;
#3072 = ORIENTED_EDGE ( 'NONE', *, *, #327, .F. ) ;
#3073 = DIRECTION ( 'NONE',  ( 0.7071067811865474617, 0.0000000000000000000, -0.7071067811865474617 ) ) ;
#3074 = LINE ( 'NONE', #894, #2839 ) ;
#3075 = CARTESIAN_POINT ( 'NONE',  ( 4.250000000000000000, 0.05000000000000012768, -2.729289321881344321 ) ) ;
#3076 = EDGE_CURVE ( 'NONE', #2610, #1336, #934, .T. ) ;
#3077 =( NAMED_UNIT ( * ) PLANE_ANGLE_UNIT ( ) SI_UNIT ( $, .RADIAN. ) );
#3078 = EDGE_LOOP ( 'NONE', ( #948, #1573, #3295, #2482 ) ) ;
#3079 = CARTESIAN_POINT ( 'NONE',  ( 9.797174393178826150E-17, 2.200000000000000178, -0.8000000000000000444 ) ) ;
#3080 = LINE ( 'NONE', #3340, #419 ) ;
#3081 = DIRECTION ( 'NONE',  ( 0.0000000000000000000, -1.000000000000000000, 0.0000000000000000000 ) ) ;
#3082 = ADVANCED_FACE ( 'NONE', ( #3052 ), #3070, .T. ) ;
#3083 = CIRCLE ( 'NONE', #2079, 1.000000000000000222 ) ;
#3084 = EDGE_LOOP ( 'NONE', ( #790, #810, #2756, #1900, #3400, #2326, #3239, #2405, #3260, #3242, #1243, #726 ) ) ;
#3085 = CARTESIAN_POINT ( 'NONE',  ( 3.024999999999999911, 3.000000000000000000, -0.04330127018922218241 ) ) ;
#3086 = DIRECTION ( 'NONE',  ( -0.0000000000000000000, 1.000000000000000000, -0.0000000000000000000 ) ) ;
#3087 = MECHANICAL_DESIGN_GEOMETRIC_PRESENTATION_REPRESENTATION (  '', ( #1967 ), #3139 ) ;
#3088 = VERTEX_POINT ( 'NONE', #1966 ) ;
#3089 = ORIENTED_EDGE ( 'NONE', *, *, #2803, .T. ) ;
#3090 = CARTESIAN_POINT ( 'NONE',  ( -4.125000000000000888, 0.0000000000000000000, 2.875000000000000000 ) ) ;
#3091 = DIRECTION ( 'NONE',  ( 0.7071067811865475727, 0.0000000000000000000, 0.7071067811865475727 ) ) ;
#3092 = ORIENTED_EDGE ( 'NONE', *, *, #936, .T. ) ;
#3093 = EDGE_CURVE ( 'NONE', #752, #1587, #2572, .T. ) ;
#3094 = CARTESIAN_POINT ( 'NONE',  ( 4.235969583392052762, 0.0000000000000000000, 2.999999999999980904 ) ) ;
#3095 = ORIENTED_EDGE ( 'NONE', *, *, #2356, .F. ) ;
#3096 = VECTOR ( 'NONE', #3190, 1000.000000000000000 ) ;
#3097 = EDGE_CURVE ( 'NONE', #2897, #2659, #2218, .T. ) ;
#3098 = LINE ( 'NONE', #3117, #2533 ) ;
#3099 = CARTESIAN_POINT ( 'NONE',  ( 2.750000000000000444, 0.0000000000000000000, -4.249999999999999112 ) ) ;
#3100 = DIRECTION ( 'NONE',  ( 0.0000000000000000000, 0.0000000000000000000, -1.000000000000000000 ) ) ;
#3101 = VECTOR ( 'NONE', #354, 1000.000000000000000 ) ;
#3102 = ORIENTED_EDGE ( 'NONE', *, *, #1112, .F. ) ;
#3103 = EDGE_CURVE ( 'NONE', #545, #731, #642, .T. ) ;
#3104 = DIRECTION ( 'NONE',  ( 0.0000000000000000000, 0.0000000000000000000, 1.000000000000000000 ) ) ;
#3105 = VECTOR ( 'NONE', #3446, 1000.000000000000000 ) ;
#3106 = UNCERTAINTY_MEASURE_WITH_UNIT (LENGTH_MEASURE( 1.000000000000000082E-05 ), #838, 'distance_accuracy_value', 'NONE');
#3107 = CARTESIAN_POINT ( 'NONE',  ( -2.750000000000000444, 0.05000000000000012768, -4.249999999999999112 ) ) ;
#3108 = DIRECTION ( 'NONE',  ( 0.7071067811865527908, 0.0000000000000000000, 0.7071067811865422437 ) ) ;
#3109 = VECTOR ( 'NONE', #576, 1000.000000000000000 ) ;
#3110 = DIRECTION ( 'NONE',  ( 0.0000000000000000000, 0.0000000000000000000, -1.000000000000000000 ) ) ;
#3111 = CIRCLE ( 'NONE', #1817, 3.500000000000000000 ) ;
#3113 = CARTESIAN_POINT ( 'NONE',  ( 2.985969583392024784, 0.2000000000000000111, -4.250000000000053291 ) ) ;
#3112 = VECTOR ( 'NONE', #400, 1000.000000000000000 ) ;
#3114 = VERTEX_POINT ( 'NONE', #1170 ) ;
#3115 = AXIS2_PLACEMENT_3D ( 'NONE', #1091, #1338, #3463 ) ;
#3116 = EDGE_LOOP ( 'NONE', ( #2962, #3329, #1815, #763 ) ) ;
#3117 = CARTESIAN_POINT ( 'NONE',  ( 4.235969583392052762, 0.2000000000000000111, 2.999999999999980904 ) ) ;
#3118 = DIRECTION ( 'NONE',  ( -0.0000000000000000000, -1.000000000000000000, -0.0000000000000000000 ) ) ;
#3119 = DIRECTION ( 'NONE',  ( 0.0000000000000000000, 0.0000000000000000000, 1.000000000000000000 ) ) ;
#3120 = EDGE_CURVE ( 'NONE', #2998, #1556, #2037, .T. ) ;
#3121 = VERTEX_POINT ( 'NONE', #2249 ) ;
#3122 = ORIENTED_EDGE ( 'NONE', *, *, #2874, .T. ) ;
#3123 = DIRECTION ( 'NONE',  ( 0.0000000000000000000, 0.0000000000000000000, 1.000000000000000000 ) ) ;
#3124 = DIRECTION ( 'NONE',  ( 0.0000000000000000000, 0.0000000000000000000, -1.000000000000000000 ) ) ;
#3125 = FILL_AREA_STYLE ('',( #146 ) ) ;
#3126 = EDGE_CURVE ( 'NONE', #3472, #9, #604, .T. ) ;
#3127 = CARTESIAN_POINT ( 'NONE',  ( -2.309654435482566104, 2.900000000000000355, -2.768414913520643061 ) ) ;
#3128 = CARTESIAN_POINT ( 'NONE',  ( -3.000000000000029754, 0.2000000000000000111, -4.250000000000044409 ) ) ;
#3129 = CARTESIAN_POINT ( 'NONE',  ( 4.286263797015736595E-16, 2.000000000000000000, 3.500000000000000000 ) ) ;
#3130 = SURFACE_STYLE_USAGE ( .BOTH. , #2860 ) ;
#3131 = ORIENTED_EDGE ( 'NONE', *, *, #2006, .T. ) ;
#3132 = CARTESIAN_POINT ( 'NONE',  ( 2.750000000000000444, 3.000000000000000000, -4.249999999999999112 ) ) ;
#3133 = DIRECTION ( 'NONE',  ( -1.000000000000000000, -0.0000000000000000000, -0.0000000000000000000 ) ) ;
#3134 = CIRCLE ( 'NONE', #1384, 0.05000000000000007216 ) ;
#3135 = AXIS2_PLACEMENT_3D ( 'NONE', #911, #3370, #412 ) ;
#3136 =( BOUNDED_CURVE ( )  B_SPLINE_CURVE ( 3, ( #1747, #3069, #367, #1480 ),
 .UNSPECIFIED., .F., .T. ) 
 B_SPLINE_CURVE_WITH_KNOTS ( ( 4, 4 ),
 ( 1.570796326794896558, 3.141592653589793116 ),
 .UNSPECIFIED. ) 
 CURVE ( )  GEOMETRIC_REPRESENTATION_ITEM ( )  RATIONAL_B_SPLINE_CURVE ( ( 1.000000000000000000, 0.8047378541243649375, 0.8047378541243649375, 1.000000000000000000 ) ) 
 REPRESENTATION_ITEM ( '' )  );
#3137 = ORIENTED_EDGE ( 'NONE', *, *, #1240, .T. ) ;
#3138 = ADVANCED_FACE ( 'NONE', ( #907 ), #1206, .T. ) ;
#3139 =( GEOMETRIC_REPRESENTATION_CONTEXT ( 3 ) GLOBAL_UNCERTAINTY_ASSIGNED_CONTEXT ( ( #125 ) ) GLOBAL_UNIT_ASSIGNED_CONTEXT ( ( #1085, #2951, #1370 ) ) REPRESENTATION_CONTEXT ( 'NONE', 'WORKASPACE' ) );
#3140 = DIRECTION ( 'NONE',  ( 0.0000000000000000000, -0.0000000000000000000, 1.000000000000000000 ) ) ;
#3141 = SURFACE_STYLE_USAGE ( .BOTH. , #413 ) ;
#3142 = VERTEX_POINT ( 'NONE', #1154 ) ;
#3143 = ADVANCED_FACE ( 'NONE', ( #681 ), #2285, .T. ) ;
#3144 = CARTESIAN_POINT ( 'NONE',  ( 3.000000000000000444, 2.949999999999999734, -1.568270899662006211E-16 ) ) ;
#3145 = DIRECTION ( 'NONE',  ( 0.7071067811865475727, 0.0000000000000000000, 0.7071067811865475727 ) ) ;
#3146 = EDGE_CURVE ( 'NONE', #3414, #713, #2573, .T. ) ;
#3147 = PLANE ( 'NONE',  #274 ) ;
#3148 = ORIENTED_EDGE ( 'NONE', *, *, #3287, .T. ) ;
#3149 = SURFACE_SIDE_STYLE ('',( #1829 ) ) ;
#3150 = ORIENTED_EDGE ( 'NONE', *, *, #1106, .T. ) ;
#3151 = VERTEX_POINT ( 'NONE', #889 ) ;
#3152 = CARTESIAN_POINT ( 'NONE',  ( -2.742727376984580800, 0.03656194489676561216, 4.250000000000000888 ) ) ;
#3153 = DIRECTION ( 'NONE',  ( -0.0000000000000000000, -1.000000000000000000, -0.0000000000000000000 ) ) ;
#3154 = AXIS2_PLACEMENT_3D ( 'NONE', #1173, #3386, #3123 ) ;
#3155 = DIRECTION ( 'NONE',  ( 0.0000000000000000000, 0.0000000000000000000, -1.000000000000000000 ) ) ;
#3156 = ORIENTED_EDGE ( 'NONE', *, *, #977, .F. ) ;
#3157 = STYLED_ITEM ( 'NONE', ( #2639 ), #661 ) ;
#3158 = CARTESIAN_POINT ( 'NONE',  ( 3.750000000000000444, 2.700000000000000178, 2.542893218813453426 ) ) ;
#3159 = PRESENTATION_LAYER_ASSIGNMENT (  '', '', ( #1013 ) ) ;
#3160 = EDGE_CURVE ( 'NONE', #2132, #2120, #2018, .T. ) ;
#3161 = CARTESIAN_POINT ( 'NONE',  ( 2.755142521051217042, 0.02414680083012837528, 4.244857478948784291 ) ) ;
#3162 =( GEOMETRIC_REPRESENTATION_CONTEXT ( 3 ) GLOBAL_UNCERTAINTY_ASSIGNED_CONTEXT ( ( #2355 ) ) GLOBAL_UNIT_ASSIGNED_CONTEXT ( ( #2617, #705, #2327 ) ) REPRESENTATION_CONTEXT ( 'NONE', 'WORKASPACE' ) );
#3163 = CARTESIAN_POINT ( 'NONE',  ( 4.250000000000000000, 1.650000000000000133, 2.750000000000001332 ) ) ;
#3164 =( NAMED_UNIT ( * ) SI_UNIT ( $, .STERADIAN. ) SOLID_ANGLE_UNIT ( ) );
#3165 = COLOUR_RGB ( '',0.6470588235294117974, 0.6196078431372549211, 0.5882352941176470784 ) ;
#3166 = ADVANCED_FACE ( 'NONE', ( #624 ), #1714, .T. ) ;
#3167 = ORIENTED_EDGE ( 'NONE', *, *, #74, .T. ) ;
#3168 = CARTESIAN_POINT ( 'NONE',  ( 0.0000000000000000000, 2.400000000000000355, 0.0000000000000000000 ) ) ;
#3169 = MECHANICAL_DESIGN_GEOMETRIC_PRESENTATION_REPRESENTATION (  '', ( #2051 ), #968 ) ;
#3170 = SURFACE_SIDE_STYLE ('',( #472 ) ) ;
#3171 = DIRECTION ( 'NONE',  ( -0.8660254037844417052, 0.0000000000000000000, -0.4999999999999947820 ) ) ;
#3172 = ORIENTED_EDGE ( 'NONE', *, *, #386, .F. ) ;
#3173 = AXIS2_PLACEMENT_3D ( 'NONE', #2289, #1821, #1754 ) ;
#3174 = ORIENTED_EDGE ( 'NONE', *, *, #305, .F. ) ;
#3175 = LINE ( 'NONE', #1799, #375 ) ;
#3176 = DIRECTION ( 'NONE',  ( -0.0000000000000000000, -1.000000000000000000, -0.0000000000000000000 ) ) ;
#3177 = CARTESIAN_POINT ( 'NONE',  ( 2.985969583392024784, 0.2000000000000000111, -4.250000000000053291 ) ) ;
#3178 = ORIENTED_EDGE ( 'NONE', *, *, #1442, .F. ) ;
#3179 = ORIENTED_EDGE ( 'NONE', *, *, #1750, .F. ) ;
#3180 = CARTESIAN_POINT ( 'NONE',  ( -4.250000000000000000, 0.2000000000000000944, 2.750000000000001332 ) ) ;
#3181 = CARTESIAN_POINT ( 'NONE',  ( 2.542893218813452538, 0.5000000000000000000, -3.749999999999999556 ) ) ;
#3182 = DIRECTION ( 'NONE',  ( 0.0000000000000000000, -0.0000000000000000000, 1.000000000000000000 ) ) ;
#3183 = EDGE_CURVE ( 'NONE', #2841, #2435, #1269, .T. ) ;
#3184 = VERTEX_POINT ( 'NONE', #490 ) ;
#3185 = LINE ( 'NONE', #2085, #378 ) ;
#3186 = CARTESIAN_POINT ( 'NONE',  ( -4.249999999999996447, 0.2000000000000000111, -3.000000000000009770 ) ) ;
#3187 = EDGE_CURVE ( 'NONE', #2861, #2610, #3134, .T. ) ;
#3188 = ORIENTED_EDGE ( 'NONE', *, *, #2871, .F. ) ;
#3189 = ORIENTED_EDGE ( 'NONE', *, *, #1905, .T. ) ;
#3190 = DIRECTION ( 'NONE',  ( 0.0000000000000000000, 0.0000000000000000000, 1.000000000000000000 ) ) ;
#3191 = CARTESIAN_POINT ( 'NONE',  ( -2.786561944896765564, 1.312175386579949206E-16, -4.213438055103233104 ) ) ;
#3192 = VECTOR ( 'NONE', #3133, 1000.000000000000000 ) ;
#3193 = VERTEX_POINT ( 'NONE', #2087 ) ;
#3194 = AXIS2_PLACEMENT_3D ( 'NONE', #1259, #3176, #3124 ) ;
#3195 = ORIENTED_EDGE ( 'NONE', *, *, #2950, .T. ) ;
#3196 = DIRECTION ( 'NONE',  ( -0.0000000000000000000, -1.000000000000000000, -0.0000000000000000000 ) ) ;
#3197 = FACE_OUTER_BOUND ( 'NONE', #2669, .T. ) ;
#3198 = CARTESIAN_POINT ( 'NONE',  ( 4.235355339059328372, 0.01464466094067270671, 2.764644660940673404 ) ) ;
#3199 = CARTESIAN_POINT ( 'NONE',  ( -2.609654435482565926, 3.000000000000000000, -3.368414913520643594 ) ) ;
#3200 = DIRECTION ( 'NONE',  ( -1.000000000000000000, 0.0000000000000000000, -0.0000000000000000000 ) ) ;
#3201 = EDGE_CURVE ( 'NONE', #1538, #861, #2609, .T. ) ;
#3202 = CARTESIAN_POINT ( 'NONE',  ( -3.000000000000029754, 0.2000000000000000111, -4.250000000000044409 ) ) ;
#3203 = DIRECTION ( 'NONE',  ( 0.0000000000000000000, -0.0000000000000000000, -1.000000000000000000 ) ) ;
#3204 = CARTESIAN_POINT ( 'NONE',  ( 4.200000000000000178, 2.949999999999999734, -2.729289321881344321 ) ) ;
#3205 = EDGE_LOOP ( 'NONE', ( #2200, #1964, #1254, #1052 ) ) ;
#3206 = CARTESIAN_POINT ( 'NONE',  ( 0.0000000000000000000, 3.000000000000000000, 0.0000000000000000000 ) ) ;
#3207 = ORIENTED_EDGE ( 'NONE', *, *, #428, .T. ) ;
#3208 = CARTESIAN_POINT ( 'NONE',  ( 4.235969583392039439, 0.2000000000000000111, -3.000000000000056843 ) ) ;
#3209 = CARTESIAN_POINT ( 'NONE',  ( 1.650961894323337731, 2.949999999999999734, -0.7499999999999921174 ) ) ;
#3210 = CARTESIAN_POINT ( 'NONE',  ( 4.235969583392052762, 0.2000000000000000111, 4.250000000000001776 ) ) ;
#3211 = ORIENTED_EDGE ( 'NONE', *, *, #2648, .F. ) ;
#3212 = ORIENTED_EDGE ( 'NONE', *, *, #3183, .F. ) ;
#3213 = DIRECTION ( 'NONE',  ( 0.0000000000000000000, 0.0000000000000000000, -1.000000000000000000 ) ) ;
#3214 = CARTESIAN_POINT ( 'NONE',  ( 4.229289321881346098, 2.700000000000000178, -1.500000000000000000 ) ) ;
#3215 =( GEOMETRIC_REPRESENTATION_CONTEXT ( 3 ) GLOBAL_UNCERTAINTY_ASSIGNED_CONTEXT ( ( #2689 ) ) GLOBAL_UNIT_ASSIGNED_CONTEXT ( ( #471, #2332, #722 ) ) REPRESENTATION_CONTEXT ( 'NONE', 'WORKASPACE' ) );
#3216 = CARTESIAN_POINT ( 'NONE',  ( -1.709654435482566015, 2.900000000000000355, -2.768414913520643061 ) ) ;
#3217 = CARTESIAN_POINT ( 'NONE',  ( -2.609654435482565926, 3.000000000000000000, -1.868414913520642928 ) ) ;
#3218 = AXIS2_PLACEMENT_3D ( 'NONE', #777, #278, #1621 ) ;
#3219 = AXIS2_PLACEMENT_3D ( 'NONE', #3299, #3091, #633 ) ;
#3220 = VERTEX_POINT ( 'NONE', #697 ) ;
#3221 = DIRECTION ( 'NONE',  ( 0.0000000000000000000, 0.0000000000000000000, 1.000000000000000000 ) ) ;
#3222 = SURFACE_SIDE_STYLE ('',( #2425 ) ) ;
#3223 = CARTESIAN_POINT ( 'NONE',  ( -2.459654435482566015, 3.000000000000000000, -2.618414913520643150 ) ) ;
#3224 = VECTOR ( 'NONE', #271, 1000.000000000000000 ) ;
#3225 = ORIENTED_EDGE ( 'NONE', *, *, #428, .F. ) ;
#3226 = FILL_AREA_STYLE ('',( #2496 ) ) ;
#3227 = VERTEX_POINT ( 'NONE', #3432 ) ;
#3228 = CIRCLE ( 'NONE', #1190, 3.500000000000000000 ) ;
#3229 = DIRECTION ( 'NONE',  ( -1.000000000000000000, -0.0000000000000000000, -1.445602896647339706E-15 ) ) ;
#3230 = CARTESIAN_POINT ( 'NONE',  ( 2.800000000000000266, 0.0000000000000000000, 4.200000000000001066 ) ) ;
#3231 = ADVANCED_FACE ( 'NONE', ( #744 ), #3358, .T. ) ;
#3232 = VERTEX_POINT ( 'NONE', #760 ) ;
#3233 = DIRECTION ( 'NONE',  ( 0.0000000000000000000, 0.0000000000000000000, 1.000000000000000000 ) ) ;
#3234 = CARTESIAN_POINT ( 'NONE',  ( -2.542893218813452538, 2.700000000000000178, -3.749999999999999556 ) ) ;
#3235 =( GEOMETRIC_REPRESENTATION_CONTEXT ( 3 ) GLOBAL_UNCERTAINTY_ASSIGNED_CONTEXT ( ( #2322 ) ) GLOBAL_UNIT_ASSIGNED_CONTEXT ( ( #2804, #1960, #638 ) ) REPRESENTATION_CONTEXT ( 'NONE', 'WORKASPACE' ) );
#3236 = EDGE_CURVE ( 'NONE', #1958, #3232, #1953, .T. ) ;
#3237 = DIRECTION ( 'NONE',  ( 1.000000000000000000, 0.0000000000000000000, 0.0000000000000000000 ) ) ;
#3238 = DIRECTION ( 'NONE',  ( 0.0000000000000000000, 0.0000000000000000000, -1.000000000000000000 ) ) ;
#3239 = ORIENTED_EDGE ( 'NONE', *, *, #1802, .T. ) ;
#3240 = FACE_OUTER_BOUND ( 'NONE', #1136, .T. ) ;
#3241 = CARTESIAN_POINT ( 'NONE',  ( -2.609654435482565926, 2.900000000000000355, -2.468414913520643239 ) ) ;
#3242 = ORIENTED_EDGE ( 'NONE', *, *, #764, .T. ) ;
#3243 = ORIENTED_EDGE ( 'NONE', *, *, #1038, .T. ) ;
#3244 = DIRECTION ( 'NONE',  ( -0.0000000000000000000, 0.0000000000000000000, 1.000000000000000000 ) ) ;
#3245 = PRESENTATION_STYLE_ASSIGNMENT (( #1103 ) ) ;
#3246 = ORIENTED_EDGE ( 'NONE', *, *, #593, .F. ) ;
#3247 = EDGE_CURVE ( 'NONE', #3385, #416, #723, .T. ) ;
#3248 = CARTESIAN_POINT ( 'NONE',  ( 2.985969583392024784, 0.0000000000000000000, -4.250000000000053291 ) ) ;
#3249 = DIRECTION ( 'NONE',  ( 0.0000000000000000000, 0.0000000000000000000, -1.000000000000000000 ) ) ;
#3250 = VECTOR ( 'NONE', #1428, 1000.000000000000000 ) ;
#3251 = PRESENTATION_STYLE_ASSIGNMENT (( #865 ) ) ;
#3252 = ADVANCED_FACE ( 'NONE', ( #1008, #1781 ), #1585, .T. ) ;
#3253 = DIRECTION ( 'NONE',  ( -0.0000000000000000000, -1.000000000000000000, -0.0000000000000000000 ) ) ;
#3254 = VECTOR ( 'NONE', #3153, 1000.000000000000000 ) ;
#3255 = ORIENTED_EDGE ( 'NONE', *, *, #890, .T. ) ;
#3256 = DIRECTION ( 'NONE',  ( 0.0000000000000000000, 0.0000000000000000000, 1.000000000000000000 ) ) ;
#3257 = CARTESIAN_POINT ( 'NONE',  ( -2.799999999999999378, 0.0000000000000000000, 4.200000000000001954 ) ) ;
#3258 = FILL_AREA_STYLE_COLOUR ( '', #2061 ) ;
#3259 = EDGE_LOOP ( 'NONE', ( #2800, #1463, #565 ) ) ;
#3260 = ORIENTED_EDGE ( 'NONE', *, *, #1386, .T. ) ;
#3261 = LINE ( 'NONE', #2216, #897 ) ;
#3262 = CARTESIAN_POINT ( 'NONE',  ( -4.250000000000000000, 0.05000000000000012768, 2.750000000000001332 ) ) ;
#3263 = ORIENTED_EDGE ( 'NONE', *, *, #2075, .F. ) ;
#3264 = LINE ( 'NONE', #841, #323 ) ;
#3265 = FACE_OUTER_BOUND ( 'NONE', #684, .T. ) ;
#3266 = CARTESIAN_POINT ( 'NONE',  ( -4.244857478948783402, 0.02414680083012838568, -2.755142521051216598 ) ) ;
#3267 = DIRECTION ( 'NONE',  ( -0.0000000000000000000, 1.000000000000000000, -0.0000000000000000000 ) ) ;
#3268 = AXIS2_PLACEMENT_3D ( 'NONE', #1267, #2349, #1007 ) ;
#3269 = AXIS2_PLACEMENT_3D ( 'NONE', #2028, #2786, #1723 ) ;
#3270 = CARTESIAN_POINT ( 'NONE',  ( 0.0000000000000000000, 0.2000000000000000111, 0.0000000000000000000 ) ) ;
#3271 = ADVANCED_FACE ( 'NONE', ( #175 ), #2590, .T. ) ;
#3272 = VECTOR ( 'NONE', #3284, 1000.000000000000000 ) ;
#3273 = EDGE_LOOP ( 'NONE', ( #435, #1711, #1372, #2103 ) ) ;
#3274 = ORIENTED_EDGE ( 'NONE', *, *, #734, .F. ) ;
#3275 = CARTESIAN_POINT ( 'NONE',  ( 2.714644660940672249, 3.000000000000000000, -4.214644660940671805 ) ) ;
#3276 = PRESENTATION_LAYER_ASSIGNMENT (  '', '', ( #796 ) ) ;
#3277 = FACE_OUTER_BOUND ( 'NONE', #3, .T. ) ;
#3278 = AXIS2_PLACEMENT_3D ( 'NONE', #2439, #255, #3237 ) ;
#3279 = EDGE_LOOP ( 'NONE', ( #1630, #2447, #928, #920 ) ) ;
#3280 = PLANE ( 'NONE',  #492 ) ;
#3281 = FACE_OUTER_BOUND ( 'NONE', #143, .T. ) ;
#3282 = STYLED_ITEM ( 'NONE', ( #1736 ), #2191 ) ;
#3283 = PLANE ( 'NONE',  #3173 ) ;
#3284 = DIRECTION ( 'NONE',  ( 0.0000000000000000000, -1.000000000000000000, 0.0000000000000000000 ) ) ;
#3285 =( NAMED_UNIT ( * ) PLANE_ANGLE_UNIT ( ) SI_UNIT ( $, .RADIAN. ) );
#3286 = VERTEX_POINT ( 'NONE', #1797 ) ;
#3287 = EDGE_CURVE ( 'NONE', #1853, #352, #458, .T. ) ;
#3288 = DIRECTION ( 'NONE',  ( -0.7071067811865474617, 0.0000000000000000000, 0.7071067811865474617 ) ) ;
#3289 = CARTESIAN_POINT ( 'NONE',  ( -4.235355339059328372, 0.01464466094067270671, 2.764644660940673404 ) ) ;
#3290 = CARTESIAN_POINT ( 'NONE',  ( -2.459654435482566015, 2.900000000000000355, -3.618414913520643150 ) ) ;
#3291 = EDGE_LOOP ( 'NONE', ( #2020, #2529, #1434, #439 ) ) ;
#3292 = ADVANCED_FACE ( 'NONE', ( #712 ), #2101, .T. ) ;
#3293 = DIRECTION ( 'NONE',  ( 1.000000000000000000, -0.0000000000000000000, -0.0000000000000000000 ) ) ;
#3294 =( NAMED_UNIT ( * ) PLANE_ANGLE_UNIT ( ) SI_UNIT ( $, .RADIAN. ) );
#3295 = ORIENTED_EDGE ( 'NONE', *, *, #2383, .T. ) ;
#3296 = PRESENTATION_STYLE_ASSIGNMENT (( #2220 ) ) ;
#3297 = PRESENTATION_STYLE_ASSIGNMENT (( #64 ) ) ;
#3298 = EDGE_CURVE ( 'NONE', #3121, #2464, #1869, .T. ) ;
#3299 = CARTESIAN_POINT ( 'NONE',  ( 3.464644660940672249, 2.949999999999999734, -3.464644660940672249 ) ) ;
#3300 = CARTESIAN_POINT ( 'NONE',  ( 4.250000000000000000, 2.750000000000000444, 1.550000000000000044 ) ) ;
#3301 = EDGE_LOOP ( 'NONE', ( #123, #2930, #755, #1995 ) ) ;
#3302 = LINE ( 'NONE', #348, #329 ) ;
#3303 = DIRECTION ( 'NONE',  ( -0.0000000000000000000, -1.000000000000000000, -0.0000000000000000000 ) ) ;
#3304 = CARTESIAN_POINT ( 'NONE',  ( 0.0000000000000000000, 2.000000000000000000, 0.0000000000000000000 ) ) ;
#3305 = ADVANCED_FACE ( 'NONE', ( #1623 ), #1640, .T. ) ;
#3306 = ORIENTED_EDGE ( 'NONE', *, *, #1344, .T. ) ;
#3307 = CARTESIAN_POINT ( 'NONE',  ( 1.700961894323337997, 2.900000000000000355, 0.7500000000000078826 ) ) ;
#3308 =( BOUNDED_CURVE ( )  B_SPLINE_CURVE ( 3, ( #3456, #3408, #2666, #227 ),
 .UNSPECIFIED., .F., .T. ) 
 B_SPLINE_CURVE_WITH_KNOTS ( ( 4, 4 ),
 ( 4.712388980384686121, 6.283185307179586232 ),
 .UNSPECIFIED. ) 
 CURVE ( )  GEOMETRIC_REPRESENTATION_ITEM ( )  RATIONAL_B_SPLINE_CURVE ( ( 1.000000000000000000, 0.8047378541243641603, 0.8047378541243641603, 1.000000000000000000 ) ) 
 REPRESENTATION_ITEM ( '' )  );
#3309 = DIRECTION ( 'NONE',  ( -0.0000000000000000000, -1.000000000000000000, 0.0000000000000000000 ) ) ;
#3310 = EDGE_CURVE ( 'NONE', #861, #2501, #1328, .T. ) ;
#3311 = ORIENTED_EDGE ( 'NONE', *, *, #1237, .F. ) ;
#3312 = LINE ( 'NONE', #2867, #1581 ) ;
#3313 = DIRECTION ( 'NONE',  ( 1.000000000000000000, 0.0000000000000000000, 0.0000000000000000000 ) ) ;
#3314 = EDGE_CURVE ( 'NONE', #2141, #871, #2681, .T. ) ;
#3315 = DIRECTION ( 'NONE',  ( -0.0000000000000000000, -0.0000000000000000000, -1.000000000000000000 ) ) ;
#3316 = DIRECTION ( 'NONE',  ( 0.7071067811865474617, 0.0000000000000000000, 0.7071067811865474617 ) ) ;
#3317 = DIRECTION ( 'NONE',  ( -0.8660254037844371533, -0.0000000000000000000, 0.5000000000000027756 ) ) ;
#3318 = ORIENTED_EDGE ( 'NONE', *, *, #2960, .T. ) ;
#3319 =( NAMED_UNIT ( * ) SI_UNIT ( $, .STERADIAN. ) SOLID_ANGLE_UNIT ( ) );
#3320 = CARTESIAN_POINT ( 'NONE',  ( 4.235969583392039439, 0.0000000000000000000, -3.000000000000056843 ) ) ;
#3321 = AXIS2_PLACEMENT_3D ( 'NONE', #665, #645, #1751 ) ;
#3322 = CYLINDRICAL_SURFACE ( 'NONE', #805, 3.500000000000000000 ) ;
#3323 = VECTOR ( 'NONE', #2862, 1000.000000000000114 ) ;
#3324 = ORIENTED_EDGE ( 'NONE', *, *, #3360, .T. ) ;
#3325 = LINE ( 'NONE', #905, #1006 ) ;
#3326 = CARTESIAN_POINT ( 'NONE',  ( 2.542893218813452538, 2.700000000000000178, 3.750000000000001332 ) ) ;
#3327 = AXIS2_PLACEMENT_3D ( 'NONE', #97, #921, #901 ) ;
#3328 =( BOUNDED_CURVE ( )  B_SPLINE_CURVE ( 3, ( #2891, #450, #2620, #181 ),
 .UNSPECIFIED., .F., .T. ) 
 B_SPLINE_CURVE_WITH_KNOTS ( ( 4, 4 ),
 ( 0.7853981633974482790, 1.570796326794896558 ),
 .UNSPECIFIED. ) 
 CURVE ( )  GEOMETRIC_REPRESENTATION_ITEM ( )  RATIONAL_B_SPLINE_CURVE ( ( 1.000000000000000000, 0.9492530216741911220, 0.9492530216741911220, 1.000000000000000000 ) ) 
 REPRESENTATION_ITEM ( '' )  );
#3329 = ORIENTED_EDGE ( 'NONE', *, *, #1719, .F. ) ;
#3330 = CARTESIAN_POINT ( 'NONE',  ( 2.750000000000000000, 2.949999999999999734, 4.250000000000000888 ) ) ;
#3331 = AXIS2_PLACEMENT_3D ( 'NONE', #1145, #1588, #2153 ) ;
#3332 = CARTESIAN_POINT ( 'NONE',  ( 2.742727376984580800, 0.03656194489676561216, -4.249999999999999112 ) ) ;
#3333 = DIRECTION ( 'NONE',  ( -0.7071067811865446862, 0.0000000000000000000, -0.7071067811865503483 ) ) ;
#3334 = COLOUR_RGB ( '',0.6470588235294117974, 0.6196078431372549211, 0.5882352941176470784 ) ;
#3335 = EDGE_CURVE ( 'NONE', #2913, #947, #1550, .T. ) ;
#3336 = CARTESIAN_POINT ( 'NONE',  ( -4.124999999999993783, 0.0000000000000000000, -2.875000000000006217 ) ) ;
#3337 = FILL_AREA_STYLE_COLOUR ( '', #3165 ) ;
#3338 = ORIENTED_EDGE ( 'NONE', *, *, #807, .T. ) ;
#3339 = ADVANCED_FACE ( 'NONE', ( #1911 ), #1307, .T. ) ;
#3340 = CARTESIAN_POINT ( 'NONE',  ( 0.0000000000000000000, 2.400000000000000355, -1.000000000000000000 ) ) ;
#3341 = DIRECTION ( 'NONE',  ( -0.0000000000000000000, 1.000000000000000000, -0.0000000000000000000 ) ) ;
#3342 = STYLED_ITEM ( 'NONE', ( #136 ), #155 ) ;
#3343 = ORIENTED_EDGE ( 'NONE', *, *, #2603, .T. ) ;
#3344 = LINE ( 'NONE', #925, #3101 ) ;
#3345 = DIRECTION ( 'NONE',  ( 0.0000000000000000000, 1.000000000000000000, 0.0000000000000000000 ) ) ;
#3346 = DIRECTION ( 'NONE',  ( 0.0000000000000000000, 0.0000000000000000000, -1.000000000000000000 ) ) ;
#3347 = ORIENTED_EDGE ( 'NONE', *, *, #1789, .F. ) ;
#3348 = VERTEX_POINT ( 'NONE', #2996 ) ;
#3349 = CYLINDRICAL_SURFACE ( 'NONE', #3154, 0.04999999999999969746 ) ;
#3350 = LINE ( 'NONE', #1786, #970 ) ;
#3351 = EDGE_CURVE ( 'NONE', #1368, #1684, #3471, .T. ) ;
#3352 = FACE_OUTER_BOUND ( 'NONE', #1287, .T. ) ;
#3353 = DIRECTION ( 'NONE',  ( -0.7071067811865449082, -0.0000000000000000000, -0.7071067811865501263 ) ) ;
#3354 = EDGE_CURVE ( 'NONE', #2120, #1030, #632, .T. ) ;
#3355 = CARTESIAN_POINT ( 'NONE',  ( -2.309654435482566548, 3.000000000000000000, -2.468414913520643239 ) ) ;
#3356 = ORIENTED_EDGE ( 'NONE', *, *, #3464, .T. ) ;
#3357 = CARTESIAN_POINT ( 'NONE',  ( -4.235355339059328372, 3.000000000000000000, 2.764644660940673404 ) ) ;
#3358 = TOROIDAL_SURFACE ( 'NONE', #1843, 1.050000000000000044, 0.05000000000000000278 ) ;
#3359 = CARTESIAN_POINT ( 'NONE',  ( -4.235355339059328372, 2.949999999999999734, 2.764644660940672960 ) ) ;
#3360 = EDGE_CURVE ( 'NONE', #2415, #3151, #2957, .T. ) ;
#3361 = MECHANICAL_DESIGN_GEOMETRIC_PRESENTATION_REPRESENTATION (  '', ( #2692 ), #2752 ) ;
#3362 = EDGE_LOOP ( 'NONE', ( #381, #1613 ) ) ;
#3363 = LINE ( 'NONE', #1204, #2656 ) ;
#3364 = LINE ( 'NONE', #2035, #1994 ) ;
#3365 = DIRECTION ( 'NONE',  ( 0.7071067811865475727, 0.0000000000000000000, -0.7071067811865475727 ) ) ;
#3366 = STYLED_ITEM ( 'NONE', ( #3476 ), #2896 ) ;
#3367 = ORIENTED_EDGE ( 'NONE', *, *, #1745, .T. ) ;
#3368 = ORIENTED_EDGE ( 'NONE', *, *, #2407, .T. ) ;
#3369 = SURFACE_STYLE_FILL_AREA ( #2814 ) ;
#3370 = DIRECTION ( 'NONE',  ( 0.0000000000000000000, 1.000000000000000000, 0.0000000000000000000 ) ) ;
#3371 = DIRECTION ( 'NONE',  ( 0.0000000000000000000, -1.000000000000000000, 0.0000000000000000000 ) ) ;
#3372 =( LENGTH_UNIT ( ) NAMED_UNIT ( * ) SI_UNIT ( .MILLI., .METRE. ) );
#3373 = VERTEX_POINT ( 'NONE', #2151 ) ;
#3374 = DIRECTION ( 'NONE',  ( -0.0000000000000000000, 1.000000000000000000, 0.0000000000000000000 ) ) ;
#3375 = EDGE_CURVE ( 'NONE', #1228, #2202, #1888, .T. ) ;
#3376 = ORIENTED_EDGE ( 'NONE', *, *, #3406, .F. ) ;
#3377 = CARTESIAN_POINT ( 'NONE',  ( 2.750000000000000444, 0.2000000000000000944, 4.250000000000000888 ) ) ;
#3378 = PLANE ( 'NONE',  #1679 ) ;
#3379 = LINE ( 'NONE', #120, #2047 ) ;
#3380 = EDGE_CURVE ( 'NONE', #947, #3088, #1425, .T. ) ;
#3381 = DIRECTION ( 'NONE',  ( -0.0000000000000000000, 1.000000000000000000, 0.0000000000000000000 ) ) ;
#3382 = MECHANICAL_DESIGN_GEOMETRIC_PRESENTATION_REPRESENTATION (  '', ( #3157 ), #3215 ) ;
#3383 = EDGE_LOOP ( 'NONE', ( #2918, #1383, #1423, #170 ) ) ;
#3384 =( BOUNDED_CURVE ( )  B_SPLINE_CURVE ( 3, ( #1412, #2178, #1972, #2747 ),
 .UNSPECIFIED., .F., .T. ) 
 B_SPLINE_CURVE_WITH_KNOTS ( ( 4, 4 ),
 ( 4.712388980384687898, 6.283185307179586232 ),
 .UNSPECIFIED. ) 
 CURVE ( )  GEOMETRIC_REPRESENTATION_ITEM ( )  RATIONAL_B_SPLINE_CURVE ( ( 1.000000000000000000, 0.8047378541243646044, 0.8047378541243646044, 1.000000000000000000 ) ) 
 REPRESENTATION_ITEM ( '' )  );
#3385 = VERTEX_POINT ( 'NONE', #1183 ) ;
#3386 = DIRECTION ( 'NONE',  ( -1.000000000000000000, 0.0000000000000000000, 0.0000000000000000000 ) ) ;
#3387 = MECHANICAL_DESIGN_GEOMETRIC_PRESENTATION_REPRESENTATION (  '', ( #1013 ), #2997 ) ;
#3388 = UNCERTAINTY_MEASURE_WITH_UNIT (LENGTH_MEASURE( 1.000000000000000082E-05 ), #1544, 'distance_accuracy_value', 'NONE');
#3389 = DIRECTION ( 'NONE',  ( -0.7071067811865479058, -0.0000000000000000000, 0.7071067811865470176 ) ) ;
#3390 = LINE ( 'NONE', #2040, #169 ) ;
#3391 = VECTOR ( 'NONE', #1651, 1000.000000000000000 ) ;
#3392 = DIRECTION ( 'NONE',  ( 1.000000000000000000, -0.0000000000000000000, 0.0000000000000000000 ) ) ;
#3393 = AXIS2_PLACEMENT_3D ( 'NONE', #1597, #291, #254 ) ;
#3395 = DIRECTION ( 'NONE',  ( 0.7071067811865475727, 0.0000000000000000000, -0.7071067811865475727 ) ) ;
#3394 = STYLED_ITEM ( 'NONE', ( #3297 ), #1986 ) ;
#3396 = ORIENTED_EDGE ( 'NONE', *, *, #131, .T. ) ;
#3397 = LINE ( 'NONE', #3163, #3053 ) ;
#3398 = AXIS2_PLACEMENT_3D ( 'NONE', #2414, #2396, #1838 ) ;
#3399 = ADVANCED_FACE ( 'NONE', ( #3032 ), #379, .T. ) ;
#3400 = ORIENTED_EDGE ( 'NONE', *, *, #2558, .T. ) ;
#3401 = DIRECTION ( 'NONE',  ( -1.000000000000000000, 0.0000000000000000000, -6.938893903907227392E-16 ) ) ;
#3402 = DIRECTION ( 'NONE',  ( 0.0000000000000000000, 0.0000000000000000000, -1.000000000000000000 ) ) ;
#3403 = PRODUCT_DEFINITION_FORMATION_WITH_SPECIFIED_SOURCE ( 'ANY', '', #2341, .NOT_KNOWN. ) ;
#3404 = DIRECTION ( 'NONE',  ( 0.7071067811865475727, 0.0000000000000000000, 0.7071067811865475727 ) ) ;
#3405 = ORIENTED_EDGE ( 'NONE', *, *, #942, .F. ) ;
#3406 = EDGE_CURVE ( 'NONE', #388, #2294, #923, .T. ) ;
#3407 = VERTEX_POINT ( 'NONE', #2013 ) ;
#3408 = CARTESIAN_POINT ( 'NONE',  ( 1.680251216204683429, 3.000000000000000888, 0.7858719467607228060 ) ) ;
#3409 = DIRECTION ( 'NONE',  ( 0.0000000000000000000, -1.000000000000000000, 0.0000000000000000000 ) ) ;
#3410 = CARTESIAN_POINT ( 'NONE',  ( -2.309654435482566548, 2.900000000000000355, -2.468414913520643239 ) ) ;
#3411 = ORIENTED_EDGE ( 'NONE', *, *, #1508, .T. ) ;
#3412 = CARTESIAN_POINT ( 'NONE',  ( -2.609654435482565926, 2.900000000000000355, -3.368414913520643594 ) ) ;
#3413 = CARTESIAN_POINT ( 'NONE',  ( -4.124999999999993783, 3.000000000000000000, -2.875000000000006217 ) ) ;
#3414 = VERTEX_POINT ( 'NONE', #3359 ) ;
#3415 = AXIS2_PLACEMENT_3D ( 'NONE', #3451, #3118, #3402 ) ;
#3416 = FILL_AREA_STYLE_COLOUR ( '', #1866 ) ;
#3417 = SURFACE_STYLE_FILL_AREA ( #2879 ) ;
#3418 = ORIENTED_EDGE ( 'NONE', *, *, #2824, .F. ) ;
#3419 = ORIENTED_EDGE ( 'NONE', *, *, #411, .T. ) ;
#3420 = LINE ( 'NONE', #1590, #1347 ) ;
#3421 = CARTESIAN_POINT ( 'NONE',  ( -2.729289321881343877, 2.949999999999999734, 4.200000000000001066 ) ) ;
#3422 = ADVANCED_FACE ( 'NONE', ( #3047 ), #1455, .T. ) ;
#3423 = PLANE ( 'NONE',  #512 ) ;
#3424 = ORIENTED_EDGE ( 'NONE', *, *, #522, .T. ) ;
#3425 = SURFACE_SIDE_STYLE ('',( #2633 ) ) ;
#3426 = EDGE_CURVE ( 'NONE', #974, #654, #941, .T. ) ;
#3427 = FACE_OUTER_BOUND ( 'NONE', #224, .T. ) ;
#3428 = FACE_OUTER_BOUND ( 'NONE', #1335, .T. ) ;
#3429 = ORIENTED_EDGE ( 'NONE', *, *, #2211, .T. ) ;
#3430 = DIRECTION ( 'NONE',  ( -0.0000000000000000000, -1.000000000000000000, -0.0000000000000000000 ) ) ;
#3431 = CARTESIAN_POINT ( 'NONE',  ( -4.249999999999996447, -0.0000000000000000000, -3.000000000000009770 ) ) ;
#3432 = CARTESIAN_POINT ( 'NONE',  ( -2.875000000000000000, 0.2000000000000000389, 4.125000000000001776 ) ) ;
#3433 = EDGE_LOOP ( 'NONE', ( #1839, #1229, #2942, #2577 ) ) ;
#3434 = AXIS2_PLACEMENT_3D ( 'NONE', #43, #269, #2175 ) ;
#3435 = ORIENTED_EDGE ( 'NONE', *, *, #193, .F. ) ;
#3436 = CARTESIAN_POINT ( 'NONE',  ( 2.542893218813452538, 2.700000000000000178, -3.749999999999999556 ) ) ;
#3437 = DIRECTION ( 'NONE',  ( -0.0000000000000000000, -0.0000000000000000000, -1.000000000000000000 ) ) ;
#3438 = CARTESIAN_POINT ( 'NONE',  ( -2.309654435482566548, 2.900000000000000355, -2.468414913520643239 ) ) ;
#3439 = CIRCLE ( 'NONE', #1312, 0.04999999999999991257 ) ;
#3440 = VERTEX_POINT ( 'NONE', #313 ) ;
#3441 = CIRCLE ( 'NONE', #1586, 0.04999999999999969746 ) ;
#3442 = ADVANCED_FACE ( 'NONE', ( #1978 ), #3322, .T. ) ;
#3443 = DIRECTION ( 'NONE',  ( 0.0000000000000000000, -1.000000000000000000, 0.0000000000000000000 ) ) ;
#3444 = LINE ( 'NONE', #2112, #798 ) ;
#3445 = VECTOR ( 'NONE', #3316, 1000.000000000000114 ) ;
#3446 = DIRECTION ( 'NONE',  ( -0.0000000000000000000, 1.000000000000000000, -0.0000000000000000000 ) ) ;
#3447 = VECTOR ( 'NONE', #1317, 1000.000000000000000 ) ;
#3448 = ORIENTED_EDGE ( 'NONE', *, *, #1210, .F. ) ;
#3449 = PLANE ( 'NONE',  #1408 ) ;
#3450 = VECTOR ( 'NONE', #196, 1000.000000000000114 ) ;
#3451 = CARTESIAN_POINT ( 'NONE',  ( 0.0000000000000000000, 2.400000000000000355, 0.0000000000000000000 ) ) ;
#3452 = CARTESIAN_POINT ( 'NONE',  ( -2.542893218813452538, 0.5000000000000000000, -3.749999999999999556 ) ) ;
#3453 = ORIENTED_EDGE ( 'NONE', *, *, #3298, .T. ) ;
#3454 = AXIS2_PLACEMENT_3D ( 'NONE', #358, #321, #1935 ) ;
#3455 = ORIENTED_EDGE ( 'NONE', *, *, #1785, .T. ) ;
#3456 = CARTESIAN_POINT ( 'NONE',  ( 1.650961894323338175, 3.000000000000000000, 0.8366025403784519421 ) ) ;
#3457 = LINE ( 'NONE', #1837, #3254 ) ;
#3458 =( GEOMETRIC_REPRESENTATION_CONTEXT ( 3 ) GLOBAL_UNCERTAINTY_ASSIGNED_CONTEXT ( ( #1157 ) ) GLOBAL_UNIT_ASSIGNED_CONTEXT ( ( #1222, #2330, #3164 ) ) REPRESENTATION_CONTEXT ( 'NONE', 'WORKASPACE' ) );
#3459 = CARTESIAN_POINT ( 'NONE',  ( -3.750000000000000444, 0.5000000000000000000, -2.542893218813451650 ) ) ;
#3460 = EDGE_LOOP ( 'NONE', ( #1657, #1207, #3424, #2947, #3306, #1200, #2247, #499, #2576, #1362 ) ) ;
#3461 = ORIENTED_EDGE ( 'NONE', *, *, #890, .F. ) ;
#3462 = CARTESIAN_POINT ( 'NONE',  ( 0.0000000000000000000, 0.5000000000000000000, 0.0000000000000000000 ) ) ;
#3463 = DIRECTION ( 'NONE',  ( 0.0000000000000000000, 0.0000000000000000000, -1.000000000000000000 ) ) ;
#3464 = EDGE_CURVE ( 'NONE', #873, #2859, #1202, .T. ) ;
#3465 = DIRECTION ( 'NONE',  ( 1.000000000000000000, 0.0000000000000000000, 7.228014483236699514E-16 ) ) ;
#3466 = DIRECTION ( 'NONE',  ( 7.228014483236698528E-16, -0.0000000000000000000, -1.000000000000000000 ) ) ;
#3467 = EDGE_CURVE ( 'NONE', #654, #2565, #2229, .T. ) ;
#3468 = ORIENTED_EDGE ( 'NONE', *, *, #2250, .F. ) ;
#3469 = CARTESIAN_POINT ( 'NONE',  ( -4.250000000000000888, 0.2000000000000000111, 4.250000000000000888 ) ) ;
#3470 = DIRECTION ( 'NONE',  ( 0.0000000000000000000, 0.0000000000000000000, -1.000000000000000000 ) ) ;
#3471 = LINE ( 'NONE', #2135, #517 ) ;
#3472 = VERTEX_POINT ( 'NONE', #870 ) ;
#3473 = DIRECTION ( 'NONE',  ( 0.0000000000000000000, 0.0000000000000000000, 1.000000000000000000 ) ) ;
#3474 = ORIENTED_EDGE ( 'NONE', *, *, #2421, .F. ) ;
#3475 = CARTESIAN_POINT ( 'NONE',  ( 1.224646799147353207E-16, 2.400000000000000355, 1.000000000000000000 ) ) ;
#3476 = PRESENTATION_STYLE_ASSIGNMENT (( #2932 ) ) ;
#3477 = VECTOR ( 'NONE', #1748, 1000.000000000000000 ) ;
#3478 = AXIS2_PLACEMENT_3D ( 'NONE', #117, #2922, #2654 ) ;
#3479 = ORIENTED_EDGE ( 'NONE', *, *, #2830, .F. ) ;
#3480 = AXIS2_PLACEMENT_3D ( 'NONE', #1666, #1897, #859 ) ;
#3481 = EDGE_LOOP ( 'NONE', ( #2226, #2195, #1495, #1113, #3172 ) ) ;
#3482 = CARTESIAN_POINT ( 'NONE',  ( 2.985969583392042992, 0.0000000000000000000, 4.250000000000001776 ) ) ;
#3483 = CARTESIAN_POINT ( 'NONE',  ( -4.250000000000000000, 0.05000000000000012768, -2.729289321881344321 ) ) ;
#3484 = CARTESIAN_POINT ( 'NONE',  ( -1.709654435482566015, 2.900000000000000355, -2.768414913520643061 ) ) ;
#3485 = EDGE_LOOP ( 'NONE', ( #3376, #187, #3396, #2968 ) ) ;
#3486 = EDGE_CURVE ( 'NONE', #784, #151, #2212, .T. ) ;
#3487 = CARTESIAN_POINT ( 'NONE',  ( -4.200000000000000178, 2.949999999999999734, 0.0000000000000000000 ) ) ;
#3488 = DIRECTION ( 'NONE',  ( -0.7071067811865475727, -0.0000000000000000000, -0.7071067811865475727 ) ) ;
#3489 = ORIENTED_EDGE ( 'NONE', *, *, #1635, .F. ) ;
#3490 = CARTESIAN_POINT ( 'NONE',  ( -2.309654435482566104, 3.000000000000000000, -2.768414913520643061 ) ) ;
#3491 = ORIENTED_EDGE ( 'NONE', *, *, #2211, .F. ) ;
#3492 = EDGE_CURVE ( 'NONE', #3407, #1116, #916, .T. ) ;
#3493 = CARTESIAN_POINT ( 'NONE',  ( 1.700961894323337553, 2.900000000000000355, -0.7499999999999921174 ) ) ;
#3494 = LINE ( 'NONE', #3262, #1791 ) ;
#3495 = DIRECTION ( 'NONE',  ( 0.0000000000000000000, 0.0000000000000000000, -1.000000000000000000 ) ) ;
#3496 = ORIENTED_EDGE ( 'NONE', *, *, #2928, .F. ) ;
#3497 = VERTEX_POINT ( 'NONE', #3094 ) ;
#3498 = PRESENTATION_LAYER_ASSIGNMENT (  '', '', ( #1805 ) ) ;
#3499 = DIRECTION ( 'NONE',  ( 0.7071067811865473507, -0.0000000000000000000, 0.7071067811865477948 ) ) ;
#3500 = DIRECTION ( 'NONE',  ( 0.0000000000000000000, 0.0000000000000000000, 1.000000000000000000 ) ) ;
#3501 = VECTOR ( 'NONE', #603, 1000.000000000000000 ) ;
#3502 =( BOUNDED_CURVE ( )  B_SPLINE_CURVE ( 3, ( #1263, #1563, #1233, #1526 ),
 .UNSPECIFIED., .F., .T. ) 
 B_SPLINE_CURVE_WITH_KNOTS ( ( 4, 4 ),
 ( 0.0000000000000000000, 1.570796326794896558 ),
 .UNSPECIFIED. ) 
 CURVE ( )  GEOMETRIC_REPRESENTATION_ITEM ( )  RATIONAL_B_SPLINE_CURVE ( ( 1.000000000000000000, 0.8047378541243649375, 0.8047378541243649375, 1.000000000000000000 ) ) 
 REPRESENTATION_ITEM ( '' )  );
#3503 = LINE ( 'NONE', #2146, #1875 ) ;
#3504 = PRESENTATION_LAYER_ASSIGNMENT (  '', '', ( #2307 ) ) ;
#3505 = VECTOR ( 'NONE', #1774, 1000.000000000000000 ) ;
#3506 = VERTEX_POINT ( 'NONE', #52 ) ;
#3507 = CARTESIAN_POINT ( 'NONE',  ( -4.250000000000001776, 0.2000000000000000111, 3.000000000000000888 ) ) ;
#3508 = CARTESIAN_POINT ( 'NONE',  ( 3.750000000000000444, 2.700000000000000178, 1.500000000000000000 ) ) ;
#3509 = AXIS2_PLACEMENT_3D ( 'NONE', #863, #1392, #1123 ) ;
ENDSEC;
END-ISO-10303-21;
