ISO-10303-21;
HEADER;
/* Generated by software containing ST-Developer
 * from STEP Tools, Inc. (www.steptools.com) 
 */
/* OPTION: using custom renumber hook */

FILE_DESCRIPTION(
/* description */ ('STEP AP242 Edition 2',
'CAx-IF Rec.Pracs.---Representation and Presentation of Product Manufa
cturing Information (PMI)---4.0---2014-10-13',
'CAx-IF Rec.Pracs.---3D Tessellated Geometry---0.4---2014-09-14','2;1',
'CAx-IF Rec.Pracs.---User Defined Attributes---1.5---2016-08-15'),
/* implementation_level */ '2;1');

FILE_NAME(
/* name */ 'Part Studio 1',
/* time_stamp */ '2026-05-25T19:36:51Z',
/* author */ (''),
/* organization */ (''),
/* preprocessor_version */ 'ST-DEVELOPER v20',
/* originating_system */ 'ONSHAPE BY PTC INC, 1.215',
/* authorisation */ '  ');

FILE_SCHEMA (('AP242_MANAGED_MODEL_BASED_3D_ENGINEERING_MIM_LF { 1 0 10303 442 3 1 4 }'));
ENDSEC;

DATA;
#10=SURFACE_STYLE_RENDERING_WITH_PROPERTIES(.CONSTANT_SHADING.,#12,(#11));
#11=SURFACE_STYLE_TRANSPARENT(0.501960784313726);
#12=DRAUGHTING_PRE_DEFINED_COLOUR('white');
#13=SHAPE_REPRESENTATION_RELATIONSHIP('','',#1420,#23);
#14=SHAPE_REPRESENTATION_RELATIONSHIP('','',#1421,#24);
#15=SHAPE_REPRESENTATION_RELATIONSHIP('','',#1422,#25);
#16=SHAPE_REPRESENTATION_RELATIONSHIP('','',#1423,#26);
#17=SHAPE_REPRESENTATION_RELATIONSHIP('','',#1424,#27);
#18=SHAPE_REPRESENTATION_RELATIONSHIP('','',#1425,#28);
#19=SHAPE_REPRESENTATION_RELATIONSHIP('','',#1426,#29);
#20=SHAPE_REPRESENTATION_RELATIONSHIP('','',#1427,#30);
#21=SHAPE_REPRESENTATION_RELATIONSHIP('','',#1428,#31);
#22=SHAPE_REPRESENTATION_RELATIONSHIP('','',#1429,#32);
#23=ADVANCED_BREP_SHAPE_REPRESENTATION('',(#1400),#2340);
#24=ADVANCED_BREP_SHAPE_REPRESENTATION('',(#1401),#2341);
#25=ADVANCED_BREP_SHAPE_REPRESENTATION('',(#1402),#2342);
#26=ADVANCED_BREP_SHAPE_REPRESENTATION('',(#1403),#2343);
#27=ADVANCED_BREP_SHAPE_REPRESENTATION('',(#1404),#2344);
#28=ADVANCED_BREP_SHAPE_REPRESENTATION('',(#1405),#2345);
#29=ADVANCED_BREP_SHAPE_REPRESENTATION('',(#1406),#2346);
#30=ADVANCED_BREP_SHAPE_REPRESENTATION('',(#1407),#2347);
#31=ADVANCED_BREP_SHAPE_REPRESENTATION('',(#1408),#2348);
#32=ADVANCED_BREP_SHAPE_REPRESENTATION('',(#1409),#2349);
#33=CIRCLE('',#1433,5.E-5);
#34=CIRCLE('',#1434,5.E-5);
#35=CIRCLE('',#1437,5.E-5);
#36=CIRCLE('',#1438,5.E-5);
#37=CIRCLE('',#1441,5.E-5);
#38=CIRCLE('',#1442,5.E-5);
#39=CIRCLE('',#1445,5.E-5);
#40=CIRCLE('',#1446,5.E-5);
#41=CIRCLE('',#1452,5.E-5);
#42=CIRCLE('',#1453,5.E-5);
#43=CIRCLE('',#1456,5.E-5);
#44=CIRCLE('',#1457,5.E-5);
#45=CIRCLE('',#1460,5.E-5);
#46=CIRCLE('',#1461,5.E-5);
#47=CIRCLE('',#1464,5.E-5);
#48=CIRCLE('',#1465,5.E-5);
#49=CIRCLE('',#1471,5.E-5);
#50=CIRCLE('',#1472,5.E-5);
#51=CIRCLE('',#1475,5.E-5);
#52=CIRCLE('',#1476,5.E-5);
#53=CIRCLE('',#1479,5.E-5);
#54=CIRCLE('',#1480,5.E-5);
#55=CIRCLE('',#1483,5.E-5);
#56=CIRCLE('',#1484,5.E-5);
#57=CIRCLE('',#1489,5.E-5);
#58=CIRCLE('',#1490,5.E-5);
#59=CIRCLE('',#1493,5.E-5);
#60=CIRCLE('',#1494,5.E-5);
#61=CIRCLE('',#1497,5.E-5);
#62=CIRCLE('',#1498,5.E-5);
#63=CIRCLE('',#1501,5.E-5);
#64=CIRCLE('',#1502,5.E-5);
#65=CIRCLE('',#1509,0.00015);
#66=CIRCLE('',#1510,0.00015);
#67=CIRCLE('',#1518,0.00015);
#68=CIRCLE('',#1519,0.00015);
#69=CYLINDRICAL_SURFACE('',#1432,5.E-5);
#70=CYLINDRICAL_SURFACE('',#1436,5.E-5);
#71=CYLINDRICAL_SURFACE('',#1440,5.E-5);
#72=CYLINDRICAL_SURFACE('',#1444,5.E-5);
#73=CYLINDRICAL_SURFACE('',#1451,5.E-5);
#74=CYLINDRICAL_SURFACE('',#1455,5.E-5);
#75=CYLINDRICAL_SURFACE('',#1459,5.E-5);
#76=CYLINDRICAL_SURFACE('',#1463,5.E-5);
#77=CYLINDRICAL_SURFACE('',#1470,5.E-5);
#78=CYLINDRICAL_SURFACE('',#1474,5.E-5);
#79=CYLINDRICAL_SURFACE('',#1478,5.E-5);
#80=CYLINDRICAL_SURFACE('',#1482,5.E-5);
#81=CYLINDRICAL_SURFACE('',#1488,5.E-5);
#82=CYLINDRICAL_SURFACE('',#1492,5.E-5);
#83=CYLINDRICAL_SURFACE('',#1496,5.E-5);
#84=CYLINDRICAL_SURFACE('',#1500,5.E-5);
#85=CYLINDRICAL_SURFACE('',#1508,0.00015);
#86=CYLINDRICAL_SURFACE('',#1517,0.00015);
#87=ORIENTED_EDGE('',*,*,#441,.T.);
#88=ORIENTED_EDGE('',*,*,#442,.F.);
#89=ORIENTED_EDGE('',*,*,#443,.F.);
#90=ORIENTED_EDGE('',*,*,#444,.T.);
#91=ORIENTED_EDGE('',*,*,#445,.T.);
#92=ORIENTED_EDGE('',*,*,#446,.F.);
#93=ORIENTED_EDGE('',*,*,#447,.F.);
#94=ORIENTED_EDGE('',*,*,#442,.T.);
#95=ORIENTED_EDGE('',*,*,#448,.F.);
#96=ORIENTED_EDGE('',*,*,#449,.F.);
#97=ORIENTED_EDGE('',*,*,#450,.T.);
#98=ORIENTED_EDGE('',*,*,#446,.T.);
#99=ORIENTED_EDGE('',*,*,#451,.T.);
#100=ORIENTED_EDGE('',*,*,#452,.F.);
#101=ORIENTED_EDGE('',*,*,#453,.F.);
#102=ORIENTED_EDGE('',*,*,#449,.T.);
#103=ORIENTED_EDGE('',*,*,#454,.F.);
#104=ORIENTED_EDGE('',*,*,#455,.F.);
#105=ORIENTED_EDGE('',*,*,#456,.T.);
#106=ORIENTED_EDGE('',*,*,#452,.T.);
#107=ORIENTED_EDGE('',*,*,#457,.T.);
#108=ORIENTED_EDGE('',*,*,#458,.F.);
#109=ORIENTED_EDGE('',*,*,#459,.F.);
#110=ORIENTED_EDGE('',*,*,#455,.T.);
#111=ORIENTED_EDGE('',*,*,#460,.T.);
#112=ORIENTED_EDGE('',*,*,#461,.F.);
#113=ORIENTED_EDGE('',*,*,#462,.F.);
#114=ORIENTED_EDGE('',*,*,#458,.T.);
#115=ORIENTED_EDGE('',*,*,#463,.T.);
#116=ORIENTED_EDGE('',*,*,#444,.F.);
#117=ORIENTED_EDGE('',*,*,#464,.F.);
#118=ORIENTED_EDGE('',*,*,#461,.T.);
#119=ORIENTED_EDGE('',*,*,#443,.T.);
#120=ORIENTED_EDGE('',*,*,#447,.T.);
#121=ORIENTED_EDGE('',*,*,#450,.F.);
#122=ORIENTED_EDGE('',*,*,#453,.T.);
#123=ORIENTED_EDGE('',*,*,#456,.F.);
#124=ORIENTED_EDGE('',*,*,#459,.T.);
#125=ORIENTED_EDGE('',*,*,#462,.T.);
#126=ORIENTED_EDGE('',*,*,#464,.T.);
#127=ORIENTED_EDGE('',*,*,#441,.F.);
#128=ORIENTED_EDGE('',*,*,#463,.F.);
#129=ORIENTED_EDGE('',*,*,#460,.F.);
#130=ORIENTED_EDGE('',*,*,#457,.F.);
#131=ORIENTED_EDGE('',*,*,#454,.T.);
#132=ORIENTED_EDGE('',*,*,#451,.F.);
#133=ORIENTED_EDGE('',*,*,#448,.T.);
#134=ORIENTED_EDGE('',*,*,#445,.F.);
#135=ORIENTED_EDGE('',*,*,#465,.F.);
#136=ORIENTED_EDGE('',*,*,#466,.F.);
#137=ORIENTED_EDGE('',*,*,#467,.T.);
#138=ORIENTED_EDGE('',*,*,#468,.T.);
#139=ORIENTED_EDGE('',*,*,#469,.T.);
#140=ORIENTED_EDGE('',*,*,#470,.F.);
#141=ORIENTED_EDGE('',*,*,#471,.F.);
#142=ORIENTED_EDGE('',*,*,#466,.T.);
#143=ORIENTED_EDGE('',*,*,#472,.T.);
#144=ORIENTED_EDGE('',*,*,#473,.F.);
#145=ORIENTED_EDGE('',*,*,#474,.F.);
#146=ORIENTED_EDGE('',*,*,#470,.T.);
#147=ORIENTED_EDGE('',*,*,#475,.T.);
#148=ORIENTED_EDGE('',*,*,#476,.F.);
#149=ORIENTED_EDGE('',*,*,#477,.F.);
#150=ORIENTED_EDGE('',*,*,#473,.T.);
#151=ORIENTED_EDGE('',*,*,#478,.T.);
#152=ORIENTED_EDGE('',*,*,#479,.F.);
#153=ORIENTED_EDGE('',*,*,#480,.F.);
#154=ORIENTED_EDGE('',*,*,#476,.T.);
#155=ORIENTED_EDGE('',*,*,#481,.T.);
#156=ORIENTED_EDGE('',*,*,#482,.F.);
#157=ORIENTED_EDGE('',*,*,#483,.F.);
#158=ORIENTED_EDGE('',*,*,#479,.T.);
#159=ORIENTED_EDGE('',*,*,#484,.F.);
#160=ORIENTED_EDGE('',*,*,#485,.F.);
#161=ORIENTED_EDGE('',*,*,#486,.T.);
#162=ORIENTED_EDGE('',*,*,#482,.T.);
#163=ORIENTED_EDGE('',*,*,#487,.T.);
#164=ORIENTED_EDGE('',*,*,#468,.F.);
#165=ORIENTED_EDGE('',*,*,#488,.F.);
#166=ORIENTED_EDGE('',*,*,#485,.T.);
#167=ORIENTED_EDGE('',*,*,#467,.F.);
#168=ORIENTED_EDGE('',*,*,#471,.T.);
#169=ORIENTED_EDGE('',*,*,#474,.T.);
#170=ORIENTED_EDGE('',*,*,#477,.T.);
#171=ORIENTED_EDGE('',*,*,#480,.T.);
#172=ORIENTED_EDGE('',*,*,#483,.T.);
#173=ORIENTED_EDGE('',*,*,#486,.F.);
#174=ORIENTED_EDGE('',*,*,#488,.T.);
#175=ORIENTED_EDGE('',*,*,#465,.T.);
#176=ORIENTED_EDGE('',*,*,#487,.F.);
#177=ORIENTED_EDGE('',*,*,#484,.T.);
#178=ORIENTED_EDGE('',*,*,#481,.F.);
#179=ORIENTED_EDGE('',*,*,#478,.F.);
#180=ORIENTED_EDGE('',*,*,#475,.F.);
#181=ORIENTED_EDGE('',*,*,#472,.F.);
#182=ORIENTED_EDGE('',*,*,#469,.F.);
#183=ORIENTED_EDGE('',*,*,#489,.F.);
#184=ORIENTED_EDGE('',*,*,#490,.F.);
#185=ORIENTED_EDGE('',*,*,#491,.T.);
#186=ORIENTED_EDGE('',*,*,#492,.T.);
#187=ORIENTED_EDGE('',*,*,#493,.T.);
#188=ORIENTED_EDGE('',*,*,#494,.F.);
#189=ORIENTED_EDGE('',*,*,#495,.F.);
#190=ORIENTED_EDGE('',*,*,#490,.T.);
#191=ORIENTED_EDGE('',*,*,#496,.F.);
#192=ORIENTED_EDGE('',*,*,#497,.F.);
#193=ORIENTED_EDGE('',*,*,#498,.T.);
#194=ORIENTED_EDGE('',*,*,#494,.T.);
#195=ORIENTED_EDGE('',*,*,#499,.T.);
#196=ORIENTED_EDGE('',*,*,#500,.F.);
#197=ORIENTED_EDGE('',*,*,#501,.F.);
#198=ORIENTED_EDGE('',*,*,#497,.T.);
#199=ORIENTED_EDGE('',*,*,#502,.T.);
#200=ORIENTED_EDGE('',*,*,#503,.F.);
#201=ORIENTED_EDGE('',*,*,#504,.F.);
#202=ORIENTED_EDGE('',*,*,#500,.T.);
#203=ORIENTED_EDGE('',*,*,#505,.T.);
#204=ORIENTED_EDGE('',*,*,#506,.F.);
#205=ORIENTED_EDGE('',*,*,#507,.F.);
#206=ORIENTED_EDGE('',*,*,#503,.T.);
#207=ORIENTED_EDGE('',*,*,#508,.T.);
#208=ORIENTED_EDGE('',*,*,#509,.F.);
#209=ORIENTED_EDGE('',*,*,#510,.F.);
#210=ORIENTED_EDGE('',*,*,#506,.T.);
#211=ORIENTED_EDGE('',*,*,#511,.T.);
#212=ORIENTED_EDGE('',*,*,#492,.F.);
#213=ORIENTED_EDGE('',*,*,#512,.F.);
#214=ORIENTED_EDGE('',*,*,#509,.T.);
#215=ORIENTED_EDGE('',*,*,#491,.F.);
#216=ORIENTED_EDGE('',*,*,#495,.T.);
#217=ORIENTED_EDGE('',*,*,#498,.F.);
#218=ORIENTED_EDGE('',*,*,#501,.T.);
#219=ORIENTED_EDGE('',*,*,#504,.T.);
#220=ORIENTED_EDGE('',*,*,#507,.T.);
#221=ORIENTED_EDGE('',*,*,#510,.T.);
#222=ORIENTED_EDGE('',*,*,#512,.T.);
#223=ORIENTED_EDGE('',*,*,#489,.T.);
#224=ORIENTED_EDGE('',*,*,#511,.F.);
#225=ORIENTED_EDGE('',*,*,#508,.F.);
#226=ORIENTED_EDGE('',*,*,#505,.F.);
#227=ORIENTED_EDGE('',*,*,#502,.F.);
#228=ORIENTED_EDGE('',*,*,#499,.F.);
#229=ORIENTED_EDGE('',*,*,#496,.T.);
#230=ORIENTED_EDGE('',*,*,#493,.F.);
#231=ORIENTED_EDGE('',*,*,#513,.T.);
#232=ORIENTED_EDGE('',*,*,#514,.F.);
#233=ORIENTED_EDGE('',*,*,#515,.F.);
#234=ORIENTED_EDGE('',*,*,#516,.T.);
#235=ORIENTED_EDGE('',*,*,#517,.F.);
#236=ORIENTED_EDGE('',*,*,#518,.F.);
#237=ORIENTED_EDGE('',*,*,#519,.T.);
#238=ORIENTED_EDGE('',*,*,#514,.T.);
#239=ORIENTED_EDGE('',*,*,#520,.T.);
#240=ORIENTED_EDGE('',*,*,#521,.F.);
#241=ORIENTED_EDGE('',*,*,#522,.F.);
#242=ORIENTED_EDGE('',*,*,#518,.T.);
#243=ORIENTED_EDGE('',*,*,#523,.T.);
#244=ORIENTED_EDGE('',*,*,#524,.F.);
#245=ORIENTED_EDGE('',*,*,#525,.F.);
#246=ORIENTED_EDGE('',*,*,#521,.T.);
#247=ORIENTED_EDGE('',*,*,#526,.T.);
#248=ORIENTED_EDGE('',*,*,#527,.F.);
#249=ORIENTED_EDGE('',*,*,#528,.F.);
#250=ORIENTED_EDGE('',*,*,#524,.T.);
#251=ORIENTED_EDGE('',*,*,#529,.T.);
#252=ORIENTED_EDGE('',*,*,#530,.F.);
#253=ORIENTED_EDGE('',*,*,#531,.F.);
#254=ORIENTED_EDGE('',*,*,#527,.T.);
#255=ORIENTED_EDGE('',*,*,#532,.T.);
#256=ORIENTED_EDGE('',*,*,#533,.F.);
#257=ORIENTED_EDGE('',*,*,#534,.F.);
#258=ORIENTED_EDGE('',*,*,#530,.T.);
#259=ORIENTED_EDGE('',*,*,#535,.F.);
#260=ORIENTED_EDGE('',*,*,#516,.F.);
#261=ORIENTED_EDGE('',*,*,#536,.T.);
#262=ORIENTED_EDGE('',*,*,#533,.T.);
#263=ORIENTED_EDGE('',*,*,#515,.T.);
#264=ORIENTED_EDGE('',*,*,#519,.F.);
#265=ORIENTED_EDGE('',*,*,#522,.T.);
#266=ORIENTED_EDGE('',*,*,#525,.T.);
#267=ORIENTED_EDGE('',*,*,#528,.T.);
#268=ORIENTED_EDGE('',*,*,#531,.T.);
#269=ORIENTED_EDGE('',*,*,#534,.T.);
#270=ORIENTED_EDGE('',*,*,#536,.F.);
#271=ORIENTED_EDGE('',*,*,#513,.F.);
#272=ORIENTED_EDGE('',*,*,#535,.T.);
#273=ORIENTED_EDGE('',*,*,#532,.F.);
#274=ORIENTED_EDGE('',*,*,#529,.F.);
#275=ORIENTED_EDGE('',*,*,#526,.F.);
#276=ORIENTED_EDGE('',*,*,#523,.F.);
#277=ORIENTED_EDGE('',*,*,#520,.F.);
#278=ORIENTED_EDGE('',*,*,#517,.T.);
#279=ORIENTED_EDGE('',*,*,#537,.T.);
#280=ORIENTED_EDGE('',*,*,#538,.F.);
#281=ORIENTED_EDGE('',*,*,#539,.F.);
#282=ORIENTED_EDGE('',*,*,#540,.T.);
#283=ORIENTED_EDGE('',*,*,#541,.T.);
#284=ORIENTED_EDGE('',*,*,#542,.F.);
#285=ORIENTED_EDGE('',*,*,#543,.F.);
#286=ORIENTED_EDGE('',*,*,#538,.T.);
#287=ORIENTED_EDGE('',*,*,#544,.T.);
#288=ORIENTED_EDGE('',*,*,#545,.F.);
#289=ORIENTED_EDGE('',*,*,#546,.F.);
#290=ORIENTED_EDGE('',*,*,#542,.T.);
#291=ORIENTED_EDGE('',*,*,#547,.T.);
#292=ORIENTED_EDGE('',*,*,#540,.F.);
#293=ORIENTED_EDGE('',*,*,#548,.F.);
#294=ORIENTED_EDGE('',*,*,#545,.T.);
#295=ORIENTED_EDGE('',*,*,#539,.T.);
#296=ORIENTED_EDGE('',*,*,#543,.T.);
#297=ORIENTED_EDGE('',*,*,#546,.T.);
#298=ORIENTED_EDGE('',*,*,#548,.T.);
#299=ORIENTED_EDGE('',*,*,#537,.F.);
#300=ORIENTED_EDGE('',*,*,#547,.F.);
#301=ORIENTED_EDGE('',*,*,#544,.F.);
#302=ORIENTED_EDGE('',*,*,#541,.F.);
#303=ORIENTED_EDGE('',*,*,#549,.T.);
#304=ORIENTED_EDGE('',*,*,#550,.F.);
#305=ORIENTED_EDGE('',*,*,#551,.F.);
#306=ORIENTED_EDGE('',*,*,#552,.T.);
#307=ORIENTED_EDGE('',*,*,#553,.T.);
#308=ORIENTED_EDGE('',*,*,#554,.F.);
#309=ORIENTED_EDGE('',*,*,#555,.F.);
#310=ORIENTED_EDGE('',*,*,#550,.T.);
#311=ORIENTED_EDGE('',*,*,#556,.T.);
#312=ORIENTED_EDGE('',*,*,#557,.F.);
#313=ORIENTED_EDGE('',*,*,#558,.F.);
#314=ORIENTED_EDGE('',*,*,#554,.T.);
#315=ORIENTED_EDGE('',*,*,#559,.T.);
#316=ORIENTED_EDGE('',*,*,#552,.F.);
#317=ORIENTED_EDGE('',*,*,#560,.F.);
#318=ORIENTED_EDGE('',*,*,#557,.T.);
#319=ORIENTED_EDGE('',*,*,#551,.T.);
#320=ORIENTED_EDGE('',*,*,#555,.T.);
#321=ORIENTED_EDGE('',*,*,#558,.T.);
#322=ORIENTED_EDGE('',*,*,#560,.T.);
#323=ORIENTED_EDGE('',*,*,#549,.F.);
#324=ORIENTED_EDGE('',*,*,#559,.F.);
#325=ORIENTED_EDGE('',*,*,#556,.F.);
#326=ORIENTED_EDGE('',*,*,#553,.F.);
#327=ORIENTED_EDGE('',*,*,#561,.F.);
#328=ORIENTED_EDGE('',*,*,#562,.F.);
#329=ORIENTED_EDGE('',*,*,#563,.T.);
#330=ORIENTED_EDGE('',*,*,#564,.T.);
#331=ORIENTED_EDGE('',*,*,#565,.T.);
#332=ORIENTED_EDGE('',*,*,#566,.F.);
#333=ORIENTED_EDGE('',*,*,#567,.F.);
#334=ORIENTED_EDGE('',*,*,#562,.T.);
#335=ORIENTED_EDGE('',*,*,#568,.T.);
#336=ORIENTED_EDGE('',*,*,#569,.F.);
#337=ORIENTED_EDGE('',*,*,#570,.F.);
#338=ORIENTED_EDGE('',*,*,#566,.T.);
#339=ORIENTED_EDGE('',*,*,#571,.F.);
#340=ORIENTED_EDGE('',*,*,#564,.F.);
#341=ORIENTED_EDGE('',*,*,#572,.T.);
#342=ORIENTED_EDGE('',*,*,#569,.T.);
#343=ORIENTED_EDGE('',*,*,#563,.F.);
#344=ORIENTED_EDGE('',*,*,#567,.T.);
#345=ORIENTED_EDGE('',*,*,#570,.T.);
#346=ORIENTED_EDGE('',*,*,#572,.F.);
#347=ORIENTED_EDGE('',*,*,#561,.T.);
#348=ORIENTED_EDGE('',*,*,#571,.T.);
#349=ORIENTED_EDGE('',*,*,#568,.F.);
#350=ORIENTED_EDGE('',*,*,#565,.F.);
#351=ORIENTED_EDGE('',*,*,#573,.F.);
#352=ORIENTED_EDGE('',*,*,#574,.T.);
#353=ORIENTED_EDGE('',*,*,#575,.T.);
#354=ORIENTED_EDGE('',*,*,#576,.F.);
#355=ORIENTED_EDGE('',*,*,#577,.F.);
#356=ORIENTED_EDGE('',*,*,#578,.F.);
#357=ORIENTED_EDGE('',*,*,#579,.T.);
#358=ORIENTED_EDGE('',*,*,#580,.T.);
#359=ORIENTED_EDGE('',*,*,#581,.F.);
#360=ORIENTED_EDGE('',*,*,#577,.T.);
#361=ORIENTED_EDGE('',*,*,#582,.F.);
#362=ORIENTED_EDGE('',*,*,#583,.F.);
#363=ORIENTED_EDGE('',*,*,#584,.F.);
#364=ORIENTED_EDGE('',*,*,#585,.F.);
#365=ORIENTED_EDGE('',*,*,#583,.T.);
#366=ORIENTED_EDGE('',*,*,#586,.T.);
#367=ORIENTED_EDGE('',*,*,#587,.F.);
#368=ORIENTED_EDGE('',*,*,#588,.T.);
#369=ORIENTED_EDGE('',*,*,#579,.F.);
#370=ORIENTED_EDGE('',*,*,#585,.T.);
#371=ORIENTED_EDGE('',*,*,#589,.T.);
#372=ORIENTED_EDGE('',*,*,#574,.F.);
#373=ORIENTED_EDGE('',*,*,#590,.F.);
#374=ORIENTED_EDGE('',*,*,#586,.F.);
#375=ORIENTED_EDGE('',*,*,#582,.T.);
#376=ORIENTED_EDGE('',*,*,#576,.T.);
#377=ORIENTED_EDGE('',*,*,#584,.T.);
#378=ORIENTED_EDGE('',*,*,#590,.T.);
#379=ORIENTED_EDGE('',*,*,#575,.F.);
#380=ORIENTED_EDGE('',*,*,#589,.F.);
#381=ORIENTED_EDGE('',*,*,#580,.F.);
#382=ORIENTED_EDGE('',*,*,#588,.F.);
#383=ORIENTED_EDGE('',*,*,#591,.T.);
#384=ORIENTED_EDGE('',*,*,#592,.T.);
#385=ORIENTED_EDGE('',*,*,#581,.T.);
#386=ORIENTED_EDGE('',*,*,#592,.F.);
#387=ORIENTED_EDGE('',*,*,#593,.F.);
#388=ORIENTED_EDGE('',*,*,#578,.T.);
#389=ORIENTED_EDGE('',*,*,#591,.F.);
#390=ORIENTED_EDGE('',*,*,#587,.T.);
#391=ORIENTED_EDGE('',*,*,#573,.T.);
#392=ORIENTED_EDGE('',*,*,#593,.T.);
#393=ORIENTED_EDGE('',*,*,#594,.F.);
#394=ORIENTED_EDGE('',*,*,#595,.F.);
#395=ORIENTED_EDGE('',*,*,#596,.T.);
#396=ORIENTED_EDGE('',*,*,#597,.T.);
#397=ORIENTED_EDGE('',*,*,#598,.T.);
#398=ORIENTED_EDGE('',*,*,#599,.F.);
#399=ORIENTED_EDGE('',*,*,#600,.F.);
#400=ORIENTED_EDGE('',*,*,#595,.T.);
#401=ORIENTED_EDGE('',*,*,#601,.T.);
#402=ORIENTED_EDGE('',*,*,#602,.F.);
#403=ORIENTED_EDGE('',*,*,#603,.F.);
#404=ORIENTED_EDGE('',*,*,#599,.T.);
#405=ORIENTED_EDGE('',*,*,#604,.F.);
#406=ORIENTED_EDGE('',*,*,#597,.F.);
#407=ORIENTED_EDGE('',*,*,#605,.T.);
#408=ORIENTED_EDGE('',*,*,#602,.T.);
#409=ORIENTED_EDGE('',*,*,#596,.F.);
#410=ORIENTED_EDGE('',*,*,#600,.T.);
#411=ORIENTED_EDGE('',*,*,#603,.T.);
#412=ORIENTED_EDGE('',*,*,#605,.F.);
#413=ORIENTED_EDGE('',*,*,#594,.T.);
#414=ORIENTED_EDGE('',*,*,#604,.T.);
#415=ORIENTED_EDGE('',*,*,#601,.F.);
#416=ORIENTED_EDGE('',*,*,#598,.F.);
#417=ORIENTED_EDGE('',*,*,#606,.F.);
#418=ORIENTED_EDGE('',*,*,#607,.T.);
#419=ORIENTED_EDGE('',*,*,#608,.F.);
#420=ORIENTED_EDGE('',*,*,#609,.T.);
#421=ORIENTED_EDGE('',*,*,#610,.F.);
#422=ORIENTED_EDGE('',*,*,#606,.T.);
#423=ORIENTED_EDGE('',*,*,#611,.T.);
#424=ORIENTED_EDGE('',*,*,#612,.T.);
#425=ORIENTED_EDGE('',*,*,#607,.F.);
#426=ORIENTED_EDGE('',*,*,#610,.T.);
#427=ORIENTED_EDGE('',*,*,#613,.F.);
#428=ORIENTED_EDGE('',*,*,#614,.F.);
#429=ORIENTED_EDGE('',*,*,#612,.F.);
#430=ORIENTED_EDGE('',*,*,#615,.T.);
#431=ORIENTED_EDGE('',*,*,#616,.T.);
#432=ORIENTED_EDGE('',*,*,#613,.T.);
#433=ORIENTED_EDGE('',*,*,#609,.F.);
#434=ORIENTED_EDGE('',*,*,#617,.T.);
#435=ORIENTED_EDGE('',*,*,#615,.F.);
#436=ORIENTED_EDGE('',*,*,#611,.F.);
#437=ORIENTED_EDGE('',*,*,#617,.F.);
#438=ORIENTED_EDGE('',*,*,#608,.T.);
#439=ORIENTED_EDGE('',*,*,#614,.T.);
#440=ORIENTED_EDGE('',*,*,#616,.F.);
#441=EDGE_CURVE('',#618,#619,#736,.T.);
#442=EDGE_CURVE('',#620,#619,#737,.T.);
#443=EDGE_CURVE('',#621,#620,#738,.T.);
#444=EDGE_CURVE('',#621,#618,#739,.T.);
#445=EDGE_CURVE('',#619,#622,#33,.T.);
#446=EDGE_CURVE('',#623,#622,#740,.T.);
#447=EDGE_CURVE('',#620,#623,#34,.T.);
#448=EDGE_CURVE('',#624,#622,#741,.T.);
#449=EDGE_CURVE('',#625,#624,#742,.T.);
#450=EDGE_CURVE('',#625,#623,#743,.T.);
#451=EDGE_CURVE('',#624,#626,#35,.T.);
#452=EDGE_CURVE('',#627,#626,#744,.T.);
#453=EDGE_CURVE('',#625,#627,#36,.T.);
#454=EDGE_CURVE('',#628,#626,#745,.T.);
#455=EDGE_CURVE('',#629,#628,#746,.T.);
#456=EDGE_CURVE('',#629,#627,#747,.T.);
#457=EDGE_CURVE('',#628,#630,#37,.T.);
#458=EDGE_CURVE('',#631,#630,#748,.T.);
#459=EDGE_CURVE('',#629,#631,#38,.T.);
#460=EDGE_CURVE('',#630,#632,#749,.T.);
#461=EDGE_CURVE('',#633,#632,#750,.T.);
#462=EDGE_CURVE('',#631,#633,#751,.T.);
#463=EDGE_CURVE('',#632,#618,#39,.T.);
#464=EDGE_CURVE('',#633,#621,#40,.T.);
#465=EDGE_CURVE('',#634,#635,#752,.T.);
#466=EDGE_CURVE('',#636,#634,#753,.T.);
#467=EDGE_CURVE('',#636,#637,#754,.T.);
#468=EDGE_CURVE('',#637,#635,#755,.T.);
#469=EDGE_CURVE('',#634,#638,#41,.T.);
#470=EDGE_CURVE('',#639,#638,#756,.T.);
#471=EDGE_CURVE('',#636,#639,#42,.T.);
#472=EDGE_CURVE('',#638,#640,#757,.T.);
#473=EDGE_CURVE('',#641,#640,#758,.T.);
#474=EDGE_CURVE('',#639,#641,#759,.T.);
#475=EDGE_CURVE('',#640,#642,#43,.T.);
#476=EDGE_CURVE('',#643,#642,#760,.T.);
#477=EDGE_CURVE('',#641,#643,#44,.T.);
#478=EDGE_CURVE('',#642,#644,#761,.T.);
#479=EDGE_CURVE('',#645,#644,#762,.T.);
#480=EDGE_CURVE('',#643,#645,#763,.T.);
#481=EDGE_CURVE('',#644,#646,#45,.T.);
#482=EDGE_CURVE('',#647,#646,#764,.T.);
#483=EDGE_CURVE('',#645,#647,#46,.T.);
#484=EDGE_CURVE('',#648,#646,#765,.T.);
#485=EDGE_CURVE('',#649,#648,#766,.T.);
#486=EDGE_CURVE('',#649,#647,#767,.T.);
#487=EDGE_CURVE('',#648,#635,#47,.T.);
#488=EDGE_CURVE('',#649,#637,#48,.T.);
#489=EDGE_CURVE('',#650,#651,#768,.T.);
#490=EDGE_CURVE('',#652,#650,#769,.T.);
#491=EDGE_CURVE('',#652,#653,#770,.T.);
#492=EDGE_CURVE('',#653,#651,#771,.T.);
#493=EDGE_CURVE('',#650,#654,#49,.T.);
#494=EDGE_CURVE('',#655,#654,#772,.T.);
#495=EDGE_CURVE('',#652,#655,#50,.T.);
#496=EDGE_CURVE('',#656,#654,#773,.T.);
#497=EDGE_CURVE('',#657,#656,#774,.T.);
#498=EDGE_CURVE('',#657,#655,#775,.T.);
#499=EDGE_CURVE('',#656,#658,#51,.T.);
#500=EDGE_CURVE('',#659,#658,#776,.T.);
#501=EDGE_CURVE('',#657,#659,#52,.T.);
#502=EDGE_CURVE('',#658,#660,#777,.T.);
#503=EDGE_CURVE('',#661,#660,#778,.T.);
#504=EDGE_CURVE('',#659,#661,#779,.T.);
#505=EDGE_CURVE('',#660,#662,#53,.T.);
#506=EDGE_CURVE('',#663,#662,#780,.T.);
#507=EDGE_CURVE('',#661,#663,#54,.T.);
#508=EDGE_CURVE('',#662,#664,#781,.T.);
#509=EDGE_CURVE('',#665,#664,#782,.T.);
#510=EDGE_CURVE('',#663,#665,#783,.T.);
#511=EDGE_CURVE('',#664,#651,#55,.T.);
#512=EDGE_CURVE('',#665,#653,#56,.T.);
#513=EDGE_CURVE('',#666,#667,#57,.T.);
#514=EDGE_CURVE('',#668,#667,#784,.T.);
#515=EDGE_CURVE('',#669,#668,#58,.T.);
#516=EDGE_CURVE('',#669,#666,#785,.T.);
#517=EDGE_CURVE('',#670,#667,#786,.T.);
#518=EDGE_CURVE('',#671,#670,#787,.T.);
#519=EDGE_CURVE('',#671,#668,#788,.T.);
#520=EDGE_CURVE('',#670,#672,#59,.T.);
#521=EDGE_CURVE('',#673,#672,#789,.T.);
#522=EDGE_CURVE('',#671,#673,#60,.T.);
#523=EDGE_CURVE('',#672,#674,#790,.T.);
#524=EDGE_CURVE('',#675,#674,#791,.T.);
#525=EDGE_CURVE('',#673,#675,#792,.T.);
#526=EDGE_CURVE('',#674,#676,#61,.T.);
#527=EDGE_CURVE('',#677,#676,#793,.T.);
#528=EDGE_CURVE('',#675,#677,#62,.T.);
#529=EDGE_CURVE('',#676,#678,#794,.T.);
#530=EDGE_CURVE('',#679,#678,#795,.T.);
#531=EDGE_CURVE('',#677,#679,#796,.T.);
#532=EDGE_CURVE('',#678,#680,#63,.T.);
#533=EDGE_CURVE('',#681,#680,#797,.T.);
#534=EDGE_CURVE('',#679,#681,#64,.T.);
#535=EDGE_CURVE('',#666,#680,#798,.T.);
#536=EDGE_CURVE('',#669,#681,#799,.T.);
#537=EDGE_CURVE('',#682,#683,#800,.T.);
#538=EDGE_CURVE('',#684,#683,#801,.T.);
#539=EDGE_CURVE('',#685,#684,#802,.T.);
#540=EDGE_CURVE('',#685,#682,#803,.T.);
#541=EDGE_CURVE('',#683,#686,#65,.T.);
#542=EDGE_CURVE('',#687,#686,#804,.T.);
#543=EDGE_CURVE('',#684,#687,#66,.T.);
#544=EDGE_CURVE('',#686,#688,#805,.T.);
#545=EDGE_CURVE('',#689,#688,#806,.T.);
#546=EDGE_CURVE('',#687,#689,#807,.T.);
#547=EDGE_CURVE('',#688,#682,#808,.T.);
#548=EDGE_CURVE('',#689,#685,#809,.T.);
#549=EDGE_CURVE('',#690,#691,#810,.T.);
#550=EDGE_CURVE('',#692,#691,#811,.T.);
#551=EDGE_CURVE('',#693,#692,#812,.T.);
#552=EDGE_CURVE('',#693,#690,#813,.T.);
#553=EDGE_CURVE('',#691,#694,#67,.T.);
#554=EDGE_CURVE('',#695,#694,#814,.T.);
#555=EDGE_CURVE('',#692,#695,#68,.T.);
#556=EDGE_CURVE('',#694,#696,#815,.T.);
#557=EDGE_CURVE('',#697,#696,#816,.T.);
#558=EDGE_CURVE('',#695,#697,#817,.T.);
#559=EDGE_CURVE('',#696,#690,#818,.T.);
#560=EDGE_CURVE('',#697,#693,#819,.T.);
#561=EDGE_CURVE('',#698,#699,#820,.T.);
#562=EDGE_CURVE('',#700,#698,#821,.T.);
#563=EDGE_CURVE('',#700,#701,#822,.T.);
#564=EDGE_CURVE('',#701,#699,#823,.T.);
#565=EDGE_CURVE('',#698,#702,#824,.T.);
#566=EDGE_CURVE('',#703,#702,#825,.T.);
#567=EDGE_CURVE('',#700,#703,#826,.T.);
#568=EDGE_CURVE('',#702,#704,#827,.T.);
#569=EDGE_CURVE('',#705,#704,#828,.T.);
#570=EDGE_CURVE('',#703,#705,#829,.T.);
#571=EDGE_CURVE('',#699,#704,#830,.T.);
#572=EDGE_CURVE('',#701,#705,#831,.T.);
#573=EDGE_CURVE('',#706,#707,#832,.T.);
#574=EDGE_CURVE('',#706,#708,#833,.T.);
#575=EDGE_CURVE('',#708,#709,#834,.T.);
#576=EDGE_CURVE('',#710,#709,#835,.T.);
#577=EDGE_CURVE('',#711,#710,#836,.T.);
#578=EDGE_CURVE('',#707,#711,#837,.T.);
#579=EDGE_CURVE('',#712,#713,#838,.T.);
#580=EDGE_CURVE('',#713,#714,#839,.T.);
#581=EDGE_CURVE('',#711,#714,#840,.T.);
#582=EDGE_CURVE('',#715,#710,#841,.T.);
#583=EDGE_CURVE('',#712,#715,#842,.T.);
#584=EDGE_CURVE('',#716,#717,#843,.T.);
#585=EDGE_CURVE('',#712,#716,#844,.T.);
#586=EDGE_CURVE('',#715,#717,#845,.T.);
#587=EDGE_CURVE('',#718,#706,#846,.T.);
#588=EDGE_CURVE('',#718,#713,#847,.T.);
#589=EDGE_CURVE('',#716,#708,#848,.T.);
#590=EDGE_CURVE('',#717,#709,#849,.T.);
#591=EDGE_CURVE('',#718,#719,#850,.T.);
#592=EDGE_CURVE('',#719,#714,#851,.T.);
#593=EDGE_CURVE('',#707,#719,#852,.T.);
#594=EDGE_CURVE('',#720,#721,#853,.T.);
#595=EDGE_CURVE('',#722,#720,#854,.T.);
#596=EDGE_CURVE('',#722,#723,#855,.T.);
#597=EDGE_CURVE('',#723,#721,#856,.T.);
#598=EDGE_CURVE('',#720,#724,#857,.T.);
#599=EDGE_CURVE('',#725,#724,#858,.T.);
#600=EDGE_CURVE('',#722,#725,#859,.T.);
#601=EDGE_CURVE('',#724,#726,#860,.T.);
#602=EDGE_CURVE('',#727,#726,#861,.T.);
#603=EDGE_CURVE('',#725,#727,#862,.T.);
#604=EDGE_CURVE('',#721,#726,#863,.T.);
#605=EDGE_CURVE('',#723,#727,#864,.T.);
#606=EDGE_CURVE('',#728,#729,#865,.T.);
#607=EDGE_CURVE('',#728,#730,#866,.T.);
#608=EDGE_CURVE('',#731,#730,#867,.T.);
#609=EDGE_CURVE('',#731,#729,#868,.T.);
#610=EDGE_CURVE('',#728,#732,#869,.T.);
#611=EDGE_CURVE('',#729,#733,#870,.T.);
#612=EDGE_CURVE('',#733,#732,#871,.T.);
#613=EDGE_CURVE('',#734,#732,#872,.T.);
#614=EDGE_CURVE('',#730,#734,#873,.T.);
#615=EDGE_CURVE('',#733,#735,#874,.T.);
#616=EDGE_CURVE('',#735,#734,#875,.T.);
#617=EDGE_CURVE('',#731,#735,#876,.T.);
#618=VERTEX_POINT('',#1949);
#619=VERTEX_POINT('',#1950);
#620=VERTEX_POINT('',#1952);
#621=VERTEX_POINT('',#1954);
#622=VERTEX_POINT('',#1958);
#623=VERTEX_POINT('',#1960);
#624=VERTEX_POINT('',#1964);
#625=VERTEX_POINT('',#1966);
#626=VERTEX_POINT('',#1970);
#627=VERTEX_POINT('',#1972);
#628=VERTEX_POINT('',#1976);
#629=VERTEX_POINT('',#1978);
#630=VERTEX_POINT('',#1982);
#631=VERTEX_POINT('',#1984);
#632=VERTEX_POINT('',#1988);
#633=VERTEX_POINT('',#1990);
#634=VERTEX_POINT('',#2000);
#635=VERTEX_POINT('',#2001);
#636=VERTEX_POINT('',#2003);
#637=VERTEX_POINT('',#2005);
#638=VERTEX_POINT('',#2009);
#639=VERTEX_POINT('',#2011);
#640=VERTEX_POINT('',#2015);
#641=VERTEX_POINT('',#2017);
#642=VERTEX_POINT('',#2021);
#643=VERTEX_POINT('',#2023);
#644=VERTEX_POINT('',#2027);
#645=VERTEX_POINT('',#2029);
#646=VERTEX_POINT('',#2033);
#647=VERTEX_POINT('',#2035);
#648=VERTEX_POINT('',#2039);
#649=VERTEX_POINT('',#2041);
#650=VERTEX_POINT('',#2051);
#651=VERTEX_POINT('',#2052);
#652=VERTEX_POINT('',#2054);
#653=VERTEX_POINT('',#2056);
#654=VERTEX_POINT('',#2060);
#655=VERTEX_POINT('',#2062);
#656=VERTEX_POINT('',#2066);
#657=VERTEX_POINT('',#2068);
#658=VERTEX_POINT('',#2072);
#659=VERTEX_POINT('',#2074);
#660=VERTEX_POINT('',#2078);
#661=VERTEX_POINT('',#2080);
#662=VERTEX_POINT('',#2084);
#663=VERTEX_POINT('',#2086);
#664=VERTEX_POINT('',#2090);
#665=VERTEX_POINT('',#2092);
#666=VERTEX_POINT('',#2102);
#667=VERTEX_POINT('',#2103);
#668=VERTEX_POINT('',#2105);
#669=VERTEX_POINT('',#2107);
#670=VERTEX_POINT('',#2111);
#671=VERTEX_POINT('',#2113);
#672=VERTEX_POINT('',#2117);
#673=VERTEX_POINT('',#2119);
#674=VERTEX_POINT('',#2123);
#675=VERTEX_POINT('',#2125);
#676=VERTEX_POINT('',#2129);
#677=VERTEX_POINT('',#2131);
#678=VERTEX_POINT('',#2135);
#679=VERTEX_POINT('',#2137);
#680=VERTEX_POINT('',#2141);
#681=VERTEX_POINT('',#2143);
#682=VERTEX_POINT('',#2153);
#683=VERTEX_POINT('',#2154);
#684=VERTEX_POINT('',#2156);
#685=VERTEX_POINT('',#2158);
#686=VERTEX_POINT('',#2162);
#687=VERTEX_POINT('',#2164);
#688=VERTEX_POINT('',#2168);
#689=VERTEX_POINT('',#2170);
#690=VERTEX_POINT('',#2180);
#691=VERTEX_POINT('',#2181);
#692=VERTEX_POINT('',#2183);
#693=VERTEX_POINT('',#2185);
#694=VERTEX_POINT('',#2189);
#695=VERTEX_POINT('',#2191);
#696=VERTEX_POINT('',#2195);
#697=VERTEX_POINT('',#2197);
#698=VERTEX_POINT('',#2207);
#699=VERTEX_POINT('',#2208);
#700=VERTEX_POINT('',#2210);
#701=VERTEX_POINT('',#2212);
#702=VERTEX_POINT('',#2216);
#703=VERTEX_POINT('',#2218);
#704=VERTEX_POINT('',#2222);
#705=VERTEX_POINT('',#2224);
#706=VERTEX_POINT('',#2234);
#707=VERTEX_POINT('',#2235);
#708=VERTEX_POINT('',#2237);
#709=VERTEX_POINT('',#2239);
#710=VERTEX_POINT('',#2241);
#711=VERTEX_POINT('',#2243);
#712=VERTEX_POINT('',#2247);
#713=VERTEX_POINT('',#2248);
#714=VERTEX_POINT('',#2250);
#715=VERTEX_POINT('',#2253);
#716=VERTEX_POINT('',#2257);
#717=VERTEX_POINT('',#2258);
#718=VERTEX_POINT('',#2263);
#719=VERTEX_POINT('',#2271);
#720=VERTEX_POINT('',#2279);
#721=VERTEX_POINT('',#2280);
#722=VERTEX_POINT('',#2282);
#723=VERTEX_POINT('',#2284);
#724=VERTEX_POINT('',#2288);
#725=VERTEX_POINT('',#2290);
#726=VERTEX_POINT('',#2294);
#727=VERTEX_POINT('',#2296);
#728=VERTEX_POINT('',#2306);
#729=VERTEX_POINT('',#2307);
#730=VERTEX_POINT('',#2309);
#731=VERTEX_POINT('',#2311);
#732=VERTEX_POINT('',#2315);
#733=VERTEX_POINT('',#2317);
#734=VERTEX_POINT('',#2321);
#735=VERTEX_POINT('',#2325);
#736=LINE('',#1948,#877);
#737=LINE('',#1951,#878);
#738=LINE('',#1953,#879);
#739=LINE('',#1955,#880);
#740=LINE('',#1959,#881);
#741=LINE('',#1963,#882);
#742=LINE('',#1965,#883);
#743=LINE('',#1967,#884);
#744=LINE('',#1971,#885);
#745=LINE('',#1975,#886);
#746=LINE('',#1977,#887);
#747=LINE('',#1979,#888);
#748=LINE('',#1983,#889);
#749=LINE('',#1987,#890);
#750=LINE('',#1989,#891);
#751=LINE('',#1991,#892);
#752=LINE('',#1999,#893);
#753=LINE('',#2002,#894);
#754=LINE('',#2004,#895);
#755=LINE('',#2006,#896);
#756=LINE('',#2010,#897);
#757=LINE('',#2014,#898);
#758=LINE('',#2016,#899);
#759=LINE('',#2018,#900);
#760=LINE('',#2022,#901);
#761=LINE('',#2026,#902);
#762=LINE('',#2028,#903);
#763=LINE('',#2030,#904);
#764=LINE('',#2034,#905);
#765=LINE('',#2038,#906);
#766=LINE('',#2040,#907);
#767=LINE('',#2042,#908);
#768=LINE('',#2050,#909);
#769=LINE('',#2053,#910);
#770=LINE('',#2055,#911);
#771=LINE('',#2057,#912);
#772=LINE('',#2061,#913);
#773=LINE('',#2065,#914);
#774=LINE('',#2067,#915);
#775=LINE('',#2069,#916);
#776=LINE('',#2073,#917);
#777=LINE('',#2077,#918);
#778=LINE('',#2079,#919);
#779=LINE('',#2081,#920);
#780=LINE('',#2085,#921);
#781=LINE('',#2089,#922);
#782=LINE('',#2091,#923);
#783=LINE('',#2093,#924);
#784=LINE('',#2104,#925);
#785=LINE('',#2108,#926);
#786=LINE('',#2110,#927);
#787=LINE('',#2112,#928);
#788=LINE('',#2114,#929);
#789=LINE('',#2118,#930);
#790=LINE('',#2122,#931);
#791=LINE('',#2124,#932);
#792=LINE('',#2126,#933);
#793=LINE('',#2130,#934);
#794=LINE('',#2134,#935);
#795=LINE('',#2136,#936);
#796=LINE('',#2138,#937);
#797=LINE('',#2142,#938);
#798=LINE('',#2146,#939);
#799=LINE('',#2147,#940);
#800=LINE('',#2152,#941);
#801=LINE('',#2155,#942);
#802=LINE('',#2157,#943);
#803=LINE('',#2159,#944);
#804=LINE('',#2163,#945);
#805=LINE('',#2167,#946);
#806=LINE('',#2169,#947);
#807=LINE('',#2171,#948);
#808=LINE('',#2173,#949);
#809=LINE('',#2174,#950);
#810=LINE('',#2179,#951);
#811=LINE('',#2182,#952);
#812=LINE('',#2184,#953);
#813=LINE('',#2186,#954);
#814=LINE('',#2190,#955);
#815=LINE('',#2194,#956);
#816=LINE('',#2196,#957);
#817=LINE('',#2198,#958);
#818=LINE('',#2200,#959);
#819=LINE('',#2201,#960);
#820=LINE('',#2206,#961);
#821=LINE('',#2209,#962);
#822=LINE('',#2211,#963);
#823=LINE('',#2213,#964);
#824=LINE('',#2215,#965);
#825=LINE('',#2217,#966);
#826=LINE('',#2219,#967);
#827=LINE('',#2221,#968);
#828=LINE('',#2223,#969);
#829=LINE('',#2225,#970);
#830=LINE('',#2227,#971);
#831=LINE('',#2228,#972);
#832=LINE('',#2233,#973);
#833=LINE('',#2236,#974);
#834=LINE('',#2238,#975);
#835=LINE('',#2240,#976);
#836=LINE('',#2242,#977);
#837=LINE('',#2244,#978);
#838=LINE('',#2246,#979);
#839=LINE('',#2249,#980);
#840=LINE('',#2251,#981);
#841=LINE('',#2252,#982);
#842=LINE('',#2254,#983);
#843=LINE('',#2256,#984);
#844=LINE('',#2259,#985);
#845=LINE('',#2260,#986);
#846=LINE('',#2262,#987);
#847=LINE('',#2264,#988);
#848=LINE('',#2265,#989);
#849=LINE('',#2267,#990);
#850=LINE('',#2270,#991);
#851=LINE('',#2272,#992);
#852=LINE('',#2274,#993);
#853=LINE('',#2278,#994);
#854=LINE('',#2281,#995);
#855=LINE('',#2283,#996);
#856=LINE('',#2285,#997);
#857=LINE('',#2287,#998);
#858=LINE('',#2289,#999);
#859=LINE('',#2291,#1000);
#860=LINE('',#2293,#1001);
#861=LINE('',#2295,#1002);
#862=LINE('',#2297,#1003);
#863=LINE('',#2299,#1004);
#864=LINE('',#2300,#1005);
#865=LINE('',#2305,#1006);
#866=LINE('',#2308,#1007);
#867=LINE('',#2310,#1008);
#868=LINE('',#2312,#1009);
#869=LINE('',#2314,#1010);
#870=LINE('',#2316,#1011);
#871=LINE('',#2318,#1012);
#872=LINE('',#2320,#1013);
#873=LINE('',#2322,#1014);
#874=LINE('',#2324,#1015);
#875=LINE('',#2326,#1016);
#876=LINE('',#2328,#1017);
#877=VECTOR('',#1559,1.);
#878=VECTOR('',#1560,1.);
#879=VECTOR('',#1561,1.);
#880=VECTOR('',#1562,1.);
#881=VECTOR('',#1567,1.);
#882=VECTOR('',#1572,1.);
#883=VECTOR('',#1573,1.);
#884=VECTOR('',#1574,1.);
#885=VECTOR('',#1579,1.);
#886=VECTOR('',#1584,1.);
#887=VECTOR('',#1585,1.);
#888=VECTOR('',#1586,1.);
#889=VECTOR('',#1591,1.);
#890=VECTOR('',#1596,1.);
#891=VECTOR('',#1597,1.);
#892=VECTOR('',#1598,1.);
#893=VECTOR('',#1613,1.);
#894=VECTOR('',#1614,1.);
#895=VECTOR('',#1615,1.);
#896=VECTOR('',#1616,1.);
#897=VECTOR('',#1621,1.);
#898=VECTOR('',#1626,1.);
#899=VECTOR('',#1627,1.);
#900=VECTOR('',#1628,1.);
#901=VECTOR('',#1633,1.);
#902=VECTOR('',#1638,1.);
#903=VECTOR('',#1639,1.);
#904=VECTOR('',#1640,1.);
#905=VECTOR('',#1645,1.);
#906=VECTOR('',#1650,1.);
#907=VECTOR('',#1651,1.);
#908=VECTOR('',#1652,1.);
#909=VECTOR('',#1667,1.);
#910=VECTOR('',#1668,1.);
#911=VECTOR('',#1669,1.);
#912=VECTOR('',#1670,1.);
#913=VECTOR('',#1675,1.);
#914=VECTOR('',#1680,1.);
#915=VECTOR('',#1681,1.);
#916=VECTOR('',#1682,1.);
#917=VECTOR('',#1687,1.);
#918=VECTOR('',#1692,1.);
#919=VECTOR('',#1693,1.);
#920=VECTOR('',#1694,1.);
#921=VECTOR('',#1699,1.);
#922=VECTOR('',#1704,1.);
#923=VECTOR('',#1705,1.);
#924=VECTOR('',#1706,1.);
#925=VECTOR('',#1723,1.);
#926=VECTOR('',#1726,1.);
#927=VECTOR('',#1729,1.);
#928=VECTOR('',#1730,1.);
#929=VECTOR('',#1731,1.);
#930=VECTOR('',#1736,1.);
#931=VECTOR('',#1741,1.);
#932=VECTOR('',#1742,1.);
#933=VECTOR('',#1743,1.);
#934=VECTOR('',#1748,1.);
#935=VECTOR('',#1753,1.);
#936=VECTOR('',#1754,1.);
#937=VECTOR('',#1755,1.);
#938=VECTOR('',#1760,1.);
#939=VECTOR('',#1765,1.);
#940=VECTOR('',#1766,1.);
#941=VECTOR('',#1775,1.);
#942=VECTOR('',#1776,1.);
#943=VECTOR('',#1777,1.);
#944=VECTOR('',#1778,1.);
#945=VECTOR('',#1783,1.);
#946=VECTOR('',#1788,1.);
#947=VECTOR('',#1789,1.);
#948=VECTOR('',#1790,1.);
#949=VECTOR('',#1793,1.);
#950=VECTOR('',#1794,1.);
#951=VECTOR('',#1803,1.);
#952=VECTOR('',#1804,1.);
#953=VECTOR('',#1805,1.);
#954=VECTOR('',#1806,1.);
#955=VECTOR('',#1811,1.);
#956=VECTOR('',#1816,1.);
#957=VECTOR('',#1817,1.);
#958=VECTOR('',#1818,1.);
#959=VECTOR('',#1821,1.);
#960=VECTOR('',#1822,1.);
#961=VECTOR('',#1831,1.);
#962=VECTOR('',#1832,1.);
#963=VECTOR('',#1833,1.);
#964=VECTOR('',#1834,1.);
#965=VECTOR('',#1837,1.);
#966=VECTOR('',#1838,1.);
#967=VECTOR('',#1839,1.);
#968=VECTOR('',#1842,1.);
#969=VECTOR('',#1843,1.);
#970=VECTOR('',#1844,1.);
#971=VECTOR('',#1847,1.);
#972=VECTOR('',#1848,1.);
#973=VECTOR('',#1857,1.);
#974=VECTOR('',#1858,1.);
#975=VECTOR('',#1859,1.);
#976=VECTOR('',#1860,1.);
#977=VECTOR('',#1861,1.);
#978=VECTOR('',#1862,1.);
#979=VECTOR('',#1865,1.);
#980=VECTOR('',#1866,1.);
#981=VECTOR('',#1867,1.);
#982=VECTOR('',#1868,1.);
#983=VECTOR('',#1869,1.);
#984=VECTOR('',#1872,1.);
#985=VECTOR('',#1873,1.);
#986=VECTOR('',#1874,1.);
#987=VECTOR('',#1877,1.);
#988=VECTOR('',#1878,1.);
#989=VECTOR('',#1879,1.);
#990=VECTOR('',#1882,1.);
#991=VECTOR('',#1887,1.);
#992=VECTOR('',#1888,1.);
#993=VECTOR('',#1891,1.);
#994=VECTOR('',#1898,1.);
#995=VECTOR('',#1899,1.);
#996=VECTOR('',#1900,1.);
#997=VECTOR('',#1901,1.);
#998=VECTOR('',#1904,1.);
#999=VECTOR('',#1905,1.);
#1000=VECTOR('',#1906,1.);
#1001=VECTOR('',#1909,1.);
#1002=VECTOR('',#1910,1.);
#1003=VECTOR('',#1911,1.);
#1004=VECTOR('',#1914,1.);
#1005=VECTOR('',#1915,1.);
#1006=VECTOR('',#1924,1.);
#1007=VECTOR('',#1925,1.);
#1008=VECTOR('',#1926,1.);
#1009=VECTOR('',#1927,1.);
#1010=VECTOR('',#1930,1.);
#1011=VECTOR('',#1931,1.);
#1012=VECTOR('',#1932,1.);
#1013=VECTOR('',#1935,1.);
#1014=VECTOR('',#1936,1.);
#1015=VECTOR('',#1939,1.);
#1016=VECTOR('',#1940,1.);
#1017=VECTOR('',#1943,1.);
#1018=EDGE_LOOP('',(#87,#88,#89,#90));
#1019=EDGE_LOOP('',(#91,#92,#93,#94));
#1020=EDGE_LOOP('',(#95,#96,#97,#98));
#1021=EDGE_LOOP('',(#99,#100,#101,#102));
#1022=EDGE_LOOP('',(#103,#104,#105,#106));
#1023=EDGE_LOOP('',(#107,#108,#109,#110));
#1024=EDGE_LOOP('',(#111,#112,#113,#114));
#1025=EDGE_LOOP('',(#115,#116,#117,#118));
#1026=EDGE_LOOP('',(#119,#120,#121,#122,#123,#124,#125,#126));
#1027=EDGE_LOOP('',(#127,#128,#129,#130,#131,#132,#133,#134));
#1028=EDGE_LOOP('',(#135,#136,#137,#138));
#1029=EDGE_LOOP('',(#139,#140,#141,#142));
#1030=EDGE_LOOP('',(#143,#144,#145,#146));
#1031=EDGE_LOOP('',(#147,#148,#149,#150));
#1032=EDGE_LOOP('',(#151,#152,#153,#154));
#1033=EDGE_LOOP('',(#155,#156,#157,#158));
#1034=EDGE_LOOP('',(#159,#160,#161,#162));
#1035=EDGE_LOOP('',(#163,#164,#165,#166));
#1036=EDGE_LOOP('',(#167,#168,#169,#170,#171,#172,#173,#174));
#1037=EDGE_LOOP('',(#175,#176,#177,#178,#179,#180,#181,#182));
#1038=EDGE_LOOP('',(#183,#184,#185,#186));
#1039=EDGE_LOOP('',(#187,#188,#189,#190));
#1040=EDGE_LOOP('',(#191,#192,#193,#194));
#1041=EDGE_LOOP('',(#195,#196,#197,#198));
#1042=EDGE_LOOP('',(#199,#200,#201,#202));
#1043=EDGE_LOOP('',(#203,#204,#205,#206));
#1044=EDGE_LOOP('',(#207,#208,#209,#210));
#1045=EDGE_LOOP('',(#211,#212,#213,#214));
#1046=EDGE_LOOP('',(#215,#216,#217,#218,#219,#220,#221,#222));
#1047=EDGE_LOOP('',(#223,#224,#225,#226,#227,#228,#229,#230));
#1048=EDGE_LOOP('',(#231,#232,#233,#234));
#1049=EDGE_LOOP('',(#235,#236,#237,#238));
#1050=EDGE_LOOP('',(#239,#240,#241,#242));
#1051=EDGE_LOOP('',(#243,#244,#245,#246));
#1052=EDGE_LOOP('',(#247,#248,#249,#250));
#1053=EDGE_LOOP('',(#251,#252,#253,#254));
#1054=EDGE_LOOP('',(#255,#256,#257,#258));
#1055=EDGE_LOOP('',(#259,#260,#261,#262));
#1056=EDGE_LOOP('',(#263,#264,#265,#266,#267,#268,#269,#270));
#1057=EDGE_LOOP('',(#271,#272,#273,#274,#275,#276,#277,#278));
#1058=EDGE_LOOP('',(#279,#280,#281,#282));
#1059=EDGE_LOOP('',(#283,#284,#285,#286));
#1060=EDGE_LOOP('',(#287,#288,#289,#290));
#1061=EDGE_LOOP('',(#291,#292,#293,#294));
#1062=EDGE_LOOP('',(#295,#296,#297,#298));
#1063=EDGE_LOOP('',(#299,#300,#301,#302));
#1064=EDGE_LOOP('',(#303,#304,#305,#306));
#1065=EDGE_LOOP('',(#307,#308,#309,#310));
#1066=EDGE_LOOP('',(#311,#312,#313,#314));
#1067=EDGE_LOOP('',(#315,#316,#317,#318));
#1068=EDGE_LOOP('',(#319,#320,#321,#322));
#1069=EDGE_LOOP('',(#323,#324,#325,#326));
#1070=EDGE_LOOP('',(#327,#328,#329,#330));
#1071=EDGE_LOOP('',(#331,#332,#333,#334));
#1072=EDGE_LOOP('',(#335,#336,#337,#338));
#1073=EDGE_LOOP('',(#339,#340,#341,#342));
#1074=EDGE_LOOP('',(#343,#344,#345,#346));
#1075=EDGE_LOOP('',(#347,#348,#349,#350));
#1076=EDGE_LOOP('',(#351,#352,#353,#354,#355,#356));
#1077=EDGE_LOOP('',(#357,#358,#359,#360,#361,#362));
#1078=EDGE_LOOP('',(#363,#364,#365,#366));
#1079=EDGE_LOOP('',(#367,#368,#369,#370,#371,#372));
#1080=EDGE_LOOP('',(#373,#374,#375,#376));
#1081=EDGE_LOOP('',(#377,#378,#379,#380));
#1082=EDGE_LOOP('',(#381,#382,#383,#384));
#1083=EDGE_LOOP('',(#385,#386,#387,#388));
#1084=EDGE_LOOP('',(#389,#390,#391,#392));
#1085=EDGE_LOOP('',(#393,#394,#395,#396));
#1086=EDGE_LOOP('',(#397,#398,#399,#400));
#1087=EDGE_LOOP('',(#401,#402,#403,#404));
#1088=EDGE_LOOP('',(#405,#406,#407,#408));
#1089=EDGE_LOOP('',(#409,#410,#411,#412));
#1090=EDGE_LOOP('',(#413,#414,#415,#416));
#1091=EDGE_LOOP('',(#417,#418,#419,#420));
#1092=EDGE_LOOP('',(#421,#422,#423,#424));
#1093=EDGE_LOOP('',(#425,#426,#427,#428));
#1094=EDGE_LOOP('',(#429,#430,#431,#432));
#1095=EDGE_LOOP('',(#433,#434,#435,#436));
#1096=EDGE_LOOP('',(#437,#438,#439,#440));
#1097=FACE_BOUND('',#1018,.T.);
#1098=FACE_BOUND('',#1019,.T.);
#1099=FACE_BOUND('',#1020,.T.);
#1100=FACE_BOUND('',#1021,.T.);
#1101=FACE_BOUND('',#1022,.T.);
#1102=FACE_BOUND('',#1023,.T.);
#1103=FACE_BOUND('',#1024,.T.);
#1104=FACE_BOUND('',#1025,.T.);
#1105=FACE_BOUND('',#1026,.T.);
#1106=FACE_BOUND('',#1027,.T.);
#1107=FACE_BOUND('',#1028,.T.);
#1108=FACE_BOUND('',#1029,.T.);
#1109=FACE_BOUND('',#1030,.T.);
#1110=FACE_BOUND('',#1031,.T.);
#1111=FACE_BOUND('',#1032,.T.);
#1112=FACE_BOUND('',#1033,.T.);
#1113=FACE_BOUND('',#1034,.T.);
#1114=FACE_BOUND('',#1035,.T.);
#1115=FACE_BOUND('',#1036,.T.);
#1116=FACE_BOUND('',#1037,.T.);
#1117=FACE_BOUND('',#1038,.T.);
#1118=FACE_BOUND('',#1039,.T.);
#1119=FACE_BOUND('',#1040,.T.);
#1120=FACE_BOUND('',#1041,.T.);
#1121=FACE_BOUND('',#1042,.T.);
#1122=FACE_BOUND('',#1043,.T.);
#1123=FACE_BOUND('',#1044,.T.);
#1124=FACE_BOUND('',#1045,.T.);
#1125=FACE_BOUND('',#1046,.T.);
#1126=FACE_BOUND('',#1047,.T.);
#1127=FACE_BOUND('',#1048,.T.);
#1128=FACE_BOUND('',#1049,.T.);
#1129=FACE_BOUND('',#1050,.T.);
#1130=FACE_BOUND('',#1051,.T.);
#1131=FACE_BOUND('',#1052,.T.);
#1132=FACE_BOUND('',#1053,.T.);
#1133=FACE_BOUND('',#1054,.T.);
#1134=FACE_BOUND('',#1055,.T.);
#1135=FACE_BOUND('',#1056,.T.);
#1136=FACE_BOUND('',#1057,.T.);
#1137=FACE_BOUND('',#1058,.T.);
#1138=FACE_BOUND('',#1059,.T.);
#1139=FACE_BOUND('',#1060,.T.);
#1140=FACE_BOUND('',#1061,.T.);
#1141=FACE_BOUND('',#1062,.T.);
#1142=FACE_BOUND('',#1063,.T.);
#1143=FACE_BOUND('',#1064,.T.);
#1144=FACE_BOUND('',#1065,.T.);
#1145=FACE_BOUND('',#1066,.T.);
#1146=FACE_BOUND('',#1067,.T.);
#1147=FACE_BOUND('',#1068,.T.);
#1148=FACE_BOUND('',#1069,.T.);
#1149=FACE_BOUND('',#1070,.T.);
#1150=FACE_BOUND('',#1071,.T.);
#1151=FACE_BOUND('',#1072,.T.);
#1152=FACE_BOUND('',#1073,.T.);
#1153=FACE_BOUND('',#1074,.T.);
#1154=FACE_BOUND('',#1075,.T.);
#1155=FACE_BOUND('',#1076,.T.);
#1156=FACE_BOUND('',#1077,.T.);
#1157=FACE_BOUND('',#1078,.T.);
#1158=FACE_BOUND('',#1079,.T.);
#1159=FACE_BOUND('',#1080,.T.);
#1160=FACE_BOUND('',#1081,.T.);
#1161=FACE_BOUND('',#1082,.T.);
#1162=FACE_BOUND('',#1083,.T.);
#1163=FACE_BOUND('',#1084,.T.);
#1164=FACE_BOUND('',#1085,.T.);
#1165=FACE_BOUND('',#1086,.T.);
#1166=FACE_BOUND('',#1087,.T.);
#1167=FACE_BOUND('',#1088,.T.);
#1168=FACE_BOUND('',#1089,.T.);
#1169=FACE_BOUND('',#1090,.T.);
#1170=FACE_BOUND('',#1091,.T.);
#1171=FACE_BOUND('',#1092,.T.);
#1172=FACE_BOUND('',#1093,.T.);
#1173=FACE_BOUND('',#1094,.T.);
#1174=FACE_BOUND('',#1095,.T.);
#1175=FACE_BOUND('',#1096,.T.);
#1176=PLANE('',#1431);
#1177=PLANE('',#1435);
#1178=PLANE('',#1439);
#1179=PLANE('',#1443);
#1180=PLANE('',#1447);
#1181=PLANE('',#1448);
#1182=PLANE('',#1450);
#1183=PLANE('',#1454);
#1184=PLANE('',#1458);
#1185=PLANE('',#1462);
#1186=PLANE('',#1466);
#1187=PLANE('',#1467);
#1188=PLANE('',#1469);
#1189=PLANE('',#1473);
#1190=PLANE('',#1477);
#1191=PLANE('',#1481);
#1192=PLANE('',#1485);
#1193=PLANE('',#1486);
#1194=PLANE('',#1491);
#1195=PLANE('',#1495);
#1196=PLANE('',#1499);
#1197=PLANE('',#1503);
#1198=PLANE('',#1504);
#1199=PLANE('',#1505);
#1200=PLANE('',#1507);
#1201=PLANE('',#1511);
#1202=PLANE('',#1512);
#1203=PLANE('',#1513);
#1204=PLANE('',#1514);
#1205=PLANE('',#1516);
#1206=PLANE('',#1520);
#1207=PLANE('',#1521);
#1208=PLANE('',#1522);
#1209=PLANE('',#1523);
#1210=PLANE('',#1525);
#1211=PLANE('',#1526);
#1212=PLANE('',#1527);
#1213=PLANE('',#1528);
#1214=PLANE('',#1529);
#1215=PLANE('',#1530);
#1216=PLANE('',#1532);
#1217=PLANE('',#1533);
#1218=PLANE('',#1534);
#1219=PLANE('',#1535);
#1220=PLANE('',#1536);
#1221=PLANE('',#1537);
#1222=PLANE('',#1538);
#1223=PLANE('',#1539);
#1224=PLANE('',#1540);
#1225=PLANE('',#1542);
#1226=PLANE('',#1543);
#1227=PLANE('',#1544);
#1228=PLANE('',#1545);
#1229=PLANE('',#1546);
#1230=PLANE('',#1547);
#1231=PLANE('',#1549);
#1232=PLANE('',#1550);
#1233=PLANE('',#1551);
#1234=PLANE('',#1552);
#1235=PLANE('',#1553);
#1236=PLANE('',#1554);
#1237=ADVANCED_FACE('',(#1097),#1176,.F.);
#1238=ADVANCED_FACE('',(#1098),#69,.T.);
#1239=ADVANCED_FACE('',(#1099),#1177,.T.);
#1240=ADVANCED_FACE('',(#1100),#70,.T.);
#1241=ADVANCED_FACE('',(#1101),#1178,.T.);
#1242=ADVANCED_FACE('',(#1102),#71,.T.);
#1243=ADVANCED_FACE('',(#1103),#1179,.F.);
#1244=ADVANCED_FACE('',(#1104),#72,.T.);
#1245=ADVANCED_FACE('',(#1105),#1180,.T.);
#1246=ADVANCED_FACE('',(#1106),#1181,.F.);
#1247=ADVANCED_FACE('',(#1107),#1182,.T.);
#1248=ADVANCED_FACE('',(#1108),#73,.T.);
#1249=ADVANCED_FACE('',(#1109),#1183,.F.);
#1250=ADVANCED_FACE('',(#1110),#74,.T.);
#1251=ADVANCED_FACE('',(#1111),#1184,.F.);
#1252=ADVANCED_FACE('',(#1112),#75,.T.);
#1253=ADVANCED_FACE('',(#1113),#1185,.T.);
#1254=ADVANCED_FACE('',(#1114),#76,.T.);
#1255=ADVANCED_FACE('',(#1115),#1186,.T.);
#1256=ADVANCED_FACE('',(#1116),#1187,.F.);
#1257=ADVANCED_FACE('',(#1117),#1188,.T.);
#1258=ADVANCED_FACE('',(#1118),#77,.T.);
#1259=ADVANCED_FACE('',(#1119),#1189,.T.);
#1260=ADVANCED_FACE('',(#1120),#78,.T.);
#1261=ADVANCED_FACE('',(#1121),#1190,.F.);
#1262=ADVANCED_FACE('',(#1122),#79,.T.);
#1263=ADVANCED_FACE('',(#1123),#1191,.F.);
#1264=ADVANCED_FACE('',(#1124),#80,.T.);
#1265=ADVANCED_FACE('',(#1125),#1192,.T.);
#1266=ADVANCED_FACE('',(#1126),#1193,.F.);
#1267=ADVANCED_FACE('',(#1127),#81,.T.);
#1268=ADVANCED_FACE('',(#1128),#1194,.T.);
#1269=ADVANCED_FACE('',(#1129),#82,.T.);
#1270=ADVANCED_FACE('',(#1130),#1195,.F.);
#1271=ADVANCED_FACE('',(#1131),#83,.T.);
#1272=ADVANCED_FACE('',(#1132),#1196,.F.);
#1273=ADVANCED_FACE('',(#1133),#84,.T.);
#1274=ADVANCED_FACE('',(#1134),#1197,.T.);
#1275=ADVANCED_FACE('',(#1135),#1198,.T.);
#1276=ADVANCED_FACE('',(#1136),#1199,.F.);
#1277=ADVANCED_FACE('',(#1137),#1200,.F.);
#1278=ADVANCED_FACE('',(#1138),#85,.T.);
#1279=ADVANCED_FACE('',(#1139),#1201,.F.);
#1280=ADVANCED_FACE('',(#1140),#1202,.F.);
#1281=ADVANCED_FACE('',(#1141),#1203,.T.);
#1282=ADVANCED_FACE('',(#1142),#1204,.F.);
#1283=ADVANCED_FACE('',(#1143),#1205,.F.);
#1284=ADVANCED_FACE('',(#1144),#86,.T.);
#1285=ADVANCED_FACE('',(#1145),#1206,.F.);
#1286=ADVANCED_FACE('',(#1146),#1207,.F.);
#1287=ADVANCED_FACE('',(#1147),#1208,.T.);
#1288=ADVANCED_FACE('',(#1148),#1209,.F.);
#1289=ADVANCED_FACE('',(#1149),#1210,.T.);
#1290=ADVANCED_FACE('',(#1150),#1211,.F.);
#1291=ADVANCED_FACE('',(#1151),#1212,.F.);
#1292=ADVANCED_FACE('',(#1152),#1213,.T.);
#1293=ADVANCED_FACE('',(#1153),#1214,.T.);
#1294=ADVANCED_FACE('',(#1154),#1215,.F.);
#1295=ADVANCED_FACE('',(#1155),#1216,.F.);
#1296=ADVANCED_FACE('',(#1156),#1217,.T.);
#1297=ADVANCED_FACE('',(#1157),#1218,.T.);
#1298=ADVANCED_FACE('',(#1158),#1219,.F.);
#1299=ADVANCED_FACE('',(#1159),#1220,.T.);
#1300=ADVANCED_FACE('',(#1160),#1221,.F.);
#1301=ADVANCED_FACE('',(#1161),#1222,.T.);
#1302=ADVANCED_FACE('',(#1162),#1223,.F.);
#1303=ADVANCED_FACE('',(#1163),#1224,.T.);
#1304=ADVANCED_FACE('',(#1164),#1225,.T.);
#1305=ADVANCED_FACE('',(#1165),#1226,.F.);
#1306=ADVANCED_FACE('',(#1166),#1227,.F.);
#1307=ADVANCED_FACE('',(#1167),#1228,.T.);
#1308=ADVANCED_FACE('',(#1168),#1229,.T.);
#1309=ADVANCED_FACE('',(#1169),#1230,.F.);
#1310=ADVANCED_FACE('',(#1170),#1231,.F.);
#1311=ADVANCED_FACE('',(#1171),#1232,.F.);
#1312=ADVANCED_FACE('',(#1172),#1233,.T.);
#1313=ADVANCED_FACE('',(#1173),#1234,.T.);
#1314=ADVANCED_FACE('',(#1174),#1235,.T.);
#1315=ADVANCED_FACE('',(#1175),#1236,.T.);
#1316=CLOSED_SHELL('',(#1237,#1238,#1239,#1240,#1241,#1242,#1243,#1244,
#1245,#1246));
#1317=CLOSED_SHELL('',(#1247,#1248,#1249,#1250,#1251,#1252,#1253,#1254,
#1255,#1256));
#1318=CLOSED_SHELL('',(#1257,#1258,#1259,#1260,#1261,#1262,#1263,#1264,
#1265,#1266));
#1319=CLOSED_SHELL('',(#1267,#1268,#1269,#1270,#1271,#1272,#1273,#1274,
#1275,#1276));
#1320=CLOSED_SHELL('',(#1277,#1278,#1279,#1280,#1281,#1282));
#1321=CLOSED_SHELL('',(#1283,#1284,#1285,#1286,#1287,#1288));
#1322=CLOSED_SHELL('',(#1289,#1290,#1291,#1292,#1293,#1294));
#1323=CLOSED_SHELL('',(#1295,#1296,#1297,#1298,#1299,#1300,#1301,#1302,
#1303));
#1324=CLOSED_SHELL('',(#1304,#1305,#1306,#1307,#1308,#1309));
#1325=CLOSED_SHELL('',(#1310,#1311,#1312,#1313,#1314,#1315));
#1326=STYLED_ITEM('',(#1336),#1400);
#1327=STYLED_ITEM('',(#1337),#1401);
#1328=STYLED_ITEM('',(#1338),#1402);
#1329=STYLED_ITEM('',(#1339),#1403);
#1330=STYLED_ITEM('',(#1340),#1404);
#1331=STYLED_ITEM('',(#1341),#1405);
#1332=STYLED_ITEM('',(#1342),#1406);
#1333=STYLED_ITEM('',(#1343),#1407);
#1334=STYLED_ITEM('',(#1344),#1408);
#1335=STYLED_ITEM('',(#1345),#1409);
#1336=PRESENTATION_STYLE_ASSIGNMENT((#1346));
#1337=PRESENTATION_STYLE_ASSIGNMENT((#1347));
#1338=PRESENTATION_STYLE_ASSIGNMENT((#1348));
#1339=PRESENTATION_STYLE_ASSIGNMENT((#1349));
#1340=PRESENTATION_STYLE_ASSIGNMENT((#1350));
#1341=PRESENTATION_STYLE_ASSIGNMENT((#1351));
#1342=PRESENTATION_STYLE_ASSIGNMENT((#1352));
#1343=PRESENTATION_STYLE_ASSIGNMENT((#1353));
#1344=PRESENTATION_STYLE_ASSIGNMENT((#1354));
#1345=PRESENTATION_STYLE_ASSIGNMENT((#1355));
#1346=SURFACE_STYLE_USAGE(.BOTH.,#1356);
#1347=SURFACE_STYLE_USAGE(.BOTH.,#1357);
#1348=SURFACE_STYLE_USAGE(.BOTH.,#1358);
#1349=SURFACE_STYLE_USAGE(.BOTH.,#1359);
#1350=SURFACE_STYLE_USAGE(.BOTH.,#1360);
#1351=SURFACE_STYLE_USAGE(.BOTH.,#1361);
#1352=SURFACE_STYLE_USAGE(.BOTH.,#1362);
#1353=SURFACE_STYLE_USAGE(.BOTH.,#1363);
#1354=SURFACE_STYLE_USAGE(.BOTH.,#1364);
#1355=SURFACE_STYLE_USAGE(.BOTH.,#1365);
#1356=SURFACE_SIDE_STYLE('',(#1366));
#1357=SURFACE_SIDE_STYLE('',(#1367));
#1358=SURFACE_SIDE_STYLE('',(#1368));
#1359=SURFACE_SIDE_STYLE('',(#1369));
#1360=SURFACE_SIDE_STYLE('',(#1370));
#1361=SURFACE_SIDE_STYLE('',(#1371));
#1362=SURFACE_SIDE_STYLE('',(#1372));
#1363=SURFACE_SIDE_STYLE('',(#1373,#10));
#1364=SURFACE_SIDE_STYLE('',(#1374));
#1365=SURFACE_SIDE_STYLE('',(#1375));
#1366=SURFACE_STYLE_FILL_AREA(#1376);
#1367=SURFACE_STYLE_FILL_AREA(#1377);
#1368=SURFACE_STYLE_FILL_AREA(#1378);
#1369=SURFACE_STYLE_FILL_AREA(#1379);
#1370=SURFACE_STYLE_FILL_AREA(#1380);
#1371=SURFACE_STYLE_FILL_AREA(#1381);
#1372=SURFACE_STYLE_FILL_AREA(#1382);
#1373=SURFACE_STYLE_FILL_AREA(#1383);
#1374=SURFACE_STYLE_FILL_AREA(#1384);
#1375=SURFACE_STYLE_FILL_AREA(#1385);
#1376=FILL_AREA_STYLE('',(#1386));
#1377=FILL_AREA_STYLE('',(#1387));
#1378=FILL_AREA_STYLE('',(#1388));
#1379=FILL_AREA_STYLE('',(#1389));
#1380=FILL_AREA_STYLE('',(#1390));
#1381=FILL_AREA_STYLE('',(#1391));
#1382=FILL_AREA_STYLE('',(#1392));
#1383=FILL_AREA_STYLE('',(#1393));
#1384=FILL_AREA_STYLE('',(#1394));
#1385=FILL_AREA_STYLE('',(#1395));
#1386=FILL_AREA_STYLE_COLOUR('',#1396);
#1387=FILL_AREA_STYLE_COLOUR('',#1396);
#1388=FILL_AREA_STYLE_COLOUR('',#1396);
#1389=FILL_AREA_STYLE_COLOUR('',#1396);
#1390=FILL_AREA_STYLE_COLOUR('',#1396);
#1391=FILL_AREA_STYLE_COLOUR('',#1396);
#1392=FILL_AREA_STYLE_COLOUR('',#1397);
#1393=FILL_AREA_STYLE_COLOUR('',#12);
#1394=FILL_AREA_STYLE_COLOUR('',#1398);
#1395=FILL_AREA_STYLE_COLOUR('',#1399);
#1396=COLOUR_RGB('',0.980392156862745,0.713725490196078,0.00392156862745098);
#1397=COLOUR_RGB('',0.301960784313725,0.301960784313725,0.301960784313725);
#1398=COLOUR_RGB('',0.972549019607843,0.529411764705882,0.00392156862745098);
#1399=COLOUR_RGB('',0.325490196078431,0.529411764705882,0.752941176470588);
#1400=MANIFOLD_SOLID_BREP('Pad 2',#1316);
#1401=MANIFOLD_SOLID_BREP('Pad 3',#1317);
#1402=MANIFOLD_SOLID_BREP('Pad 4',#1318);
#1403=MANIFOLD_SOLID_BREP('Pad 1',#1319);
#1404=MANIFOLD_SOLID_BREP('C1',#1320);
#1405=MANIFOLD_SOLID_BREP('C2',#1321);
#1406=MANIFOLD_SOLID_BREP('Base',#1322);
#1407=MANIFOLD_SOLID_BREP('Lense',#1323);
#1408=MANIFOLD_SOLID_BREP('Sensor',#1324);
#1409=MANIFOLD_SOLID_BREP('Marking',#1325);
#1410=SHAPE_DEFINITION_REPRESENTATION(#2390,#1420);
#1411=SHAPE_DEFINITION_REPRESENTATION(#2391,#1421);
#1412=SHAPE_DEFINITION_REPRESENTATION(#2392,#1422);
#1413=SHAPE_DEFINITION_REPRESENTATION(#2393,#1423);
#1414=SHAPE_DEFINITION_REPRESENTATION(#2394,#1424);
#1415=SHAPE_DEFINITION_REPRESENTATION(#2395,#1425);
#1416=SHAPE_DEFINITION_REPRESENTATION(#2396,#1426);
#1417=SHAPE_DEFINITION_REPRESENTATION(#2397,#1427);
#1418=SHAPE_DEFINITION_REPRESENTATION(#2398,#1428);
#1419=SHAPE_DEFINITION_REPRESENTATION(#2399,#1429);
#1420=SHAPE_REPRESENTATION('Pad 2',(#1430),#2340);
#1421=SHAPE_REPRESENTATION('Pad 3',(#1449),#2341);
#1422=SHAPE_REPRESENTATION('Pad 4',(#1468),#2342);
#1423=SHAPE_REPRESENTATION('Pad 1',(#1487),#2343);
#1424=SHAPE_REPRESENTATION('C1',(#1506),#2344);
#1425=SHAPE_REPRESENTATION('C2',(#1515),#2345);
#1426=SHAPE_REPRESENTATION('Base',(#1524),#2346);
#1427=SHAPE_REPRESENTATION('Lense',(#1531),#2347);
#1428=SHAPE_REPRESENTATION('Sensor',(#1541),#2348);
#1429=SHAPE_REPRESENTATION('Marking',(#1548),#2349);
#1430=AXIS2_PLACEMENT_3D('',#1946,#1555,#1556);
#1431=AXIS2_PLACEMENT_3D('',#1947,#1557,#1558);
#1432=AXIS2_PLACEMENT_3D('',#1956,#1563,#1564);
#1433=AXIS2_PLACEMENT_3D('',#1957,#1565,#1566);
#1434=AXIS2_PLACEMENT_3D('',#1961,#1568,#1569);
#1435=AXIS2_PLACEMENT_3D('',#1962,#1570,#1571);
#1436=AXIS2_PLACEMENT_3D('',#1968,#1575,#1576);
#1437=AXIS2_PLACEMENT_3D('',#1969,#1577,#1578);
#1438=AXIS2_PLACEMENT_3D('',#1973,#1580,#1581);
#1439=AXIS2_PLACEMENT_3D('',#1974,#1582,#1583);
#1440=AXIS2_PLACEMENT_3D('',#1980,#1587,#1588);
#1441=AXIS2_PLACEMENT_3D('',#1981,#1589,#1590);
#1442=AXIS2_PLACEMENT_3D('',#1985,#1592,#1593);
#1443=AXIS2_PLACEMENT_3D('',#1986,#1594,#1595);
#1444=AXIS2_PLACEMENT_3D('',#1992,#1599,#1600);
#1445=AXIS2_PLACEMENT_3D('',#1993,#1601,#1602);
#1446=AXIS2_PLACEMENT_3D('',#1994,#1603,#1604);
#1447=AXIS2_PLACEMENT_3D('',#1995,#1605,#1606);
#1448=AXIS2_PLACEMENT_3D('',#1996,#1607,#1608);
#1449=AXIS2_PLACEMENT_3D('',#1997,#1609,#1610);
#1450=AXIS2_PLACEMENT_3D('',#1998,#1611,#1612);
#1451=AXIS2_PLACEMENT_3D('',#2007,#1617,#1618);
#1452=AXIS2_PLACEMENT_3D('',#2008,#1619,#1620);
#1453=AXIS2_PLACEMENT_3D('',#2012,#1622,#1623);
#1454=AXIS2_PLACEMENT_3D('',#2013,#1624,#1625);
#1455=AXIS2_PLACEMENT_3D('',#2019,#1629,#1630);
#1456=AXIS2_PLACEMENT_3D('',#2020,#1631,#1632);
#1457=AXIS2_PLACEMENT_3D('',#2024,#1634,#1635);
#1458=AXIS2_PLACEMENT_3D('',#2025,#1636,#1637);
#1459=AXIS2_PLACEMENT_3D('',#2031,#1641,#1642);
#1460=AXIS2_PLACEMENT_3D('',#2032,#1643,#1644);
#1461=AXIS2_PLACEMENT_3D('',#2036,#1646,#1647);
#1462=AXIS2_PLACEMENT_3D('',#2037,#1648,#1649);
#1463=AXIS2_PLACEMENT_3D('',#2043,#1653,#1654);
#1464=AXIS2_PLACEMENT_3D('',#2044,#1655,#1656);
#1465=AXIS2_PLACEMENT_3D('',#2045,#1657,#1658);
#1466=AXIS2_PLACEMENT_3D('',#2046,#1659,#1660);
#1467=AXIS2_PLACEMENT_3D('',#2047,#1661,#1662);
#1468=AXIS2_PLACEMENT_3D('',#2048,#1663,#1664);
#1469=AXIS2_PLACEMENT_3D('',#2049,#1665,#1666);
#1470=AXIS2_PLACEMENT_3D('',#2058,#1671,#1672);
#1471=AXIS2_PLACEMENT_3D('',#2059,#1673,#1674);
#1472=AXIS2_PLACEMENT_3D('',#2063,#1676,#1677);
#1473=AXIS2_PLACEMENT_3D('',#2064,#1678,#1679);
#1474=AXIS2_PLACEMENT_3D('',#2070,#1683,#1684);
#1475=AXIS2_PLACEMENT_3D('',#2071,#1685,#1686);
#1476=AXIS2_PLACEMENT_3D('',#2075,#1688,#1689);
#1477=AXIS2_PLACEMENT_3D('',#2076,#1690,#1691);
#1478=AXIS2_PLACEMENT_3D('',#2082,#1695,#1696);
#1479=AXIS2_PLACEMENT_3D('',#2083,#1697,#1698);
#1480=AXIS2_PLACEMENT_3D('',#2087,#1700,#1701);
#1481=AXIS2_PLACEMENT_3D('',#2088,#1702,#1703);
#1482=AXIS2_PLACEMENT_3D('',#2094,#1707,#1708);
#1483=AXIS2_PLACEMENT_3D('',#2095,#1709,#1710);
#1484=AXIS2_PLACEMENT_3D('',#2096,#1711,#1712);
#1485=AXIS2_PLACEMENT_3D('',#2097,#1713,#1714);
#1486=AXIS2_PLACEMENT_3D('',#2098,#1715,#1716);
#1487=AXIS2_PLACEMENT_3D('',#2099,#1717,#1718);
#1488=AXIS2_PLACEMENT_3D('',#2100,#1719,#1720);
#1489=AXIS2_PLACEMENT_3D('',#2101,#1721,#1722);
#1490=AXIS2_PLACEMENT_3D('',#2106,#1724,#1725);
#1491=AXIS2_PLACEMENT_3D('',#2109,#1727,#1728);
#1492=AXIS2_PLACEMENT_3D('',#2115,#1732,#1733);
#1493=AXIS2_PLACEMENT_3D('',#2116,#1734,#1735);
#1494=AXIS2_PLACEMENT_3D('',#2120,#1737,#1738);
#1495=AXIS2_PLACEMENT_3D('',#2121,#1739,#1740);
#1496=AXIS2_PLACEMENT_3D('',#2127,#1744,#1745);
#1497=AXIS2_PLACEMENT_3D('',#2128,#1746,#1747);
#1498=AXIS2_PLACEMENT_3D('',#2132,#1749,#1750);
#1499=AXIS2_PLACEMENT_3D('',#2133,#1751,#1752);
#1500=AXIS2_PLACEMENT_3D('',#2139,#1756,#1757);
#1501=AXIS2_PLACEMENT_3D('',#2140,#1758,#1759);
#1502=AXIS2_PLACEMENT_3D('',#2144,#1761,#1762);
#1503=AXIS2_PLACEMENT_3D('',#2145,#1763,#1764);
#1504=AXIS2_PLACEMENT_3D('',#2148,#1767,#1768);
#1505=AXIS2_PLACEMENT_3D('',#2149,#1769,#1770);
#1506=AXIS2_PLACEMENT_3D('',#2150,#1771,#1772);
#1507=AXIS2_PLACEMENT_3D('',#2151,#1773,#1774);
#1508=AXIS2_PLACEMENT_3D('',#2160,#1779,#1780);
#1509=AXIS2_PLACEMENT_3D('',#2161,#1781,#1782);
#1510=AXIS2_PLACEMENT_3D('',#2165,#1784,#1785);
#1511=AXIS2_PLACEMENT_3D('',#2166,#1786,#1787);
#1512=AXIS2_PLACEMENT_3D('',#2172,#1791,#1792);
#1513=AXIS2_PLACEMENT_3D('',#2175,#1795,#1796);
#1514=AXIS2_PLACEMENT_3D('',#2176,#1797,#1798);
#1515=AXIS2_PLACEMENT_3D('',#2177,#1799,#1800);
#1516=AXIS2_PLACEMENT_3D('',#2178,#1801,#1802);
#1517=AXIS2_PLACEMENT_3D('',#2187,#1807,#1808);
#1518=AXIS2_PLACEMENT_3D('',#2188,#1809,#1810);
#1519=AXIS2_PLACEMENT_3D('',#2192,#1812,#1813);
#1520=AXIS2_PLACEMENT_3D('',#2193,#1814,#1815);
#1521=AXIS2_PLACEMENT_3D('',#2199,#1819,#1820);
#1522=AXIS2_PLACEMENT_3D('',#2202,#1823,#1824);
#1523=AXIS2_PLACEMENT_3D('',#2203,#1825,#1826);
#1524=AXIS2_PLACEMENT_3D('',#2204,#1827,#1828);
#1525=AXIS2_PLACEMENT_3D('',#2205,#1829,#1830);
#1526=AXIS2_PLACEMENT_3D('',#2214,#1835,#1836);
#1527=AXIS2_PLACEMENT_3D('',#2220,#1840,#1841);
#1528=AXIS2_PLACEMENT_3D('',#2226,#1845,#1846);
#1529=AXIS2_PLACEMENT_3D('',#2229,#1849,#1850);
#1530=AXIS2_PLACEMENT_3D('',#2230,#1851,#1852);
#1531=AXIS2_PLACEMENT_3D('',#2231,#1853,#1854);
#1532=AXIS2_PLACEMENT_3D('',#2232,#1855,#1856);
#1533=AXIS2_PLACEMENT_3D('',#2245,#1863,#1864);
#1534=AXIS2_PLACEMENT_3D('',#2255,#1870,#1871);
#1535=AXIS2_PLACEMENT_3D('',#2261,#1875,#1876);
#1536=AXIS2_PLACEMENT_3D('',#2266,#1880,#1881);
#1537=AXIS2_PLACEMENT_3D('',#2268,#1883,#1884);
#1538=AXIS2_PLACEMENT_3D('',#2269,#1885,#1886);
#1539=AXIS2_PLACEMENT_3D('',#2273,#1889,#1890);
#1540=AXIS2_PLACEMENT_3D('',#2275,#1892,#1893);
#1541=AXIS2_PLACEMENT_3D('',#2276,#1894,#1895);
#1542=AXIS2_PLACEMENT_3D('',#2277,#1896,#1897);
#1543=AXIS2_PLACEMENT_3D('',#2286,#1902,#1903);
#1544=AXIS2_PLACEMENT_3D('',#2292,#1907,#1908);
#1545=AXIS2_PLACEMENT_3D('',#2298,#1912,#1913);
#1546=AXIS2_PLACEMENT_3D('',#2301,#1916,#1917);
#1547=AXIS2_PLACEMENT_3D('',#2302,#1918,#1919);
#1548=AXIS2_PLACEMENT_3D('',#2303,#1920,#1921);
#1549=AXIS2_PLACEMENT_3D('',#2304,#1922,#1923);
#1550=AXIS2_PLACEMENT_3D('',#2313,#1928,#1929);
#1551=AXIS2_PLACEMENT_3D('',#2319,#1933,#1934);
#1552=AXIS2_PLACEMENT_3D('',#2323,#1937,#1938);
#1553=AXIS2_PLACEMENT_3D('',#2327,#1941,#1942);
#1554=AXIS2_PLACEMENT_3D('',#2329,#1944,#1945);
#1555=DIRECTION('',(0.,0.,1.));
#1556=DIRECTION('',(1.,0.,0.));
#1557=DIRECTION('',(1.,0.,0.));
#1558=DIRECTION('',(0.,-1.,0.));
#1559=DIRECTION('',(0.,0.,-1.));
#1560=DIRECTION('',(0.,1.,0.));
#1561=DIRECTION('',(0.,0.,-1.));
#1562=DIRECTION('',(0.,1.,0.));
#1563=DIRECTION('',(0.,1.,0.));
#1564=DIRECTION('',(1.,0.,0.));
#1565=DIRECTION('',(0.,-1.,0.));
#1566=DIRECTION('',(-1.,0.,0.));
#1567=DIRECTION('',(0.,1.,0.));
#1568=DIRECTION('',(0.,-1.,0.));
#1569=DIRECTION('',(-1.,0.,0.));
#1570=DIRECTION('',(2.16840434497101E-16,0.,-1.));
#1571=DIRECTION('',(-1.,0.,-2.16840434497101E-16));
#1572=DIRECTION('',(-1.,0.,-2.16840434497101E-16));
#1573=DIRECTION('',(0.,1.,0.));
#1574=DIRECTION('',(-1.,0.,-2.16840434497101E-16));
#1575=DIRECTION('',(0.,1.,0.));
#1576=DIRECTION('',(1.,0.,0.));
#1577=DIRECTION('',(0.,-1.,0.));
#1578=DIRECTION('',(-1.,0.,0.));
#1579=DIRECTION('',(0.,1.,0.));
#1580=DIRECTION('',(0.,-1.,0.));
#1581=DIRECTION('',(-1.,0.,0.));
#1582=DIRECTION('',(1.,0.,0.));
#1583=DIRECTION('',(0.,-1.,0.));
#1584=DIRECTION('',(0.,0.,-1.));
#1585=DIRECTION('',(0.,1.,0.));
#1586=DIRECTION('',(0.,0.,-1.));
#1587=DIRECTION('',(0.,1.,0.));
#1588=DIRECTION('',(1.,0.,0.));
#1589=DIRECTION('',(0.,-1.,0.));
#1590=DIRECTION('',(-1.,0.,0.));
#1591=DIRECTION('',(0.,1.,0.));
#1592=DIRECTION('',(0.,-1.,0.));
#1593=DIRECTION('',(-1.,0.,0.));
#1594=DIRECTION('',(0.,0.,-1.));
#1595=DIRECTION('',(0.,1.,0.));
#1596=DIRECTION('',(-1.,0.,0.));
#1597=DIRECTION('',(0.,1.,0.));
#1598=DIRECTION('',(-1.,0.,0.));
#1599=DIRECTION('',(0.,1.,0.));
#1600=DIRECTION('',(1.,0.,0.));
#1601=DIRECTION('',(0.,-1.,0.));
#1602=DIRECTION('',(-1.,0.,0.));
#1603=DIRECTION('',(0.,-1.,0.));
#1604=DIRECTION('',(-1.,0.,0.));
#1605=DIRECTION('',(0.,-1.,0.));
#1606=DIRECTION('',(1.,0.,0.));
#1607=DIRECTION('',(0.,-1.,0.));
#1608=DIRECTION('',(1.,0.,0.));
#1609=DIRECTION('',(0.,0.,1.));
#1610=DIRECTION('',(1.,0.,0.));
#1611=DIRECTION('',(0.,0.,1.));
#1612=DIRECTION('',(0.,-1.,0.));
#1613=DIRECTION('',(1.,0.,0.));
#1614=DIRECTION('',(0.,1.,0.));
#1615=DIRECTION('',(1.,0.,0.));
#1616=DIRECTION('',(0.,1.,0.));
#1617=DIRECTION('',(0.,1.,0.));
#1618=DIRECTION('',(1.,0.,0.));
#1619=DIRECTION('',(0.,-1.,0.));
#1620=DIRECTION('',(-1.,0.,0.));
#1621=DIRECTION('',(0.,1.,0.));
#1622=DIRECTION('',(0.,-1.,0.));
#1623=DIRECTION('',(-1.,0.,0.));
#1624=DIRECTION('',(1.,0.,0.));
#1625=DIRECTION('',(0.,-1.,0.));
#1626=DIRECTION('',(0.,0.,-1.));
#1627=DIRECTION('',(0.,1.,0.));
#1628=DIRECTION('',(0.,0.,-1.));
#1629=DIRECTION('',(0.,1.,0.));
#1630=DIRECTION('',(1.,0.,0.));
#1631=DIRECTION('',(0.,-1.,0.));
#1632=DIRECTION('',(-1.,0.,0.));
#1633=DIRECTION('',(0.,1.,0.));
#1634=DIRECTION('',(0.,-1.,0.));
#1635=DIRECTION('',(-1.,0.,0.));
#1636=DIRECTION('',(0.,0.,1.));
#1637=DIRECTION('',(0.,-1.,0.));
#1638=DIRECTION('',(1.,0.,0.));
#1639=DIRECTION('',(0.,1.,0.));
#1640=DIRECTION('',(1.,0.,0.));
#1641=DIRECTION('',(0.,1.,0.));
#1642=DIRECTION('',(1.,0.,0.));
#1643=DIRECTION('',(0.,-1.,0.));
#1644=DIRECTION('',(-1.,0.,0.));
#1645=DIRECTION('',(0.,1.,0.));
#1646=DIRECTION('',(0.,-1.,0.));
#1647=DIRECTION('',(-1.,0.,0.));
#1648=DIRECTION('',(1.,0.,0.));
#1649=DIRECTION('',(0.,-1.,0.));
#1650=DIRECTION('',(0.,0.,-1.));
#1651=DIRECTION('',(0.,1.,0.));
#1652=DIRECTION('',(0.,0.,-1.));
#1653=DIRECTION('',(0.,1.,0.));
#1654=DIRECTION('',(1.,0.,0.));
#1655=DIRECTION('',(0.,-1.,0.));
#1656=DIRECTION('',(-1.,0.,0.));
#1657=DIRECTION('',(0.,-1.,0.));
#1658=DIRECTION('',(-1.,0.,0.));
#1659=DIRECTION('',(0.,-1.,0.));
#1660=DIRECTION('',(1.,0.,0.));
#1661=DIRECTION('',(0.,-1.,0.));
#1662=DIRECTION('',(1.,0.,0.));
#1663=DIRECTION('',(0.,0.,1.));
#1664=DIRECTION('',(1.,0.,0.));
#1665=DIRECTION('',(1.,0.,0.));
#1666=DIRECTION('',(0.,-1.,0.));
#1667=DIRECTION('',(0.,0.,-1.));
#1668=DIRECTION('',(0.,1.,0.));
#1669=DIRECTION('',(0.,0.,-1.));
#1670=DIRECTION('',(0.,1.,0.));
#1671=DIRECTION('',(0.,1.,0.));
#1672=DIRECTION('',(1.,0.,0.));
#1673=DIRECTION('',(0.,-1.,0.));
#1674=DIRECTION('',(-1.,0.,0.));
#1675=DIRECTION('',(0.,1.,0.));
#1676=DIRECTION('',(0.,-1.,0.));
#1677=DIRECTION('',(-1.,0.,0.));
#1678=DIRECTION('',(0.,0.,1.));
#1679=DIRECTION('',(0.,-1.,0.));
#1680=DIRECTION('',(1.,0.,0.));
#1681=DIRECTION('',(0.,1.,0.));
#1682=DIRECTION('',(1.,0.,0.));
#1683=DIRECTION('',(0.,1.,0.));
#1684=DIRECTION('',(1.,0.,0.));
#1685=DIRECTION('',(0.,-1.,0.));
#1686=DIRECTION('',(-1.,0.,0.));
#1687=DIRECTION('',(0.,1.,0.));
#1688=DIRECTION('',(0.,-1.,0.));
#1689=DIRECTION('',(-1.,0.,0.));
#1690=DIRECTION('',(1.,0.,0.));
#1691=DIRECTION('',(0.,-1.,0.));
#1692=DIRECTION('',(0.,0.,-1.));
#1693=DIRECTION('',(0.,1.,0.));
#1694=DIRECTION('',(0.,0.,-1.));
#1695=DIRECTION('',(0.,1.,0.));
#1696=DIRECTION('',(1.,0.,0.));
#1697=DIRECTION('',(0.,-1.,0.));
#1698=DIRECTION('',(-1.,0.,0.));
#1699=DIRECTION('',(0.,1.,0.));
#1700=DIRECTION('',(0.,-1.,0.));
#1701=DIRECTION('',(-1.,0.,0.));
#1702=DIRECTION('',(0.,0.,1.));
#1703=DIRECTION('',(0.,-1.,0.));
#1704=DIRECTION('',(1.,0.,0.));
#1705=DIRECTION('',(0.,1.,0.));
#1706=DIRECTION('',(1.,0.,0.));
#1707=DIRECTION('',(0.,1.,0.));
#1708=DIRECTION('',(1.,0.,0.));
#1709=DIRECTION('',(0.,-1.,0.));
#1710=DIRECTION('',(-1.,0.,0.));
#1711=DIRECTION('',(0.,-1.,0.));
#1712=DIRECTION('',(-1.,0.,0.));
#1713=DIRECTION('',(0.,-1.,0.));
#1714=DIRECTION('',(1.,0.,0.));
#1715=DIRECTION('',(0.,-1.,0.));
#1716=DIRECTION('',(1.,0.,0.));
#1717=DIRECTION('',(0.,0.,1.));
#1718=DIRECTION('',(1.,0.,0.));
#1719=DIRECTION('',(0.,1.,0.));
#1720=DIRECTION('',(1.,0.,0.));
#1721=DIRECTION('',(0.,-1.,0.));
#1722=DIRECTION('',(-1.,0.,0.));
#1723=DIRECTION('',(0.,1.,0.));
#1724=DIRECTION('',(0.,-1.,0.));
#1725=DIRECTION('',(-1.,0.,0.));
#1726=DIRECTION('',(0.,1.,0.));
#1727=DIRECTION('',(1.,0.,-3.09772049281573E-16));
#1728=DIRECTION('',(-3.09772049281573E-16,0.,-1.));
#1729=DIRECTION('',(-3.09772049281573E-16,0.,-1.));
#1730=DIRECTION('',(0.,1.,0.));
#1731=DIRECTION('',(-3.09772049281573E-16,0.,-1.));
#1732=DIRECTION('',(0.,1.,0.));
#1733=DIRECTION('',(1.,0.,0.));
#1734=DIRECTION('',(0.,-1.,0.));
#1735=DIRECTION('',(-1.,0.,0.));
#1736=DIRECTION('',(0.,1.,0.));
#1737=DIRECTION('',(0.,-1.,0.));
#1738=DIRECTION('',(-1.,0.,0.));
#1739=DIRECTION('',(0.,0.,-1.));
#1740=DIRECTION('',(0.,1.,0.));
#1741=DIRECTION('',(-1.,0.,0.));
#1742=DIRECTION('',(0.,1.,0.));
#1743=DIRECTION('',(-1.,0.,0.));
#1744=DIRECTION('',(0.,1.,0.));
#1745=DIRECTION('',(1.,0.,0.));
#1746=DIRECTION('',(0.,-1.,0.));
#1747=DIRECTION('',(-1.,0.,0.));
#1748=DIRECTION('',(0.,1.,0.));
#1749=DIRECTION('',(0.,-1.,0.));
#1750=DIRECTION('',(-1.,0.,0.));
#1751=DIRECTION('',(1.,0.,0.));
#1752=DIRECTION('',(0.,-1.,0.));
#1753=DIRECTION('',(0.,0.,-1.));
#1754=DIRECTION('',(0.,1.,0.));
#1755=DIRECTION('',(0.,0.,-1.));
#1756=DIRECTION('',(0.,1.,0.));
#1757=DIRECTION('',(1.,0.,0.));
#1758=DIRECTION('',(0.,-1.,0.));
#1759=DIRECTION('',(-1.,0.,0.));
#1760=DIRECTION('',(0.,1.,0.));
#1761=DIRECTION('',(0.,-1.,0.));
#1762=DIRECTION('',(-1.,0.,0.));
#1763=DIRECTION('',(-2.16840434497101E-16,0.,-1.));
#1764=DIRECTION('',(-1.,0.,2.16840434497101E-16));
#1765=DIRECTION('',(-1.,0.,2.16840434497101E-16));
#1766=DIRECTION('',(-1.,0.,2.16840434497101E-16));
#1767=DIRECTION('',(0.,-1.,0.));
#1768=DIRECTION('',(1.,0.,0.));
#1769=DIRECTION('',(0.,-1.,0.));
#1770=DIRECTION('',(1.,0.,0.));
#1771=DIRECTION('',(0.,0.,1.));
#1772=DIRECTION('',(1.,0.,0.));
#1773=DIRECTION('',(-1.,0.,0.));
#1774=DIRECTION('',(0.,1.,0.));
#1775=DIRECTION('',(0.,0.,-1.));
#1776=DIRECTION('',(0.,-1.,0.));
#1777=DIRECTION('',(0.,0.,-1.));
#1778=DIRECTION('',(0.,-1.,0.));
#1779=DIRECTION('',(0.,-1.,0.));
#1780=DIRECTION('',(-1.,0.,0.));
#1781=DIRECTION('',(0.,1.,0.));
#1782=DIRECTION('',(1.,0.,0.));
#1783=DIRECTION('',(0.,-1.,0.));
#1784=DIRECTION('',(0.,1.,0.));
#1785=DIRECTION('',(1.,0.,0.));
#1786=DIRECTION('',(1.,0.,0.));
#1787=DIRECTION('',(0.,-1.,0.));
#1788=DIRECTION('',(0.,0.,1.));
#1789=DIRECTION('',(0.,-1.,0.));
#1790=DIRECTION('',(0.,0.,1.));
#1791=DIRECTION('',(0.,0.,-1.));
#1792=DIRECTION('',(0.,1.,0.));
#1793=DIRECTION('',(1.,0.,0.));
#1794=DIRECTION('',(1.,0.,0.));
#1795=DIRECTION('',(0.,1.,0.));
#1796=DIRECTION('',(1.,0.,0.));
#1797=DIRECTION('',(0.,1.,0.));
#1798=DIRECTION('',(1.,0.,0.));
#1799=DIRECTION('',(0.,0.,1.));
#1800=DIRECTION('',(1.,0.,0.));
#1801=DIRECTION('',(-1.,0.,0.));
#1802=DIRECTION('',(0.,1.,0.));
#1803=DIRECTION('',(0.,0.,-1.));
#1804=DIRECTION('',(0.,-1.,0.));
#1805=DIRECTION('',(0.,0.,-1.));
#1806=DIRECTION('',(0.,-1.,0.));
#1807=DIRECTION('',(0.,-1.,0.));
#1808=DIRECTION('',(-1.,0.,0.));
#1809=DIRECTION('',(0.,1.,0.));
#1810=DIRECTION('',(1.,0.,0.));
#1811=DIRECTION('',(0.,-1.,0.));
#1812=DIRECTION('',(0.,1.,0.));
#1813=DIRECTION('',(1.,0.,0.));
#1814=DIRECTION('',(1.,0.,0.));
#1815=DIRECTION('',(0.,-1.,0.));
#1816=DIRECTION('',(0.,0.,1.));
#1817=DIRECTION('',(0.,-1.,0.));
#1818=DIRECTION('',(0.,0.,1.));
#1819=DIRECTION('',(0.,0.,-1.));
#1820=DIRECTION('',(0.,1.,0.));
#1821=DIRECTION('',(1.,0.,0.));
#1822=DIRECTION('',(1.,0.,0.));
#1823=DIRECTION('',(0.,1.,0.));
#1824=DIRECTION('',(1.,0.,0.));
#1825=DIRECTION('',(0.,1.,0.));
#1826=DIRECTION('',(1.,0.,0.));
#1827=DIRECTION('',(0.,0.,1.));
#1828=DIRECTION('',(1.,0.,0.));
#1829=DIRECTION('',(-2.16840434497101E-16,0.,-1.));
#1830=DIRECTION('',(-1.,0.,2.16840434497101E-16));
#1831=DIRECTION('',(1.,0.,-2.16840434497101E-16));
#1832=DIRECTION('',(0.,-1.,0.));
#1833=DIRECTION('',(1.,0.,-2.16840434497101E-16));
#1834=DIRECTION('',(0.,-1.,0.));
#1835=DIRECTION('',(1.,0.,0.));
#1836=DIRECTION('',(0.,-1.,0.));
#1837=DIRECTION('',(0.,0.,1.));
#1838=DIRECTION('',(0.,-1.,0.));
#1839=DIRECTION('',(0.,0.,1.));
#1840=DIRECTION('',(-2.16840434497101E-16,0.,-1.));
#1841=DIRECTION('',(-1.,0.,2.16840434497101E-16));
#1842=DIRECTION('',(1.,0.,-2.16840434497101E-16));
#1843=DIRECTION('',(0.,-1.,0.));
#1844=DIRECTION('',(1.,0.,-2.16840434497101E-16));
#1845=DIRECTION('',(1.,0.,0.));
#1846=DIRECTION('',(0.,-1.,0.));
#1847=DIRECTION('',(0.,0.,1.));
#1848=DIRECTION('',(0.,0.,1.));
#1849=DIRECTION('',(0.,1.,0.));
#1850=DIRECTION('',(1.,0.,0.));
#1851=DIRECTION('',(0.,1.,0.));
#1852=DIRECTION('',(1.,0.,0.));
#1853=DIRECTION('',(0.,0.,1.));
#1854=DIRECTION('',(1.,0.,0.));
#1855=DIRECTION('',(-2.16840434497101E-16,0.,-1.));
#1856=DIRECTION('',(-1.,0.,2.16840434497101E-16));
#1857=DIRECTION('',(1.,0.,-2.16840434497101E-16));
#1858=DIRECTION('',(0.,-1.,0.));
#1859=DIRECTION('',(1.,0.,-2.16840434497101E-16));
#1860=DIRECTION('',(0.,-1.,0.));
#1861=DIRECTION('',(1.,0.,-2.16840434497101E-16));
#1862=DIRECTION('',(0.,1.,0.));
#1863=DIRECTION('',(0.,1.,0.));
#1864=DIRECTION('',(1.,0.,0.));
#1865=DIRECTION('',(0.,0.,1.));
#1866=DIRECTION('',(1.,0.,0.));
#1867=DIRECTION('',(0.,0.,-1.));
#1868=DIRECTION('',(0.,0.,1.));
#1869=DIRECTION('',(1.,0.,-2.16840434497101E-16));
#1870=DIRECTION('',(-2.16840434497101E-16,0.,-1.));
#1871=DIRECTION('',(-1.,0.,2.16840434497101E-16));
#1872=DIRECTION('',(1.,0.,-2.16840434497101E-16));
#1873=DIRECTION('',(0.,-1.,0.));
#1874=DIRECTION('',(0.,-1.,0.));
#1875=DIRECTION('',(1.,0.,0.));
#1876=DIRECTION('',(0.,-1.,0.));
#1877=DIRECTION('',(0.,0.,1.));
#1878=DIRECTION('',(0.,1.,0.));
#1879=DIRECTION('',(0.,0.,1.));
#1880=DIRECTION('',(1.,0.,0.));
#1881=DIRECTION('',(0.,-1.,0.));
#1882=DIRECTION('',(0.,0.,1.));
#1883=DIRECTION('',(0.,1.,0.));
#1884=DIRECTION('',(1.,0.,0.));
#1885=DIRECTION('',(0.,0.,1.));
#1886=DIRECTION('',(0.,-1.,0.));
#1887=DIRECTION('',(1.,0.,0.));
#1888=DIRECTION('',(0.,1.,0.));
#1889=DIRECTION('',(1.,0.,0.));
#1890=DIRECTION('',(0.,-1.,0.));
#1891=DIRECTION('',(0.,0.,-1.));
#1892=DIRECTION('',(0.,1.,0.));
#1893=DIRECTION('',(1.,0.,0.));
#1894=DIRECTION('',(0.,0.,1.));
#1895=DIRECTION('',(1.,0.,0.));
#1896=DIRECTION('',(1.,0.,0.));
#1897=DIRECTION('',(0.,-1.,0.));
#1898=DIRECTION('',(0.,0.,1.));
#1899=DIRECTION('',(0.,-1.,0.));
#1900=DIRECTION('',(0.,0.,1.));
#1901=DIRECTION('',(0.,-1.,0.));
#1902=DIRECTION('',(1.66800334228539E-16,0.,1.));
#1903=DIRECTION('',(1.,0.,-1.66800334228539E-16));
#1904=DIRECTION('',(-1.,0.,1.66800334228539E-16));
#1905=DIRECTION('',(0.,-1.,0.));
#1906=DIRECTION('',(-1.,0.,1.66800334228539E-16));
#1907=DIRECTION('',(1.,0.,0.));
#1908=DIRECTION('',(0.,-1.,0.));
#1909=DIRECTION('',(0.,0.,1.));
#1910=DIRECTION('',(0.,-1.,0.));
#1911=DIRECTION('',(0.,0.,1.));
#1912=DIRECTION('',(8.34001671142696E-17,0.,1.));
#1913=DIRECTION('',(1.,0.,-8.34001671142696E-17));
#1914=DIRECTION('',(-1.,0.,8.34001671142696E-17));
#1915=DIRECTION('',(-1.,0.,8.34001671142696E-17));
#1916=DIRECTION('',(0.,1.,0.));
#1917=DIRECTION('',(1.,0.,0.));
#1918=DIRECTION('',(0.,1.,0.));
#1919=DIRECTION('',(1.,0.,0.));
#1920=DIRECTION('',(0.,0.,1.));
#1921=DIRECTION('',(1.,0.,0.));
#1922=DIRECTION('',(0.,1.,0.));
#1923=DIRECTION('',(1.,0.,0.));
#1924=DIRECTION('',(-1.,0.,0.));
#1925=DIRECTION('',(0.,0.,1.));
#1926=DIRECTION('',(1.,0.,-2.16840434497101E-16));
#1927=DIRECTION('',(0.,0.,-1.));
#1928=DIRECTION('',(0.,0.,1.));
#1929=DIRECTION('',(0.,-1.,0.));
#1930=DIRECTION('',(0.,1.,0.));
#1931=DIRECTION('',(0.,1.,0.));
#1932=DIRECTION('',(1.,0.,0.));
#1933=DIRECTION('',(1.,0.,0.));
#1934=DIRECTION('',(0.,-1.,0.));
#1935=DIRECTION('',(0.,0.,-1.));
#1936=DIRECTION('',(0.,1.,0.));
#1937=DIRECTION('',(0.,1.,0.));
#1938=DIRECTION('',(1.,0.,0.));
#1939=DIRECTION('',(0.,0.,1.));
#1940=DIRECTION('',(1.,0.,-2.16840434497101E-16));
#1941=DIRECTION('',(-1.,0.,0.));
#1942=DIRECTION('',(0.,1.,0.));
#1943=DIRECTION('',(0.,1.,0.));
#1944=DIRECTION('',(2.16840434497101E-16,0.,1.));
#1945=DIRECTION('',(1.,0.,-2.16840434497101E-16));
#1946=CARTESIAN_POINT('',(0.,0.,0.));
#1947=CARTESIAN_POINT('',(0.00035,-1.E-5,0.0007625));
#1948=CARTESIAN_POINT('',(0.00035,0.,0.0007625));
#1949=CARTESIAN_POINT('',(0.00035,0.,0.00085));
#1950=CARTESIAN_POINT('',(0.00035,0.,0.0005));
#1951=CARTESIAN_POINT('',(0.00035,-1.E-5,0.0005));
#1952=CARTESIAN_POINT('',(0.00035,-1.E-5,0.0005));
#1953=CARTESIAN_POINT('',(0.00035,-1.E-5,0.0007625));
#1954=CARTESIAN_POINT('',(0.00035,-1.E-5,0.00085));
#1955=CARTESIAN_POINT('',(0.00035,-1.E-5,0.00085));
#1956=CARTESIAN_POINT('',(0.0004,-1.E-5,0.0005));
#1957=CARTESIAN_POINT('',(0.0004,0.,0.0005));
#1958=CARTESIAN_POINT('',(0.0004,0.,0.00045));
#1959=CARTESIAN_POINT('',(0.0004,-1.E-5,0.00045));
#1960=CARTESIAN_POINT('',(0.0004,-1.E-5,0.00045));
#1961=CARTESIAN_POINT('',(0.0004,-1.E-5,0.0005));
#1962=CARTESIAN_POINT('',(0.000775,-1.E-5,0.00045));
#1963=CARTESIAN_POINT('',(0.000775,0.,0.00045));
#1964=CARTESIAN_POINT('',(0.0009,0.,0.00045));
#1965=CARTESIAN_POINT('',(0.0009,-1.E-5,0.00045));
#1966=CARTESIAN_POINT('',(0.0009,-1.E-5,0.00045));
#1967=CARTESIAN_POINT('',(0.000775,-1.E-5,0.00045));
#1968=CARTESIAN_POINT('',(0.0009,-1.E-5,0.0005));
#1969=CARTESIAN_POINT('',(0.0009,0.,0.0005));
#1970=CARTESIAN_POINT('',(0.00095,0.,0.0005));
#1971=CARTESIAN_POINT('',(0.00095,-1.E-5,0.0005));
#1972=CARTESIAN_POINT('',(0.00095,-1.E-5,0.0005));
#1973=CARTESIAN_POINT('',(0.0009,-1.E-5,0.0005));
#1974=CARTESIAN_POINT('',(0.00095,-1.E-5,0.000675));
#1975=CARTESIAN_POINT('',(0.00095,0.,0.000675));
#1976=CARTESIAN_POINT('',(0.00095,0.,0.00085));
#1977=CARTESIAN_POINT('',(0.00095,-1.E-5,0.00085));
#1978=CARTESIAN_POINT('',(0.00095,-1.E-5,0.00085));
#1979=CARTESIAN_POINT('',(0.00095,-1.E-5,0.000675));
#1980=CARTESIAN_POINT('',(0.0009,-1.E-5,0.00085));
#1981=CARTESIAN_POINT('',(0.0009,0.,0.00085));
#1982=CARTESIAN_POINT('',(0.0009,0.,0.0009));
#1983=CARTESIAN_POINT('',(0.0009,-1.E-5,0.0009));
#1984=CARTESIAN_POINT('',(0.0009,-1.E-5,0.0009));
#1985=CARTESIAN_POINT('',(0.0009,-1.E-5,0.00085));
#1986=CARTESIAN_POINT('',(0.00065,-1.E-5,0.0009));
#1987=CARTESIAN_POINT('',(0.00065,0.,0.0009));
#1988=CARTESIAN_POINT('',(0.0004,0.,0.0009));
#1989=CARTESIAN_POINT('',(0.0004,-1.E-5,0.0009));
#1990=CARTESIAN_POINT('',(0.0004,-1.E-5,0.0009));
#1991=CARTESIAN_POINT('',(0.00065,-1.E-5,0.0009));
#1992=CARTESIAN_POINT('',(0.0004,-1.E-5,0.00085));
#1993=CARTESIAN_POINT('',(0.0004,0.,0.00085));
#1994=CARTESIAN_POINT('',(0.0004,-1.E-5,0.00085));
#1995=CARTESIAN_POINT('',(0.,-1.E-5,0.));
#1996=CARTESIAN_POINT('',(0.,0.,0.));
#1997=CARTESIAN_POINT('',(0.,0.,0.));
#1998=CARTESIAN_POINT('',(0.000775,-1.E-5,-0.00045));
#1999=CARTESIAN_POINT('',(0.000775,0.,-0.00045));
#2000=CARTESIAN_POINT('',(0.0004,0.,-0.00045));
#2001=CARTESIAN_POINT('',(0.0009,0.,-0.00045));
#2002=CARTESIAN_POINT('',(0.0004,-1.E-5,-0.00045));
#2003=CARTESIAN_POINT('',(0.0004,-1.E-5,-0.00045));
#2004=CARTESIAN_POINT('',(0.000775,-1.E-5,-0.00045));
#2005=CARTESIAN_POINT('',(0.0009,-1.E-5,-0.00045));
#2006=CARTESIAN_POINT('',(0.0009,-1.E-5,-0.00045));
#2007=CARTESIAN_POINT('',(0.0004,-1.E-5,-0.0005));
#2008=CARTESIAN_POINT('',(0.0004,0.,-0.0005));
#2009=CARTESIAN_POINT('',(0.00035,0.,-0.0005));
#2010=CARTESIAN_POINT('',(0.00035,-1.E-5,-0.0005));
#2011=CARTESIAN_POINT('',(0.00035,-1.E-5,-0.0005));
#2012=CARTESIAN_POINT('',(0.0004,-1.E-5,-0.0005));
#2013=CARTESIAN_POINT('',(0.00035,-1.E-5,-0.0007625));
#2014=CARTESIAN_POINT('',(0.00035,0.,-0.0007625));
#2015=CARTESIAN_POINT('',(0.00035,0.,-0.00085));
#2016=CARTESIAN_POINT('',(0.00035,-1.E-5,-0.00085));
#2017=CARTESIAN_POINT('',(0.00035,-1.E-5,-0.00085));
#2018=CARTESIAN_POINT('',(0.00035,-1.E-5,-0.0007625));
#2019=CARTESIAN_POINT('',(0.0004,-1.E-5,-0.00085));
#2020=CARTESIAN_POINT('',(0.0004,0.,-0.00085));
#2021=CARTESIAN_POINT('',(0.0004,0.,-0.0009));
#2022=CARTESIAN_POINT('',(0.0004,-1.E-5,-0.0009));
#2023=CARTESIAN_POINT('',(0.0004,-1.E-5,-0.0009));
#2024=CARTESIAN_POINT('',(0.0004,-1.E-5,-0.00085));
#2025=CARTESIAN_POINT('',(0.00065,-1.E-5,-0.0009));
#2026=CARTESIAN_POINT('',(0.00065,0.,-0.0009));
#2027=CARTESIAN_POINT('',(0.0009,0.,-0.0009));
#2028=CARTESIAN_POINT('',(0.0009,-1.E-5,-0.0009));
#2029=CARTESIAN_POINT('',(0.0009,-1.E-5,-0.0009));
#2030=CARTESIAN_POINT('',(0.00065,-1.E-5,-0.0009));
#2031=CARTESIAN_POINT('',(0.0009,-1.E-5,-0.00085));
#2032=CARTESIAN_POINT('',(0.0009,0.,-0.00085));
#2033=CARTESIAN_POINT('',(0.00095,0.,-0.00085));
#2034=CARTESIAN_POINT('',(0.00095,-1.E-5,-0.00085));
#2035=CARTESIAN_POINT('',(0.00095,-1.E-5,-0.00085));
#2036=CARTESIAN_POINT('',(0.0009,-1.E-5,-0.00085));
#2037=CARTESIAN_POINT('',(0.00095,-1.E-5,-0.000675));
#2038=CARTESIAN_POINT('',(0.00095,0.,-0.000675));
#2039=CARTESIAN_POINT('',(0.00095,0.,-0.0005));
#2040=CARTESIAN_POINT('',(0.00095,-1.E-5,-0.0005));
#2041=CARTESIAN_POINT('',(0.00095,-1.E-5,-0.0005));
#2042=CARTESIAN_POINT('',(0.00095,-1.E-5,-0.000675));
#2043=CARTESIAN_POINT('',(0.0009,-1.E-5,-0.0005));
#2044=CARTESIAN_POINT('',(0.0009,0.,-0.0005));
#2045=CARTESIAN_POINT('',(0.0009,-1.E-5,-0.0005));
#2046=CARTESIAN_POINT('',(0.,-1.E-5,0.));
#2047=CARTESIAN_POINT('',(0.,0.,0.));
#2048=CARTESIAN_POINT('',(0.,0.,0.));
#2049=CARTESIAN_POINT('',(-0.00035,-1.E-5,-0.0007625));
#2050=CARTESIAN_POINT('',(-0.00035,0.,-0.0007625));
#2051=CARTESIAN_POINT('',(-0.00035,0.,-0.0005));
#2052=CARTESIAN_POINT('',(-0.00035,0.,-0.00085));
#2053=CARTESIAN_POINT('',(-0.00035,-1.E-5,-0.0005));
#2054=CARTESIAN_POINT('',(-0.00035,-1.E-5,-0.0005));
#2055=CARTESIAN_POINT('',(-0.00035,-1.E-5,-0.0007625));
#2056=CARTESIAN_POINT('',(-0.00035,-1.E-5,-0.00085));
#2057=CARTESIAN_POINT('',(-0.00035,-1.E-5,-0.00085));
#2058=CARTESIAN_POINT('',(-0.0004,-1.E-5,-0.0005));
#2059=CARTESIAN_POINT('',(-0.0004,0.,-0.0005));
#2060=CARTESIAN_POINT('',(-0.0004,0.,-0.00045));
#2061=CARTESIAN_POINT('',(-0.0004,-1.E-5,-0.00045));
#2062=CARTESIAN_POINT('',(-0.0004,-1.E-5,-0.00045));
#2063=CARTESIAN_POINT('',(-0.0004,-1.E-5,-0.0005));
#2064=CARTESIAN_POINT('',(-0.000775,-1.E-5,-0.00045));
#2065=CARTESIAN_POINT('',(-0.000775,0.,-0.00045));
#2066=CARTESIAN_POINT('',(-0.0009,0.,-0.00045));
#2067=CARTESIAN_POINT('',(-0.0009,-1.E-5,-0.00045));
#2068=CARTESIAN_POINT('',(-0.0009,-1.E-5,-0.00045));
#2069=CARTESIAN_POINT('',(-0.000775,-1.E-5,-0.00045));
#2070=CARTESIAN_POINT('',(-0.0009,-1.E-5,-0.0005));
#2071=CARTESIAN_POINT('',(-0.0009,0.,-0.0005));
#2072=CARTESIAN_POINT('',(-0.00095,0.,-0.0005));
#2073=CARTESIAN_POINT('',(-0.00095,-1.E-5,-0.0005));
#2074=CARTESIAN_POINT('',(-0.00095,-1.E-5,-0.0005));
#2075=CARTESIAN_POINT('',(-0.0009,-1.E-5,-0.0005));
#2076=CARTESIAN_POINT('',(-0.00095,-1.E-5,-0.000675));
#2077=CARTESIAN_POINT('',(-0.00095,0.,-0.000675));
#2078=CARTESIAN_POINT('',(-0.00095,0.,-0.00085));
#2079=CARTESIAN_POINT('',(-0.00095,-1.E-5,-0.00085));
#2080=CARTESIAN_POINT('',(-0.00095,-1.E-5,-0.00085));
#2081=CARTESIAN_POINT('',(-0.00095,-1.E-5,-0.000675));
#2082=CARTESIAN_POINT('',(-0.0009,-1.E-5,-0.00085));
#2083=CARTESIAN_POINT('',(-0.0009,0.,-0.00085));
#2084=CARTESIAN_POINT('',(-0.0009,0.,-0.0009));
#2085=CARTESIAN_POINT('',(-0.0009,-1.E-5,-0.0009));
#2086=CARTESIAN_POINT('',(-0.0009,-1.E-5,-0.0009));
#2087=CARTESIAN_POINT('',(-0.0009,-1.E-5,-0.00085));
#2088=CARTESIAN_POINT('',(-0.00065,-1.E-5,-0.0009));
#2089=CARTESIAN_POINT('',(-0.00065,0.,-0.0009));
#2090=CARTESIAN_POINT('',(-0.0004,0.,-0.0009));
#2091=CARTESIAN_POINT('',(-0.0004,-1.E-5,-0.0009));
#2092=CARTESIAN_POINT('',(-0.0004,-1.E-5,-0.0009));
#2093=CARTESIAN_POINT('',(-0.00065,-1.E-5,-0.0009));
#2094=CARTESIAN_POINT('',(-0.0004,-1.E-5,-0.00085));
#2095=CARTESIAN_POINT('',(-0.0004,0.,-0.00085));
#2096=CARTESIAN_POINT('',(-0.0004,-1.E-5,-0.00085));
#2097=CARTESIAN_POINT('',(0.,-1.E-5,0.));
#2098=CARTESIAN_POINT('',(0.,0.,0.));
#2099=CARTESIAN_POINT('',(0.,0.,0.));
#2100=CARTESIAN_POINT('',(-0.0004,-1.E-5,0.0005));
#2101=CARTESIAN_POINT('',(-0.0004,0.,0.0005));
#2102=CARTESIAN_POINT('',(-0.0004,0.,0.00045));
#2103=CARTESIAN_POINT('',(-0.00035,0.,0.0005));
#2104=CARTESIAN_POINT('',(-0.00035,-1.E-5,0.0005));
#2105=CARTESIAN_POINT('',(-0.00035,-1.E-5,0.0005));
#2106=CARTESIAN_POINT('',(-0.0004,-1.E-5,0.0005));
#2107=CARTESIAN_POINT('',(-0.0004,-1.E-5,0.00045));
#2108=CARTESIAN_POINT('',(-0.0004,-1.E-5,0.00045));
#2109=CARTESIAN_POINT('',(-0.00035,-1.E-5,0.0007625));
#2110=CARTESIAN_POINT('',(-0.00035,0.,0.0007625));
#2111=CARTESIAN_POINT('',(-0.00035,0.,0.00085));
#2112=CARTESIAN_POINT('',(-0.00035,-1.E-5,0.00085));
#2113=CARTESIAN_POINT('',(-0.00035,-1.E-5,0.00085));
#2114=CARTESIAN_POINT('',(-0.00035,-1.E-5,0.0007625));
#2115=CARTESIAN_POINT('',(-0.0004,-1.E-5,0.00085));
#2116=CARTESIAN_POINT('',(-0.0004,0.,0.00085));
#2117=CARTESIAN_POINT('',(-0.0004,0.,0.0009));
#2118=CARTESIAN_POINT('',(-0.0004,-1.E-5,0.0009));
#2119=CARTESIAN_POINT('',(-0.0004,-1.E-5,0.0009));
#2120=CARTESIAN_POINT('',(-0.0004,-1.E-5,0.00085));
#2121=CARTESIAN_POINT('',(-0.00065,-1.E-5,0.0009));
#2122=CARTESIAN_POINT('',(-0.00065,0.,0.0009));
#2123=CARTESIAN_POINT('',(-0.0009,0.,0.0009));
#2124=CARTESIAN_POINT('',(-0.0009,-1.E-5,0.0009));
#2125=CARTESIAN_POINT('',(-0.0009,-1.E-5,0.0009));
#2126=CARTESIAN_POINT('',(-0.00065,-1.E-5,0.0009));
#2127=CARTESIAN_POINT('',(-0.0009,-1.E-5,0.00085));
#2128=CARTESIAN_POINT('',(-0.0009,0.,0.00085));
#2129=CARTESIAN_POINT('',(-0.00095,0.,0.00085));
#2130=CARTESIAN_POINT('',(-0.00095,-1.E-5,0.00085));
#2131=CARTESIAN_POINT('',(-0.00095,-1.E-5,0.00085));
#2132=CARTESIAN_POINT('',(-0.0009,-1.E-5,0.00085));
#2133=CARTESIAN_POINT('',(-0.00095,-1.E-5,0.000675));
#2134=CARTESIAN_POINT('',(-0.00095,0.,0.000675));
#2135=CARTESIAN_POINT('',(-0.00095,0.,0.0005));
#2136=CARTESIAN_POINT('',(-0.00095,-1.E-5,0.0005));
#2137=CARTESIAN_POINT('',(-0.00095,-1.E-5,0.0005));
#2138=CARTESIAN_POINT('',(-0.00095,-1.E-5,0.000675));
#2139=CARTESIAN_POINT('',(-0.0009,-1.E-5,0.0005));
#2140=CARTESIAN_POINT('',(-0.0009,0.,0.0005));
#2141=CARTESIAN_POINT('',(-0.0009,0.,0.00045));
#2142=CARTESIAN_POINT('',(-0.0009,-1.E-5,0.00045));
#2143=CARTESIAN_POINT('',(-0.0009,-1.E-5,0.00045));
#2144=CARTESIAN_POINT('',(-0.0009,-1.E-5,0.0005));
#2145=CARTESIAN_POINT('',(-0.000775,-1.E-5,0.00045));
#2146=CARTESIAN_POINT('',(-0.000775,0.,0.00045));
#2147=CARTESIAN_POINT('',(-0.000775,-1.E-5,0.00045));
#2148=CARTESIAN_POINT('',(0.,-1.E-5,0.));
#2149=CARTESIAN_POINT('',(0.,0.,0.));
#2150=CARTESIAN_POINT('',(0.,0.,0.));
#2151=CARTESIAN_POINT('',(-0.0005,0.000301,0.0008));
#2152=CARTESIAN_POINT('',(-0.0005,0.0003,0.0008));
#2153=CARTESIAN_POINT('',(-0.0005,0.0003,0.00095));
#2154=CARTESIAN_POINT('',(-0.0005,0.0003,0.00065));
#2155=CARTESIAN_POINT('',(-0.0005,0.000301,0.00065));
#2156=CARTESIAN_POINT('',(-0.0005,0.000301,0.00065));
#2157=CARTESIAN_POINT('',(-0.0005,0.000301,0.0008));
#2158=CARTESIAN_POINT('',(-0.0005,0.000301,0.00095));
#2159=CARTESIAN_POINT('',(-0.0005,0.000301,0.00095));
#2160=CARTESIAN_POINT('',(-0.00065,0.000301,0.00065));
#2161=CARTESIAN_POINT('',(-0.00065,0.0003,0.00065));
#2162=CARTESIAN_POINT('',(-0.0008,0.0003,0.00065));
#2163=CARTESIAN_POINT('',(-0.0008,0.000301,0.00065));
#2164=CARTESIAN_POINT('',(-0.0008,0.000301,0.00065));
#2165=CARTESIAN_POINT('',(-0.00065,0.000301,0.00065));
#2166=CARTESIAN_POINT('',(-0.0008,0.000301,0.0008));
#2167=CARTESIAN_POINT('',(-0.0008,0.0003,0.0008));
#2168=CARTESIAN_POINT('',(-0.0008,0.0003,0.00095));
#2169=CARTESIAN_POINT('',(-0.0008,0.000301,0.00095));
#2170=CARTESIAN_POINT('',(-0.0008,0.000301,0.00095));
#2171=CARTESIAN_POINT('',(-0.0008,0.000301,0.0008));
#2172=CARTESIAN_POINT('',(-0.00065,0.000301,0.00095));
#2173=CARTESIAN_POINT('',(-0.00065,0.0003,0.00095));
#2174=CARTESIAN_POINT('',(-0.00065,0.000301,0.00095));
#2175=CARTESIAN_POINT('',(0.,0.000301,0.));
#2176=CARTESIAN_POINT('',(0.,0.0003,0.));
#2177=CARTESIAN_POINT('',(0.,0.,0.));
#2178=CARTESIAN_POINT('',(0.0008,0.000301,0.0008));
#2179=CARTESIAN_POINT('',(0.0008,0.0003,0.0008));
#2180=CARTESIAN_POINT('',(0.0008,0.0003,0.00095));
#2181=CARTESIAN_POINT('',(0.0008,0.0003,0.00065));
#2182=CARTESIAN_POINT('',(0.0008,0.000301,0.00065));
#2183=CARTESIAN_POINT('',(0.0008,0.000301,0.00065));
#2184=CARTESIAN_POINT('',(0.0008,0.000301,0.0008));
#2185=CARTESIAN_POINT('',(0.0008,0.000301,0.00095));
#2186=CARTESIAN_POINT('',(0.0008,0.000301,0.00095));
#2187=CARTESIAN_POINT('',(0.00065,0.000301,0.00065));
#2188=CARTESIAN_POINT('',(0.00065,0.0003,0.00065));
#2189=CARTESIAN_POINT('',(0.0005,0.0003,0.00065));
#2190=CARTESIAN_POINT('',(0.0005,0.000301,0.00065));
#2191=CARTESIAN_POINT('',(0.0005,0.000301,0.00065));
#2192=CARTESIAN_POINT('',(0.00065,0.000301,0.00065));
#2193=CARTESIAN_POINT('',(0.0005,0.000301,0.0008));
#2194=CARTESIAN_POINT('',(0.0005,0.0003,0.0008));
#2195=CARTESIAN_POINT('',(0.0005,0.0003,0.00095));
#2196=CARTESIAN_POINT('',(0.0005,0.000301,0.00095));
#2197=CARTESIAN_POINT('',(0.0005,0.000301,0.00095));
#2198=CARTESIAN_POINT('',(0.0005,0.000301,0.0008));
#2199=CARTESIAN_POINT('',(0.00065,0.000301,0.00095));
#2200=CARTESIAN_POINT('',(0.00065,0.0003,0.00095));
#2201=CARTESIAN_POINT('',(0.00065,0.000301,0.00095));
#2202=CARTESIAN_POINT('',(0.,0.000301,0.));
#2203=CARTESIAN_POINT('',(0.,0.0003,0.));
#2204=CARTESIAN_POINT('',(0.,0.,0.));
#2205=CARTESIAN_POINT('',(0.,0.0003,-0.001));
#2206=CARTESIAN_POINT('',(0.,0.,-0.001));
#2207=CARTESIAN_POINT('',(-0.001,0.,-0.001));
#2208=CARTESIAN_POINT('',(0.001,0.,-0.001));
#2209=CARTESIAN_POINT('',(-0.001,0.0003,-0.001));
#2210=CARTESIAN_POINT('',(-0.001,0.0003,-0.001));
#2211=CARTESIAN_POINT('',(0.,0.0003,-0.001));
#2212=CARTESIAN_POINT('',(0.001,0.0003,-0.001));
#2213=CARTESIAN_POINT('',(0.001,0.0003,-0.001));
#2214=CARTESIAN_POINT('',(-0.001,0.0003,2.16840434497101E-19));
#2215=CARTESIAN_POINT('',(-0.001,0.,2.16840434497101E-19));
#2216=CARTESIAN_POINT('',(-0.001,0.,0.001));
#2217=CARTESIAN_POINT('',(-0.001,0.0003,0.001));
#2218=CARTESIAN_POINT('',(-0.001,0.0003,0.001));
#2219=CARTESIAN_POINT('',(-0.001,0.0003,2.16840434497101E-19));
#2220=CARTESIAN_POINT('',(0.,0.0003,0.001));
#2221=CARTESIAN_POINT('',(0.,0.,0.001));
#2222=CARTESIAN_POINT('',(0.001,0.,0.001));
#2223=CARTESIAN_POINT('',(0.001,0.0003,0.001));
#2224=CARTESIAN_POINT('',(0.001,0.0003,0.001));
#2225=CARTESIAN_POINT('',(0.,0.0003,0.001));
#2226=CARTESIAN_POINT('',(0.001,0.0003,-2.16840434497101E-19));
#2227=CARTESIAN_POINT('',(0.001,0.,-2.16840434497101E-19));
#2228=CARTESIAN_POINT('',(0.001,0.0003,-2.16840434497101E-19));
#2229=CARTESIAN_POINT('',(0.,0.0003,0.));
#2230=CARTESIAN_POINT('',(0.,0.,0.));
#2231=CARTESIAN_POINT('',(0.,0.,0.));
#2232=CARTESIAN_POINT('',(0.,0.0007,0.001));
#2233=CARTESIAN_POINT('',(0.,0.00065,0.001));
#2234=CARTESIAN_POINT('',(-0.001,0.00065,0.001));
#2235=CARTESIAN_POINT('',(-0.00085,0.00065,0.001));
#2236=CARTESIAN_POINT('',(-0.001,0.0007,0.001));
#2237=CARTESIAN_POINT('',(-0.001,0.0003,0.001));
#2238=CARTESIAN_POINT('',(0.,0.0003,0.001));
#2239=CARTESIAN_POINT('',(0.001,0.0003,0.001));
#2240=CARTESIAN_POINT('',(0.001,0.0007,0.001));
#2241=CARTESIAN_POINT('',(0.001,0.0007,0.001));
#2242=CARTESIAN_POINT('',(0.,0.0007,0.001));
#2243=CARTESIAN_POINT('',(-0.00085,0.0007,0.001));
#2244=CARTESIAN_POINT('',(-0.00085,0.00065,0.001));
#2245=CARTESIAN_POINT('',(0.,0.0007,0.));
#2246=CARTESIAN_POINT('',(-0.001,0.0007,2.16840434497101E-19));
#2247=CARTESIAN_POINT('',(-0.001,0.0007,-0.001));
#2248=CARTESIAN_POINT('',(-0.001,0.0007,0.00085));
#2249=CARTESIAN_POINT('',(-0.000925,0.0007,0.00085));
#2250=CARTESIAN_POINT('',(-0.00085,0.0007,0.00085));
#2251=CARTESIAN_POINT('',(-0.00085,0.0007,0.000925));
#2252=CARTESIAN_POINT('',(0.001,0.0007,-2.16840434497101E-19));
#2253=CARTESIAN_POINT('',(0.001,0.0007,-0.001));
#2254=CARTESIAN_POINT('',(0.,0.0007,-0.001));
#2255=CARTESIAN_POINT('',(0.,0.0007,-0.001));
#2256=CARTESIAN_POINT('',(0.,0.0003,-0.001));
#2257=CARTESIAN_POINT('',(-0.001,0.0003,-0.001));
#2258=CARTESIAN_POINT('',(0.001,0.0003,-0.001));
#2259=CARTESIAN_POINT('',(-0.001,0.0007,-0.001));
#2260=CARTESIAN_POINT('',(0.001,0.0007,-0.001));
#2261=CARTESIAN_POINT('',(-0.001,0.0007,2.16840434497101E-19));
#2262=CARTESIAN_POINT('',(-0.001,0.00065,2.16840434497101E-19));
#2263=CARTESIAN_POINT('',(-0.001,0.00065,0.00085));
#2264=CARTESIAN_POINT('',(-0.001,0.00065,0.00085));
#2265=CARTESIAN_POINT('',(-0.001,0.0003,2.16840434497101E-19));
#2266=CARTESIAN_POINT('',(0.001,0.0007,-2.16840434497101E-19));
#2267=CARTESIAN_POINT('',(0.001,0.0003,-2.16840434497101E-19));
#2268=CARTESIAN_POINT('',(0.,0.0003,0.));
#2269=CARTESIAN_POINT('',(-0.000925,0.00065,0.00085));
#2270=CARTESIAN_POINT('',(-0.000925,0.00065,0.00085));
#2271=CARTESIAN_POINT('',(-0.00085,0.00065,0.00085));
#2272=CARTESIAN_POINT('',(-0.00085,0.00065,0.00085));
#2273=CARTESIAN_POINT('',(-0.00085,0.00065,0.000925));
#2274=CARTESIAN_POINT('',(-0.00085,0.00065,0.000925));
#2275=CARTESIAN_POINT('',(0.,0.00065,0.));
#2276=CARTESIAN_POINT('',(0.,0.,0.));
#2277=CARTESIAN_POINT('',(0.0008,0.0005,-0.0002));
#2278=CARTESIAN_POINT('',(0.0008,0.0003,-0.0002));
#2279=CARTESIAN_POINT('',(0.0008,0.0003,-0.0008));
#2280=CARTESIAN_POINT('',(0.0008,0.0003,0.0004));
#2281=CARTESIAN_POINT('',(0.0008,0.0005,-0.0008));
#2282=CARTESIAN_POINT('',(0.0008,0.0005,-0.0008));
#2283=CARTESIAN_POINT('',(0.0008,0.0005,-0.0002));
#2284=CARTESIAN_POINT('',(0.0008,0.0005,0.0004));
#2285=CARTESIAN_POINT('',(0.0008,0.0005,0.0004));
#2286=CARTESIAN_POINT('',(0.00015,0.0005,-0.0008));
#2287=CARTESIAN_POINT('',(0.00015,0.0003,-0.0008));
#2288=CARTESIAN_POINT('',(-0.0005,0.0003,-0.0008));
#2289=CARTESIAN_POINT('',(-0.0005,0.0005,-0.0008));
#2290=CARTESIAN_POINT('',(-0.0005,0.0005,-0.0008));
#2291=CARTESIAN_POINT('',(0.00015,0.0005,-0.0008));
#2292=CARTESIAN_POINT('',(-0.0005,0.0005,-0.0002));
#2293=CARTESIAN_POINT('',(-0.0005,0.0003,-0.0002));
#2294=CARTESIAN_POINT('',(-0.0005,0.0003,0.0004));
#2295=CARTESIAN_POINT('',(-0.0005,0.0005,0.0004));
#2296=CARTESIAN_POINT('',(-0.0005,0.0005,0.0004));
#2297=CARTESIAN_POINT('',(-0.0005,0.0005,-0.0002));
#2298=CARTESIAN_POINT('',(0.00015,0.0005,0.0004));
#2299=CARTESIAN_POINT('',(0.00015,0.0003,0.0004));
#2300=CARTESIAN_POINT('',(0.00015,0.0005,0.0004));
#2301=CARTESIAN_POINT('',(0.,0.0005,0.));
#2302=CARTESIAN_POINT('',(0.,0.0003,0.));
#2303=CARTESIAN_POINT('',(0.,0.,0.));
#2304=CARTESIAN_POINT('',(0.,0.00065,0.));
#2305=CARTESIAN_POINT('',(-0.000925,0.00065,0.00085));
#2306=CARTESIAN_POINT('',(-0.00085,0.00065,0.00085));
#2307=CARTESIAN_POINT('',(-0.001,0.00065,0.00085));
#2308=CARTESIAN_POINT('',(-0.00085,0.00065,0.000925));
#2309=CARTESIAN_POINT('',(-0.00085,0.00065,0.001));
#2310=CARTESIAN_POINT('',(0.,0.00065,0.001));
#2311=CARTESIAN_POINT('',(-0.001,0.00065,0.001));
#2312=CARTESIAN_POINT('',(-0.001,0.00065,2.16840434497101E-19));
#2313=CARTESIAN_POINT('',(-0.000925,0.000298,0.00085));
#2314=CARTESIAN_POINT('',(-0.00085,0.000298,0.00085));
#2315=CARTESIAN_POINT('',(-0.00085,0.0007,0.00085));
#2316=CARTESIAN_POINT('',(-0.001,0.000298,0.00085));
#2317=CARTESIAN_POINT('',(-0.001,0.0007,0.00085));
#2318=CARTESIAN_POINT('',(-0.000925,0.0007,0.00085));
#2319=CARTESIAN_POINT('',(-0.00085,0.000298,0.000925));
#2320=CARTESIAN_POINT('',(-0.00085,0.0007,0.000925));
#2321=CARTESIAN_POINT('',(-0.00085,0.0007,0.001));
#2322=CARTESIAN_POINT('',(-0.00085,0.000298,0.001));
#2323=CARTESIAN_POINT('',(0.,0.0007,0.));
#2324=CARTESIAN_POINT('',(-0.001,0.0007,2.16840434497101E-19));
#2325=CARTESIAN_POINT('',(-0.001,0.0007,0.001));
#2326=CARTESIAN_POINT('',(0.,0.0007,0.001));
#2327=CARTESIAN_POINT('',(-0.001,0.000298,2.16840434497101E-19));
#2328=CARTESIAN_POINT('',(-0.001,0.000298,0.001));
#2329=CARTESIAN_POINT('',(0.,0.000298,0.001));
#2330=MECHANICAL_DESIGN_GEOMETRIC_PRESENTATION_REPRESENTATION('',(#1326),
#2340);
#2331=MECHANICAL_DESIGN_GEOMETRIC_PRESENTATION_REPRESENTATION('',(#1327),
#2341);
#2332=MECHANICAL_DESIGN_GEOMETRIC_PRESENTATION_REPRESENTATION('',(#1328),
#2342);
#2333=MECHANICAL_DESIGN_GEOMETRIC_PRESENTATION_REPRESENTATION('',(#1329),
#2343);
#2334=MECHANICAL_DESIGN_GEOMETRIC_PRESENTATION_REPRESENTATION('',(#1330),
#2344);
#2335=MECHANICAL_DESIGN_GEOMETRIC_PRESENTATION_REPRESENTATION('',(#1331),
#2345);
#2336=MECHANICAL_DESIGN_GEOMETRIC_PRESENTATION_REPRESENTATION('',(#1332),
#2346);
#2337=MECHANICAL_DESIGN_GEOMETRIC_PRESENTATION_REPRESENTATION('',(#1333),
#2347);
#2338=MECHANICAL_DESIGN_GEOMETRIC_PRESENTATION_REPRESENTATION('',(#1334),
#2348);
#2339=MECHANICAL_DESIGN_GEOMETRIC_PRESENTATION_REPRESENTATION('',(#1335),
#2349);
#2340=(
GEOMETRIC_REPRESENTATION_CONTEXT(3)
GLOBAL_UNCERTAINTY_ASSIGNED_CONTEXT((#2350))
GLOBAL_UNIT_ASSIGNED_CONTEXT((#2380,#2370,#2360))
REPRESENTATION_CONTEXT('Pad 2','TOP_LEVEL_ASSEMBLY_PART')
);
#2341=(
GEOMETRIC_REPRESENTATION_CONTEXT(3)
GLOBAL_UNCERTAINTY_ASSIGNED_CONTEXT((#2351))
GLOBAL_UNIT_ASSIGNED_CONTEXT((#2381,#2371,#2361))
REPRESENTATION_CONTEXT('Pad 3','TOP_LEVEL_ASSEMBLY_PART')
);
#2342=(
GEOMETRIC_REPRESENTATION_CONTEXT(3)
GLOBAL_UNCERTAINTY_ASSIGNED_CONTEXT((#2352))
GLOBAL_UNIT_ASSIGNED_CONTEXT((#2382,#2372,#2362))
REPRESENTATION_CONTEXT('Pad 4','TOP_LEVEL_ASSEMBLY_PART')
);
#2343=(
GEOMETRIC_REPRESENTATION_CONTEXT(3)
GLOBAL_UNCERTAINTY_ASSIGNED_CONTEXT((#2353))
GLOBAL_UNIT_ASSIGNED_CONTEXT((#2383,#2373,#2363))
REPRESENTATION_CONTEXT('Pad 1','TOP_LEVEL_ASSEMBLY_PART')
);
#2344=(
GEOMETRIC_REPRESENTATION_CONTEXT(3)
GLOBAL_UNCERTAINTY_ASSIGNED_CONTEXT((#2354))
GLOBAL_UNIT_ASSIGNED_CONTEXT((#2384,#2374,#2364))
REPRESENTATION_CONTEXT('C1','TOP_LEVEL_ASSEMBLY_PART')
);
#2345=(
GEOMETRIC_REPRESENTATION_CONTEXT(3)
GLOBAL_UNCERTAINTY_ASSIGNED_CONTEXT((#2355))
GLOBAL_UNIT_ASSIGNED_CONTEXT((#2385,#2375,#2365))
REPRESENTATION_CONTEXT('C2','TOP_LEVEL_ASSEMBLY_PART')
);
#2346=(
GEOMETRIC_REPRESENTATION_CONTEXT(3)
GLOBAL_UNCERTAINTY_ASSIGNED_CONTEXT((#2356))
GLOBAL_UNIT_ASSIGNED_CONTEXT((#2386,#2376,#2366))
REPRESENTATION_CONTEXT('Base','TOP_LEVEL_ASSEMBLY_PART')
);
#2347=(
GEOMETRIC_REPRESENTATION_CONTEXT(3)
GLOBAL_UNCERTAINTY_ASSIGNED_CONTEXT((#2357))
GLOBAL_UNIT_ASSIGNED_CONTEXT((#2387,#2377,#2367))
REPRESENTATION_CONTEXT('Lense','TOP_LEVEL_ASSEMBLY_PART')
);
#2348=(
GEOMETRIC_REPRESENTATION_CONTEXT(3)
GLOBAL_UNCERTAINTY_ASSIGNED_CONTEXT((#2358))
GLOBAL_UNIT_ASSIGNED_CONTEXT((#2388,#2378,#2368))
REPRESENTATION_CONTEXT('Sensor','TOP_LEVEL_ASSEMBLY_PART')
);
#2349=(
GEOMETRIC_REPRESENTATION_CONTEXT(3)
GLOBAL_UNCERTAINTY_ASSIGNED_CONTEXT((#2359))
GLOBAL_UNIT_ASSIGNED_CONTEXT((#2389,#2379,#2369))
REPRESENTATION_CONTEXT('Marking','TOP_LEVEL_ASSEMBLY_PART')
);
#2350=UNCERTAINTY_MEASURE_WITH_UNIT(LENGTH_MEASURE(1.E-8),#2380,
'DISTANCE_ACCURACY_VALUE','Maximum Tolerance applied to model');
#2351=UNCERTAINTY_MEASURE_WITH_UNIT(LENGTH_MEASURE(1.E-8),#2381,
'DISTANCE_ACCURACY_VALUE','Maximum Tolerance applied to model');
#2352=UNCERTAINTY_MEASURE_WITH_UNIT(LENGTH_MEASURE(1.E-8),#2382,
'DISTANCE_ACCURACY_VALUE','Maximum Tolerance applied to model');
#2353=UNCERTAINTY_MEASURE_WITH_UNIT(LENGTH_MEASURE(1.E-8),#2383,
'DISTANCE_ACCURACY_VALUE','Maximum Tolerance applied to model');
#2354=UNCERTAINTY_MEASURE_WITH_UNIT(LENGTH_MEASURE(1.E-8),#2384,
'DISTANCE_ACCURACY_VALUE','Maximum Tolerance applied to model');
#2355=UNCERTAINTY_MEASURE_WITH_UNIT(LENGTH_MEASURE(1.E-8),#2385,
'DISTANCE_ACCURACY_VALUE','Maximum Tolerance applied to model');
#2356=UNCERTAINTY_MEASURE_WITH_UNIT(LENGTH_MEASURE(1.E-8),#2386,
'DISTANCE_ACCURACY_VALUE','Maximum Tolerance applied to model');
#2357=UNCERTAINTY_MEASURE_WITH_UNIT(LENGTH_MEASURE(1.E-8),#2387,
'DISTANCE_ACCURACY_VALUE','Maximum Tolerance applied to model');
#2358=UNCERTAINTY_MEASURE_WITH_UNIT(LENGTH_MEASURE(1.E-8),#2388,
'DISTANCE_ACCURACY_VALUE','Maximum Tolerance applied to model');
#2359=UNCERTAINTY_MEASURE_WITH_UNIT(LENGTH_MEASURE(1.E-8),#2389,
'DISTANCE_ACCURACY_VALUE','Maximum Tolerance applied to model');
#2360=(
NAMED_UNIT(*)
SI_UNIT($,.STERADIAN.)
SOLID_ANGLE_UNIT()
);
#2361=(
NAMED_UNIT(*)
SI_UNIT($,.STERADIAN.)
SOLID_ANGLE_UNIT()
);
#2362=(
NAMED_UNIT(*)
SI_UNIT($,.STERADIAN.)
SOLID_ANGLE_UNIT()
);
#2363=(
NAMED_UNIT(*)
SI_UNIT($,.STERADIAN.)
SOLID_ANGLE_UNIT()
);
#2364=(
NAMED_UNIT(*)
SI_UNIT($,.STERADIAN.)
SOLID_ANGLE_UNIT()
);
#2365=(
NAMED_UNIT(*)
SI_UNIT($,.STERADIAN.)
SOLID_ANGLE_UNIT()
);
#2366=(
NAMED_UNIT(*)
SI_UNIT($,.STERADIAN.)
SOLID_ANGLE_UNIT()
);
#2367=(
NAMED_UNIT(*)
SI_UNIT($,.STERADIAN.)
SOLID_ANGLE_UNIT()
);
#2368=(
NAMED_UNIT(*)
SI_UNIT($,.STERADIAN.)
SOLID_ANGLE_UNIT()
);
#2369=(
NAMED_UNIT(*)
SI_UNIT($,.STERADIAN.)
SOLID_ANGLE_UNIT()
);
#2370=(
NAMED_UNIT(*)
PLANE_ANGLE_UNIT()
SI_UNIT($,.RADIAN.)
);
#2371=(
NAMED_UNIT(*)
PLANE_ANGLE_UNIT()
SI_UNIT($,.RADIAN.)
);
#2372=(
NAMED_UNIT(*)
PLANE_ANGLE_UNIT()
SI_UNIT($,.RADIAN.)
);
#2373=(
NAMED_UNIT(*)
PLANE_ANGLE_UNIT()
SI_UNIT($,.RADIAN.)
);
#2374=(
NAMED_UNIT(*)
PLANE_ANGLE_UNIT()
SI_UNIT($,.RADIAN.)
);
#2375=(
NAMED_UNIT(*)
PLANE_ANGLE_UNIT()
SI_UNIT($,.RADIAN.)
);
#2376=(
NAMED_UNIT(*)
PLANE_ANGLE_UNIT()
SI_UNIT($,.RADIAN.)
);
#2377=(
NAMED_UNIT(*)
PLANE_ANGLE_UNIT()
SI_UNIT($,.RADIAN.)
);
#2378=(
NAMED_UNIT(*)
PLANE_ANGLE_UNIT()
SI_UNIT($,.RADIAN.)
);
#2379=(
NAMED_UNIT(*)
PLANE_ANGLE_UNIT()
SI_UNIT($,.RADIAN.)
);
#2380=(
LENGTH_UNIT()
NAMED_UNIT(*)
SI_UNIT($,.METRE.)
);
#2381=(
LENGTH_UNIT()
NAMED_UNIT(*)
SI_UNIT($,.METRE.)
);
#2382=(
LENGTH_UNIT()
NAMED_UNIT(*)
SI_UNIT($,.METRE.)
);
#2383=(
LENGTH_UNIT()
NAMED_UNIT(*)
SI_UNIT($,.METRE.)
);
#2384=(
LENGTH_UNIT()
NAMED_UNIT(*)
SI_UNIT($,.METRE.)
);
#2385=(
LENGTH_UNIT()
NAMED_UNIT(*)
SI_UNIT($,.METRE.)
);
#2386=(
LENGTH_UNIT()
NAMED_UNIT(*)
SI_UNIT($,.METRE.)
);
#2387=(
LENGTH_UNIT()
NAMED_UNIT(*)
SI_UNIT($,.METRE.)
);
#2388=(
LENGTH_UNIT()
NAMED_UNIT(*)
SI_UNIT($,.METRE.)
);
#2389=(
LENGTH_UNIT()
NAMED_UNIT(*)
SI_UNIT($,.METRE.)
);
#2390=PRODUCT_DEFINITION_SHAPE('','',#2400);
#2391=PRODUCT_DEFINITION_SHAPE('','',#2401);
#2392=PRODUCT_DEFINITION_SHAPE('','',#2402);
#2393=PRODUCT_DEFINITION_SHAPE('','',#2403);
#2394=PRODUCT_DEFINITION_SHAPE('','',#2404);
#2395=PRODUCT_DEFINITION_SHAPE('','',#2405);
#2396=PRODUCT_DEFINITION_SHAPE('','',#2406);
#2397=PRODUCT_DEFINITION_SHAPE('','',#2407);
#2398=PRODUCT_DEFINITION_SHAPE('','',#2408);
#2399=PRODUCT_DEFINITION_SHAPE('','',#2409);
#2400=PRODUCT_DEFINITION('','',#2420,#2410);
#2401=PRODUCT_DEFINITION('','',#2421,#2411);
#2402=PRODUCT_DEFINITION('','',#2422,#2412);
#2403=PRODUCT_DEFINITION('','',#2423,#2413);
#2404=PRODUCT_DEFINITION('','',#2424,#2414);
#2405=PRODUCT_DEFINITION('','',#2425,#2415);
#2406=PRODUCT_DEFINITION('','',#2426,#2416);
#2407=PRODUCT_DEFINITION('','',#2427,#2417);
#2408=PRODUCT_DEFINITION('','',#2428,#2418);
#2409=PRODUCT_DEFINITION('','',#2429,#2419);
#2410=PRODUCT_DEFINITION_CONTEXT('',#2480,'design');
#2411=PRODUCT_DEFINITION_CONTEXT('',#2481,'design');
#2412=PRODUCT_DEFINITION_CONTEXT('',#2482,'design');
#2413=PRODUCT_DEFINITION_CONTEXT('',#2483,'design');
#2414=PRODUCT_DEFINITION_CONTEXT('',#2484,'design');
#2415=PRODUCT_DEFINITION_CONTEXT('',#2485,'design');
#2416=PRODUCT_DEFINITION_CONTEXT('',#2486,'design');
#2417=PRODUCT_DEFINITION_CONTEXT('',#2487,'design');
#2418=PRODUCT_DEFINITION_CONTEXT('',#2488,'design');
#2419=PRODUCT_DEFINITION_CONTEXT('',#2489,'design');
#2420=PRODUCT_DEFINITION_FORMATION_WITH_SPECIFIED_SOURCE('','',#2440,
 .NOT_KNOWN.);
#2421=PRODUCT_DEFINITION_FORMATION_WITH_SPECIFIED_SOURCE('','',#2441,
 .NOT_KNOWN.);
#2422=PRODUCT_DEFINITION_FORMATION_WITH_SPECIFIED_SOURCE('','',#2442,
 .NOT_KNOWN.);
#2423=PRODUCT_DEFINITION_FORMATION_WITH_SPECIFIED_SOURCE('','',#2443,
 .NOT_KNOWN.);
#2424=PRODUCT_DEFINITION_FORMATION_WITH_SPECIFIED_SOURCE('','',#2444,
 .NOT_KNOWN.);
#2425=PRODUCT_DEFINITION_FORMATION_WITH_SPECIFIED_SOURCE('','',#2445,
 .NOT_KNOWN.);
#2426=PRODUCT_DEFINITION_FORMATION_WITH_SPECIFIED_SOURCE('','',#2446,
 .NOT_KNOWN.);
#2427=PRODUCT_DEFINITION_FORMATION_WITH_SPECIFIED_SOURCE('','',#2447,
 .NOT_KNOWN.);
#2428=PRODUCT_DEFINITION_FORMATION_WITH_SPECIFIED_SOURCE('','',#2448,
 .NOT_KNOWN.);
#2429=PRODUCT_DEFINITION_FORMATION_WITH_SPECIFIED_SOURCE('','',#2449,
 .NOT_KNOWN.);
#2430=PRODUCT_RELATED_PRODUCT_CATEGORY('','',(#2440));
#2431=PRODUCT_RELATED_PRODUCT_CATEGORY('','',(#2441));
#2432=PRODUCT_RELATED_PRODUCT_CATEGORY('','',(#2442));
#2433=PRODUCT_RELATED_PRODUCT_CATEGORY('','',(#2443));
#2434=PRODUCT_RELATED_PRODUCT_CATEGORY('','',(#2444));
#2435=PRODUCT_RELATED_PRODUCT_CATEGORY('','',(#2445));
#2436=PRODUCT_RELATED_PRODUCT_CATEGORY('','',(#2446));
#2437=PRODUCT_RELATED_PRODUCT_CATEGORY('','',(#2447));
#2438=PRODUCT_RELATED_PRODUCT_CATEGORY('','',(#2448));
#2439=PRODUCT_RELATED_PRODUCT_CATEGORY('','',(#2449));
#2440=PRODUCT('Pad 2','Pad 2','Pad 2',(#2460));
#2441=PRODUCT('Pad 3','Pad 3','Pad 3',(#2461));
#2442=PRODUCT('Pad 4','Pad 4','Pad 4',(#2462));
#2443=PRODUCT('Pad 1','Pad 1','Pad 1',(#2463));
#2444=PRODUCT('C1','C1','C1',(#2464));
#2445=PRODUCT('C2','C2','C2',(#2465));
#2446=PRODUCT('Base','Base','Base',(#2466));
#2447=PRODUCT('Lense','Lense','Lense',(#2467));
#2448=PRODUCT('Sensor','Sensor','Sensor',(#2468));
#2449=PRODUCT('Marking','Marking','Marking',(#2469));
#2450=PRODUCT_CATEGORY('','');
#2451=PRODUCT_CATEGORY('','');
#2452=PRODUCT_CATEGORY('','');
#2453=PRODUCT_CATEGORY('','');
#2454=PRODUCT_CATEGORY('','');
#2455=PRODUCT_CATEGORY('','');
#2456=PRODUCT_CATEGORY('','');
#2457=PRODUCT_CATEGORY('','');
#2458=PRODUCT_CATEGORY('','');
#2459=PRODUCT_CATEGORY('','');
#2460=PRODUCT_CONTEXT('',#2480,'mechanical');
#2461=PRODUCT_CONTEXT('',#2481,'mechanical');
#2462=PRODUCT_CONTEXT('',#2482,'mechanical');
#2463=PRODUCT_CONTEXT('',#2483,'mechanical');
#2464=PRODUCT_CONTEXT('',#2484,'mechanical');
#2465=PRODUCT_CONTEXT('',#2485,'mechanical');
#2466=PRODUCT_CONTEXT('',#2486,'mechanical');
#2467=PRODUCT_CONTEXT('',#2487,'mechanical');
#2468=PRODUCT_CONTEXT('',#2488,'mechanical');
#2469=PRODUCT_CONTEXT('',#2489,'mechanical');
#2470=APPLICATION_PROTOCOL_DEFINITION('international standard',
'ap242_managed_model_based_3d_engineering',2020,#2480);
#2471=APPLICATION_PROTOCOL_DEFINITION('international standard',
'ap242_managed_model_based_3d_engineering',2020,#2481);
#2472=APPLICATION_PROTOCOL_DEFINITION('international standard',
'ap242_managed_model_based_3d_engineering',2020,#2482);
#2473=APPLICATION_PROTOCOL_DEFINITION('international standard',
'ap242_managed_model_based_3d_engineering',2020,#2483);
#2474=APPLICATION_PROTOCOL_DEFINITION('international standard',
'ap242_managed_model_based_3d_engineering',2020,#2484);
#2475=APPLICATION_PROTOCOL_DEFINITION('international standard',
'ap242_managed_model_based_3d_engineering',2020,#2485);
#2476=APPLICATION_PROTOCOL_DEFINITION('international standard',
'ap242_managed_model_based_3d_engineering',2020,#2486);
#2477=APPLICATION_PROTOCOL_DEFINITION('international standard',
'ap242_managed_model_based_3d_engineering',2020,#2487);
#2478=APPLICATION_PROTOCOL_DEFINITION('international standard',
'ap242_managed_model_based_3d_engineering',2020,#2488);
#2479=APPLICATION_PROTOCOL_DEFINITION('international standard',
'ap242_managed_model_based_3d_engineering',2020,#2489);
#2480=APPLICATION_CONTEXT('managed model based 3d engineering');
#2481=APPLICATION_CONTEXT('managed model based 3d engineering');
#2482=APPLICATION_CONTEXT('managed model based 3d engineering');
#2483=APPLICATION_CONTEXT('managed model based 3d engineering');
#2484=APPLICATION_CONTEXT('managed model based 3d engineering');
#2485=APPLICATION_CONTEXT('managed model based 3d engineering');
#2486=APPLICATION_CONTEXT('managed model based 3d engineering');
#2487=APPLICATION_CONTEXT('managed model based 3d engineering');
#2488=APPLICATION_CONTEXT('managed model based 3d engineering');
#2489=APPLICATION_CONTEXT('managed model based 3d engineering');
ENDSEC;
END-ISO-10303-21;
