ISO-10303-21;
HEADER;
/* Generated by software containing ST-Developer
 * from STEP Tools, Inc. (www.steptools.com) 
 */

FILE_DESCRIPTION(
/* description */ (''),
/* implementation_level */ '2;1');

FILE_NAME(
/* name */ 
'S:\\DRAWING MO01\\[\X2\AC80D1A0\X0\] Vibration Motor\\Lee M K\\\X2\BAA8B378BCC4\X0\ 
3D\X2\B3C4BA74\X0\(\X2\C885D569\X0\)\\\X2\BC14C774BE0CB85CB2C9C2A4\X0\\\
LM 10x4.0t 3D.stp',
/* time_stamp */ '2023-08-07T10:54:40+09:00',
/* author */ ('mglee'),
/* organization */ (''),
/* preprocessor_version */ 'ST-DEVELOPER v18.1',
/* originating_system */ 'Autodesk Inventor 2021',
/* authorisation */ '');

FILE_SCHEMA (('AUTOMOTIVE_DESIGN { 1 0 10303 214 3 1 1 }'));
ENDSEC;

DATA;
#10=MECHANICAL_DESIGN_GEOMETRIC_PRESENTATION_REPRESENTATION('',(#55,#56,
#57,#58,#59,#60,#61),#7154);
#11=ITEM_DEFINED_TRANSFORMATION($,$,#4435,#4512);
#12=ITEM_DEFINED_TRANSFORMATION($,$,#4499,#4513);
#13=ITEM_DEFINED_TRANSFORMATION($,$,#4159,#4584);
#14=ITEM_DEFINED_TRANSFORMATION($,$,#4434,#4585);
#15=ITEM_DEFINED_TRANSFORMATION($,$,#4514,#4586);
#16=ITEM_DEFINED_TRANSFORMATION($,$,#4572,#4587);
#17=ITEM_DEFINED_TRANSFORMATION($,$,#4578,#4588);
#18=ITEM_DEFINED_TRANSFORMATION($,$,#4158,#4589);
#19=(
REPRESENTATION_RELATIONSHIP($,$,#7189,#7188)
REPRESENTATION_RELATIONSHIP_WITH_TRANSFORMATION(#11)
SHAPE_REPRESENTATION_RELATIONSHIP()
);
#20=(
REPRESENTATION_RELATIONSHIP($,$,#7190,#7188)
REPRESENTATION_RELATIONSHIP_WITH_TRANSFORMATION(#12)
SHAPE_REPRESENTATION_RELATIONSHIP()
);
#21=(
REPRESENTATION_RELATIONSHIP($,$,#7187,#7186)
REPRESENTATION_RELATIONSHIP_WITH_TRANSFORMATION(#13)
SHAPE_REPRESENTATION_RELATIONSHIP()
);
#22=(
REPRESENTATION_RELATIONSHIP($,$,#7188,#7186)
REPRESENTATION_RELATIONSHIP_WITH_TRANSFORMATION(#14)
SHAPE_REPRESENTATION_RELATIONSHIP()
);
#23=(
REPRESENTATION_RELATIONSHIP($,$,#7191,#7186)
REPRESENTATION_RELATIONSHIP_WITH_TRANSFORMATION(#15)
SHAPE_REPRESENTATION_RELATIONSHIP()
);
#24=(
REPRESENTATION_RELATIONSHIP($,$,#7192,#7186)
REPRESENTATION_RELATIONSHIP_WITH_TRANSFORMATION(#16)
SHAPE_REPRESENTATION_RELATIONSHIP()
);
#25=(
REPRESENTATION_RELATIONSHIP($,$,#7193,#7186)
REPRESENTATION_RELATIONSHIP_WITH_TRANSFORMATION(#17)
SHAPE_REPRESENTATION_RELATIONSHIP()
);
#26=(
REPRESENTATION_RELATIONSHIP($,$,#7186,#7185)
REPRESENTATION_RELATIONSHIP_WITH_TRANSFORMATION(#18)
SHAPE_REPRESENTATION_RELATIONSHIP()
);
#27=CONTEXT_DEPENDENT_SHAPE_REPRESENTATION(#19,#7174);
#28=CONTEXT_DEPENDENT_SHAPE_REPRESENTATION(#20,#7175);
#29=CONTEXT_DEPENDENT_SHAPE_REPRESENTATION(#21,#7179);
#30=CONTEXT_DEPENDENT_SHAPE_REPRESENTATION(#22,#7180);
#31=CONTEXT_DEPENDENT_SHAPE_REPRESENTATION(#23,#7181);
#32=CONTEXT_DEPENDENT_SHAPE_REPRESENTATION(#24,#7182);
#33=CONTEXT_DEPENDENT_SHAPE_REPRESENTATION(#25,#7183);
#34=CONTEXT_DEPENDENT_SHAPE_REPRESENTATION(#26,#7184);
#35=NEXT_ASSEMBLY_USAGE_OCCURRENCE('16.05.26_FPCB(\X2\BCF8CCB4\X0\):1',
'16.05.26_FPCB(\X2\BCF8CCB4\X0\):1','16.05.26_FPCB(\X2\BCF8CCB4\X0\):1',
#7198,#7199,'16.05.26_FPCB(\X2\BCF8CCB4\X0\):1');
#36=NEXT_ASSEMBLY_USAGE_OCCURRENCE('16.05.26_FPCB(\X2\B2E8C790\X0\):1',
'16.05.26_FPCB(\X2\B2E8C790\X0\):1','16.05.26_FPCB(\X2\B2E8C790\X0\):1',
#7198,#7200,'16.05.26_FPCB(\X2\B2E8C790\X0\):1');
#37=NEXT_ASSEMBLY_USAGE_OCCURRENCE('Case B(\X2\C808ACE1\X0\ 0.55):1',
'Case B(\X2\C808ACE1\X0\ 0.55):1','Case B(\X2\C808ACE1\X0\ 0.55):1',#7196,
#7197,'Case B(\X2\C808ACE1\X0\ 0.55):1');
#38=NEXT_ASSEMBLY_USAGE_OCCURRENCE('16.05.26_FPCB(\X2\C870B9BDD488\X0\)
:1','16.05.26_FPCB(\X2\C870B9BDD488\X0\):1',
'16.05.26_FPCB(\X2\C870B9BDD488\X0\):1',#7196,#7198,
'16.05.26_FPCB(\X2\C870B9BDD488\X0\):1');
#39=NEXT_ASSEMBLY_USAGE_OCCURRENCE('Case A(\X2\C870B9BDB450AED8\X0\ 4.
05):1','Case A(\X2\C870B9BDB450AED8\X0\ 4.05):1',
'Case A(\X2\C870B9BDB450AED8\X0\ 4.05):1',#7196,#7201,
'Case A(\X2\C870B9BDB450AED8\X0\ 4.05):1');
#40=NEXT_ASSEMBLY_USAGE_OCCURRENCE('\X2\C0C1\X0\ \X2\D3ECB860\X0\(9pi 
0.33t):1','\X2\C0C1\X0\ \X2\D3ECB860\X0\(9pi 0.33t):1',
'\X2\C0C1\X0\ \X2\D3ECB860\X0\(9pi 0.33t):1',#7196,#7202,
'\X2\C0C1\X0\ \X2\D3ECB860\X0\(9pi 0.33t):1');
#41=NEXT_ASSEMBLY_USAGE_OCCURRENCE('\X2\D558\X0\ tape(8pi 0.1t):1',
'\X2\D558\X0\ tape(8pi 0.1t):1','\X2\D558\X0\ tape(8pi 0.1t):1',#7196,#7203,
'\X2\D558\X0\ tape(8pi 0.1t):1');
#42=NEXT_ASSEMBLY_USAGE_OCCURRENCE('23.08.07_LM1040 SB Motor:1',
'23.08.07_LM1040 SB Motor:1','23.08.07_LM1040 SB Motor:1',#7195,#7196,
'23.08.07_LM1040 SB Motor:1');
#43=SHAPE_REPRESENTATION_RELATIONSHIP('SRR','None',#7187,#49);
#44=SHAPE_REPRESENTATION_RELATIONSHIP('SRR','None',#7189,#50);
#45=SHAPE_REPRESENTATION_RELATIONSHIP('SRR','None',#7190,#51);
#46=SHAPE_REPRESENTATION_RELATIONSHIP('SRR','None',#7191,#52);
#47=SHAPE_REPRESENTATION_RELATIONSHIP('SRR','None',#7192,#53);
#48=SHAPE_REPRESENTATION_RELATIONSHIP('SRR','None',#7193,#54);
#49=ADVANCED_BREP_SHAPE_REPRESENTATION('',(#62),#7147);
#50=ADVANCED_BREP_SHAPE_REPRESENTATION('',(#63),#7149);
#51=ADVANCED_BREP_SHAPE_REPRESENTATION('',(#64,#65),#7150);
#52=ADVANCED_BREP_SHAPE_REPRESENTATION('',(#66),#7151);
#53=ADVANCED_BREP_SHAPE_REPRESENTATION('',(#67),#7152);
#54=ADVANCED_BREP_SHAPE_REPRESENTATION('',(#68),#7153);
#55=STYLED_ITEM('',(#4050),#62);
#56=STYLED_ITEM('',(#4051),#63);
#57=STYLED_ITEM('',(#4052),#64);
#58=STYLED_ITEM('',(#4052),#65);
#59=STYLED_ITEM('',(#4053),#66);
#60=STYLED_ITEM('',(#4054),#67);
#61=STYLED_ITEM('',(#4049),#68);
#62=MANIFOLD_SOLID_BREP('\X2\C194B9ACB4DC\X0\2',#3975);
#63=MANIFOLD_SOLID_BREP('\X2\C194B9ACB4DC\X0\2',#3976);
#64=MANIFOLD_SOLID_BREP('\X2\C194B9ACB4DC\X0\2',#3977);
#65=MANIFOLD_SOLID_BREP('\X2\C194B9ACB4DC\X0\3',#3978);
#66=MANIFOLD_SOLID_BREP('\X2\C194B9ACB4DC\X0\2',#3979);
#67=MANIFOLD_SOLID_BREP('\X2\C194B9ACB4DC\X0\2',#3980);
#68=MANIFOLD_SOLID_BREP('\X2\C194B9ACB4DC\X0\2',#3981);
#69=CONICAL_SURFACE('',#4392,4.17398386383319,1.04814735348826);
#70=CONICAL_SURFACE('',#4404,0.324999999912405,0.785398166900603);
#71=CONICAL_SURFACE('',#4428,4.01879431438253,1.21030279484068);
#72=TOROIDAL_SURFACE('',#4384,4.05971913327009,0.200000000000004);
#73=TOROIDAL_SURFACE('',#4394,4.21337201114436,0.0499999999999978);
#74=TOROIDAL_SURFACE('',#4396,0.349999998248334,0.0499999999999998);
#75=TOROIDAL_SURFACE('',#4410,0.449999999824808,0.0500000000000002);
#76=TOROIDAL_SURFACE('',#4426,3.88983365058725,0.0500000000000037);
#77=TOROIDAL_SURFACE('',#4430,4.20066539097916,0.199999999999995);
#78=TOROIDAL_SURFACE('',#4540,4.8,0.2);
#79=TOROIDAL_SURFACE('',#4554,4.65,0.2);
#80=FACE_BOUND('',#556,.T.);
#81=FACE_BOUND('',#567,.T.);
#82=FACE_BOUND('',#571,.T.);
#83=FACE_BOUND('',#574,.T.);
#84=FACE_BOUND('',#614,.T.);
#85=FACE_BOUND('',#616,.T.);
#86=FACE_BOUND('',#617,.T.);
#87=FACE_BOUND('',#618,.T.);
#88=FACE_BOUND('',#642,.T.);
#89=FACE_BOUND('',#645,.T.);
#90=(
BOUNDED_CURVE()
B_SPLINE_CURVE(2,(#6292,#6293,#6294),.UNSPECIFIED.,.F.,.F.)
B_SPLINE_CURVE_WITH_KNOTS((3,3),(0.,0.00944535262436807),.UNSPECIFIED.)
CURVE()
GEOMETRIC_REPRESENTATION_ITEM()
RATIONAL_B_SPLINE_CURVE((1.,1.00017135782418,1.00021878846838))
REPRESENTATION_ITEM('')
);
#91=(
BOUNDED_CURVE()
B_SPLINE_CURVE(2,(#6307,#6308,#6309),.UNSPECIFIED.,.F.,.F.)
B_SPLINE_CURVE_WITH_KNOTS((3,3),(0.304831843176867,0.308258117853898),
 .UNSPECIFIED.)
CURVE()
GEOMETRIC_REPRESENTATION_ITEM()
RATIONAL_B_SPLINE_CURVE((1.07773911146985,1.07748388358028,1.07721309705603))
REPRESENTATION_ITEM('')
);
#92=(
BOUNDED_CURVE()
B_SPLINE_CURVE(2,(#6373,#6374,#6375),.UNSPECIFIED.,.F.,.F.)
B_SPLINE_CURVE_WITH_KNOTS((3,3),(0.0166748687701105,0.0261207446758872),
 .UNSPECIFIED.)
CURVE()
GEOMETRIC_REPRESENTATION_ITEM()
RATIONAL_B_SPLINE_CURVE((1.00021879373099,1.00017136732116,1.))
REPRESENTATION_ITEM('')
);
#93=(
BOUNDED_CURVE()
B_SPLINE_CURVE(2,(#6395,#6396,#6397),.UNSPECIFIED.,.F.,.F.)
B_SPLINE_CURVE_WITH_KNOTS((3,3),(0.189080010499644,0.192507634570284),
 .UNSPECIFIED.)
CURVE()
GEOMETRIC_REPRESENTATION_ITEM()
RATIONAL_B_SPLINE_CURVE((1.07708985865703,1.0773594969146,1.07761357778856))
REPRESENTATION_ITEM('')
);
#94=B_SPLINE_CURVE_WITH_KNOTS('',3,(#5931,#5932,#5933,#5934,#5935),
 .UNSPECIFIED.,.F.,.F.,(4,1,4),(-3.22941128987479,-3.14159265358979,-3.05377401730479),
 .UNSPECIFIED.);
#95=B_SPLINE_CURVE_WITH_KNOTS('',3,(#5936,#5937,#5938,#5939,#5940,#5941,
#5942,#5943,#5944,#5945,#5946,#5947,#5948,#5949),.UNSPECIFIED.,.F.,.F.,
(4,2,2,2,2,2,4),(0.,0.00697660159589888,0.0130699596501615,0.0201577980330234,
0.027245636415886,0.0333389944701499,0.0403155960660483),.UNSPECIFIED.);
#96=B_SPLINE_CURVE_WITH_KNOTS('',3,(#5985,#5986,#5987,#5988,#5989),
 .UNSPECIFIED.,.F.,.F.,(4,1,4),(-3.22941128987479,-3.14159265358979,-3.05377401730479),
 .UNSPECIFIED.);
#97=B_SPLINE_CURVE_WITH_KNOTS('',3,(#5990,#5991,#5992,#5993,#5994,#5995,
#5996,#5997,#5998,#5999,#6000,#6001,#6002,#6003),.UNSPECIFIED.,.F.,.F.,
(4,2,2,2,2,2,4),(0.,0.00697660159587971,0.0130699596501281,0.0201577980330222,
0.0272456364159159,0.0333389944701644,0.040315596066048),.UNSPECIFIED.);
#98=B_SPLINE_CURVE_WITH_KNOTS('',3,(#6287,#6288,#6289,#6290),
 .UNSPECIFIED.,.F.,.F.,(4,4),(0.0310494013978852,0.0384688801225098),
 .UNSPECIFIED.);
#99=B_SPLINE_CURVE_WITH_KNOTS('',3,(#6300,#6301,#6302,#6303,#6304,#6305),
 .UNSPECIFIED.,.F.,.F.,(4,2,4),(0.0938232639952232,0.102277242479293,0.104663934899603),
 .UNSPECIFIED.);
#100=B_SPLINE_CURVE_WITH_KNOTS('',3,(#6311,#6312,#6313,#6314,#6315,#6316),
 .UNSPECIFIED.,.F.,.F.,(4,2,4),(-0.0104704687722151,-0.00987036273193486,
-0.00777237752093343),.UNSPECIFIED.);
#101=B_SPLINE_CURVE_WITH_KNOTS('',3,(#6322,#6323,#6324,#6325,#6326,#6327,
#6328,#6329,#6330,#6331),.UNSPECIFIED.,.F.,.F.,(4,2,2,2,4),(0.0410498396379593,
0.0418224350473873,0.0479289780621382,0.0538432632770041,0.0558851549261003),
 .UNSPECIFIED.);
#102=B_SPLINE_CURVE_WITH_KNOTS('',3,(#6333,#6334,#6335,#6336,#6337,#6338,
#6339),.UNSPECIFIED.,.F.,.F.,(4,3,4),(-0.0046567747452495,-0.00322938729367414,
-0.00246258595937205),.UNSPECIFIED.);
#103=B_SPLINE_CURVE_WITH_KNOTS('',3,(#6346,#6347,#6348,#6349,#6350,#6351,
#6352,#6353,#6354,#6355),.UNSPECIFIED.,.F.,.F.,(4,3,3,4),(-0.00217940615576727,
-0.002150926570936,-0.000730735629387337,0.),.UNSPECIFIED.);
#104=B_SPLINE_CURVE_WITH_KNOTS('',3,(#6357,#6358,#6359,#6360,#6361,#6362,
#6363,#6364,#6365,#6366,#6367),.UNSPECIFIED.,.F.,.F.,(4,2,3,2,4),(0.0855863243503601,
0.087627684467562,0.0935419711985614,0.099648516210209,0.100421120637445),
 .UNSPECIFIED.);
#105=B_SPLINE_CURVE_WITH_KNOTS('',3,(#6377,#6378,#6379,#6380),
 .UNSPECIFIED.,.F.,.F.,(4,4),(0.086016459396616,0.093435938293934),
 .UNSPECIFIED.);
#106=B_SPLINE_CURVE_WITH_KNOTS('',3,(#6388,#6389,#6390,#6391,#6392,#6393),
 .UNSPECIFIED.,.F.,.F.,(4,2,4),(-0.0233348659553358,-0.0212368806783501,
-0.0206367746440358),.UNSPECIFIED.);
#107=B_SPLINE_CURVE_WITH_KNOTS('',3,(#6399,#6400,#6401,#6402,#6403,#6404),
 .UNSPECIFIED.,.F.,.F.,(4,2,4),(0.0203247538343534,0.022711446226399,0.0311654249934874),
 .UNSPECIFIED.);
#108=B_SPLINE_SURFACE_WITH_KNOTS('',3,3,((#5908,#5909,#5910,#5911,#5912),
(#5913,#5914,#5915,#5916,#5917),(#5918,#5919,#5920,#5921,#5922),(#5923,
#5924,#5925,#5926,#5927)),.UNSPECIFIED.,.F.,.F.,.F.,(4,4),(4,1,4),(0.,1.),
(3.05377401730479,3.14159265358979,3.22941128987479),.UNSPECIFIED.);
#109=B_SPLINE_SURFACE_WITH_KNOTS('',3,3,((#5962,#5963,#5964,#5965,#5966),
(#5967,#5968,#5969,#5970,#5971),(#5972,#5973,#5974,#5975,#5976),(#5977,
#5978,#5979,#5980,#5981)),.UNSPECIFIED.,.F.,.F.,.F.,(4,4),(4,1,4),(0.,1.),
(3.05377401730479,3.14159265358979,3.22941128987479),.UNSPECIFIED.);
#110=ELLIPSE('',#4181,0.707106781186546,0.5);
#111=ELLIPSE('',#4185,0.707106781186549,0.500000000000001);
#112=PLANE('',#4163);
#113=PLANE('',#4164);
#114=PLANE('',#4168);
#115=PLANE('',#4169);
#116=PLANE('',#4173);
#117=PLANE('',#4174);
#118=PLANE('',#4178);
#119=PLANE('',#4179);
#120=PLANE('',#4180);
#121=PLANE('',#4182);
#122=PLANE('',#4183);
#123=PLANE('',#4184);
#124=PLANE('',#4186);
#125=PLANE('',#4192);
#126=PLANE('',#4193);
#127=PLANE('',#4194);
#128=PLANE('',#4195);
#129=PLANE('',#4196);
#130=PLANE('',#4197);
#131=PLANE('',#4198);
#132=PLANE('',#4199);
#133=PLANE('',#4200);
#134=PLANE('',#4201);
#135=PLANE('',#4202);
#136=PLANE('',#4203);
#137=PLANE('',#4209);
#138=PLANE('',#4214);
#139=PLANE('',#4215);
#140=PLANE('',#4216);
#141=PLANE('',#4217);
#142=PLANE('',#4218);
#143=PLANE('',#4219);
#144=PLANE('',#4222);
#145=PLANE('',#4229);
#146=PLANE('',#4236);
#147=PLANE('',#4240);
#148=PLANE('',#4244);
#149=PLANE('',#4254);
#150=PLANE('',#4258);
#151=PLANE('',#4262);
#152=PLANE('',#4275);
#153=PLANE('',#4279);
#154=PLANE('',#4286);
#155=PLANE('',#4296);
#156=PLANE('',#4309);
#157=PLANE('',#4313);
#158=PLANE('',#4317);
#159=PLANE('',#4327);
#160=PLANE('',#4331);
#161=PLANE('',#4335);
#162=PLANE('',#4342);
#163=PLANE('',#4355);
#164=PLANE('',#4359);
#165=PLANE('',#4360);
#166=PLANE('',#4364);
#167=PLANE('',#4374);
#168=PLANE('',#4380);
#169=PLANE('',#4407);
#170=PLANE('',#4418);
#171=PLANE('',#4424);
#172=PLANE('',#4433);
#173=PLANE('',#4439);
#174=PLANE('',#4443);
#175=PLANE('',#4446);
#176=PLANE('',#4447);
#177=PLANE('',#4448);
#178=PLANE('',#4449);
#179=PLANE('',#4450);
#180=PLANE('',#4451);
#181=PLANE('',#4452);
#182=PLANE('',#4453);
#183=PLANE('',#4454);
#184=PLANE('',#4455);
#185=PLANE('',#4456);
#186=PLANE('',#4457);
#187=PLANE('',#4458);
#188=PLANE('',#4465);
#189=PLANE('',#4469);
#190=PLANE('',#4485);
#191=PLANE('',#4489);
#192=PLANE('',#4497);
#193=PLANE('',#4498);
#194=PLANE('',#4500);
#195=PLANE('',#4501);
#196=PLANE('',#4502);
#197=PLANE('',#4503);
#198=PLANE('',#4504);
#199=PLANE('',#4505);
#200=PLANE('',#4506);
#201=PLANE('',#4507);
#202=PLANE('',#4508);
#203=PLANE('',#4509);
#204=PLANE('',#4510);
#205=PLANE('',#4511);
#206=PLANE('',#4515);
#207=PLANE('',#4518);
#208=PLANE('',#4521);
#209=PLANE('',#4522);
#210=PLANE('',#4523);
#211=PLANE('',#4524);
#212=PLANE('',#4553);
#213=PLANE('',#4557);
#214=PLANE('',#4558);
#215=PLANE('',#4559);
#216=PLANE('',#4560);
#217=PLANE('',#4561);
#218=PLANE('',#4562);
#219=PLANE('',#4563);
#220=PLANE('',#4564);
#221=PLANE('',#4565);
#222=PLANE('',#4566);
#223=PLANE('',#4567);
#224=PLANE('',#4568);
#225=PLANE('',#4569);
#226=PLANE('',#4570);
#227=PLANE('',#4571);
#228=PLANE('',#4576);
#229=PLANE('',#4577);
#230=PLANE('',#4582);
#231=PLANE('',#4583);
#232=FACE_OUTER_BOUND('',#444,.T.);
#233=FACE_OUTER_BOUND('',#445,.T.);
#234=FACE_OUTER_BOUND('',#446,.T.);
#235=FACE_OUTER_BOUND('',#447,.T.);
#236=FACE_OUTER_BOUND('',#448,.T.);
#237=FACE_OUTER_BOUND('',#449,.T.);
#238=FACE_OUTER_BOUND('',#450,.T.);
#239=FACE_OUTER_BOUND('',#451,.T.);
#240=FACE_OUTER_BOUND('',#452,.T.);
#241=FACE_OUTER_BOUND('',#453,.T.);
#242=FACE_OUTER_BOUND('',#454,.T.);
#243=FACE_OUTER_BOUND('',#455,.T.);
#244=FACE_OUTER_BOUND('',#456,.T.);
#245=FACE_OUTER_BOUND('',#457,.T.);
#246=FACE_OUTER_BOUND('',#458,.T.);
#247=FACE_OUTER_BOUND('',#459,.T.);
#248=FACE_OUTER_BOUND('',#460,.T.);
#249=FACE_OUTER_BOUND('',#461,.T.);
#250=FACE_OUTER_BOUND('',#462,.T.);
#251=FACE_OUTER_BOUND('',#463,.T.);
#252=FACE_OUTER_BOUND('',#464,.T.);
#253=FACE_OUTER_BOUND('',#465,.T.);
#254=FACE_OUTER_BOUND('',#466,.T.);
#255=FACE_OUTER_BOUND('',#467,.T.);
#256=FACE_OUTER_BOUND('',#468,.T.);
#257=FACE_OUTER_BOUND('',#469,.T.);
#258=FACE_OUTER_BOUND('',#470,.T.);
#259=FACE_OUTER_BOUND('',#471,.T.);
#260=FACE_OUTER_BOUND('',#472,.T.);
#261=FACE_OUTER_BOUND('',#473,.T.);
#262=FACE_OUTER_BOUND('',#474,.T.);
#263=FACE_OUTER_BOUND('',#475,.T.);
#264=FACE_OUTER_BOUND('',#476,.T.);
#265=FACE_OUTER_BOUND('',#477,.T.);
#266=FACE_OUTER_BOUND('',#478,.T.);
#267=FACE_OUTER_BOUND('',#479,.T.);
#268=FACE_OUTER_BOUND('',#480,.T.);
#269=FACE_OUTER_BOUND('',#481,.T.);
#270=FACE_OUTER_BOUND('',#482,.T.);
#271=FACE_OUTER_BOUND('',#483,.T.);
#272=FACE_OUTER_BOUND('',#484,.T.);
#273=FACE_OUTER_BOUND('',#485,.T.);
#274=FACE_OUTER_BOUND('',#486,.T.);
#275=FACE_OUTER_BOUND('',#487,.T.);
#276=FACE_OUTER_BOUND('',#488,.T.);
#277=FACE_OUTER_BOUND('',#489,.T.);
#278=FACE_OUTER_BOUND('',#490,.T.);
#279=FACE_OUTER_BOUND('',#491,.T.);
#280=FACE_OUTER_BOUND('',#492,.T.);
#281=FACE_OUTER_BOUND('',#493,.T.);
#282=FACE_OUTER_BOUND('',#494,.T.);
#283=FACE_OUTER_BOUND('',#495,.T.);
#284=FACE_OUTER_BOUND('',#496,.T.);
#285=FACE_OUTER_BOUND('',#497,.T.);
#286=FACE_OUTER_BOUND('',#498,.T.);
#287=FACE_OUTER_BOUND('',#499,.T.);
#288=FACE_OUTER_BOUND('',#500,.T.);
#289=FACE_OUTER_BOUND('',#501,.T.);
#290=FACE_OUTER_BOUND('',#502,.T.);
#291=FACE_OUTER_BOUND('',#503,.T.);
#292=FACE_OUTER_BOUND('',#504,.T.);
#293=FACE_OUTER_BOUND('',#505,.T.);
#294=FACE_OUTER_BOUND('',#506,.T.);
#295=FACE_OUTER_BOUND('',#507,.T.);
#296=FACE_OUTER_BOUND('',#508,.T.);
#297=FACE_OUTER_BOUND('',#509,.T.);
#298=FACE_OUTER_BOUND('',#510,.T.);
#299=FACE_OUTER_BOUND('',#511,.T.);
#300=FACE_OUTER_BOUND('',#512,.T.);
#301=FACE_OUTER_BOUND('',#513,.T.);
#302=FACE_OUTER_BOUND('',#514,.T.);
#303=FACE_OUTER_BOUND('',#515,.T.);
#304=FACE_OUTER_BOUND('',#516,.T.);
#305=FACE_OUTER_BOUND('',#517,.T.);
#306=FACE_OUTER_BOUND('',#518,.T.);
#307=FACE_OUTER_BOUND('',#519,.T.);
#308=FACE_OUTER_BOUND('',#520,.T.);
#309=FACE_OUTER_BOUND('',#521,.T.);
#310=FACE_OUTER_BOUND('',#522,.T.);
#311=FACE_OUTER_BOUND('',#523,.T.);
#312=FACE_OUTER_BOUND('',#524,.T.);
#313=FACE_OUTER_BOUND('',#525,.T.);
#314=FACE_OUTER_BOUND('',#526,.T.);
#315=FACE_OUTER_BOUND('',#527,.T.);
#316=FACE_OUTER_BOUND('',#528,.T.);
#317=FACE_OUTER_BOUND('',#529,.T.);
#318=FACE_OUTER_BOUND('',#530,.T.);
#319=FACE_OUTER_BOUND('',#531,.T.);
#320=FACE_OUTER_BOUND('',#532,.T.);
#321=FACE_OUTER_BOUND('',#533,.T.);
#322=FACE_OUTER_BOUND('',#534,.T.);
#323=FACE_OUTER_BOUND('',#535,.T.);
#324=FACE_OUTER_BOUND('',#536,.T.);
#325=FACE_OUTER_BOUND('',#537,.T.);
#326=FACE_OUTER_BOUND('',#538,.T.);
#327=FACE_OUTER_BOUND('',#539,.T.);
#328=FACE_OUTER_BOUND('',#540,.T.);
#329=FACE_OUTER_BOUND('',#541,.T.);
#330=FACE_OUTER_BOUND('',#542,.T.);
#331=FACE_OUTER_BOUND('',#543,.T.);
#332=FACE_OUTER_BOUND('',#544,.T.);
#333=FACE_OUTER_BOUND('',#545,.T.);
#334=FACE_OUTER_BOUND('',#546,.T.);
#335=FACE_OUTER_BOUND('',#547,.T.);
#336=FACE_OUTER_BOUND('',#548,.T.);
#337=FACE_OUTER_BOUND('',#549,.T.);
#338=FACE_OUTER_BOUND('',#550,.T.);
#339=FACE_OUTER_BOUND('',#551,.T.);
#340=FACE_OUTER_BOUND('',#552,.T.);
#341=FACE_OUTER_BOUND('',#553,.T.);
#342=FACE_OUTER_BOUND('',#554,.T.);
#343=FACE_OUTER_BOUND('',#555,.T.);
#344=FACE_OUTER_BOUND('',#557,.T.);
#345=FACE_OUTER_BOUND('',#558,.T.);
#346=FACE_OUTER_BOUND('',#559,.T.);
#347=FACE_OUTER_BOUND('',#560,.T.);
#348=FACE_OUTER_BOUND('',#561,.T.);
#349=FACE_OUTER_BOUND('',#562,.T.);
#350=FACE_OUTER_BOUND('',#563,.T.);
#351=FACE_OUTER_BOUND('',#564,.T.);
#352=FACE_OUTER_BOUND('',#565,.T.);
#353=FACE_OUTER_BOUND('',#566,.T.);
#354=FACE_OUTER_BOUND('',#568,.T.);
#355=FACE_OUTER_BOUND('',#569,.T.);
#356=FACE_OUTER_BOUND('',#570,.T.);
#357=FACE_OUTER_BOUND('',#572,.T.);
#358=FACE_OUTER_BOUND('',#573,.T.);
#359=FACE_OUTER_BOUND('',#575,.T.);
#360=FACE_OUTER_BOUND('',#576,.T.);
#361=FACE_OUTER_BOUND('',#577,.T.);
#362=FACE_OUTER_BOUND('',#578,.T.);
#363=FACE_OUTER_BOUND('',#579,.T.);
#364=FACE_OUTER_BOUND('',#580,.T.);
#365=FACE_OUTER_BOUND('',#581,.T.);
#366=FACE_OUTER_BOUND('',#582,.T.);
#367=FACE_OUTER_BOUND('',#583,.T.);
#368=FACE_OUTER_BOUND('',#584,.T.);
#369=FACE_OUTER_BOUND('',#585,.T.);
#370=FACE_OUTER_BOUND('',#586,.T.);
#371=FACE_OUTER_BOUND('',#587,.T.);
#372=FACE_OUTER_BOUND('',#588,.T.);
#373=FACE_OUTER_BOUND('',#589,.T.);
#374=FACE_OUTER_BOUND('',#590,.T.);
#375=FACE_OUTER_BOUND('',#591,.T.);
#376=FACE_OUTER_BOUND('',#592,.T.);
#377=FACE_OUTER_BOUND('',#593,.T.);
#378=FACE_OUTER_BOUND('',#594,.T.);
#379=FACE_OUTER_BOUND('',#595,.T.);
#380=FACE_OUTER_BOUND('',#596,.T.);
#381=FACE_OUTER_BOUND('',#597,.T.);
#382=FACE_OUTER_BOUND('',#598,.T.);
#383=FACE_OUTER_BOUND('',#599,.T.);
#384=FACE_OUTER_BOUND('',#600,.T.);
#385=FACE_OUTER_BOUND('',#601,.T.);
#386=FACE_OUTER_BOUND('',#602,.T.);
#387=FACE_OUTER_BOUND('',#603,.T.);
#388=FACE_OUTER_BOUND('',#604,.T.);
#389=FACE_OUTER_BOUND('',#605,.T.);
#390=FACE_OUTER_BOUND('',#606,.T.);
#391=FACE_OUTER_BOUND('',#607,.T.);
#392=FACE_OUTER_BOUND('',#608,.T.);
#393=FACE_OUTER_BOUND('',#609,.T.);
#394=FACE_OUTER_BOUND('',#610,.T.);
#395=FACE_OUTER_BOUND('',#611,.T.);
#396=FACE_OUTER_BOUND('',#612,.T.);
#397=FACE_OUTER_BOUND('',#613,.T.);
#398=FACE_OUTER_BOUND('',#615,.T.);
#399=FACE_OUTER_BOUND('',#619,.T.);
#400=FACE_OUTER_BOUND('',#620,.T.);
#401=FACE_OUTER_BOUND('',#621,.T.);
#402=FACE_OUTER_BOUND('',#622,.T.);
#403=FACE_OUTER_BOUND('',#623,.T.);
#404=FACE_OUTER_BOUND('',#624,.T.);
#405=FACE_OUTER_BOUND('',#625,.T.);
#406=FACE_OUTER_BOUND('',#626,.T.);
#407=FACE_OUTER_BOUND('',#627,.T.);
#408=FACE_OUTER_BOUND('',#628,.T.);
#409=FACE_OUTER_BOUND('',#629,.T.);
#410=FACE_OUTER_BOUND('',#630,.T.);
#411=FACE_OUTER_BOUND('',#631,.T.);
#412=FACE_OUTER_BOUND('',#632,.T.);
#413=FACE_OUTER_BOUND('',#633,.T.);
#414=FACE_OUTER_BOUND('',#634,.T.);
#415=FACE_OUTER_BOUND('',#635,.T.);
#416=FACE_OUTER_BOUND('',#636,.T.);
#417=FACE_OUTER_BOUND('',#637,.T.);
#418=FACE_OUTER_BOUND('',#638,.T.);
#419=FACE_OUTER_BOUND('',#639,.T.);
#420=FACE_OUTER_BOUND('',#640,.T.);
#421=FACE_OUTER_BOUND('',#641,.T.);
#422=FACE_OUTER_BOUND('',#643,.T.);
#423=FACE_OUTER_BOUND('',#644,.T.);
#424=FACE_OUTER_BOUND('',#646,.T.);
#425=FACE_OUTER_BOUND('',#647,.T.);
#426=FACE_OUTER_BOUND('',#648,.T.);
#427=FACE_OUTER_BOUND('',#649,.T.);
#428=FACE_OUTER_BOUND('',#650,.T.);
#429=FACE_OUTER_BOUND('',#651,.T.);
#430=FACE_OUTER_BOUND('',#652,.T.);
#431=FACE_OUTER_BOUND('',#653,.T.);
#432=FACE_OUTER_BOUND('',#654,.T.);
#433=FACE_OUTER_BOUND('',#655,.T.);
#434=FACE_OUTER_BOUND('',#656,.T.);
#435=FACE_OUTER_BOUND('',#657,.T.);
#436=FACE_OUTER_BOUND('',#658,.T.);
#437=FACE_OUTER_BOUND('',#659,.T.);
#438=FACE_OUTER_BOUND('',#660,.T.);
#439=FACE_OUTER_BOUND('',#661,.T.);
#440=FACE_OUTER_BOUND('',#662,.T.);
#441=FACE_OUTER_BOUND('',#663,.T.);
#442=FACE_OUTER_BOUND('',#664,.T.);
#443=FACE_OUTER_BOUND('',#665,.T.);
#444=EDGE_LOOP('',(#2532,#2533,#2534,#2535));
#445=EDGE_LOOP('',(#2536,#2537,#2538,#2539,#2540));
#446=EDGE_LOOP('',(#2541,#2542,#2543,#2544,#2545));
#447=EDGE_LOOP('',(#2546,#2547,#2548,#2549));
#448=EDGE_LOOP('',(#2550,#2551,#2552,#2553,#2554));
#449=EDGE_LOOP('',(#2555,#2556,#2557,#2558,#2559));
#450=EDGE_LOOP('',(#2560,#2561,#2562,#2563));
#451=EDGE_LOOP('',(#2564,#2565,#2566,#2567));
#452=EDGE_LOOP('',(#2568,#2569,#2570,#2571,#2572));
#453=EDGE_LOOP('',(#2573,#2574,#2575,#2576));
#454=EDGE_LOOP('',(#2577,#2578,#2579,#2580));
#455=EDGE_LOOP('',(#2581,#2582,#2583,#2584,#2585));
#456=EDGE_LOOP('',(#2586,#2587,#2588,#2589));
#457=EDGE_LOOP('',(#2590,#2591,#2592,#2593));
#458=EDGE_LOOP('',(#2594,#2595,#2596,#2597));
#459=EDGE_LOOP('',(#2598,#2599,#2600,#2601));
#460=EDGE_LOOP('',(#2602,#2603,#2604,#2605));
#461=EDGE_LOOP('',(#2606,#2607,#2608,#2609));
#462=EDGE_LOOP('',(#2610,#2611,#2612,#2613,#2614,#2615,#2616,#2617,#2618,
#2619,#2620,#2621,#2622,#2623,#2624,#2625,#2626,#2627,#2628));
#463=EDGE_LOOP('',(#2629,#2630,#2631,#2632));
#464=EDGE_LOOP('',(#2633,#2634,#2635,#2636,#2637));
#465=EDGE_LOOP('',(#2638,#2639,#2640,#2641,#2642));
#466=EDGE_LOOP('',(#2643,#2644,#2645,#2646));
#467=EDGE_LOOP('',(#2647,#2648,#2649,#2650,#2651));
#468=EDGE_LOOP('',(#2652,#2653,#2654,#2655,#2656));
#469=EDGE_LOOP('',(#2657,#2658,#2659,#2660,#2661));
#470=EDGE_LOOP('',(#2662,#2663,#2664,#2665,#2666));
#471=EDGE_LOOP('',(#2667,#2668,#2669,#2670,#2671));
#472=EDGE_LOOP('',(#2672,#2673,#2674,#2675,#2676));
#473=EDGE_LOOP('',(#2677,#2678,#2679,#2680,#2681));
#474=EDGE_LOOP('',(#2682,#2683,#2684,#2685,#2686));
#475=EDGE_LOOP('',(#2687,#2688,#2689,#2690));
#476=EDGE_LOOP('',(#2691,#2692,#2693,#2694));
#477=EDGE_LOOP('',(#2695,#2696,#2697,#2698));
#478=EDGE_LOOP('',(#2699,#2700,#2701,#2702));
#479=EDGE_LOOP('',(#2703,#2704,#2705,#2706));
#480=EDGE_LOOP('',(#2707,#2708,#2709,#2710,#2711));
#481=EDGE_LOOP('',(#2712,#2713,#2714,#2715));
#482=EDGE_LOOP('',(#2716,#2717,#2718,#2719));
#483=EDGE_LOOP('',(#2720,#2721,#2722,#2723));
#484=EDGE_LOOP('',(#2724,#2725,#2726,#2727));
#485=EDGE_LOOP('',(#2728,#2729,#2730,#2731));
#486=EDGE_LOOP('',(#2732,#2733,#2734,#2735,#2736));
#487=EDGE_LOOP('',(#2737,#2738,#2739,#2740));
#488=EDGE_LOOP('',(#2741,#2742,#2743,#2744));
#489=EDGE_LOOP('',(#2745,#2746,#2747,#2748));
#490=EDGE_LOOP('',(#2749,#2750,#2751,#2752));
#491=EDGE_LOOP('',(#2753,#2754,#2755,#2756));
#492=EDGE_LOOP('',(#2757,#2758,#2759,#2760));
#493=EDGE_LOOP('',(#2761,#2762,#2763,#2764));
#494=EDGE_LOOP('',(#2765,#2766,#2767,#2768));
#495=EDGE_LOOP('',(#2769,#2770,#2771,#2772));
#496=EDGE_LOOP('',(#2773,#2774,#2775,#2776));
#497=EDGE_LOOP('',(#2777,#2778,#2779,#2780));
#498=EDGE_LOOP('',(#2781,#2782,#2783,#2784));
#499=EDGE_LOOP('',(#2785,#2786,#2787,#2788));
#500=EDGE_LOOP('',(#2789,#2790,#2791,#2792));
#501=EDGE_LOOP('',(#2793,#2794,#2795,#2796));
#502=EDGE_LOOP('',(#2797,#2798,#2799,#2800));
#503=EDGE_LOOP('',(#2801,#2802,#2803,#2804));
#504=EDGE_LOOP('',(#2805,#2806,#2807,#2808));
#505=EDGE_LOOP('',(#2809,#2810,#2811,#2812));
#506=EDGE_LOOP('',(#2813,#2814,#2815,#2816));
#507=EDGE_LOOP('',(#2817,#2818,#2819,#2820));
#508=EDGE_LOOP('',(#2821,#2822,#2823,#2824));
#509=EDGE_LOOP('',(#2825,#2826,#2827,#2828));
#510=EDGE_LOOP('',(#2829,#2830,#2831,#2832));
#511=EDGE_LOOP('',(#2833,#2834,#2835,#2836));
#512=EDGE_LOOP('',(#2837,#2838,#2839,#2840));
#513=EDGE_LOOP('',(#2841,#2842,#2843,#2844,#2845,#2846,#2847,#2848,#2849,
#2850));
#514=EDGE_LOOP('',(#2851,#2852,#2853,#2854,#2855,#2856));
#515=EDGE_LOOP('',(#2857,#2858,#2859,#2860,#2861,#2862));
#516=EDGE_LOOP('',(#2863,#2864,#2865,#2866,#2867,#2868,#2869,#2870,#2871,
#2872));
#517=EDGE_LOOP('',(#2873,#2874,#2875,#2876));
#518=EDGE_LOOP('',(#2877,#2878,#2879,#2880));
#519=EDGE_LOOP('',(#2881,#2882,#2883,#2884));
#520=EDGE_LOOP('',(#2885,#2886,#2887,#2888));
#521=EDGE_LOOP('',(#2889,#2890,#2891,#2892));
#522=EDGE_LOOP('',(#2893,#2894,#2895,#2896));
#523=EDGE_LOOP('',(#2897,#2898,#2899,#2900));
#524=EDGE_LOOP('',(#2901,#2902,#2903,#2904));
#525=EDGE_LOOP('',(#2905,#2906,#2907,#2908));
#526=EDGE_LOOP('',(#2909,#2910,#2911,#2912));
#527=EDGE_LOOP('',(#2913,#2914,#2915,#2916));
#528=EDGE_LOOP('',(#2917,#2918,#2919,#2920));
#529=EDGE_LOOP('',(#2921,#2922,#2923,#2924));
#530=EDGE_LOOP('',(#2925,#2926,#2927,#2928));
#531=EDGE_LOOP('',(#2929,#2930,#2931,#2932));
#532=EDGE_LOOP('',(#2933,#2934,#2935,#2936));
#533=EDGE_LOOP('',(#2937,#2938,#2939,#2940));
#534=EDGE_LOOP('',(#2941,#2942,#2943,#2944));
#535=EDGE_LOOP('',(#2945,#2946,#2947,#2948));
#536=EDGE_LOOP('',(#2949,#2950,#2951,#2952));
#537=EDGE_LOOP('',(#2953,#2954,#2955,#2956));
#538=EDGE_LOOP('',(#2957,#2958,#2959,#2960));
#539=EDGE_LOOP('',(#2961,#2962,#2963,#2964));
#540=EDGE_LOOP('',(#2965,#2966,#2967,#2968));
#541=EDGE_LOOP('',(#2969,#2970,#2971,#2972));
#542=EDGE_LOOP('',(#2973,#2974,#2975,#2976));
#543=EDGE_LOOP('',(#2977,#2978,#2979,#2980));
#544=EDGE_LOOP('',(#2981,#2982,#2983,#2984));
#545=EDGE_LOOP('',(#2985,#2986,#2987,#2988));
#546=EDGE_LOOP('',(#2989,#2990,#2991,#2992));
#547=EDGE_LOOP('',(#2993,#2994,#2995,#2996));
#548=EDGE_LOOP('',(#2997,#2998,#2999,#3000));
#549=EDGE_LOOP('',(#3001,#3002,#3003,#3004));
#550=EDGE_LOOP('',(#3005,#3006,#3007,#3008));
#551=EDGE_LOOP('',(#3009,#3010,#3011,#3012));
#552=EDGE_LOOP('',(#3013,#3014,#3015,#3016));
#553=EDGE_LOOP('',(#3017,#3018,#3019,#3020));
#554=EDGE_LOOP('',(#3021,#3022,#3023,#3024,#3025,#3026,#3027,#3028,#3029,
#3030,#3031,#3032,#3033,#3034,#3035,#3036,#3037,#3038,#3039,#3040,#3041,
#3042,#3043,#3044,#3045,#3046,#3047,#3048,#3049,#3050,#3051,#3052,#3053,
#3054,#3055,#3056,#3057,#3058,#3059,#3060,#3061,#3062,#3063,#3064,#3065,
#3066,#3067,#3068,#3069,#3070,#3071,#3072,#3073,#3074,#3075,#3076,#3077,
#3078,#3079,#3080,#3081,#3082,#3083,#3084,#3085,#3086,#3087));
#555=EDGE_LOOP('',(#3088,#3089,#3090,#3091,#3092,#3093,#3094,#3095,#3096,
#3097,#3098,#3099,#3100,#3101,#3102,#3103,#3104,#3105,#3106,#3107,#3108,
#3109,#3110,#3111,#3112,#3113,#3114,#3115,#3116,#3117));
#556=EDGE_LOOP('',(#3118,#3119));
#557=EDGE_LOOP('',(#3120,#3121,#3122,#3123));
#558=EDGE_LOOP('',(#3124,#3125,#3126,#3127));
#559=EDGE_LOOP('',(#3128,#3129,#3130,#3131));
#560=EDGE_LOOP('',(#3132,#3133,#3134,#3135));
#561=EDGE_LOOP('',(#3136,#3137,#3138,#3139));
#562=EDGE_LOOP('',(#3140,#3141,#3142,#3143));
#563=EDGE_LOOP('',(#3144,#3145,#3146,#3147,#3148,#3149,#3150));
#564=EDGE_LOOP('',(#3151,#3152,#3153,#3154,#3155,#3156,#3157));
#565=EDGE_LOOP('',(#3158,#3159,#3160,#3161,#3162,#3163));
#566=EDGE_LOOP('',(#3164,#3165));
#567=EDGE_LOOP('',(#3166,#3167));
#568=EDGE_LOOP('',(#3168,#3169,#3170,#3171,#3172,#3173,#3174));
#569=EDGE_LOOP('',(#3175,#3176,#3177,#3178,#3179,#3180,#3181));
#570=EDGE_LOOP('',(#3182,#3183));
#571=EDGE_LOOP('',(#3184,#3185));
#572=EDGE_LOOP('',(#3186,#3187,#3188,#3189,#3190,#3191));
#573=EDGE_LOOP('',(#3192,#3193,#3194,#3195,#3196,#3197,#3198,#3199,#3200,
#3201,#3202,#3203,#3204));
#574=EDGE_LOOP('',(#3205,#3206));
#575=EDGE_LOOP('',(#3207,#3208,#3209,#3210));
#576=EDGE_LOOP('',(#3211,#3212,#3213,#3214,#3215,#3216));
#577=EDGE_LOOP('',(#3217,#3218,#3219,#3220));
#578=EDGE_LOOP('',(#3221,#3222,#3223,#3224));
#579=EDGE_LOOP('',(#3225,#3226,#3227,#3228,#3229,#3230,#3231,#3232,#3233,
#3234,#3235,#3236,#3237,#3238,#3239,#3240,#3241,#3242,#3243,#3244,#3245,
#3246,#3247,#3248,#3249,#3250,#3251,#3252,#3253,#3254,#3255,#3256,#3257,
#3258,#3259,#3260,#3261,#3262,#3263,#3264,#3265,#3266,#3267,#3268,#3269,
#3270,#3271,#3272,#3273,#3274,#3275,#3276,#3277,#3278,#3279,#3280,#3281,
#3282,#3283,#3284,#3285,#3286,#3287,#3288,#3289,#3290,#3291));
#580=EDGE_LOOP('',(#3292,#3293,#3294,#3295));
#581=EDGE_LOOP('',(#3296,#3297,#3298,#3299,#3300,#3301,#3302,#3303));
#582=EDGE_LOOP('',(#3304,#3305,#3306,#3307,#3308,#3309));
#583=EDGE_LOOP('',(#3310,#3311,#3312,#3313));
#584=EDGE_LOOP('',(#3314,#3315,#3316,#3317,#3318,#3319));
#585=EDGE_LOOP('',(#3320,#3321,#3322,#3323));
#586=EDGE_LOOP('',(#3324,#3325,#3326,#3327));
#587=EDGE_LOOP('',(#3328,#3329,#3330,#3331));
#588=EDGE_LOOP('',(#3332,#3333,#3334,#3335));
#589=EDGE_LOOP('',(#3336,#3337,#3338,#3339));
#590=EDGE_LOOP('',(#3340,#3341,#3342,#3343));
#591=EDGE_LOOP('',(#3344,#3345,#3346,#3347));
#592=EDGE_LOOP('',(#3348,#3349,#3350,#3351));
#593=EDGE_LOOP('',(#3352,#3353,#3354,#3355));
#594=EDGE_LOOP('',(#3356,#3357,#3358,#3359));
#595=EDGE_LOOP('',(#3360,#3361,#3362,#3363));
#596=EDGE_LOOP('',(#3364,#3365,#3366,#3367));
#597=EDGE_LOOP('',(#3368,#3369,#3370,#3371));
#598=EDGE_LOOP('',(#3372,#3373,#3374,#3375));
#599=EDGE_LOOP('',(#3376,#3377,#3378,#3379));
#600=EDGE_LOOP('',(#3380,#3381,#3382,#3383));
#601=EDGE_LOOP('',(#3384,#3385,#3386,#3387));
#602=EDGE_LOOP('',(#3388,#3389,#3390,#3391));
#603=EDGE_LOOP('',(#3392,#3393,#3394,#3395));
#604=EDGE_LOOP('',(#3396,#3397,#3398,#3399));
#605=EDGE_LOOP('',(#3400,#3401,#3402,#3403));
#606=EDGE_LOOP('',(#3404,#3405,#3406,#3407));
#607=EDGE_LOOP('',(#3408,#3409,#3410,#3411));
#608=EDGE_LOOP('',(#3412,#3413,#3414,#3415));
#609=EDGE_LOOP('',(#3416,#3417,#3418,#3419));
#610=EDGE_LOOP('',(#3420,#3421,#3422,#3423));
#611=EDGE_LOOP('',(#3424,#3425,#3426,#3427));
#612=EDGE_LOOP('',(#3428,#3429,#3430,#3431));
#613=EDGE_LOOP('',(#3432,#3433,#3434,#3435,#3436,#3437,#3438,#3439,#3440,
#3441,#3442,#3443,#3444,#3445,#3446,#3447,#3448,#3449));
#614=EDGE_LOOP('',(#3450));
#615=EDGE_LOOP('',(#3451,#3452,#3453,#3454,#3455,#3456,#3457,#3458,#3459,
#3460,#3461,#3462,#3463,#3464,#3465,#3466,#3467,#3468));
#616=EDGE_LOOP('',(#3469,#3470,#3471,#3472));
#617=EDGE_LOOP('',(#3473,#3474,#3475,#3476));
#618=EDGE_LOOP('',(#3477));
#619=EDGE_LOOP('',(#3478,#3479,#3480,#3481));
#620=EDGE_LOOP('',(#3482,#3483,#3484,#3485));
#621=EDGE_LOOP('',(#3486,#3487,#3488,#3489));
#622=EDGE_LOOP('',(#3490,#3491,#3492,#3493));
#623=EDGE_LOOP('',(#3494,#3495,#3496,#3497));
#624=EDGE_LOOP('',(#3498,#3499,#3500,#3501));
#625=EDGE_LOOP('',(#3502,#3503,#3504,#3505));
#626=EDGE_LOOP('',(#3506,#3507,#3508,#3509));
#627=EDGE_LOOP('',(#3510,#3511,#3512,#3513));
#628=EDGE_LOOP('',(#3514,#3515,#3516,#3517));
#629=EDGE_LOOP('',(#3518,#3519,#3520,#3521));
#630=EDGE_LOOP('',(#3522,#3523,#3524,#3525));
#631=EDGE_LOOP('',(#3526,#3527,#3528,#3529));
#632=EDGE_LOOP('',(#3530,#3531,#3532,#3533));
#633=EDGE_LOOP('',(#3534,#3535,#3536,#3537));
#634=EDGE_LOOP('',(#3538,#3539,#3540,#3541));
#635=EDGE_LOOP('',(#3542,#3543,#3544,#3545));
#636=EDGE_LOOP('',(#3546,#3547,#3548,#3549));
#637=EDGE_LOOP('',(#3550,#3551,#3552,#3553,#3554,#3555,#3556,#3557,#3558,
#3559,#3560,#3561,#3562,#3563,#3564,#3565,#3566,#3567,#3568,#3569,#3570,
#3571,#3572,#3573));
#638=EDGE_LOOP('',(#3574,#3575,#3576,#3577));
#639=EDGE_LOOP('',(#3578,#3579,#3580,#3581));
#640=EDGE_LOOP('',(#3582,#3583,#3584,#3585,#3586,#3587,#3588,#3589,#3590,
#3591,#3592,#3593,#3594,#3595,#3596,#3597,#3598,#3599,#3600,#3601,#3602,
#3603,#3604,#3605));
#641=EDGE_LOOP('',(#3606));
#642=EDGE_LOOP('',(#3607));
#643=EDGE_LOOP('',(#3608,#3609,#3610,#3611));
#644=EDGE_LOOP('',(#3612));
#645=EDGE_LOOP('',(#3613));
#646=EDGE_LOOP('',(#3614,#3615,#3616,#3617));
#647=EDGE_LOOP('',(#3618,#3619,#3620,#3621));
#648=EDGE_LOOP('',(#3622,#3623,#3624,#3625,#3626,#3627));
#649=EDGE_LOOP('',(#3628,#3629,#3630,#3631));
#650=EDGE_LOOP('',(#3632,#3633,#3634,#3635));
#651=EDGE_LOOP('',(#3636,#3637,#3638,#3639));
#652=EDGE_LOOP('',(#3640,#3641,#3642,#3643));
#653=EDGE_LOOP('',(#3644,#3645,#3646,#3647));
#654=EDGE_LOOP('',(#3648,#3649,#3650,#3651));
#655=EDGE_LOOP('',(#3652,#3653,#3654,#3655));
#656=EDGE_LOOP('',(#3656,#3657,#3658,#3659));
#657=EDGE_LOOP('',(#3660,#3661,#3662,#3663));
#658=EDGE_LOOP('',(#3664,#3665,#3666,#3667));
#659=EDGE_LOOP('',(#3668,#3669,#3670,#3671));
#660=EDGE_LOOP('',(#3672,#3673,#3674,#3675));
#661=EDGE_LOOP('',(#3676));
#662=EDGE_LOOP('',(#3677));
#663=EDGE_LOOP('',(#3678,#3679,#3680,#3681));
#664=EDGE_LOOP('',(#3682));
#665=EDGE_LOOP('',(#3683));
#666=LINE('',#5816,#1018);
#667=LINE('',#5819,#1019);
#668=LINE('',#5822,#1020);
#669=LINE('',#5824,#1021);
#670=LINE('',#5826,#1022);
#671=LINE('',#5827,#1023);
#672=LINE('',#5830,#1024);
#673=LINE('',#5832,#1025);
#674=LINE('',#5833,#1026);
#675=LINE('',#5839,#1027);
#676=LINE('',#5842,#1028);
#677=LINE('',#5845,#1029);
#678=LINE('',#5847,#1030);
#679=LINE('',#5849,#1031);
#680=LINE('',#5850,#1032);
#681=LINE('',#5853,#1033);
#682=LINE('',#5855,#1034);
#683=LINE('',#5856,#1035);
#684=LINE('',#5862,#1036);
#685=LINE('',#5865,#1037);
#686=LINE('',#5868,#1038);
#687=LINE('',#5870,#1039);
#688=LINE('',#5871,#1040);
#689=LINE('',#5874,#1041);
#690=LINE('',#5876,#1042);
#691=LINE('',#5877,#1043);
#692=LINE('',#5883,#1044);
#693=LINE('',#5886,#1045);
#694=LINE('',#5889,#1046);
#695=LINE('',#5891,#1047);
#696=LINE('',#5892,#1048);
#697=LINE('',#5895,#1049);
#698=LINE('',#5897,#1050);
#699=LINE('',#5898,#1051);
#700=LINE('',#5904,#1052);
#701=LINE('',#5906,#1053);
#702=LINE('',#5907,#1054);
#703=LINE('',#5930,#1055);
#704=LINE('',#5953,#1056);
#705=LINE('',#5954,#1057);
#706=LINE('',#5955,#1058);
#707=LINE('',#5958,#1059);
#708=LINE('',#5960,#1060);
#709=LINE('',#5961,#1061);
#710=LINE('',#5984,#1062);
#711=LINE('',#6008,#1063);
#712=LINE('',#6009,#1064);
#713=LINE('',#6016,#1065);
#714=LINE('',#6018,#1066);
#715=LINE('',#6019,#1067);
#716=LINE('',#6021,#1068);
#717=LINE('',#6022,#1069);
#718=LINE('',#6024,#1070);
#719=LINE('',#6025,#1071);
#720=LINE('',#6027,#1072);
#721=LINE('',#6032,#1073);
#722=LINE('',#6035,#1074);
#723=LINE('',#6036,#1075);
#724=LINE('',#6039,#1076);
#725=LINE('',#6040,#1077);
#726=LINE('',#6041,#1078);
#727=LINE('',#6044,#1079);
#728=LINE('',#6045,#1080);
#729=LINE('',#6048,#1081);
#730=LINE('',#6049,#1082);
#731=LINE('',#6052,#1083);
#732=LINE('',#6053,#1084);
#733=LINE('',#6057,#1085);
#734=LINE('',#6058,#1086);
#735=LINE('',#6059,#1087);
#736=LINE('',#6062,#1088);
#737=LINE('',#6064,#1089);
#738=LINE('',#6065,#1090);
#739=LINE('',#6067,#1091);
#740=LINE('',#6071,#1092);
#741=LINE('',#6072,#1093);
#742=LINE('',#6074,#1094);
#743=LINE('',#6075,#1095);
#744=LINE('',#6077,#1096);
#745=LINE('',#6078,#1097);
#746=LINE('',#6082,#1098);
#747=LINE('',#6089,#1099);
#748=LINE('',#6092,#1100);
#749=LINE('',#6094,#1101);
#750=LINE('',#6096,#1102);
#751=LINE('',#6097,#1103);
#752=LINE('',#6101,#1104);
#753=LINE('',#6105,#1105);
#754=LINE('',#6107,#1106);
#755=LINE('',#6109,#1107);
#756=LINE('',#6112,#1108);
#757=LINE('',#6113,#1109);
#758=LINE('',#6115,#1110);
#759=LINE('',#6117,#1111);
#760=LINE('',#6120,#1112);
#761=LINE('',#6121,#1113);
#762=LINE('',#6125,#1114);
#763=LINE('',#6128,#1115);
#764=LINE('',#6130,#1116);
#765=LINE('',#6131,#1117);
#766=LINE('',#6137,#1118);
#767=LINE('',#6143,#1119);
#768=LINE('',#6146,#1120);
#769=LINE('',#6149,#1121);
#770=LINE('',#6151,#1122);
#771=LINE('',#6152,#1123);
#772=LINE('',#6157,#1124);
#773=LINE('',#6164,#1125);
#774=LINE('',#6167,#1126);
#775=LINE('',#6170,#1127);
#776=LINE('',#6172,#1128);
#777=LINE('',#6173,#1129);
#778=LINE('',#6178,#1130);
#779=LINE('',#6182,#1131);
#780=LINE('',#6184,#1132);
#781=LINE('',#6185,#1133);
#782=LINE('',#6190,#1134);
#783=LINE('',#6194,#1135);
#784=LINE('',#6196,#1136);
#785=LINE('',#6197,#1137);
#786=LINE('',#6202,#1138);
#787=LINE('',#6208,#1139);
#788=LINE('',#6214,#1140);
#789=LINE('',#6218,#1141);
#790=LINE('',#6220,#1142);
#791=LINE('',#6221,#1143);
#792=LINE('',#6226,#1144);
#793=LINE('',#6230,#1145);
#794=LINE('',#6232,#1146);
#795=LINE('',#6233,#1147);
#796=LINE('',#6238,#1148);
#797=LINE('',#6242,#1149);
#798=LINE('',#6244,#1150);
#799=LINE('',#6245,#1151);
#800=LINE('',#6250,#1152);
#801=LINE('',#6256,#1153);
#802=LINE('',#6262,#1154);
#803=LINE('',#6268,#1155);
#804=LINE('',#6272,#1156);
#805=LINE('',#6274,#1157);
#806=LINE('',#6275,#1158);
#807=LINE('',#6280,#1159);
#808=LINE('',#6285,#1160);
#809=LINE('',#6296,#1161);
#810=LINE('',#6298,#1162);
#811=LINE('',#6318,#1163);
#812=LINE('',#6319,#1164);
#813=LINE('',#6369,#1165);
#814=LINE('',#6382,#1166);
#815=LINE('',#6384,#1167);
#816=LINE('',#6386,#1168);
#817=LINE('',#6405,#1169);
#818=LINE('',#6410,#1170);
#819=LINE('',#6417,#1171);
#820=LINE('',#6423,#1172);
#821=LINE('',#6426,#1173);
#822=LINE('',#6429,#1174);
#823=LINE('',#6431,#1175);
#824=LINE('',#6432,#1176);
#825=LINE('',#6437,#1177);
#826=LINE('',#6443,#1178);
#827=LINE('',#6449,#1179);
#828=LINE('',#6455,#1180);
#829=LINE('',#6459,#1181);
#830=LINE('',#6461,#1182);
#831=LINE('',#6462,#1183);
#832=LINE('',#6467,#1184);
#833=LINE('',#6471,#1185);
#834=LINE('',#6473,#1186);
#835=LINE('',#6474,#1187);
#836=LINE('',#6479,#1188);
#837=LINE('',#6483,#1189);
#838=LINE('',#6485,#1190);
#839=LINE('',#6486,#1191);
#840=LINE('',#6491,#1192);
#841=LINE('',#6497,#1193);
#842=LINE('',#6503,#1194);
#843=LINE('',#6507,#1195);
#844=LINE('',#6509,#1196);
#845=LINE('',#6510,#1197);
#846=LINE('',#6515,#1198);
#847=LINE('',#6519,#1199);
#848=LINE('',#6521,#1200);
#849=LINE('',#6522,#1201);
#850=LINE('',#6527,#1202);
#851=LINE('',#6531,#1203);
#852=LINE('',#6533,#1204);
#853=LINE('',#6534,#1205);
#854=LINE('',#6539,#1206);
#855=LINE('',#6546,#1207);
#856=LINE('',#6549,#1208);
#857=LINE('',#6552,#1209);
#858=LINE('',#6554,#1210);
#859=LINE('',#6555,#1211);
#860=LINE('',#6560,#1212);
#861=LINE('',#6566,#1213);
#862=LINE('',#6572,#1214);
#863=LINE('',#6578,#1215);
#864=LINE('',#6582,#1216);
#865=LINE('',#6584,#1217);
#866=LINE('',#6585,#1218);
#867=LINE('',#6590,#1219);
#868=LINE('',#6594,#1220);
#869=LINE('',#6596,#1221);
#870=LINE('',#6597,#1222);
#871=LINE('',#6600,#1223);
#872=LINE('',#6602,#1224);
#873=LINE('',#6603,#1225);
#874=LINE('',#6608,#1226);
#875=LINE('',#6612,#1227);
#876=LINE('',#6614,#1228);
#877=LINE('',#6615,#1229);
#878=LINE('',#6620,#1230);
#879=LINE('',#6626,#1231);
#880=LINE('',#6668,#1232);
#881=LINE('',#6671,#1233);
#882=LINE('',#6693,#1234);
#883=LINE('',#6704,#1235);
#884=LINE('',#6722,#1236);
#885=LINE('',#6725,#1237);
#886=LINE('',#6728,#1238);
#887=LINE('',#6732,#1239);
#888=LINE('',#6736,#1240);
#889=LINE('',#6739,#1241);
#890=LINE('',#6742,#1242);
#891=LINE('',#6744,#1243);
#892=LINE('',#6746,#1244);
#893=LINE('',#6747,#1245);
#894=LINE('',#6750,#1246);
#895=LINE('',#6753,#1247);
#896=LINE('',#6756,#1248);
#897=LINE('',#6758,#1249);
#898=LINE('',#6760,#1250);
#899=LINE('',#6761,#1251);
#900=LINE('',#6764,#1252);
#901=LINE('',#6766,#1253);
#902=LINE('',#6767,#1254);
#903=LINE('',#6769,#1255);
#904=LINE('',#6773,#1256);
#905=LINE('',#6775,#1257);
#906=LINE('',#6777,#1258);
#907=LINE('',#6778,#1259);
#908=LINE('',#6781,#1260);
#909=LINE('',#6783,#1261);
#910=LINE('',#6784,#1262);
#911=LINE('',#6787,#1263);
#912=LINE('',#6789,#1264);
#913=LINE('',#6790,#1265);
#914=LINE('',#6792,#1266);
#915=LINE('',#6793,#1267);
#916=LINE('',#6798,#1268);
#917=LINE('',#6800,#1269);
#918=LINE('',#6802,#1270);
#919=LINE('',#6803,#1271);
#920=LINE('',#6806,#1272);
#921=LINE('',#6808,#1273);
#922=LINE('',#6809,#1274);
#923=LINE('',#6812,#1275);
#924=LINE('',#6814,#1276);
#925=LINE('',#6815,#1277);
#926=LINE('',#6817,#1278);
#927=LINE('',#6818,#1279);
#928=LINE('',#6824,#1280);
#929=LINE('',#6831,#1281);
#930=LINE('',#6834,#1282);
#931=LINE('',#6836,#1283);
#932=LINE('',#6837,#1284);
#933=LINE('',#6843,#1285);
#934=LINE('',#6846,#1286);
#935=LINE('',#6848,#1287);
#936=LINE('',#6849,#1288);
#937=LINE('',#6855,#1289);
#938=LINE('',#6861,#1290);
#939=LINE('',#6867,#1291);
#940=LINE('',#6873,#1292);
#941=LINE('',#6879,#1293);
#942=LINE('',#6882,#1294);
#943=LINE('',#6884,#1295);
#944=LINE('',#6885,#1296);
#945=LINE('',#6891,#1297);
#946=LINE('',#6894,#1298);
#947=LINE('',#6896,#1299);
#948=LINE('',#6897,#1300);
#949=LINE('',#6911,#1301);
#950=LINE('',#6913,#1302);
#951=LINE('',#6915,#1303);
#952=LINE('',#6916,#1304);
#953=LINE('',#6919,#1305);
#954=LINE('',#6921,#1306);
#955=LINE('',#6922,#1307);
#956=LINE('',#6925,#1308);
#957=LINE('',#6927,#1309);
#958=LINE('',#6928,#1310);
#959=LINE('',#6930,#1311);
#960=LINE('',#6931,#1312);
#961=LINE('',#6937,#1313);
#962=LINE('',#6939,#1314);
#963=LINE('',#6941,#1315);
#964=LINE('',#6942,#1316);
#965=LINE('',#6945,#1317);
#966=LINE('',#6947,#1318);
#967=LINE('',#6948,#1319);
#968=LINE('',#6951,#1320);
#969=LINE('',#6953,#1321);
#970=LINE('',#6954,#1322);
#971=LINE('',#6956,#1323);
#972=LINE('',#6957,#1324);
#973=LINE('',#6966,#1325);
#974=LINE('',#6970,#1326);
#975=LINE('',#6975,#1327);
#976=LINE('',#6979,#1328);
#977=LINE('',#6984,#1329);
#978=LINE('',#6985,#1330);
#979=LINE('',#6986,#1331);
#980=LINE('',#6990,#1332);
#981=LINE('',#6991,#1333);
#982=LINE('',#6992,#1334);
#983=LINE('',#6995,#1335);
#984=LINE('',#6997,#1336);
#985=LINE('',#6998,#1337);
#986=LINE('',#7003,#1338);
#987=LINE('',#7009,#1339);
#988=LINE('',#7013,#1340);
#989=LINE('',#7016,#1341);
#990=LINE('',#7018,#1342);
#991=LINE('',#7022,#1343);
#992=LINE('',#7026,#1344);
#993=LINE('',#7030,#1345);
#994=LINE('',#7035,#1346);
#995=LINE('',#7041,#1347);
#996=LINE('',#7053,#1348);
#997=LINE('',#7057,#1349);
#998=LINE('',#7061,#1350);
#999=LINE('',#7064,#1351);
#1000=LINE('',#7066,#1352);
#1001=LINE('',#7070,#1353);
#1002=LINE('',#7073,#1354);
#1003=LINE('',#7077,#1355);
#1004=LINE('',#7086,#1356);
#1005=LINE('',#7087,#1357);
#1006=LINE('',#7089,#1358);
#1007=LINE('',#7090,#1359);
#1008=LINE('',#7094,#1360);
#1009=LINE('',#7096,#1361);
#1010=LINE('',#7097,#1362);
#1011=LINE('',#7100,#1363);
#1012=LINE('',#7101,#1364);
#1013=LINE('',#7103,#1365);
#1014=LINE('',#7104,#1366);
#1015=LINE('',#7107,#1367);
#1016=LINE('',#7116,#1368);
#1017=LINE('',#7125,#1369);
#1018=VECTOR('',#4600,0.199999999999999);
#1019=VECTOR('',#4603,0.200000000000007);
#1020=VECTOR('',#4606,0.45);
#1021=VECTOR('',#4607,0.200000000000007);
#1022=VECTOR('',#4608,0.2);
#1023=VECTOR('',#4609,0.250000012401068);
#1024=VECTOR('',#4612,0.400000000000002);
#1025=VECTOR('',#4613,0.55);
#1026=VECTOR('',#4614,0.500000000000003);
#1027=VECTOR('',#4619,0.20000000000001);
#1028=VECTOR('',#4622,0.200000000000007);
#1029=VECTOR('',#4625,0.250000012401068);
#1030=VECTOR('',#4626,0.2);
#1031=VECTOR('',#4627,0.200000000000007);
#1032=VECTOR('',#4628,0.45);
#1033=VECTOR('',#4631,0.400000000000002);
#1034=VECTOR('',#4632,0.350000012401068);
#1035=VECTOR('',#4633,10.);
#1036=VECTOR('',#4638,0.20000000000001);
#1037=VECTOR('',#4641,0.200000000000007);
#1038=VECTOR('',#4644,0.400000000000003);
#1039=VECTOR('',#4645,0.200000000000021);
#1040=VECTOR('',#4646,0.399999999999974);
#1041=VECTOR('',#4649,0.250000012401068);
#1042=VECTOR('',#4650,10.);
#1043=VECTOR('',#4651,0.350000012401068);
#1044=VECTOR('',#4656,0.199999999999999);
#1045=VECTOR('',#4659,0.200000000000007);
#1046=VECTOR('',#4662,0.400000000000003);
#1047=VECTOR('',#4663,0.199999999999964);
#1048=VECTOR('',#4664,0.400000000000003);
#1049=VECTOR('',#4667,0.45);
#1050=VECTOR('',#4668,0.500000000000003);
#1051=VECTOR('',#4669,0.55);
#1052=VECTOR('',#4674,0.60193257487805);
#1053=VECTOR('',#4675,0.0707106781186547);
#1054=VECTOR('',#4676,0.383985583524163);
#1055=VECTOR('',#4677,0.0707106781186539);
#1056=VECTOR('',#4680,0.0707106781186555);
#1057=VECTOR('',#4681,1.20193384967885);
#1058=VECTOR('',#4682,1.20193384967885);
#1059=VECTOR('',#4685,1.20193353871373);
#1060=VECTOR('',#4686,0.0707106781186551);
#1061=VECTOR('',#4687,1.20193360714378);
#1062=VECTOR('',#4688,0.0707106781186563);
#1063=VECTOR('',#4693,0.383985583524179);
#1064=VECTOR('',#4694,0.60193257488076);
#1065=VECTOR('',#4701,0.700000974057166);
#1066=VECTOR('',#4702,10.);
#1067=VECTOR('',#4703,2.39999999999931);
#1068=VECTOR('',#4704,2.65000540597367);
#1069=VECTOR('',#4705,2.65000540597367);
#1070=VECTOR('',#4706,2.39999999999931);
#1071=VECTOR('',#4707,10.);
#1072=VECTOR('',#4708,0.699999405521598);
#1073=VECTOR('',#4715,0.05);
#1074=VECTOR('',#4718,0.350000012401068);
#1075=VECTOR('',#4719,0.400000000000001);
#1076=VECTOR('',#4722,0.199999999999965);
#1077=VECTOR('',#4723,0.199999999999965);
#1078=VECTOR('',#4724,0.199999987598931);
#1079=VECTOR('',#4729,0.350000012401068);
#1080=VECTOR('',#4730,0.250000012401068);
#1081=VECTOR('',#4733,0.199999999999964);
#1082=VECTOR('',#4734,0.199999987598931);
#1083=VECTOR('',#4737,0.2);
#1084=VECTOR('',#4738,0.200000000000007);
#1085=VECTOR('',#4741,0.200000000000021);
#1086=VECTOR('',#4742,0.55);
#1087=VECTOR('',#4743,0.199999987598931);
#1088=VECTOR('',#4746,0.45);
#1089=VECTOR('',#4747,0.200000000000007);
#1090=VECTOR('',#4748,0.2);
#1091=VECTOR('',#4751,0.499999999999975);
#1092=VECTOR('',#4754,0.200000000000021);
#1093=VECTOR('',#4755,0.199999987598931);
#1094=VECTOR('',#4756,0.200000000000021);
#1095=VECTOR('',#4757,0.55);
#1096=VECTOR('',#4760,0.499999999999975);
#1097=VECTOR('',#4761,0.399999999999973);
#1098=VECTOR('',#4766,0.05);
#1099=VECTOR('',#4773,0.149999987598932);
#1100=VECTOR('',#4776,0.15);
#1101=VECTOR('',#4779,1.34999492902491);
#1102=VECTOR('',#4780,1.34999492902491);
#1103=VECTOR('',#4781,0.15);
#1104=VECTOR('',#4786,0.15);
#1105=VECTOR('',#4791,0.2);
#1106=VECTOR('',#4794,0.700000974057166);
#1107=VECTOR('',#4797,2.39999999999931);
#1108=VECTOR('',#4800,2.65000540597367);
#1109=VECTOR('',#4801,0.2);
#1110=VECTOR('',#4804,2.65000540597367);
#1111=VECTOR('',#4807,2.39999999999931);
#1112=VECTOR('',#4810,0.699999999999996);
#1113=VECTOR('',#4811,0.15);
#1114=VECTOR('',#4816,0.15);
#1115=VECTOR('',#4819,1.35020516143979);
#1116=VECTOR('',#4820,1.35020516143979);
#1117=VECTOR('',#4821,0.15);
#1118=VECTOR('',#4828,0.149999987598932);
#1119=VECTOR('',#4833,0.199999997237814);
#1120=VECTOR('',#4836,0.199999997237814);
#1121=VECTOR('',#4839,0.191611811694024);
#1122=VECTOR('',#4840,0.199999997237814);
#1123=VECTOR('',#4841,0.191611811694024);
#1124=VECTOR('',#4846,0.199999999933347);
#1125=VECTOR('',#4853,0.199999997237814);
#1126=VECTOR('',#4856,0.199999997237814);
#1127=VECTOR('',#4859,0.276899470035335);
#1128=VECTOR('',#4860,0.199999997237814);
#1129=VECTOR('',#4861,0.276899470035335);
#1130=VECTOR('',#4866,0.199999997237814);
#1131=VECTOR('',#4871,1.44337567297187);
#1132=VECTOR('',#4872,0.199999997237814);
#1133=VECTOR('',#4873,1.44337567297187);
#1134=VECTOR('',#4878,0.199999997237814);
#1135=VECTOR('',#4883,0.119077048489027);
#1136=VECTOR('',#4884,0.199999997237814);
#1137=VECTOR('',#4885,0.119077048489026);
#1138=VECTOR('',#4890,0.199999997237814);
#1139=VECTOR('',#4897,0.199999997237814);
#1140=VECTOR('',#4904,0.199999997237814);
#1141=VECTOR('',#4909,0.137084366731862);
#1142=VECTOR('',#4910,0.199999997237814);
#1143=VECTOR('',#4911,0.137084366731861);
#1144=VECTOR('',#4916,0.199999997237814);
#1145=VECTOR('',#4921,0.300000155566401);
#1146=VECTOR('',#4922,0.199999997237814);
#1147=VECTOR('',#4923,0.300000155566401);
#1148=VECTOR('',#4928,0.199999997237814);
#1149=VECTOR('',#4933,0.137084886225436);
#1150=VECTOR('',#4934,0.199999997237814);
#1151=VECTOR('',#4935,0.137084886225436);
#1152=VECTOR('',#4940,0.199999997237814);
#1153=VECTOR('',#4947,0.199999997237814);
#1154=VECTOR('',#4954,0.199999997237814);
#1155=VECTOR('',#4961,0.199999997237814);
#1156=VECTOR('',#4966,0.127451998479211);
#1157=VECTOR('',#4967,0.199999997237814);
#1158=VECTOR('',#4968,0.127451998479211);
#1159=VECTOR('',#4973,0.199999999933347);
#1160=VECTOR('',#4978,0.718563805720732);
#1161=VECTOR('',#4979,0.206129770884274);
#1162=VECTOR('',#4980,0.0131656040201006);
#1163=VECTOR('',#4981,0.704590927126595);
#1164=VECTOR('',#4982,0.199999997237814);
#1165=VECTOR('',#4993,0.206128074582077);
#1166=VECTOR('',#4998,0.718563553729122);
#1167=VECTOR('',#4999,0.199999997237814);
#1168=VECTOR('',#5000,0.704590674800403);
#1169=VECTOR('',#5001,0.01317059471378);
#1170=VECTOR('',#5006,0.199999999933347);
#1171=VECTOR('',#5015,0.199999997237814);
#1172=VECTOR('',#5020,0.199999997237814);
#1173=VECTOR('',#5023,0.199999997237814);
#1174=VECTOR('',#5026,0.127450465279883);
#1175=VECTOR('',#5027,0.199999997237814);
#1176=VECTOR('',#5028,0.127450465279883);
#1177=VECTOR('',#5033,0.199999997237814);
#1178=VECTOR('',#5040,0.199999997237814);
#1179=VECTOR('',#5047,0.199999997237814);
#1180=VECTOR('',#5054,0.199999997237814);
#1181=VECTOR('',#5059,0.137082780356936);
#1182=VECTOR('',#5060,0.199999997237814);
#1183=VECTOR('',#5061,0.137082780356936);
#1184=VECTOR('',#5066,0.199999997237814);
#1185=VECTOR('',#5071,0.300000000000007);
#1186=VECTOR('',#5072,0.199999997237814);
#1187=VECTOR('',#5073,0.300000000000007);
#1188=VECTOR('',#5078,0.199999997237814);
#1189=VECTOR('',#5083,0.137084366731868);
#1190=VECTOR('',#5084,0.199999997237814);
#1191=VECTOR('',#5085,0.137084366731868);
#1192=VECTOR('',#5090,0.199999997237814);
#1193=VECTOR('',#5097,0.199999997237814);
#1194=VECTOR('',#5104,0.199999997237814);
#1195=VECTOR('',#5109,0.119077048489022);
#1196=VECTOR('',#5110,0.199999997237814);
#1197=VECTOR('',#5111,0.119077048489023);
#1198=VECTOR('',#5116,0.199999997237814);
#1199=VECTOR('',#5121,1.44337567297184);
#1200=VECTOR('',#5122,0.199999997237814);
#1201=VECTOR('',#5123,1.44337567297184);
#1202=VECTOR('',#5128,0.199999997237814);
#1203=VECTOR('',#5133,0.276899470035334);
#1204=VECTOR('',#5134,0.199999997237814);
#1205=VECTOR('',#5135,0.276899470035334);
#1206=VECTOR('',#5140,0.199999999933347);
#1207=VECTOR('',#5147,0.199999997237814);
#1208=VECTOR('',#5150,0.199999997237814);
#1209=VECTOR('',#5153,0.191611811694018);
#1210=VECTOR('',#5154,0.199999997237814);
#1211=VECTOR('',#5155,0.191611811694018);
#1212=VECTOR('',#5160,0.199999997237814);
#1213=VECTOR('',#5167,0.199999997237814);
#1214=VECTOR('',#5174,0.199999997237814);
#1215=VECTOR('',#5181,0.199999997237814);
#1216=VECTOR('',#5186,0.137099104426907);
#1217=VECTOR('',#5187,0.199999997237814);
#1218=VECTOR('',#5188,0.137099104426907);
#1219=VECTOR('',#5193,0.199999997237814);
#1220=VECTOR('',#5198,0.149845819384414);
#1221=VECTOR('',#5199,0.199999997237814);
#1222=VECTOR('',#5200,0.149845819384414);
#1223=VECTOR('',#5203,0.149845819384409);
#1224=VECTOR('',#5204,0.199999997237814);
#1225=VECTOR('',#5205,0.149845819384409);
#1226=VECTOR('',#5210,0.199999997237814);
#1227=VECTOR('',#5215,0.137099104426916);
#1228=VECTOR('',#5216,0.199999997237814);
#1229=VECTOR('',#5217,0.137099104426916);
#1230=VECTOR('',#5222,0.199999997237814);
#1231=VECTOR('',#5229,0.199999997237814);
#1232=VECTOR('',#5298,0.299999999036583);
#1233=VECTOR('',#5301,0.324999999912405);
#1234=VECTOR('',#5328,0.4999999991767);
#1235=VECTOR('',#5341,0.699999998563643);
#1236=VECTOR('',#5370,0.46);
#1237=VECTOR('',#5373,0.46);
#1238=VECTOR('',#5376,2.04999999999998);
#1239=VECTOR('',#5379,4.50000000000001);
#1240=VECTOR('',#5382,2.05000000000001);
#1241=VECTOR('',#5385,4.50000000000001);
#1242=VECTOR('',#5388,0.549999999999925);
#1243=VECTOR('',#5389,0.1015);
#1244=VECTOR('',#5390,2.59999999999991);
#1245=VECTOR('',#5391,0.5615);
#1246=VECTOR('',#5394,0.46);
#1247=VECTOR('',#5397,0.46);
#1248=VECTOR('',#5400,0.549999999999897);
#1249=VECTOR('',#5401,0.5615);
#1250=VECTOR('',#5402,2.59999999999991);
#1251=VECTOR('',#5403,0.1015);
#1252=VECTOR('',#5406,0.5615);
#1253=VECTOR('',#5407,4.50000000000001);
#1254=VECTOR('',#5408,0.5615);
#1255=VECTOR('',#5411,4.50000000000001);
#1256=VECTOR('',#5414,2.00000000000001);
#1257=VECTOR('',#5415,0.05);
#1258=VECTOR('',#5416,2.00000000000001);
#1259=VECTOR('',#5417,0.05);
#1260=VECTOR('',#5420,2.00000000000003);
#1261=VECTOR('',#5421,0.05);
#1262=VECTOR('',#5422,2.00000000000003);
#1263=VECTOR('',#5425,1.99999999999999);
#1264=VECTOR('',#5426,0.05);
#1265=VECTOR('',#5427,1.99999999999999);
#1266=VECTOR('',#5430,2.00000000000003);
#1267=VECTOR('',#5431,2.00000000000003);
#1268=VECTOR('',#5436,2.00001870581949);
#1269=VECTOR('',#5437,0.05);
#1270=VECTOR('',#5438,2.00001870581949);
#1271=VECTOR('',#5439,0.05);
#1272=VECTOR('',#5442,2.);
#1273=VECTOR('',#5443,0.05);
#1274=VECTOR('',#5444,2.);
#1275=VECTOR('',#5447,2.00001870581948);
#1276=VECTOR('',#5448,0.05);
#1277=VECTOR('',#5449,2.00001870581948);
#1278=VECTOR('',#5452,2.00000000000003);
#1279=VECTOR('',#5453,2.00000000000003);
#1280=VECTOR('',#5460,0.57499766248836);
#1281=VECTOR('',#5469,0.1015);
#1282=VECTOR('',#5472,0.799999999896411);
#1283=VECTOR('',#5473,0.799999999896411);
#1284=VECTOR('',#5474,0.1015);
#1285=VECTOR('',#5481,0.1015);
#1286=VECTOR('',#5484,4.27228016526189);
#1287=VECTOR('',#5485,4.27228016526189);
#1288=VECTOR('',#5486,0.1015);
#1289=VECTOR('',#5493,0.1015);
#1290=VECTOR('',#5500,0.1015);
#1291=VECTOR('',#5507,0.1015);
#1292=VECTOR('',#5514,0.1015);
#1293=VECTOR('',#5521,0.1015);
#1294=VECTOR('',#5524,4.27228016525973);
#1295=VECTOR('',#5525,4.27228016525973);
#1296=VECTOR('',#5526,0.1015);
#1297=VECTOR('',#5533,0.1015);
#1298=VECTOR('',#5536,0.800000000100275);
#1299=VECTOR('',#5537,0.800000000100275);
#1300=VECTOR('',#5538,0.1015);
#1301=VECTOR('',#5561,2.00000000000001);
#1302=VECTOR('',#5562,0.02);
#1303=VECTOR('',#5563,2.00000000000001);
#1304=VECTOR('',#5564,0.02);
#1305=VECTOR('',#5567,2.00000000000003);
#1306=VECTOR('',#5568,2.00000000000003);
#1307=VECTOR('',#5569,0.02);
#1308=VECTOR('',#5572,1.99999999999999);
#1309=VECTOR('',#5573,1.99999999999999);
#1310=VECTOR('',#5574,0.02);
#1311=VECTOR('',#5577,2.00000000000003);
#1312=VECTOR('',#5578,2.00000000000003);
#1313=VECTOR('',#5585,2.00001870581949);
#1314=VECTOR('',#5586,0.02);
#1315=VECTOR('',#5587,2.00001870581949);
#1316=VECTOR('',#5588,0.02);
#1317=VECTOR('',#5591,2.);
#1318=VECTOR('',#5592,2.);
#1319=VECTOR('',#5593,0.02);
#1320=VECTOR('',#5596,2.00001870581948);
#1321=VECTOR('',#5597,2.00001870581948);
#1322=VECTOR('',#5598,0.02);
#1323=VECTOR('',#5601,2.00000000000003);
#1324=VECTOR('',#5602,2.00000000000003);
#1325=VECTOR('',#5615,0.161856415868627);
#1326=VECTOR('',#5618,0.166279258757832);
#1327=VECTOR('',#5623,0.161856415868627);
#1328=VECTOR('',#5626,0.166279258757832);
#1329=VECTOR('',#5631,0.166279258757832);
#1330=VECTOR('',#5632,0.13);
#1331=VECTOR('',#5633,0.13);
#1332=VECTOR('',#5636,0.166279258757832);
#1333=VECTOR('',#5637,0.13);
#1334=VECTOR('',#5638,0.13);
#1335=VECTOR('',#5641,0.05);
#1336=VECTOR('',#5642,0.161856415868629);
#1337=VECTOR('',#5643,0.05);
#1338=VECTOR('',#5648,0.159202959657505);
#1339=VECTOR('',#5655,4.85);
#1340=VECTOR('',#5658,0.0700000000000001);
#1341=VECTOR('',#5661,0.05);
#1342=VECTOR('',#5662,0.18);
#1343=VECTOR('',#5665,0.18);
#1344=VECTOR('',#5668,0.18);
#1345=VECTOR('',#5671,0.18);
#1346=VECTOR('',#5676,0.0700000000000001);
#1347=VECTOR('',#5683,0.35);
#1348=VECTOR('',#5698,0.18);
#1349=VECTOR('',#5701,0.18);
#1350=VECTOR('',#5704,0.18);
#1351=VECTOR('',#5707,0.18);
#1352=VECTOR('',#5708,0.05);
#1353=VECTOR('',#5711,0.0700000000000001);
#1354=VECTOR('',#5714,5.);
#1355=VECTOR('',#5717,0.0700000000000001);
#1356=VECTOR('',#5732,0.155516998435034);
#1357=VECTOR('',#5733,0.155516998435034);
#1358=VECTOR('',#5736,0.155516998435034);
#1359=VECTOR('',#5737,0.155516998435034);
#1360=VECTOR('',#5744,0.159202959657505);
#1361=VECTOR('',#5747,0.159202959657507);
#1362=VECTOR('',#5748,0.159202959657507);
#1363=VECTOR('',#5753,0.159202959657505);
#1364=VECTOR('',#5754,0.159202959657505);
#1365=VECTOR('',#5757,0.159202959657506);
#1366=VECTOR('',#5758,0.159202959657507);
#1367=VECTOR('',#5763,0.161856415868628);
#1368=VECTOR('',#5776,4.5);
#1369=VECTOR('',#5789,4.);
#1370=CIRCLE('',#4161,0.1);
#1371=CIRCLE('',#4162,0.1);
#1372=CIRCLE('',#4166,0.1);
#1373=CIRCLE('',#4167,0.1);
#1374=CIRCLE('',#4171,0.1);
#1375=CIRCLE('',#4172,0.1);
#1376=CIRCLE('',#4176,0.1);
#1377=CIRCLE('',#4177,0.1);
#1378=CIRCLE('',#4187,0.500000000000001);
#1379=CIRCLE('',#4188,0.5);
#1380=CIRCLE('',#4189,0.5);
#1381=CIRCLE('',#4191,0.500000000000001);
#1382=CIRCLE('',#4205,0.5);
#1383=CIRCLE('',#4207,0.15000004380417);
#1384=CIRCLE('',#4208,0.15000004380417);
#1385=CIRCLE('',#4211,0.500000000000001);
#1386=CIRCLE('',#4213,0.5);
#1387=CIRCLE('',#4221,0.500000000000001);
#1388=CIRCLE('',#4224,0.15);
#1389=CIRCLE('',#4225,0.15);
#1390=CIRCLE('',#4227,0.1);
#1391=CIRCLE('',#4228,0.1);
#1392=CIRCLE('',#4231,0.1);
#1393=CIRCLE('',#4232,0.1);
#1394=CIRCLE('',#4234,0.1);
#1395=CIRCLE('',#4235,0.1);
#1396=CIRCLE('',#4238,0.1);
#1397=CIRCLE('',#4239,0.1);
#1398=CIRCLE('',#4242,0.1);
#1399=CIRCLE('',#4243,0.1);
#1400=CIRCLE('',#4246,0.1);
#1401=CIRCLE('',#4247,0.1);
#1402=CIRCLE('',#4249,4.85);
#1403=CIRCLE('',#4250,4.85);
#1404=CIRCLE('',#4252,0.1);
#1405=CIRCLE('',#4253,0.1);
#1406=CIRCLE('',#4256,0.1);
#1407=CIRCLE('',#4257,0.1);
#1408=CIRCLE('',#4260,0.1);
#1409=CIRCLE('',#4261,0.1);
#1410=CIRCLE('',#4264,0.1);
#1411=CIRCLE('',#4265,0.1);
#1412=CIRCLE('',#4267,4.85);
#1413=CIRCLE('',#4268,4.85);
#1414=CIRCLE('',#4270,0.2);
#1415=CIRCLE('',#4271,0.2);
#1416=CIRCLE('',#4273,0.2);
#1417=CIRCLE('',#4274,0.2);
#1418=CIRCLE('',#4277,0.1);
#1419=CIRCLE('',#4278,0.1);
#1420=CIRCLE('',#4281,0.15);
#1421=CIRCLE('',#4282,0.15);
#1422=CIRCLE('',#4284,0.15000004380417);
#1423=CIRCLE('',#4285,0.15000004380417);
#1424=CIRCLE('',#4288,0.1);
#1425=CIRCLE('',#4289,0.1);
#1426=CIRCLE('',#4291,0.1);
#1427=CIRCLE('',#4292,0.1);
#1428=CIRCLE('',#4294,0.1);
#1429=CIRCLE('',#4295,0.1);
#1430=CIRCLE('',#4298,0.2);
#1431=CIRCLE('',#4299,0.2);
#1432=CIRCLE('',#4301,0.2);
#1433=CIRCLE('',#4302,0.2);
#1434=CIRCLE('',#4304,4.85);
#1435=CIRCLE('',#4305,4.85);
#1436=CIRCLE('',#4307,0.1);
#1437=CIRCLE('',#4308,0.1);
#1438=CIRCLE('',#4311,0.1);
#1439=CIRCLE('',#4312,0.1);
#1440=CIRCLE('',#4315,0.1);
#1441=CIRCLE('',#4316,0.1);
#1442=CIRCLE('',#4319,0.1);
#1443=CIRCLE('',#4320,0.1);
#1444=CIRCLE('',#4322,4.85);
#1445=CIRCLE('',#4323,4.85);
#1446=CIRCLE('',#4325,0.1);
#1447=CIRCLE('',#4326,0.1);
#1448=CIRCLE('',#4329,0.1);
#1449=CIRCLE('',#4330,0.1);
#1450=CIRCLE('',#4333,0.1);
#1451=CIRCLE('',#4334,0.1);
#1452=CIRCLE('',#4337,0.1);
#1453=CIRCLE('',#4338,0.1);
#1454=CIRCLE('',#4340,0.1);
#1455=CIRCLE('',#4341,0.1);
#1456=CIRCLE('',#4344,0.1);
#1457=CIRCLE('',#4345,0.1);
#1458=CIRCLE('',#4347,0.25);
#1459=CIRCLE('',#4348,0.25);
#1460=CIRCLE('',#4350,4.85);
#1461=CIRCLE('',#4351,4.85);
#1462=CIRCLE('',#4353,0.1);
#1463=CIRCLE('',#4354,0.1);
#1464=CIRCLE('',#4357,0.1);
#1465=CIRCLE('',#4358,0.1);
#1466=CIRCLE('',#4362,0.1);
#1467=CIRCLE('',#4363,0.1);
#1468=CIRCLE('',#4366,0.1);
#1469=CIRCLE('',#4367,0.1);
#1470=CIRCLE('',#4369,4.85);
#1471=CIRCLE('',#4370,4.85);
#1472=CIRCLE('',#4372,0.25);
#1473=CIRCLE('',#4373,0.25);
#1474=CIRCLE('',#4375,4.99999991930065);
#1475=CIRCLE('',#4376,4.99999991930065);
#1476=CIRCLE('',#4377,4.20066539168153);
#1477=CIRCLE('',#4378,4.99999991930065);
#1478=CIRCLE('',#4379,4.99999991930065);
#1479=CIRCLE('',#4381,4.05971913256943);
#1480=CIRCLE('',#4382,0.349999998073166);
#1481=CIRCLE('',#4383,0.349999998073166);
#1482=CIRCLE('',#4385,4.15955457760599);
#1483=CIRCLE('',#4387,4.99999991930065);
#1484=CIRCLE('',#4389,4.99999991930065);
#1485=CIRCLE('',#4391,4.99999991930065);
#1486=CIRCLE('',#4393,4.18841315006039);
#1487=CIRCLE('',#4395,4.21337201131953);
#1488=CIRCLE('',#4397,0.299999998248334);
#1489=CIRCLE('',#4398,0.299999998248334);
#1490=CIRCLE('',#4399,0.0499999999999998);
#1491=CIRCLE('',#4400,0.299999998248334);
#1492=CIRCLE('',#4402,0.299999999824831);
#1493=CIRCLE('',#4403,0.299999999824831);
#1494=CIRCLE('',#4405,0.34999999999998);
#1495=CIRCLE('',#4406,0.34999999999998);
#1496=CIRCLE('',#4408,0.449999999999974);
#1497=CIRCLE('',#4409,0.449999999999974);
#1498=CIRCLE('',#4411,0.499999999824808);
#1499=CIRCLE('',#4412,0.499999999824808);
#1500=CIRCLE('',#4413,0.0500000000000002);
#1501=CIRCLE('',#4414,0.499999999824808);
#1502=CIRCLE('',#4416,0.499999998528592);
#1503=CIRCLE('',#4417,0.499999998528592);
#1504=CIRCLE('',#4419,0.699999998528609);
#1505=CIRCLE('',#4420,0.699999998528609);
#1506=CIRCLE('',#4422,0.699999998598678);
#1507=CIRCLE('',#4423,0.699999998598678);
#1508=CIRCLE('',#4425,3.88983365041209);
#1509=CIRCLE('',#4427,3.90747045485437);
#1510=CIRCLE('',#4429,4.1301181739107);
#1511=CIRCLE('',#4432,4.99999991930065);
#1512=CIRCLE('',#4437,0.25);
#1513=CIRCLE('',#4438,0.25);
#1514=CIRCLE('',#4440,0.25);
#1515=CIRCLE('',#4441,0.25);
#1516=CIRCLE('',#4442,0.25);
#1517=CIRCLE('',#4445,0.25);
#1518=CIRCLE('',#4460,0.57499766248836);
#1519=CIRCLE('',#4461,0.57499766248836);
#1520=CIRCLE('',#4463,0.25);
#1521=CIRCLE('',#4464,0.25);
#1522=CIRCLE('',#4467,0.3);
#1523=CIRCLE('',#4468,0.3);
#1524=CIRCLE('',#4471,0.2);
#1525=CIRCLE('',#4472,0.2);
#1526=CIRCLE('',#4474,0.2);
#1527=CIRCLE('',#4475,0.2);
#1528=CIRCLE('',#4477,1.60000000000005);
#1529=CIRCLE('',#4478,1.60000000000005);
#1530=CIRCLE('',#4480,0.2);
#1531=CIRCLE('',#4481,0.2);
#1532=CIRCLE('',#4483,0.2);
#1533=CIRCLE('',#4484,0.2);
#1534=CIRCLE('',#4487,0.3);
#1535=CIRCLE('',#4488,0.3);
#1536=CIRCLE('',#4491,0.25);
#1537=CIRCLE('',#4492,0.25);
#1538=CIRCLE('',#4494,0.25);
#1539=CIRCLE('',#4496,0.25);
#1540=CIRCLE('',#4516,5.);
#1541=CIRCLE('',#4517,4.85);
#1542=CIRCLE('',#4519,4.85);
#1543=CIRCLE('',#4520,5.);
#1544=CIRCLE('',#4525,5.);
#1545=CIRCLE('',#4526,4.85);
#1546=CIRCLE('',#4528,4.85);
#1547=CIRCLE('',#4529,4.85);
#1548=CIRCLE('',#4530,4.85);
#1549=CIRCLE('',#4531,4.85);
#1550=CIRCLE('',#4532,4.85);
#1551=CIRCLE('',#4533,4.85);
#1552=CIRCLE('',#4534,4.85);
#1553=CIRCLE('',#4535,4.85);
#1554=CIRCLE('',#4536,4.85);
#1555=CIRCLE('',#4538,0.35);
#1556=CIRCLE('',#4539,0.35);
#1557=CIRCLE('',#4541,4.8);
#1558=CIRCLE('',#4542,0.2);
#1559=CIRCLE('',#4543,5.);
#1560=CIRCLE('',#4545,5.);
#1561=CIRCLE('',#4546,5.);
#1562=CIRCLE('',#4547,5.);
#1563=CIRCLE('',#4548,5.);
#1564=CIRCLE('',#4549,5.);
#1565=CIRCLE('',#4550,5.);
#1566=CIRCLE('',#4551,5.);
#1567=CIRCLE('',#4552,5.);
#1568=CIRCLE('',#4555,0.2);
#1569=CIRCLE('',#4556,4.65);
#1570=CIRCLE('',#4574,4.5);
#1571=CIRCLE('',#4575,4.5);
#1572=CIRCLE('',#4580,4.);
#1573=CIRCLE('',#4581,4.);
#1574=VERTEX_POINT('',#5812);
#1575=VERTEX_POINT('',#5813);
#1576=VERTEX_POINT('',#5815);
#1577=VERTEX_POINT('',#5817);
#1578=VERTEX_POINT('',#5821);
#1579=VERTEX_POINT('',#5823);
#1580=VERTEX_POINT('',#5825);
#1581=VERTEX_POINT('',#5829);
#1582=VERTEX_POINT('',#5831);
#1583=VERTEX_POINT('',#5835);
#1584=VERTEX_POINT('',#5836);
#1585=VERTEX_POINT('',#5838);
#1586=VERTEX_POINT('',#5840);
#1587=VERTEX_POINT('',#5844);
#1588=VERTEX_POINT('',#5846);
#1589=VERTEX_POINT('',#5848);
#1590=VERTEX_POINT('',#5852);
#1591=VERTEX_POINT('',#5854);
#1592=VERTEX_POINT('',#5858);
#1593=VERTEX_POINT('',#5859);
#1594=VERTEX_POINT('',#5861);
#1595=VERTEX_POINT('',#5863);
#1596=VERTEX_POINT('',#5867);
#1597=VERTEX_POINT('',#5869);
#1598=VERTEX_POINT('',#5873);
#1599=VERTEX_POINT('',#5875);
#1600=VERTEX_POINT('',#5879);
#1601=VERTEX_POINT('',#5880);
#1602=VERTEX_POINT('',#5882);
#1603=VERTEX_POINT('',#5884);
#1604=VERTEX_POINT('',#5888);
#1605=VERTEX_POINT('',#5890);
#1606=VERTEX_POINT('',#5894);
#1607=VERTEX_POINT('',#5896);
#1608=VERTEX_POINT('',#5900);
#1609=VERTEX_POINT('',#5901);
#1610=VERTEX_POINT('',#5903);
#1611=VERTEX_POINT('',#5905);
#1612=VERTEX_POINT('',#5928);
#1613=VERTEX_POINT('',#5929);
#1614=VERTEX_POINT('',#5951);
#1615=VERTEX_POINT('',#5952);
#1616=VERTEX_POINT('',#5957);
#1617=VERTEX_POINT('',#5959);
#1618=VERTEX_POINT('',#5982);
#1619=VERTEX_POINT('',#5983);
#1620=VERTEX_POINT('',#6005);
#1621=VERTEX_POINT('',#6006);
#1622=VERTEX_POINT('',#6011);
#1623=VERTEX_POINT('',#6013);
#1624=VERTEX_POINT('',#6015);
#1625=VERTEX_POINT('',#6017);
#1626=VERTEX_POINT('',#6020);
#1627=VERTEX_POINT('',#6023);
#1628=VERTEX_POINT('',#6026);
#1629=VERTEX_POINT('',#6030);
#1630=VERTEX_POINT('',#6034);
#1631=VERTEX_POINT('',#6038);
#1632=VERTEX_POINT('',#6047);
#1633=VERTEX_POINT('',#6051);
#1634=VERTEX_POINT('',#6055);
#1635=VERTEX_POINT('',#6056);
#1636=VERTEX_POINT('',#6061);
#1637=VERTEX_POINT('',#6063);
#1638=VERTEX_POINT('',#6069);
#1639=VERTEX_POINT('',#6070);
#1640=VERTEX_POINT('',#6073);
#1641=VERTEX_POINT('',#6081);
#1642=VERTEX_POINT('',#6085);
#1643=VERTEX_POINT('',#6086);
#1644=VERTEX_POINT('',#6088);
#1645=VERTEX_POINT('',#6090);
#1646=VERTEX_POINT('',#6095);
#1647=VERTEX_POINT('',#6099);
#1648=VERTEX_POINT('',#6103);
#1649=VERTEX_POINT('',#6111);
#1650=VERTEX_POINT('',#6119);
#1651=VERTEX_POINT('',#6123);
#1652=VERTEX_POINT('',#6127);
#1653=VERTEX_POINT('',#6129);
#1654=VERTEX_POINT('',#6133);
#1655=VERTEX_POINT('',#6135);
#1656=VERTEX_POINT('',#6139);
#1657=VERTEX_POINT('',#6140);
#1658=VERTEX_POINT('',#6142);
#1659=VERTEX_POINT('',#6144);
#1660=VERTEX_POINT('',#6148);
#1661=VERTEX_POINT('',#6150);
#1662=VERTEX_POINT('',#6154);
#1663=VERTEX_POINT('',#6156);
#1664=VERTEX_POINT('',#6160);
#1665=VERTEX_POINT('',#6161);
#1666=VERTEX_POINT('',#6163);
#1667=VERTEX_POINT('',#6165);
#1668=VERTEX_POINT('',#6169);
#1669=VERTEX_POINT('',#6171);
#1670=VERTEX_POINT('',#6175);
#1671=VERTEX_POINT('',#6177);
#1672=VERTEX_POINT('',#6181);
#1673=VERTEX_POINT('',#6183);
#1674=VERTEX_POINT('',#6187);
#1675=VERTEX_POINT('',#6189);
#1676=VERTEX_POINT('',#6193);
#1677=VERTEX_POINT('',#6195);
#1678=VERTEX_POINT('',#6199);
#1679=VERTEX_POINT('',#6201);
#1680=VERTEX_POINT('',#6205);
#1681=VERTEX_POINT('',#6207);
#1682=VERTEX_POINT('',#6211);
#1683=VERTEX_POINT('',#6213);
#1684=VERTEX_POINT('',#6217);
#1685=VERTEX_POINT('',#6219);
#1686=VERTEX_POINT('',#6223);
#1687=VERTEX_POINT('',#6225);
#1688=VERTEX_POINT('',#6229);
#1689=VERTEX_POINT('',#6231);
#1690=VERTEX_POINT('',#6235);
#1691=VERTEX_POINT('',#6237);
#1692=VERTEX_POINT('',#6241);
#1693=VERTEX_POINT('',#6243);
#1694=VERTEX_POINT('',#6247);
#1695=VERTEX_POINT('',#6249);
#1696=VERTEX_POINT('',#6253);
#1697=VERTEX_POINT('',#6255);
#1698=VERTEX_POINT('',#6259);
#1699=VERTEX_POINT('',#6261);
#1700=VERTEX_POINT('',#6265);
#1701=VERTEX_POINT('',#6267);
#1702=VERTEX_POINT('',#6271);
#1703=VERTEX_POINT('',#6273);
#1704=VERTEX_POINT('',#6277);
#1705=VERTEX_POINT('',#6279);
#1706=VERTEX_POINT('',#6283);
#1707=VERTEX_POINT('',#6284);
#1708=VERTEX_POINT('',#6286);
#1709=VERTEX_POINT('',#6291);
#1710=VERTEX_POINT('',#6295);
#1711=VERTEX_POINT('',#6297);
#1712=VERTEX_POINT('',#6299);
#1713=VERTEX_POINT('',#6306);
#1714=VERTEX_POINT('',#6310);
#1715=VERTEX_POINT('',#6317);
#1716=VERTEX_POINT('',#6321);
#1717=VERTEX_POINT('',#6332);
#1718=VERTEX_POINT('',#6343);
#1719=VERTEX_POINT('',#6345);
#1720=VERTEX_POINT('',#6356);
#1721=VERTEX_POINT('',#6368);
#1722=VERTEX_POINT('',#6372);
#1723=VERTEX_POINT('',#6376);
#1724=VERTEX_POINT('',#6381);
#1725=VERTEX_POINT('',#6383);
#1726=VERTEX_POINT('',#6385);
#1727=VERTEX_POINT('',#6387);
#1728=VERTEX_POINT('',#6394);
#1729=VERTEX_POINT('',#6398);
#1730=VERTEX_POINT('',#6407);
#1731=VERTEX_POINT('',#6409);
#1732=VERTEX_POINT('',#6413);
#1733=VERTEX_POINT('',#6415);
#1734=VERTEX_POINT('',#6419);
#1735=VERTEX_POINT('',#6420);
#1736=VERTEX_POINT('',#6422);
#1737=VERTEX_POINT('',#6424);
#1738=VERTEX_POINT('',#6428);
#1739=VERTEX_POINT('',#6430);
#1740=VERTEX_POINT('',#6434);
#1741=VERTEX_POINT('',#6436);
#1742=VERTEX_POINT('',#6440);
#1743=VERTEX_POINT('',#6442);
#1744=VERTEX_POINT('',#6446);
#1745=VERTEX_POINT('',#6448);
#1746=VERTEX_POINT('',#6452);
#1747=VERTEX_POINT('',#6454);
#1748=VERTEX_POINT('',#6458);
#1749=VERTEX_POINT('',#6460);
#1750=VERTEX_POINT('',#6464);
#1751=VERTEX_POINT('',#6466);
#1752=VERTEX_POINT('',#6470);
#1753=VERTEX_POINT('',#6472);
#1754=VERTEX_POINT('',#6476);
#1755=VERTEX_POINT('',#6478);
#1756=VERTEX_POINT('',#6482);
#1757=VERTEX_POINT('',#6484);
#1758=VERTEX_POINT('',#6488);
#1759=VERTEX_POINT('',#6490);
#1760=VERTEX_POINT('',#6494);
#1761=VERTEX_POINT('',#6496);
#1762=VERTEX_POINT('',#6500);
#1763=VERTEX_POINT('',#6502);
#1764=VERTEX_POINT('',#6506);
#1765=VERTEX_POINT('',#6508);
#1766=VERTEX_POINT('',#6512);
#1767=VERTEX_POINT('',#6514);
#1768=VERTEX_POINT('',#6518);
#1769=VERTEX_POINT('',#6520);
#1770=VERTEX_POINT('',#6524);
#1771=VERTEX_POINT('',#6526);
#1772=VERTEX_POINT('',#6530);
#1773=VERTEX_POINT('',#6532);
#1774=VERTEX_POINT('',#6536);
#1775=VERTEX_POINT('',#6538);
#1776=VERTEX_POINT('',#6542);
#1777=VERTEX_POINT('',#6543);
#1778=VERTEX_POINT('',#6545);
#1779=VERTEX_POINT('',#6547);
#1780=VERTEX_POINT('',#6551);
#1781=VERTEX_POINT('',#6553);
#1782=VERTEX_POINT('',#6557);
#1783=VERTEX_POINT('',#6559);
#1784=VERTEX_POINT('',#6563);
#1785=VERTEX_POINT('',#6565);
#1786=VERTEX_POINT('',#6569);
#1787=VERTEX_POINT('',#6571);
#1788=VERTEX_POINT('',#6575);
#1789=VERTEX_POINT('',#6577);
#1790=VERTEX_POINT('',#6581);
#1791=VERTEX_POINT('',#6583);
#1792=VERTEX_POINT('',#6587);
#1793=VERTEX_POINT('',#6589);
#1794=VERTEX_POINT('',#6593);
#1795=VERTEX_POINT('',#6595);
#1796=VERTEX_POINT('',#6599);
#1797=VERTEX_POINT('',#6601);
#1798=VERTEX_POINT('',#6605);
#1799=VERTEX_POINT('',#6607);
#1800=VERTEX_POINT('',#6611);
#1801=VERTEX_POINT('',#6613);
#1802=VERTEX_POINT('',#6617);
#1803=VERTEX_POINT('',#6619);
#1804=VERTEX_POINT('',#6623);
#1805=VERTEX_POINT('',#6625);
#1806=VERTEX_POINT('',#6639);
#1807=VERTEX_POINT('',#6640);
#1808=VERTEX_POINT('',#6656);
#1809=VERTEX_POINT('',#6657);
#1810=VERTEX_POINT('',#6659);
#1811=VERTEX_POINT('',#6664);
#1812=VERTEX_POINT('',#6665);
#1813=VERTEX_POINT('',#6670);
#1814=VERTEX_POINT('',#6672);
#1815=VERTEX_POINT('',#6676);
#1816=VERTEX_POINT('',#6677);
#1817=VERTEX_POINT('',#6681);
#1818=VERTEX_POINT('',#6682);
#1819=VERTEX_POINT('',#6684);
#1820=VERTEX_POINT('',#6689);
#1821=VERTEX_POINT('',#6690);
#1822=VERTEX_POINT('',#6695);
#1823=VERTEX_POINT('',#6696);
#1824=VERTEX_POINT('',#6700);
#1825=VERTEX_POINT('',#6701);
#1826=VERTEX_POINT('',#6718);
#1827=VERTEX_POINT('',#6719);
#1828=VERTEX_POINT('',#6721);
#1829=VERTEX_POINT('',#6723);
#1830=VERTEX_POINT('',#6727);
#1831=VERTEX_POINT('',#6729);
#1832=VERTEX_POINT('',#6731);
#1833=VERTEX_POINT('',#6733);
#1834=VERTEX_POINT('',#6735);
#1835=VERTEX_POINT('',#6737);
#1836=VERTEX_POINT('',#6741);
#1837=VERTEX_POINT('',#6743);
#1838=VERTEX_POINT('',#6745);
#1839=VERTEX_POINT('',#6749);
#1840=VERTEX_POINT('',#6751);
#1841=VERTEX_POINT('',#6755);
#1842=VERTEX_POINT('',#6757);
#1843=VERTEX_POINT('',#6759);
#1844=VERTEX_POINT('',#6763);
#1845=VERTEX_POINT('',#6765);
#1846=VERTEX_POINT('',#6771);
#1847=VERTEX_POINT('',#6772);
#1848=VERTEX_POINT('',#6774);
#1849=VERTEX_POINT('',#6776);
#1850=VERTEX_POINT('',#6780);
#1851=VERTEX_POINT('',#6782);
#1852=VERTEX_POINT('',#6786);
#1853=VERTEX_POINT('',#6788);
#1854=VERTEX_POINT('',#6796);
#1855=VERTEX_POINT('',#6797);
#1856=VERTEX_POINT('',#6799);
#1857=VERTEX_POINT('',#6801);
#1858=VERTEX_POINT('',#6805);
#1859=VERTEX_POINT('',#6807);
#1860=VERTEX_POINT('',#6811);
#1861=VERTEX_POINT('',#6813);
#1862=VERTEX_POINT('',#6821);
#1863=VERTEX_POINT('',#6823);
#1864=VERTEX_POINT('',#6827);
#1865=VERTEX_POINT('',#6829);
#1866=VERTEX_POINT('',#6833);
#1867=VERTEX_POINT('',#6835);
#1868=VERTEX_POINT('',#6839);
#1869=VERTEX_POINT('',#6841);
#1870=VERTEX_POINT('',#6845);
#1871=VERTEX_POINT('',#6847);
#1872=VERTEX_POINT('',#6851);
#1873=VERTEX_POINT('',#6853);
#1874=VERTEX_POINT('',#6857);
#1875=VERTEX_POINT('',#6859);
#1876=VERTEX_POINT('',#6863);
#1877=VERTEX_POINT('',#6865);
#1878=VERTEX_POINT('',#6869);
#1879=VERTEX_POINT('',#6871);
#1880=VERTEX_POINT('',#6875);
#1881=VERTEX_POINT('',#6877);
#1882=VERTEX_POINT('',#6881);
#1883=VERTEX_POINT('',#6883);
#1884=VERTEX_POINT('',#6887);
#1885=VERTEX_POINT('',#6889);
#1886=VERTEX_POINT('',#6893);
#1887=VERTEX_POINT('',#6895);
#1888=VERTEX_POINT('',#6909);
#1889=VERTEX_POINT('',#6910);
#1890=VERTEX_POINT('',#6912);
#1891=VERTEX_POINT('',#6914);
#1892=VERTEX_POINT('',#6918);
#1893=VERTEX_POINT('',#6920);
#1894=VERTEX_POINT('',#6924);
#1895=VERTEX_POINT('',#6926);
#1896=VERTEX_POINT('',#6935);
#1897=VERTEX_POINT('',#6936);
#1898=VERTEX_POINT('',#6938);
#1899=VERTEX_POINT('',#6940);
#1900=VERTEX_POINT('',#6944);
#1901=VERTEX_POINT('',#6946);
#1902=VERTEX_POINT('',#6950);
#1903=VERTEX_POINT('',#6952);
#1904=VERTEX_POINT('',#6964);
#1905=VERTEX_POINT('',#6965);
#1906=VERTEX_POINT('',#6967);
#1907=VERTEX_POINT('',#6969);
#1908=VERTEX_POINT('',#6973);
#1909=VERTEX_POINT('',#6974);
#1910=VERTEX_POINT('',#6976);
#1911=VERTEX_POINT('',#6978);
#1912=VERTEX_POINT('',#6982);
#1913=VERTEX_POINT('',#6983);
#1914=VERTEX_POINT('',#6988);
#1915=VERTEX_POINT('',#6989);
#1916=VERTEX_POINT('',#6994);
#1917=VERTEX_POINT('',#6996);
#1918=VERTEX_POINT('',#7000);
#1919=VERTEX_POINT('',#7002);
#1920=VERTEX_POINT('',#7006);
#1921=VERTEX_POINT('',#7008);
#1922=VERTEX_POINT('',#7010);
#1923=VERTEX_POINT('',#7012);
#1924=VERTEX_POINT('',#7014);
#1925=VERTEX_POINT('',#7017);
#1926=VERTEX_POINT('',#7019);
#1927=VERTEX_POINT('',#7021);
#1928=VERTEX_POINT('',#7023);
#1929=VERTEX_POINT('',#7025);
#1930=VERTEX_POINT('',#7027);
#1931=VERTEX_POINT('',#7029);
#1932=VERTEX_POINT('',#7032);
#1933=VERTEX_POINT('',#7034);
#1934=VERTEX_POINT('',#7038);
#1935=VERTEX_POINT('',#7040);
#1936=VERTEX_POINT('',#7044);
#1937=VERTEX_POINT('',#7046);
#1938=VERTEX_POINT('',#7050);
#1939=VERTEX_POINT('',#7052);
#1940=VERTEX_POINT('',#7054);
#1941=VERTEX_POINT('',#7056);
#1942=VERTEX_POINT('',#7058);
#1943=VERTEX_POINT('',#7060);
#1944=VERTEX_POINT('',#7062);
#1945=VERTEX_POINT('',#7065);
#1946=VERTEX_POINT('',#7067);
#1947=VERTEX_POINT('',#7069);
#1948=VERTEX_POINT('',#7071);
#1949=VERTEX_POINT('',#7074);
#1950=VERTEX_POINT('',#7076);
#1951=VERTEX_POINT('',#7081);
#1952=VERTEX_POINT('',#7113);
#1953=VERTEX_POINT('',#7115);
#1954=VERTEX_POINT('',#7122);
#1955=VERTEX_POINT('',#7124);
#1956=EDGE_CURVE('',#1574,#1575,#1370,.T.);
#1957=EDGE_CURVE('',#1575,#1576,#666,.T.);
#1958=EDGE_CURVE('',#1576,#1577,#1371,.T.);
#1959=EDGE_CURVE('',#1577,#1574,#667,.T.);
#1960=EDGE_CURVE('',#1578,#1577,#668,.T.);
#1961=EDGE_CURVE('',#1579,#1578,#669,.T.);
#1962=EDGE_CURVE('',#1579,#1580,#670,.T.);
#1963=EDGE_CURVE('',#1580,#1574,#671,.T.);
#1964=EDGE_CURVE('',#1581,#1576,#672,.T.);
#1965=EDGE_CURVE('',#1582,#1581,#673,.T.);
#1966=EDGE_CURVE('',#1578,#1582,#674,.T.);
#1967=EDGE_CURVE('',#1583,#1584,#1372,.T.);
#1968=EDGE_CURVE('',#1584,#1585,#675,.T.);
#1969=EDGE_CURVE('',#1585,#1586,#1373,.T.);
#1970=EDGE_CURVE('',#1586,#1583,#676,.T.);
#1971=EDGE_CURVE('',#1587,#1586,#677,.T.);
#1972=EDGE_CURVE('',#1588,#1587,#678,.T.);
#1973=EDGE_CURVE('',#1589,#1588,#679,.T.);
#1974=EDGE_CURVE('',#1589,#1583,#680,.T.);
#1975=EDGE_CURVE('',#1590,#1585,#681,.T.);
#1976=EDGE_CURVE('',#1591,#1590,#682,.T.);
#1977=EDGE_CURVE('',#1587,#1591,#683,.T.);
#1978=EDGE_CURVE('',#1592,#1593,#1374,.T.);
#1979=EDGE_CURVE('',#1593,#1594,#684,.T.);
#1980=EDGE_CURVE('',#1594,#1595,#1375,.T.);
#1981=EDGE_CURVE('',#1595,#1592,#685,.T.);
#1982=EDGE_CURVE('',#1593,#1596,#686,.T.);
#1983=EDGE_CURVE('',#1596,#1597,#687,.T.);
#1984=EDGE_CURVE('',#1597,#1594,#688,.T.);
#1985=EDGE_CURVE('',#1598,#1592,#689,.T.);
#1986=EDGE_CURVE('',#1599,#1598,#690,.T.);
#1987=EDGE_CURVE('',#1599,#1596,#691,.T.);
#1988=EDGE_CURVE('',#1600,#1601,#1376,.T.);
#1989=EDGE_CURVE('',#1601,#1602,#692,.T.);
#1990=EDGE_CURVE('',#1602,#1603,#1377,.T.);
#1991=EDGE_CURVE('',#1603,#1600,#693,.T.);
#1992=EDGE_CURVE('',#1601,#1604,#694,.T.);
#1993=EDGE_CURVE('',#1604,#1605,#695,.T.);
#1994=EDGE_CURVE('',#1605,#1602,#696,.T.);
#1995=EDGE_CURVE('',#1606,#1600,#697,.T.);
#1996=EDGE_CURVE('',#1606,#1607,#698,.T.);
#1997=EDGE_CURVE('',#1607,#1604,#699,.T.);
#1998=EDGE_CURVE('',#1608,#1609,#110,.T.);
#1999=EDGE_CURVE('',#1610,#1609,#700,.T.);
#2000=EDGE_CURVE('',#1610,#1611,#701,.T.);
#2001=EDGE_CURVE('',#1611,#1608,#702,.T.);
#2002=EDGE_CURVE('',#1612,#1613,#703,.T.);
#2003=EDGE_CURVE('',#1613,#1611,#94,.T.);
#2004=EDGE_CURVE('',#1612,#1610,#95,.T.);
#2005=EDGE_CURVE('',#1614,#1615,#704,.T.);
#2006=EDGE_CURVE('',#1615,#1613,#705,.T.);
#2007=EDGE_CURVE('',#1614,#1612,#706,.T.);
#2008=EDGE_CURVE('',#1616,#1614,#707,.T.);
#2009=EDGE_CURVE('',#1616,#1617,#708,.T.);
#2010=EDGE_CURVE('',#1617,#1615,#709,.T.);
#2011=EDGE_CURVE('',#1618,#1619,#710,.T.);
#2012=EDGE_CURVE('',#1619,#1617,#96,.T.);
#2013=EDGE_CURVE('',#1618,#1616,#97,.T.);
#2014=EDGE_CURVE('',#1620,#1621,#111,.T.);
#2015=EDGE_CURVE('',#1621,#1619,#711,.T.);
#2016=EDGE_CURVE('',#1620,#1618,#712,.T.);
#2017=EDGE_CURVE('',#1621,#1622,#1378,.T.);
#2018=EDGE_CURVE('',#1622,#1623,#1379,.T.);
#2019=EDGE_CURVE('',#1623,#1624,#713,.T.);
#2020=EDGE_CURVE('',#1624,#1625,#714,.T.);
#2021=EDGE_CURVE('',#1625,#1599,#715,.T.);
#2022=EDGE_CURVE('',#1598,#1626,#716,.T.);
#2023=EDGE_CURVE('',#1626,#1587,#717,.T.);
#2024=EDGE_CURVE('',#1591,#1627,#718,.T.);
#2025=EDGE_CURVE('',#1627,#1580,#719,.T.);
#2026=EDGE_CURVE('',#1580,#1628,#720,.T.);
#2027=EDGE_CURVE('',#1628,#1608,#1380,.T.);
#2028=EDGE_CURVE('',#1620,#1629,#1381,.T.);
#2029=EDGE_CURVE('',#1629,#1622,#721,.T.);
#2030=EDGE_CURVE('',#1627,#1630,#722,.T.);
#2031=EDGE_CURVE('',#1575,#1630,#723,.T.);
#2032=EDGE_CURVE('',#1582,#1631,#724,.T.);
#2033=EDGE_CURVE('',#1630,#1581,#725,.T.);
#2034=EDGE_CURVE('',#1631,#1627,#726,.T.);
#2035=EDGE_CURVE('',#1625,#1605,#727,.T.);
#2036=EDGE_CURVE('',#1624,#1603,#728,.T.);
#2037=EDGE_CURVE('',#1607,#1632,#729,.T.);
#2038=EDGE_CURVE('',#1625,#1632,#730,.T.);
#2039=EDGE_CURVE('',#1633,#1624,#731,.T.);
#2040=EDGE_CURVE('',#1633,#1606,#732,.T.);
#2041=EDGE_CURVE('',#1634,#1635,#733,.T.);
#2042=EDGE_CURVE('',#1635,#1597,#734,.T.);
#2043=EDGE_CURVE('',#1634,#1599,#735,.T.);
#2044=EDGE_CURVE('',#1636,#1595,#736,.T.);
#2045=EDGE_CURVE('',#1636,#1637,#737,.T.);
#2046=EDGE_CURVE('',#1637,#1598,#738,.T.);
#2047=EDGE_CURVE('',#1635,#1636,#739,.T.);
#2048=EDGE_CURVE('',#1638,#1639,#740,.T.);
#2049=EDGE_CURVE('',#1591,#1638,#741,.T.);
#2050=EDGE_CURVE('',#1640,#1590,#742,.T.);
#2051=EDGE_CURVE('',#1639,#1640,#743,.T.);
#2052=EDGE_CURVE('',#1639,#1589,#744,.T.);
#2053=EDGE_CURVE('',#1584,#1640,#745,.T.);
#2054=EDGE_CURVE('',#1641,#1628,#746,.T.);
#2055=EDGE_CURVE('',#1641,#1609,#1382,.T.);
#2056=EDGE_CURVE('',#1642,#1643,#1383,.T.);
#2057=EDGE_CURVE('',#1642,#1644,#747,.T.);
#2058=EDGE_CURVE('',#1645,#1644,#1384,.T.);
#2059=EDGE_CURVE('',#1643,#1645,#748,.T.);
#2060=EDGE_CURVE('',#1643,#1620,#749,.T.);
#2061=EDGE_CURVE('',#1646,#1645,#750,.T.);
#2062=EDGE_CURVE('',#1620,#1646,#751,.T.);
#2063=EDGE_CURVE('',#1647,#1646,#1385,.T.);
#2064=EDGE_CURVE('',#1629,#1647,#752,.T.);
#2065=EDGE_CURVE('',#1648,#1647,#1386,.T.);
#2066=EDGE_CURVE('',#1648,#1623,#753,.T.);
#2067=EDGE_CURVE('',#1633,#1648,#754,.T.);
#2068=EDGE_CURVE('',#1634,#1632,#755,.T.);
#2069=EDGE_CURVE('',#1649,#1637,#756,.T.);
#2070=EDGE_CURVE('',#1649,#1626,#757,.T.);
#2071=EDGE_CURVE('',#1588,#1649,#758,.T.);
#2072=EDGE_CURVE('',#1631,#1638,#759,.T.);
#2073=EDGE_CURVE('',#1650,#1579,#760,.T.);
#2074=EDGE_CURVE('',#1641,#1650,#761,.T.);
#2075=EDGE_CURVE('',#1651,#1650,#1387,.T.);
#2076=EDGE_CURVE('',#1609,#1651,#762,.T.);
#2077=EDGE_CURVE('',#1609,#1652,#763,.T.);
#2078=EDGE_CURVE('',#1653,#1651,#764,.T.);
#2079=EDGE_CURVE('',#1652,#1653,#765,.T.);
#2080=EDGE_CURVE('',#1652,#1654,#1388,.T.);
#2081=EDGE_CURVE('',#1655,#1653,#1389,.T.);
#2082=EDGE_CURVE('',#1654,#1655,#766,.T.);
#2083=EDGE_CURVE('',#1656,#1657,#1390,.T.);
#2084=EDGE_CURVE('',#1658,#1657,#767,.T.);
#2085=EDGE_CURVE('',#1658,#1659,#1391,.T.);
#2086=EDGE_CURVE('',#1656,#1659,#768,.T.);
#2087=EDGE_CURVE('',#1657,#1660,#769,.T.);
#2088=EDGE_CURVE('',#1660,#1661,#770,.T.);
#2089=EDGE_CURVE('',#1661,#1658,#771,.T.);
#2090=EDGE_CURVE('',#1660,#1662,#1392,.T.);
#2091=EDGE_CURVE('',#1663,#1662,#772,.T.);
#2092=EDGE_CURVE('',#1663,#1661,#1393,.T.);
#2093=EDGE_CURVE('',#1664,#1665,#1394,.T.);
#2094=EDGE_CURVE('',#1665,#1666,#773,.T.);
#2095=EDGE_CURVE('',#1666,#1667,#1395,.T.);
#2096=EDGE_CURVE('',#1667,#1664,#774,.T.);
#2097=EDGE_CURVE('',#1665,#1668,#775,.T.);
#2098=EDGE_CURVE('',#1668,#1669,#776,.T.);
#2099=EDGE_CURVE('',#1669,#1666,#777,.T.);
#2100=EDGE_CURVE('',#1668,#1670,#1396,.T.);
#2101=EDGE_CURVE('',#1670,#1671,#778,.T.);
#2102=EDGE_CURVE('',#1671,#1669,#1397,.T.);
#2103=EDGE_CURVE('',#1670,#1672,#779,.T.);
#2104=EDGE_CURVE('',#1672,#1673,#780,.T.);
#2105=EDGE_CURVE('',#1673,#1671,#781,.T.);
#2106=EDGE_CURVE('',#1672,#1674,#1398,.T.);
#2107=EDGE_CURVE('',#1674,#1675,#782,.T.);
#2108=EDGE_CURVE('',#1675,#1673,#1399,.T.);
#2109=EDGE_CURVE('',#1674,#1676,#783,.T.);
#2110=EDGE_CURVE('',#1676,#1677,#784,.T.);
#2111=EDGE_CURVE('',#1677,#1675,#785,.T.);
#2112=EDGE_CURVE('',#1676,#1678,#1400,.T.);
#2113=EDGE_CURVE('',#1678,#1679,#786,.T.);
#2114=EDGE_CURVE('',#1679,#1677,#1401,.T.);
#2115=EDGE_CURVE('',#1678,#1680,#1402,.T.);
#2116=EDGE_CURVE('',#1680,#1681,#787,.T.);
#2117=EDGE_CURVE('',#1681,#1679,#1403,.T.);
#2118=EDGE_CURVE('',#1680,#1682,#1404,.T.);
#2119=EDGE_CURVE('',#1682,#1683,#788,.T.);
#2120=EDGE_CURVE('',#1683,#1681,#1405,.T.);
#2121=EDGE_CURVE('',#1682,#1684,#789,.T.);
#2122=EDGE_CURVE('',#1684,#1685,#790,.T.);
#2123=EDGE_CURVE('',#1685,#1683,#791,.T.);
#2124=EDGE_CURVE('',#1684,#1686,#1406,.T.);
#2125=EDGE_CURVE('',#1686,#1687,#792,.T.);
#2126=EDGE_CURVE('',#1687,#1685,#1407,.T.);
#2127=EDGE_CURVE('',#1686,#1688,#793,.T.);
#2128=EDGE_CURVE('',#1688,#1689,#794,.T.);
#2129=EDGE_CURVE('',#1689,#1687,#795,.T.);
#2130=EDGE_CURVE('',#1688,#1690,#1408,.T.);
#2131=EDGE_CURVE('',#1690,#1691,#796,.T.);
#2132=EDGE_CURVE('',#1691,#1689,#1409,.T.);
#2133=EDGE_CURVE('',#1690,#1692,#797,.T.);
#2134=EDGE_CURVE('',#1692,#1693,#798,.T.);
#2135=EDGE_CURVE('',#1693,#1691,#799,.T.);
#2136=EDGE_CURVE('',#1692,#1694,#1410,.T.);
#2137=EDGE_CURVE('',#1694,#1695,#800,.T.);
#2138=EDGE_CURVE('',#1695,#1693,#1411,.T.);
#2139=EDGE_CURVE('',#1694,#1696,#1412,.T.);
#2140=EDGE_CURVE('',#1696,#1697,#801,.T.);
#2141=EDGE_CURVE('',#1697,#1695,#1413,.T.);
#2142=EDGE_CURVE('',#1696,#1698,#1414,.T.);
#2143=EDGE_CURVE('',#1698,#1699,#802,.T.);
#2144=EDGE_CURVE('',#1699,#1697,#1415,.T.);
#2145=EDGE_CURVE('',#1698,#1700,#1416,.T.);
#2146=EDGE_CURVE('',#1700,#1701,#803,.T.);
#2147=EDGE_CURVE('',#1701,#1699,#1417,.T.);
#2148=EDGE_CURVE('',#1700,#1702,#804,.T.);
#2149=EDGE_CURVE('',#1702,#1703,#805,.T.);
#2150=EDGE_CURVE('',#1703,#1701,#806,.T.);
#2151=EDGE_CURVE('',#1702,#1704,#1418,.T.);
#2152=EDGE_CURVE('',#1705,#1704,#807,.T.);
#2153=EDGE_CURVE('',#1705,#1703,#1419,.T.);
#2154=EDGE_CURVE('',#1706,#1707,#808,.T.);
#2155=EDGE_CURVE('',#1707,#1708,#98,.T.);
#2156=EDGE_CURVE('',#1708,#1709,#90,.T.);
#2157=EDGE_CURVE('',#1709,#1710,#809,.T.);
#2158=EDGE_CURVE('',#1710,#1711,#810,.T.);
#2159=EDGE_CURVE('',#1711,#1712,#99,.T.);
#2160=EDGE_CURVE('',#1712,#1713,#91,.T.);
#2161=EDGE_CURVE('',#1713,#1714,#100,.T.);
#2162=EDGE_CURVE('',#1714,#1715,#811,.T.);
#2163=EDGE_CURVE('',#1706,#1715,#812,.T.);
#2164=EDGE_CURVE('',#1709,#1716,#101,.T.);
#2165=EDGE_CURVE('',#1716,#1717,#102,.T.);
#2166=EDGE_CURVE('',#1717,#1654,#1420,.T.);
#2167=EDGE_CURVE('',#1655,#1710,#1421,.T.);
#2168=EDGE_CURVE('',#1642,#1718,#1422,.T.);
#2169=EDGE_CURVE('',#1718,#1719,#103,.T.);
#2170=EDGE_CURVE('',#1719,#1720,#104,.T.);
#2171=EDGE_CURVE('',#1720,#1721,#813,.T.);
#2172=EDGE_CURVE('',#1721,#1644,#1423,.T.);
#2173=EDGE_CURVE('',#1720,#1722,#92,.T.);
#2174=EDGE_CURVE('',#1722,#1723,#105,.T.);
#2175=EDGE_CURVE('',#1723,#1724,#814,.T.);
#2176=EDGE_CURVE('',#1724,#1725,#815,.T.);
#2177=EDGE_CURVE('',#1725,#1726,#816,.T.);
#2178=EDGE_CURVE('',#1726,#1727,#106,.T.);
#2179=EDGE_CURVE('',#1727,#1728,#93,.T.);
#2180=EDGE_CURVE('',#1728,#1729,#107,.T.);
#2181=EDGE_CURVE('',#1729,#1721,#817,.T.);
#2182=EDGE_CURVE('',#1724,#1730,#1424,.T.);
#2183=EDGE_CURVE('',#1731,#1730,#818,.T.);
#2184=EDGE_CURVE('',#1731,#1725,#1425,.T.);
#2185=EDGE_CURVE('',#1732,#1706,#1426,.T.);
#2186=EDGE_CURVE('',#1715,#1733,#1427,.T.);
#2187=EDGE_CURVE('',#1733,#1732,#819,.T.);
#2188=EDGE_CURVE('',#1734,#1735,#1428,.T.);
#2189=EDGE_CURVE('',#1735,#1736,#820,.T.);
#2190=EDGE_CURVE('',#1736,#1737,#1429,.T.);
#2191=EDGE_CURVE('',#1737,#1734,#821,.T.);
#2192=EDGE_CURVE('',#1735,#1738,#822,.T.);
#2193=EDGE_CURVE('',#1738,#1739,#823,.T.);
#2194=EDGE_CURVE('',#1739,#1736,#824,.T.);
#2195=EDGE_CURVE('',#1738,#1740,#1430,.T.);
#2196=EDGE_CURVE('',#1740,#1741,#825,.T.);
#2197=EDGE_CURVE('',#1741,#1739,#1431,.T.);
#2198=EDGE_CURVE('',#1740,#1742,#1432,.T.);
#2199=EDGE_CURVE('',#1742,#1743,#826,.T.);
#2200=EDGE_CURVE('',#1743,#1741,#1433,.T.);
#2201=EDGE_CURVE('',#1742,#1744,#1434,.T.);
#2202=EDGE_CURVE('',#1744,#1745,#827,.T.);
#2203=EDGE_CURVE('',#1745,#1743,#1435,.T.);
#2204=EDGE_CURVE('',#1744,#1746,#1436,.T.);
#2205=EDGE_CURVE('',#1746,#1747,#828,.T.);
#2206=EDGE_CURVE('',#1747,#1745,#1437,.T.);
#2207=EDGE_CURVE('',#1746,#1748,#829,.T.);
#2208=EDGE_CURVE('',#1748,#1749,#830,.T.);
#2209=EDGE_CURVE('',#1749,#1747,#831,.T.);
#2210=EDGE_CURVE('',#1748,#1750,#1438,.T.);
#2211=EDGE_CURVE('',#1750,#1751,#832,.T.);
#2212=EDGE_CURVE('',#1751,#1749,#1439,.T.);
#2213=EDGE_CURVE('',#1750,#1752,#833,.T.);
#2214=EDGE_CURVE('',#1752,#1753,#834,.T.);
#2215=EDGE_CURVE('',#1753,#1751,#835,.T.);
#2216=EDGE_CURVE('',#1752,#1754,#1440,.T.);
#2217=EDGE_CURVE('',#1754,#1755,#836,.T.);
#2218=EDGE_CURVE('',#1755,#1753,#1441,.T.);
#2219=EDGE_CURVE('',#1754,#1756,#837,.T.);
#2220=EDGE_CURVE('',#1756,#1757,#838,.T.);
#2221=EDGE_CURVE('',#1757,#1755,#839,.T.);
#2222=EDGE_CURVE('',#1756,#1758,#1442,.T.);
#2223=EDGE_CURVE('',#1758,#1759,#840,.T.);
#2224=EDGE_CURVE('',#1759,#1757,#1443,.T.);
#2225=EDGE_CURVE('',#1758,#1760,#1444,.T.);
#2226=EDGE_CURVE('',#1760,#1761,#841,.T.);
#2227=EDGE_CURVE('',#1761,#1759,#1445,.T.);
#2228=EDGE_CURVE('',#1760,#1762,#1446,.T.);
#2229=EDGE_CURVE('',#1762,#1763,#842,.T.);
#2230=EDGE_CURVE('',#1763,#1761,#1447,.T.);
#2231=EDGE_CURVE('',#1762,#1764,#843,.T.);
#2232=EDGE_CURVE('',#1764,#1765,#844,.T.);
#2233=EDGE_CURVE('',#1765,#1763,#845,.T.);
#2234=EDGE_CURVE('',#1764,#1766,#1448,.T.);
#2235=EDGE_CURVE('',#1766,#1767,#846,.T.);
#2236=EDGE_CURVE('',#1767,#1765,#1449,.T.);
#2237=EDGE_CURVE('',#1766,#1768,#847,.T.);
#2238=EDGE_CURVE('',#1768,#1769,#848,.T.);
#2239=EDGE_CURVE('',#1769,#1767,#849,.T.);
#2240=EDGE_CURVE('',#1768,#1770,#1450,.T.);
#2241=EDGE_CURVE('',#1770,#1771,#850,.T.);
#2242=EDGE_CURVE('',#1771,#1769,#1451,.T.);
#2243=EDGE_CURVE('',#1770,#1772,#851,.T.);
#2244=EDGE_CURVE('',#1772,#1773,#852,.T.);
#2245=EDGE_CURVE('',#1773,#1771,#853,.T.);
#2246=EDGE_CURVE('',#1772,#1774,#1452,.T.);
#2247=EDGE_CURVE('',#1775,#1774,#854,.T.);
#2248=EDGE_CURVE('',#1775,#1773,#1453,.T.);
#2249=EDGE_CURVE('',#1776,#1777,#1454,.T.);
#2250=EDGE_CURVE('',#1777,#1778,#855,.T.);
#2251=EDGE_CURVE('',#1778,#1779,#1455,.T.);
#2252=EDGE_CURVE('',#1779,#1776,#856,.T.);
#2253=EDGE_CURVE('',#1777,#1780,#857,.T.);
#2254=EDGE_CURVE('',#1780,#1781,#858,.T.);
#2255=EDGE_CURVE('',#1781,#1778,#859,.T.);
#2256=EDGE_CURVE('',#1780,#1782,#1456,.T.);
#2257=EDGE_CURVE('',#1782,#1783,#860,.T.);
#2258=EDGE_CURVE('',#1783,#1781,#1457,.T.);
#2259=EDGE_CURVE('',#1782,#1784,#1458,.T.);
#2260=EDGE_CURVE('',#1784,#1785,#861,.T.);
#2261=EDGE_CURVE('',#1785,#1783,#1459,.T.);
#2262=EDGE_CURVE('',#1784,#1786,#1460,.T.);
#2263=EDGE_CURVE('',#1786,#1787,#862,.T.);
#2264=EDGE_CURVE('',#1787,#1785,#1461,.T.);
#2265=EDGE_CURVE('',#1786,#1788,#1462,.T.);
#2266=EDGE_CURVE('',#1788,#1789,#863,.T.);
#2267=EDGE_CURVE('',#1789,#1787,#1463,.T.);
#2268=EDGE_CURVE('',#1788,#1790,#864,.T.);
#2269=EDGE_CURVE('',#1790,#1791,#865,.T.);
#2270=EDGE_CURVE('',#1791,#1789,#866,.T.);
#2271=EDGE_CURVE('',#1790,#1792,#1464,.T.);
#2272=EDGE_CURVE('',#1792,#1793,#867,.T.);
#2273=EDGE_CURVE('',#1793,#1791,#1465,.T.);
#2274=EDGE_CURVE('',#1792,#1794,#868,.T.);
#2275=EDGE_CURVE('',#1794,#1795,#869,.T.);
#2276=EDGE_CURVE('',#1795,#1793,#870,.T.);
#2277=EDGE_CURVE('',#1794,#1796,#871,.T.);
#2278=EDGE_CURVE('',#1796,#1797,#872,.T.);
#2279=EDGE_CURVE('',#1797,#1795,#873,.T.);
#2280=EDGE_CURVE('',#1796,#1798,#1466,.T.);
#2281=EDGE_CURVE('',#1798,#1799,#874,.T.);
#2282=EDGE_CURVE('',#1799,#1797,#1467,.T.);
#2283=EDGE_CURVE('',#1798,#1800,#875,.T.);
#2284=EDGE_CURVE('',#1800,#1801,#876,.T.);
#2285=EDGE_CURVE('',#1801,#1799,#877,.T.);
#2286=EDGE_CURVE('',#1800,#1802,#1468,.T.);
#2287=EDGE_CURVE('',#1802,#1803,#878,.T.);
#2288=EDGE_CURVE('',#1803,#1801,#1469,.T.);
#2289=EDGE_CURVE('',#1802,#1804,#1470,.T.);
#2290=EDGE_CURVE('',#1804,#1805,#879,.T.);
#2291=EDGE_CURVE('',#1805,#1803,#1471,.T.);
#2292=EDGE_CURVE('',#1804,#1656,#1472,.T.);
#2293=EDGE_CURVE('',#1659,#1805,#1473,.T.);
#2294=EDGE_CURVE('',#1774,#1776,#1474,.T.);
#2295=EDGE_CURVE('',#1730,#1734,#1475,.T.);
#2296=EDGE_CURVE('',#1723,#1707,#1476,.T.);
#2297=EDGE_CURVE('',#1704,#1732,#1477,.T.);
#2298=EDGE_CURVE('',#1662,#1664,#1478,.T.);
#2299=EDGE_CURVE('',#1729,#1711,#1479,.T.);
#2300=EDGE_CURVE('',#1806,#1807,#1480,.T.);
#2301=EDGE_CURVE('',#1807,#1806,#1481,.T.);
#2302=EDGE_CURVE('',#1728,#1712,#1482,.T.);
#2303=EDGE_CURVE('',#1731,#1737,#1483,.T.);
#2304=EDGE_CURVE('',#1705,#1733,#1484,.T.);
#2305=EDGE_CURVE('',#1775,#1779,#1485,.T.);
#2306=EDGE_CURVE('',#1727,#1713,#1486,.T.);
#2307=EDGE_CURVE('',#1726,#1714,#1487,.T.);
#2308=EDGE_CURVE('',#1808,#1809,#1488,.T.);
#2309=EDGE_CURVE('',#1810,#1808,#1489,.T.);
#2310=EDGE_CURVE('',#1810,#1807,#1490,.T.);
#2311=EDGE_CURVE('',#1809,#1810,#1491,.T.);
#2312=EDGE_CURVE('',#1811,#1812,#1492,.T.);
#2313=EDGE_CURVE('',#1812,#1811,#1493,.T.);
#2314=EDGE_CURVE('',#1812,#1809,#880,.T.);
#2315=EDGE_CURVE('',#1812,#1813,#881,.T.);
#2316=EDGE_CURVE('',#1814,#1813,#1494,.T.);
#2317=EDGE_CURVE('',#1813,#1814,#1495,.T.);
#2318=EDGE_CURVE('',#1815,#1816,#1496,.T.);
#2319=EDGE_CURVE('',#1816,#1815,#1497,.T.);
#2320=EDGE_CURVE('',#1817,#1818,#1498,.T.);
#2321=EDGE_CURVE('',#1819,#1817,#1499,.T.);
#2322=EDGE_CURVE('',#1819,#1816,#1500,.T.);
#2323=EDGE_CURVE('',#1818,#1819,#1501,.T.);
#2324=EDGE_CURVE('',#1820,#1821,#1502,.T.);
#2325=EDGE_CURVE('',#1821,#1820,#1503,.T.);
#2326=EDGE_CURVE('',#1821,#1818,#882,.T.);
#2327=EDGE_CURVE('',#1822,#1823,#1504,.T.);
#2328=EDGE_CURVE('',#1823,#1822,#1505,.T.);
#2329=EDGE_CURVE('',#1824,#1825,#1506,.T.);
#2330=EDGE_CURVE('',#1825,#1824,#1507,.T.);
#2331=EDGE_CURVE('',#1825,#1823,#883,.T.);
#2332=EDGE_CURVE('',#1718,#1717,#1508,.T.);
#2333=EDGE_CURVE('',#1719,#1716,#1509,.T.);
#2334=EDGE_CURVE('',#1722,#1708,#1510,.T.);
#2335=EDGE_CURVE('',#1663,#1667,#1511,.T.);
#2336=EDGE_CURVE('',#1826,#1827,#1512,.T.);
#2337=EDGE_CURVE('',#1827,#1828,#884,.T.);
#2338=EDGE_CURVE('',#1828,#1829,#1513,.F.);
#2339=EDGE_CURVE('',#1829,#1826,#885,.T.);
#2340=EDGE_CURVE('',#1826,#1830,#886,.T.);
#2341=EDGE_CURVE('',#1831,#1830,#1514,.T.);
#2342=EDGE_CURVE('',#1831,#1832,#887,.T.);
#2343=EDGE_CURVE('',#1833,#1832,#1515,.T.);
#2344=EDGE_CURVE('',#1833,#1834,#888,.T.);
#2345=EDGE_CURVE('',#1835,#1834,#1516,.T.);
#2346=EDGE_CURVE('',#1835,#1827,#889,.T.);
#2347=EDGE_CURVE('',#1836,#1829,#890,.T.);
#2348=EDGE_CURVE('',#1837,#1836,#891,.T.);
#2349=EDGE_CURVE('',#1837,#1838,#892,.T.);
#2350=EDGE_CURVE('',#1838,#1830,#893,.T.);
#2351=EDGE_CURVE('',#1834,#1839,#894,.T.);
#2352=EDGE_CURVE('',#1839,#1840,#1517,.F.);
#2353=EDGE_CURVE('',#1840,#1835,#895,.T.);
#2354=EDGE_CURVE('',#1839,#1841,#896,.T.);
#2355=EDGE_CURVE('',#1842,#1833,#897,.T.);
#2356=EDGE_CURVE('',#1842,#1843,#898,.T.);
#2357=EDGE_CURVE('',#1843,#1841,#899,.T.);
#2358=EDGE_CURVE('',#1844,#1831,#900,.T.);
#2359=EDGE_CURVE('',#1844,#1845,#901,.T.);
#2360=EDGE_CURVE('',#1845,#1832,#902,.T.);
#2361=EDGE_CURVE('',#1828,#1840,#903,.T.);
#2362=EDGE_CURVE('',#1846,#1847,#904,.T.);
#2363=EDGE_CURVE('',#1846,#1848,#905,.T.);
#2364=EDGE_CURVE('',#1848,#1849,#906,.T.);
#2365=EDGE_CURVE('',#1847,#1849,#907,.T.);
#2366=EDGE_CURVE('',#1850,#1846,#908,.T.);
#2367=EDGE_CURVE('',#1850,#1851,#909,.T.);
#2368=EDGE_CURVE('',#1851,#1848,#910,.T.);
#2369=EDGE_CURVE('',#1852,#1850,#911,.T.);
#2370=EDGE_CURVE('',#1852,#1853,#912,.T.);
#2371=EDGE_CURVE('',#1853,#1851,#913,.T.);
#2372=EDGE_CURVE('',#1847,#1852,#914,.T.);
#2373=EDGE_CURVE('',#1849,#1853,#915,.T.);
#2374=EDGE_CURVE('',#1854,#1855,#916,.T.);
#2375=EDGE_CURVE('',#1854,#1856,#917,.T.);
#2376=EDGE_CURVE('',#1856,#1857,#918,.T.);
#2377=EDGE_CURVE('',#1855,#1857,#919,.T.);
#2378=EDGE_CURVE('',#1858,#1854,#920,.T.);
#2379=EDGE_CURVE('',#1858,#1859,#921,.T.);
#2380=EDGE_CURVE('',#1859,#1856,#922,.T.);
#2381=EDGE_CURVE('',#1860,#1858,#923,.T.);
#2382=EDGE_CURVE('',#1860,#1861,#924,.T.);
#2383=EDGE_CURVE('',#1861,#1859,#925,.T.);
#2384=EDGE_CURVE('',#1855,#1860,#926,.T.);
#2385=EDGE_CURVE('',#1857,#1861,#927,.T.);
#2386=EDGE_CURVE('',#1862,#1862,#1518,.T.);
#2387=EDGE_CURVE('',#1862,#1863,#928,.T.);
#2388=EDGE_CURVE('',#1863,#1863,#1519,.T.);
#2389=EDGE_CURVE('',#1864,#1837,#1520,.T.);
#2390=EDGE_CURVE('',#1865,#1836,#1521,.T.);
#2391=EDGE_CURVE('',#1864,#1865,#929,.T.);
#2392=EDGE_CURVE('',#1866,#1864,#930,.T.);
#2393=EDGE_CURVE('',#1867,#1865,#931,.T.);
#2394=EDGE_CURVE('',#1866,#1867,#932,.T.);
#2395=EDGE_CURVE('',#1868,#1866,#1522,.T.);
#2396=EDGE_CURVE('',#1869,#1867,#1523,.T.);
#2397=EDGE_CURVE('',#1868,#1869,#933,.T.);
#2398=EDGE_CURVE('',#1870,#1868,#934,.T.);
#2399=EDGE_CURVE('',#1871,#1869,#935,.T.);
#2400=EDGE_CURVE('',#1870,#1871,#936,.T.);
#2401=EDGE_CURVE('',#1872,#1870,#1524,.T.);
#2402=EDGE_CURVE('',#1873,#1871,#1525,.T.);
#2403=EDGE_CURVE('',#1872,#1873,#937,.T.);
#2404=EDGE_CURVE('',#1874,#1872,#1526,.T.);
#2405=EDGE_CURVE('',#1875,#1873,#1527,.T.);
#2406=EDGE_CURVE('',#1874,#1875,#938,.T.);
#2407=EDGE_CURVE('',#1876,#1874,#1528,.T.);
#2408=EDGE_CURVE('',#1877,#1875,#1529,.T.);
#2409=EDGE_CURVE('',#1876,#1877,#939,.T.);
#2410=EDGE_CURVE('',#1878,#1876,#1530,.T.);
#2411=EDGE_CURVE('',#1879,#1877,#1531,.T.);
#2412=EDGE_CURVE('',#1878,#1879,#940,.T.);
#2413=EDGE_CURVE('',#1880,#1878,#1532,.T.);
#2414=EDGE_CURVE('',#1881,#1879,#1533,.T.);
#2415=EDGE_CURVE('',#1880,#1881,#941,.T.);
#2416=EDGE_CURVE('',#1882,#1880,#942,.T.);
#2417=EDGE_CURVE('',#1883,#1881,#943,.T.);
#2418=EDGE_CURVE('',#1882,#1883,#944,.T.);
#2419=EDGE_CURVE('',#1884,#1882,#1534,.T.);
#2420=EDGE_CURVE('',#1885,#1883,#1535,.T.);
#2421=EDGE_CURVE('',#1884,#1885,#945,.T.);
#2422=EDGE_CURVE('',#1886,#1884,#946,.T.);
#2423=EDGE_CURVE('',#1887,#1885,#947,.T.);
#2424=EDGE_CURVE('',#1886,#1887,#948,.T.);
#2425=EDGE_CURVE('',#1843,#1886,#1536,.T.);
#2426=EDGE_CURVE('',#1841,#1887,#1537,.T.);
#2427=EDGE_CURVE('',#1845,#1842,#1538,.T.);
#2428=EDGE_CURVE('',#1838,#1844,#1539,.T.);
#2429=EDGE_CURVE('',#1888,#1889,#949,.T.);
#2430=EDGE_CURVE('',#1888,#1890,#950,.T.);
#2431=EDGE_CURVE('',#1891,#1890,#951,.T.);
#2432=EDGE_CURVE('',#1889,#1891,#952,.T.);
#2433=EDGE_CURVE('',#1889,#1892,#953,.T.);
#2434=EDGE_CURVE('',#1893,#1891,#954,.T.);
#2435=EDGE_CURVE('',#1892,#1893,#955,.T.);
#2436=EDGE_CURVE('',#1892,#1894,#956,.T.);
#2437=EDGE_CURVE('',#1895,#1893,#957,.T.);
#2438=EDGE_CURVE('',#1894,#1895,#958,.T.);
#2439=EDGE_CURVE('',#1894,#1888,#959,.T.);
#2440=EDGE_CURVE('',#1890,#1895,#960,.T.);
#2441=EDGE_CURVE('',#1896,#1897,#961,.T.);
#2442=EDGE_CURVE('',#1896,#1898,#962,.T.);
#2443=EDGE_CURVE('',#1899,#1898,#963,.T.);
#2444=EDGE_CURVE('',#1897,#1899,#964,.T.);
#2445=EDGE_CURVE('',#1897,#1900,#965,.T.);
#2446=EDGE_CURVE('',#1901,#1899,#966,.T.);
#2447=EDGE_CURVE('',#1900,#1901,#967,.T.);
#2448=EDGE_CURVE('',#1900,#1902,#968,.T.);
#2449=EDGE_CURVE('',#1903,#1901,#969,.T.);
#2450=EDGE_CURVE('',#1902,#1903,#970,.T.);
#2451=EDGE_CURVE('',#1902,#1896,#971,.T.);
#2452=EDGE_CURVE('',#1898,#1903,#972,.T.);
#2453=EDGE_CURVE('',#1904,#1905,#973,.T.);
#2454=EDGE_CURVE('',#1906,#1904,#1540,.T.);
#2455=EDGE_CURVE('',#1907,#1906,#974,.T.);
#2456=EDGE_CURVE('',#1905,#1907,#1541,.T.);
#2457=EDGE_CURVE('',#1908,#1909,#975,.T.);
#2458=EDGE_CURVE('',#1910,#1908,#1542,.T.);
#2459=EDGE_CURVE('',#1911,#1910,#976,.T.);
#2460=EDGE_CURVE('',#1909,#1911,#1543,.T.);
#2461=EDGE_CURVE('',#1912,#1913,#977,.T.);
#2462=EDGE_CURVE('',#1911,#1912,#978,.T.);
#2463=EDGE_CURVE('',#1913,#1910,#979,.T.);
#2464=EDGE_CURVE('',#1914,#1915,#980,.T.);
#2465=EDGE_CURVE('',#1907,#1914,#981,.T.);
#2466=EDGE_CURVE('',#1915,#1906,#982,.T.);
#2467=EDGE_CURVE('',#1916,#1909,#983,.T.);
#2468=EDGE_CURVE('',#1916,#1917,#984,.T.);
#2469=EDGE_CURVE('',#1908,#1917,#985,.T.);
#2470=EDGE_CURVE('',#1915,#1918,#1544,.T.);
#2471=EDGE_CURVE('',#1918,#1919,#986,.T.);
#2472=EDGE_CURVE('',#1919,#1914,#1545,.T.);
#2473=EDGE_CURVE('',#1920,#1920,#1546,.T.);
#2474=EDGE_CURVE('',#1920,#1921,#987,.T.);
#2475=EDGE_CURVE('',#1921,#1922,#1547,.T.);
#2476=EDGE_CURVE('',#1922,#1923,#988,.T.);
#2477=EDGE_CURVE('',#1923,#1924,#1548,.T.);
#2478=EDGE_CURVE('',#1924,#1905,#989,.T.);
#2479=EDGE_CURVE('',#1919,#1925,#990,.T.);
#2480=EDGE_CURVE('',#1925,#1926,#1549,.T.);
#2481=EDGE_CURVE('',#1926,#1927,#991,.T.);
#2482=EDGE_CURVE('',#1928,#1927,#1550,.T.);
#2483=EDGE_CURVE('',#1928,#1929,#992,.T.);
#2484=EDGE_CURVE('',#1929,#1930,#1551,.T.);
#2485=EDGE_CURVE('',#1930,#1931,#993,.T.);
#2486=EDGE_CURVE('',#1913,#1931,#1552,.T.);
#2487=EDGE_CURVE('',#1917,#1932,#1553,.T.);
#2488=EDGE_CURVE('',#1932,#1933,#994,.T.);
#2489=EDGE_CURVE('',#1933,#1921,#1554,.T.);
#2490=EDGE_CURVE('',#1934,#1934,#1555,.T.);
#2491=EDGE_CURVE('',#1934,#1935,#995,.T.);
#2492=EDGE_CURVE('',#1935,#1935,#1556,.T.);
#2493=EDGE_CURVE('',#1936,#1936,#1557,.T.);
#2494=EDGE_CURVE('',#1936,#1937,#1558,.T.);
#2495=EDGE_CURVE('',#1937,#1937,#1559,.T.);
#2496=EDGE_CURVE('',#1938,#1912,#1560,.T.);
#2497=EDGE_CURVE('',#1938,#1939,#996,.T.);
#2498=EDGE_CURVE('',#1939,#1940,#1561,.T.);
#2499=EDGE_CURVE('',#1940,#1941,#997,.T.);
#2500=EDGE_CURVE('',#1942,#1941,#1562,.T.);
#2501=EDGE_CURVE('',#1942,#1943,#998,.T.);
#2502=EDGE_CURVE('',#1943,#1944,#1563,.T.);
#2503=EDGE_CURVE('',#1944,#1918,#999,.T.);
#2504=EDGE_CURVE('',#1904,#1945,#1000,.T.);
#2505=EDGE_CURVE('',#1945,#1946,#1564,.T.);
#2506=EDGE_CURVE('',#1946,#1947,#1001,.T.);
#2507=EDGE_CURVE('',#1947,#1948,#1565,.T.);
#2508=EDGE_CURVE('',#1948,#1937,#1002,.T.);
#2509=EDGE_CURVE('',#1948,#1949,#1566,.T.);
#2510=EDGE_CURVE('',#1949,#1950,#1003,.T.);
#2511=EDGE_CURVE('',#1950,#1916,#1567,.T.);
#2512=EDGE_CURVE('',#1920,#1951,#1568,.T.);
#2513=EDGE_CURVE('',#1951,#1951,#1569,.T.);
#2514=EDGE_CURVE('',#1950,#1932,#1004,.T.);
#2515=EDGE_CURVE('',#1949,#1933,#1005,.T.);
#2516=EDGE_CURVE('',#1923,#1946,#1006,.T.);
#2517=EDGE_CURVE('',#1922,#1947,#1007,.T.);
#2518=EDGE_CURVE('',#1944,#1925,#1008,.T.);
#2519=EDGE_CURVE('',#1927,#1942,#1009,.T.);
#2520=EDGE_CURVE('',#1926,#1943,#1010,.T.);
#2521=EDGE_CURVE('',#1941,#1928,#1011,.T.);
#2522=EDGE_CURVE('',#1940,#1929,#1012,.T.);
#2523=EDGE_CURVE('',#1931,#1938,#1013,.T.);
#2524=EDGE_CURVE('',#1930,#1939,#1014,.T.);
#2525=EDGE_CURVE('',#1924,#1945,#1015,.T.);
#2526=EDGE_CURVE('',#1952,#1952,#1570,.T.);
#2527=EDGE_CURVE('',#1952,#1953,#1016,.T.);
#2528=EDGE_CURVE('',#1953,#1953,#1571,.T.);
#2529=EDGE_CURVE('',#1954,#1954,#1572,.T.);
#2530=EDGE_CURVE('',#1954,#1955,#1017,.T.);
#2531=EDGE_CURVE('',#1955,#1955,#1573,.T.);
#2532=ORIENTED_EDGE('',*,*,#1956,.T.);
#2533=ORIENTED_EDGE('',*,*,#1957,.T.);
#2534=ORIENTED_EDGE('',*,*,#1958,.T.);
#2535=ORIENTED_EDGE('',*,*,#1959,.T.);
#2536=ORIENTED_EDGE('',*,*,#1959,.F.);
#2537=ORIENTED_EDGE('',*,*,#1960,.F.);
#2538=ORIENTED_EDGE('',*,*,#1961,.F.);
#2539=ORIENTED_EDGE('',*,*,#1962,.T.);
#2540=ORIENTED_EDGE('',*,*,#1963,.T.);
#2541=ORIENTED_EDGE('',*,*,#1958,.F.);
#2542=ORIENTED_EDGE('',*,*,#1964,.F.);
#2543=ORIENTED_EDGE('',*,*,#1965,.F.);
#2544=ORIENTED_EDGE('',*,*,#1966,.F.);
#2545=ORIENTED_EDGE('',*,*,#1960,.T.);
#2546=ORIENTED_EDGE('',*,*,#1967,.T.);
#2547=ORIENTED_EDGE('',*,*,#1968,.T.);
#2548=ORIENTED_EDGE('',*,*,#1969,.T.);
#2549=ORIENTED_EDGE('',*,*,#1970,.T.);
#2550=ORIENTED_EDGE('',*,*,#1970,.F.);
#2551=ORIENTED_EDGE('',*,*,#1971,.F.);
#2552=ORIENTED_EDGE('',*,*,#1972,.F.);
#2553=ORIENTED_EDGE('',*,*,#1973,.F.);
#2554=ORIENTED_EDGE('',*,*,#1974,.T.);
#2555=ORIENTED_EDGE('',*,*,#1969,.F.);
#2556=ORIENTED_EDGE('',*,*,#1975,.F.);
#2557=ORIENTED_EDGE('',*,*,#1976,.F.);
#2558=ORIENTED_EDGE('',*,*,#1977,.F.);
#2559=ORIENTED_EDGE('',*,*,#1971,.T.);
#2560=ORIENTED_EDGE('',*,*,#1978,.T.);
#2561=ORIENTED_EDGE('',*,*,#1979,.T.);
#2562=ORIENTED_EDGE('',*,*,#1980,.T.);
#2563=ORIENTED_EDGE('',*,*,#1981,.T.);
#2564=ORIENTED_EDGE('',*,*,#1979,.F.);
#2565=ORIENTED_EDGE('',*,*,#1982,.T.);
#2566=ORIENTED_EDGE('',*,*,#1983,.T.);
#2567=ORIENTED_EDGE('',*,*,#1984,.T.);
#2568=ORIENTED_EDGE('',*,*,#1978,.F.);
#2569=ORIENTED_EDGE('',*,*,#1985,.F.);
#2570=ORIENTED_EDGE('',*,*,#1986,.F.);
#2571=ORIENTED_EDGE('',*,*,#1987,.T.);
#2572=ORIENTED_EDGE('',*,*,#1982,.F.);
#2573=ORIENTED_EDGE('',*,*,#1988,.T.);
#2574=ORIENTED_EDGE('',*,*,#1989,.T.);
#2575=ORIENTED_EDGE('',*,*,#1990,.T.);
#2576=ORIENTED_EDGE('',*,*,#1991,.T.);
#2577=ORIENTED_EDGE('',*,*,#1989,.F.);
#2578=ORIENTED_EDGE('',*,*,#1992,.T.);
#2579=ORIENTED_EDGE('',*,*,#1993,.T.);
#2580=ORIENTED_EDGE('',*,*,#1994,.T.);
#2581=ORIENTED_EDGE('',*,*,#1988,.F.);
#2582=ORIENTED_EDGE('',*,*,#1995,.F.);
#2583=ORIENTED_EDGE('',*,*,#1996,.T.);
#2584=ORIENTED_EDGE('',*,*,#1997,.T.);
#2585=ORIENTED_EDGE('',*,*,#1992,.F.);
#2586=ORIENTED_EDGE('',*,*,#1998,.T.);
#2587=ORIENTED_EDGE('',*,*,#1999,.F.);
#2588=ORIENTED_EDGE('',*,*,#2000,.T.);
#2589=ORIENTED_EDGE('',*,*,#2001,.T.);
#2590=ORIENTED_EDGE('',*,*,#2002,.T.);
#2591=ORIENTED_EDGE('',*,*,#2003,.T.);
#2592=ORIENTED_EDGE('',*,*,#2000,.F.);
#2593=ORIENTED_EDGE('',*,*,#2004,.F.);
#2594=ORIENTED_EDGE('',*,*,#2005,.T.);
#2595=ORIENTED_EDGE('',*,*,#2006,.T.);
#2596=ORIENTED_EDGE('',*,*,#2002,.F.);
#2597=ORIENTED_EDGE('',*,*,#2007,.F.);
#2598=ORIENTED_EDGE('',*,*,#2005,.F.);
#2599=ORIENTED_EDGE('',*,*,#2008,.F.);
#2600=ORIENTED_EDGE('',*,*,#2009,.T.);
#2601=ORIENTED_EDGE('',*,*,#2010,.T.);
#2602=ORIENTED_EDGE('',*,*,#2011,.T.);
#2603=ORIENTED_EDGE('',*,*,#2012,.T.);
#2604=ORIENTED_EDGE('',*,*,#2009,.F.);
#2605=ORIENTED_EDGE('',*,*,#2013,.F.);
#2606=ORIENTED_EDGE('',*,*,#2014,.T.);
#2607=ORIENTED_EDGE('',*,*,#2015,.T.);
#2608=ORIENTED_EDGE('',*,*,#2011,.F.);
#2609=ORIENTED_EDGE('',*,*,#2016,.F.);
#2610=ORIENTED_EDGE('',*,*,#2001,.F.);
#2611=ORIENTED_EDGE('',*,*,#2003,.F.);
#2612=ORIENTED_EDGE('',*,*,#2006,.F.);
#2613=ORIENTED_EDGE('',*,*,#2010,.F.);
#2614=ORIENTED_EDGE('',*,*,#2012,.F.);
#2615=ORIENTED_EDGE('',*,*,#2015,.F.);
#2616=ORIENTED_EDGE('',*,*,#2017,.T.);
#2617=ORIENTED_EDGE('',*,*,#2018,.T.);
#2618=ORIENTED_EDGE('',*,*,#2019,.T.);
#2619=ORIENTED_EDGE('',*,*,#2020,.T.);
#2620=ORIENTED_EDGE('',*,*,#2021,.T.);
#2621=ORIENTED_EDGE('',*,*,#1986,.T.);
#2622=ORIENTED_EDGE('',*,*,#2022,.T.);
#2623=ORIENTED_EDGE('',*,*,#2023,.T.);
#2624=ORIENTED_EDGE('',*,*,#1977,.T.);
#2625=ORIENTED_EDGE('',*,*,#2024,.T.);
#2626=ORIENTED_EDGE('',*,*,#2025,.T.);
#2627=ORIENTED_EDGE('',*,*,#2026,.T.);
#2628=ORIENTED_EDGE('',*,*,#2027,.T.);
#2629=ORIENTED_EDGE('',*,*,#2014,.F.);
#2630=ORIENTED_EDGE('',*,*,#2028,.T.);
#2631=ORIENTED_EDGE('',*,*,#2029,.T.);
#2632=ORIENTED_EDGE('',*,*,#2017,.F.);
#2633=ORIENTED_EDGE('',*,*,#1956,.F.);
#2634=ORIENTED_EDGE('',*,*,#1963,.F.);
#2635=ORIENTED_EDGE('',*,*,#2025,.F.);
#2636=ORIENTED_EDGE('',*,*,#2030,.T.);
#2637=ORIENTED_EDGE('',*,*,#2031,.F.);
#2638=ORIENTED_EDGE('',*,*,#2032,.F.);
#2639=ORIENTED_EDGE('',*,*,#1965,.T.);
#2640=ORIENTED_EDGE('',*,*,#2033,.F.);
#2641=ORIENTED_EDGE('',*,*,#2030,.F.);
#2642=ORIENTED_EDGE('',*,*,#2034,.F.);
#2643=ORIENTED_EDGE('',*,*,#1957,.F.);
#2644=ORIENTED_EDGE('',*,*,#2031,.T.);
#2645=ORIENTED_EDGE('',*,*,#2033,.T.);
#2646=ORIENTED_EDGE('',*,*,#1964,.T.);
#2647=ORIENTED_EDGE('',*,*,#1990,.F.);
#2648=ORIENTED_EDGE('',*,*,#1994,.F.);
#2649=ORIENTED_EDGE('',*,*,#2035,.F.);
#2650=ORIENTED_EDGE('',*,*,#2020,.F.);
#2651=ORIENTED_EDGE('',*,*,#2036,.T.);
#2652=ORIENTED_EDGE('',*,*,#2037,.T.);
#2653=ORIENTED_EDGE('',*,*,#2038,.F.);
#2654=ORIENTED_EDGE('',*,*,#2035,.T.);
#2655=ORIENTED_EDGE('',*,*,#1993,.F.);
#2656=ORIENTED_EDGE('',*,*,#1997,.F.);
#2657=ORIENTED_EDGE('',*,*,#1991,.F.);
#2658=ORIENTED_EDGE('',*,*,#2036,.F.);
#2659=ORIENTED_EDGE('',*,*,#2039,.F.);
#2660=ORIENTED_EDGE('',*,*,#2040,.T.);
#2661=ORIENTED_EDGE('',*,*,#1995,.T.);
#2662=ORIENTED_EDGE('',*,*,#2041,.T.);
#2663=ORIENTED_EDGE('',*,*,#2042,.T.);
#2664=ORIENTED_EDGE('',*,*,#1983,.F.);
#2665=ORIENTED_EDGE('',*,*,#1987,.F.);
#2666=ORIENTED_EDGE('',*,*,#2043,.F.);
#2667=ORIENTED_EDGE('',*,*,#1981,.F.);
#2668=ORIENTED_EDGE('',*,*,#2044,.F.);
#2669=ORIENTED_EDGE('',*,*,#2045,.T.);
#2670=ORIENTED_EDGE('',*,*,#2046,.T.);
#2671=ORIENTED_EDGE('',*,*,#1985,.T.);
#2672=ORIENTED_EDGE('',*,*,#1980,.F.);
#2673=ORIENTED_EDGE('',*,*,#1984,.F.);
#2674=ORIENTED_EDGE('',*,*,#2042,.F.);
#2675=ORIENTED_EDGE('',*,*,#2047,.T.);
#2676=ORIENTED_EDGE('',*,*,#2044,.T.);
#2677=ORIENTED_EDGE('',*,*,#2048,.F.);
#2678=ORIENTED_EDGE('',*,*,#2049,.F.);
#2679=ORIENTED_EDGE('',*,*,#1976,.T.);
#2680=ORIENTED_EDGE('',*,*,#2050,.F.);
#2681=ORIENTED_EDGE('',*,*,#2051,.F.);
#2682=ORIENTED_EDGE('',*,*,#1967,.F.);
#2683=ORIENTED_EDGE('',*,*,#1974,.F.);
#2684=ORIENTED_EDGE('',*,*,#2052,.F.);
#2685=ORIENTED_EDGE('',*,*,#2051,.T.);
#2686=ORIENTED_EDGE('',*,*,#2053,.F.);
#2687=ORIENTED_EDGE('',*,*,#1968,.F.);
#2688=ORIENTED_EDGE('',*,*,#2053,.T.);
#2689=ORIENTED_EDGE('',*,*,#2050,.T.);
#2690=ORIENTED_EDGE('',*,*,#1975,.T.);
#2691=ORIENTED_EDGE('',*,*,#1998,.F.);
#2692=ORIENTED_EDGE('',*,*,#2027,.F.);
#2693=ORIENTED_EDGE('',*,*,#2054,.F.);
#2694=ORIENTED_EDGE('',*,*,#2055,.T.);
#2695=ORIENTED_EDGE('',*,*,#2056,.F.);
#2696=ORIENTED_EDGE('',*,*,#2057,.T.);
#2697=ORIENTED_EDGE('',*,*,#2058,.F.);
#2698=ORIENTED_EDGE('',*,*,#2059,.F.);
#2699=ORIENTED_EDGE('',*,*,#2060,.F.);
#2700=ORIENTED_EDGE('',*,*,#2059,.T.);
#2701=ORIENTED_EDGE('',*,*,#2061,.F.);
#2702=ORIENTED_EDGE('',*,*,#2062,.F.);
#2703=ORIENTED_EDGE('',*,*,#2028,.F.);
#2704=ORIENTED_EDGE('',*,*,#2062,.T.);
#2705=ORIENTED_EDGE('',*,*,#2063,.F.);
#2706=ORIENTED_EDGE('',*,*,#2064,.F.);
#2707=ORIENTED_EDGE('',*,*,#2064,.T.);
#2708=ORIENTED_EDGE('',*,*,#2065,.F.);
#2709=ORIENTED_EDGE('',*,*,#2066,.T.);
#2710=ORIENTED_EDGE('',*,*,#2018,.F.);
#2711=ORIENTED_EDGE('',*,*,#2029,.F.);
#2712=ORIENTED_EDGE('',*,*,#2066,.F.);
#2713=ORIENTED_EDGE('',*,*,#2067,.F.);
#2714=ORIENTED_EDGE('',*,*,#2039,.T.);
#2715=ORIENTED_EDGE('',*,*,#2019,.F.);
#2716=ORIENTED_EDGE('',*,*,#2038,.T.);
#2717=ORIENTED_EDGE('',*,*,#2068,.F.);
#2718=ORIENTED_EDGE('',*,*,#2043,.T.);
#2719=ORIENTED_EDGE('',*,*,#2021,.F.);
#2720=ORIENTED_EDGE('',*,*,#2046,.F.);
#2721=ORIENTED_EDGE('',*,*,#2069,.F.);
#2722=ORIENTED_EDGE('',*,*,#2070,.T.);
#2723=ORIENTED_EDGE('',*,*,#2022,.F.);
#2724=ORIENTED_EDGE('',*,*,#2070,.F.);
#2725=ORIENTED_EDGE('',*,*,#2071,.F.);
#2726=ORIENTED_EDGE('',*,*,#1972,.T.);
#2727=ORIENTED_EDGE('',*,*,#2023,.F.);
#2728=ORIENTED_EDGE('',*,*,#2034,.T.);
#2729=ORIENTED_EDGE('',*,*,#2024,.F.);
#2730=ORIENTED_EDGE('',*,*,#2049,.T.);
#2731=ORIENTED_EDGE('',*,*,#2072,.F.);
#2732=ORIENTED_EDGE('',*,*,#1962,.F.);
#2733=ORIENTED_EDGE('',*,*,#2073,.F.);
#2734=ORIENTED_EDGE('',*,*,#2074,.F.);
#2735=ORIENTED_EDGE('',*,*,#2054,.T.);
#2736=ORIENTED_EDGE('',*,*,#2026,.F.);
#2737=ORIENTED_EDGE('',*,*,#2055,.F.);
#2738=ORIENTED_EDGE('',*,*,#2074,.T.);
#2739=ORIENTED_EDGE('',*,*,#2075,.F.);
#2740=ORIENTED_EDGE('',*,*,#2076,.F.);
#2741=ORIENTED_EDGE('',*,*,#2077,.F.);
#2742=ORIENTED_EDGE('',*,*,#2076,.T.);
#2743=ORIENTED_EDGE('',*,*,#2078,.F.);
#2744=ORIENTED_EDGE('',*,*,#2079,.F.);
#2745=ORIENTED_EDGE('',*,*,#2080,.F.);
#2746=ORIENTED_EDGE('',*,*,#2079,.T.);
#2747=ORIENTED_EDGE('',*,*,#2081,.F.);
#2748=ORIENTED_EDGE('',*,*,#2082,.F.);
#2749=ORIENTED_EDGE('',*,*,#2083,.T.);
#2750=ORIENTED_EDGE('',*,*,#2084,.F.);
#2751=ORIENTED_EDGE('',*,*,#2085,.T.);
#2752=ORIENTED_EDGE('',*,*,#2086,.F.);
#2753=ORIENTED_EDGE('',*,*,#2087,.T.);
#2754=ORIENTED_EDGE('',*,*,#2088,.T.);
#2755=ORIENTED_EDGE('',*,*,#2089,.T.);
#2756=ORIENTED_EDGE('',*,*,#2084,.T.);
#2757=ORIENTED_EDGE('',*,*,#2090,.T.);
#2758=ORIENTED_EDGE('',*,*,#2091,.F.);
#2759=ORIENTED_EDGE('',*,*,#2092,.T.);
#2760=ORIENTED_EDGE('',*,*,#2088,.F.);
#2761=ORIENTED_EDGE('',*,*,#2093,.T.);
#2762=ORIENTED_EDGE('',*,*,#2094,.T.);
#2763=ORIENTED_EDGE('',*,*,#2095,.T.);
#2764=ORIENTED_EDGE('',*,*,#2096,.T.);
#2765=ORIENTED_EDGE('',*,*,#2097,.T.);
#2766=ORIENTED_EDGE('',*,*,#2098,.T.);
#2767=ORIENTED_EDGE('',*,*,#2099,.T.);
#2768=ORIENTED_EDGE('',*,*,#2094,.F.);
#2769=ORIENTED_EDGE('',*,*,#2100,.T.);
#2770=ORIENTED_EDGE('',*,*,#2101,.T.);
#2771=ORIENTED_EDGE('',*,*,#2102,.T.);
#2772=ORIENTED_EDGE('',*,*,#2098,.F.);
#2773=ORIENTED_EDGE('',*,*,#2103,.T.);
#2774=ORIENTED_EDGE('',*,*,#2104,.T.);
#2775=ORIENTED_EDGE('',*,*,#2105,.T.);
#2776=ORIENTED_EDGE('',*,*,#2101,.F.);
#2777=ORIENTED_EDGE('',*,*,#2106,.T.);
#2778=ORIENTED_EDGE('',*,*,#2107,.T.);
#2779=ORIENTED_EDGE('',*,*,#2108,.T.);
#2780=ORIENTED_EDGE('',*,*,#2104,.F.);
#2781=ORIENTED_EDGE('',*,*,#2109,.T.);
#2782=ORIENTED_EDGE('',*,*,#2110,.T.);
#2783=ORIENTED_EDGE('',*,*,#2111,.T.);
#2784=ORIENTED_EDGE('',*,*,#2107,.F.);
#2785=ORIENTED_EDGE('',*,*,#2112,.T.);
#2786=ORIENTED_EDGE('',*,*,#2113,.T.);
#2787=ORIENTED_EDGE('',*,*,#2114,.T.);
#2788=ORIENTED_EDGE('',*,*,#2110,.F.);
#2789=ORIENTED_EDGE('',*,*,#2115,.T.);
#2790=ORIENTED_EDGE('',*,*,#2116,.T.);
#2791=ORIENTED_EDGE('',*,*,#2117,.T.);
#2792=ORIENTED_EDGE('',*,*,#2113,.F.);
#2793=ORIENTED_EDGE('',*,*,#2118,.T.);
#2794=ORIENTED_EDGE('',*,*,#2119,.T.);
#2795=ORIENTED_EDGE('',*,*,#2120,.T.);
#2796=ORIENTED_EDGE('',*,*,#2116,.F.);
#2797=ORIENTED_EDGE('',*,*,#2121,.T.);
#2798=ORIENTED_EDGE('',*,*,#2122,.T.);
#2799=ORIENTED_EDGE('',*,*,#2123,.T.);
#2800=ORIENTED_EDGE('',*,*,#2119,.F.);
#2801=ORIENTED_EDGE('',*,*,#2124,.T.);
#2802=ORIENTED_EDGE('',*,*,#2125,.T.);
#2803=ORIENTED_EDGE('',*,*,#2126,.T.);
#2804=ORIENTED_EDGE('',*,*,#2122,.F.);
#2805=ORIENTED_EDGE('',*,*,#2127,.T.);
#2806=ORIENTED_EDGE('',*,*,#2128,.T.);
#2807=ORIENTED_EDGE('',*,*,#2129,.T.);
#2808=ORIENTED_EDGE('',*,*,#2125,.F.);
#2809=ORIENTED_EDGE('',*,*,#2130,.T.);
#2810=ORIENTED_EDGE('',*,*,#2131,.T.);
#2811=ORIENTED_EDGE('',*,*,#2132,.T.);
#2812=ORIENTED_EDGE('',*,*,#2128,.F.);
#2813=ORIENTED_EDGE('',*,*,#2133,.T.);
#2814=ORIENTED_EDGE('',*,*,#2134,.T.);
#2815=ORIENTED_EDGE('',*,*,#2135,.T.);
#2816=ORIENTED_EDGE('',*,*,#2131,.F.);
#2817=ORIENTED_EDGE('',*,*,#2136,.T.);
#2818=ORIENTED_EDGE('',*,*,#2137,.T.);
#2819=ORIENTED_EDGE('',*,*,#2138,.T.);
#2820=ORIENTED_EDGE('',*,*,#2134,.F.);
#2821=ORIENTED_EDGE('',*,*,#2139,.T.);
#2822=ORIENTED_EDGE('',*,*,#2140,.T.);
#2823=ORIENTED_EDGE('',*,*,#2141,.T.);
#2824=ORIENTED_EDGE('',*,*,#2137,.F.);
#2825=ORIENTED_EDGE('',*,*,#2142,.T.);
#2826=ORIENTED_EDGE('',*,*,#2143,.T.);
#2827=ORIENTED_EDGE('',*,*,#2144,.T.);
#2828=ORIENTED_EDGE('',*,*,#2140,.F.);
#2829=ORIENTED_EDGE('',*,*,#2145,.T.);
#2830=ORIENTED_EDGE('',*,*,#2146,.T.);
#2831=ORIENTED_EDGE('',*,*,#2147,.T.);
#2832=ORIENTED_EDGE('',*,*,#2143,.F.);
#2833=ORIENTED_EDGE('',*,*,#2148,.T.);
#2834=ORIENTED_EDGE('',*,*,#2149,.T.);
#2835=ORIENTED_EDGE('',*,*,#2150,.T.);
#2836=ORIENTED_EDGE('',*,*,#2146,.F.);
#2837=ORIENTED_EDGE('',*,*,#2151,.T.);
#2838=ORIENTED_EDGE('',*,*,#2152,.F.);
#2839=ORIENTED_EDGE('',*,*,#2153,.T.);
#2840=ORIENTED_EDGE('',*,*,#2149,.F.);
#2841=ORIENTED_EDGE('',*,*,#2154,.T.);
#2842=ORIENTED_EDGE('',*,*,#2155,.T.);
#2843=ORIENTED_EDGE('',*,*,#2156,.T.);
#2844=ORIENTED_EDGE('',*,*,#2157,.T.);
#2845=ORIENTED_EDGE('',*,*,#2158,.T.);
#2846=ORIENTED_EDGE('',*,*,#2159,.T.);
#2847=ORIENTED_EDGE('',*,*,#2160,.T.);
#2848=ORIENTED_EDGE('',*,*,#2161,.T.);
#2849=ORIENTED_EDGE('',*,*,#2162,.T.);
#2850=ORIENTED_EDGE('',*,*,#2163,.F.);
#2851=ORIENTED_EDGE('',*,*,#2164,.T.);
#2852=ORIENTED_EDGE('',*,*,#2165,.T.);
#2853=ORIENTED_EDGE('',*,*,#2166,.T.);
#2854=ORIENTED_EDGE('',*,*,#2082,.T.);
#2855=ORIENTED_EDGE('',*,*,#2167,.T.);
#2856=ORIENTED_EDGE('',*,*,#2157,.F.);
#2857=ORIENTED_EDGE('',*,*,#2168,.T.);
#2858=ORIENTED_EDGE('',*,*,#2169,.T.);
#2859=ORIENTED_EDGE('',*,*,#2170,.T.);
#2860=ORIENTED_EDGE('',*,*,#2171,.T.);
#2861=ORIENTED_EDGE('',*,*,#2172,.T.);
#2862=ORIENTED_EDGE('',*,*,#2057,.F.);
#2863=ORIENTED_EDGE('',*,*,#2173,.T.);
#2864=ORIENTED_EDGE('',*,*,#2174,.T.);
#2865=ORIENTED_EDGE('',*,*,#2175,.T.);
#2866=ORIENTED_EDGE('',*,*,#2176,.T.);
#2867=ORIENTED_EDGE('',*,*,#2177,.T.);
#2868=ORIENTED_EDGE('',*,*,#2178,.T.);
#2869=ORIENTED_EDGE('',*,*,#2179,.T.);
#2870=ORIENTED_EDGE('',*,*,#2180,.T.);
#2871=ORIENTED_EDGE('',*,*,#2181,.T.);
#2872=ORIENTED_EDGE('',*,*,#2171,.F.);
#2873=ORIENTED_EDGE('',*,*,#2182,.T.);
#2874=ORIENTED_EDGE('',*,*,#2183,.F.);
#2875=ORIENTED_EDGE('',*,*,#2184,.T.);
#2876=ORIENTED_EDGE('',*,*,#2176,.F.);
#2877=ORIENTED_EDGE('',*,*,#2185,.T.);
#2878=ORIENTED_EDGE('',*,*,#2163,.T.);
#2879=ORIENTED_EDGE('',*,*,#2186,.T.);
#2880=ORIENTED_EDGE('',*,*,#2187,.T.);
#2881=ORIENTED_EDGE('',*,*,#2188,.T.);
#2882=ORIENTED_EDGE('',*,*,#2189,.T.);
#2883=ORIENTED_EDGE('',*,*,#2190,.T.);
#2884=ORIENTED_EDGE('',*,*,#2191,.T.);
#2885=ORIENTED_EDGE('',*,*,#2192,.T.);
#2886=ORIENTED_EDGE('',*,*,#2193,.T.);
#2887=ORIENTED_EDGE('',*,*,#2194,.T.);
#2888=ORIENTED_EDGE('',*,*,#2189,.F.);
#2889=ORIENTED_EDGE('',*,*,#2195,.T.);
#2890=ORIENTED_EDGE('',*,*,#2196,.T.);
#2891=ORIENTED_EDGE('',*,*,#2197,.T.);
#2892=ORIENTED_EDGE('',*,*,#2193,.F.);
#2893=ORIENTED_EDGE('',*,*,#2198,.T.);
#2894=ORIENTED_EDGE('',*,*,#2199,.T.);
#2895=ORIENTED_EDGE('',*,*,#2200,.T.);
#2896=ORIENTED_EDGE('',*,*,#2196,.F.);
#2897=ORIENTED_EDGE('',*,*,#2201,.T.);
#2898=ORIENTED_EDGE('',*,*,#2202,.T.);
#2899=ORIENTED_EDGE('',*,*,#2203,.T.);
#2900=ORIENTED_EDGE('',*,*,#2199,.F.);
#2901=ORIENTED_EDGE('',*,*,#2204,.T.);
#2902=ORIENTED_EDGE('',*,*,#2205,.T.);
#2903=ORIENTED_EDGE('',*,*,#2206,.T.);
#2904=ORIENTED_EDGE('',*,*,#2202,.F.);
#2905=ORIENTED_EDGE('',*,*,#2207,.T.);
#2906=ORIENTED_EDGE('',*,*,#2208,.T.);
#2907=ORIENTED_EDGE('',*,*,#2209,.T.);
#2908=ORIENTED_EDGE('',*,*,#2205,.F.);
#2909=ORIENTED_EDGE('',*,*,#2210,.T.);
#2910=ORIENTED_EDGE('',*,*,#2211,.T.);
#2911=ORIENTED_EDGE('',*,*,#2212,.T.);
#2912=ORIENTED_EDGE('',*,*,#2208,.F.);
#2913=ORIENTED_EDGE('',*,*,#2213,.T.);
#2914=ORIENTED_EDGE('',*,*,#2214,.T.);
#2915=ORIENTED_EDGE('',*,*,#2215,.T.);
#2916=ORIENTED_EDGE('',*,*,#2211,.F.);
#2917=ORIENTED_EDGE('',*,*,#2216,.T.);
#2918=ORIENTED_EDGE('',*,*,#2217,.T.);
#2919=ORIENTED_EDGE('',*,*,#2218,.T.);
#2920=ORIENTED_EDGE('',*,*,#2214,.F.);
#2921=ORIENTED_EDGE('',*,*,#2219,.T.);
#2922=ORIENTED_EDGE('',*,*,#2220,.T.);
#2923=ORIENTED_EDGE('',*,*,#2221,.T.);
#2924=ORIENTED_EDGE('',*,*,#2217,.F.);
#2925=ORIENTED_EDGE('',*,*,#2222,.T.);
#2926=ORIENTED_EDGE('',*,*,#2223,.T.);
#2927=ORIENTED_EDGE('',*,*,#2224,.T.);
#2928=ORIENTED_EDGE('',*,*,#2220,.F.);
#2929=ORIENTED_EDGE('',*,*,#2225,.T.);
#2930=ORIENTED_EDGE('',*,*,#2226,.T.);
#2931=ORIENTED_EDGE('',*,*,#2227,.T.);
#2932=ORIENTED_EDGE('',*,*,#2223,.F.);
#2933=ORIENTED_EDGE('',*,*,#2228,.T.);
#2934=ORIENTED_EDGE('',*,*,#2229,.T.);
#2935=ORIENTED_EDGE('',*,*,#2230,.T.);
#2936=ORIENTED_EDGE('',*,*,#2226,.F.);
#2937=ORIENTED_EDGE('',*,*,#2231,.T.);
#2938=ORIENTED_EDGE('',*,*,#2232,.T.);
#2939=ORIENTED_EDGE('',*,*,#2233,.T.);
#2940=ORIENTED_EDGE('',*,*,#2229,.F.);
#2941=ORIENTED_EDGE('',*,*,#2234,.T.);
#2942=ORIENTED_EDGE('',*,*,#2235,.T.);
#2943=ORIENTED_EDGE('',*,*,#2236,.T.);
#2944=ORIENTED_EDGE('',*,*,#2232,.F.);
#2945=ORIENTED_EDGE('',*,*,#2237,.T.);
#2946=ORIENTED_EDGE('',*,*,#2238,.T.);
#2947=ORIENTED_EDGE('',*,*,#2239,.T.);
#2948=ORIENTED_EDGE('',*,*,#2235,.F.);
#2949=ORIENTED_EDGE('',*,*,#2240,.T.);
#2950=ORIENTED_EDGE('',*,*,#2241,.T.);
#2951=ORIENTED_EDGE('',*,*,#2242,.T.);
#2952=ORIENTED_EDGE('',*,*,#2238,.F.);
#2953=ORIENTED_EDGE('',*,*,#2243,.T.);
#2954=ORIENTED_EDGE('',*,*,#2244,.T.);
#2955=ORIENTED_EDGE('',*,*,#2245,.T.);
#2956=ORIENTED_EDGE('',*,*,#2241,.F.);
#2957=ORIENTED_EDGE('',*,*,#2246,.T.);
#2958=ORIENTED_EDGE('',*,*,#2247,.F.);
#2959=ORIENTED_EDGE('',*,*,#2248,.T.);
#2960=ORIENTED_EDGE('',*,*,#2244,.F.);
#2961=ORIENTED_EDGE('',*,*,#2249,.T.);
#2962=ORIENTED_EDGE('',*,*,#2250,.T.);
#2963=ORIENTED_EDGE('',*,*,#2251,.T.);
#2964=ORIENTED_EDGE('',*,*,#2252,.T.);
#2965=ORIENTED_EDGE('',*,*,#2253,.T.);
#2966=ORIENTED_EDGE('',*,*,#2254,.T.);
#2967=ORIENTED_EDGE('',*,*,#2255,.T.);
#2968=ORIENTED_EDGE('',*,*,#2250,.F.);
#2969=ORIENTED_EDGE('',*,*,#2256,.T.);
#2970=ORIENTED_EDGE('',*,*,#2257,.T.);
#2971=ORIENTED_EDGE('',*,*,#2258,.T.);
#2972=ORIENTED_EDGE('',*,*,#2254,.F.);
#2973=ORIENTED_EDGE('',*,*,#2259,.T.);
#2974=ORIENTED_EDGE('',*,*,#2260,.T.);
#2975=ORIENTED_EDGE('',*,*,#2261,.T.);
#2976=ORIENTED_EDGE('',*,*,#2257,.F.);
#2977=ORIENTED_EDGE('',*,*,#2262,.T.);
#2978=ORIENTED_EDGE('',*,*,#2263,.T.);
#2979=ORIENTED_EDGE('',*,*,#2264,.T.);
#2980=ORIENTED_EDGE('',*,*,#2260,.F.);
#2981=ORIENTED_EDGE('',*,*,#2265,.T.);
#2982=ORIENTED_EDGE('',*,*,#2266,.T.);
#2983=ORIENTED_EDGE('',*,*,#2267,.T.);
#2984=ORIENTED_EDGE('',*,*,#2263,.F.);
#2985=ORIENTED_EDGE('',*,*,#2268,.T.);
#2986=ORIENTED_EDGE('',*,*,#2269,.T.);
#2987=ORIENTED_EDGE('',*,*,#2270,.T.);
#2988=ORIENTED_EDGE('',*,*,#2266,.F.);
#2989=ORIENTED_EDGE('',*,*,#2271,.T.);
#2990=ORIENTED_EDGE('',*,*,#2272,.T.);
#2991=ORIENTED_EDGE('',*,*,#2273,.T.);
#2992=ORIENTED_EDGE('',*,*,#2269,.F.);
#2993=ORIENTED_EDGE('',*,*,#2274,.T.);
#2994=ORIENTED_EDGE('',*,*,#2275,.T.);
#2995=ORIENTED_EDGE('',*,*,#2276,.T.);
#2996=ORIENTED_EDGE('',*,*,#2272,.F.);
#2997=ORIENTED_EDGE('',*,*,#2277,.T.);
#2998=ORIENTED_EDGE('',*,*,#2278,.T.);
#2999=ORIENTED_EDGE('',*,*,#2279,.T.);
#3000=ORIENTED_EDGE('',*,*,#2275,.F.);
#3001=ORIENTED_EDGE('',*,*,#2280,.T.);
#3002=ORIENTED_EDGE('',*,*,#2281,.T.);
#3003=ORIENTED_EDGE('',*,*,#2282,.T.);
#3004=ORIENTED_EDGE('',*,*,#2278,.F.);
#3005=ORIENTED_EDGE('',*,*,#2283,.T.);
#3006=ORIENTED_EDGE('',*,*,#2284,.T.);
#3007=ORIENTED_EDGE('',*,*,#2285,.T.);
#3008=ORIENTED_EDGE('',*,*,#2281,.F.);
#3009=ORIENTED_EDGE('',*,*,#2286,.T.);
#3010=ORIENTED_EDGE('',*,*,#2287,.T.);
#3011=ORIENTED_EDGE('',*,*,#2288,.T.);
#3012=ORIENTED_EDGE('',*,*,#2284,.F.);
#3013=ORIENTED_EDGE('',*,*,#2289,.T.);
#3014=ORIENTED_EDGE('',*,*,#2290,.T.);
#3015=ORIENTED_EDGE('',*,*,#2291,.T.);
#3016=ORIENTED_EDGE('',*,*,#2287,.F.);
#3017=ORIENTED_EDGE('',*,*,#2292,.T.);
#3018=ORIENTED_EDGE('',*,*,#2086,.T.);
#3019=ORIENTED_EDGE('',*,*,#2293,.T.);
#3020=ORIENTED_EDGE('',*,*,#2290,.F.);
#3021=ORIENTED_EDGE('',*,*,#2090,.F.);
#3022=ORIENTED_EDGE('',*,*,#2087,.F.);
#3023=ORIENTED_EDGE('',*,*,#2083,.F.);
#3024=ORIENTED_EDGE('',*,*,#2292,.F.);
#3025=ORIENTED_EDGE('',*,*,#2289,.F.);
#3026=ORIENTED_EDGE('',*,*,#2286,.F.);
#3027=ORIENTED_EDGE('',*,*,#2283,.F.);
#3028=ORIENTED_EDGE('',*,*,#2280,.F.);
#3029=ORIENTED_EDGE('',*,*,#2277,.F.);
#3030=ORIENTED_EDGE('',*,*,#2274,.F.);
#3031=ORIENTED_EDGE('',*,*,#2271,.F.);
#3032=ORIENTED_EDGE('',*,*,#2268,.F.);
#3033=ORIENTED_EDGE('',*,*,#2265,.F.);
#3034=ORIENTED_EDGE('',*,*,#2262,.F.);
#3035=ORIENTED_EDGE('',*,*,#2259,.F.);
#3036=ORIENTED_EDGE('',*,*,#2256,.F.);
#3037=ORIENTED_EDGE('',*,*,#2253,.F.);
#3038=ORIENTED_EDGE('',*,*,#2249,.F.);
#3039=ORIENTED_EDGE('',*,*,#2294,.F.);
#3040=ORIENTED_EDGE('',*,*,#2246,.F.);
#3041=ORIENTED_EDGE('',*,*,#2243,.F.);
#3042=ORIENTED_EDGE('',*,*,#2240,.F.);
#3043=ORIENTED_EDGE('',*,*,#2237,.F.);
#3044=ORIENTED_EDGE('',*,*,#2234,.F.);
#3045=ORIENTED_EDGE('',*,*,#2231,.F.);
#3046=ORIENTED_EDGE('',*,*,#2228,.F.);
#3047=ORIENTED_EDGE('',*,*,#2225,.F.);
#3048=ORIENTED_EDGE('',*,*,#2222,.F.);
#3049=ORIENTED_EDGE('',*,*,#2219,.F.);
#3050=ORIENTED_EDGE('',*,*,#2216,.F.);
#3051=ORIENTED_EDGE('',*,*,#2213,.F.);
#3052=ORIENTED_EDGE('',*,*,#2210,.F.);
#3053=ORIENTED_EDGE('',*,*,#2207,.F.);
#3054=ORIENTED_EDGE('',*,*,#2204,.F.);
#3055=ORIENTED_EDGE('',*,*,#2201,.F.);
#3056=ORIENTED_EDGE('',*,*,#2198,.F.);
#3057=ORIENTED_EDGE('',*,*,#2195,.F.);
#3058=ORIENTED_EDGE('',*,*,#2192,.F.);
#3059=ORIENTED_EDGE('',*,*,#2188,.F.);
#3060=ORIENTED_EDGE('',*,*,#2295,.F.);
#3061=ORIENTED_EDGE('',*,*,#2182,.F.);
#3062=ORIENTED_EDGE('',*,*,#2175,.F.);
#3063=ORIENTED_EDGE('',*,*,#2296,.T.);
#3064=ORIENTED_EDGE('',*,*,#2154,.F.);
#3065=ORIENTED_EDGE('',*,*,#2185,.F.);
#3066=ORIENTED_EDGE('',*,*,#2297,.F.);
#3067=ORIENTED_EDGE('',*,*,#2151,.F.);
#3068=ORIENTED_EDGE('',*,*,#2148,.F.);
#3069=ORIENTED_EDGE('',*,*,#2145,.F.);
#3070=ORIENTED_EDGE('',*,*,#2142,.F.);
#3071=ORIENTED_EDGE('',*,*,#2139,.F.);
#3072=ORIENTED_EDGE('',*,*,#2136,.F.);
#3073=ORIENTED_EDGE('',*,*,#2133,.F.);
#3074=ORIENTED_EDGE('',*,*,#2130,.F.);
#3075=ORIENTED_EDGE('',*,*,#2127,.F.);
#3076=ORIENTED_EDGE('',*,*,#2124,.F.);
#3077=ORIENTED_EDGE('',*,*,#2121,.F.);
#3078=ORIENTED_EDGE('',*,*,#2118,.F.);
#3079=ORIENTED_EDGE('',*,*,#2115,.F.);
#3080=ORIENTED_EDGE('',*,*,#2112,.F.);
#3081=ORIENTED_EDGE('',*,*,#2109,.F.);
#3082=ORIENTED_EDGE('',*,*,#2106,.F.);
#3083=ORIENTED_EDGE('',*,*,#2103,.F.);
#3084=ORIENTED_EDGE('',*,*,#2100,.F.);
#3085=ORIENTED_EDGE('',*,*,#2097,.F.);
#3086=ORIENTED_EDGE('',*,*,#2093,.F.);
#3087=ORIENTED_EDGE('',*,*,#2298,.F.);
#3088=ORIENTED_EDGE('',*,*,#2158,.F.);
#3089=ORIENTED_EDGE('',*,*,#2167,.F.);
#3090=ORIENTED_EDGE('',*,*,#2081,.T.);
#3091=ORIENTED_EDGE('',*,*,#2078,.T.);
#3092=ORIENTED_EDGE('',*,*,#2075,.T.);
#3093=ORIENTED_EDGE('',*,*,#2073,.T.);
#3094=ORIENTED_EDGE('',*,*,#1961,.T.);
#3095=ORIENTED_EDGE('',*,*,#1966,.T.);
#3096=ORIENTED_EDGE('',*,*,#2032,.T.);
#3097=ORIENTED_EDGE('',*,*,#2072,.T.);
#3098=ORIENTED_EDGE('',*,*,#2048,.T.);
#3099=ORIENTED_EDGE('',*,*,#2052,.T.);
#3100=ORIENTED_EDGE('',*,*,#1973,.T.);
#3101=ORIENTED_EDGE('',*,*,#2071,.T.);
#3102=ORIENTED_EDGE('',*,*,#2069,.T.);
#3103=ORIENTED_EDGE('',*,*,#2045,.F.);
#3104=ORIENTED_EDGE('',*,*,#2047,.F.);
#3105=ORIENTED_EDGE('',*,*,#2041,.F.);
#3106=ORIENTED_EDGE('',*,*,#2068,.T.);
#3107=ORIENTED_EDGE('',*,*,#2037,.F.);
#3108=ORIENTED_EDGE('',*,*,#1996,.F.);
#3109=ORIENTED_EDGE('',*,*,#2040,.F.);
#3110=ORIENTED_EDGE('',*,*,#2067,.T.);
#3111=ORIENTED_EDGE('',*,*,#2065,.T.);
#3112=ORIENTED_EDGE('',*,*,#2063,.T.);
#3113=ORIENTED_EDGE('',*,*,#2061,.T.);
#3114=ORIENTED_EDGE('',*,*,#2058,.T.);
#3115=ORIENTED_EDGE('',*,*,#2172,.F.);
#3116=ORIENTED_EDGE('',*,*,#2181,.F.);
#3117=ORIENTED_EDGE('',*,*,#2299,.T.);
#3118=ORIENTED_EDGE('',*,*,#2300,.F.);
#3119=ORIENTED_EDGE('',*,*,#2301,.F.);
#3120=ORIENTED_EDGE('',*,*,#2159,.F.);
#3121=ORIENTED_EDGE('',*,*,#2299,.F.);
#3122=ORIENTED_EDGE('',*,*,#2180,.F.);
#3123=ORIENTED_EDGE('',*,*,#2302,.T.);
#3124=ORIENTED_EDGE('',*,*,#2191,.F.);
#3125=ORIENTED_EDGE('',*,*,#2303,.F.);
#3126=ORIENTED_EDGE('',*,*,#2183,.T.);
#3127=ORIENTED_EDGE('',*,*,#2295,.T.);
#3128=ORIENTED_EDGE('',*,*,#2152,.T.);
#3129=ORIENTED_EDGE('',*,*,#2297,.T.);
#3130=ORIENTED_EDGE('',*,*,#2187,.F.);
#3131=ORIENTED_EDGE('',*,*,#2304,.F.);
#3132=ORIENTED_EDGE('',*,*,#2252,.F.);
#3133=ORIENTED_EDGE('',*,*,#2305,.F.);
#3134=ORIENTED_EDGE('',*,*,#2247,.T.);
#3135=ORIENTED_EDGE('',*,*,#2294,.T.);
#3136=ORIENTED_EDGE('',*,*,#2160,.F.);
#3137=ORIENTED_EDGE('',*,*,#2302,.F.);
#3138=ORIENTED_EDGE('',*,*,#2179,.F.);
#3139=ORIENTED_EDGE('',*,*,#2306,.T.);
#3140=ORIENTED_EDGE('',*,*,#2161,.F.);
#3141=ORIENTED_EDGE('',*,*,#2306,.F.);
#3142=ORIENTED_EDGE('',*,*,#2178,.F.);
#3143=ORIENTED_EDGE('',*,*,#2307,.T.);
#3144=ORIENTED_EDGE('',*,*,#2308,.F.);
#3145=ORIENTED_EDGE('',*,*,#2309,.F.);
#3146=ORIENTED_EDGE('',*,*,#2310,.T.);
#3147=ORIENTED_EDGE('',*,*,#2301,.T.);
#3148=ORIENTED_EDGE('',*,*,#2300,.T.);
#3149=ORIENTED_EDGE('',*,*,#2310,.F.);
#3150=ORIENTED_EDGE('',*,*,#2311,.F.);
#3151=ORIENTED_EDGE('',*,*,#2312,.F.);
#3152=ORIENTED_EDGE('',*,*,#2313,.F.);
#3153=ORIENTED_EDGE('',*,*,#2314,.T.);
#3154=ORIENTED_EDGE('',*,*,#2311,.T.);
#3155=ORIENTED_EDGE('',*,*,#2309,.T.);
#3156=ORIENTED_EDGE('',*,*,#2308,.T.);
#3157=ORIENTED_EDGE('',*,*,#2314,.F.);
#3158=ORIENTED_EDGE('',*,*,#2312,.T.);
#3159=ORIENTED_EDGE('',*,*,#2315,.T.);
#3160=ORIENTED_EDGE('',*,*,#2316,.F.);
#3161=ORIENTED_EDGE('',*,*,#2317,.F.);
#3162=ORIENTED_EDGE('',*,*,#2315,.F.);
#3163=ORIENTED_EDGE('',*,*,#2313,.T.);
#3164=ORIENTED_EDGE('',*,*,#2318,.F.);
#3165=ORIENTED_EDGE('',*,*,#2319,.F.);
#3166=ORIENTED_EDGE('',*,*,#2316,.T.);
#3167=ORIENTED_EDGE('',*,*,#2317,.T.);
#3168=ORIENTED_EDGE('',*,*,#2320,.F.);
#3169=ORIENTED_EDGE('',*,*,#2321,.F.);
#3170=ORIENTED_EDGE('',*,*,#2322,.T.);
#3171=ORIENTED_EDGE('',*,*,#2319,.T.);
#3172=ORIENTED_EDGE('',*,*,#2318,.T.);
#3173=ORIENTED_EDGE('',*,*,#2322,.F.);
#3174=ORIENTED_EDGE('',*,*,#2323,.F.);
#3175=ORIENTED_EDGE('',*,*,#2324,.F.);
#3176=ORIENTED_EDGE('',*,*,#2325,.F.);
#3177=ORIENTED_EDGE('',*,*,#2326,.T.);
#3178=ORIENTED_EDGE('',*,*,#2323,.T.);
#3179=ORIENTED_EDGE('',*,*,#2321,.T.);
#3180=ORIENTED_EDGE('',*,*,#2320,.T.);
#3181=ORIENTED_EDGE('',*,*,#2326,.F.);
#3182=ORIENTED_EDGE('',*,*,#2327,.F.);
#3183=ORIENTED_EDGE('',*,*,#2328,.F.);
#3184=ORIENTED_EDGE('',*,*,#2324,.T.);
#3185=ORIENTED_EDGE('',*,*,#2325,.T.);
#3186=ORIENTED_EDGE('',*,*,#2329,.F.);
#3187=ORIENTED_EDGE('',*,*,#2330,.F.);
#3188=ORIENTED_EDGE('',*,*,#2331,.T.);
#3189=ORIENTED_EDGE('',*,*,#2328,.T.);
#3190=ORIENTED_EDGE('',*,*,#2327,.T.);
#3191=ORIENTED_EDGE('',*,*,#2331,.F.);
#3192=ORIENTED_EDGE('',*,*,#1999,.T.);
#3193=ORIENTED_EDGE('',*,*,#2077,.T.);
#3194=ORIENTED_EDGE('',*,*,#2080,.T.);
#3195=ORIENTED_EDGE('',*,*,#2166,.F.);
#3196=ORIENTED_EDGE('',*,*,#2332,.F.);
#3197=ORIENTED_EDGE('',*,*,#2168,.F.);
#3198=ORIENTED_EDGE('',*,*,#2056,.T.);
#3199=ORIENTED_EDGE('',*,*,#2060,.T.);
#3200=ORIENTED_EDGE('',*,*,#2016,.T.);
#3201=ORIENTED_EDGE('',*,*,#2013,.T.);
#3202=ORIENTED_EDGE('',*,*,#2008,.T.);
#3203=ORIENTED_EDGE('',*,*,#2007,.T.);
#3204=ORIENTED_EDGE('',*,*,#2004,.T.);
#3205=ORIENTED_EDGE('',*,*,#2329,.T.);
#3206=ORIENTED_EDGE('',*,*,#2330,.T.);
#3207=ORIENTED_EDGE('',*,*,#2165,.F.);
#3208=ORIENTED_EDGE('',*,*,#2333,.F.);
#3209=ORIENTED_EDGE('',*,*,#2169,.F.);
#3210=ORIENTED_EDGE('',*,*,#2332,.T.);
#3211=ORIENTED_EDGE('',*,*,#2156,.F.);
#3212=ORIENTED_EDGE('',*,*,#2334,.F.);
#3213=ORIENTED_EDGE('',*,*,#2173,.F.);
#3214=ORIENTED_EDGE('',*,*,#2170,.F.);
#3215=ORIENTED_EDGE('',*,*,#2333,.T.);
#3216=ORIENTED_EDGE('',*,*,#2164,.F.);
#3217=ORIENTED_EDGE('',*,*,#2155,.F.);
#3218=ORIENTED_EDGE('',*,*,#2296,.F.);
#3219=ORIENTED_EDGE('',*,*,#2174,.F.);
#3220=ORIENTED_EDGE('',*,*,#2334,.T.);
#3221=ORIENTED_EDGE('',*,*,#2091,.T.);
#3222=ORIENTED_EDGE('',*,*,#2298,.T.);
#3223=ORIENTED_EDGE('',*,*,#2096,.F.);
#3224=ORIENTED_EDGE('',*,*,#2335,.F.);
#3225=ORIENTED_EDGE('',*,*,#2092,.F.);
#3226=ORIENTED_EDGE('',*,*,#2335,.T.);
#3227=ORIENTED_EDGE('',*,*,#2095,.F.);
#3228=ORIENTED_EDGE('',*,*,#2099,.F.);
#3229=ORIENTED_EDGE('',*,*,#2102,.F.);
#3230=ORIENTED_EDGE('',*,*,#2105,.F.);
#3231=ORIENTED_EDGE('',*,*,#2108,.F.);
#3232=ORIENTED_EDGE('',*,*,#2111,.F.);
#3233=ORIENTED_EDGE('',*,*,#2114,.F.);
#3234=ORIENTED_EDGE('',*,*,#2117,.F.);
#3235=ORIENTED_EDGE('',*,*,#2120,.F.);
#3236=ORIENTED_EDGE('',*,*,#2123,.F.);
#3237=ORIENTED_EDGE('',*,*,#2126,.F.);
#3238=ORIENTED_EDGE('',*,*,#2129,.F.);
#3239=ORIENTED_EDGE('',*,*,#2132,.F.);
#3240=ORIENTED_EDGE('',*,*,#2135,.F.);
#3241=ORIENTED_EDGE('',*,*,#2138,.F.);
#3242=ORIENTED_EDGE('',*,*,#2141,.F.);
#3243=ORIENTED_EDGE('',*,*,#2144,.F.);
#3244=ORIENTED_EDGE('',*,*,#2147,.F.);
#3245=ORIENTED_EDGE('',*,*,#2150,.F.);
#3246=ORIENTED_EDGE('',*,*,#2153,.F.);
#3247=ORIENTED_EDGE('',*,*,#2304,.T.);
#3248=ORIENTED_EDGE('',*,*,#2186,.F.);
#3249=ORIENTED_EDGE('',*,*,#2162,.F.);
#3250=ORIENTED_EDGE('',*,*,#2307,.F.);
#3251=ORIENTED_EDGE('',*,*,#2177,.F.);
#3252=ORIENTED_EDGE('',*,*,#2184,.F.);
#3253=ORIENTED_EDGE('',*,*,#2303,.T.);
#3254=ORIENTED_EDGE('',*,*,#2190,.F.);
#3255=ORIENTED_EDGE('',*,*,#2194,.F.);
#3256=ORIENTED_EDGE('',*,*,#2197,.F.);
#3257=ORIENTED_EDGE('',*,*,#2200,.F.);
#3258=ORIENTED_EDGE('',*,*,#2203,.F.);
#3259=ORIENTED_EDGE('',*,*,#2206,.F.);
#3260=ORIENTED_EDGE('',*,*,#2209,.F.);
#3261=ORIENTED_EDGE('',*,*,#2212,.F.);
#3262=ORIENTED_EDGE('',*,*,#2215,.F.);
#3263=ORIENTED_EDGE('',*,*,#2218,.F.);
#3264=ORIENTED_EDGE('',*,*,#2221,.F.);
#3265=ORIENTED_EDGE('',*,*,#2224,.F.);
#3266=ORIENTED_EDGE('',*,*,#2227,.F.);
#3267=ORIENTED_EDGE('',*,*,#2230,.F.);
#3268=ORIENTED_EDGE('',*,*,#2233,.F.);
#3269=ORIENTED_EDGE('',*,*,#2236,.F.);
#3270=ORIENTED_EDGE('',*,*,#2239,.F.);
#3271=ORIENTED_EDGE('',*,*,#2242,.F.);
#3272=ORIENTED_EDGE('',*,*,#2245,.F.);
#3273=ORIENTED_EDGE('',*,*,#2248,.F.);
#3274=ORIENTED_EDGE('',*,*,#2305,.T.);
#3275=ORIENTED_EDGE('',*,*,#2251,.F.);
#3276=ORIENTED_EDGE('',*,*,#2255,.F.);
#3277=ORIENTED_EDGE('',*,*,#2258,.F.);
#3278=ORIENTED_EDGE('',*,*,#2261,.F.);
#3279=ORIENTED_EDGE('',*,*,#2264,.F.);
#3280=ORIENTED_EDGE('',*,*,#2267,.F.);
#3281=ORIENTED_EDGE('',*,*,#2270,.F.);
#3282=ORIENTED_EDGE('',*,*,#2273,.F.);
#3283=ORIENTED_EDGE('',*,*,#2276,.F.);
#3284=ORIENTED_EDGE('',*,*,#2279,.F.);
#3285=ORIENTED_EDGE('',*,*,#2282,.F.);
#3286=ORIENTED_EDGE('',*,*,#2285,.F.);
#3287=ORIENTED_EDGE('',*,*,#2288,.F.);
#3288=ORIENTED_EDGE('',*,*,#2291,.F.);
#3289=ORIENTED_EDGE('',*,*,#2293,.F.);
#3290=ORIENTED_EDGE('',*,*,#2085,.F.);
#3291=ORIENTED_EDGE('',*,*,#2089,.F.);
#3292=ORIENTED_EDGE('',*,*,#2336,.T.);
#3293=ORIENTED_EDGE('',*,*,#2337,.T.);
#3294=ORIENTED_EDGE('',*,*,#2338,.T.);
#3295=ORIENTED_EDGE('',*,*,#2339,.T.);
#3296=ORIENTED_EDGE('',*,*,#2336,.F.);
#3297=ORIENTED_EDGE('',*,*,#2340,.T.);
#3298=ORIENTED_EDGE('',*,*,#2341,.F.);
#3299=ORIENTED_EDGE('',*,*,#2342,.T.);
#3300=ORIENTED_EDGE('',*,*,#2343,.F.);
#3301=ORIENTED_EDGE('',*,*,#2344,.T.);
#3302=ORIENTED_EDGE('',*,*,#2345,.F.);
#3303=ORIENTED_EDGE('',*,*,#2346,.T.);
#3304=ORIENTED_EDGE('',*,*,#2339,.F.);
#3305=ORIENTED_EDGE('',*,*,#2347,.F.);
#3306=ORIENTED_EDGE('',*,*,#2348,.F.);
#3307=ORIENTED_EDGE('',*,*,#2349,.T.);
#3308=ORIENTED_EDGE('',*,*,#2350,.T.);
#3309=ORIENTED_EDGE('',*,*,#2340,.F.);
#3310=ORIENTED_EDGE('',*,*,#2345,.T.);
#3311=ORIENTED_EDGE('',*,*,#2351,.T.);
#3312=ORIENTED_EDGE('',*,*,#2352,.T.);
#3313=ORIENTED_EDGE('',*,*,#2353,.T.);
#3314=ORIENTED_EDGE('',*,*,#2354,.F.);
#3315=ORIENTED_EDGE('',*,*,#2351,.F.);
#3316=ORIENTED_EDGE('',*,*,#2344,.F.);
#3317=ORIENTED_EDGE('',*,*,#2355,.F.);
#3318=ORIENTED_EDGE('',*,*,#2356,.T.);
#3319=ORIENTED_EDGE('',*,*,#2357,.T.);
#3320=ORIENTED_EDGE('',*,*,#2358,.F.);
#3321=ORIENTED_EDGE('',*,*,#2359,.T.);
#3322=ORIENTED_EDGE('',*,*,#2360,.T.);
#3323=ORIENTED_EDGE('',*,*,#2342,.F.);
#3324=ORIENTED_EDGE('',*,*,#2337,.F.);
#3325=ORIENTED_EDGE('',*,*,#2346,.F.);
#3326=ORIENTED_EDGE('',*,*,#2353,.F.);
#3327=ORIENTED_EDGE('',*,*,#2361,.F.);
#3328=ORIENTED_EDGE('',*,*,#2362,.F.);
#3329=ORIENTED_EDGE('',*,*,#2363,.T.);
#3330=ORIENTED_EDGE('',*,*,#2364,.T.);
#3331=ORIENTED_EDGE('',*,*,#2365,.F.);
#3332=ORIENTED_EDGE('',*,*,#2366,.F.);
#3333=ORIENTED_EDGE('',*,*,#2367,.T.);
#3334=ORIENTED_EDGE('',*,*,#2368,.T.);
#3335=ORIENTED_EDGE('',*,*,#2363,.F.);
#3336=ORIENTED_EDGE('',*,*,#2369,.F.);
#3337=ORIENTED_EDGE('',*,*,#2370,.T.);
#3338=ORIENTED_EDGE('',*,*,#2371,.T.);
#3339=ORIENTED_EDGE('',*,*,#2367,.F.);
#3340=ORIENTED_EDGE('',*,*,#2372,.F.);
#3341=ORIENTED_EDGE('',*,*,#2365,.T.);
#3342=ORIENTED_EDGE('',*,*,#2373,.T.);
#3343=ORIENTED_EDGE('',*,*,#2370,.F.);
#3344=ORIENTED_EDGE('',*,*,#2373,.F.);
#3345=ORIENTED_EDGE('',*,*,#2364,.F.);
#3346=ORIENTED_EDGE('',*,*,#2368,.F.);
#3347=ORIENTED_EDGE('',*,*,#2371,.F.);
#3348=ORIENTED_EDGE('',*,*,#2374,.F.);
#3349=ORIENTED_EDGE('',*,*,#2375,.T.);
#3350=ORIENTED_EDGE('',*,*,#2376,.T.);
#3351=ORIENTED_EDGE('',*,*,#2377,.F.);
#3352=ORIENTED_EDGE('',*,*,#2378,.F.);
#3353=ORIENTED_EDGE('',*,*,#2379,.T.);
#3354=ORIENTED_EDGE('',*,*,#2380,.T.);
#3355=ORIENTED_EDGE('',*,*,#2375,.F.);
#3356=ORIENTED_EDGE('',*,*,#2381,.F.);
#3357=ORIENTED_EDGE('',*,*,#2382,.T.);
#3358=ORIENTED_EDGE('',*,*,#2383,.T.);
#3359=ORIENTED_EDGE('',*,*,#2379,.F.);
#3360=ORIENTED_EDGE('',*,*,#2384,.F.);
#3361=ORIENTED_EDGE('',*,*,#2377,.T.);
#3362=ORIENTED_EDGE('',*,*,#2385,.T.);
#3363=ORIENTED_EDGE('',*,*,#2382,.F.);
#3364=ORIENTED_EDGE('',*,*,#2385,.F.);
#3365=ORIENTED_EDGE('',*,*,#2376,.F.);
#3366=ORIENTED_EDGE('',*,*,#2380,.F.);
#3367=ORIENTED_EDGE('',*,*,#2383,.F.);
#3368=ORIENTED_EDGE('',*,*,#2386,.F.);
#3369=ORIENTED_EDGE('',*,*,#2387,.T.);
#3370=ORIENTED_EDGE('',*,*,#2388,.F.);
#3371=ORIENTED_EDGE('',*,*,#2387,.F.);
#3372=ORIENTED_EDGE('',*,*,#2389,.T.);
#3373=ORIENTED_EDGE('',*,*,#2348,.T.);
#3374=ORIENTED_EDGE('',*,*,#2390,.F.);
#3375=ORIENTED_EDGE('',*,*,#2391,.F.);
#3376=ORIENTED_EDGE('',*,*,#2392,.T.);
#3377=ORIENTED_EDGE('',*,*,#2391,.T.);
#3378=ORIENTED_EDGE('',*,*,#2393,.F.);
#3379=ORIENTED_EDGE('',*,*,#2394,.F.);
#3380=ORIENTED_EDGE('',*,*,#2395,.T.);
#3381=ORIENTED_EDGE('',*,*,#2394,.T.);
#3382=ORIENTED_EDGE('',*,*,#2396,.F.);
#3383=ORIENTED_EDGE('',*,*,#2397,.F.);
#3384=ORIENTED_EDGE('',*,*,#2398,.T.);
#3385=ORIENTED_EDGE('',*,*,#2397,.T.);
#3386=ORIENTED_EDGE('',*,*,#2399,.F.);
#3387=ORIENTED_EDGE('',*,*,#2400,.F.);
#3388=ORIENTED_EDGE('',*,*,#2401,.T.);
#3389=ORIENTED_EDGE('',*,*,#2400,.T.);
#3390=ORIENTED_EDGE('',*,*,#2402,.F.);
#3391=ORIENTED_EDGE('',*,*,#2403,.F.);
#3392=ORIENTED_EDGE('',*,*,#2404,.T.);
#3393=ORIENTED_EDGE('',*,*,#2403,.T.);
#3394=ORIENTED_EDGE('',*,*,#2405,.F.);
#3395=ORIENTED_EDGE('',*,*,#2406,.F.);
#3396=ORIENTED_EDGE('',*,*,#2407,.T.);
#3397=ORIENTED_EDGE('',*,*,#2406,.T.);
#3398=ORIENTED_EDGE('',*,*,#2408,.F.);
#3399=ORIENTED_EDGE('',*,*,#2409,.F.);
#3400=ORIENTED_EDGE('',*,*,#2410,.T.);
#3401=ORIENTED_EDGE('',*,*,#2409,.T.);
#3402=ORIENTED_EDGE('',*,*,#2411,.F.);
#3403=ORIENTED_EDGE('',*,*,#2412,.F.);
#3404=ORIENTED_EDGE('',*,*,#2413,.T.);
#3405=ORIENTED_EDGE('',*,*,#2412,.T.);
#3406=ORIENTED_EDGE('',*,*,#2414,.F.);
#3407=ORIENTED_EDGE('',*,*,#2415,.F.);
#3408=ORIENTED_EDGE('',*,*,#2416,.T.);
#3409=ORIENTED_EDGE('',*,*,#2415,.T.);
#3410=ORIENTED_EDGE('',*,*,#2417,.F.);
#3411=ORIENTED_EDGE('',*,*,#2418,.F.);
#3412=ORIENTED_EDGE('',*,*,#2419,.T.);
#3413=ORIENTED_EDGE('',*,*,#2418,.T.);
#3414=ORIENTED_EDGE('',*,*,#2420,.F.);
#3415=ORIENTED_EDGE('',*,*,#2421,.F.);
#3416=ORIENTED_EDGE('',*,*,#2422,.T.);
#3417=ORIENTED_EDGE('',*,*,#2421,.T.);
#3418=ORIENTED_EDGE('',*,*,#2423,.F.);
#3419=ORIENTED_EDGE('',*,*,#2424,.F.);
#3420=ORIENTED_EDGE('',*,*,#2425,.T.);
#3421=ORIENTED_EDGE('',*,*,#2424,.T.);
#3422=ORIENTED_EDGE('',*,*,#2426,.F.);
#3423=ORIENTED_EDGE('',*,*,#2357,.F.);
#3424=ORIENTED_EDGE('',*,*,#2427,.T.);
#3425=ORIENTED_EDGE('',*,*,#2355,.T.);
#3426=ORIENTED_EDGE('',*,*,#2343,.T.);
#3427=ORIENTED_EDGE('',*,*,#2360,.F.);
#3428=ORIENTED_EDGE('',*,*,#2428,.T.);
#3429=ORIENTED_EDGE('',*,*,#2358,.T.);
#3430=ORIENTED_EDGE('',*,*,#2341,.T.);
#3431=ORIENTED_EDGE('',*,*,#2350,.F.);
#3432=ORIENTED_EDGE('',*,*,#2361,.T.);
#3433=ORIENTED_EDGE('',*,*,#2352,.F.);
#3434=ORIENTED_EDGE('',*,*,#2354,.T.);
#3435=ORIENTED_EDGE('',*,*,#2426,.T.);
#3436=ORIENTED_EDGE('',*,*,#2423,.T.);
#3437=ORIENTED_EDGE('',*,*,#2420,.T.);
#3438=ORIENTED_EDGE('',*,*,#2417,.T.);
#3439=ORIENTED_EDGE('',*,*,#2414,.T.);
#3440=ORIENTED_EDGE('',*,*,#2411,.T.);
#3441=ORIENTED_EDGE('',*,*,#2408,.T.);
#3442=ORIENTED_EDGE('',*,*,#2405,.T.);
#3443=ORIENTED_EDGE('',*,*,#2402,.T.);
#3444=ORIENTED_EDGE('',*,*,#2399,.T.);
#3445=ORIENTED_EDGE('',*,*,#2396,.T.);
#3446=ORIENTED_EDGE('',*,*,#2393,.T.);
#3447=ORIENTED_EDGE('',*,*,#2390,.T.);
#3448=ORIENTED_EDGE('',*,*,#2347,.T.);
#3449=ORIENTED_EDGE('',*,*,#2338,.F.);
#3450=ORIENTED_EDGE('',*,*,#2388,.T.);
#3451=ORIENTED_EDGE('',*,*,#2349,.F.);
#3452=ORIENTED_EDGE('',*,*,#2389,.F.);
#3453=ORIENTED_EDGE('',*,*,#2392,.F.);
#3454=ORIENTED_EDGE('',*,*,#2395,.F.);
#3455=ORIENTED_EDGE('',*,*,#2398,.F.);
#3456=ORIENTED_EDGE('',*,*,#2401,.F.);
#3457=ORIENTED_EDGE('',*,*,#2404,.F.);
#3458=ORIENTED_EDGE('',*,*,#2407,.F.);
#3459=ORIENTED_EDGE('',*,*,#2410,.F.);
#3460=ORIENTED_EDGE('',*,*,#2413,.F.);
#3461=ORIENTED_EDGE('',*,*,#2416,.F.);
#3462=ORIENTED_EDGE('',*,*,#2419,.F.);
#3463=ORIENTED_EDGE('',*,*,#2422,.F.);
#3464=ORIENTED_EDGE('',*,*,#2425,.F.);
#3465=ORIENTED_EDGE('',*,*,#2356,.F.);
#3466=ORIENTED_EDGE('',*,*,#2427,.F.);
#3467=ORIENTED_EDGE('',*,*,#2359,.F.);
#3468=ORIENTED_EDGE('',*,*,#2428,.F.);
#3469=ORIENTED_EDGE('',*,*,#2362,.T.);
#3470=ORIENTED_EDGE('',*,*,#2372,.T.);
#3471=ORIENTED_EDGE('',*,*,#2369,.T.);
#3472=ORIENTED_EDGE('',*,*,#2366,.T.);
#3473=ORIENTED_EDGE('',*,*,#2374,.T.);
#3474=ORIENTED_EDGE('',*,*,#2384,.T.);
#3475=ORIENTED_EDGE('',*,*,#2381,.T.);
#3476=ORIENTED_EDGE('',*,*,#2378,.T.);
#3477=ORIENTED_EDGE('',*,*,#2386,.T.);
#3478=ORIENTED_EDGE('',*,*,#2429,.F.);
#3479=ORIENTED_EDGE('',*,*,#2430,.T.);
#3480=ORIENTED_EDGE('',*,*,#2431,.F.);
#3481=ORIENTED_EDGE('',*,*,#2432,.F.);
#3482=ORIENTED_EDGE('',*,*,#2433,.F.);
#3483=ORIENTED_EDGE('',*,*,#2432,.T.);
#3484=ORIENTED_EDGE('',*,*,#2434,.F.);
#3485=ORIENTED_EDGE('',*,*,#2435,.F.);
#3486=ORIENTED_EDGE('',*,*,#2436,.F.);
#3487=ORIENTED_EDGE('',*,*,#2435,.T.);
#3488=ORIENTED_EDGE('',*,*,#2437,.F.);
#3489=ORIENTED_EDGE('',*,*,#2438,.F.);
#3490=ORIENTED_EDGE('',*,*,#2439,.F.);
#3491=ORIENTED_EDGE('',*,*,#2438,.T.);
#3492=ORIENTED_EDGE('',*,*,#2440,.F.);
#3493=ORIENTED_EDGE('',*,*,#2430,.F.);
#3494=ORIENTED_EDGE('',*,*,#2439,.T.);
#3495=ORIENTED_EDGE('',*,*,#2429,.T.);
#3496=ORIENTED_EDGE('',*,*,#2433,.T.);
#3497=ORIENTED_EDGE('',*,*,#2436,.T.);
#3498=ORIENTED_EDGE('',*,*,#2440,.T.);
#3499=ORIENTED_EDGE('',*,*,#2437,.T.);
#3500=ORIENTED_EDGE('',*,*,#2434,.T.);
#3501=ORIENTED_EDGE('',*,*,#2431,.T.);
#3502=ORIENTED_EDGE('',*,*,#2441,.F.);
#3503=ORIENTED_EDGE('',*,*,#2442,.T.);
#3504=ORIENTED_EDGE('',*,*,#2443,.F.);
#3505=ORIENTED_EDGE('',*,*,#2444,.F.);
#3506=ORIENTED_EDGE('',*,*,#2445,.F.);
#3507=ORIENTED_EDGE('',*,*,#2444,.T.);
#3508=ORIENTED_EDGE('',*,*,#2446,.F.);
#3509=ORIENTED_EDGE('',*,*,#2447,.F.);
#3510=ORIENTED_EDGE('',*,*,#2448,.F.);
#3511=ORIENTED_EDGE('',*,*,#2447,.T.);
#3512=ORIENTED_EDGE('',*,*,#2449,.F.);
#3513=ORIENTED_EDGE('',*,*,#2450,.F.);
#3514=ORIENTED_EDGE('',*,*,#2451,.F.);
#3515=ORIENTED_EDGE('',*,*,#2450,.T.);
#3516=ORIENTED_EDGE('',*,*,#2452,.F.);
#3517=ORIENTED_EDGE('',*,*,#2442,.F.);
#3518=ORIENTED_EDGE('',*,*,#2451,.T.);
#3519=ORIENTED_EDGE('',*,*,#2441,.T.);
#3520=ORIENTED_EDGE('',*,*,#2445,.T.);
#3521=ORIENTED_EDGE('',*,*,#2448,.T.);
#3522=ORIENTED_EDGE('',*,*,#2452,.T.);
#3523=ORIENTED_EDGE('',*,*,#2449,.T.);
#3524=ORIENTED_EDGE('',*,*,#2446,.T.);
#3525=ORIENTED_EDGE('',*,*,#2443,.T.);
#3526=ORIENTED_EDGE('',*,*,#2453,.F.);
#3527=ORIENTED_EDGE('',*,*,#2454,.F.);
#3528=ORIENTED_EDGE('',*,*,#2455,.F.);
#3529=ORIENTED_EDGE('',*,*,#2456,.F.);
#3530=ORIENTED_EDGE('',*,*,#2457,.F.);
#3531=ORIENTED_EDGE('',*,*,#2458,.F.);
#3532=ORIENTED_EDGE('',*,*,#2459,.F.);
#3533=ORIENTED_EDGE('',*,*,#2460,.F.);
#3534=ORIENTED_EDGE('',*,*,#2461,.F.);
#3535=ORIENTED_EDGE('',*,*,#2462,.F.);
#3536=ORIENTED_EDGE('',*,*,#2459,.T.);
#3537=ORIENTED_EDGE('',*,*,#2463,.F.);
#3538=ORIENTED_EDGE('',*,*,#2464,.F.);
#3539=ORIENTED_EDGE('',*,*,#2465,.F.);
#3540=ORIENTED_EDGE('',*,*,#2455,.T.);
#3541=ORIENTED_EDGE('',*,*,#2466,.F.);
#3542=ORIENTED_EDGE('',*,*,#2457,.T.);
#3543=ORIENTED_EDGE('',*,*,#2467,.F.);
#3544=ORIENTED_EDGE('',*,*,#2468,.T.);
#3545=ORIENTED_EDGE('',*,*,#2469,.F.);
#3546=ORIENTED_EDGE('',*,*,#2464,.T.);
#3547=ORIENTED_EDGE('',*,*,#2470,.T.);
#3548=ORIENTED_EDGE('',*,*,#2471,.T.);
#3549=ORIENTED_EDGE('',*,*,#2472,.T.);
#3550=ORIENTED_EDGE('',*,*,#2473,.F.);
#3551=ORIENTED_EDGE('',*,*,#2474,.T.);
#3552=ORIENTED_EDGE('',*,*,#2475,.T.);
#3553=ORIENTED_EDGE('',*,*,#2476,.T.);
#3554=ORIENTED_EDGE('',*,*,#2477,.T.);
#3555=ORIENTED_EDGE('',*,*,#2478,.T.);
#3556=ORIENTED_EDGE('',*,*,#2456,.T.);
#3557=ORIENTED_EDGE('',*,*,#2465,.T.);
#3558=ORIENTED_EDGE('',*,*,#2472,.F.);
#3559=ORIENTED_EDGE('',*,*,#2479,.T.);
#3560=ORIENTED_EDGE('',*,*,#2480,.T.);
#3561=ORIENTED_EDGE('',*,*,#2481,.T.);
#3562=ORIENTED_EDGE('',*,*,#2482,.F.);
#3563=ORIENTED_EDGE('',*,*,#2483,.T.);
#3564=ORIENTED_EDGE('',*,*,#2484,.T.);
#3565=ORIENTED_EDGE('',*,*,#2485,.T.);
#3566=ORIENTED_EDGE('',*,*,#2486,.F.);
#3567=ORIENTED_EDGE('',*,*,#2463,.T.);
#3568=ORIENTED_EDGE('',*,*,#2458,.T.);
#3569=ORIENTED_EDGE('',*,*,#2469,.T.);
#3570=ORIENTED_EDGE('',*,*,#2487,.T.);
#3571=ORIENTED_EDGE('',*,*,#2488,.T.);
#3572=ORIENTED_EDGE('',*,*,#2489,.T.);
#3573=ORIENTED_EDGE('',*,*,#2474,.F.);
#3574=ORIENTED_EDGE('',*,*,#2490,.F.);
#3575=ORIENTED_EDGE('',*,*,#2491,.T.);
#3576=ORIENTED_EDGE('',*,*,#2492,.F.);
#3577=ORIENTED_EDGE('',*,*,#2491,.F.);
#3578=ORIENTED_EDGE('',*,*,#2493,.T.);
#3579=ORIENTED_EDGE('',*,*,#2494,.T.);
#3580=ORIENTED_EDGE('',*,*,#2495,.T.);
#3581=ORIENTED_EDGE('',*,*,#2494,.F.);
#3582=ORIENTED_EDGE('',*,*,#2462,.T.);
#3583=ORIENTED_EDGE('',*,*,#2496,.F.);
#3584=ORIENTED_EDGE('',*,*,#2497,.T.);
#3585=ORIENTED_EDGE('',*,*,#2498,.T.);
#3586=ORIENTED_EDGE('',*,*,#2499,.T.);
#3587=ORIENTED_EDGE('',*,*,#2500,.F.);
#3588=ORIENTED_EDGE('',*,*,#2501,.T.);
#3589=ORIENTED_EDGE('',*,*,#2502,.T.);
#3590=ORIENTED_EDGE('',*,*,#2503,.T.);
#3591=ORIENTED_EDGE('',*,*,#2470,.F.);
#3592=ORIENTED_EDGE('',*,*,#2466,.T.);
#3593=ORIENTED_EDGE('',*,*,#2454,.T.);
#3594=ORIENTED_EDGE('',*,*,#2504,.T.);
#3595=ORIENTED_EDGE('',*,*,#2505,.T.);
#3596=ORIENTED_EDGE('',*,*,#2506,.T.);
#3597=ORIENTED_EDGE('',*,*,#2507,.T.);
#3598=ORIENTED_EDGE('',*,*,#2508,.T.);
#3599=ORIENTED_EDGE('',*,*,#2495,.F.);
#3600=ORIENTED_EDGE('',*,*,#2508,.F.);
#3601=ORIENTED_EDGE('',*,*,#2509,.T.);
#3602=ORIENTED_EDGE('',*,*,#2510,.T.);
#3603=ORIENTED_EDGE('',*,*,#2511,.T.);
#3604=ORIENTED_EDGE('',*,*,#2467,.T.);
#3605=ORIENTED_EDGE('',*,*,#2460,.T.);
#3606=ORIENTED_EDGE('',*,*,#2493,.F.);
#3607=ORIENTED_EDGE('',*,*,#2490,.T.);
#3608=ORIENTED_EDGE('',*,*,#2473,.T.);
#3609=ORIENTED_EDGE('',*,*,#2512,.T.);
#3610=ORIENTED_EDGE('',*,*,#2513,.T.);
#3611=ORIENTED_EDGE('',*,*,#2512,.F.);
#3612=ORIENTED_EDGE('',*,*,#2513,.F.);
#3613=ORIENTED_EDGE('',*,*,#2492,.T.);
#3614=ORIENTED_EDGE('',*,*,#2514,.F.);
#3615=ORIENTED_EDGE('',*,*,#2510,.F.);
#3616=ORIENTED_EDGE('',*,*,#2515,.T.);
#3617=ORIENTED_EDGE('',*,*,#2488,.F.);
#3618=ORIENTED_EDGE('',*,*,#2516,.F.);
#3619=ORIENTED_EDGE('',*,*,#2476,.F.);
#3620=ORIENTED_EDGE('',*,*,#2517,.T.);
#3621=ORIENTED_EDGE('',*,*,#2506,.F.);
#3622=ORIENTED_EDGE('',*,*,#2517,.F.);
#3623=ORIENTED_EDGE('',*,*,#2475,.F.);
#3624=ORIENTED_EDGE('',*,*,#2489,.F.);
#3625=ORIENTED_EDGE('',*,*,#2515,.F.);
#3626=ORIENTED_EDGE('',*,*,#2509,.F.);
#3627=ORIENTED_EDGE('',*,*,#2507,.F.);
#3628=ORIENTED_EDGE('',*,*,#2514,.T.);
#3629=ORIENTED_EDGE('',*,*,#2487,.F.);
#3630=ORIENTED_EDGE('',*,*,#2468,.F.);
#3631=ORIENTED_EDGE('',*,*,#2511,.F.);
#3632=ORIENTED_EDGE('',*,*,#2471,.F.);
#3633=ORIENTED_EDGE('',*,*,#2503,.F.);
#3634=ORIENTED_EDGE('',*,*,#2518,.T.);
#3635=ORIENTED_EDGE('',*,*,#2479,.F.);
#3636=ORIENTED_EDGE('',*,*,#2519,.F.);
#3637=ORIENTED_EDGE('',*,*,#2481,.F.);
#3638=ORIENTED_EDGE('',*,*,#2520,.T.);
#3639=ORIENTED_EDGE('',*,*,#2501,.F.);
#3640=ORIENTED_EDGE('',*,*,#2502,.F.);
#3641=ORIENTED_EDGE('',*,*,#2520,.F.);
#3642=ORIENTED_EDGE('',*,*,#2480,.F.);
#3643=ORIENTED_EDGE('',*,*,#2518,.F.);
#3644=ORIENTED_EDGE('',*,*,#2521,.F.);
#3645=ORIENTED_EDGE('',*,*,#2499,.F.);
#3646=ORIENTED_EDGE('',*,*,#2522,.T.);
#3647=ORIENTED_EDGE('',*,*,#2483,.F.);
#3648=ORIENTED_EDGE('',*,*,#2523,.F.);
#3649=ORIENTED_EDGE('',*,*,#2485,.F.);
#3650=ORIENTED_EDGE('',*,*,#2524,.T.);
#3651=ORIENTED_EDGE('',*,*,#2497,.F.);
#3652=ORIENTED_EDGE('',*,*,#2484,.F.);
#3653=ORIENTED_EDGE('',*,*,#2522,.F.);
#3654=ORIENTED_EDGE('',*,*,#2498,.F.);
#3655=ORIENTED_EDGE('',*,*,#2524,.F.);
#3656=ORIENTED_EDGE('',*,*,#2453,.T.);
#3657=ORIENTED_EDGE('',*,*,#2478,.F.);
#3658=ORIENTED_EDGE('',*,*,#2525,.T.);
#3659=ORIENTED_EDGE('',*,*,#2504,.F.);
#3660=ORIENTED_EDGE('',*,*,#2516,.T.);
#3661=ORIENTED_EDGE('',*,*,#2505,.F.);
#3662=ORIENTED_EDGE('',*,*,#2525,.F.);
#3663=ORIENTED_EDGE('',*,*,#2477,.F.);
#3664=ORIENTED_EDGE('',*,*,#2461,.T.);
#3665=ORIENTED_EDGE('',*,*,#2486,.T.);
#3666=ORIENTED_EDGE('',*,*,#2523,.T.);
#3667=ORIENTED_EDGE('',*,*,#2496,.T.);
#3668=ORIENTED_EDGE('',*,*,#2519,.T.);
#3669=ORIENTED_EDGE('',*,*,#2500,.T.);
#3670=ORIENTED_EDGE('',*,*,#2521,.T.);
#3671=ORIENTED_EDGE('',*,*,#2482,.T.);
#3672=ORIENTED_EDGE('',*,*,#2526,.F.);
#3673=ORIENTED_EDGE('',*,*,#2527,.T.);
#3674=ORIENTED_EDGE('',*,*,#2528,.T.);
#3675=ORIENTED_EDGE('',*,*,#2527,.F.);
#3676=ORIENTED_EDGE('',*,*,#2528,.F.);
#3677=ORIENTED_EDGE('',*,*,#2526,.T.);
#3678=ORIENTED_EDGE('',*,*,#2529,.F.);
#3679=ORIENTED_EDGE('',*,*,#2530,.T.);
#3680=ORIENTED_EDGE('',*,*,#2531,.F.);
#3681=ORIENTED_EDGE('',*,*,#2530,.F.);
#3682=ORIENTED_EDGE('',*,*,#2531,.T.);
#3683=ORIENTED_EDGE('',*,*,#2529,.T.);
#3684=CYLINDRICAL_SURFACE('',#4160,0.1);
#3685=CYLINDRICAL_SURFACE('',#4165,0.1);
#3686=CYLINDRICAL_SURFACE('',#4170,0.1);
#3687=CYLINDRICAL_SURFACE('',#4175,0.1);
#3688=CYLINDRICAL_SURFACE('',#4190,0.500000000000001);
#3689=CYLINDRICAL_SURFACE('',#4204,0.5);
#3690=CYLINDRICAL_SURFACE('',#4206,0.15000004380417);
#3691=CYLINDRICAL_SURFACE('',#4210,0.500000000000001);
#3692=CYLINDRICAL_SURFACE('',#4212,0.5);
#3693=CYLINDRICAL_SURFACE('',#4220,0.500000000000001);
#3694=CYLINDRICAL_SURFACE('',#4223,0.15);
#3695=CYLINDRICAL_SURFACE('',#4226,0.1);
#3696=CYLINDRICAL_SURFACE('',#4230,0.1);
#3697=CYLINDRICAL_SURFACE('',#4233,0.1);
#3698=CYLINDRICAL_SURFACE('',#4237,0.1);
#3699=CYLINDRICAL_SURFACE('',#4241,0.1);
#3700=CYLINDRICAL_SURFACE('',#4245,0.1);
#3701=CYLINDRICAL_SURFACE('',#4248,4.85);
#3702=CYLINDRICAL_SURFACE('',#4251,0.1);
#3703=CYLINDRICAL_SURFACE('',#4255,0.1);
#3704=CYLINDRICAL_SURFACE('',#4259,0.1);
#3705=CYLINDRICAL_SURFACE('',#4263,0.1);
#3706=CYLINDRICAL_SURFACE('',#4266,4.85);
#3707=CYLINDRICAL_SURFACE('',#4269,0.2);
#3708=CYLINDRICAL_SURFACE('',#4272,0.2);
#3709=CYLINDRICAL_SURFACE('',#4276,0.1);
#3710=CYLINDRICAL_SURFACE('',#4280,0.15);
#3711=CYLINDRICAL_SURFACE('',#4283,0.15000004380417);
#3712=CYLINDRICAL_SURFACE('',#4287,0.1);
#3713=CYLINDRICAL_SURFACE('',#4290,0.1);
#3714=CYLINDRICAL_SURFACE('',#4293,0.1);
#3715=CYLINDRICAL_SURFACE('',#4297,0.2);
#3716=CYLINDRICAL_SURFACE('',#4300,0.2);
#3717=CYLINDRICAL_SURFACE('',#4303,4.85);
#3718=CYLINDRICAL_SURFACE('',#4306,0.1);
#3719=CYLINDRICAL_SURFACE('',#4310,0.1);
#3720=CYLINDRICAL_SURFACE('',#4314,0.1);
#3721=CYLINDRICAL_SURFACE('',#4318,0.1);
#3722=CYLINDRICAL_SURFACE('',#4321,4.85);
#3723=CYLINDRICAL_SURFACE('',#4324,0.1);
#3724=CYLINDRICAL_SURFACE('',#4328,0.1);
#3725=CYLINDRICAL_SURFACE('',#4332,0.1);
#3726=CYLINDRICAL_SURFACE('',#4336,0.1);
#3727=CYLINDRICAL_SURFACE('',#4339,0.1);
#3728=CYLINDRICAL_SURFACE('',#4343,0.1);
#3729=CYLINDRICAL_SURFACE('',#4346,0.25);
#3730=CYLINDRICAL_SURFACE('',#4349,4.85);
#3731=CYLINDRICAL_SURFACE('',#4352,0.1);
#3732=CYLINDRICAL_SURFACE('',#4356,0.1);
#3733=CYLINDRICAL_SURFACE('',#4361,0.1);
#3734=CYLINDRICAL_SURFACE('',#4365,0.1);
#3735=CYLINDRICAL_SURFACE('',#4368,4.85);
#3736=CYLINDRICAL_SURFACE('',#4371,0.25);
#3737=CYLINDRICAL_SURFACE('',#4386,4.99999991930065);
#3738=CYLINDRICAL_SURFACE('',#4388,4.99999991930065);
#3739=CYLINDRICAL_SURFACE('',#4390,4.99999991930065);
#3740=CYLINDRICAL_SURFACE('',#4401,0.299999999036583);
#3741=CYLINDRICAL_SURFACE('',#4415,0.4999999991767);
#3742=CYLINDRICAL_SURFACE('',#4421,0.699999998563643);
#3743=CYLINDRICAL_SURFACE('',#4431,4.99999991930065);
#3744=CYLINDRICAL_SURFACE('',#4436,0.25);
#3745=CYLINDRICAL_SURFACE('',#4444,0.25);
#3746=CYLINDRICAL_SURFACE('',#4459,0.57499766248836);
#3747=CYLINDRICAL_SURFACE('',#4462,0.25);
#3748=CYLINDRICAL_SURFACE('',#4466,0.3);
#3749=CYLINDRICAL_SURFACE('',#4470,0.2);
#3750=CYLINDRICAL_SURFACE('',#4473,0.2);
#3751=CYLINDRICAL_SURFACE('',#4476,1.60000000000005);
#3752=CYLINDRICAL_SURFACE('',#4479,0.2);
#3753=CYLINDRICAL_SURFACE('',#4482,0.2);
#3754=CYLINDRICAL_SURFACE('',#4486,0.3);
#3755=CYLINDRICAL_SURFACE('',#4490,0.25);
#3756=CYLINDRICAL_SURFACE('',#4493,0.25);
#3757=CYLINDRICAL_SURFACE('',#4495,0.25);
#3758=CYLINDRICAL_SURFACE('',#4527,4.85);
#3759=CYLINDRICAL_SURFACE('',#4537,0.35);
#3760=CYLINDRICAL_SURFACE('',#4544,5.);
#3761=CYLINDRICAL_SURFACE('',#4573,4.5);
#3762=CYLINDRICAL_SURFACE('',#4579,4.);
#3763=ADVANCED_FACE('',(#232),#3684,.T.);
#3764=ADVANCED_FACE('',(#233),#112,.T.);
#3765=ADVANCED_FACE('',(#234),#113,.T.);
#3766=ADVANCED_FACE('',(#235),#3685,.T.);
#3767=ADVANCED_FACE('',(#236),#114,.T.);
#3768=ADVANCED_FACE('',(#237),#115,.T.);
#3769=ADVANCED_FACE('',(#238),#3686,.T.);
#3770=ADVANCED_FACE('',(#239),#116,.T.);
#3771=ADVANCED_FACE('',(#240),#117,.T.);
#3772=ADVANCED_FACE('',(#241),#3687,.T.);
#3773=ADVANCED_FACE('',(#242),#118,.T.);
#3774=ADVANCED_FACE('',(#243),#119,.T.);
#3775=ADVANCED_FACE('',(#244),#120,.T.);
#3776=ADVANCED_FACE('',(#245),#108,.T.);
#3777=ADVANCED_FACE('',(#246),#121,.T.);
#3778=ADVANCED_FACE('',(#247),#122,.T.);
#3779=ADVANCED_FACE('',(#248),#109,.T.);
#3780=ADVANCED_FACE('',(#249),#123,.T.);
#3781=ADVANCED_FACE('',(#250),#124,.F.);
#3782=ADVANCED_FACE('',(#251),#3688,.F.);
#3783=ADVANCED_FACE('',(#252),#125,.T.);
#3784=ADVANCED_FACE('',(#253),#126,.T.);
#3785=ADVANCED_FACE('',(#254),#127,.F.);
#3786=ADVANCED_FACE('',(#255),#128,.T.);
#3787=ADVANCED_FACE('',(#256),#129,.T.);
#3788=ADVANCED_FACE('',(#257),#130,.T.);
#3789=ADVANCED_FACE('',(#258),#131,.T.);
#3790=ADVANCED_FACE('',(#259),#132,.T.);
#3791=ADVANCED_FACE('',(#260),#133,.T.);
#3792=ADVANCED_FACE('',(#261),#134,.T.);
#3793=ADVANCED_FACE('',(#262),#135,.T.);
#3794=ADVANCED_FACE('',(#263),#136,.T.);
#3795=ADVANCED_FACE('',(#264),#3689,.F.);
#3796=ADVANCED_FACE('',(#265),#3690,.F.);
#3797=ADVANCED_FACE('',(#266),#137,.T.);
#3798=ADVANCED_FACE('',(#267),#3691,.F.);
#3799=ADVANCED_FACE('',(#268),#3692,.F.);
#3800=ADVANCED_FACE('',(#269),#138,.T.);
#3801=ADVANCED_FACE('',(#270),#139,.T.);
#3802=ADVANCED_FACE('',(#271),#140,.T.);
#3803=ADVANCED_FACE('',(#272),#141,.T.);
#3804=ADVANCED_FACE('',(#273),#142,.T.);
#3805=ADVANCED_FACE('',(#274),#143,.T.);
#3806=ADVANCED_FACE('',(#275),#3693,.F.);
#3807=ADVANCED_FACE('',(#276),#144,.T.);
#3808=ADVANCED_FACE('',(#277),#3694,.F.);
#3809=ADVANCED_FACE('',(#278),#3695,.F.);
#3810=ADVANCED_FACE('',(#279),#145,.T.);
#3811=ADVANCED_FACE('',(#280),#3696,.T.);
#3812=ADVANCED_FACE('',(#281),#3697,.T.);
#3813=ADVANCED_FACE('',(#282),#146,.T.);
#3814=ADVANCED_FACE('',(#283),#3698,.F.);
#3815=ADVANCED_FACE('',(#284),#147,.T.);
#3816=ADVANCED_FACE('',(#285),#3699,.F.);
#3817=ADVANCED_FACE('',(#286),#148,.T.);
#3818=ADVANCED_FACE('',(#287),#3700,.T.);
#3819=ADVANCED_FACE('',(#288),#3701,.T.);
#3820=ADVANCED_FACE('',(#289),#3702,.T.);
#3821=ADVANCED_FACE('',(#290),#149,.T.);
#3822=ADVANCED_FACE('',(#291),#3703,.F.);
#3823=ADVANCED_FACE('',(#292),#150,.T.);
#3824=ADVANCED_FACE('',(#293),#3704,.F.);
#3825=ADVANCED_FACE('',(#294),#151,.T.);
#3826=ADVANCED_FACE('',(#295),#3705,.T.);
#3827=ADVANCED_FACE('',(#296),#3706,.T.);
#3828=ADVANCED_FACE('',(#297),#3707,.T.);
#3829=ADVANCED_FACE('',(#298),#3708,.F.);
#3830=ADVANCED_FACE('',(#299),#152,.T.);
#3831=ADVANCED_FACE('',(#300),#3709,.T.);
#3832=ADVANCED_FACE('',(#301),#153,.T.);
#3833=ADVANCED_FACE('',(#302),#3710,.F.);
#3834=ADVANCED_FACE('',(#303),#3711,.F.);
#3835=ADVANCED_FACE('',(#304),#154,.T.);
#3836=ADVANCED_FACE('',(#305),#3712,.T.);
#3837=ADVANCED_FACE('',(#306),#3713,.T.);
#3838=ADVANCED_FACE('',(#307),#3714,.T.);
#3839=ADVANCED_FACE('',(#308),#155,.T.);
#3840=ADVANCED_FACE('',(#309),#3715,.F.);
#3841=ADVANCED_FACE('',(#310),#3716,.T.);
#3842=ADVANCED_FACE('',(#311),#3717,.T.);
#3843=ADVANCED_FACE('',(#312),#3718,.T.);
#3844=ADVANCED_FACE('',(#313),#156,.T.);
#3845=ADVANCED_FACE('',(#314),#3719,.F.);
#3846=ADVANCED_FACE('',(#315),#157,.T.);
#3847=ADVANCED_FACE('',(#316),#3720,.F.);
#3848=ADVANCED_FACE('',(#317),#158,.T.);
#3849=ADVANCED_FACE('',(#318),#3721,.T.);
#3850=ADVANCED_FACE('',(#319),#3722,.T.);
#3851=ADVANCED_FACE('',(#320),#3723,.T.);
#3852=ADVANCED_FACE('',(#321),#159,.T.);
#3853=ADVANCED_FACE('',(#322),#3724,.F.);
#3854=ADVANCED_FACE('',(#323),#160,.T.);
#3855=ADVANCED_FACE('',(#324),#3725,.F.);
#3856=ADVANCED_FACE('',(#325),#161,.T.);
#3857=ADVANCED_FACE('',(#326),#3726,.T.);
#3858=ADVANCED_FACE('',(#327),#3727,.T.);
#3859=ADVANCED_FACE('',(#328),#162,.T.);
#3860=ADVANCED_FACE('',(#329),#3728,.F.);
#3861=ADVANCED_FACE('',(#330),#3729,.T.);
#3862=ADVANCED_FACE('',(#331),#3730,.T.);
#3863=ADVANCED_FACE('',(#332),#3731,.T.);
#3864=ADVANCED_FACE('',(#333),#163,.T.);
#3865=ADVANCED_FACE('',(#334),#3732,.F.);
#3866=ADVANCED_FACE('',(#335),#164,.T.);
#3867=ADVANCED_FACE('',(#336),#165,.T.);
#3868=ADVANCED_FACE('',(#337),#3733,.F.);
#3869=ADVANCED_FACE('',(#338),#166,.T.);
#3870=ADVANCED_FACE('',(#339),#3734,.T.);
#3871=ADVANCED_FACE('',(#340),#3735,.T.);
#3872=ADVANCED_FACE('',(#341),#3736,.T.);
#3873=ADVANCED_FACE('',(#342),#167,.T.);
#3874=ADVANCED_FACE('',(#343,#80),#168,.T.);
#3875=ADVANCED_FACE('',(#344),#72,.T.);
#3876=ADVANCED_FACE('',(#345),#3737,.T.);
#3877=ADVANCED_FACE('',(#346),#3738,.T.);
#3878=ADVANCED_FACE('',(#347),#3739,.T.);
#3879=ADVANCED_FACE('',(#348),#69,.T.);
#3880=ADVANCED_FACE('',(#349),#73,.F.);
#3881=ADVANCED_FACE('',(#350),#74,.T.);
#3882=ADVANCED_FACE('',(#351),#3740,.F.);
#3883=ADVANCED_FACE('',(#352),#70,.F.);
#3884=ADVANCED_FACE('',(#353,#81),#169,.T.);
#3885=ADVANCED_FACE('',(#354),#75,.T.);
#3886=ADVANCED_FACE('',(#355),#3741,.T.);
#3887=ADVANCED_FACE('',(#356,#82),#170,.T.);
#3888=ADVANCED_FACE('',(#357),#3742,.F.);
#3889=ADVANCED_FACE('',(#358,#83),#171,.T.);
#3890=ADVANCED_FACE('',(#359),#76,.F.);
#3891=ADVANCED_FACE('',(#360),#71,.F.);
#3892=ADVANCED_FACE('',(#361),#77,.T.);
#3893=ADVANCED_FACE('',(#362),#3743,.T.);
#3894=ADVANCED_FACE('',(#363),#172,.T.);
#3895=ADVANCED_FACE('',(#364),#3744,.T.);
#3896=ADVANCED_FACE('',(#365),#173,.T.);
#3897=ADVANCED_FACE('',(#366),#174,.T.);
#3898=ADVANCED_FACE('',(#367),#3745,.T.);
#3899=ADVANCED_FACE('',(#368),#175,.T.);
#3900=ADVANCED_FACE('',(#369),#176,.T.);
#3901=ADVANCED_FACE('',(#370),#177,.T.);
#3902=ADVANCED_FACE('',(#371),#178,.F.);
#3903=ADVANCED_FACE('',(#372),#179,.F.);
#3904=ADVANCED_FACE('',(#373),#180,.F.);
#3905=ADVANCED_FACE('',(#374),#181,.F.);
#3906=ADVANCED_FACE('',(#375),#182,.F.);
#3907=ADVANCED_FACE('',(#376),#183,.F.);
#3908=ADVANCED_FACE('',(#377),#184,.F.);
#3909=ADVANCED_FACE('',(#378),#185,.F.);
#3910=ADVANCED_FACE('',(#379),#186,.F.);
#3911=ADVANCED_FACE('',(#380),#187,.F.);
#3912=ADVANCED_FACE('',(#381),#3746,.F.);
#3913=ADVANCED_FACE('',(#382),#3747,.T.);
#3914=ADVANCED_FACE('',(#383),#188,.T.);
#3915=ADVANCED_FACE('',(#384),#3748,.F.);
#3916=ADVANCED_FACE('',(#385),#189,.T.);
#3917=ADVANCED_FACE('',(#386),#3749,.F.);
#3918=ADVANCED_FACE('',(#387),#3750,.T.);
#3919=ADVANCED_FACE('',(#388),#3751,.T.);
#3920=ADVANCED_FACE('',(#389),#3752,.T.);
#3921=ADVANCED_FACE('',(#390),#3753,.F.);
#3922=ADVANCED_FACE('',(#391),#190,.T.);
#3923=ADVANCED_FACE('',(#392),#3754,.F.);
#3924=ADVANCED_FACE('',(#393),#191,.T.);
#3925=ADVANCED_FACE('',(#394),#3755,.T.);
#3926=ADVANCED_FACE('',(#395),#3756,.T.);
#3927=ADVANCED_FACE('',(#396),#3757,.T.);
#3928=ADVANCED_FACE('',(#397,#84),#192,.T.);
#3929=ADVANCED_FACE('',(#398,#85,#86,#87),#193,.F.);
#3930=ADVANCED_FACE('',(#399),#194,.T.);
#3931=ADVANCED_FACE('',(#400),#195,.T.);
#3932=ADVANCED_FACE('',(#401),#196,.T.);
#3933=ADVANCED_FACE('',(#402),#197,.T.);
#3934=ADVANCED_FACE('',(#403),#198,.F.);
#3935=ADVANCED_FACE('',(#404),#199,.T.);
#3936=ADVANCED_FACE('',(#405),#200,.T.);
#3937=ADVANCED_FACE('',(#406),#201,.T.);
#3938=ADVANCED_FACE('',(#407),#202,.T.);
#3939=ADVANCED_FACE('',(#408),#203,.T.);
#3940=ADVANCED_FACE('',(#409),#204,.F.);
#3941=ADVANCED_FACE('',(#410),#205,.T.);
#3942=ADVANCED_FACE('',(#411),#206,.T.);
#3943=ADVANCED_FACE('',(#412),#207,.T.);
#3944=ADVANCED_FACE('',(#413),#208,.F.);
#3945=ADVANCED_FACE('',(#414),#209,.F.);
#3946=ADVANCED_FACE('',(#415),#210,.F.);
#3947=ADVANCED_FACE('',(#416),#211,.T.);
#3948=ADVANCED_FACE('',(#417),#3758,.F.);
#3949=ADVANCED_FACE('',(#418),#3759,.F.);
#3950=ADVANCED_FACE('',(#419),#78,.T.);
#3951=ADVANCED_FACE('',(#420),#3760,.T.);
#3952=ADVANCED_FACE('',(#421,#88),#212,.F.);
#3953=ADVANCED_FACE('',(#422),#79,.F.);
#3954=ADVANCED_FACE('',(#423,#89),#213,.T.);
#3955=ADVANCED_FACE('',(#424),#214,.F.);
#3956=ADVANCED_FACE('',(#425),#215,.F.);
#3957=ADVANCED_FACE('',(#426),#216,.T.);
#3958=ADVANCED_FACE('',(#427),#217,.T.);
#3959=ADVANCED_FACE('',(#428),#218,.F.);
#3960=ADVANCED_FACE('',(#429),#219,.F.);
#3961=ADVANCED_FACE('',(#430),#220,.T.);
#3962=ADVANCED_FACE('',(#431),#221,.F.);
#3963=ADVANCED_FACE('',(#432),#222,.F.);
#3964=ADVANCED_FACE('',(#433),#223,.T.);
#3965=ADVANCED_FACE('',(#434),#224,.F.);
#3966=ADVANCED_FACE('',(#435),#225,.T.);
#3967=ADVANCED_FACE('',(#436),#226,.T.);
#3968=ADVANCED_FACE('',(#437),#227,.T.);
#3969=ADVANCED_FACE('',(#438),#3761,.T.);
#3970=ADVANCED_FACE('',(#439),#228,.F.);
#3971=ADVANCED_FACE('',(#440),#229,.T.);
#3972=ADVANCED_FACE('',(#441),#3762,.T.);
#3973=ADVANCED_FACE('',(#442),#230,.F.);
#3974=ADVANCED_FACE('',(#443),#231,.T.);
#3975=CLOSED_SHELL('',(#3763,#3764,#3765,#3766,#3767,#3768,#3769,#3770,
#3771,#3772,#3773,#3774,#3775,#3776,#3777,#3778,#3779,#3780,#3781,#3782,
#3783,#3784,#3785,#3786,#3787,#3788,#3789,#3790,#3791,#3792,#3793,#3794,
#3795,#3796,#3797,#3798,#3799,#3800,#3801,#3802,#3803,#3804,#3805,#3806,
#3807,#3808,#3809,#3810,#3811,#3812,#3813,#3814,#3815,#3816,#3817,#3818,
#3819,#3820,#3821,#3822,#3823,#3824,#3825,#3826,#3827,#3828,#3829,#3830,
#3831,#3832,#3833,#3834,#3835,#3836,#3837,#3838,#3839,#3840,#3841,#3842,
#3843,#3844,#3845,#3846,#3847,#3848,#3849,#3850,#3851,#3852,#3853,#3854,
#3855,#3856,#3857,#3858,#3859,#3860,#3861,#3862,#3863,#3864,#3865,#3866,
#3867,#3868,#3869,#3870,#3871,#3872,#3873,#3874,#3875,#3876,#3877,#3878,
#3879,#3880,#3881,#3882,#3883,#3884,#3885,#3886,#3887,#3888,#3889,#3890,
#3891,#3892,#3893,#3894));
#3976=CLOSED_SHELL('',(#3895,#3896,#3897,#3898,#3899,#3900,#3901,#3902,
#3903,#3904,#3905,#3906,#3907,#3908,#3909,#3910,#3911,#3912,#3913,#3914,
#3915,#3916,#3917,#3918,#3919,#3920,#3921,#3922,#3923,#3924,#3925,#3926,
#3927,#3928,#3929));
#3977=CLOSED_SHELL('',(#3930,#3931,#3932,#3933,#3934,#3935));
#3978=CLOSED_SHELL('',(#3936,#3937,#3938,#3939,#3940,#3941));
#3979=CLOSED_SHELL('',(#3942,#3943,#3944,#3945,#3946,#3947,#3948,#3949,
#3950,#3951,#3952,#3953,#3954,#3955,#3956,#3957,#3958,#3959,#3960,#3961,
#3962,#3963,#3964,#3965,#3966,#3967,#3968));
#3980=CLOSED_SHELL('',(#3969,#3970,#3971));
#3981=CLOSED_SHELL('',(#3972,#3973,#3974));
#3982=DERIVED_UNIT_ELEMENT(#3994,1.);
#3983=DERIVED_UNIT_ELEMENT(#7156,3.);
#3984=DERIVED_UNIT_ELEMENT(#3994,1.);
#3985=DERIVED_UNIT_ELEMENT(#7156,3.);
#3986=DERIVED_UNIT_ELEMENT(#3994,1.);
#3987=DERIVED_UNIT_ELEMENT(#7156,3.);
#3988=DERIVED_UNIT_ELEMENT(#3994,1.);
#3989=DERIVED_UNIT_ELEMENT(#7156,3.);
#3990=DERIVED_UNIT_ELEMENT(#3994,1.);
#3991=DERIVED_UNIT_ELEMENT(#7156,3.);
#3992=DERIVED_UNIT_ELEMENT(#3994,1.);
#3993=DERIVED_UNIT_ELEMENT(#7156,3.);
#3994=(
MASS_UNIT()
NAMED_UNIT(*)
SI_UNIT($,.GRAM.)
);
#3995=DERIVED_UNIT((#3982,#3983));
#3996=DERIVED_UNIT((#3984,#3985));
#3997=DERIVED_UNIT((#3986,#3987));
#3998=DERIVED_UNIT((#3988,#3989));
#3999=DERIVED_UNIT((#3990,#3991));
#4000=DERIVED_UNIT((#3992,#3993));
#4001=MEASURE_REPRESENTATION_ITEM('density measure',
POSITIVE_RATIO_MEASURE(1.),#3995);
#4002=MEASURE_REPRESENTATION_ITEM('density measure',
POSITIVE_RATIO_MEASURE(1.),#3996);
#4003=MEASURE_REPRESENTATION_ITEM('density measure',
POSITIVE_RATIO_MEASURE(1.),#3997);
#4004=MEASURE_REPRESENTATION_ITEM('density measure',
POSITIVE_RATIO_MEASURE(1.),#3998);
#4005=MEASURE_REPRESENTATION_ITEM('density measure',
POSITIVE_RATIO_MEASURE(1.),#3999);
#4006=MEASURE_REPRESENTATION_ITEM('density measure',
POSITIVE_RATIO_MEASURE(1.),#4000);
#4007=PROPERTY_DEFINITION_REPRESENTATION(#4037,#4019);
#4008=PROPERTY_DEFINITION_REPRESENTATION(#4038,#4020);
#4009=PROPERTY_DEFINITION_REPRESENTATION(#4039,#4021);
#4010=PROPERTY_DEFINITION_REPRESENTATION(#4040,#4022);
#4011=PROPERTY_DEFINITION_REPRESENTATION(#4041,#4023);
#4012=PROPERTY_DEFINITION_REPRESENTATION(#4042,#4024);
#4013=PROPERTY_DEFINITION_REPRESENTATION(#4043,#4025);
#4014=PROPERTY_DEFINITION_REPRESENTATION(#4044,#4026);
#4015=PROPERTY_DEFINITION_REPRESENTATION(#4045,#4027);
#4016=PROPERTY_DEFINITION_REPRESENTATION(#4046,#4028);
#4017=PROPERTY_DEFINITION_REPRESENTATION(#4047,#4029);
#4018=PROPERTY_DEFINITION_REPRESENTATION(#4048,#4030);
#4019=REPRESENTATION('material name',(#4031),#7147);
#4020=REPRESENTATION('density',(#4001),#7147);
#4021=REPRESENTATION('material name',(#4032),#7149);
#4022=REPRESENTATION('density',(#4002),#7149);
#4023=REPRESENTATION('material name',(#4033),#7150);
#4024=REPRESENTATION('density',(#4003),#7150);
#4025=REPRESENTATION('material name',(#4034),#7151);
#4026=REPRESENTATION('density',(#4004),#7151);
#4027=REPRESENTATION('material name',(#4035),#7152);
#4028=REPRESENTATION('density',(#4005),#7152);
#4029=REPRESENTATION('material name',(#4036),#7153);
#4030=REPRESENTATION('density',(#4006),#7153);
#4031=DESCRIPTIVE_REPRESENTATION_ITEM('\X2\C77CBC18\X0\','\X2\C77CBC18\X0\');
#4032=DESCRIPTIVE_REPRESENTATION_ITEM('\X2\C77CBC18\X0\','\X2\C77CBC18\X0\');
#4033=DESCRIPTIVE_REPRESENTATION_ITEM('\X2\C77CBC18\X0\','\X2\C77CBC18\X0\');
#4034=DESCRIPTIVE_REPRESENTATION_ITEM('\X2\C77CBC18\X0\','\X2\C77CBC18\X0\');
#4035=DESCRIPTIVE_REPRESENTATION_ITEM('\X2\C77CBC18\X0\','\X2\C77CBC18\X0\');
#4036=DESCRIPTIVE_REPRESENTATION_ITEM('\X2\C77CBC18\X0\','\X2\C77CBC18\X0\');
#4037=PROPERTY_DEFINITION('material property','material name',#7197);
#4038=PROPERTY_DEFINITION('material property','density of part',#7197);
#4039=PROPERTY_DEFINITION('material property','material name',#7199);
#4040=PROPERTY_DEFINITION('material property','density of part',#7199);
#4041=PROPERTY_DEFINITION('material property','material name',#7200);
#4042=PROPERTY_DEFINITION('material property','density of part',#7200);
#4043=PROPERTY_DEFINITION('material property','material name',#7201);
#4044=PROPERTY_DEFINITION('material property','density of part',#7201);
#4045=PROPERTY_DEFINITION('material property','material name',#7202);
#4046=PROPERTY_DEFINITION('material property','density of part',#7202);
#4047=PROPERTY_DEFINITION('material property','material name',#7203);
#4048=PROPERTY_DEFINITION('material property','density of part',#7203);
#4049=PRESENTATION_STYLE_ASSIGNMENT((#4055));
#4050=PRESENTATION_STYLE_ASSIGNMENT((#4056));
#4051=PRESENTATION_STYLE_ASSIGNMENT((#4057));
#4052=PRESENTATION_STYLE_ASSIGNMENT((#4058));
#4053=PRESENTATION_STYLE_ASSIGNMENT((#4059));
#4054=PRESENTATION_STYLE_ASSIGNMENT((#4060));
#4055=SURFACE_STYLE_USAGE(.BOTH.,#4073);
#4056=SURFACE_STYLE_USAGE(.BOTH.,#4074);
#4057=SURFACE_STYLE_USAGE(.BOTH.,#4075);
#4058=SURFACE_STYLE_USAGE(.BOTH.,#4076);
#4059=SURFACE_STYLE_USAGE(.BOTH.,#4077);
#4060=SURFACE_STYLE_USAGE(.BOTH.,#4078);
#4061=SURFACE_STYLE_RENDERING_WITH_PROPERTIES($,#4097,(#4067));
#4062=SURFACE_STYLE_RENDERING_WITH_PROPERTIES($,#4098,(#4068));
#4063=SURFACE_STYLE_RENDERING_WITH_PROPERTIES($,#4099,(#4069));
#4064=SURFACE_STYLE_RENDERING_WITH_PROPERTIES($,#4100,(#4070));
#4065=SURFACE_STYLE_RENDERING_WITH_PROPERTIES($,#4101,(#4071));
#4066=SURFACE_STYLE_RENDERING_WITH_PROPERTIES($,#4102,(#4072));
#4067=SURFACE_STYLE_TRANSPARENT(0.);
#4068=SURFACE_STYLE_TRANSPARENT(0.);
#4069=SURFACE_STYLE_TRANSPARENT(0.);
#4070=SURFACE_STYLE_TRANSPARENT(0.);
#4071=SURFACE_STYLE_TRANSPARENT(0.);
#4072=SURFACE_STYLE_TRANSPARENT(0.);
#4073=SURFACE_SIDE_STYLE('',(#4079,#4061));
#4074=SURFACE_SIDE_STYLE('',(#4080,#4062));
#4075=SURFACE_SIDE_STYLE('',(#4081,#4063));
#4076=SURFACE_SIDE_STYLE('',(#4082,#4064));
#4077=SURFACE_SIDE_STYLE('',(#4083,#4065));
#4078=SURFACE_SIDE_STYLE('',(#4084,#4066));
#4079=SURFACE_STYLE_FILL_AREA(#4085);
#4080=SURFACE_STYLE_FILL_AREA(#4086);
#4081=SURFACE_STYLE_FILL_AREA(#4087);
#4082=SURFACE_STYLE_FILL_AREA(#4088);
#4083=SURFACE_STYLE_FILL_AREA(#4089);
#4084=SURFACE_STYLE_FILL_AREA(#4090);
#4085=FILL_AREA_STYLE('',(#4091));
#4086=FILL_AREA_STYLE('',(#4092));
#4087=FILL_AREA_STYLE('',(#4093));
#4088=FILL_AREA_STYLE('',(#4094));
#4089=FILL_AREA_STYLE('',(#4095));
#4090=FILL_AREA_STYLE('',(#4096));
#4091=FILL_AREA_STYLE_COLOUR('',#4097);
#4092=FILL_AREA_STYLE_COLOUR('',#4098);
#4093=FILL_AREA_STYLE_COLOUR('',#4099);
#4094=FILL_AREA_STYLE_COLOUR('',#4100);
#4095=FILL_AREA_STYLE_COLOUR('',#4101);
#4096=FILL_AREA_STYLE_COLOUR('',#4102);
#4097=COLOUR_RGB('',0.749019607843137,0.749019607843137,0.749019607843137);
#4098=COLOUR_RGB('',0.67843137254902,0.67843137254902,0.67843137254902);
#4099=COLOUR_RGB('',0.866666666666667,0.486274509803922,0.0588235294117647);
#4100=COLOUR_RGB('',1.,0.8,0.2);
#4101=COLOUR_RGB('',0.956862745098039,0.956862745098039,0.956862745098039);
#4102=COLOUR_RGB('',0.250980392156863,0.250980392156863,0.250980392156863);
#4103=DATE_TIME_ROLE('creation_date');
#4104=DATE_TIME_ROLE('creation_date');
#4105=DATE_TIME_ROLE('creation_date');
#4106=DATE_TIME_ROLE('creation_date');
#4107=DATE_TIME_ROLE('creation_date');
#4108=DATE_TIME_ROLE('creation_date');
#4109=DATE_TIME_ROLE('creation_date');
#4110=DATE_TIME_ROLE('creation_date');
#4111=DATE_TIME_ROLE('creation_date');
#4112=APPLIED_DATE_AND_TIME_ASSIGNMENT(#4121,#4103,(#7195));
#4113=APPLIED_DATE_AND_TIME_ASSIGNMENT(#4122,#4104,(#7196));
#4114=APPLIED_DATE_AND_TIME_ASSIGNMENT(#4123,#4105,(#7197));
#4115=APPLIED_DATE_AND_TIME_ASSIGNMENT(#4124,#4106,(#7198));
#4116=APPLIED_DATE_AND_TIME_ASSIGNMENT(#4125,#4107,(#7199));
#4117=APPLIED_DATE_AND_TIME_ASSIGNMENT(#4126,#4108,(#7200));
#4118=APPLIED_DATE_AND_TIME_ASSIGNMENT(#4127,#4109,(#7201));
#4119=APPLIED_DATE_AND_TIME_ASSIGNMENT(#4128,#4110,(#7202));
#4120=APPLIED_DATE_AND_TIME_ASSIGNMENT(#4129,#4111,(#7203));
#4121=DATE_AND_TIME(#4130,#4139);
#4122=DATE_AND_TIME(#4131,#4140);
#4123=DATE_AND_TIME(#4132,#4141);
#4124=DATE_AND_TIME(#4133,#4142);
#4125=DATE_AND_TIME(#4134,#4143);
#4126=DATE_AND_TIME(#4135,#4144);
#4127=DATE_AND_TIME(#4136,#4145);
#4128=DATE_AND_TIME(#4137,#4146);
#4129=DATE_AND_TIME(#4138,#4147);
#4130=CALENDAR_DATE(2023,7,8);
#4131=CALENDAR_DATE(2023,7,8);
#4132=CALENDAR_DATE(2023,7,8);
#4133=CALENDAR_DATE(2023,7,8);
#4134=CALENDAR_DATE(2023,7,8);
#4135=CALENDAR_DATE(2023,7,8);
#4136=CALENDAR_DATE(2023,7,8);
#4137=CALENDAR_DATE(2023,7,8);
#4138=CALENDAR_DATE(2023,7,8);
#4139=LOCAL_TIME(0,0,0.,#4148);
#4140=LOCAL_TIME(0,0,0.,#4149);
#4141=LOCAL_TIME(0,0,0.,#4150);
#4142=LOCAL_TIME(0,0,0.,#4151);
#4143=LOCAL_TIME(0,0,0.,#4152);
#4144=LOCAL_TIME(0,0,0.,#4153);
#4145=LOCAL_TIME(0,0,0.,#4154);
#4146=LOCAL_TIME(0,0,0.,#4155);
#4147=LOCAL_TIME(0,0,0.,#4156);
#4148=COORDINATED_UNIVERSAL_TIME_OFFSET(0,0,.BEHIND.);
#4149=COORDINATED_UNIVERSAL_TIME_OFFSET(0,0,.BEHIND.);
#4150=COORDINATED_UNIVERSAL_TIME_OFFSET(0,0,.BEHIND.);
#4151=COORDINATED_UNIVERSAL_TIME_OFFSET(0,0,.BEHIND.);
#4152=COORDINATED_UNIVERSAL_TIME_OFFSET(0,0,.BEHIND.);
#4153=COORDINATED_UNIVERSAL_TIME_OFFSET(0,0,.BEHIND.);
#4154=COORDINATED_UNIVERSAL_TIME_OFFSET(0,0,.BEHIND.);
#4155=COORDINATED_UNIVERSAL_TIME_OFFSET(0,0,.BEHIND.);
#4156=COORDINATED_UNIVERSAL_TIME_OFFSET(0,0,.BEHIND.);
#4157=AXIS2_PLACEMENT_3D('placement',#5808,#4590,#4591);
#4158=AXIS2_PLACEMENT_3D('placement',#5809,#4592,#4593);
#4159=AXIS2_PLACEMENT_3D('placement',#5810,#4594,#4595);
#4160=AXIS2_PLACEMENT_3D('',#5811,#4596,#4597);
#4161=AXIS2_PLACEMENT_3D('',#5814,#4598,#4599);
#4162=AXIS2_PLACEMENT_3D('',#5818,#4601,#4602);
#4163=AXIS2_PLACEMENT_3D('',#5820,#4604,#4605);
#4164=AXIS2_PLACEMENT_3D('',#5828,#4610,#4611);
#4165=AXIS2_PLACEMENT_3D('',#5834,#4615,#4616);
#4166=AXIS2_PLACEMENT_3D('',#5837,#4617,#4618);
#4167=AXIS2_PLACEMENT_3D('',#5841,#4620,#4621);
#4168=AXIS2_PLACEMENT_3D('',#5843,#4623,#4624);
#4169=AXIS2_PLACEMENT_3D('',#5851,#4629,#4630);
#4170=AXIS2_PLACEMENT_3D('',#5857,#4634,#4635);
#4171=AXIS2_PLACEMENT_3D('',#5860,#4636,#4637);
#4172=AXIS2_PLACEMENT_3D('',#5864,#4639,#4640);
#4173=AXIS2_PLACEMENT_3D('',#5866,#4642,#4643);
#4174=AXIS2_PLACEMENT_3D('',#5872,#4647,#4648);
#4175=AXIS2_PLACEMENT_3D('',#5878,#4652,#4653);
#4176=AXIS2_PLACEMENT_3D('',#5881,#4654,#4655);
#4177=AXIS2_PLACEMENT_3D('',#5885,#4657,#4658);
#4178=AXIS2_PLACEMENT_3D('',#5887,#4660,#4661);
#4179=AXIS2_PLACEMENT_3D('',#5893,#4665,#4666);
#4180=AXIS2_PLACEMENT_3D('',#5899,#4670,#4671);
#4181=AXIS2_PLACEMENT_3D('',#5902,#4672,#4673);
#4182=AXIS2_PLACEMENT_3D('',#5950,#4678,#4679);
#4183=AXIS2_PLACEMENT_3D('',#5956,#4683,#4684);
#4184=AXIS2_PLACEMENT_3D('',#6004,#4689,#4690);
#4185=AXIS2_PLACEMENT_3D('',#6007,#4691,#4692);
#4186=AXIS2_PLACEMENT_3D('',#6010,#4695,#4696);
#4187=AXIS2_PLACEMENT_3D('',#6012,#4697,#4698);
#4188=AXIS2_PLACEMENT_3D('',#6014,#4699,#4700);
#4189=AXIS2_PLACEMENT_3D('',#6028,#4709,#4710);
#4190=AXIS2_PLACEMENT_3D('',#6029,#4711,#4712);
#4191=AXIS2_PLACEMENT_3D('',#6031,#4713,#4714);
#4192=AXIS2_PLACEMENT_3D('',#6033,#4716,#4717);
#4193=AXIS2_PLACEMENT_3D('',#6037,#4720,#4721);
#4194=AXIS2_PLACEMENT_3D('',#6042,#4725,#4726);
#4195=AXIS2_PLACEMENT_3D('',#6043,#4727,#4728);
#4196=AXIS2_PLACEMENT_3D('',#6046,#4731,#4732);
#4197=AXIS2_PLACEMENT_3D('',#6050,#4735,#4736);
#4198=AXIS2_PLACEMENT_3D('',#6054,#4739,#4740);
#4199=AXIS2_PLACEMENT_3D('',#6060,#4744,#4745);
#4200=AXIS2_PLACEMENT_3D('',#6066,#4749,#4750);
#4201=AXIS2_PLACEMENT_3D('',#6068,#4752,#4753);
#4202=AXIS2_PLACEMENT_3D('',#6076,#4758,#4759);
#4203=AXIS2_PLACEMENT_3D('',#6079,#4762,#4763);
#4204=AXIS2_PLACEMENT_3D('',#6080,#4764,#4765);
#4205=AXIS2_PLACEMENT_3D('',#6083,#4767,#4768);
#4206=AXIS2_PLACEMENT_3D('',#6084,#4769,#4770);
#4207=AXIS2_PLACEMENT_3D('',#6087,#4771,#4772);
#4208=AXIS2_PLACEMENT_3D('',#6091,#4774,#4775);
#4209=AXIS2_PLACEMENT_3D('',#6093,#4777,#4778);
#4210=AXIS2_PLACEMENT_3D('',#6098,#4782,#4783);
#4211=AXIS2_PLACEMENT_3D('',#6100,#4784,#4785);
#4212=AXIS2_PLACEMENT_3D('',#6102,#4787,#4788);
#4213=AXIS2_PLACEMENT_3D('',#6104,#4789,#4790);
#4214=AXIS2_PLACEMENT_3D('',#6106,#4792,#4793);
#4215=AXIS2_PLACEMENT_3D('',#6108,#4795,#4796);
#4216=AXIS2_PLACEMENT_3D('',#6110,#4798,#4799);
#4217=AXIS2_PLACEMENT_3D('',#6114,#4802,#4803);
#4218=AXIS2_PLACEMENT_3D('',#6116,#4805,#4806);
#4219=AXIS2_PLACEMENT_3D('',#6118,#4808,#4809);
#4220=AXIS2_PLACEMENT_3D('',#6122,#4812,#4813);
#4221=AXIS2_PLACEMENT_3D('',#6124,#4814,#4815);
#4222=AXIS2_PLACEMENT_3D('',#6126,#4817,#4818);
#4223=AXIS2_PLACEMENT_3D('',#6132,#4822,#4823);
#4224=AXIS2_PLACEMENT_3D('',#6134,#4824,#4825);
#4225=AXIS2_PLACEMENT_3D('',#6136,#4826,#4827);
#4226=AXIS2_PLACEMENT_3D('',#6138,#4829,#4830);
#4227=AXIS2_PLACEMENT_3D('',#6141,#4831,#4832);
#4228=AXIS2_PLACEMENT_3D('',#6145,#4834,#4835);
#4229=AXIS2_PLACEMENT_3D('',#6147,#4837,#4838);
#4230=AXIS2_PLACEMENT_3D('',#6153,#4842,#4843);
#4231=AXIS2_PLACEMENT_3D('',#6155,#4844,#4845);
#4232=AXIS2_PLACEMENT_3D('',#6158,#4847,#4848);
#4233=AXIS2_PLACEMENT_3D('',#6159,#4849,#4850);
#4234=AXIS2_PLACEMENT_3D('',#6162,#4851,#4852);
#4235=AXIS2_PLACEMENT_3D('',#6166,#4854,#4855);
#4236=AXIS2_PLACEMENT_3D('',#6168,#4857,#4858);
#4237=AXIS2_PLACEMENT_3D('',#6174,#4862,#4863);
#4238=AXIS2_PLACEMENT_3D('',#6176,#4864,#4865);
#4239=AXIS2_PLACEMENT_3D('',#6179,#4867,#4868);
#4240=AXIS2_PLACEMENT_3D('',#6180,#4869,#4870);
#4241=AXIS2_PLACEMENT_3D('',#6186,#4874,#4875);
#4242=AXIS2_PLACEMENT_3D('',#6188,#4876,#4877);
#4243=AXIS2_PLACEMENT_3D('',#6191,#4879,#4880);
#4244=AXIS2_PLACEMENT_3D('',#6192,#4881,#4882);
#4245=AXIS2_PLACEMENT_3D('',#6198,#4886,#4887);
#4246=AXIS2_PLACEMENT_3D('',#6200,#4888,#4889);
#4247=AXIS2_PLACEMENT_3D('',#6203,#4891,#4892);
#4248=AXIS2_PLACEMENT_3D('',#6204,#4893,#4894);
#4249=AXIS2_PLACEMENT_3D('',#6206,#4895,#4896);
#4250=AXIS2_PLACEMENT_3D('',#6209,#4898,#4899);
#4251=AXIS2_PLACEMENT_3D('',#6210,#4900,#4901);
#4252=AXIS2_PLACEMENT_3D('',#6212,#4902,#4903);
#4253=AXIS2_PLACEMENT_3D('',#6215,#4905,#4906);
#4254=AXIS2_PLACEMENT_3D('',#6216,#4907,#4908);
#4255=AXIS2_PLACEMENT_3D('',#6222,#4912,#4913);
#4256=AXIS2_PLACEMENT_3D('',#6224,#4914,#4915);
#4257=AXIS2_PLACEMENT_3D('',#6227,#4917,#4918);
#4258=AXIS2_PLACEMENT_3D('',#6228,#4919,#4920);
#4259=AXIS2_PLACEMENT_3D('',#6234,#4924,#4925);
#4260=AXIS2_PLACEMENT_3D('',#6236,#4926,#4927);
#4261=AXIS2_PLACEMENT_3D('',#6239,#4929,#4930);
#4262=AXIS2_PLACEMENT_3D('',#6240,#4931,#4932);
#4263=AXIS2_PLACEMENT_3D('',#6246,#4936,#4937);
#4264=AXIS2_PLACEMENT_3D('',#6248,#4938,#4939);
#4265=AXIS2_PLACEMENT_3D('',#6251,#4941,#4942);
#4266=AXIS2_PLACEMENT_3D('',#6252,#4943,#4944);
#4267=AXIS2_PLACEMENT_3D('',#6254,#4945,#4946);
#4268=AXIS2_PLACEMENT_3D('',#6257,#4948,#4949);
#4269=AXIS2_PLACEMENT_3D('',#6258,#4950,#4951);
#4270=AXIS2_PLACEMENT_3D('',#6260,#4952,#4953);
#4271=AXIS2_PLACEMENT_3D('',#6263,#4955,#4956);
#4272=AXIS2_PLACEMENT_3D('',#6264,#4957,#4958);
#4273=AXIS2_PLACEMENT_3D('',#6266,#4959,#4960);
#4274=AXIS2_PLACEMENT_3D('',#6269,#4962,#4963);
#4275=AXIS2_PLACEMENT_3D('',#6270,#4964,#4965);
#4276=AXIS2_PLACEMENT_3D('',#6276,#4969,#4970);
#4277=AXIS2_PLACEMENT_3D('',#6278,#4971,#4972);
#4278=AXIS2_PLACEMENT_3D('',#6281,#4974,#4975);
#4279=AXIS2_PLACEMENT_3D('',#6282,#4976,#4977);
#4280=AXIS2_PLACEMENT_3D('',#6320,#4983,#4984);
#4281=AXIS2_PLACEMENT_3D('',#6340,#4985,#4986);
#4282=AXIS2_PLACEMENT_3D('',#6341,#4987,#4988);
#4283=AXIS2_PLACEMENT_3D('',#6342,#4989,#4990);
#4284=AXIS2_PLACEMENT_3D('',#6344,#4991,#4992);
#4285=AXIS2_PLACEMENT_3D('',#6370,#4994,#4995);
#4286=AXIS2_PLACEMENT_3D('',#6371,#4996,#4997);
#4287=AXIS2_PLACEMENT_3D('',#6406,#5002,#5003);
#4288=AXIS2_PLACEMENT_3D('',#6408,#5004,#5005);
#4289=AXIS2_PLACEMENT_3D('',#6411,#5007,#5008);
#4290=AXIS2_PLACEMENT_3D('',#6412,#5009,#5010);
#4291=AXIS2_PLACEMENT_3D('',#6414,#5011,#5012);
#4292=AXIS2_PLACEMENT_3D('',#6416,#5013,#5014);
#4293=AXIS2_PLACEMENT_3D('',#6418,#5016,#5017);
#4294=AXIS2_PLACEMENT_3D('',#6421,#5018,#5019);
#4295=AXIS2_PLACEMENT_3D('',#6425,#5021,#5022);
#4296=AXIS2_PLACEMENT_3D('',#6427,#5024,#5025);
#4297=AXIS2_PLACEMENT_3D('',#6433,#5029,#5030);
#4298=AXIS2_PLACEMENT_3D('',#6435,#5031,#5032);
#4299=AXIS2_PLACEMENT_3D('',#6438,#5034,#5035);
#4300=AXIS2_PLACEMENT_3D('',#6439,#5036,#5037);
#4301=AXIS2_PLACEMENT_3D('',#6441,#5038,#5039);
#4302=AXIS2_PLACEMENT_3D('',#6444,#5041,#5042);
#4303=AXIS2_PLACEMENT_3D('',#6445,#5043,#5044);
#4304=AXIS2_PLACEMENT_3D('',#6447,#5045,#5046);
#4305=AXIS2_PLACEMENT_3D('',#6450,#5048,#5049);
#4306=AXIS2_PLACEMENT_3D('',#6451,#5050,#5051);
#4307=AXIS2_PLACEMENT_3D('',#6453,#5052,#5053);
#4308=AXIS2_PLACEMENT_3D('',#6456,#5055,#5056);
#4309=AXIS2_PLACEMENT_3D('',#6457,#5057,#5058);
#4310=AXIS2_PLACEMENT_3D('',#6463,#5062,#5063);
#4311=AXIS2_PLACEMENT_3D('',#6465,#5064,#5065);
#4312=AXIS2_PLACEMENT_3D('',#6468,#5067,#5068);
#4313=AXIS2_PLACEMENT_3D('',#6469,#5069,#5070);
#4314=AXIS2_PLACEMENT_3D('',#6475,#5074,#5075);
#4315=AXIS2_PLACEMENT_3D('',#6477,#5076,#5077);
#4316=AXIS2_PLACEMENT_3D('',#6480,#5079,#5080);
#4317=AXIS2_PLACEMENT_3D('',#6481,#5081,#5082);
#4318=AXIS2_PLACEMENT_3D('',#6487,#5086,#5087);
#4319=AXIS2_PLACEMENT_3D('',#6489,#5088,#5089);
#4320=AXIS2_PLACEMENT_3D('',#6492,#5091,#5092);
#4321=AXIS2_PLACEMENT_3D('',#6493,#5093,#5094);
#4322=AXIS2_PLACEMENT_3D('',#6495,#5095,#5096);
#4323=AXIS2_PLACEMENT_3D('',#6498,#5098,#5099);
#4324=AXIS2_PLACEMENT_3D('',#6499,#5100,#5101);
#4325=AXIS2_PLACEMENT_3D('',#6501,#5102,#5103);
#4326=AXIS2_PLACEMENT_3D('',#6504,#5105,#5106);
#4327=AXIS2_PLACEMENT_3D('',#6505,#5107,#5108);
#4328=AXIS2_PLACEMENT_3D('',#6511,#5112,#5113);
#4329=AXIS2_PLACEMENT_3D('',#6513,#5114,#5115);
#4330=AXIS2_PLACEMENT_3D('',#6516,#5117,#5118);
#4331=AXIS2_PLACEMENT_3D('',#6517,#5119,#5120);
#4332=AXIS2_PLACEMENT_3D('',#6523,#5124,#5125);
#4333=AXIS2_PLACEMENT_3D('',#6525,#5126,#5127);
#4334=AXIS2_PLACEMENT_3D('',#6528,#5129,#5130);
#4335=AXIS2_PLACEMENT_3D('',#6529,#5131,#5132);
#4336=AXIS2_PLACEMENT_3D('',#6535,#5136,#5137);
#4337=AXIS2_PLACEMENT_3D('',#6537,#5138,#5139);
#4338=AXIS2_PLACEMENT_3D('',#6540,#5141,#5142);
#4339=AXIS2_PLACEMENT_3D('',#6541,#5143,#5144);
#4340=AXIS2_PLACEMENT_3D('',#6544,#5145,#5146);
#4341=AXIS2_PLACEMENT_3D('',#6548,#5148,#5149);
#4342=AXIS2_PLACEMENT_3D('',#6550,#5151,#5152);
#4343=AXIS2_PLACEMENT_3D('',#6556,#5156,#5157);
#4344=AXIS2_PLACEMENT_3D('',#6558,#5158,#5159);
#4345=AXIS2_PLACEMENT_3D('',#6561,#5161,#5162);
#4346=AXIS2_PLACEMENT_3D('',#6562,#5163,#5164);
#4347=AXIS2_PLACEMENT_3D('',#6564,#5165,#5166);
#4348=AXIS2_PLACEMENT_3D('',#6567,#5168,#5169);
#4349=AXIS2_PLACEMENT_3D('',#6568,#5170,#5171);
#4350=AXIS2_PLACEMENT_3D('',#6570,#5172,#5173);
#4351=AXIS2_PLACEMENT_3D('',#6573,#5175,#5176);
#4352=AXIS2_PLACEMENT_3D('',#6574,#5177,#5178);
#4353=AXIS2_PLACEMENT_3D('',#6576,#5179,#5180);
#4354=AXIS2_PLACEMENT_3D('',#6579,#5182,#5183);
#4355=AXIS2_PLACEMENT_3D('',#6580,#5184,#5185);
#4356=AXIS2_PLACEMENT_3D('',#6586,#5189,#5190);
#4357=AXIS2_PLACEMENT_3D('',#6588,#5191,#5192);
#4358=AXIS2_PLACEMENT_3D('',#6591,#5194,#5195);
#4359=AXIS2_PLACEMENT_3D('',#6592,#5196,#5197);
#4360=AXIS2_PLACEMENT_3D('',#6598,#5201,#5202);
#4361=AXIS2_PLACEMENT_3D('',#6604,#5206,#5207);
#4362=AXIS2_PLACEMENT_3D('',#6606,#5208,#5209);
#4363=AXIS2_PLACEMENT_3D('',#6609,#5211,#5212);
#4364=AXIS2_PLACEMENT_3D('',#6610,#5213,#5214);
#4365=AXIS2_PLACEMENT_3D('',#6616,#5218,#5219);
#4366=AXIS2_PLACEMENT_3D('',#6618,#5220,#5221);
#4367=AXIS2_PLACEMENT_3D('',#6621,#5223,#5224);
#4368=AXIS2_PLACEMENT_3D('',#6622,#5225,#5226);
#4369=AXIS2_PLACEMENT_3D('',#6624,#5227,#5228);
#4370=AXIS2_PLACEMENT_3D('',#6627,#5230,#5231);
#4371=AXIS2_PLACEMENT_3D('',#6628,#5232,#5233);
#4372=AXIS2_PLACEMENT_3D('',#6629,#5234,#5235);
#4373=AXIS2_PLACEMENT_3D('',#6630,#5236,#5237);
#4374=AXIS2_PLACEMENT_3D('',#6631,#5238,#5239);
#4375=AXIS2_PLACEMENT_3D('',#6632,#5240,#5241);
#4376=AXIS2_PLACEMENT_3D('',#6633,#5242,#5243);
#4377=AXIS2_PLACEMENT_3D('',#6634,#5244,#5245);
#4378=AXIS2_PLACEMENT_3D('',#6635,#5246,#5247);
#4379=AXIS2_PLACEMENT_3D('',#6636,#5248,#5249);
#4380=AXIS2_PLACEMENT_3D('',#6637,#5250,#5251);
#4381=AXIS2_PLACEMENT_3D('',#6638,#5252,#5253);
#4382=AXIS2_PLACEMENT_3D('',#6641,#5254,#5255);
#4383=AXIS2_PLACEMENT_3D('',#6642,#5256,#5257);
#4384=AXIS2_PLACEMENT_3D('',#6643,#5258,#5259);
#4385=AXIS2_PLACEMENT_3D('',#6644,#5260,#5261);
#4386=AXIS2_PLACEMENT_3D('',#6645,#5262,#5263);
#4387=AXIS2_PLACEMENT_3D('',#6646,#5264,#5265);
#4388=AXIS2_PLACEMENT_3D('',#6647,#5266,#5267);
#4389=AXIS2_PLACEMENT_3D('',#6648,#5268,#5269);
#4390=AXIS2_PLACEMENT_3D('',#6649,#5270,#5271);
#4391=AXIS2_PLACEMENT_3D('',#6650,#5272,#5273);
#4392=AXIS2_PLACEMENT_3D('',#6651,#5274,#5275);
#4393=AXIS2_PLACEMENT_3D('',#6652,#5276,#5277);
#4394=AXIS2_PLACEMENT_3D('',#6653,#5278,#5279);
#4395=AXIS2_PLACEMENT_3D('',#6654,#5280,#5281);
#4396=AXIS2_PLACEMENT_3D('',#6655,#5282,#5283);
#4397=AXIS2_PLACEMENT_3D('',#6658,#5284,#5285);
#4398=AXIS2_PLACEMENT_3D('',#6660,#5286,#5287);
#4399=AXIS2_PLACEMENT_3D('',#6661,#5288,#5289);
#4400=AXIS2_PLACEMENT_3D('',#6662,#5290,#5291);
#4401=AXIS2_PLACEMENT_3D('',#6663,#5292,#5293);
#4402=AXIS2_PLACEMENT_3D('',#6666,#5294,#5295);
#4403=AXIS2_PLACEMENT_3D('',#6667,#5296,#5297);
#4404=AXIS2_PLACEMENT_3D('',#6669,#5299,#5300);
#4405=AXIS2_PLACEMENT_3D('',#6673,#5302,#5303);
#4406=AXIS2_PLACEMENT_3D('',#6674,#5304,#5305);
#4407=AXIS2_PLACEMENT_3D('',#6675,#5306,#5307);
#4408=AXIS2_PLACEMENT_3D('',#6678,#5308,#5309);
#4409=AXIS2_PLACEMENT_3D('',#6679,#5310,#5311);
#4410=AXIS2_PLACEMENT_3D('',#6680,#5312,#5313);
#4411=AXIS2_PLACEMENT_3D('',#6683,#5314,#5315);
#4412=AXIS2_PLACEMENT_3D('',#6685,#5316,#5317);
#4413=AXIS2_PLACEMENT_3D('',#6686,#5318,#5319);
#4414=AXIS2_PLACEMENT_3D('',#6687,#5320,#5321);
#4415=AXIS2_PLACEMENT_3D('',#6688,#5322,#5323);
#4416=AXIS2_PLACEMENT_3D('',#6691,#5324,#5325);
#4417=AXIS2_PLACEMENT_3D('',#6692,#5326,#5327);
#4418=AXIS2_PLACEMENT_3D('',#6694,#5329,#5330);
#4419=AXIS2_PLACEMENT_3D('',#6697,#5331,#5332);
#4420=AXIS2_PLACEMENT_3D('',#6698,#5333,#5334);
#4421=AXIS2_PLACEMENT_3D('',#6699,#5335,#5336);
#4422=AXIS2_PLACEMENT_3D('',#6702,#5337,#5338);
#4423=AXIS2_PLACEMENT_3D('',#6703,#5339,#5340);
#4424=AXIS2_PLACEMENT_3D('',#6705,#5342,#5343);
#4425=AXIS2_PLACEMENT_3D('',#6706,#5344,#5345);
#4426=AXIS2_PLACEMENT_3D('',#6707,#5346,#5347);
#4427=AXIS2_PLACEMENT_3D('',#6708,#5348,#5349);
#4428=AXIS2_PLACEMENT_3D('',#6709,#5350,#5351);
#4429=AXIS2_PLACEMENT_3D('',#6710,#5352,#5353);
#4430=AXIS2_PLACEMENT_3D('',#6711,#5354,#5355);
#4431=AXIS2_PLACEMENT_3D('',#6712,#5356,#5357);
#4432=AXIS2_PLACEMENT_3D('',#6713,#5358,#5359);
#4433=AXIS2_PLACEMENT_3D('',#6714,#5360,#5361);
#4434=AXIS2_PLACEMENT_3D('placement',#6715,#5362,#5363);
#4435=AXIS2_PLACEMENT_3D('placement',#6716,#5364,#5365);
#4436=AXIS2_PLACEMENT_3D('',#6717,#5366,#5367);
#4437=AXIS2_PLACEMENT_3D('',#6720,#5368,#5369);
#4438=AXIS2_PLACEMENT_3D('',#6724,#5371,#5372);
#4439=AXIS2_PLACEMENT_3D('',#6726,#5374,#5375);
#4440=AXIS2_PLACEMENT_3D('',#6730,#5377,#5378);
#4441=AXIS2_PLACEMENT_3D('',#6734,#5380,#5381);
#4442=AXIS2_PLACEMENT_3D('',#6738,#5383,#5384);
#4443=AXIS2_PLACEMENT_3D('',#6740,#5386,#5387);
#4444=AXIS2_PLACEMENT_3D('',#6748,#5392,#5393);
#4445=AXIS2_PLACEMENT_3D('',#6752,#5395,#5396);
#4446=AXIS2_PLACEMENT_3D('',#6754,#5398,#5399);
#4447=AXIS2_PLACEMENT_3D('',#6762,#5404,#5405);
#4448=AXIS2_PLACEMENT_3D('',#6768,#5409,#5410);
#4449=AXIS2_PLACEMENT_3D('',#6770,#5412,#5413);
#4450=AXIS2_PLACEMENT_3D('',#6779,#5418,#5419);
#4451=AXIS2_PLACEMENT_3D('',#6785,#5423,#5424);
#4452=AXIS2_PLACEMENT_3D('',#6791,#5428,#5429);
#4453=AXIS2_PLACEMENT_3D('',#6794,#5432,#5433);
#4454=AXIS2_PLACEMENT_3D('',#6795,#5434,#5435);
#4455=AXIS2_PLACEMENT_3D('',#6804,#5440,#5441);
#4456=AXIS2_PLACEMENT_3D('',#6810,#5445,#5446);
#4457=AXIS2_PLACEMENT_3D('',#6816,#5450,#5451);
#4458=AXIS2_PLACEMENT_3D('',#6819,#5454,#5455);
#4459=AXIS2_PLACEMENT_3D('',#6820,#5456,#5457);
#4460=AXIS2_PLACEMENT_3D('',#6822,#5458,#5459);
#4461=AXIS2_PLACEMENT_3D('',#6825,#5461,#5462);
#4462=AXIS2_PLACEMENT_3D('',#6826,#5463,#5464);
#4463=AXIS2_PLACEMENT_3D('',#6828,#5465,#5466);
#4464=AXIS2_PLACEMENT_3D('',#6830,#5467,#5468);
#4465=AXIS2_PLACEMENT_3D('',#6832,#5470,#5471);
#4466=AXIS2_PLACEMENT_3D('',#6838,#5475,#5476);
#4467=AXIS2_PLACEMENT_3D('',#6840,#5477,#5478);
#4468=AXIS2_PLACEMENT_3D('',#6842,#5479,#5480);
#4469=AXIS2_PLACEMENT_3D('',#6844,#5482,#5483);
#4470=AXIS2_PLACEMENT_3D('',#6850,#5487,#5488);
#4471=AXIS2_PLACEMENT_3D('',#6852,#5489,#5490);
#4472=AXIS2_PLACEMENT_3D('',#6854,#5491,#5492);
#4473=AXIS2_PLACEMENT_3D('',#6856,#5494,#5495);
#4474=AXIS2_PLACEMENT_3D('',#6858,#5496,#5497);
#4475=AXIS2_PLACEMENT_3D('',#6860,#5498,#5499);
#4476=AXIS2_PLACEMENT_3D('',#6862,#5501,#5502);
#4477=AXIS2_PLACEMENT_3D('',#6864,#5503,#5504);
#4478=AXIS2_PLACEMENT_3D('',#6866,#5505,#5506);
#4479=AXIS2_PLACEMENT_3D('',#6868,#5508,#5509);
#4480=AXIS2_PLACEMENT_3D('',#6870,#5510,#5511);
#4481=AXIS2_PLACEMENT_3D('',#6872,#5512,#5513);
#4482=AXIS2_PLACEMENT_3D('',#6874,#5515,#5516);
#4483=AXIS2_PLACEMENT_3D('',#6876,#5517,#5518);
#4484=AXIS2_PLACEMENT_3D('',#6878,#5519,#5520);
#4485=AXIS2_PLACEMENT_3D('',#6880,#5522,#5523);
#4486=AXIS2_PLACEMENT_3D('',#6886,#5527,#5528);
#4487=AXIS2_PLACEMENT_3D('',#6888,#5529,#5530);
#4488=AXIS2_PLACEMENT_3D('',#6890,#5531,#5532);
#4489=AXIS2_PLACEMENT_3D('',#6892,#5534,#5535);
#4490=AXIS2_PLACEMENT_3D('',#6898,#5539,#5540);
#4491=AXIS2_PLACEMENT_3D('',#6899,#5541,#5542);
#4492=AXIS2_PLACEMENT_3D('',#6900,#5543,#5544);
#4493=AXIS2_PLACEMENT_3D('',#6901,#5545,#5546);
#4494=AXIS2_PLACEMENT_3D('',#6902,#5547,#5548);
#4495=AXIS2_PLACEMENT_3D('',#6903,#5549,#5550);
#4496=AXIS2_PLACEMENT_3D('',#6904,#5551,#5552);
#4497=AXIS2_PLACEMENT_3D('',#6905,#5553,#5554);
#4498=AXIS2_PLACEMENT_3D('',#6906,#5555,#5556);
#4499=AXIS2_PLACEMENT_3D('placement',#6907,#5557,#5558);
#4500=AXIS2_PLACEMENT_3D('',#6908,#5559,#5560);
#4501=AXIS2_PLACEMENT_3D('',#6917,#5565,#5566);
#4502=AXIS2_PLACEMENT_3D('',#6923,#5570,#5571);
#4503=AXIS2_PLACEMENT_3D('',#6929,#5575,#5576);
#4504=AXIS2_PLACEMENT_3D('',#6932,#5579,#5580);
#4505=AXIS2_PLACEMENT_3D('',#6933,#5581,#5582);
#4506=AXIS2_PLACEMENT_3D('',#6934,#5583,#5584);
#4507=AXIS2_PLACEMENT_3D('',#6943,#5589,#5590);
#4508=AXIS2_PLACEMENT_3D('',#6949,#5594,#5595);
#4509=AXIS2_PLACEMENT_3D('',#6955,#5599,#5600);
#4510=AXIS2_PLACEMENT_3D('',#6958,#5603,#5604);
#4511=AXIS2_PLACEMENT_3D('',#6959,#5605,#5606);
#4512=AXIS2_PLACEMENT_3D('',#6960,#5607,#5608);
#4513=AXIS2_PLACEMENT_3D('',#6961,#5609,#5610);
#4514=AXIS2_PLACEMENT_3D('placement',#6962,#5611,#5612);
#4515=AXIS2_PLACEMENT_3D('',#6963,#5613,#5614);
#4516=AXIS2_PLACEMENT_3D('',#6968,#5616,#5617);
#4517=AXIS2_PLACEMENT_3D('',#6971,#5619,#5620);
#4518=AXIS2_PLACEMENT_3D('',#6972,#5621,#5622);
#4519=AXIS2_PLACEMENT_3D('',#6977,#5624,#5625);
#4520=AXIS2_PLACEMENT_3D('',#6980,#5627,#5628);
#4521=AXIS2_PLACEMENT_3D('',#6981,#5629,#5630);
#4522=AXIS2_PLACEMENT_3D('',#6987,#5634,#5635);
#4523=AXIS2_PLACEMENT_3D('',#6993,#5639,#5640);
#4524=AXIS2_PLACEMENT_3D('',#6999,#5644,#5645);
#4525=AXIS2_PLACEMENT_3D('',#7001,#5646,#5647);
#4526=AXIS2_PLACEMENT_3D('',#7004,#5649,#5650);
#4527=AXIS2_PLACEMENT_3D('',#7005,#5651,#5652);
#4528=AXIS2_PLACEMENT_3D('',#7007,#5653,#5654);
#4529=AXIS2_PLACEMENT_3D('',#7011,#5656,#5657);
#4530=AXIS2_PLACEMENT_3D('',#7015,#5659,#5660);
#4531=AXIS2_PLACEMENT_3D('',#7020,#5663,#5664);
#4532=AXIS2_PLACEMENT_3D('',#7024,#5666,#5667);
#4533=AXIS2_PLACEMENT_3D('',#7028,#5669,#5670);
#4534=AXIS2_PLACEMENT_3D('',#7031,#5672,#5673);
#4535=AXIS2_PLACEMENT_3D('',#7033,#5674,#5675);
#4536=AXIS2_PLACEMENT_3D('',#7036,#5677,#5678);
#4537=AXIS2_PLACEMENT_3D('',#7037,#5679,#5680);
#4538=AXIS2_PLACEMENT_3D('',#7039,#5681,#5682);
#4539=AXIS2_PLACEMENT_3D('',#7042,#5684,#5685);
#4540=AXIS2_PLACEMENT_3D('',#7043,#5686,#5687);
#4541=AXIS2_PLACEMENT_3D('',#7045,#5688,#5689);
#4542=AXIS2_PLACEMENT_3D('',#7047,#5690,#5691);
#4543=AXIS2_PLACEMENT_3D('',#7048,#5692,#5693);
#4544=AXIS2_PLACEMENT_3D('',#7049,#5694,#5695);
#4545=AXIS2_PLACEMENT_3D('',#7051,#5696,#5697);
#4546=AXIS2_PLACEMENT_3D('',#7055,#5699,#5700);
#4547=AXIS2_PLACEMENT_3D('',#7059,#5702,#5703);
#4548=AXIS2_PLACEMENT_3D('',#7063,#5705,#5706);
#4549=AXIS2_PLACEMENT_3D('',#7068,#5709,#5710);
#4550=AXIS2_PLACEMENT_3D('',#7072,#5712,#5713);
#4551=AXIS2_PLACEMENT_3D('',#7075,#5715,#5716);
#4552=AXIS2_PLACEMENT_3D('',#7078,#5718,#5719);
#4553=AXIS2_PLACEMENT_3D('',#7079,#5720,#5721);
#4554=AXIS2_PLACEMENT_3D('',#7080,#5722,#5723);
#4555=AXIS2_PLACEMENT_3D('',#7082,#5724,#5725);
#4556=AXIS2_PLACEMENT_3D('',#7083,#5726,#5727);
#4557=AXIS2_PLACEMENT_3D('',#7084,#5728,#5729);
#4558=AXIS2_PLACEMENT_3D('',#7085,#5730,#5731);
#4559=AXIS2_PLACEMENT_3D('',#7088,#5734,#5735);
#4560=AXIS2_PLACEMENT_3D('',#7091,#5738,#5739);
#4561=AXIS2_PLACEMENT_3D('',#7092,#5740,#5741);
#4562=AXIS2_PLACEMENT_3D('',#7093,#5742,#5743);
#4563=AXIS2_PLACEMENT_3D('',#7095,#5745,#5746);
#4564=AXIS2_PLACEMENT_3D('',#7098,#5749,#5750);
#4565=AXIS2_PLACEMENT_3D('',#7099,#5751,#5752);
#4566=AXIS2_PLACEMENT_3D('',#7102,#5755,#5756);
#4567=AXIS2_PLACEMENT_3D('',#7105,#5759,#5760);
#4568=AXIS2_PLACEMENT_3D('',#7106,#5761,#5762);
#4569=AXIS2_PLACEMENT_3D('',#7108,#5764,#5765);
#4570=AXIS2_PLACEMENT_3D('',#7109,#5766,#5767);
#4571=AXIS2_PLACEMENT_3D('',#7110,#5768,#5769);
#4572=AXIS2_PLACEMENT_3D('placement',#7111,#5770,#5771);
#4573=AXIS2_PLACEMENT_3D('',#7112,#5772,#5773);
#4574=AXIS2_PLACEMENT_3D('',#7114,#5774,#5775);
#4575=AXIS2_PLACEMENT_3D('',#7117,#5777,#5778);
#4576=AXIS2_PLACEMENT_3D('',#7118,#5779,#5780);
#4577=AXIS2_PLACEMENT_3D('',#7119,#5781,#5782);
#4578=AXIS2_PLACEMENT_3D('placement',#7120,#5783,#5784);
#4579=AXIS2_PLACEMENT_3D('',#7121,#5785,#5786);
#4580=AXIS2_PLACEMENT_3D('',#7123,#5787,#5788);
#4581=AXIS2_PLACEMENT_3D('',#7126,#5790,#5791);
#4582=AXIS2_PLACEMENT_3D('',#7127,#5792,#5793);
#4583=AXIS2_PLACEMENT_3D('',#7128,#5794,#5795);
#4584=AXIS2_PLACEMENT_3D('',#7129,#5796,#5797);
#4585=AXIS2_PLACEMENT_3D('',#7130,#5798,#5799);
#4586=AXIS2_PLACEMENT_3D('',#7131,#5800,#5801);
#4587=AXIS2_PLACEMENT_3D('',#7132,#5802,#5803);
#4588=AXIS2_PLACEMENT_3D('',#7133,#5804,#5805);
#4589=AXIS2_PLACEMENT_3D('',#7134,#5806,#5807);
#4590=DIRECTION('axis',(0.,0.,1.));
#4591=DIRECTION('refdir',(1.,0.,0.));
#4592=DIRECTION('axis',(0.,0.,1.));
#4593=DIRECTION('refdir',(1.,0.,0.));
#4594=DIRECTION('axis',(0.,0.,1.));
#4595=DIRECTION('refdir',(1.,0.,0.));
#4596=DIRECTION('center_axis',(6.56965027638348E-7,0.,0.999999999999784));
#4597=DIRECTION('ref_axis',(-0.707106781186393,0.70710678118655,4.64544426045482E-7));
#4598=DIRECTION('center_axis',(-6.5696504318149E-7,0.,-0.999999999999784));
#4599=DIRECTION('ref_axis',(-0.707106781186393,0.70710678118655,4.64544437036143E-7));
#4600=DIRECTION('',(-6.56965027638348E-7,0.,-0.999999999999784));
#4601=DIRECTION('center_axis',(6.56964957694318E-7,0.,0.999999999999784));
#4602=DIRECTION('ref_axis',(-0.707106781186393,0.70710678118655,4.64544376587584E-7));
#4603=DIRECTION('',(6.56965027638348E-7,0.,0.999999999999784));
#4604=DIRECTION('center_axis',(-0.999999999999784,0.,6.56965027638348E-7));
#4605=DIRECTION('ref_axis',(6.56965027638348E-7,0.,0.999999999999784));
#4606=DIRECTION('',(0.,1.,0.));
#4607=DIRECTION('',(-6.56965027638348E-7,0.,-0.999999999999784));
#4608=DIRECTION('',(0.,1.,0.));
#4609=DIRECTION('',(0.,1.,0.));
#4610=DIRECTION('center_axis',(-6.56964957694318E-7,0.,-0.999999999999784));
#4611=DIRECTION('ref_axis',(-0.999999999999784,0.,6.56964957694318E-7));
#4612=DIRECTION('',(-0.999999999999784,0.,6.56964957694317E-7));
#4613=DIRECTION('',(0.,1.,0.));
#4614=DIRECTION('',(0.999999999999784,0.,-6.56964957694317E-7));
#4615=DIRECTION('center_axis',(-6.56965027638348E-7,0.,-0.999999999999784));
#4616=DIRECTION('ref_axis',(0.707106781186393,0.70710678118655,-4.64544426045482E-7));
#4617=DIRECTION('center_axis',(6.56964944371679E-7,0.,0.999999999999784));
#4618=DIRECTION('ref_axis',(0.707106781186393,0.70710678118655,-4.64544367167056E-7));
#4619=DIRECTION('',(6.56965027638348E-7,0.,0.999999999999784));
#4620=DIRECTION('center_axis',(-6.56964972127217E-7,0.,-0.999999999999784));
#4621=DIRECTION('ref_axis',(0.707106781186393,0.70710678118655,-4.64544386793185E-7));
#4622=DIRECTION('',(-6.56965027638348E-7,0.,-0.999999999999784));
#4623=DIRECTION('center_axis',(0.999999999999784,0.,-6.56965027638348E-7));
#4624=DIRECTION('ref_axis',(-6.56965027638348E-7,0.,-0.999999999999784));
#4625=DIRECTION('',(0.,1.,0.));
#4626=DIRECTION('',(0.,1.,0.));
#4627=DIRECTION('',(6.56965027638348E-7,0.,0.999999999999784));
#4628=DIRECTION('',(0.,1.,0.));
#4629=DIRECTION('center_axis',(6.56964972127217E-7,0.,0.999999999999784));
#4630=DIRECTION('ref_axis',(0.999999999999784,0.,-6.56964972127217E-7));
#4631=DIRECTION('',(0.999999999999784,0.,-6.56964972127217E-7));
#4632=DIRECTION('',(0.,1.,0.));
#4633=DIRECTION('',(-0.999999999999784,0.,6.56964972127217E-7));
#4634=DIRECTION('center_axis',(7.1163606037589E-7,0.,-0.999999999999747));
#4635=DIRECTION('ref_axis',(0.707106781186372,0.707106781186544,5.03202684028674E-7));
#4636=DIRECTION('center_axis',(-7.11636003754536E-7,0.,0.999999999999747));
#4637=DIRECTION('ref_axis',(0.707106781186372,0.707106781186544,5.0320264399133E-7));
#4638=DIRECTION('',(-7.1163606037589E-7,0.,0.999999999999747));
#4639=DIRECTION('center_axis',(7.11635975998998E-7,0.,-0.999999999999747));
#4640=DIRECTION('ref_axis',(0.707106781186372,0.707106781186544,5.03202624365201E-7));
#4641=DIRECTION('',(7.11636060375891E-7,0.,-0.999999999999747));
#4642=DIRECTION('center_axis',(0.,1.,0.));
#4643=DIRECTION('ref_axis',(0.,0.,1.));
#4644=DIRECTION('',(-0.999999999999747,0.,-7.11636003754536E-7));
#4645=DIRECTION('',(-7.11635921597965E-7,0.,0.999999999999747));
#4646=DIRECTION('',(0.999999999999747,0.,7.11635975998998E-7));
#4647=DIRECTION('center_axis',(7.11636003754536E-7,0.,-0.999999999999747));
#4648=DIRECTION('ref_axis',(-0.999999999999747,0.,-7.11636003754536E-7));
#4649=DIRECTION('',(0.,1.,0.));
#4650=DIRECTION('',(0.999999999999747,0.,7.11636003754536E-7));
#4651=DIRECTION('',(0.,1.,0.));
#4652=DIRECTION('center_axis',(-7.1163606037589E-7,0.,0.999999999999747));
#4653=DIRECTION('ref_axis',(-0.707106781186364,0.707106781186552,-5.03202684028668E-7));
#4654=DIRECTION('center_axis',(7.11635975998961E-7,0.,-0.999999999999747));
#4655=DIRECTION('ref_axis',(-0.707106781186364,0.707106781186552,-5.03202624365169E-7));
#4656=DIRECTION('',(7.11636060375891E-7,0.,-0.999999999999747));
#4657=DIRECTION('center_axis',(-7.11636061486133E-7,0.,0.999999999999747));
#4658=DIRECTION('ref_axis',(-0.707106781186364,0.707106781186552,-5.03202684813728E-7));
#4659=DIRECTION('',(-7.11636060375891E-7,0.,0.999999999999747));
#4660=DIRECTION('center_axis',(0.,1.,0.));
#4661=DIRECTION('ref_axis',(0.,0.,1.));
#4662=DIRECTION('',(0.999999999999747,0.,7.11635975998961E-7));
#4663=DIRECTION('',(7.11636060376037E-7,0.,-0.999999999999747));
#4664=DIRECTION('',(-0.999999999999747,0.,-7.11636061486134E-7));
#4665=DIRECTION('center_axis',(-7.11635975998961E-7,0.,0.999999999999747));
#4666=DIRECTION('ref_axis',(0.999999999999747,0.,7.11635975998961E-7));
#4667=DIRECTION('',(0.,1.,0.));
#4668=DIRECTION('',(0.999999999999747,0.,7.11635975998961E-7));
#4669=DIRECTION('',(0.,1.,0.));
#4670=DIRECTION('center_axis',(-6.1562129588929E-8,0.707106781186549,0.707106781186543));
#4671=DIRECTION('ref_axis',(0.999999999999996,2.51106225935988E-18,8.70619985907225E-8));
#4672=DIRECTION('center_axis',(6.1562129588929E-8,-0.707106781186549,-0.707106781186543));
#4673=DIRECTION('ref_axis',(6.1562129728649E-8,0.707106781186546,-0.707106781186547));
#4674=DIRECTION('',(-0.999999999999996,0.,-8.70619985932335E-8));
#4675=DIRECTION('',(6.15621320347223E-8,0.707106781186544,-0.707106781186549));
#4676=DIRECTION('',(-0.999999999999996,0.,-8.70619985932335E-8));
#4677=DIRECTION('',(0.707106781186541,0.707106781186552,6.15621614739566E-8));
#4678=DIRECTION('center_axis',(-0.707106781186542,0.707106781186551,-6.15621321259059E-8));
#4679=DIRECTION('ref_axis',(-8.7062002160993E-8,2.0067831794455E-17,0.999999999999996));
#4680=DIRECTION('',(0.707106781186556,0.707106781186536,6.15621323701595E-8));
#4681=DIRECTION('',(8.70620021810609E-8,0.,-0.999999999999996));
#4682=DIRECTION('',(8.70620021810609E-8,0.,-0.999999999999996));
#4683=DIRECTION('center_axis',(-0.707106781185799,0.707106781186547,-1.02930912029937E-6));
#4684=DIRECTION('ref_axis',(-1.45566291778073E-6,2.09540069282953E-17,0.999999999998941));
#4685=DIRECTION('',(1.45566291780168E-6,0.,-0.999999999998941));
#4686=DIRECTION('',(0.707106781185806,0.707106781186539,1.02930912042674E-6));
#4687=DIRECTION('',(1.45566291780168E-6,0.,-0.999999999998941));
#4688=DIRECTION('',(-1.02930904584733E-6,0.707106781186528,0.707106781185818));
#4689=DIRECTION('center_axis',(1.02930912240041E-6,0.707106781186547,-0.707106781185799));
#4690=DIRECTION('ref_axis',(-0.999999999998941,-3.29125239567499E-18,-1.4556629207763E-6));
#4691=DIRECTION('center_axis',(-1.02930912240041E-6,-0.707106781186547,
0.707106781185799));
#4692=DIRECTION('ref_axis',(-1.02930912238936E-6,0.707106781186548,0.707106781185798));
#4693=DIRECTION('',(0.999999999998941,0.,1.45566292077301E-6));
#4694=DIRECTION('',(0.999999999998941,0.,1.45566292077301E-6));
#4695=DIRECTION('center_axis',(0.,-1.,0.));
#4696=DIRECTION('ref_axis',(0.,0.,-1.));
#4697=DIRECTION('center_axis',(0.,-1.,0.));
#4698=DIRECTION('ref_axis',(-0.899996546168001,0.,0.435897025552675));
#4699=DIRECTION('center_axis',(0.,-1.,0.));
#4700=DIRECTION('ref_axis',(-0.999999999998941,0.,-1.4555188934108E-6));
#4701=DIRECTION('',(-1.45566290079961E-6,0.,0.999999999998941));
#4702=DIRECTION('',(0.999999999999747,0.,7.11636061486133E-7));
#4703=DIRECTION('',(0.999999999998941,0.,1.45566292205408E-6));
#4704=DIRECTION('',(1.45566291454023E-6,0.,-0.999999999998941));
#4705=DIRECTION('',(8.70620048260283E-8,0.,-0.999999999999996));
#4706=DIRECTION('',(-0.999999999999996,0.,-8.70619979779645E-8));
#4707=DIRECTION('',(-0.999999999999784,0.,6.5696504318149E-7));
#4708=DIRECTION('',(-8.70620141458049E-8,0.,0.999999999999996));
#4709=DIRECTION('center_axis',(0.,-1.,0.));
#4710=DIRECTION('ref_axis',(-0.899999962050543,0.,-0.435889972709881));
#4711=DIRECTION('center_axis',(0.,1.,0.));
#4712=DIRECTION('ref_axis',(-0.899996546168001,0.,0.435897025552675));
#4713=DIRECTION('center_axis',(0.,-1.,0.));
#4714=DIRECTION('ref_axis',(-0.900000634507803,0.,0.435888584256977));
#4715=DIRECTION('',(0.,1.,0.));
#4716=DIRECTION('center_axis',(6.5696504318149E-7,0.,0.999999999999784));
#4717=DIRECTION('ref_axis',(0.999999999999784,0.,-6.5696504318149E-7));
#4718=DIRECTION('',(0.,1.,0.));
#4719=DIRECTION('',(0.999999999999784,0.,-6.5696504318149E-7));
#4720=DIRECTION('center_axis',(0.999999999999784,0.,-6.56965027638494E-7));
#4721=DIRECTION('ref_axis',(-6.56965027638494E-7,0.,-0.999999999999784));
#4722=DIRECTION('',(6.56965027638494E-7,0.,0.999999999999784));
#4723=DIRECTION('',(-6.56965027638494E-7,0.,-0.999999999999784));
#4724=DIRECTION('',(0.,1.,0.));
#4725=DIRECTION('center_axis',(0.,-1.,0.));
#4726=DIRECTION('ref_axis',(0.,0.,-1.));
#4727=DIRECTION('center_axis',(7.11636061486133E-7,0.,-0.999999999999747));
#4728=DIRECTION('ref_axis',(-0.999999999999747,0.,-7.11636061486133E-7));
#4729=DIRECTION('',(0.,1.,0.));
#4730=DIRECTION('',(0.,1.,0.));
#4731=DIRECTION('center_axis',(0.999999999999747,0.,7.11636060376037E-7));
#4732=DIRECTION('ref_axis',(7.11636060376037E-7,0.,-0.999999999999747));
#4733=DIRECTION('',(7.11636060376037E-7,0.,-0.999999999999747));
#4734=DIRECTION('',(0.,-1.,0.));
#4735=DIRECTION('center_axis',(-0.999999999999747,0.,-7.1163606037589E-7));
#4736=DIRECTION('ref_axis',(-7.1163606037589E-7,0.,0.999999999999747));
#4737=DIRECTION('',(0.,1.,0.));
#4738=DIRECTION('',(-7.11636060375891E-7,0.,0.999999999999747));
#4739=DIRECTION('center_axis',(-0.999999999999747,0.,-7.11635921597965E-7));
#4740=DIRECTION('ref_axis',(-7.11635921597965E-7,0.,0.999999999999747));
#4741=DIRECTION('',(-7.11635921597965E-7,0.,0.999999999999747));
#4742=DIRECTION('',(0.,1.,0.));
#4743=DIRECTION('',(0.,1.,0.));
#4744=DIRECTION('center_axis',(0.999999999999747,0.,7.1163606037589E-7));
#4745=DIRECTION('ref_axis',(7.1163606037589E-7,0.,-0.999999999999747));
#4746=DIRECTION('',(0.,1.,0.));
#4747=DIRECTION('',(7.11636060375891E-7,0.,-0.999999999999747));
#4748=DIRECTION('',(0.,1.,0.));
#4749=DIRECTION('center_axis',(-7.11635975998998E-7,0.,0.999999999999747));
#4750=DIRECTION('ref_axis',(0.999999999999747,0.,7.11635975998998E-7));
#4751=DIRECTION('',(0.999999999999747,0.,7.11635975998998E-7));
#4752=DIRECTION('center_axis',(-0.999999999999784,0.,6.56964888860423E-7));
#4753=DIRECTION('ref_axis',(6.56964888860423E-7,0.,0.999999999999784));
#4754=DIRECTION('',(-6.56964888860423E-7,0.,-0.999999999999784));
#4755=DIRECTION('',(0.,-1.,0.));
#4756=DIRECTION('',(6.56964888860423E-7,0.,0.999999999999784));
#4757=DIRECTION('',(0.,1.,0.));
#4758=DIRECTION('center_axis',(-6.56964944371679E-7,0.,-0.999999999999784));
#4759=DIRECTION('ref_axis',(-0.999999999999784,0.,6.56964944371679E-7));
#4760=DIRECTION('',(0.999999999999784,0.,-6.56964944371679E-7));
#4761=DIRECTION('',(-0.999999999999784,0.,6.56964944371679E-7));
#4762=DIRECTION('center_axis',(0.,1.,0.));
#4763=DIRECTION('ref_axis',(0.,0.,1.));
#4764=DIRECTION('center_axis',(0.,1.,0.));
#4765=DIRECTION('ref_axis',(0.707105274172358,0.,0.707108288197525));
#4766=DIRECTION('',(0.,1.,0.));
#4767=DIRECTION('center_axis',(0.,-1.,0.));
#4768=DIRECTION('ref_axis',(-0.899999962050543,0.,-0.435889972709881));
#4769=DIRECTION('center_axis',(0.,-1.,0.));
#4770=DIRECTION('ref_axis',(-7.7136245968331E-7,0.,0.999999999999702));
#4771=DIRECTION('center_axis',(0.,-1.,0.));
#4772=DIRECTION('ref_axis',(-7.7136245968331E-7,0.,0.999999999999702));
#4773=DIRECTION('',(0.,-1.,0.));
#4774=DIRECTION('center_axis',(0.,1.,0.));
#4775=DIRECTION('ref_axis',(-7.7136245968331E-7,0.,0.999999999999702));
#4776=DIRECTION('',(0.,-1.,0.));
#4777=DIRECTION('center_axis',(-7.7136245968331E-7,0.,0.999999999999703));
#4778=DIRECTION('ref_axis',(-0.999999999999702,0.,-7.7136245968331E-7));
#4779=DIRECTION('',(0.999999999999702,0.,7.7136245968331E-7));
#4780=DIRECTION('',(-0.999999999999702,0.,-7.7136245968331E-7));
#4781=DIRECTION('',(0.,-1.,0.));
#4782=DIRECTION('center_axis',(0.,-1.,0.));
#4783=DIRECTION('ref_axis',(-0.900000634507803,0.,0.435888584256977));
#4784=DIRECTION('center_axis',(0.,1.,0.));
#4785=DIRECTION('ref_axis',(-0.900000634507803,0.,0.435888584256977));
#4786=DIRECTION('',(0.,-1.,0.));
#4787=DIRECTION('center_axis',(0.,-1.,0.));
#4788=DIRECTION('ref_axis',(-0.999999999998941,0.,-1.45551889285569E-6));
#4789=DIRECTION('center_axis',(0.,1.,0.));
#4790=DIRECTION('ref_axis',(-0.999999999998941,0.,-1.45551889285569E-6));
#4791=DIRECTION('',(0.,1.,0.));
#4792=DIRECTION('center_axis',(-0.999999999998941,0.,-1.45566290238564E-6));
#4793=DIRECTION('ref_axis',(1.45566290238564E-6,0.,-0.999999999998941));
#4794=DIRECTION('',(1.45566290238564E-6,0.,-0.999999999998941));
#4795=DIRECTION('center_axis',(-1.45566292221734E-6,0.,0.999999999998941));
#4796=DIRECTION('ref_axis',(-0.999999999998941,0.,-1.45566292221734E-6));
#4797=DIRECTION('',(-0.999999999998941,0.,-1.45566292221734E-6));
#4798=DIRECTION('center_axis',(0.999999999998941,0.,1.45566291454023E-6));
#4799=DIRECTION('ref_axis',(-1.45566291454023E-6,0.,0.999999999998941));
#4800=DIRECTION('',(-1.45566291454023E-6,0.,0.999999999998941));
#4801=DIRECTION('',(0.,1.,0.));
#4802=DIRECTION('center_axis',(0.999999999999996,0.,8.70620048260283E-8));
#4803=DIRECTION('ref_axis',(-8.70620048260283E-8,0.,0.999999999999996));
#4804=DIRECTION('',(-8.70620048260283E-8,0.,0.999999999999996));
#4805=DIRECTION('center_axis',(8.70619981265712E-8,0.,-0.999999999999996));
#4806=DIRECTION('ref_axis',(0.999999999999996,0.,8.70619981265712E-8));
#4807=DIRECTION('',(0.999999999999996,0.,8.70619981265712E-8));
#4808=DIRECTION('center_axis',(-0.999999999999996,0.,-8.70620163892745E-8));
#4809=DIRECTION('ref_axis',(8.70620163892745E-8,0.,-0.999999999999996));
#4810=DIRECTION('',(8.70620163892745E-8,0.,-0.999999999999996));
#4811=DIRECTION('',(0.,-1.,0.));
#4812=DIRECTION('center_axis',(0.,-1.,0.));
#4813=DIRECTION('ref_axis',(8.70620000531402E-8,0.,-0.999999999999996));
#4814=DIRECTION('center_axis',(0.,1.,0.));
#4815=DIRECTION('ref_axis',(8.70620000531402E-8,0.,-0.999999999999996));
#4816=DIRECTION('',(0.,-1.,0.));
#4817=DIRECTION('center_axis',(7.70978351901045E-7,0.,-0.999999999999703));
#4818=DIRECTION('ref_axis',(0.999999999999703,0.,7.70978351901045E-7));
#4819=DIRECTION('',(-0.999999999999703,0.,-7.70978351901045E-7));
#4820=DIRECTION('',(0.999999999999703,0.,7.70978351901045E-7));
#4821=DIRECTION('',(0.,-1.,0.));
#4822=DIRECTION('center_axis',(0.,-1.,0.));
#4823=DIRECTION('ref_axis',(0.999999999739976,0.,2.28045510664298E-5));
#4824=DIRECTION('center_axis',(0.,-1.,0.));
#4825=DIRECTION('ref_axis',(0.999999999739976,0.,2.28045510664298E-5));
#4826=DIRECTION('center_axis',(0.,1.,0.));
#4827=DIRECTION('ref_axis',(0.999999999739976,0.,2.28045510664298E-5));
#4828=DIRECTION('',(0.,-1.,0.));
#4829=DIRECTION('center_axis',(0.,1.,0.));
#4830=DIRECTION('ref_axis',(-0.0946157459443263,0.,0.995513867617824));
#4831=DIRECTION('center_axis',(0.,1.,0.));
#4832=DIRECTION('ref_axis',(-0.0946157459443263,0.,0.995513867617824));
#4833=DIRECTION('',(0.,1.,0.));
#4834=DIRECTION('center_axis',(0.,-1.,0.));
#4835=DIRECTION('ref_axis',(-0.0946157459443263,0.,0.995513867617824));
#4836=DIRECTION('',(0.,-1.,0.));
#4837=DIRECTION('center_axis',(-0.866025403784446,0.,0.499999999999988));
#4838=DIRECTION('ref_axis',(0.499999999999988,0.,0.866025403784446));
#4839=DIRECTION('',(-0.499999999999988,0.,-0.866025403784446));
#4840=DIRECTION('',(0.,-1.,0.));
#4841=DIRECTION('',(0.499999999999988,0.,0.866025403784446));
#4842=DIRECTION('center_axis',(0.,1.,0.));
#4843=DIRECTION('ref_axis',(0.741105890533748,0.,0.671388158233507));
#4844=DIRECTION('center_axis',(0.,-1.,0.));
#4845=DIRECTION('ref_axis',(0.741105890533748,0.,0.671388158233507));
#4846=DIRECTION('',(0.,1.,0.));
#4847=DIRECTION('center_axis',(0.,1.,0.));
#4848=DIRECTION('ref_axis',(0.741105890533748,0.,0.671388158233507));
#4849=DIRECTION('center_axis',(0.,1.,0.));
#4850=DIRECTION('ref_axis',(-0.866025403784436,0.,0.500000000000005));
#4851=DIRECTION('center_axis',(0.,-1.,0.));
#4852=DIRECTION('ref_axis',(-0.866025403784436,0.,0.500000000000005));
#4853=DIRECTION('',(0.,-1.,0.));
#4854=DIRECTION('center_axis',(0.,1.,0.));
#4855=DIRECTION('ref_axis',(-0.866025403784436,0.,0.500000000000005));
#4856=DIRECTION('',(0.,1.,0.));
#4857=DIRECTION('center_axis',(0.866025403784449,0.,-0.499999999999983));
#4858=DIRECTION('ref_axis',(-0.499999999999983,0.,-0.866025403784449));
#4859=DIRECTION('',(0.499999999999983,0.,0.866025403784448));
#4860=DIRECTION('',(0.,-1.,0.));
#4861=DIRECTION('',(-0.499999999999983,0.,-0.866025403784448));
#4862=DIRECTION('center_axis',(0.,1.,0.));
#4863=DIRECTION('ref_axis',(-0.866025403784467,0.,0.499999999999951));
#4864=DIRECTION('center_axis',(0.,1.,0.));
#4865=DIRECTION('ref_axis',(-0.866025403784467,0.,0.499999999999951));
#4866=DIRECTION('',(0.,-1.,0.));
#4867=DIRECTION('center_axis',(0.,-1.,0.));
#4868=DIRECTION('ref_axis',(-0.866025403784467,0.,0.499999999999951));
#4869=DIRECTION('center_axis',(-1.15377761183189E-15,0.,-1.));
#4870=DIRECTION('ref_axis',(-1.,0.,1.15377761183189E-15));
#4871=DIRECTION('',(1.,0.,-1.15377761183189E-15));
#4872=DIRECTION('',(0.,-1.,0.));
#4873=DIRECTION('',(-1.,0.,1.15377761183189E-15));
#4874=DIRECTION('center_axis',(0.,1.,0.));
#4875=DIRECTION('ref_axis',(0.,0.,1.));
#4876=DIRECTION('center_axis',(0.,1.,0.));
#4877=DIRECTION('ref_axis',(0.,0.,1.));
#4878=DIRECTION('',(0.,-1.,0.));
#4879=DIRECTION('center_axis',(0.,-1.,0.));
#4880=DIRECTION('ref_axis',(0.,0.,1.));
#4881=DIRECTION('center_axis',(-0.866025403784474,0.,-0.499999999999939));
#4882=DIRECTION('ref_axis',(-0.499999999999939,0.,0.866025403784474));
#4883=DIRECTION('',(0.499999999999939,0.,-0.866025403784474));
#4884=DIRECTION('',(0.,-1.,0.));
#4885=DIRECTION('',(-0.499999999999939,0.,0.866025403784474));
#4886=DIRECTION('center_axis',(0.,1.,0.));
#4887=DIRECTION('ref_axis',(-0.200932935049991,0.,0.979604999789301));
#4888=DIRECTION('center_axis',(0.,-1.,0.));
#4889=DIRECTION('ref_axis',(-0.200932935049991,0.,0.979604999789301));
#4890=DIRECTION('',(0.,-1.,0.));
#4891=DIRECTION('center_axis',(0.,1.,0.));
#4892=DIRECTION('ref_axis',(-0.200932935049991,0.,0.979604999789301));
#4893=DIRECTION('center_axis',(0.,1.,0.));
#4894=DIRECTION('ref_axis',(-0.434800004087452,0.,0.900527043705824));
#4895=DIRECTION('center_axis',(0.,-1.,0.));
#4896=DIRECTION('ref_axis',(-0.434800004087452,0.,0.900527043705824));
#4897=DIRECTION('',(0.,-1.,0.));
#4898=DIRECTION('center_axis',(0.,1.,0.));
#4899=DIRECTION('ref_axis',(-0.434800004087452,0.,0.900527043705824));
#4900=DIRECTION('center_axis',(0.,1.,0.));
#4901=DIRECTION('ref_axis',(-0.866042310422784,0.,-0.499970715699995));
#4902=DIRECTION('center_axis',(0.,-1.,0.));
#4903=DIRECTION('ref_axis',(-0.866042310422784,0.,-0.499970715699995));
#4904=DIRECTION('',(0.,-1.,0.));
#4905=DIRECTION('center_axis',(0.,1.,0.));
#4906=DIRECTION('ref_axis',(-0.866042310422784,0.,-0.499970715699995));
#4907=DIRECTION('center_axis',(0.866042310422685,0.,0.499970715700168));
#4908=DIRECTION('ref_axis',(0.499970715700168,0.,-0.866042310422685));
#4909=DIRECTION('',(-0.499970715700168,0.,0.866042310422685));
#4910=DIRECTION('',(0.,-1.,0.));
#4911=DIRECTION('',(0.499970715700168,0.,-0.866042310422685));
#4912=DIRECTION('center_axis',(0.,1.,0.));
#4913=DIRECTION('ref_axis',(-0.866042310422869,0.,-0.499970715699849));
#4914=DIRECTION('center_axis',(0.,1.,0.));
#4915=DIRECTION('ref_axis',(-0.866042310422869,0.,-0.499970715699849));
#4916=DIRECTION('',(0.,-1.,0.));
#4917=DIRECTION('center_axis',(0.,-1.,0.));
#4918=DIRECTION('ref_axis',(-0.866042310422869,0.,-0.499970715699849));
#4919=DIRECTION('center_axis',(0.499970715699826,0.,-0.866042310422882));
#4920=DIRECTION('ref_axis',(-0.866042310422882,0.,-0.499970715699826));
#4921=DIRECTION('',(0.866042310422882,0.,0.499970715699826));
#4922=DIRECTION('',(0.,-1.,0.));
#4923=DIRECTION('',(-0.866042310422882,0.,-0.499970715699826));
#4924=DIRECTION('center_axis',(0.,1.,0.));
#4925=DIRECTION('ref_axis',(-0.499970715699831,0.,0.866042310422879));
#4926=DIRECTION('center_axis',(0.,1.,0.));
#4927=DIRECTION('ref_axis',(-0.499970715699831,0.,0.866042310422879));
#4928=DIRECTION('',(0.,-1.,0.));
#4929=DIRECTION('center_axis',(0.,-1.,0.));
#4930=DIRECTION('ref_axis',(-0.499970715699831,0.,0.866042310422879));
#4931=DIRECTION('center_axis',(-0.866042310422799,0.,-0.49997071569997));
#4932=DIRECTION('ref_axis',(-0.49997071569997,0.,0.866042310422799));
#4933=DIRECTION('',(0.49997071569997,0.,-0.866042310422799));
#4934=DIRECTION('',(0.,-1.,0.));
#4935=DIRECTION('',(-0.499970715699969,0.,0.8660423104228));
#4936=DIRECTION('center_axis',(0.,1.,0.));
#4937=DIRECTION('ref_axis',(-0.562415169936325,0.,0.826854991292605));
#4938=DIRECTION('center_axis',(0.,-1.,0.));
#4939=DIRECTION('ref_axis',(-0.562415169936325,0.,0.826854991292605));
#4940=DIRECTION('',(0.,-1.,0.));
#4941=DIRECTION('center_axis',(0.,1.,0.));
#4942=DIRECTION('ref_axis',(-0.562415169936325,0.,0.826854991292605));
#4943=DIRECTION('center_axis',(0.,1.,0.));
#4944=DIRECTION('ref_axis',(-0.858381593270082,0.,0.513011735085189));
#4945=DIRECTION('center_axis',(0.,-1.,0.));
#4946=DIRECTION('ref_axis',(-0.858381593270082,0.,0.513011735085189));
#4947=DIRECTION('',(0.,-1.,0.));
#4948=DIRECTION('center_axis',(0.,1.,0.));
#4949=DIRECTION('ref_axis',(-0.858381593270082,0.,0.513011735085189));
#4950=DIRECTION('center_axis',(0.,1.,0.));
#4951=DIRECTION('ref_axis',(-0.940872195885554,0.,-0.338761731914182));
#4952=DIRECTION('center_axis',(0.,-1.,0.));
#4953=DIRECTION('ref_axis',(-0.940872195885554,0.,-0.338761731914182));
#4954=DIRECTION('',(0.,-1.,0.));
#4955=DIRECTION('center_axis',(0.,1.,0.));
#4956=DIRECTION('ref_axis',(-0.940872195885554,0.,-0.338761731914182));
#4957=DIRECTION('center_axis',(0.,1.,0.));
#4958=DIRECTION('ref_axis',(-0.940872139784538,0.,-0.338761887728335));
#4959=DIRECTION('center_axis',(0.,1.,0.));
#4960=DIRECTION('ref_axis',(-0.940872139784538,0.,-0.338761887728335));
#4961=DIRECTION('',(0.,-1.,0.));
#4962=DIRECTION('center_axis',(0.,-1.,0.));
#4963=DIRECTION('ref_axis',(-0.940872139784538,0.,-0.338761887728335));
#4964=DIRECTION('center_axis',(2.17772776785107E-15,0.,-1.));
#4965=DIRECTION('ref_axis',(-1.,0.,-2.17772776785107E-15));
#4966=DIRECTION('',(1.,0.,2.17772776785107E-15));
#4967=DIRECTION('',(0.,-1.,0.));
#4968=DIRECTION('',(-1.,0.,-2.17772776785107E-15));
#4969=DIRECTION('center_axis',(0.,1.,0.));
#4970=DIRECTION('ref_axis',(0.54865328126705,0.,-0.836049984722743));
#4971=DIRECTION('center_axis',(0.,-1.,0.));
#4972=DIRECTION('ref_axis',(-0.917402938448132,0.,0.397959606652149));
#4973=DIRECTION('',(0.,1.,0.));
#4974=DIRECTION('center_axis',(0.,1.,0.));
#4975=DIRECTION('ref_axis',(-0.917402938448132,0.,0.397959606652149));
#4976=DIRECTION('center_axis',(3.22179160956335E-14,0.,1.));
#4977=DIRECTION('ref_axis',(1.,0.,-3.22179160956335E-14));
#4978=DIRECTION('',(-1.,0.,3.22179160956335E-14));
#4979=DIRECTION('',(0.,-1.,0.));
#4980=DIRECTION('',(1.,0.,-3.22179160956335E-14));
#4981=DIRECTION('',(1.,0.,-3.22179160956335E-14));
#4982=DIRECTION('',(0.,-1.,0.));
#4983=DIRECTION('center_axis',(0.,1.,0.));
#4984=DIRECTION('ref_axis',(2.96059473233375E-14,0.,-1.));
#4985=DIRECTION('center_axis',(0.,1.,0.));
#4986=DIRECTION('ref_axis',(2.96059473233375E-14,0.,-1.));
#4987=DIRECTION('center_axis',(0.,-1.,0.));
#4988=DIRECTION('ref_axis',(2.96059473233375E-14,0.,-1.));
#4989=DIRECTION('center_axis',(0.,1.,0.));
#4990=DIRECTION('ref_axis',(-0.999999999998715,0.,-1.60318763816813E-6));
#4991=DIRECTION('center_axis',(0.,1.,0.));
#4992=DIRECTION('ref_axis',(-0.999999999998715,0.,-1.60318763816813E-6));
#4993=DIRECTION('',(0.,-1.,0.));
#4994=DIRECTION('center_axis',(0.,-1.,0.));
#4995=DIRECTION('ref_axis',(-0.999999999998715,0.,-1.60318763816813E-6));
#4996=DIRECTION('center_axis',(0.,0.,-1.));
#4997=DIRECTION('ref_axis',(-1.,0.,0.));
#4998=DIRECTION('',(1.,0.,0.));
#4999=DIRECTION('',(0.,-1.,0.));
#5000=DIRECTION('',(-1.,0.,0.));
#5001=DIRECTION('',(-1.,0.,0.));
#5002=DIRECTION('center_axis',(0.,1.,0.));
#5003=DIRECTION('ref_axis',(-0.925988578234942,0.,-0.377551523607614));
#5004=DIRECTION('center_axis',(0.,-1.,0.));
#5005=DIRECTION('ref_axis',(-0.925988578234942,0.,-0.377551523607614));
#5006=DIRECTION('',(0.,1.,0.));
#5007=DIRECTION('center_axis',(0.,1.,0.));
#5008=DIRECTION('ref_axis',(-0.925988578234942,0.,-0.377551523607614));
#5009=DIRECTION('center_axis',(0.,1.,0.));
#5010=DIRECTION('ref_axis',(0.,0.,-1.));
#5011=DIRECTION('center_axis',(0.,-1.,0.));
#5012=DIRECTION('ref_axis',(0.,0.,-1.));
#5013=DIRECTION('center_axis',(0.,1.,0.));
#5014=DIRECTION('ref_axis',(0.,0.,-1.));
#5015=DIRECTION('',(0.,1.,0.));
#5016=DIRECTION('center_axis',(0.,1.,0.));
#5017=DIRECTION('ref_axis',(0.,0.,-1.));
#5018=DIRECTION('center_axis',(0.,-1.,0.));
#5019=DIRECTION('ref_axis',(0.,0.,-1.));
#5020=DIRECTION('',(0.,-1.,0.));
#5021=DIRECTION('center_axis',(0.,1.,0.));
#5022=DIRECTION('ref_axis',(0.,0.,-1.));
#5023=DIRECTION('',(0.,1.,0.));
#5024=DIRECTION('center_axis',(2.17775396540745E-15,0.,1.));
#5025=DIRECTION('ref_axis',(1.,0.,-2.17775396540745E-15));
#5026=DIRECTION('',(-1.,0.,2.17775396540745E-15));
#5027=DIRECTION('',(0.,-1.,0.));
#5028=DIRECTION('',(1.,0.,-2.17775396540745E-15));
#5029=DIRECTION('center_axis',(0.,1.,0.));
#5030=DIRECTION('ref_axis',(0.,0.,-1.));
#5031=DIRECTION('center_axis',(0.,1.,0.));
#5032=DIRECTION('ref_axis',(0.,0.,-1.));
#5033=DIRECTION('',(0.,-1.,0.));
#5034=DIRECTION('center_axis',(0.,-1.,0.));
#5035=DIRECTION('ref_axis',(0.,0.,-1.));
#5036=DIRECTION('center_axis',(0.,1.,0.));
#5037=DIRECTION('ref_axis',(-0.858379294576546,0.,-0.513015581286057));
#5038=DIRECTION('center_axis',(0.,-1.,0.));
#5039=DIRECTION('ref_axis',(-0.858379294576546,0.,-0.513015581286057));
#5040=DIRECTION('',(0.,-1.,0.));
#5041=DIRECTION('center_axis',(0.,1.,0.));
#5042=DIRECTION('ref_axis',(-0.858379294576546,0.,-0.513015581286057));
#5043=DIRECTION('center_axis',(0.,1.,0.));
#5044=DIRECTION('ref_axis',(-0.562426879404988,0.,-0.826847026554953));
#5045=DIRECTION('center_axis',(0.,-1.,0.));
#5046=DIRECTION('ref_axis',(-0.562426879404988,0.,-0.826847026554953));
#5047=DIRECTION('',(0.,-1.,0.));
#5048=DIRECTION('center_axis',(0.,1.,0.));
#5049=DIRECTION('ref_axis',(-0.562426879404988,0.,-0.826847026554953));
#5050=DIRECTION('center_axis',(0.,1.,0.));
#5051=DIRECTION('ref_axis',(0.866042310422848,0.,-0.499970715699885));
#5052=DIRECTION('center_axis',(0.,-1.,0.));
#5053=DIRECTION('ref_axis',(0.866042310422848,0.,-0.499970715699885));
#5054=DIRECTION('',(0.,-1.,0.));
#5055=DIRECTION('center_axis',(0.,1.,0.));
#5056=DIRECTION('ref_axis',(0.866042310422848,0.,-0.499970715699885));
#5057=DIRECTION('center_axis',(-0.86604231042284,0.,0.499970715699899));
#5058=DIRECTION('ref_axis',(0.499970715699899,0.,0.86604231042284));
#5059=DIRECTION('',(-0.499970715699899,0.,-0.86604231042284));
#5060=DIRECTION('',(0.,-1.,0.));
#5061=DIRECTION('',(0.499970715699899,0.,0.86604231042284));
#5062=DIRECTION('center_axis',(0.,1.,0.));
#5063=DIRECTION('ref_axis',(0.866042310422901,0.,-0.499970715699793));
#5064=DIRECTION('center_axis',(0.,1.,0.));
#5065=DIRECTION('ref_axis',(0.866042310422901,0.,-0.499970715699793));
#5066=DIRECTION('',(0.,-1.,0.));
#5067=DIRECTION('center_axis',(0.,-1.,0.));
#5068=DIRECTION('ref_axis',(0.866042310422901,0.,-0.499970715699793));
#5069=DIRECTION('center_axis',(0.49997071569997,0.,0.866042310422799));
#5070=DIRECTION('ref_axis',(0.866042310422799,0.,-0.49997071569997));
#5071=DIRECTION('',(-0.866042310422799,0.,0.49997071569997));
#5072=DIRECTION('',(0.,-1.,0.));
#5073=DIRECTION('',(0.866042310422799,0.,-0.49997071569997));
#5074=DIRECTION('center_axis',(0.,1.,0.));
#5075=DIRECTION('ref_axis',(-0.499970715699893,0.,-0.866042310422843));
#5076=DIRECTION('center_axis',(0.,1.,0.));
#5077=DIRECTION('ref_axis',(-0.499970715699893,0.,-0.866042310422843));
#5078=DIRECTION('',(0.,-1.,0.));
#5079=DIRECTION('center_axis',(0.,-1.,0.));
#5080=DIRECTION('ref_axis',(-0.499970715699893,0.,-0.866042310422843));
#5081=DIRECTION('center_axis',(0.866042310422794,0.,-0.499970715699978));
#5082=DIRECTION('ref_axis',(-0.499970715699978,0.,-0.866042310422794));
#5083=DIRECTION('',(0.499970715699978,0.,0.866042310422795));
#5084=DIRECTION('',(0.,-1.,0.));
#5085=DIRECTION('',(-0.499970715699978,0.,-0.866042310422795));
#5086=DIRECTION('center_axis',(0.,1.,0.));
#5087=DIRECTION('ref_axis',(-0.434800004087478,0.,-0.900527043705812));
#5088=DIRECTION('center_axis',(0.,-1.,0.));
#5089=DIRECTION('ref_axis',(-0.434800004087478,0.,-0.900527043705812));
#5090=DIRECTION('',(0.,-1.,0.));
#5091=DIRECTION('center_axis',(0.,1.,0.));
#5092=DIRECTION('ref_axis',(-0.434800004087478,0.,-0.900527043705812));
#5093=DIRECTION('center_axis',(0.,1.,0.));
#5094=DIRECTION('ref_axis',(-0.200932935049991,0.,-0.979604999789301));
#5095=DIRECTION('center_axis',(0.,-1.,0.));
#5096=DIRECTION('ref_axis',(-0.200932935049991,0.,-0.979604999789301));
#5097=DIRECTION('',(0.,-1.,0.));
#5098=DIRECTION('center_axis',(0.,1.,0.));
#5099=DIRECTION('ref_axis',(-0.200932935049991,0.,-0.979604999789301));
#5100=DIRECTION('center_axis',(0.,1.,0.));
#5101=DIRECTION('ref_axis',(0.866025403784463,0.,-0.499999999999958));
#5102=DIRECTION('center_axis',(0.,-1.,0.));
#5103=DIRECTION('ref_axis',(0.866025403784463,0.,-0.499999999999958));
#5104=DIRECTION('',(0.,-1.,0.));
#5105=DIRECTION('center_axis',(0.,1.,0.));
#5106=DIRECTION('ref_axis',(0.866025403784463,0.,-0.499999999999958));
#5107=DIRECTION('center_axis',(-0.866025403784459,0.,0.499999999999964));
#5108=DIRECTION('ref_axis',(0.499999999999964,0.,0.866025403784459));
#5109=DIRECTION('',(-0.499999999999964,0.,-0.866025403784459));
#5110=DIRECTION('',(0.,-1.,0.));
#5111=DIRECTION('',(0.499999999999964,0.,0.86602540378446));
#5112=DIRECTION('center_axis',(0.,1.,0.));
#5113=DIRECTION('ref_axis',(0.866025403784455,0.,-0.499999999999972));
#5114=DIRECTION('center_axis',(0.,1.,0.));
#5115=DIRECTION('ref_axis',(0.866025403784455,0.,-0.499999999999972));
#5116=DIRECTION('',(0.,-1.,0.));
#5117=DIRECTION('center_axis',(0.,-1.,0.));
#5118=DIRECTION('ref_axis',(0.866025403784455,0.,-0.499999999999972));
#5119=DIRECTION('center_axis',(6.15348059643689E-15,0.,1.));
#5120=DIRECTION('ref_axis',(1.,0.,-6.15348059643689E-15));
#5121=DIRECTION('',(-1.,0.,6.15348059643689E-15));
#5122=DIRECTION('',(0.,-1.,0.));
#5123=DIRECTION('',(1.,0.,-6.15348059643689E-15));
#5124=DIRECTION('center_axis',(0.,1.,0.));
#5125=DIRECTION('ref_axis',(0.,0.,-1.));
#5126=DIRECTION('center_axis',(0.,1.,0.));
#5127=DIRECTION('ref_axis',(0.,0.,-1.));
#5128=DIRECTION('',(0.,-1.,0.));
#5129=DIRECTION('center_axis',(0.,-1.,0.));
#5130=DIRECTION('ref_axis',(0.,0.,-1.));
#5131=DIRECTION('center_axis',(0.866025403784442,0.,0.499999999999994));
#5132=DIRECTION('ref_axis',(0.499999999999994,0.,-0.866025403784442));
#5133=DIRECTION('',(-0.499999999999994,0.,0.866025403784442));
#5134=DIRECTION('',(0.,-1.,0.));
#5135=DIRECTION('',(0.499999999999994,0.,-0.866025403784442));
#5136=DIRECTION('center_axis',(0.,1.,0.));
#5137=DIRECTION('ref_axis',(0.2108862555632,0.,-0.977510607213309));
#5138=DIRECTION('center_axis',(0.,-1.,0.));
#5139=DIRECTION('ref_axis',(0.2108862555632,0.,-0.977510607213309));
#5140=DIRECTION('',(0.,1.,0.));
#5141=DIRECTION('center_axis',(0.,1.,0.));
#5142=DIRECTION('ref_axis',(0.2108862555632,0.,-0.977510607213309));
#5143=DIRECTION('center_axis',(0.,1.,0.));
#5144=DIRECTION('ref_axis',(0.866025403784468,0.,0.499999999999949));
#5145=DIRECTION('center_axis',(0.,-1.,0.));
#5146=DIRECTION('ref_axis',(0.866025403784468,0.,0.499999999999949));
#5147=DIRECTION('',(0.,-1.,0.));
#5148=DIRECTION('center_axis',(0.,1.,0.));
#5149=DIRECTION('ref_axis',(0.866025403784468,0.,0.499999999999949));
#5150=DIRECTION('',(0.,1.,0.));
#5151=DIRECTION('center_axis',(-0.866025403784445,0.,-0.499999999999989));
#5152=DIRECTION('ref_axis',(-0.499999999999989,0.,0.866025403784445));
#5153=DIRECTION('',(0.499999999999989,0.,-0.866025403784445));
#5154=DIRECTION('',(0.,-1.,0.));
#5155=DIRECTION('',(-0.499999999999989,0.,0.866025403784445));
#5156=DIRECTION('center_axis',(0.,1.,0.));
#5157=DIRECTION('ref_axis',(0.866025403784416,0.,0.50000000000004));
#5158=DIRECTION('center_axis',(0.,1.,0.));
#5159=DIRECTION('ref_axis',(0.866025403784416,0.,0.50000000000004));
#5160=DIRECTION('',(0.,-1.,0.));
#5161=DIRECTION('center_axis',(0.,-1.,0.));
#5162=DIRECTION('ref_axis',(0.866025403784416,0.,0.50000000000004));
#5163=DIRECTION('center_axis',(0.,1.,0.));
#5164=DIRECTION('ref_axis',(0.813463815131533,0.,-0.581615527192707));
#5165=DIRECTION('center_axis',(0.,-1.,0.));
#5166=DIRECTION('ref_axis',(0.813463815131533,0.,-0.581615527192707));
#5167=DIRECTION('',(0.,-1.,0.));
#5168=DIRECTION('center_axis',(0.,1.,0.));
#5169=DIRECTION('ref_axis',(0.813463815131533,0.,-0.581615527192707));
#5170=DIRECTION('center_axis',(0.,1.,0.));
#5171=DIRECTION('ref_axis',(0.997284145929556,0.,-0.073650066378487));
#5172=DIRECTION('center_axis',(0.,-1.,0.));
#5173=DIRECTION('ref_axis',(0.997284145929556,0.,-0.073650066378487));
#5174=DIRECTION('',(0.,-1.,0.));
#5175=DIRECTION('center_axis',(0.,1.,0.));
#5176=DIRECTION('ref_axis',(0.997284145929556,0.,-0.073650066378487));
#5177=DIRECTION('center_axis',(0.,1.,0.));
#5178=DIRECTION('ref_axis',(-3.38142670808199E-5,0.,0.999999999428298));
#5179=DIRECTION('center_axis',(0.,-1.,0.));
#5180=DIRECTION('ref_axis',(-3.38142670808199E-5,0.,0.999999999428298));
#5181=DIRECTION('',(0.,-1.,0.));
#5182=DIRECTION('center_axis',(0.,1.,0.));
#5183=DIRECTION('ref_axis',(-3.38142670808199E-5,0.,0.999999999428298));
#5184=DIRECTION('center_axis',(3.38142671638538E-5,0.,-0.999999999428298));
#5185=DIRECTION('ref_axis',(-0.999999999428298,0.,-3.38142671638538E-5));
#5186=DIRECTION('',(0.999999999428298,0.,3.38142671638538E-5));
#5187=DIRECTION('',(0.,-1.,0.));
#5188=DIRECTION('',(-0.999999999428298,0.,-3.38142671638538E-5));
#5189=DIRECTION('center_axis',(0.,1.,0.));
#5190=DIRECTION('ref_axis',(-3.38142671696406E-5,0.,0.999999999428298));
#5191=DIRECTION('center_axis',(0.,1.,0.));
#5192=DIRECTION('ref_axis',(-3.38142671696406E-5,0.,0.999999999428298));
#5193=DIRECTION('',(0.,-1.,0.));
#5194=DIRECTION('center_axis',(0.,-1.,0.));
#5195=DIRECTION('ref_axis',(-3.38142671696406E-5,0.,0.999999999428298));
#5196=DIRECTION('center_axis',(-0.999999999428298,0.,-3.38142672041651E-5));
#5197=DIRECTION('ref_axis',(-3.38142672041651E-5,0.,0.999999999428298));
#5198=DIRECTION('',(3.38142672041651E-5,0.,-0.999999999428298));
#5199=DIRECTION('',(0.,-1.,0.));
#5200=DIRECTION('',(-3.38142672041651E-5,0.,0.999999999428298));
#5201=DIRECTION('center_axis',(-0.999999999428298,0.,3.3814267263439E-5));
#5202=DIRECTION('ref_axis',(3.3814267263439E-5,0.,0.999999999428298));
#5203=DIRECTION('',(-3.3814267263439E-5,0.,-0.999999999428298));
#5204=DIRECTION('',(0.,-1.,0.));
#5205=DIRECTION('',(3.3814267263439E-5,0.,0.999999999428298));
#5206=DIRECTION('center_axis',(0.,1.,0.));
#5207=DIRECTION('ref_axis',(0.999999999428298,0.,-3.38142671765796E-5));
#5208=DIRECTION('center_axis',(0.,1.,0.));
#5209=DIRECTION('ref_axis',(0.999999999428298,0.,-3.38142671765796E-5));
#5210=DIRECTION('',(0.,-1.,0.));
#5211=DIRECTION('center_axis',(0.,-1.,0.));
#5212=DIRECTION('ref_axis',(0.999999999428298,0.,-3.38142671765796E-5));
#5213=DIRECTION('center_axis',(3.38142671119741E-5,0.,0.999999999428298));
#5214=DIRECTION('ref_axis',(0.999999999428298,0.,-3.38142671119741E-5));
#5215=DIRECTION('',(-0.999999999428298,0.,3.38142671119741E-5));
#5216=DIRECTION('',(0.,-1.,0.));
#5217=DIRECTION('',(0.999999999428298,0.,-3.38142671119741E-5));
#5218=DIRECTION('center_axis',(0.,1.,0.));
#5219=DIRECTION('ref_axis',(0.997284145929571,0.,0.073650066378284));
#5220=DIRECTION('center_axis',(0.,-1.,0.));
#5221=DIRECTION('ref_axis',(0.997284145929571,0.,0.073650066378284));
#5222=DIRECTION('',(0.,-1.,0.));
#5223=DIRECTION('center_axis',(0.,1.,0.));
#5224=DIRECTION('ref_axis',(0.997284145929571,0.,0.073650066378284));
#5225=DIRECTION('center_axis',(0.,1.,0.));
#5226=DIRECTION('ref_axis',(0.813463815131541,0.,0.581615527192696));
#5227=DIRECTION('center_axis',(0.,-1.,0.));
#5228=DIRECTION('ref_axis',(0.813463815131541,0.,0.581615527192696));
#5229=DIRECTION('',(0.,-1.,0.));
#5230=DIRECTION('center_axis',(0.,1.,0.));
#5231=DIRECTION('ref_axis',(0.813463815131541,0.,0.581615527192696));
#5232=DIRECTION('center_axis',(0.,1.,0.));
#5233=DIRECTION('ref_axis',(-0.0946157459443058,0.,0.995513867617826));
#5234=DIRECTION('center_axis',(0.,-1.,0.));
#5235=DIRECTION('ref_axis',(-0.0946157459443058,0.,0.995513867617826));
#5236=DIRECTION('center_axis',(0.,1.,0.));
#5237=DIRECTION('ref_axis',(-0.0946157459443058,0.,0.995513867617826));
#5238=DIRECTION('center_axis',(0.,1.,0.));
#5239=DIRECTION('ref_axis',(0.,0.,1.));
#5240=DIRECTION('center_axis',(0.,-1.,0.));
#5241=DIRECTION('ref_axis',(1.,0.,0.));
#5242=DIRECTION('center_axis',(0.,-1.,0.));
#5243=DIRECTION('ref_axis',(1.,0.,0.));
#5244=DIRECTION('center_axis',(0.,-1.,0.));
#5245=DIRECTION('ref_axis',(1.,0.,0.));
#5246=DIRECTION('center_axis',(0.,-1.,0.));
#5247=DIRECTION('ref_axis',(1.,0.,0.));
#5248=DIRECTION('center_axis',(0.,-1.,0.));
#5249=DIRECTION('ref_axis',(1.,0.,0.));
#5250=DIRECTION('center_axis',(0.,-1.,0.));
#5251=DIRECTION('ref_axis',(0.,0.,-1.));
#5252=DIRECTION('center_axis',(0.,-1.,0.));
#5253=DIRECTION('ref_axis',(1.,0.,0.));
#5254=DIRECTION('center_axis',(0.,-1.,0.));
#5255=DIRECTION('ref_axis',(1.,0.,0.));
#5256=DIRECTION('center_axis',(0.,-1.,0.));
#5257=DIRECTION('ref_axis',(1.,0.,0.));
#5258=DIRECTION('center_axis',(0.,-1.,0.));
#5259=DIRECTION('ref_axis',(-1.,0.,-2.65361973008118E-8));
#5260=DIRECTION('center_axis',(0.,-1.,0.));
#5261=DIRECTION('ref_axis',(1.,0.,0.));
#5262=DIRECTION('center_axis',(0.,-1.,0.));
#5263=DIRECTION('ref_axis',(-1.,0.,0.));
#5264=DIRECTION('center_axis',(0.,-1.,0.));
#5265=DIRECTION('ref_axis',(1.,0.,0.));
#5266=DIRECTION('center_axis',(0.,-1.,0.));
#5267=DIRECTION('ref_axis',(-1.,0.,0.));
#5268=DIRECTION('center_axis',(0.,-1.,0.));
#5269=DIRECTION('ref_axis',(1.,0.,0.));
#5270=DIRECTION('center_axis',(0.,-1.,0.));
#5271=DIRECTION('ref_axis',(-1.,0.,0.));
#5272=DIRECTION('center_axis',(0.,-1.,0.));
#5273=DIRECTION('ref_axis',(1.,0.,0.));
#5274=DIRECTION('center_axis',(0.,1.,0.));
#5275=DIRECTION('ref_axis',(-1.,0.,0.));
#5276=DIRECTION('center_axis',(0.,-1.,0.));
#5277=DIRECTION('ref_axis',(1.,0.,0.));
#5278=DIRECTION('center_axis',(0.,-1.,0.));
#5279=DIRECTION('ref_axis',(-1.,0.,-2.61260329538806E-8));
#5280=DIRECTION('center_axis',(0.,-1.,0.));
#5281=DIRECTION('ref_axis',(1.,0.,0.));
#5282=DIRECTION('center_axis',(0.,-1.,0.));
#5283=DIRECTION('ref_axis',(0.,0.,-1.));
#5284=DIRECTION('center_axis',(0.,-1.,0.));
#5285=DIRECTION('ref_axis',(1.,0.,0.));
#5286=DIRECTION('center_axis',(0.,-1.,0.));
#5287=DIRECTION('ref_axis',(1.,0.,0.));
#5288=DIRECTION('center_axis',(-1.,0.,-1.22464679914735E-16));
#5289=DIRECTION('ref_axis',(-1.22464679914735E-16,0.,1.));
#5290=DIRECTION('center_axis',(0.,-1.,0.));
#5291=DIRECTION('ref_axis',(1.,0.,0.));
#5292=DIRECTION('center_axis',(0.,-1.,0.));
#5293=DIRECTION('ref_axis',(-1.,0.,0.));
#5294=DIRECTION('center_axis',(0.,-1.,0.));
#5295=DIRECTION('ref_axis',(1.,0.,0.));
#5296=DIRECTION('center_axis',(0.,-1.,0.));
#5297=DIRECTION('ref_axis',(1.,0.,0.));
#5298=DIRECTION('',(0.,-1.,0.));
#5299=DIRECTION('center_axis',(0.,1.,0.));
#5300=DIRECTION('ref_axis',(-1.,0.,0.));
#5301=DIRECTION('',(0.707106783663652,0.707106778709443,-8.65956059269072E-17));
#5302=DIRECTION('center_axis',(0.,-1.,0.));
#5303=DIRECTION('ref_axis',(1.,0.,0.));
#5304=DIRECTION('center_axis',(0.,-1.,0.));
#5305=DIRECTION('ref_axis',(1.,0.,0.));
#5306=DIRECTION('center_axis',(0.,1.,0.));
#5307=DIRECTION('ref_axis',(0.,0.,1.));
#5308=DIRECTION('center_axis',(0.,-1.,0.));
#5309=DIRECTION('ref_axis',(1.,0.,0.));
#5310=DIRECTION('center_axis',(0.,-1.,0.));
#5311=DIRECTION('ref_axis',(1.,0.,0.));
#5312=DIRECTION('center_axis',(0.,-1.,0.));
#5313=DIRECTION('ref_axis',(0.,0.,-1.));
#5314=DIRECTION('center_axis',(0.,-1.,0.));
#5315=DIRECTION('ref_axis',(1.,0.,0.));
#5316=DIRECTION('center_axis',(0.,-1.,0.));
#5317=DIRECTION('ref_axis',(1.,0.,0.));
#5318=DIRECTION('center_axis',(-1.,0.,-1.22464679914735E-16));
#5319=DIRECTION('ref_axis',(-1.22464679914735E-16,0.,1.));
#5320=DIRECTION('center_axis',(0.,-1.,0.));
#5321=DIRECTION('ref_axis',(1.,0.,0.));
#5322=DIRECTION('center_axis',(0.,-1.,0.));
#5323=DIRECTION('ref_axis',(-1.,0.,0.));
#5324=DIRECTION('center_axis',(0.,-1.,0.));
#5325=DIRECTION('ref_axis',(1.,0.,0.));
#5326=DIRECTION('center_axis',(0.,-1.,0.));
#5327=DIRECTION('ref_axis',(1.,0.,0.));
#5328=DIRECTION('',(0.,1.,0.));
#5329=DIRECTION('center_axis',(0.,1.,0.));
#5330=DIRECTION('ref_axis',(0.,0.,1.));
#5331=DIRECTION('center_axis',(0.,-1.,0.));
#5332=DIRECTION('ref_axis',(1.,0.,0.));
#5333=DIRECTION('center_axis',(0.,-1.,0.));
#5334=DIRECTION('ref_axis',(1.,0.,0.));
#5335=DIRECTION('center_axis',(0.,-1.,0.));
#5336=DIRECTION('ref_axis',(-1.,0.,0.));
#5337=DIRECTION('center_axis',(0.,-1.,0.));
#5338=DIRECTION('ref_axis',(1.,0.,0.));
#5339=DIRECTION('center_axis',(0.,-1.,0.));
#5340=DIRECTION('ref_axis',(1.,0.,0.));
#5341=DIRECTION('',(0.,-1.,0.));
#5342=DIRECTION('center_axis',(0.,1.,0.));
#5343=DIRECTION('ref_axis',(0.,0.,1.));
#5344=DIRECTION('center_axis',(0.,-1.,0.));
#5345=DIRECTION('ref_axis',(1.,0.,0.));
#5346=DIRECTION('center_axis',(0.,-1.,0.));
#5347=DIRECTION('ref_axis',(-0.999999999999703,0.,-7.71362460189145E-7));
#5348=DIRECTION('center_axis',(0.,-1.,0.));
#5349=DIRECTION('ref_axis',(1.,0.,0.));
#5350=DIRECTION('center_axis',(0.,1.,0.));
#5351=DIRECTION('ref_axis',(-1.,0.,0.));
#5352=DIRECTION('center_axis',(0.,-1.,0.));
#5353=DIRECTION('ref_axis',(1.,0.,0.));
#5354=DIRECTION('center_axis',(0.,-1.,0.));
#5355=DIRECTION('ref_axis',(-1.,0.,-2.62216284853713E-8));
#5356=DIRECTION('center_axis',(0.,-1.,0.));
#5357=DIRECTION('ref_axis',(-1.,0.,0.));
#5358=DIRECTION('center_axis',(0.,-1.,0.));
#5359=DIRECTION('ref_axis',(1.,0.,0.));
#5360=DIRECTION('center_axis',(0.,-1.,0.));
#5361=DIRECTION('ref_axis',(0.,0.,-1.));
#5362=DIRECTION('axis',(0.,0.,1.));
#5363=DIRECTION('refdir',(1.,0.,0.));
#5364=DIRECTION('axis',(0.,0.,1.));
#5365=DIRECTION('refdir',(1.,0.,0.));
#5366=DIRECTION('center_axis',(0.,0.,1.));
#5367=DIRECTION('ref_axis',(-0.707106781186546,-0.707106781186549,0.));
#5368=DIRECTION('center_axis',(0.,0.,-1.));
#5369=DIRECTION('ref_axis',(-0.707106781186546,-0.707106781186549,0.));
#5370=DIRECTION('',(0.,0.,-1.));
#5371=DIRECTION('center_axis',(0.,0.,-1.));
#5372=DIRECTION('ref_axis',(-0.707106781186546,-0.707106781186549,0.));
#5373=DIRECTION('',(0.,0.,1.));
#5374=DIRECTION('center_axis',(0.,0.,1.));
#5375=DIRECTION('ref_axis',(1.,0.,0.));
#5376=DIRECTION('',(1.,0.,0.));
#5377=DIRECTION('center_axis',(0.,0.,-1.));
#5378=DIRECTION('ref_axis',(0.707106781186547,-0.707106781186548,0.));
#5379=DIRECTION('',(0.,1.,0.));
#5380=DIRECTION('center_axis',(0.,0.,-1.));
#5381=DIRECTION('ref_axis',(0.707106781186548,0.707106781186547,0.));
#5382=DIRECTION('',(-1.,0.,0.));
#5383=DIRECTION('center_axis',(0.,0.,-1.));
#5384=DIRECTION('ref_axis',(-0.707106781186546,0.707106781186549,0.));
#5385=DIRECTION('',(0.,-1.,0.));
#5386=DIRECTION('center_axis',(0.,-1.,0.));
#5387=DIRECTION('ref_axis',(1.,0.,0.));
#5388=DIRECTION('',(1.,0.,0.));
#5389=DIRECTION('',(0.,0.,1.));
#5390=DIRECTION('',(1.,0.,0.));
#5391=DIRECTION('',(0.,0.,1.));
#5392=DIRECTION('center_axis',(0.,0.,1.));
#5393=DIRECTION('ref_axis',(-0.707106781186546,0.707106781186549,0.));
#5394=DIRECTION('',(0.,0.,-1.));
#5395=DIRECTION('center_axis',(0.,0.,-1.));
#5396=DIRECTION('ref_axis',(-0.707106781186546,0.707106781186549,0.));
#5397=DIRECTION('',(0.,0.,1.));
#5398=DIRECTION('center_axis',(0.,1.,0.));
#5399=DIRECTION('ref_axis',(-1.,0.,0.));
#5400=DIRECTION('',(-1.,0.,0.));
#5401=DIRECTION('',(0.,0.,1.));
#5402=DIRECTION('',(-1.,0.,0.));
#5403=DIRECTION('',(0.,0.,1.));
#5404=DIRECTION('center_axis',(1.,-6.16790569236196E-15,0.));
#5405=DIRECTION('ref_axis',(6.16790569236196E-15,1.,0.));
#5406=DIRECTION('',(0.,0.,1.));
#5407=DIRECTION('',(6.16790569236196E-15,1.,0.));
#5408=DIRECTION('',(0.,0.,1.));
#5409=DIRECTION('center_axis',(-1.,0.,0.));
#5410=DIRECTION('ref_axis',(0.,-1.,0.));
#5411=DIRECTION('',(0.,1.,0.));
#5412=DIRECTION('center_axis',(1.,1.44328993201269E-14,0.));
#5413=DIRECTION('ref_axis',(-1.44328993201269E-14,1.,0.));
#5414=DIRECTION('',(-1.44328993201269E-14,1.,0.));
#5415=DIRECTION('',(0.,0.,1.));
#5416=DIRECTION('',(-1.44328993201269E-14,1.,0.));
#5417=DIRECTION('',(0.,0.,1.));
#5418=DIRECTION('center_axis',(0.,-1.,0.));
#5419=DIRECTION('ref_axis',(1.,0.,0.));
#5420=DIRECTION('',(1.,0.,0.));
#5421=DIRECTION('',(0.,0.,1.));
#5422=DIRECTION('',(1.,0.,0.));
#5423=DIRECTION('center_axis',(-1.,-1.44328993201271E-14,0.));
#5424=DIRECTION('ref_axis',(1.44328993201271E-14,-1.,0.));
#5425=DIRECTION('',(1.44328993201271E-14,-1.,0.));
#5426=DIRECTION('',(0.,0.,1.));
#5427=DIRECTION('',(1.44328993201271E-14,-1.,0.));
#5428=DIRECTION('center_axis',(-1.41900380334901E-14,1.,0.));
#5429=DIRECTION('ref_axis',(-1.,-1.41900380334901E-14,0.));
#5430=DIRECTION('',(-1.,-1.41900380334901E-14,0.));
#5431=DIRECTION('',(-1.,-1.41900380334901E-14,0.));
#5432=DIRECTION('center_axis',(0.,0.,1.));
#5433=DIRECTION('ref_axis',(1.,0.,0.));
#5434=DIRECTION('center_axis',(1.,0.,0.));
#5435=DIRECTION('ref_axis',(0.,1.,0.));
#5436=DIRECTION('',(0.,1.,0.));
#5437=DIRECTION('',(0.,0.,1.));
#5438=DIRECTION('',(0.,1.,0.));
#5439=DIRECTION('',(0.,0.,1.));
#5440=DIRECTION('center_axis',(-1.42247325030098E-14,-1.,0.));
#5441=DIRECTION('ref_axis',(1.,-1.42247325030098E-14,0.));
#5442=DIRECTION('',(1.,-1.42247325030098E-14,0.));
#5443=DIRECTION('',(0.,0.,1.));
#5444=DIRECTION('',(1.,-1.42247325030098E-14,0.));
#5445=DIRECTION('center_axis',(-1.,-1.38776580113317E-14,0.));
#5446=DIRECTION('ref_axis',(1.38776580113317E-14,-1.,0.));
#5447=DIRECTION('',(1.38776580113317E-14,-1.,0.));
#5448=DIRECTION('',(0.,0.,1.));
#5449=DIRECTION('',(1.38776580113317E-14,-1.,0.));
#5450=DIRECTION('center_axis',(7.07767178198527E-15,1.,0.));
#5451=DIRECTION('ref_axis',(-1.,7.07767178198527E-15,0.));
#5452=DIRECTION('',(-1.,7.07767178198527E-15,0.));
#5453=DIRECTION('',(-1.,7.07767178198527E-15,0.));
#5454=DIRECTION('center_axis',(0.,0.,1.));
#5455=DIRECTION('ref_axis',(1.,0.,0.));
#5456=DIRECTION('center_axis',(0.,0.,1.));
#5457=DIRECTION('ref_axis',(-1.,0.,0.));
#5458=DIRECTION('center_axis',(0.,0.,1.));
#5459=DIRECTION('ref_axis',(-1.,0.,0.));
#5460=DIRECTION('',(0.,0.,1.));
#5461=DIRECTION('center_axis',(0.,0.,-1.));
#5462=DIRECTION('ref_axis',(-1.,0.,0.));
#5463=DIRECTION('center_axis',(0.,0.,1.));
#5464=DIRECTION('ref_axis',(-1.,0.,0.));
#5465=DIRECTION('center_axis',(0.,0.,1.));
#5466=DIRECTION('ref_axis',(-1.,0.,0.));
#5467=DIRECTION('center_axis',(0.,0.,1.));
#5468=DIRECTION('ref_axis',(-1.,0.,0.));
#5469=DIRECTION('',(0.,0.,1.));
#5470=DIRECTION('center_axis',(-1.,1.38777878096114E-15,0.));
#5471=DIRECTION('ref_axis',(-1.38777878096114E-15,-1.,0.));
#5472=DIRECTION('',(-1.38777878096114E-15,-1.,0.));
#5473=DIRECTION('',(-1.38777878096114E-15,-1.,0.));
#5474=DIRECTION('',(0.,0.,1.));
#5475=DIRECTION('center_axis',(0.,0.,1.));
#5476=DIRECTION('ref_axis',(-1.,0.,0.));
#5477=DIRECTION('center_axis',(0.,0.,-1.));
#5478=DIRECTION('ref_axis',(-1.,0.,0.));
#5479=DIRECTION('center_axis',(0.,0.,-1.));
#5480=DIRECTION('ref_axis',(-1.,0.,0.));
#5481=DIRECTION('',(0.,0.,1.));
#5482=DIRECTION('center_axis',(-1.14022978078743E-12,-1.,0.));
#5483=DIRECTION('ref_axis',(1.,-1.14022978078743E-12,0.));
#5484=DIRECTION('',(1.,-1.14022978078743E-12,0.));
#5485=DIRECTION('',(1.,-1.14022978078743E-12,0.));
#5486=DIRECTION('',(0.,0.,1.));
#5487=DIRECTION('center_axis',(0.,0.,1.));
#5488=DIRECTION('ref_axis',(-1.56333279655016E-12,-1.,0.));
#5489=DIRECTION('center_axis',(0.,0.,-1.));
#5490=DIRECTION('ref_axis',(-1.56333279655016E-12,-1.,0.));
#5491=DIRECTION('center_axis',(0.,0.,-1.));
#5492=DIRECTION('ref_axis',(-1.56333279655016E-12,-1.,0.));
#5493=DIRECTION('',(0.,0.,1.));
#5494=DIRECTION('center_axis',(0.,0.,1.));
#5495=DIRECTION('ref_axis',(0.617526490555944,-0.786550083250685,0.));
#5496=DIRECTION('center_axis',(0.,0.,1.));
#5497=DIRECTION('ref_axis',(0.617526490555944,-0.786550083250685,0.));
#5498=DIRECTION('center_axis',(0.,0.,1.));
#5499=DIRECTION('ref_axis',(0.617526490555944,-0.786550083250685,0.));
#5500=DIRECTION('',(0.,0.,1.));
#5501=DIRECTION('center_axis',(0.,0.,1.));
#5502=DIRECTION('ref_axis',(-1.,1.13884596197874E-13,0.));
#5503=DIRECTION('center_axis',(0.,0.,1.));
#5504=DIRECTION('ref_axis',(0.617526490557107,0.786550083249772,0.));
#5505=DIRECTION('center_axis',(0.,0.,1.));
#5506=DIRECTION('ref_axis',(0.617526490557107,0.786550083249772,0.));
#5507=DIRECTION('',(0.,0.,1.));
#5508=DIRECTION('center_axis',(0.,0.,1.));
#5509=DIRECTION('ref_axis',(0.782957889601008,0.622074708625529,0.));
#5510=DIRECTION('center_axis',(0.,0.,1.));
#5511=DIRECTION('ref_axis',(0.782957889601008,0.622074708625529,0.));
#5512=DIRECTION('center_axis',(0.,0.,1.));
#5513=DIRECTION('ref_axis',(0.782957889601008,0.622074708625529,0.));
#5514=DIRECTION('',(0.,0.,1.));
#5515=DIRECTION('center_axis',(0.,0.,1.));
#5516=DIRECTION('ref_axis',(0.782957889601108,0.622074708625403,0.));
#5517=DIRECTION('center_axis',(0.,0.,-1.));
#5518=DIRECTION('ref_axis',(0.782957889601108,0.622074708625403,0.));
#5519=DIRECTION('center_axis',(0.,0.,-1.));
#5520=DIRECTION('ref_axis',(0.782957889601108,0.622074708625403,0.));
#5521=DIRECTION('',(0.,0.,1.));
#5522=DIRECTION('center_axis',(0.,1.,0.));
#5523=DIRECTION('ref_axis',(-1.,0.,0.));
#5524=DIRECTION('',(-1.,0.,0.));
#5525=DIRECTION('',(-1.,0.,0.));
#5526=DIRECTION('',(0.,0.,1.));
#5527=DIRECTION('center_axis',(0.,0.,1.));
#5528=DIRECTION('ref_axis',(0.,1.,0.));
#5529=DIRECTION('center_axis',(0.,0.,-1.));
#5530=DIRECTION('ref_axis',(0.,1.,0.));
#5531=DIRECTION('center_axis',(0.,0.,-1.));
#5532=DIRECTION('ref_axis',(0.,1.,0.));
#5533=DIRECTION('',(0.,0.,1.));
#5534=DIRECTION('center_axis',(-1.,4.16333634182249E-14,0.));
#5535=DIRECTION('ref_axis',(-4.16333634182249E-14,-1.,0.));
#5536=DIRECTION('',(-4.16333634182249E-14,-1.,0.));
#5537=DIRECTION('',(-4.16333634182249E-14,-1.,0.));
#5538=DIRECTION('',(0.,0.,1.));
#5539=DIRECTION('center_axis',(0.,0.,1.));
#5540=DIRECTION('ref_axis',(0.,1.,0.));
#5541=DIRECTION('center_axis',(0.,0.,1.));
#5542=DIRECTION('ref_axis',(0.,1.,0.));
#5543=DIRECTION('center_axis',(0.,0.,1.));
#5544=DIRECTION('ref_axis',(0.,1.,0.));
#5545=DIRECTION('center_axis',(0.,0.,1.));
#5546=DIRECTION('ref_axis',(1.,-1.33226762955019E-14,0.));
#5547=DIRECTION('center_axis',(0.,0.,1.));
#5548=DIRECTION('ref_axis',(1.,-1.33226762955019E-14,0.));
#5549=DIRECTION('center_axis',(0.,0.,1.));
#5550=DIRECTION('ref_axis',(0.,-1.,0.));
#5551=DIRECTION('center_axis',(0.,0.,1.));
#5552=DIRECTION('ref_axis',(0.,-1.,0.));
#5553=DIRECTION('center_axis',(0.,0.,1.));
#5554=DIRECTION('ref_axis',(1.,0.,0.));
#5555=DIRECTION('center_axis',(0.,0.,1.));
#5556=DIRECTION('ref_axis',(1.,0.,0.));
#5557=DIRECTION('axis',(0.,0.,1.));
#5558=DIRECTION('refdir',(1.,0.,0.));
#5559=DIRECTION('center_axis',(1.,1.44328993201269E-14,0.));
#5560=DIRECTION('ref_axis',(-1.44328993201269E-14,1.,0.));
#5561=DIRECTION('',(1.44328993201269E-14,-1.,0.));
#5562=DIRECTION('',(0.,0.,1.));
#5563=DIRECTION('',(-1.44328993201269E-14,1.,0.));
#5564=DIRECTION('',(0.,0.,1.));
#5565=DIRECTION('center_axis',(0.,-1.,0.));
#5566=DIRECTION('ref_axis',(1.,0.,0.));
#5567=DIRECTION('',(-1.,0.,0.));
#5568=DIRECTION('',(1.,0.,0.));
#5569=DIRECTION('',(0.,0.,1.));
#5570=DIRECTION('center_axis',(-1.,-1.44328993201271E-14,0.));
#5571=DIRECTION('ref_axis',(1.44328993201271E-14,-1.,0.));
#5572=DIRECTION('',(-1.44328993201271E-14,1.,0.));
#5573=DIRECTION('',(1.44328993201271E-14,-1.,0.));
#5574=DIRECTION('',(0.,0.,1.));
#5575=DIRECTION('center_axis',(-1.41900380334901E-14,1.,0.));
#5576=DIRECTION('ref_axis',(-1.,-1.41900380334901E-14,0.));
#5577=DIRECTION('',(1.,1.41900380334901E-14,0.));
#5578=DIRECTION('',(-1.,-1.41900380334901E-14,0.));
#5579=DIRECTION('center_axis',(0.,0.,1.));
#5580=DIRECTION('ref_axis',(1.,0.,0.));
#5581=DIRECTION('center_axis',(0.,0.,1.));
#5582=DIRECTION('ref_axis',(1.,0.,0.));
#5583=DIRECTION('center_axis',(1.,0.,0.));
#5584=DIRECTION('ref_axis',(0.,1.,0.));
#5585=DIRECTION('',(0.,-1.,0.));
#5586=DIRECTION('',(0.,0.,1.));
#5587=DIRECTION('',(0.,1.,0.));
#5588=DIRECTION('',(0.,0.,1.));
#5589=DIRECTION('center_axis',(-1.42247325030098E-14,-1.,0.));
#5590=DIRECTION('ref_axis',(1.,-1.42247325030098E-14,0.));
#5591=DIRECTION('',(-1.,1.42247325030098E-14,0.));
#5592=DIRECTION('',(1.,-1.42247325030098E-14,0.));
#5593=DIRECTION('',(0.,0.,1.));
#5594=DIRECTION('center_axis',(-1.,-1.38776580113317E-14,0.));
#5595=DIRECTION('ref_axis',(1.38776580113317E-14,-1.,0.));
#5596=DIRECTION('',(-1.38776580113317E-14,1.,0.));
#5597=DIRECTION('',(1.38776580113317E-14,-1.,0.));
#5598=DIRECTION('',(0.,0.,1.));
#5599=DIRECTION('center_axis',(7.07767178198527E-15,1.,0.));
#5600=DIRECTION('ref_axis',(-1.,7.07767178198527E-15,0.));
#5601=DIRECTION('',(1.,-7.07767178198527E-15,0.));
#5602=DIRECTION('',(-1.,7.07767178198527E-15,0.));
#5603=DIRECTION('center_axis',(0.,0.,1.));
#5604=DIRECTION('ref_axis',(1.,0.,0.));
#5605=DIRECTION('center_axis',(0.,0.,1.));
#5606=DIRECTION('ref_axis',(1.,0.,0.));
#5607=DIRECTION('',(0.,0.,1.));
#5608=DIRECTION('',(1.,0.,0.));
#5609=DIRECTION('',(0.,0.,1.));
#5610=DIRECTION('',(1.,0.,0.));
#5611=DIRECTION('axis',(0.,0.,1.));
#5612=DIRECTION('refdir',(1.,0.,0.));
#5613=DIRECTION('center_axis',(0.,0.,1.));
#5614=DIRECTION('ref_axis',(1.,0.,0.));
#5615=DIRECTION('',(-1.,0.,0.));
#5616=DIRECTION('center_axis',(0.,0.,-1.));
#5617=DIRECTION('ref_axis',(-1.,0.,0.));
#5618=DIRECTION('',(1.,0.,0.));
#5619=DIRECTION('center_axis',(0.,0.,1.));
#5620=DIRECTION('ref_axis',(-1.,0.,0.));
#5621=DIRECTION('center_axis',(0.,0.,1.));
#5622=DIRECTION('ref_axis',(1.,0.,0.));
#5623=DIRECTION('',(1.,0.,0.));
#5624=DIRECTION('center_axis',(0.,0.,1.));
#5625=DIRECTION('ref_axis',(-1.,0.,0.));
#5626=DIRECTION('',(-1.,0.,0.));
#5627=DIRECTION('center_axis',(0.,0.,-1.));
#5628=DIRECTION('ref_axis',(-1.,0.,0.));
#5629=DIRECTION('center_axis',(0.,-1.,0.));
#5630=DIRECTION('ref_axis',(-1.,0.,0.));
#5631=DIRECTION('',(-1.,0.,0.));
#5632=DIRECTION('',(0.,0.,1.));
#5633=DIRECTION('',(0.,0.,-1.));
#5634=DIRECTION('center_axis',(0.,1.,0.));
#5635=DIRECTION('ref_axis',(1.,0.,0.));
#5636=DIRECTION('',(1.,0.,0.));
#5637=DIRECTION('',(0.,0.,1.));
#5638=DIRECTION('',(0.,0.,-1.));
#5639=DIRECTION('center_axis',(0.,-1.,0.));
#5640=DIRECTION('ref_axis',(-1.,0.,0.));
#5641=DIRECTION('',(0.,0.,1.));
#5642=DIRECTION('',(-1.,0.,0.));
#5643=DIRECTION('',(0.,0.,-1.));
#5644=DIRECTION('center_axis',(0.,0.,1.));
#5645=DIRECTION('ref_axis',(1.,0.,0.));
#5646=DIRECTION('center_axis',(0.,0.,1.));
#5647=DIRECTION('ref_axis',(-1.,0.,0.));
#5648=DIRECTION('',(0.500000000000004,-0.866025403784436,0.));
#5649=DIRECTION('center_axis',(0.,0.,-1.));
#5650=DIRECTION('ref_axis',(-1.,0.,0.));
#5651=DIRECTION('center_axis',(0.,0.,1.));
#5652=DIRECTION('ref_axis',(-1.,0.,0.));
#5653=DIRECTION('center_axis',(0.,0.,1.));
#5654=DIRECTION('ref_axis',(-1.,0.,0.));
#5655=DIRECTION('',(0.,0.,1.));
#5656=DIRECTION('center_axis',(0.,0.,1.));
#5657=DIRECTION('ref_axis',(-1.,0.,0.));
#5658=DIRECTION('',(0.,0.,1.));
#5659=DIRECTION('center_axis',(0.,0.,1.));
#5660=DIRECTION('ref_axis',(-1.,0.,0.));
#5661=DIRECTION('',(0.,0.,1.));
#5662=DIRECTION('',(0.,0.,-1.));
#5663=DIRECTION('center_axis',(0.,0.,1.));
#5664=DIRECTION('ref_axis',(-1.,0.,0.));
#5665=DIRECTION('',(0.,0.,1.));
#5666=DIRECTION('center_axis',(0.,0.,-1.));
#5667=DIRECTION('ref_axis',(-1.,0.,0.));
#5668=DIRECTION('',(0.,0.,-1.));
#5669=DIRECTION('center_axis',(0.,0.,1.));
#5670=DIRECTION('ref_axis',(-1.,0.,0.));
#5671=DIRECTION('',(0.,0.,1.));
#5672=DIRECTION('center_axis',(0.,0.,-1.));
#5673=DIRECTION('ref_axis',(-1.,0.,0.));
#5674=DIRECTION('center_axis',(0.,0.,1.));
#5675=DIRECTION('ref_axis',(-1.,0.,0.));
#5676=DIRECTION('',(0.,0.,-1.));
#5677=DIRECTION('center_axis',(0.,0.,1.));
#5678=DIRECTION('ref_axis',(-1.,0.,0.));
#5679=DIRECTION('center_axis',(0.,0.,1.));
#5680=DIRECTION('ref_axis',(1.,0.,0.));
#5681=DIRECTION('center_axis',(0.,0.,1.));
#5682=DIRECTION('ref_axis',(1.,0.,0.));
#5683=DIRECTION('',(0.,0.,1.));
#5684=DIRECTION('center_axis',(0.,0.,-1.));
#5685=DIRECTION('ref_axis',(1.,0.,0.));
#5686=DIRECTION('center_axis',(0.,0.,-1.));
#5687=DIRECTION('ref_axis',(-1.,0.,0.));
#5688=DIRECTION('center_axis',(0.,0.,1.));
#5689=DIRECTION('ref_axis',(-1.,0.,0.));
#5690=DIRECTION('center_axis',(-1.22464679914735E-16,-1.,0.));
#5691=DIRECTION('ref_axis',(1.,-1.22464679914735E-16,0.));
#5692=DIRECTION('center_axis',(0.,0.,-1.));
#5693=DIRECTION('ref_axis',(-1.,0.,0.));
#5694=DIRECTION('center_axis',(0.,0.,1.));
#5695=DIRECTION('ref_axis',(-1.,0.,0.));
#5696=DIRECTION('center_axis',(0.,0.,1.));
#5697=DIRECTION('ref_axis',(-1.,0.,0.));
#5698=DIRECTION('',(0.,0.,-1.));
#5699=DIRECTION('center_axis',(0.,0.,-1.));
#5700=DIRECTION('ref_axis',(-1.,0.,0.));
#5701=DIRECTION('',(0.,0.,1.));
#5702=DIRECTION('center_axis',(0.,0.,1.));
#5703=DIRECTION('ref_axis',(-1.,0.,0.));
#5704=DIRECTION('',(0.,0.,-1.));
#5705=DIRECTION('center_axis',(0.,0.,-1.));
#5706=DIRECTION('ref_axis',(-1.,0.,0.));
#5707=DIRECTION('',(0.,0.,1.));
#5708=DIRECTION('',(0.,0.,-1.));
#5709=DIRECTION('center_axis',(0.,0.,-1.));
#5710=DIRECTION('ref_axis',(-1.,0.,0.));
#5711=DIRECTION('',(0.,0.,-1.));
#5712=DIRECTION('center_axis',(0.,0.,-1.));
#5713=DIRECTION('ref_axis',(-1.,0.,0.));
#5714=DIRECTION('',(0.,0.,-1.));
#5715=DIRECTION('center_axis',(0.,0.,-1.));
#5716=DIRECTION('ref_axis',(-1.,0.,0.));
#5717=DIRECTION('',(0.,0.,1.));
#5718=DIRECTION('center_axis',(0.,0.,-1.));
#5719=DIRECTION('ref_axis',(-1.,0.,0.));
#5720=DIRECTION('center_axis',(0.,0.,1.));
#5721=DIRECTION('ref_axis',(1.,0.,0.));
#5722=DIRECTION('center_axis',(0.,0.,-1.));
#5723=DIRECTION('ref_axis',(-1.,0.,0.));
#5724=DIRECTION('center_axis',(1.22464679914735E-16,1.,0.));
#5725=DIRECTION('ref_axis',(1.,-1.22464679914735E-16,0.));
#5726=DIRECTION('center_axis',(0.,0.,-1.));
#5727=DIRECTION('ref_axis',(-1.,0.,0.));
#5728=DIRECTION('center_axis',(0.,0.,1.));
#5729=DIRECTION('ref_axis',(1.,0.,0.));
#5730=DIRECTION('center_axis',(1.60625644176776E-14,-1.,0.));
#5731=DIRECTION('ref_axis',(-1.,-1.60625644176776E-14,0.));
#5732=DIRECTION('',(-1.,-1.60625644176776E-14,0.));
#5733=DIRECTION('',(-1.,-1.60625644176776E-14,0.));
#5734=DIRECTION('center_axis',(0.,1.,0.));
#5735=DIRECTION('ref_axis',(1.,0.,0.));
#5736=DIRECTION('',(1.,0.,0.));
#5737=DIRECTION('',(1.,0.,0.));
#5738=DIRECTION('center_axis',(0.,0.,1.));
#5739=DIRECTION('ref_axis',(1.,0.,0.));
#5740=DIRECTION('center_axis',(0.,0.,1.));
#5741=DIRECTION('ref_axis',(1.,0.,0.));
#5742=DIRECTION('center_axis',(0.866025403784436,0.500000000000004,0.));
#5743=DIRECTION('ref_axis',(0.500000000000004,-0.866025403784436,0.));
#5744=DIRECTION('',(0.500000000000004,-0.866025403784436,0.));
#5745=DIRECTION('center_axis',(-0.86602540378444,-0.499999999999997,0.));
#5746=DIRECTION('ref_axis',(-0.499999999999997,0.86602540378444,0.));
#5747=DIRECTION('',(-0.499999999999997,0.86602540378444,0.));
#5748=DIRECTION('',(-0.499999999999997,0.86602540378444,0.));
#5749=DIRECTION('center_axis',(0.,0.,1.));
#5750=DIRECTION('ref_axis',(1.,0.,0.));
#5751=DIRECTION('center_axis',(-0.866025403784442,0.499999999999994,0.));
#5752=DIRECTION('ref_axis',(0.499999999999994,0.866025403784442,0.));
#5753=DIRECTION('',(0.499999999999994,0.866025403784442,0.));
#5754=DIRECTION('',(0.499999999999994,0.866025403784442,0.));
#5755=DIRECTION('center_axis',(0.866025403784436,-0.500000000000004,0.));
#5756=DIRECTION('ref_axis',(-0.500000000000004,-0.866025403784436,0.));
#5757=DIRECTION('',(-0.500000000000004,-0.866025403784436,0.));
#5758=DIRECTION('',(-0.500000000000004,-0.866025403784436,0.));
#5759=DIRECTION('center_axis',(0.,0.,1.));
#5760=DIRECTION('ref_axis',(1.,0.,0.));
#5761=DIRECTION('center_axis',(0.,1.,0.));
#5762=DIRECTION('ref_axis',(1.,0.,0.));
#5763=DIRECTION('',(1.,0.,0.));
#5764=DIRECTION('center_axis',(0.,0.,1.));
#5765=DIRECTION('ref_axis',(1.,0.,0.));
#5766=DIRECTION('center_axis',(0.,0.,1.));
#5767=DIRECTION('ref_axis',(1.,0.,0.));
#5768=DIRECTION('center_axis',(0.,0.,1.));
#5769=DIRECTION('ref_axis',(1.,0.,0.));
#5770=DIRECTION('axis',(0.,0.,1.));
#5771=DIRECTION('refdir',(1.,0.,0.));
#5772=DIRECTION('center_axis',(0.,0.,1.));
#5773=DIRECTION('ref_axis',(-1.,0.,0.));
#5774=DIRECTION('center_axis',(0.,0.,1.));
#5775=DIRECTION('ref_axis',(-1.,0.,0.));
#5776=DIRECTION('',(0.,0.,-1.));
#5777=DIRECTION('center_axis',(0.,0.,1.));
#5778=DIRECTION('ref_axis',(-1.,0.,0.));
#5779=DIRECTION('center_axis',(0.,0.,1.));
#5780=DIRECTION('ref_axis',(1.,0.,0.));
#5781=DIRECTION('center_axis',(0.,0.,1.));
#5782=DIRECTION('ref_axis',(1.,0.,0.));
#5783=DIRECTION('axis',(0.,0.,1.));
#5784=DIRECTION('refdir',(1.,0.,0.));
#5785=DIRECTION('center_axis',(0.,0.,1.));
#5786=DIRECTION('ref_axis',(-1.,0.,0.));
#5787=DIRECTION('center_axis',(0.,0.,1.));
#5788=DIRECTION('ref_axis',(-1.,0.,0.));
#5789=DIRECTION('',(0.,0.,-1.));
#5790=DIRECTION('center_axis',(0.,0.,-1.));
#5791=DIRECTION('ref_axis',(-1.,0.,0.));
#5792=DIRECTION('center_axis',(0.,0.,1.));
#5793=DIRECTION('ref_axis',(1.,0.,0.));
#5794=DIRECTION('center_axis',(0.,0.,1.));
#5795=DIRECTION('ref_axis',(1.,0.,0.));
#5796=DIRECTION('',(2.58365377703294E-16,2.86056195740347E-16,1.));
#5797=DIRECTION('',(1.,-4.2934406030426E-16,-2.58365377703294E-16));
#5798=DIRECTION('',(-4.2934406030426E-16,-1.,2.86056195740347E-16));
#5799=DIRECTION('',(1.,-4.2934406030426E-16,-2.58365377703294E-16));
#5800=DIRECTION('',(-4.2934406030426E-16,-1.,7.81840631383473E-17));
#5801=DIRECTION('',(1.,-4.2934406030426E-16,-2.58365377703294E-16));
#5802=DIRECTION('',(-4.5167237115166E-16,-1.,7.81840631383472E-17));
#5803=DIRECTION('',(1.,-4.5167237115166E-16,-2.58365377703294E-16));
#5804=DIRECTION('',(4.29344060304261E-16,1.,1.13666392088521E-16));
#5805=DIRECTION('',(1.,-4.29344060304261E-16,-4.29344060304261E-16));
#5806=DIRECTION('',(0.,0.,1.));
#5807=DIRECTION('',(1.,0.,0.));
#5808=CARTESIAN_POINT('',(0.,0.,0.));
#5809=CARTESIAN_POINT('',(0.,0.,0.));
#5810=CARTESIAN_POINT('',(0.,0.,0.));
#5811=CARTESIAN_POINT('Origin',(5.59999818559684,0.833992786078991,-2.80000315018521));
#5812=CARTESIAN_POINT('',(5.49999828414161,0.833992786078991,-2.65000308448874));
#5813=CARTESIAN_POINT('',(5.59999828414159,0.933992786078991,-2.65000315018524));
#5814=CARTESIAN_POINT('Origin',(5.59999828414159,0.833992786078991,-2.65000315018524));
#5815=CARTESIAN_POINT('',(5.59999815274858,0.933992786078991,-2.8500031501852));
#5816=CARTESIAN_POINT('',(5.59999818559684,0.933992786078991,-2.80000315018521));
#5817=CARTESIAN_POINT('',(5.49999815274861,0.833992786078991,-2.8500030844887));
#5818=CARTESIAN_POINT('Origin',(5.59999815274858,0.833992786078991,-2.85000315018517));
#5819=CARTESIAN_POINT('',(5.49999818559686,0.833992786078991,-2.80000308448871));
#5820=CARTESIAN_POINT('Origin',(5.49999815274861,0.383992786078991,-2.8500030844887));
#5821=CARTESIAN_POINT('',(5.49999815274861,0.383992786078991,-2.8500030844887));
#5822=CARTESIAN_POINT('',(5.49999815274861,0.383992786078991,-2.8500030844887));
#5823=CARTESIAN_POINT('',(5.50000013081099,0.38399278048676,-2.64999882341142));
#5824=CARTESIAN_POINT('',(5.49999828414161,0.383992786078991,-2.65000308448874));
#5825=CARTESIAN_POINT('',(5.50000039885457,0.583992773677923,-2.65000095395085));
#5826=CARTESIAN_POINT('',(5.50000207623271,0.533992773677923,-2.64999882341267));
#5827=CARTESIAN_POINT('',(5.49999828414161,0.383992786078991,-2.65000308448874));
#5828=CARTESIAN_POINT('Origin',(5.9999981527485,0.383992786078991,-2.85000341297118));
#5829=CARTESIAN_POINT('',(5.9999981527485,0.933992786078991,-2.85000341297118));
#5830=CARTESIAN_POINT('',(5.49999815274861,0.933992786078991,-2.8500030844887));
#5831=CARTESIAN_POINT('',(5.9999981527485,0.383992786078991,-2.85000341297118));
#5832=CARTESIAN_POINT('',(5.9999981527485,0.383992786078991,-2.85000341297118));
#5833=CARTESIAN_POINT('',(5.49999815274861,0.383992786078991,-2.8500030844887));
#5834=CARTESIAN_POINT('Origin',(8.79999825129262,0.833992786078991,-2.70000525247306));
#5835=CARTESIAN_POINT('',(8.89999815274785,0.833992786078991,-2.85000531816952));
#5836=CARTESIAN_POINT('',(8.79999815274787,0.933992786078991,-2.85000525247303));
#5837=CARTESIAN_POINT('Origin',(8.79999815274787,0.833992786078991,-2.85000525247302));
#5838=CARTESIAN_POINT('',(8.79999828414087,0.933992786078991,-2.65000525247306));
#5839=CARTESIAN_POINT('',(8.79999825129262,0.933992786078991,-2.70000525247306));
#5840=CARTESIAN_POINT('',(8.89999828414085,0.833992786078991,-2.65000531816956));
#5841=CARTESIAN_POINT('Origin',(8.79999828414087,0.833992786078991,-2.65000525247309));
#5842=CARTESIAN_POINT('',(8.8999982512926,0.833992786078991,-2.70000531816956));
#5843=CARTESIAN_POINT('Origin',(8.89999828414085,0.383992786078991,-2.65000531816956));
#5844=CARTESIAN_POINT('',(8.89999944939941,0.583992773677923,-2.65000305469544));
#5845=CARTESIAN_POINT('',(8.89999828414085,0.383992786078991,-2.65000531816956));
#5846=CARTESIAN_POINT('',(8.89999915850018,0.383992785353185,-2.64999852740028));
#5847=CARTESIAN_POINT('',(8.90000003205582,0.533992773677923,-2.64999852740205));
#5848=CARTESIAN_POINT('',(8.89999815274785,0.383992786078991,-2.85000531816952));
#5849=CARTESIAN_POINT('',(8.89999815274785,0.383992786078991,-2.85000531816952));
#5850=CARTESIAN_POINT('',(8.89999815274785,0.383992786078991,-2.85000531816952));
#5851=CARTESIAN_POINT('Origin',(8.39999828414096,0.383992786078991,-2.65000498968707));
#5852=CARTESIAN_POINT('',(8.39999828414096,0.933992786078991,-2.65000498968707));
#5853=CARTESIAN_POINT('',(8.89999828414085,0.933992786078991,-2.65000531816956));
#5854=CARTESIAN_POINT('',(8.39999828414128,0.583992773677923,-2.65000178031014));
#5855=CARTESIAN_POINT('',(8.39999828414096,0.383992786078991,-2.65000498968707));
#5856=CARTESIAN_POINT('',(7.74746973763269,0.583992773677923,-2.65000456099867));
#5857=CARTESIAN_POINT('Origin',(8.79999803251694,0.833992786078991,2.80000542261291));
#5858=CARTESIAN_POINT('',(8.89999813926232,0.833992786078991,2.65000549377654));
#5859=CARTESIAN_POINT('',(8.79999813926235,0.933992786078991,2.65000542261294));
#5860=CARTESIAN_POINT('Origin',(8.79999813926235,0.833992786078991,2.65000542261293));
#5861=CARTESIAN_POINT('',(8.79999799693513,0.933992786078991,2.8500054226129));
#5862=CARTESIAN_POINT('',(8.79999803251694,0.933992786078991,2.80000542261291));
#5863=CARTESIAN_POINT('',(8.89999799693511,0.833992786078991,2.8500054937765));
#5864=CARTESIAN_POINT('Origin',(8.79999799693513,0.833992786078991,2.85000542261293));
#5865=CARTESIAN_POINT('',(8.89999803251691,0.833992786078991,2.80000549377652));
#5866=CARTESIAN_POINT('Origin',(8.64999806809878,0.933992786078991,2.75000531586752));
#5867=CARTESIAN_POINT('',(8.39999813926245,0.933992786078991,2.65000513795854));
#5868=CARTESIAN_POINT('',(8.89999813926232,0.933992786078991,2.65000549377654));
#5869=CARTESIAN_POINT('',(8.39999799693526,0.933992786078991,2.85000513795851));
#5870=CARTESIAN_POINT('',(8.39999813926245,0.933992786078991,2.65000513795854));
#5871=CARTESIAN_POINT('',(8.39999799693526,0.933992786078991,2.85000513795851));
#5872=CARTESIAN_POINT('Origin',(8.89999813926232,0.383992786078991,2.65000549377654));
#5873=CARTESIAN_POINT('',(8.89999667566344,0.583992773677923,2.65000775724383));
#5874=CARTESIAN_POINT('',(8.89999813926232,0.383992786078991,2.65000549377654));
#5875=CARTESIAN_POINT('',(8.39999813925838,0.583992773677923,2.65000834733637));
#5876=CARTESIAN_POINT('',(7.99746959275783,0.583992773677923,2.65000485150473));
#5877=CARTESIAN_POINT('',(8.39999813926245,0.383992786078991,2.65000513795854));
#5878=CARTESIAN_POINT('Origin',(5.59999810368138,0.833992786078991,2.70000314537781));
#5879=CARTESIAN_POINT('',(5.49999799693599,0.833992786078991,2.85000307421417));
#5880=CARTESIAN_POINT('',(5.59999799693597,0.933992786078991,2.85000314537777));
#5881=CARTESIAN_POINT('Origin',(5.59999799693597,0.833992786078991,2.85000314537778));
#5882=CARTESIAN_POINT('',(5.59999813926318,0.933992786078991,2.65000314537782));
#5883=CARTESIAN_POINT('',(5.59999810368138,0.933992786078991,2.70000314537781));
#5884=CARTESIAN_POINT('',(5.49999813926321,0.833992786078991,2.65000307421422));
#5885=CARTESIAN_POINT('Origin',(5.59999813926318,0.833992786078991,2.65000314537782));
#5886=CARTESIAN_POINT('',(5.4999981036814,0.833992786078991,2.7000030742142));
#5887=CARTESIAN_POINT('Origin',(5.74999806809953,0.933992786078991,2.7500032521232));
#5888=CARTESIAN_POINT('',(5.99999799693587,0.933992786078991,2.85000343003216));
#5889=CARTESIAN_POINT('',(5.49999799693599,0.933992786078991,2.85000307421417));
#5890=CARTESIAN_POINT('',(5.99999813926308,0.933992786078991,2.65000343003225));
#5891=CARTESIAN_POINT('',(5.99999799693587,0.933992786078991,2.85000343003216));
#5892=CARTESIAN_POINT('',(5.99999813926308,0.933992786078991,2.65000343003225));
#5893=CARTESIAN_POINT('Origin',(5.49999799693599,0.383992786078991,2.85000307421417));
#5894=CARTESIAN_POINT('',(5.49999799693599,0.383992786078991,2.85000307421417));
#5895=CARTESIAN_POINT('',(5.49999799693599,0.383992786078991,2.85000307421417));
#5896=CARTESIAN_POINT('',(5.99999799693587,0.383992786078991,2.85000343003216));
#5897=CARTESIAN_POINT('',(5.49999799693599,0.383992786078991,2.85000307421417));
#5898=CARTESIAN_POINT('',(5.99999799693587,0.383992786078991,2.85000343003216));
#5899=CARTESIAN_POINT('Origin',(6.04747251721982,0.558992773677923,-1.4749993702272));
#5900=CARTESIAN_POINT('',(5.21794692328848,0.583992773677923,-1.49999944244735));
#5901=CARTESIAN_POINT('',(4.99999992758238,0.533992769398693,-1.44999910473605));
#5902=CARTESIAN_POINT('Origin',(5.00000201528935,1.03399277367792,-1.94999946142207));
#5903=CARTESIAN_POINT('',(5.60193250245954,0.533992773677923,-1.4499994090168));
#5904=CARTESIAN_POINT('',(0.555084223793092,0.533992773677923,-1.4499998484055));
#5905=CARTESIAN_POINT('',(5.60193250681264,0.583992773677923,-1.4999994090168));
#5906=CARTESIAN_POINT('',(5.60193250245954,0.533992773677923,-1.4499994090168));
#5907=CARTESIAN_POINT('',(6.04747251939637,0.583992773677923,-1.4999993702272));
#5908=CARTESIAN_POINT('Ctrl Pts',(5.60193250681265,0.583992773677923,-1.4999994090168));
#5909=CARTESIAN_POINT('Ctrl Pts',(5.69278598252404,0.583992773677923,-1.49999940110692));
#5910=CARTESIAN_POINT('Ctrl Pts',(5.85020720072325,0.583992773677923,-1.45020461646893));
#5911=CARTESIAN_POINT('Ctrl Pts',(5.90000195795044,0.583992773677923,-1.29278338959925));
#5912=CARTESIAN_POINT('Ctrl Pts',(5.90000195004055,0.583992773677923,-1.20192991388786));
#5913=CARTESIAN_POINT('Ctrl Pts',(5.60193250536161,0.567326107011256,-1.48333274235014));
#5914=CARTESIAN_POINT('Ctrl Pts',(5.68999387003739,0.567326107011256,-1.48333273468334));
#5915=CARTESIAN_POINT('Ctrl Pts',(5.83631229880104,0.567326107011256,-1.43630971696615));
#5916=CARTESIAN_POINT('Ctrl Pts',(5.88333529104068,0.567326107011256,-1.28999128001467));
#5917=CARTESIAN_POINT('Ctrl Pts',(5.88333528337389,0.567326107011256,-1.2019299153389));
#5918=CARTESIAN_POINT('Ctrl Pts',(5.60193250391058,0.55065944034459,-1.46666607568347));
#5919=CARTESIAN_POINT('Ctrl Pts',(5.68720175755074,0.55065944034459,-1.46666606825976));
#5920=CARTESIAN_POINT('Ctrl Pts',(5.82241739687883,0.55065944034459,-1.42241481746337));
#5921=CARTESIAN_POINT('Ctrl Pts',(5.86666862413093,0.55065944034459,-1.28719917043008));
#5922=CARTESIAN_POINT('Ctrl Pts',(5.86666861670722,0.55065944034459,-1.20192991678993));
#5923=CARTESIAN_POINT('Ctrl Pts',(5.60193250245955,0.533992773677923,-1.4499994090168));
#5924=CARTESIAN_POINT('Ctrl Pts',(5.68440964506408,0.533992773677923,-1.44999940183618));
#5925=CARTESIAN_POINT('Ctrl Pts',(5.80852249495662,0.533992773677923,-1.4085199179606));
#5926=CARTESIAN_POINT('Ctrl Pts',(5.85000195722118,0.533992773677923,-1.28440706084549));
#5927=CARTESIAN_POINT('Ctrl Pts',(5.85000195004055,0.533992773677923,-1.20192991824096));
#5928=CARTESIAN_POINT('',(5.85000195004055,0.533992773677923,-1.20192991824096));
#5929=CARTESIAN_POINT('',(5.90000195004055,0.583992773677923,-1.20192991388786));
#5930=CARTESIAN_POINT('',(5.85000195004055,0.533992773677923,-1.20192991824096));
#5931=CARTESIAN_POINT('Ctrl Pts',(5.90000195004055,0.583992773677923,-1.20192991388786));
#5932=CARTESIAN_POINT('Ctrl Pts',(5.90000195795044,0.583992773677923,-1.29278338959925));
#5933=CARTESIAN_POINT('Ctrl Pts',(5.85020720072325,0.583992773677923,-1.45020461646893));
#5934=CARTESIAN_POINT('Ctrl Pts',(5.69278598252404,0.583992773677923,-1.49999940110692));
#5935=CARTESIAN_POINT('Ctrl Pts',(5.60193250681265,0.583992773677923,-1.4999994090168));
#5936=CARTESIAN_POINT('Ctrl Pts',(5.85000195004055,0.533992773677923,-1.20192991824096));
#5937=CARTESIAN_POINT('Ctrl Pts',(5.85000195206521,0.533992773677923,-1.22518525689396));
#5938=CARTESIAN_POINT('Ctrl Pts',(5.84835310332246,0.533992773677923,-1.24878042430366));
#5939=CARTESIAN_POINT('Ctrl Pts',(5.84060985215146,0.533992773677923,-1.29166431425313));
#5940=CARTESIAN_POINT('Ctrl Pts',(5.8350584146709,0.533992773677923,-1.31137979524688));
#5941=CARTESIAN_POINT('Ctrl Pts',(5.81737270857806,0.533992773677923,-1.35161919481948));
#5942=CARTESIAN_POINT('Ctrl Pts',(5.80457688160134,0.533992773677923,-1.37114883818892));
#5943=CARTESIAN_POINT('Ctrl Pts',(5.77115141449791,0.533992773677923,-1.40457431111252));
#5944=CARTESIAN_POINT('Ctrl Pts',(5.75162177335653,0.533992773677923,-1.41737014148982));
#5945=CARTESIAN_POINT('Ctrl Pts',(5.71138237686344,0.533992773677923,-1.4350558545893));
#5946=CARTESIAN_POINT('Ctrl Pts',(5.69166689683634,0.533992773677923,-1.4406072955028));
#5947=CARTESIAN_POINT('Ctrl Pts',(5.64878300823514,0.533992773677923,-1.44835055414091));
#5948=CARTESIAN_POINT('Ctrl Pts',(5.62518784111254,0.533992773677923,-1.44999940699215));
#5949=CARTESIAN_POINT('Ctrl Pts',(5.60193250245955,0.533992773677923,-1.4499994090168));
#5950=CARTESIAN_POINT('Origin',(5.87500189771911,0.558992773677923,-0.600962294656779));
#5951=CARTESIAN_POINT('',(5.85000184539779,0.533992773677923,3.93143787765353E-6));
#5952=CARTESIAN_POINT('',(5.90000184539779,0.583992773677923,3.93579097777985E-6));
#5953=CARTESIAN_POINT('',(5.85000184539779,0.533992773677923,3.93143787765353E-6));
#5954=CARTESIAN_POINT('',(5.90000189771911,0.583992773677923,-0.600962292480229));
#5955=CARTESIAN_POINT('',(5.85000189771931,0.533992773677923,-0.600964535135693));
#5956=CARTESIAN_POINT('Origin',(5.87500184539799,0.558992773677923,3.81248390966453E-6));
#5957=CARTESIAN_POINT('',(5.85000009578771,0.533992773677923,1.20193747015033));
#5958=CARTESIAN_POINT('',(5.85000184539033,0.533992773677923,9.05467761719292E-6));
#5959=CARTESIAN_POINT('',(5.90000009578765,0.583992773677923,1.20193754293348));
#5960=CARTESIAN_POINT('',(5.85000009578771,0.533992773677923,1.20193747015033));
#5961=CARTESIAN_POINT('',(5.90000184539796,0.583992773677923,3.84887548260957E-6));
#5962=CARTESIAN_POINT('Ctrl Pts',(5.90000009578766,0.583992773677923,1.20193754293348));
#5963=CARTESIAN_POINT('Ctrl Pts',(5.89999996353562,0.583992773677923,1.29279101864478));
#5964=CARTESIAN_POINT('Ctrl Pts',(5.85020496346098,0.583992773677923,1.45021216870478));
#5965=CARTESIAN_POINT('Ctrl Pts',(5.69278366843217,0.583992773677923,1.50000671047496));
#5966=CARTESIAN_POINT('Ctrl Pts',(5.60193019272088,0.583992773677923,1.50000657822293));
#5967=CARTESIAN_POINT('Ctrl Pts',(5.88333342912101,0.567326107011256,1.20193751867243));
#5968=CARTESIAN_POINT('Ctrl Pts',(5.88333330093335,0.567326107011256,1.28999888334811));
#5969=CARTESIAN_POINT('Ctrl Pts',(5.83631008297136,0.567326107011256,1.43631724776258));
#5970=CARTESIAN_POINT('Ctrl Pts',(5.68999158165761,0.567326107011256,1.48334003974394));
#5971=CARTESIAN_POINT('Ctrl Pts',(5.60193021698193,0.567326107011256,1.48333991155628));
#5972=CARTESIAN_POINT('Ctrl Pts',(5.86666676245436,0.55065944034459,1.20193749441139));
#5973=CARTESIAN_POINT('Ctrl Pts',(5.86666663833107,0.55065944034459,1.28720674805145));
#5974=CARTESIAN_POINT('Ctrl Pts',(5.82241520248174,0.55065944034459,1.42242232682038));
#5975=CARTESIAN_POINT('Ctrl Pts',(5.68719949488304,0.55065944034459,1.46667336901292));
#5976=CARTESIAN_POINT('Ctrl Pts',(5.60193024124298,0.55065944034459,1.46667324488963));
#5977=CARTESIAN_POINT('Ctrl Pts',(5.85000009578771,0.533992773677923,1.20193747015034));
#5978=CARTESIAN_POINT('Ctrl Pts',(5.84999997572879,0.533992773677923,1.28441461275479));
#5979=CARTESIAN_POINT('Ctrl Pts',(5.80852032199212,0.533992773677923,1.40852740587817));
#5980=CARTESIAN_POINT('Ctrl Pts',(5.68440740810848,0.533992773677923,1.4500066982819));
#5981=CARTESIAN_POINT('Ctrl Pts',(5.60193026550403,0.533992773677923,1.45000657822298));
#5982=CARTESIAN_POINT('',(5.60193026550402,0.533992773677923,1.45000657822298));
#5983=CARTESIAN_POINT('',(5.60193019272088,0.583992773677923,1.50000657822293));
#5984=CARTESIAN_POINT('',(5.60193026550402,0.533992773677923,1.45000657822298));
#5985=CARTESIAN_POINT('Ctrl Pts',(5.60193019272088,0.583992773677923,1.50000657822293));
#5986=CARTESIAN_POINT('Ctrl Pts',(5.69278366843217,0.583992773677923,1.50000671047496));
#5987=CARTESIAN_POINT('Ctrl Pts',(5.85020496346098,0.583992773677923,1.45021216870478));
#5988=CARTESIAN_POINT('Ctrl Pts',(5.89999996353562,0.583992773677923,1.29279101864478));
#5989=CARTESIAN_POINT('Ctrl Pts',(5.90000009578766,0.583992773677923,1.20193754293348));
#5990=CARTESIAN_POINT('Ctrl Pts',(5.60193026550403,0.533992773677923,1.45000657822298));
#5991=CARTESIAN_POINT('Ctrl Pts',(5.62518560415694,0.533992773677923,1.45000661207491));
#5992=CARTESIAN_POINT('Ctrl Pts',(5.64878077382317,0.533992773677923,1.44835779562454));
#5993=CARTESIAN_POINT('Ctrl Pts',(5.69166467436992,0.533992773677923,1.4406146031445));
#5994=CARTESIAN_POINT('Ctrl Pts',(5.71138016296128,0.533992773677923,1.43506319264658));
#5995=CARTESIAN_POINT('Ctrl Pts',(5.75161958673857,0.533992773677923,1.41737754162544));
#5996=CARTESIAN_POINT('Ctrl Pts',(5.77114924762046,0.533992773677923,1.40458174137696));
#5997=CARTESIAN_POINT('Ctrl Pts',(5.8045747662903,0.533992773677923,1.37115632001955));
#5998=CARTESIAN_POINT('Ctrl Pts',(5.81737062339593,0.533992773677923,1.3516266963905));
#5999=CARTESIAN_POINT('Ctrl Pts',(5.83505639156706,0.533992773677923,1.31138732410206));
#6000=CARTESIAN_POINT('Ctrl Pts',(5.84060785946317,0.533992773677923,1.29167185167273));
#6001=CARTESIAN_POINT('Ctrl Pts',(5.84835117679218,0.533992773677923,1.24878797366914));
#6002=CARTESIAN_POINT('Ctrl Pts',(5.85000006193578,0.533992773677923,1.22519280880325));
#6003=CARTESIAN_POINT('Ctrl Pts',(5.85000009578771,0.533992773677923,1.20193747015034));
#6004=CARTESIAN_POINT('Origin',(6.34843550704634,0.558992773677923,1.475007664883));
#6005=CARTESIAN_POINT('',(4.99999769063295,0.533992767601232,1.45000316962596));
#6006=CARTESIAN_POINT('',(5.21794460919711,0.583992773677923,1.50000601926935));
#6007=CARTESIAN_POINT('Origin',(4.99999900697199,1.03399277367792,1.95000570201449));
#6008=CARTESIAN_POINT('',(6.34843547065477,0.583992773677923,1.50000766488298));
#6009=CARTESIAN_POINT('',(0.856047252195618,0.533992773677923,1.44999966981705));
#6010=CARTESIAN_POINT('Origin',(7.09494293208788,0.583992773677923,5.43296137052921E-6));
#6011=CARTESIAN_POINT('',(5.44999728005599,0.583992773677923,1.73205718923816));
#6012=CARTESIAN_POINT('Origin',(4.99999900697199,0.583992773677923,1.95000570201449));
#6013=CARTESIAN_POINT('',(5.49999897377589,0.583992773677923,1.95000636123504));
#6014=CARTESIAN_POINT('Origin',(4.99999897377642,0.583992773677923,1.95000563347559));
#6015=CARTESIAN_POINT('',(5.49999801630392,0.583992773677923,2.65000449424038));
#6016=CARTESIAN_POINT('',(5.49999897377589,0.583992773677923,1.95000636123504));
#6017=CARTESIAN_POINT('',(5.99999813926014,0.583992773677923,2.65000574657772));
#6018=CARTESIAN_POINT('',(6.54746959275813,0.583992773677923,2.65000381963268));
#6019=CARTESIAN_POINT('',(5.49999795481044,0.583992773677923,2.65000733529146));
#6020=CARTESIAN_POINT('',(8.89999980134104,0.583992773677923,6.87857160813765E-6));
#6021=CARTESIAN_POINT('',(8.89999594382645,0.583992773677923,2.65001228454247));
#6022=CARTESIAN_POINT('',(8.89999980134104,0.583992773677923,6.87857160814047E-6));
#6023=CARTESIAN_POINT('',(5.99999828414174,0.583992773677923,-2.65000109642663));
#6024=CARTESIAN_POINT('',(8.90000003205582,0.583992773677923,-2.64999852740205));
#6025=CARTESIAN_POINT('',(6.29746973763292,0.583992773677923,-2.65000360839961));
#6026=CARTESIAN_POINT('',(5.50000201528935,0.583992773677923,-1.94999941789107));
#6027=CARTESIAN_POINT('',(5.50000207623271,0.583992773677923,-2.64999882341267));
#6028=CARTESIAN_POINT('Origin',(5.00000201528935,0.583992773677923,-1.94999946142207));
#6029=CARTESIAN_POINT('Origin',(4.99999900697199,0.533992773677923,1.95000570201449));
#6030=CARTESIAN_POINT('',(5.44999728005599,0.533992773677923,1.73205718923816));
#6031=CARTESIAN_POINT('Origin',(4.99999696280209,0.533992773677923,1.95000148136664));
#6032=CARTESIAN_POINT('',(5.44999728005599,0.533992773677923,1.73205718923816));
#6033=CARTESIAN_POINT('Origin',(5.49999828414161,0.383992786078991,-2.65000308448874));
#6034=CARTESIAN_POINT('',(5.99999828414151,0.933992786078991,-2.65000341297126));
#6035=CARTESIAN_POINT('',(5.99999828414151,0.383992786078991,-2.65000341297126));
#6036=CARTESIAN_POINT('',(5.99999828414151,0.933992786078991,-2.65000341297126));
#6037=CARTESIAN_POINT('Origin',(5.99999828414151,0.383992786078991,-2.65000341297126));
#6038=CARTESIAN_POINT('',(5.99999828414455,0.383992780108106,-2.6499987799336));
#6039=CARTESIAN_POINT('',(5.9999981527485,0.383992786078991,-2.85000341297118));
#6040=CARTESIAN_POINT('',(5.9999981527485,0.933992786078991,-2.85000341297118));
#6041=CARTESIAN_POINT('',(5.99999828414455,0.458992779878457,-2.649998779882));
#6042=CARTESIAN_POINT('Origin',(5.74999821844505,0.933992786078991,-2.75000324872997));
#6043=CARTESIAN_POINT('Origin',(5.99999813926308,0.383992786078991,2.65000343003225));
#6044=CARTESIAN_POINT('',(5.99999813926308,0.383992786078991,2.65000343003225));
#6045=CARTESIAN_POINT('',(5.49999813926321,0.383992786078991,2.65000307421422));
#6046=CARTESIAN_POINT('Origin',(5.99999799693587,0.383992786078991,2.85000343003216));
#6047=CARTESIAN_POINT('',(5.99999813925978,0.383992780108106,2.65000806307159));
#6048=CARTESIAN_POINT('',(5.99999799693587,0.383992786078991,2.85000343003216));
#6049=CARTESIAN_POINT('',(5.99999813925978,0.458992779878457,2.65000806312319));
#6050=CARTESIAN_POINT('Origin',(5.49999813926321,0.383992786078991,2.65000307421422));
#6051=CARTESIAN_POINT('',(5.49999804665578,0.383992784445929,2.65000733529145));
#6052=CARTESIAN_POINT('',(5.49999795481044,0.533992773677923,2.65000733529146));
#6053=CARTESIAN_POINT('',(5.49999813926321,0.383992786078991,2.65000307421422));
#6054=CARTESIAN_POINT('Origin',(8.39999813926245,0.383992786078991,2.65000513795854));
#6055=CARTESIAN_POINT('',(8.39999813925788,0.383992780108106,2.65001155664271));
#6056=CARTESIAN_POINT('',(8.39999799693526,0.383992786078991,2.85000513795851));
#6057=CARTESIAN_POINT('',(8.39999813926245,0.383992786078991,2.65000513795854));
#6058=CARTESIAN_POINT('',(8.39999799693526,0.383992786078991,2.85000513795851));
#6059=CARTESIAN_POINT('',(8.39999813925788,0.458992779878457,2.65001155671421));
#6060=CARTESIAN_POINT('Origin',(8.89999799693511,0.383992786078991,2.8500054937765));
#6061=CARTESIAN_POINT('',(8.89999799693511,0.383992786078991,2.8500054937765));
#6062=CARTESIAN_POINT('',(8.89999799693511,0.383992786078991,2.8500054937765));
#6063=CARTESIAN_POINT('',(8.89999704137466,0.383992785595121,2.65001228454148));
#6064=CARTESIAN_POINT('',(8.89999799693511,0.383992786078991,2.8500054937765));
#6065=CARTESIAN_POINT('',(8.89999594382645,0.533992773677923,2.65001228454247));
#6066=CARTESIAN_POINT('Origin',(8.39999799693526,0.383992786078991,2.85000513795851));
#6067=CARTESIAN_POINT('',(8.39999799693526,0.383992786078991,2.85000513795851));
#6068=CARTESIAN_POINT('Origin',(8.39999815274798,0.383992786078991,-2.85000498968705));
#6069=CARTESIAN_POINT('',(8.39999828414518,0.383992780108106,-2.6499985710047));
#6070=CARTESIAN_POINT('',(8.39999815274798,0.383992786078991,-2.85000498968705));
#6071=CARTESIAN_POINT('',(8.39999828414096,0.383992786078991,-2.65000498968707));
#6072=CARTESIAN_POINT('',(8.39999828414518,0.458992779878457,-2.64999857093321));
#6073=CARTESIAN_POINT('',(8.39999815274798,0.933992786078991,-2.85000498968705));
#6074=CARTESIAN_POINT('',(8.39999828414096,0.933992786078991,-2.65000498968707));
#6075=CARTESIAN_POINT('',(8.39999815274798,0.383992786078991,-2.85000498968705));
#6076=CARTESIAN_POINT('Origin',(8.89999815274785,0.383992786078991,-2.85000531816952));
#6077=CARTESIAN_POINT('',(8.39999815274798,0.383992786078991,-2.85000498968705));
#6078=CARTESIAN_POINT('',(8.39999815274798,0.933992786078991,-2.85000498968705));
#6079=CARTESIAN_POINT('Origin',(8.64999821844441,0.933992786078991,-2.7500051539283));
#6080=CARTESIAN_POINT('Origin',(5.00000201528935,0.533992773677923,-1.94999946142207));
#6081=CARTESIAN_POINT('',(5.50000065250475,0.533992773677923,-1.94999902157226));
#6082=CARTESIAN_POINT('',(5.50000201528935,0.533992773677923,-1.94999941789107));
#6083=CARTESIAN_POINT('Origin',(4.99999997111244,0.533992773677923,-1.94999886694385));
#6084=CARTESIAN_POINT('Origin',(3.65000264590113,0.533992773677923,1.60000048383589));
#6085=CARTESIAN_POINT('',(3.50000127097309,0.533992773677923,1.59999992892059));
#6086=CARTESIAN_POINT('',(3.65000276160553,0.533992773677923,1.45000044003176));
#6087=CARTESIAN_POINT('Origin',(3.65000264590113,0.533992773677923,1.60000048383589));
#6088=CARTESIAN_POINT('',(3.50000127097309,0.383992786078991,1.59999992892059));
#6089=CARTESIAN_POINT('',(3.49999994025389,0.633992769773333,1.59999992890962));
#6090=CARTESIAN_POINT('',(3.65000276160553,0.383992774076738,1.45000044003176));
#6091=CARTESIAN_POINT('Origin',(3.65000264590113,0.383992773677923,1.60000048383589));
#6092=CARTESIAN_POINT('',(3.65000276160553,0.533992773677923,1.45000044003176));
#6093=CARTESIAN_POINT('Origin',(4.99999769063004,0.533992773677923,1.45000148136717));
#6094=CARTESIAN_POINT('',(3.65000276160553,0.533992773677923,1.45000044003176));
#6095=CARTESIAN_POINT('',(4.99999769063004,0.383992774076738,1.45000148136717));
#6096=CARTESIAN_POINT('',(3.65000276160553,0.383992773677923,1.45000044003176));
#6097=CARTESIAN_POINT('',(4.99999769063004,0.533992773677923,1.45000148136717));
#6098=CARTESIAN_POINT('Origin',(4.99999696280209,0.533992773677923,1.95000148136664));
#6099=CARTESIAN_POINT('',(5.44999728005599,0.383992774076738,1.73205718923816));
#6100=CARTESIAN_POINT('Origin',(4.99999696280209,0.383992773677923,1.95000148136664));
#6101=CARTESIAN_POINT('',(5.44999728005599,0.533992773677923,1.73205718923816));
#6102=CARTESIAN_POINT('Origin',(4.99999897377642,0.533992773677923,1.95000563347559));
#6103=CARTESIAN_POINT('',(5.49999897377589,0.383992774076738,1.95000636123504));
#6104=CARTESIAN_POINT('Origin',(4.99999897377642,0.383992773677923,1.95000563347559));
#6105=CARTESIAN_POINT('',(5.49999897377589,0.533992773677923,1.95000636123504));
#6106=CARTESIAN_POINT('Origin',(5.49999795481044,0.533992773677923,2.65000733529146));
#6107=CARTESIAN_POINT('',(5.4999989737759,0.383992773677923,1.95000636123504));
#6108=CARTESIAN_POINT('Origin',(8.89999594382645,0.533992773677923,2.65001228454247));
#6109=CARTESIAN_POINT('',(5.49999795481044,0.383992773677923,2.65000733529146));
#6110=CARTESIAN_POINT('Origin',(8.89999980134104,0.533992773677923,6.87857160841521E-6));
#6111=CARTESIAN_POINT('',(8.89999980134104,0.383992774076738,6.87857160800537E-6));
#6112=CARTESIAN_POINT('',(8.89999594382645,0.383992773677923,2.65001228454247));
#6113=CARTESIAN_POINT('',(8.89999980134104,0.533992773677923,6.87857160814047E-6));
#6114=CARTESIAN_POINT('Origin',(8.90000003205582,0.533992773677923,-2.64999852740205));
#6115=CARTESIAN_POINT('',(8.89999980134104,0.383992773677923,6.87857160814047E-6));
#6116=CARTESIAN_POINT('Origin',(5.50000003205586,0.533992773677923,-2.64999882341285));
#6117=CARTESIAN_POINT('',(8.90000003205582,0.383992773677923,-2.64999852740205));
#6118=CARTESIAN_POINT('Origin',(5.49999997111245,0.533992773677923,-1.94999882341285));
#6119=CARTESIAN_POINT('',(5.49999997111245,0.383992774076738,-1.94999882341285));
#6120=CARTESIAN_POINT('',(5.50000003205586,0.383992773677923,-2.64999882341285));
#6121=CARTESIAN_POINT('',(5.49999997111245,0.533992773677923,-1.94999882341285));
#6122=CARTESIAN_POINT('Origin',(4.99999997111244,0.533992773677923,-1.94999886694385));
#6123=CARTESIAN_POINT('',(4.99999992758145,0.383992774076738,-1.44999886694385));
#6124=CARTESIAN_POINT('Origin',(4.99999997111244,0.383992773677923,-1.94999886694385));
#6125=CARTESIAN_POINT('',(4.99999992758145,0.533992773677923,-1.44999886694385));
#6126=CARTESIAN_POINT('Origin',(3.64979476614205,0.533992773677923,-1.44999990792281));
#6127=CARTESIAN_POINT('',(3.64979476614205,0.533992773677923,-1.44999990792281));
#6128=CARTESIAN_POINT('',(4.99999992758145,0.533992773677923,-1.44999886694385));
#6129=CARTESIAN_POINT('',(3.64979476614205,0.383992774076738,-1.4499999079228));
#6130=CARTESIAN_POINT('',(4.99999992758145,0.383992773677923,-1.44999886694385));
#6131=CARTESIAN_POINT('',(3.64979476614205,0.533992773677923,-1.44999990792281));
#6132=CARTESIAN_POINT('Origin',(3.65000507042061,0.533992773677923,-1.59999976049643));
#6133=CARTESIAN_POINT('',(3.50000507045961,0.533992773677923,-1.60000318117909));
#6134=CARTESIAN_POINT('Origin',(3.65000507042061,0.533992773677923,-1.59999976049643));
#6135=CARTESIAN_POINT('',(3.50000507045951,0.383992780108106,-1.60000318117909));
#6136=CARTESIAN_POINT('Origin',(3.65000507042061,0.383992773677923,-1.59999976049643));
#6137=CARTESIAN_POINT('',(3.50000507045961,0.633992769773333,-1.60000318117909));
#6138=CARTESIAN_POINT('Origin',(-3.7088180371076,0.633992769773333,-3.02385868881533));
#6139=CARTESIAN_POINT('',(-3.71827961170204,0.633992769773333,-2.92430730205355));
#6140=CARTESIAN_POINT('',(-3.62221549672915,0.633992769773333,-3.07385868881533));
#6141=CARTESIAN_POINT('Origin',(-3.7088180371076,0.633992769773333,-3.02385868881533));
#6142=CARTESIAN_POINT('',(-3.62221549672915,0.433992772535519,-3.07385868881533));
#6143=CARTESIAN_POINT('',(-3.62221549672915,0.633992769773333,-3.07385868881533));
#6144=CARTESIAN_POINT('',(-3.71827961170204,0.433992772535519,-2.92430730205355));
#6145=CARTESIAN_POINT('Origin',(-3.7088180371076,0.433992772535519,-3.02385868881533));
#6146=CARTESIAN_POINT('',(-3.71827961170204,0.633992769773333,-2.92430730205355));
#6147=CARTESIAN_POINT('Origin',(-3.71802140257616,0.633992769773333,-3.23979938540752));
#6148=CARTESIAN_POINT('',(-3.71802140257616,0.633992769773333,-3.23979938540752));
#6149=CARTESIAN_POINT('',(-3.1768315744347,0.633992769773333,-2.302431106527));
#6150=CARTESIAN_POINT('',(-3.71802140257616,0.433992772535519,-3.23979938540752));
#6151=CARTESIAN_POINT('',(-3.71802140257616,0.633992769773333,-3.23979938540752));
#6152=CARTESIAN_POINT('',(-3.07850308593706,0.433992772535519,-2.13212116861764));
#6153=CARTESIAN_POINT('Origin',(-3.63141886219772,0.633992769773333,-3.28979938540752));
#6154=CARTESIAN_POINT('',(-3.7055300657934,0.633992769773333,-3.35693875796038));
#6155=CARTESIAN_POINT('Origin',(-3.63141886219772,0.633992769773333,-3.28979938540752));
#6156=CARTESIAN_POINT('',(-3.70553009264169,0.433992772377756,-3.35693872945411));
#6157=CARTESIAN_POINT('',(-3.70552947753753,0.633992769773333,-3.35693817221481));
#6158=CARTESIAN_POINT('Origin',(-3.63141886219772,0.433992772535519,-3.28979938540752));
#6159=CARTESIAN_POINT('Origin',(-1.03334265084338,0.633992769773333,-4.78979938540774));
#6160=CARTESIAN_POINT('',(-1.05443153483248,0.633992769773333,-4.88755164402768));
#6161=CARTESIAN_POINT('',(-0.94674011046493,0.633992769773333,-4.83979938540775));
#6162=CARTESIAN_POINT('Origin',(-1.03334265084338,0.633992769773333,-4.78979938540774));
#6163=CARTESIAN_POINT('',(-0.94674011046493,0.433992772535519,-4.83979938540775));
#6164=CARTESIAN_POINT('',(-0.94674011046493,0.633992769773333,-4.83979938540775));
#6165=CARTESIAN_POINT('',(-1.05443153483248,0.433992772535519,-4.88755164402768));
#6166=CARTESIAN_POINT('Origin',(-1.03334265084338,0.433992772535519,-4.78979938540774));
#6167=CARTESIAN_POINT('',(-1.05443128726798,0.633992769773333,-4.88755044378437));
#6168=CARTESIAN_POINT('Origin',(-0.808290375447267,0.633992769773333,-4.5999974100627));
#6169=CARTESIAN_POINT('',(-0.808290375447267,0.633992769773333,-4.5999974100627));
#6170=CARTESIAN_POINT('',(-0.336325414814696,0.633992769773333,-3.7825301188548));
#6171=CARTESIAN_POINT('',(-0.808290375447267,0.433992772535519,-4.5999974100627));
#6172=CARTESIAN_POINT('',(-0.808290375447267,0.633992769773333,-4.5999974100627));
#6173=CARTESIAN_POINT('',(-0.237996926317063,0.433992772535519,-3.61222018094544));
#6174=CARTESIAN_POINT('Origin',(-0.721687835068821,0.633992769773333,-4.64999741006269));
#6175=CARTESIAN_POINT('',(-0.721687835068821,0.633992769773333,-4.54999741006268));
#6176=CARTESIAN_POINT('Origin',(-0.721687835068821,0.633992769773333,-4.64999741006269));
#6177=CARTESIAN_POINT('',(-0.721687835068821,0.433992772535519,-4.54999741006268));
#6178=CARTESIAN_POINT('',(-0.721687835068821,0.633992769773333,-4.54999741006268));
#6179=CARTESIAN_POINT('Origin',(-0.721687835068821,0.433992772535519,-4.64999741006269));
#6180=CARTESIAN_POINT('Origin',(0.721687837903048,0.633992769773333,-4.54999741006269));
#6181=CARTESIAN_POINT('',(0.721687837903048,0.633992769773333,-4.54999741006269));
#6182=CARTESIAN_POINT('',(-2.1391560406988,0.633992769773333,-4.54999741006268));
#6183=CARTESIAN_POINT('',(0.721687837903048,0.433992772535519,-4.54999741006269));
#6184=CARTESIAN_POINT('',(0.721687837903048,0.633992769773333,-4.54999741006269));
#6185=CARTESIAN_POINT('',(-1.74584208670824,0.433992772535519,-4.54999741006268));
#6186=CARTESIAN_POINT('Origin',(0.721687837903048,0.633992769773333,-4.64999741006269));
#6187=CARTESIAN_POINT('',(0.808290378281484,0.633992769773333,-4.59999741006269));
#6188=CARTESIAN_POINT('Origin',(0.721687837903048,0.633992769773333,-4.64999741006269));
#6189=CARTESIAN_POINT('',(0.808290378281484,0.433992772535519,-4.59999741006269));
#6190=CARTESIAN_POINT('',(0.808290378281484,0.633992769773333,-4.59999741006269));
#6191=CARTESIAN_POINT('Origin',(0.721687837903048,0.433992772535519,-4.64999741006269));
#6192=CARTESIAN_POINT('Origin',(0.86782890252599,0.633992769773333,-4.70312115906186));
#6193=CARTESIAN_POINT('',(0.86782890252599,0.633992769773333,-4.70312115906186));
#6194=CARTESIAN_POINT('',(-0.883905300408,0.633992769773333,-1.66902851822353));
#6195=CARTESIAN_POINT('',(0.86782890252599,0.433992772535519,-4.70312115906186));
#6196=CARTESIAN_POINT('',(0.86782890252599,0.633992769773333,-4.70312115906186));
#6197=CARTESIAN_POINT('',(-0.785576811910384,0.433992772535519,-1.83933845613288));
#6198=CARTESIAN_POINT('Origin',(0.954431442904436,0.633992769773333,-4.65312115906186));
#6199=CARTESIAN_POINT('',(0.974524736409436,0.633992769773333,-4.7510816590408));
#6200=CARTESIAN_POINT('Origin',(0.954431442904436,0.633992769773333,-4.65312115906186));
#6201=CARTESIAN_POINT('',(0.974524736409436,0.433992772535519,-4.7510816590408));
#6202=CARTESIAN_POINT('',(0.974524736409436,0.633992769773333,-4.7510816590408));
#6203=CARTESIAN_POINT('Origin',(0.954431442904436,0.433992772535519,-4.65312115906186));
#6204=CARTESIAN_POINT('Origin',(1.41697853450751E-9,0.633992769773333,2.58993731350188E-6));
#6205=CARTESIAN_POINT('',(2.10878002124112,0.633992769773333,-4.36755357203593));
#6206=CARTESIAN_POINT('Origin',(1.41697853450751E-9,0.633992769773333,2.58993731350188E-6));
#6207=CARTESIAN_POINT('',(2.10878002124112,0.433992772535519,-4.36755357203593));
#6208=CARTESIAN_POINT('',(2.10878002124112,0.633992769773333,-4.36755357203593));
#6209=CARTESIAN_POINT('Origin',(1.41697853450751E-9,0.433992772535519,2.58993731350188E-6));
#6210=CARTESIAN_POINT('Origin',(2.06530002083237,0.633992769773333,-4.27750086766535));
#6211=CARTESIAN_POINT('',(2.15190425187465,0.633992769773333,-4.22750379609534));
#6212=CARTESIAN_POINT('Origin',(2.06530002083237,0.633992769773333,-4.27750086766535));
#6213=CARTESIAN_POINT('',(2.15190425187465,0.433992772535519,-4.22750379609534));
#6214=CARTESIAN_POINT('',(2.15190425187465,0.633992769773333,-4.22750379609534));
#6215=CARTESIAN_POINT('Origin',(2.06530002083237,0.433992772535519,-4.27750086766535));
#6216=CARTESIAN_POINT('Origin',(2.08336608292842,0.633992769773333,-4.10878293440805));
#6217=CARTESIAN_POINT('',(2.08336608292842,0.633992769773333,-4.10878293440805));
#6218=CARTESIAN_POINT('',(0.308506181265901,0.633992769773333,-1.03439533200657));
#6219=CARTESIAN_POINT('',(2.08336608292842,0.433992772535519,-4.10878293440805));
#6220=CARTESIAN_POINT('',(2.08336608292842,0.633992769773333,-4.10878293440805));
#6221=CARTESIAN_POINT('',(0.406823152177078,0.433992772535519,-1.20469861971501));
#6222=CARTESIAN_POINT('Origin',(2.16997031397071,0.633992769773333,-4.05878586283807));
#6223=CARTESIAN_POINT('',(2.11997324240072,0.633992769773333,-3.97218163179577));
#6224=CARTESIAN_POINT('Origin',(2.16997031397071,0.633992769773333,-4.05878586283807));
#6225=CARTESIAN_POINT('',(2.11997324240072,0.433992772535519,-3.97218163179577));
#6226=CARTESIAN_POINT('',(2.11997324240072,0.633992769773333,-3.97218163179577));
#6227=CARTESIAN_POINT('Origin',(2.16997031397071,0.433992772535519,-4.05878586283807));
#6228=CARTESIAN_POINT('Origin',(2.37978607025467,0.633992769773333,-3.82219033930718));
#6229=CARTESIAN_POINT('',(2.37978607025467,0.633992769773333,-3.82219033930718));
#6230=CARTESIAN_POINT('',(0.439754441352922,0.633992769773333,-4.94218065653392));
#6231=CARTESIAN_POINT('',(2.37978607025467,0.433992772535519,-3.82219033930718));
#6232=CARTESIAN_POINT('',(2.37978607025467,0.633992769773333,-3.82219033930718));
#6233=CARTESIAN_POINT('',(0.73475142443244,0.433992772535519,-4.77187736882557));
#6234=CARTESIAN_POINT('Origin',(2.42978314182465,0.633992769773333,-3.90879457034947));
#6235=CARTESIAN_POINT('',(2.51638737286695,0.633992769773333,-3.8587974987795));
#6236=CARTESIAN_POINT('Origin',(2.42978314182465,0.633992769773333,-3.90879457034947));
#6237=CARTESIAN_POINT('',(2.51638737286695,0.433992772535519,-3.8587974987795));
#6238=CARTESIAN_POINT('',(2.51638737286695,0.633992769773333,-3.8587974987795));
#6239=CARTESIAN_POINT('Origin',(2.42978314182465,0.433992772535519,-3.90879457034947));
#6240=CARTESIAN_POINT('Origin',(2.58492580154473,0.633992769773333,-3.97751881037023));
#6241=CARTESIAN_POINT('',(2.58492580154473,0.633992769773333,-3.97751881037023));
#6242=CARTESIAN_POINT('',(0.775796685544231,0.633992769773333,-0.843770552173344));
#6243=CARTESIAN_POINT('',(2.58492580154473,0.433992772535519,-3.97751881037023));
#6244=CARTESIAN_POINT('',(2.58492580154473,0.633992769773333,-3.97751881037023));
#6245=CARTESIAN_POINT('',(0.87411365645533,0.433992772535519,-1.01407383988173));
#6246=CARTESIAN_POINT('Origin',(2.67153003258701,0.633992769773333,-3.92752173880023));
#6247=CARTESIAN_POINT('',(2.72777154958064,0.633992769773333,-4.01020723792949));
#6248=CARTESIAN_POINT('Origin',(2.67153003258701,0.633992769773333,-3.92752173880023));
#6249=CARTESIAN_POINT('',(2.72777154958064,0.433992772535519,-4.01020723792949));
#6250=CARTESIAN_POINT('',(2.72777154958064,0.633992769773333,-4.01020723792949));
#6251=CARTESIAN_POINT('Origin',(2.67153003258701,0.433992772535519,-3.92752173880023));
#6252=CARTESIAN_POINT('Origin',(-6.48588183160825E-9,0.633992769773333,
3.07680277367162E-8));
#6253=CARTESIAN_POINT('',(4.16315072087401,0.633992769773333,-2.48810688439514));
#6254=CARTESIAN_POINT('Origin',(-6.48588183160825E-9,0.633992769773333,
3.07680277367162E-8));
#6255=CARTESIAN_POINT('',(4.16315072087401,0.433992772535519,-2.48810688439514));
#6256=CARTESIAN_POINT('',(4.16315072087401,0.633992769773333,-2.48810688439514));
#6257=CARTESIAN_POINT('Origin',(-6.48588183160825E-9,0.433992772535519,
3.07680277367162E-8));
#6258=CARTESIAN_POINT('Origin',(3.99147440202493,0.633992769773333,-2.38550453770449));
#6259=CARTESIAN_POINT('',(4.17964884120204,0.633992769773333,-2.31775219132166));
#6260=CARTESIAN_POINT('Origin',(3.99147440202493,0.633992769773333,-2.38550453770449));
#6261=CARTESIAN_POINT('',(4.17964884120204,0.433992772535519,-2.31775219132166));
#6262=CARTESIAN_POINT('',(4.17964884120204,0.633992769773333,-2.31775219132166));
#6263=CARTESIAN_POINT('Origin',(3.99147440202493,0.433992772535519,-2.38550453770449));
#6264=CARTESIAN_POINT('Origin',(4.36782326915895,0.633992769773333,-2.24999981377599));
#6265=CARTESIAN_POINT('',(4.36782326915895,0.633992769773333,-2.04999981377599));
#6266=CARTESIAN_POINT('Origin',(4.36782326915895,0.633992769773333,-2.24999981377599));
#6267=CARTESIAN_POINT('',(4.36782326915895,0.433992772535519,-2.04999981377599));
#6268=CARTESIAN_POINT('',(4.36782326915895,0.633992769773333,-2.04999981377599));
#6269=CARTESIAN_POINT('Origin',(4.36782326915895,0.433992772535519,-2.24999981377599));
#6270=CARTESIAN_POINT('Origin',(4.49527526763816,0.633992769773333,-2.04999981377599));
#6271=CARTESIAN_POINT('',(4.49527526763816,0.633992769773333,-2.04999981377599));
#6272=CARTESIAN_POINT('',(-0.252362325831242,0.633992769773333,-2.049999813776));
#6273=CARTESIAN_POINT('',(4.49527526763816,0.433992772535519,-2.04999981377599));
#6274=CARTESIAN_POINT('',(4.49527526763816,0.633992769773333,-2.04999981377599));
#6275=CARTESIAN_POINT('',(0.140951628159318,0.433992772535519,-2.049999813776));
#6276=CARTESIAN_POINT('Origin',(4.49527526763816,0.633992769773333,-1.94999981377599));
#6277=CARTESIAN_POINT('',(4.58701558488874,0.633992769773333,-1.98979573788468));
#6278=CARTESIAN_POINT('Origin',(4.49527526763816,0.633992769773333,-1.94999981377599));
#6279=CARTESIAN_POINT('',(4.58701559100421,0.433992771736843,-1.98979573345358));
#6280=CARTESIAN_POINT('',(4.58701558112244,0.633992769773333,-1.98979572916697));
#6281=CARTESIAN_POINT('Origin',(4.49527526763816,0.433992772535519,-1.94999981377599));
#6282=CARTESIAN_POINT('Origin',(3.65000507042586,0.633992769773333,-1.75000001292269));
#6283=CARTESIAN_POINT('',(4.53734498400806,0.633992769773333,-1.75000001292272));
#6284=CARTESIAN_POINT('',(3.81878117828733,0.633992771644781,-1.75000001292269));
#6285=CARTESIAN_POINT('',(-0.67499742443742,0.633992769773333,-1.75000001292255));
#6286=CARTESIAN_POINT('',(3.74103943914496,0.621137342803351,-1.75000001292269));
#6287=CARTESIAN_POINT('Ctrl Pts',(3.81878117751471,0.633992772580505,-1.7500000129227));
#6288=CARTESIAN_POINT('Ctrl Pts',(3.7940495820235,0.633992772659464,-1.75000001292269));
#6289=CARTESIAN_POINT('Ctrl Pts',(3.76532455858594,0.629429598926138,-1.75000001292269));
#6290=CARTESIAN_POINT('Ctrl Pts',(3.74103943914496,0.621137342803356,-1.75000001292269));
#6291=CARTESIAN_POINT('',(3.65000507042586,0.590122556963266,-1.75000001292269));
#6292=CARTESIAN_POINT('Ctrl Pts',(3.74103943914496,0.621137342803351,-1.75000001292269));
#6293=CARTESIAN_POINT('Ctrl Pts',(3.69506432757653,0.605438947688375,-1.75000001292269));
#6294=CARTESIAN_POINT('Ctrl Pts',(3.65000507042586,0.590122556963266,-1.75000001292269));
#6295=CARTESIAN_POINT('',(3.65000507042586,0.383992786078991,-1.75000001292269));
#6296=CARTESIAN_POINT('',(3.65000507042586,0.633992769773333,-1.75000001292269));
#6297=CARTESIAN_POINT('',(3.66317067444596,0.383992779340193,-1.75000001292269));
#6298=CARTESIAN_POINT('',(1.65000253617632,0.383992786078991,-1.75000001292262));
#6299=CARTESIAN_POINT('',(3.77351218877766,0.410692790237221,-1.75000001292269));
#6300=CARTESIAN_POINT('Ctrl Pts',(3.66317067522247,0.383992773082737,-1.75000001292269));
#6301=CARTESIAN_POINT('Ctrl Pts',(3.69135060330085,0.383992772993657,-1.75000001292269));
#6302=CARTESIAN_POINT('Ctrl Pts',(3.72460836565181,0.390111372789483,-1.75000001292269));
#6303=CARTESIAN_POINT('Ctrl Pts',(3.75825909933676,0.403279800939705,-1.75000001292269));
#6304=CARTESIAN_POINT('Ctrl Pts',(3.76592467877059,0.406727413610279,-1.75000001292269));
#6305=CARTESIAN_POINT('Ctrl Pts',(3.77351218877766,0.410692790237229,-1.75000001292269));
#6306=CARTESIAN_POINT('',(3.80529955067526,0.427317768246896,-1.75000001292269));
#6307=CARTESIAN_POINT('Ctrl Pts',(3.7735121887771,0.410692790236928,-1.75000001292269));
#6308=CARTESIAN_POINT('Ctrl Pts',(3.78935092594111,0.418970414660764,-1.75000001292269));
#6309=CARTESIAN_POINT('Ctrl Pts',(3.80529955067494,0.427317768246731,-1.7500000129227));
#6310=CARTESIAN_POINT('',(3.83275405688146,0.433992772535519,-1.75000001292269));
#6311=CARTESIAN_POINT('Ctrl Pts',(3.80529955067526,0.427317768246896,-1.75000001292269));
#6312=CARTESIAN_POINT('Ctrl Pts',(3.80720716432777,0.428316194501739,-1.75000001292269));
#6313=CARTESIAN_POINT('Ctrl Pts',(3.80913474254218,0.429184079603692,-1.75000001292269));
#6314=CARTESIAN_POINT('Ctrl Pts',(3.81750951607546,0.432462597968739,-1.7500000129227));
#6315=CARTESIAN_POINT('Ctrl Pts',(3.82576077270214,0.433992772535519,-1.7500000129227));
#6316=CARTESIAN_POINT('Ctrl Pts',(3.8327540566889,0.433992772535519,-1.7500000129227));
#6317=CARTESIAN_POINT('',(4.53734498400806,0.433992772535519,-1.75000001292272));
#6318=CARTESIAN_POINT('',(-0.281683470446859,0.433992772535519,-1.75000001292256));
#6319=CARTESIAN_POINT('',(4.53734498400806,0.633992769773333,-1.75000001292272));
#6320=CARTESIAN_POINT('Origin',(3.65000507042586,0.633992769773333,-1.60000001292269));
#6321=CARTESIAN_POINT('',(3.52587162496638,0.537206631122219,-1.68420742185063));
#6322=CARTESIAN_POINT('Ctrl Pts',(3.65000507042586,0.590122556963267,-1.75000001292269));
#6323=CARTESIAN_POINT('Ctrl Pts',(3.6474153710951,0.5892422751007,-1.75000001292269));
#6324=CARTESIAN_POINT('Ctrl Pts',(3.64482630021349,0.588351403099466,-1.74993241897223));
#6325=CARTESIAN_POINT('Ctrl Pts',(3.62182710661612,0.580342244167963,-1.74874501792153));
#6326=CARTESIAN_POINT('Ctrl Pts',(3.60179967804993,0.572657502651002,-1.74331442147956));
#6327=CARTESIAN_POINT('Ctrl Pts',(3.5680510830301,0.558523569676712,-1.72697969504785));
#6328=CARTESIAN_POINT('Ctrl Pts',(3.55181251971378,0.551063393705408,-1.71511980518814));
#6329=CARTESIAN_POINT('Ctrl Pts',(3.53396053276641,0.541760671312308,-1.69529022782996));
#6330=CARTESIAN_POINT('Ctrl Pts',(3.5297142569058,0.539434096940817,-1.68987199636191));
#6331=CARTESIAN_POINT('Ctrl Pts',(3.52587162496638,0.537206631122219,-1.68420742185063));
#6332=CARTESIAN_POINT('',(3.51515217170964,0.533992773677923,-1.66568635631178));
#6333=CARTESIAN_POINT('Ctrl Pts',(3.52587162496638,0.537206631122219,-1.68420742185063));
#6334=CARTESIAN_POINT('Ctrl Pts',(3.52334785574551,0.535743672982552,-1.68048703461963));
#6335=CARTESIAN_POINT('Ctrl Pts',(3.52091714555033,0.534825451327684,-1.67654012219676));
#6336=CARTESIAN_POINT('Ctrl Pts',(3.51865312192716,0.534360884127222,-1.67243434452941));
#6337=CARTESIAN_POINT('Ctrl Pts',(3.51743687448627,0.534111315764551,-1.67022869546742));
#6338=CARTESIAN_POINT('Ctrl Pts',(3.51626780745444,0.533992773670962,-1.66797673672173));
#6339=CARTESIAN_POINT('Ctrl Pts',(3.51515217170963,0.53399277367793,-1.66568635631179));
#6340=CARTESIAN_POINT('Origin',(3.65000507042586,0.533992773677923,-1.60000001292269));
#6341=CARTESIAN_POINT('Origin',(3.65000507042586,0.383992786078991,-1.60000001292269));
#6342=CARTESIAN_POINT('Origin',(3.64999998405787,0.633992769773333,1.60000016938784));
#6343=CARTESIAN_POINT('',(3.51514960200961,0.533992773677923,1.66569177922265));
#6344=CARTESIAN_POINT('Origin',(3.64999998405787,0.533992773677923,1.60000016938784));
#6345=CARTESIAN_POINT('',(3.52586945760229,0.537206631122219,1.68421195919848));
#6346=CARTESIAN_POINT('Ctrl Pts',(3.5151496020096,0.53399277367793,1.66569177922265));
#6347=CARTESIAN_POINT('Ctrl Pts',(3.51519131431566,0.53399277367767,1.66577740538438));
#6348=CARTESIAN_POINT('Ctrl Pts',(3.5152331093403,0.533992939563594,1.66586299421134));
#6349=CARTESIAN_POINT('Ctrl Pts',(3.51527498690277,0.533993272143019,1.66594854528683));
#6350=CARTESIAN_POINT('Ctrl Pts',(3.517363294553,0.534009856875212,1.67021471922061));
#6351=CARTESIAN_POINT('Ctrl Pts',(3.51963904726412,0.534439407121102,1.67434714603133));
#6352=CARTESIAN_POINT('Ctrl Pts',(3.52205125836441,0.535366639079352,1.67828923064423));
#6353=CARTESIAN_POINT('Ctrl Pts',(3.52329242146792,0.53584373086242,1.6803175647199));
#6354=CARTESIAN_POINT('Ctrl Pts',(3.52456910130261,0.536452874053951,1.68229519775187));
#6355=CARTESIAN_POINT('Ctrl Pts',(3.52586945760229,0.537206631122221,1.68421195919848));
#6356=CARTESIAN_POINT('',(3.64999998405787,0.590120860661068,1.75000021319201));
#6357=CARTESIAN_POINT('Ctrl Pts',(3.52586945760228,0.53720663112222,1.68421195919848));
#6358=CARTESIAN_POINT('Ctrl Pts',(3.5297112945235,0.539433568258771,1.6898749339513));
#6359=CARTESIAN_POINT('Ctrl Pts',(3.53395655031391,0.541759553017804,1.6952916699589));
#6360=CARTESIAN_POINT('Ctrl Pts',(3.55180733636209,0.551061655744512,1.71511993689037));
#6361=CARTESIAN_POINT('Ctrl Pts',(3.56804589677962,0.558521833645206,1.72697983948028));
#6362=CARTESIAN_POINT('Ctrl Pts',(3.58465031085729,0.565475774808821,1.73501658821841));
#6363=CARTESIAN_POINT('Ctrl Pts',(3.6017944918159,0.572655770750071,1.74331459102903));
#6364=CARTESIAN_POINT('Ctrl Pts',(3.6218219236806,0.580340514761441,1.74874520118312));
#6365=CARTESIAN_POINT('Ctrl Pts',(3.64482115335997,0.588349686471891,1.74993261768697));
#6366=CARTESIAN_POINT('Ctrl Pts',(3.64741025448793,0.589240568767815,1.75000021319201));
#6367=CARTESIAN_POINT('Ctrl Pts',(3.64999998405787,0.590120860661069,1.75000021319201));
#6368=CARTESIAN_POINT('',(3.64999998405787,0.383992786078991,1.75000021319201));
#6369=CARTESIAN_POINT('',(3.64999998405787,0.633992769773333,1.75000021319201));
#6370=CARTESIAN_POINT('Origin',(3.64999998405787,0.383992786078991,1.60000016938784));
#6371=CARTESIAN_POINT('Origin',(4.53734464024074,0.633992769773333,1.75000021319201));
#6372=CARTESIAN_POINT('',(3.74103934546208,0.621137342803351,1.75000021319201));
#6373=CARTESIAN_POINT('Ctrl Pts',(3.64999998405787,0.590120860661068,1.75000021319201));
#6374=CARTESIAN_POINT('Ctrl Pts',(3.69506168713776,0.605438078481007,1.75000021319201));
#6375=CARTESIAN_POINT('Ctrl Pts',(3.74103934546208,0.621137342803351,1.75000021319201));
#6376=CARTESIAN_POINT('',(3.81878108651162,0.633992771644781,1.75000021319201));
#6377=CARTESIAN_POINT('Ctrl Pts',(3.74103934546208,0.621137342803354,1.75000021319201));
#6378=CARTESIAN_POINT('Ctrl Pts',(3.76532446558052,0.629429598949806,1.75000021319201));
#6379=CARTESIAN_POINT('Ctrl Pts',(3.79404948967215,0.633992772580505,1.75000021319201));
#6380=CARTESIAN_POINT('Ctrl Pts',(3.81878108573901,0.633992772580505,1.75000021319201));
#6381=CARTESIAN_POINT('',(4.53734464024074,0.633992769773333,1.75000021319201));
#6382=CARTESIAN_POINT('',(-0.231327639529951,0.633992769773333,1.75000021319201));
#6383=CARTESIAN_POINT('',(4.53734464024074,0.433992772535519,1.75000021319201));
#6384=CARTESIAN_POINT('',(4.53734464024074,0.633992769773333,1.75000021319201));
#6385=CARTESIAN_POINT('',(3.83275396544034,0.433992772535519,1.75000021319201));
#6386=CARTESIAN_POINT('',(0.16198631446061,0.433992772535519,1.75000021319201));
#6387=CARTESIAN_POINT('',(3.80529945857441,0.427317768246896,1.75000021319201));
#6388=CARTESIAN_POINT('Ctrl Pts',(3.83275396524778,0.433992772535519,1.75000021319201));
#6389=CARTESIAN_POINT('Ctrl Pts',(3.82576068104107,0.433992772557805,1.75000021319201));
#6390=CARTESIAN_POINT('Ctrl Pts',(3.81750942415001,0.432462597946888,1.75000021319201));
#6391=CARTESIAN_POINT('Ctrl Pts',(3.80913465041445,0.429184079549735,1.75000021319201));
#6392=CARTESIAN_POINT('Ctrl Pts',(3.80720707221587,0.428316194471792,1.75000021319201));
#6393=CARTESIAN_POINT('Ctrl Pts',(3.80529945857441,0.427317768246897,1.75000021319201));
#6394=CARTESIAN_POINT('',(3.77351209590096,0.410692790237221,1.75000021319201));
#6395=CARTESIAN_POINT('Ctrl Pts',(3.80529945857409,0.42731776824673,1.75000021319201));
#6396=CARTESIAN_POINT('Ctrl Pts',(3.78935083345099,0.418970414659059,1.75000021319201));
#6397=CARTESIAN_POINT('Ctrl Pts',(3.77351209590039,0.410692790236922,1.75000021319201));
#6398=CARTESIAN_POINT('',(3.66317057877165,0.383992779340193,1.75000021319201));
#6399=CARTESIAN_POINT('Ctrl Pts',(3.77351209590096,0.410692790237226,1.75000021319201));
#6400=CARTESIAN_POINT('Ctrl Pts',(3.76592458595225,0.406727413738373,1.75000021319201));
#6401=CARTESIAN_POINT('Ctrl Pts',(3.75825900659627,0.403279801170786,1.75000021319201));
#6402=CARTESIAN_POINT('Ctrl Pts',(3.72460827205609,0.390111372875784,1.75000021319201));
#6403=CARTESIAN_POINT('Ctrl Pts',(3.69135050856993,0.383992773082737,1.75000021319201));
#6404=CARTESIAN_POINT('Ctrl Pts',(3.66317057954816,0.383992773082737,1.75000021319201));
#6405=CARTESIAN_POINT('',(2.09367232108379,0.383992786078991,1.75000021319201));
#6406=CARTESIAN_POINT('Origin',(4.53734464024075,0.633992769773333,1.85000021319201));
#6407=CARTESIAN_POINT('',(4.62994359385856,0.633992769773333,1.88775540461069));
#6408=CARTESIAN_POINT('Origin',(4.53734464024075,0.633992769773333,1.85000021319201));
#6409=CARTESIAN_POINT('',(4.62994361248688,0.433992772180552,1.88775536118704));
#6410=CARTESIAN_POINT('',(4.6299435159009,0.633992769773333,1.88775532180627));
#6411=CARTESIAN_POINT('Origin',(4.53734464024075,0.433992772535519,1.85000021319201));
#6412=CARTESIAN_POINT('Origin',(4.53734498400806,0.633992769773333,-1.85000001292272));
#6413=CARTESIAN_POINT('',(4.62994384605487,0.633992769773333,-1.88775512406308));
#6414=CARTESIAN_POINT('Origin',(4.53734498400806,0.633992769773333,-1.85000001292272));
#6415=CARTESIAN_POINT('',(4.62994384605487,0.43399277123767,-1.88775512406308));
#6416=CARTESIAN_POINT('Origin',(4.53734498400806,0.433992772535519,-1.85000001292272));
#6417=CARTESIAN_POINT('',(4.62994386209715,0.633992769773333,-1.88775511557972));
#6418=CARTESIAN_POINT('Origin',(4.49527498257535,0.633992769773333,1.94999986234478));
#6419=CARTESIAN_POINT('',(4.5870153919351,0.633992769773333,1.98979588665273));
#6420=CARTESIAN_POINT('',(4.49527498257535,0.633992769773333,2.04999986234478));
#6421=CARTESIAN_POINT('Origin',(4.49527498257535,0.633992769773333,1.94999986234478));
#6422=CARTESIAN_POINT('',(4.49527498257535,0.433992772535519,2.04999986234478));
#6423=CARTESIAN_POINT('',(4.49527498257535,0.633992769773333,2.04999986234478));
#6424=CARTESIAN_POINT('',(4.5870153919351,0.433992772535519,1.98979588665273));
#6425=CARTESIAN_POINT('Origin',(4.49527498257535,0.433992772535519,1.94999986234478));
#6426=CARTESIAN_POINT('',(4.58701529477641,0.633992769773333,1.98979578069393));
#6427=CARTESIAN_POINT('Origin',(4.36782451729547,0.633992769773333,2.04999986234478));
#6428=CARTESIAN_POINT('',(4.36782451729547,0.633992769773333,2.04999986234478));
#6429=CARTESIAN_POINT('',(-0.316087701002586,0.633992769773333,2.04999986234479));
#6430=CARTESIAN_POINT('',(4.36782451729547,0.433992772535519,2.04999986234478));
#6431=CARTESIAN_POINT('',(4.36782451729547,0.633992769773333,2.04999986234478));
#6432=CARTESIAN_POINT('',(0.0772262529879744,0.433992772535519,2.04999986234479));
#6433=CARTESIAN_POINT('Origin',(4.36782451729547,0.633992769773333,2.24999986234478));
#6434=CARTESIAN_POINT('',(4.17965052131081,0.633992769773333,2.31775343963165));
#6435=CARTESIAN_POINT('Origin',(4.36782451729547,0.633992769773333,2.24999986234478));
#6436=CARTESIAN_POINT('',(4.17965052131081,0.433992772535519,2.31775343963165));
#6437=CARTESIAN_POINT('',(4.17965052131081,0.633992769773333,2.31775343963165));
#6438=CARTESIAN_POINT('Origin',(4.36782451729547,0.433992772535519,2.24999986234478));
#6439=CARTESIAN_POINT('Origin',(3.99147602150615,0.633992769773333,2.3855056176281));
#6440=CARTESIAN_POINT('',(4.16315188042146,0.633992769773333,2.48810873388531));
#6441=CARTESIAN_POINT('Origin',(3.99147602150615,0.633992769773333,2.3855056176281));
#6442=CARTESIAN_POINT('',(4.16315188042146,0.433992772535519,2.48810873388531));
#6443=CARTESIAN_POINT('',(4.16315188042146,0.633992769773333,2.48810873388531));
#6444=CARTESIAN_POINT('Origin',(3.99147602150615,0.433992772535519,2.3855056176281));
#6445=CARTESIAN_POINT('Origin',(1.1923693632454E-6,0.633992769773333,1.75295153670429E-6));
#6446=CARTESIAN_POINT('',(2.72777155748356,0.633992769773333,4.01020983174306));
#6447=CARTESIAN_POINT('Origin',(1.1923693632454E-6,0.633992769773333,1.75295153670429E-6));
#6448=CARTESIAN_POINT('',(2.72777155748356,0.433992772535519,4.01020983174306));
#6449=CARTESIAN_POINT('',(2.72777155748356,0.633992769773333,4.01020983174306));
#6450=CARTESIAN_POINT('Origin',(1.1923693632454E-6,0.433992772535519,1.75295153670429E-6));
#6451=CARTESIAN_POINT('Origin',(2.67152884498734,0.633992769773333,3.92752514579053));
#6452=CARTESIAN_POINT('',(2.58492461394505,0.633992769773333,3.97752221736052));
#6453=CARTESIAN_POINT('Origin',(2.67152884498734,0.633992769773333,3.92752514579053));
#6454=CARTESIAN_POINT('',(2.58492461394505,0.433992772535519,3.97752221736052));
#6455=CARTESIAN_POINT('',(2.58492461394505,0.633992769773333,3.97752221736052));
#6456=CARTESIAN_POINT('Origin',(2.67152884498734,0.433992772535519,3.92752514579053));
#6457=CARTESIAN_POINT('Origin',(2.51638723813986,0.633992769773333,3.85880272954102));
#6458=CARTESIAN_POINT('',(2.51638723813986,0.633992769773333,3.85880272954102));
#6459=CARTESIAN_POINT('',(0.741526220868641,0.633992769773333,0.784413194695489));
#6460=CARTESIAN_POINT('',(2.51638723813986,0.433992772535519,3.85880272954102));
#6461=CARTESIAN_POINT('',(2.51638723813986,0.633992769773333,3.85880272954102));
#6462=CARTESIAN_POINT('',(0.839843191779713,0.433992772535519,0.95471648240386));
#6463=CARTESIAN_POINT('Origin',(2.42978300709757,0.633992769773333,3.90879980111099));
#6464=CARTESIAN_POINT('',(2.37978593552756,0.633992769773333,3.82219557006868));
#6465=CARTESIAN_POINT('Origin',(2.42978300709757,0.633992769773333,3.90879980111099));
#6466=CARTESIAN_POINT('',(2.37978593552756,0.433992772535519,3.82219557006868));
#6467=CARTESIAN_POINT('',(2.37978593552756,0.633992769773333,3.82219557006868));
#6468=CARTESIAN_POINT('Origin',(2.42978300709757,0.433992772535519,3.90879980111099));
#6469=CARTESIAN_POINT('Origin',(2.11997324240072,0.633992769773333,3.97218678477867));
#6470=CARTESIAN_POINT('',(2.11997324240072,0.633992769773333,3.97218678477867));
#6471=CARTESIAN_POINT('',(0.309849143036587,0.633992769773333,5.01718081171372));
#6472=CARTESIAN_POINT('',(2.11997324240072,0.433992772535519,3.97218678477867));
#6473=CARTESIAN_POINT('',(2.11997324240072,0.633992769773333,3.97218678477867));
#6474=CARTESIAN_POINT('',(0.604846126116048,0.433992772535519,4.84687752400533));
#6475=CARTESIAN_POINT('Origin',(2.16997031397071,0.633992769773333,4.05879101582096));
#6476=CARTESIAN_POINT('',(2.08336608292842,0.633992769773333,4.10878808739093));
#6477=CARTESIAN_POINT('Origin',(2.16997031397071,0.633992769773333,4.05879101582096));
#6478=CARTESIAN_POINT('',(2.08336608292842,0.433992772535519,4.10878808739093));
#6479=CARTESIAN_POINT('',(2.08336608292842,0.633992769773333,4.10878808739093));
#6480=CARTESIAN_POINT('Origin',(2.16997031397071,0.433992772535519,4.05879101582096));
#6481=CARTESIAN_POINT('Origin',(2.15190425187463,0.633992769773333,4.22750894907824));
#6482=CARTESIAN_POINT('',(2.15190425187463,0.633992769773333,4.22750894907824));
#6483=CARTESIAN_POINT('',(0.342774150129947,0.633992769773333,1.09375898338908));
#6484=CARTESIAN_POINT('',(2.15190425187463,0.433992772535519,4.22750894907824));
#6485=CARTESIAN_POINT('',(2.15190425187463,0.633992769773333,4.22750894907824));
#6486=CARTESIAN_POINT('',(0.441091121041049,0.433992772535519,1.26406227109747));
#6487=CARTESIAN_POINT('Origin',(2.06530002083235,0.633992769773333,4.27750602064824));
#6488=CARTESIAN_POINT('',(2.10878002124111,0.633992769773333,4.36755872501883));
#6489=CARTESIAN_POINT('Origin',(2.06530002083235,0.633992769773333,4.27750602064824));
#6490=CARTESIAN_POINT('',(2.10878002124111,0.433992772535519,4.36755872501883));
#6491=CARTESIAN_POINT('',(2.10878002124111,0.633992769773333,4.36755872501883));
#6492=CARTESIAN_POINT('Origin',(2.06530002083235,0.433992772535519,4.27750602064824));
#6493=CARTESIAN_POINT('Origin',(1.41697853450751E-9,0.633992769773333,2.56304557666454E-6));
#6494=CARTESIAN_POINT('',(0.974524736409435,0.633992769773333,4.75108681202368));
#6495=CARTESIAN_POINT('Origin',(1.41697853450751E-9,0.633992769773333,2.56304557666454E-6));
#6496=CARTESIAN_POINT('',(0.974524736409435,0.433992772535519,4.75108681202368));
#6497=CARTESIAN_POINT('',(0.974524736409435,0.633992769773333,4.75108681202368));
#6498=CARTESIAN_POINT('Origin',(1.41697853450751E-9,0.433992772535519,2.56304557666454E-6));
#6499=CARTESIAN_POINT('Origin',(0.954431442904436,0.633992769773333,4.65312631204475));
#6500=CARTESIAN_POINT('',(0.867828902526,0.633992769773333,4.70312631204474));
#6501=CARTESIAN_POINT('Origin',(0.954431442904436,0.633992769773333,4.65312631204475));
#6502=CARTESIAN_POINT('',(0.867828902526,0.433992772535519,4.70312631204474));
#6503=CARTESIAN_POINT('',(0.867828902526,0.633992769773333,4.70312631204474));
#6504=CARTESIAN_POINT('Origin',(0.954431442904436,0.433992772535519,4.65312631204475));
#6505=CARTESIAN_POINT('Origin',(0.808290378281493,0.633992769773333,4.60000256304558));
#6506=CARTESIAN_POINT('',(0.808290378281493,0.633992769773333,4.60000256304558));
#6507=CARTESIAN_POINT('',(-0.913675678183872,0.633992769773333,1.61746986433826));
#6508=CARTESIAN_POINT('',(0.808290378281493,0.433992772535519,4.60000256304558));
#6509=CARTESIAN_POINT('',(0.808290378281493,0.633992769773333,4.60000256304558));
#6510=CARTESIAN_POINT('',(-0.815347189686245,0.433992772535519,1.78777980224762));
#6511=CARTESIAN_POINT('Origin',(0.721687837903048,0.633992769773333,4.65000256304558));
#6512=CARTESIAN_POINT('',(0.721687837903019,0.633992769773333,4.55000256304557));
#6513=CARTESIAN_POINT('Origin',(0.721687837903048,0.633992769773333,4.65000256304558));
#6514=CARTESIAN_POINT('',(0.721687837903019,0.433992772535519,4.55000256304557));
#6515=CARTESIAN_POINT('',(0.721687837903019,0.633992769773333,4.55000256304557));
#6516=CARTESIAN_POINT('Origin',(0.721687837903048,0.433992772535519,4.65000256304558));
#6517=CARTESIAN_POINT('Origin',(-0.721687835068821,0.633992769773333,4.55000256304558));
#6518=CARTESIAN_POINT('',(-0.721687835068821,0.633992769773333,4.55000256304558));
#6519=CARTESIAN_POINT('',(-2.86084387718472,0.633992769773333,4.5500025630456));
#6520=CARTESIAN_POINT('',(-0.721687835068821,0.433992772535519,4.55000256304558));
#6521=CARTESIAN_POINT('',(-0.721687835068821,0.633992769773333,4.55000256304558));
#6522=CARTESIAN_POINT('',(-2.46752992319416,0.433992772535519,4.55000256304559));
#6523=CARTESIAN_POINT('Origin',(-0.721687835068821,0.633992769773333,4.65000256304558));
#6524=CARTESIAN_POINT('',(-0.808290375447271,0.633992769773333,4.60000256304559));
#6525=CARTESIAN_POINT('Origin',(-0.721687835068821,0.633992769773333,4.65000256304558));
#6526=CARTESIAN_POINT('',(-0.808290375447271,0.433992772535519,4.60000256304559));
#6527=CARTESIAN_POINT('',(-0.808290375447271,0.633992769773333,4.60000256304559));
#6528=CARTESIAN_POINT('Origin',(-0.721687835068821,0.433992772535519,4.65000256304558));
#6529=CARTESIAN_POINT('Origin',(-0.946740110464936,0.633992769773333,4.83980453839063));
#6530=CARTESIAN_POINT('',(-0.946740110464936,0.633992769773333,4.83980453839063));
#6531=CARTESIAN_POINT('',(-0.40554916667002,0.633992769773333,3.90243432714167));
#6532=CARTESIAN_POINT('',(-0.946740110464936,0.433992772535519,4.83980453839063));
#6533=CARTESIAN_POINT('',(-0.946740110464936,0.633992769773333,4.83980453839063));
#6534=CARTESIAN_POINT('',(-0.307220678172381,0.433992772535519,3.73212438923231));
#6535=CARTESIAN_POINT('Origin',(-1.03334265084338,0.633992769773333,4.78980453839063));
#6536=CARTESIAN_POINT('',(-1.05443100378635,0.633992769773333,4.88755433547869));
#6537=CARTESIAN_POINT('Origin',(-1.03334265084338,0.633992769773333,4.78980453839063));
#6538=CARTESIAN_POINT('',(-1.05443099289257,0.433992772430344,4.88755433742571));
#6539=CARTESIAN_POINT('',(-1.05443126558933,0.633992769773333,4.88755560144417));
#6540=CARTESIAN_POINT('Origin',(-1.03334265084338,0.433992772535519,4.78980453839063));
#6541=CARTESIAN_POINT('Origin',(-3.63141886219772,0.633992769773333,3.2898045383904));
#6542=CARTESIAN_POINT('',(-3.70552878439549,0.633992769773333,3.35694275008969));
#6543=CARTESIAN_POINT('',(-3.71802140257617,0.633992769773333,3.23980453839041));
#6544=CARTESIAN_POINT('Origin',(-3.63141886219772,0.633992769773333,3.2898045383904));
#6545=CARTESIAN_POINT('',(-3.71802140257617,0.433992772535519,3.23980453839041));
#6546=CARTESIAN_POINT('',(-3.71802140257617,0.633992769773333,3.23980453839041));
#6547=CARTESIAN_POINT('',(-3.70552878439549,0.433992772535519,3.35694275008969));
#6548=CARTESIAN_POINT('Origin',(-3.63141886219772,0.433992772535519,3.2898045383904));
#6549=CARTESIAN_POINT('',(-3.70552942521164,0.633992769773333,3.35694338295716));
#6550=CARTESIAN_POINT('Origin',(-3.62221549672916,0.633992769773333,3.07386384179823));
#6551=CARTESIAN_POINT('',(-3.62221549672916,0.633992769773333,3.07386384179823));
#6552=CARTESIAN_POINT('',(-3.12892750585768,0.633992769773333,2.21946397884521));
#6553=CARTESIAN_POINT('',(-3.62221549672916,0.433992772535519,3.07386384179823));
#6554=CARTESIAN_POINT('',(-3.62221549672916,0.633992769773333,3.07386384179823));
#6555=CARTESIAN_POINT('',(-3.03059901736004,0.433992772535519,2.04915404093585));
#6556=CARTESIAN_POINT('Origin',(-3.7088180371076,0.633992769773333,3.02386384179822));
#6557=CARTESIAN_POINT('',(-3.71827961170204,0.633992769773333,2.92431245503643));
#6558=CARTESIAN_POINT('Origin',(-3.7088180371076,0.633992769773333,3.02386384179822));
#6559=CARTESIAN_POINT('',(-3.71827961170204,0.433992772535519,2.92431245503643));
#6560=CARTESIAN_POINT('',(-3.71827961170204,0.633992769773333,2.92431245503643));
#6561=CARTESIAN_POINT('Origin',(-3.7088180371076,0.433992772535519,3.02386384179822));
#6562=CARTESIAN_POINT('Origin',(-3.74193354818811,0.633992769773333,2.67543398813197));
#6563=CARTESIAN_POINT('',(-3.945299501971,0.633992769773333,2.82083786993015));
#6564=CARTESIAN_POINT('Origin',(-3.74193354818811,0.633992769773333,2.67543398813197));
#6565=CARTESIAN_POINT('',(-3.945299501971,0.433992772535519,2.82083786993015));
#6566=CARTESIAN_POINT('',(-3.945299501971,0.633992769773333,2.82083786993015));
#6567=CARTESIAN_POINT('Origin',(-3.74193354818811,0.433992772535519,2.67543398813197));
#6568=CARTESIAN_POINT('Origin',(1.41697853450751E-9,0.633992769773333,2.56304557666454E-6));
#6569=CARTESIAN_POINT('',(-4.83682810634137,0.633992769773333,0.357205384981238));
#6570=CARTESIAN_POINT('Origin',(1.41697853450751E-9,0.633992769773333,2.56304557666454E-6));
#6571=CARTESIAN_POINT('',(-4.83682810634137,0.433992772535519,0.357205384981238));
#6572=CARTESIAN_POINT('',(-4.83682810634137,0.633992769773333,0.357205384981238));
#6573=CARTESIAN_POINT('Origin',(1.41697853450751E-9,0.433992772535519,2.56304557666454E-6));
#6574=CARTESIAN_POINT('Origin',(-4.73709969174841,0.633992769773333,0.349840378343391));
#6575=CARTESIAN_POINT('',(-4.7370963103217,0.633992769773333,0.249840378400553));
#6576=CARTESIAN_POINT('Origin',(-4.73709969174841,0.633992769773333,0.349840378343391));
#6577=CARTESIAN_POINT('',(-4.7370963103217,0.433992772535519,0.249840378400553));
#6578=CARTESIAN_POINT('',(-4.7370963103217,0.633992769773333,0.249840378400553));
#6579=CARTESIAN_POINT('Origin',(-4.73709969174841,0.433992772535519,0.349840378343391));
#6580=CARTESIAN_POINT('Origin',(-4.59999720597318,0.633992769773333,0.249845014306298));
#6581=CARTESIAN_POINT('',(-4.59999720597318,0.633992769773333,0.249845014306298));
#6582=CARTESIAN_POINT('',(-4.80000278657126,0.633992769773333,0.249838251264157));
#6583=CARTESIAN_POINT('',(-4.59999720597318,0.433992772535519,0.249845014306298));
#6584=CARTESIAN_POINT('',(-4.59999720597318,0.633992769773333,0.249845014306298));
#6585=CARTESIAN_POINT('',(-4.40668883303041,0.433992772535519,0.249851550887269));
#6586=CARTESIAN_POINT('Origin',(-4.59999382454646,0.633992769773333,0.149845014363468));
#6587=CARTESIAN_POINT('',(-4.49999382460362,0.633992769773333,0.14984839579019));
#6588=CARTESIAN_POINT('Origin',(-4.59999382454646,0.633992769773333,0.149845014363468));
#6589=CARTESIAN_POINT('',(-4.49999382460362,0.433992772535519,0.14984839579019));
#6590=CARTESIAN_POINT('',(-4.49999382460362,0.633992769773333,0.14984839579019));
#6591=CARTESIAN_POINT('Origin',(-4.59999382454646,0.433992772535519,0.149845014363468));
#6592=CARTESIAN_POINT('Origin',(-4.49998875767704,0.633992769773333,2.57649144326869E-6));
#6593=CARTESIAN_POINT('',(-4.49998875767704,0.633992769773333,2.57649144330685E-6));
#6594=CARTESIAN_POINT('',(-4.49998875791934,0.633992769773333,9.74200123037704E-6));
#6595=CARTESIAN_POINT('',(-4.49998875767704,0.433992772535519,2.57649144330685E-6));
#6596=CARTESIAN_POINT('',(-4.49998875767704,0.633992769773333,2.57649144330685E-6));
#6597=CARTESIAN_POINT('',(-4.49998875746962,0.433992772535519,-3.55762189738306E-6));
#6598=CARTESIAN_POINT('Origin',(-4.49999382460363,0.633992769773333,-0.149843242807299));
#6599=CARTESIAN_POINT('',(-4.49999382460363,0.633992769773333,-0.149843242807299));
#6600=CARTESIAN_POINT('',(-4.49999129146976,0.633992769773333,-0.07493007515917));
#6601=CARTESIAN_POINT('',(-4.49999382460363,0.433992772535519,-0.149843242807299));
#6602=CARTESIAN_POINT('',(-4.49999382460363,0.633992769773333,-0.149843242807299));
#6603=CARTESIAN_POINT('',(-4.49999129102004,0.433992772535519,-0.074916775536019));
#6604=CARTESIAN_POINT('Origin',(-4.59999382454646,0.633992769773333,-0.149839861380581));
#6605=CARTESIAN_POINT('',(-4.59999720597317,0.633992769773333,-0.249839861323412));
#6606=CARTESIAN_POINT('Origin',(-4.59999382454646,0.633992769773333,-0.149839861380581));
#6607=CARTESIAN_POINT('',(-4.59999720597317,0.433992772535519,-0.249839861323412));
#6608=CARTESIAN_POINT('',(-4.59999720597317,0.633992769773333,-0.249839861323412));
#6609=CARTESIAN_POINT('Origin',(-4.59999382454646,0.433992772535519,-0.149839861380581));
#6610=CARTESIAN_POINT('Origin',(-4.7370963103217,0.633992769773333,-0.249835225417674));
#6611=CARTESIAN_POINT('',(-4.7370963103217,0.633992769773333,-0.249835225417674));
#6612=CARTESIAN_POINT('',(-4.86855233865839,0.633992769773333,-0.249830780328416));
#6613=CARTESIAN_POINT('',(-4.7370963103217,0.433992772535519,-0.249835225417674));
#6614=CARTESIAN_POINT('',(-4.7370963103217,0.633992769773333,-0.249835225417674));
#6615=CARTESIAN_POINT('',(-4.47523838511755,0.433992772535519,-0.249844079951508));
#6616=CARTESIAN_POINT('Origin',(-4.73709969174841,0.633992769773333,-0.349835225360504));
#6617=CARTESIAN_POINT('',(-4.83682810634137,0.633992769773333,-0.357200231998333));
#6618=CARTESIAN_POINT('Origin',(-4.73709969174841,0.633992769773333,-0.349835225360504));
#6619=CARTESIAN_POINT('',(-4.83682810634137,0.433992772535519,-0.357200231998333));
#6620=CARTESIAN_POINT('',(-4.83682810634137,0.633992769773333,-0.357200231998333));
#6621=CARTESIAN_POINT('Origin',(-4.73709969174841,0.433992772535519,-0.349835225360504));
#6622=CARTESIAN_POINT('Origin',(1.41697853450751E-9,0.633992769773333,2.58993731350188E-6));
#6623=CARTESIAN_POINT('',(-3.945299501971,0.633992769773333,-2.82083271694726));
#6624=CARTESIAN_POINT('Origin',(1.41697853450751E-9,0.633992769773333,2.58993731350188E-6));
#6625=CARTESIAN_POINT('',(-3.945299501971,0.433992772535519,-2.82083271694726));
#6626=CARTESIAN_POINT('',(-3.945299501971,0.633992769773333,-2.82083271694726));
#6627=CARTESIAN_POINT('Origin',(1.41697853450751E-9,0.433992772535519,2.58993731350188E-6));
#6628=CARTESIAN_POINT('Origin',(-3.74193354818811,0.633992769773333,-2.67542883514909));
#6629=CARTESIAN_POINT('Origin',(-3.74193354818811,0.633992769773333,-2.67542883514909));
#6630=CARTESIAN_POINT('Origin',(-3.74193354818811,0.433992772535519,-2.67542883514909));
#6631=CARTESIAN_POINT('Origin',(-4.99999991930065,0.633992769773333,0.));
#6632=CARTESIAN_POINT('Origin',(0.,0.633992769773333,0.));
#6633=CARTESIAN_POINT('Origin',(0.,0.633992769773333,0.));
#6634=CARTESIAN_POINT('Origin',(0.,0.633992772580504,0.));
#6635=CARTESIAN_POINT('Origin',(0.,0.633992769773333,0.));
#6636=CARTESIAN_POINT('Origin',(0.,0.633992769773333,0.));
#6637=CARTESIAN_POINT('Origin',(-0.349999998073166,0.383992786078991,0.));
#6638=CARTESIAN_POINT('Origin',(0.,0.383992773082738,0.));
#6639=CARTESIAN_POINT('',(-0.349999998073166,0.383992786078991,0.));
#6640=CARTESIAN_POINT('',(-4.28626377341883E-17,0.383992786078991,0.349999998073166));
#6641=CARTESIAN_POINT('Origin',(0.,0.383992786078991,0.));
#6642=CARTESIAN_POINT('Origin',(0.,0.383992786078991,0.));
#6643=CARTESIAN_POINT('Origin',(0.,0.583992773082741,0.));
#6644=CARTESIAN_POINT('Origin',(0.,0.410692790237221,0.));
#6645=CARTESIAN_POINT('Origin',(0.,0.53399276980666,0.));
#6646=CARTESIAN_POINT('Origin',(0.,0.433992769839986,0.));
#6647=CARTESIAN_POINT('Origin',(0.,0.53399276980666,0.));
#6648=CARTESIAN_POINT('Origin',(0.,0.433992769839986,0.));
#6649=CARTESIAN_POINT('Origin',(0.,0.53399276980666,0.));
#6650=CARTESIAN_POINT('Origin',(0.,0.433992769839986,0.));
#6651=CARTESIAN_POINT('Origin',(0.,0.419005279242059,0.));
#6652=CARTESIAN_POINT('Origin',(0.,0.427317768246896,0.));
#6653=CARTESIAN_POINT('Origin',(0.,0.383992772535521,0.));
#6654=CARTESIAN_POINT('Origin',(0.,0.433992772535519,0.));
#6655=CARTESIAN_POINT('Origin',(0.,0.433992786079017,0.));
#6656=CARTESIAN_POINT('',(-0.299999998248334,0.433992786079017,0.));
#6657=CARTESIAN_POINT('',(0.299999999036583,0.433992786079017,3.6739403856436E-17));
#6658=CARTESIAN_POINT('Origin',(0.,0.433992786079017,0.));
#6659=CARTESIAN_POINT('',(-3.67394037599034E-17,0.433992786079017,0.299999998248334));
#6660=CARTESIAN_POINT('Origin',(0.,0.433992786079017,0.));
#6661=CARTESIAN_POINT('Origin',(-4.28626377556402E-17,0.433992786079017,
0.349999998248334));
#6662=CARTESIAN_POINT('Origin',(0.,0.433992786079017,0.));
#6663=CARTESIAN_POINT('Origin',(0.,0.658992786166614,0.));
#6664=CARTESIAN_POINT('',(-0.299999999824831,0.883992786254211,0.));
#6665=CARTESIAN_POINT('',(0.299999999036583,0.883992786254211,3.6739403856436E-17));
#6666=CARTESIAN_POINT('Origin',(0.,0.883992786254211,0.));
#6667=CARTESIAN_POINT('Origin',(0.,0.883992786254211,0.));
#6668=CARTESIAN_POINT('',(0.299999999036583,0.658992786166614,3.6739403856436E-17));
#6669=CARTESIAN_POINT('Origin',(0.,0.908992786166628,0.));
#6670=CARTESIAN_POINT('',(0.34999999999998,0.933992786079045,-4.28626379701549E-17));
#6671=CARTESIAN_POINT('',(0.324999999912405,0.908992786166628,-3.98010209615617E-17));
#6672=CARTESIAN_POINT('',(-0.34999999999998,0.933992786079045,0.));
#6673=CARTESIAN_POINT('Origin',(0.,0.933992786079045,0.));
#6674=CARTESIAN_POINT('Origin',(0.,0.933992786079045,0.));
#6675=CARTESIAN_POINT('Origin',(-0.449999999999974,0.933992785728705,0.));
#6676=CARTESIAN_POINT('',(-0.449999999999974,0.933992785728705,0.));
#6677=CARTESIAN_POINT('',(-5.51091059616277E-17,0.933992785728705,0.449999999999974));
#6678=CARTESIAN_POINT('Origin',(0.,0.933992785728705,0.));
#6679=CARTESIAN_POINT('Origin',(0.,0.933992785728705,0.));
#6680=CARTESIAN_POINT('Origin',(0.,0.883992785728694,0.));
#6681=CARTESIAN_POINT('',(-0.499999999824808,0.883992785728694,0.));
#6682=CARTESIAN_POINT('',(0.4999999991767,0.883992785728694,6.12323398565425E-17));
#6683=CARTESIAN_POINT('Origin',(0.,0.883992785728694,0.));
#6684=CARTESIAN_POINT('',(-6.12323399359128E-17,0.883992785728694,0.499999999824808));
#6685=CARTESIAN_POINT('Origin',(0.,0.883992785728694,0.));
#6686=CARTESIAN_POINT('Origin',(-5.51091059401761E-17,0.883992785728694,
0.449999999824808));
#6687=CARTESIAN_POINT('Origin',(0.,0.883992785728694,0.));
#6688=CARTESIAN_POINT('Origin',(0.,0.698992785641117,0.));
#6689=CARTESIAN_POINT('',(-0.499999998528592,0.51399278555354,0.));
#6690=CARTESIAN_POINT('',(0.4999999991767,0.51399278555354,6.12323398565425E-17));
#6691=CARTESIAN_POINT('Origin',(0.,0.51399278555354,0.));
#6692=CARTESIAN_POINT('Origin',(0.,0.51399278555354,0.));
#6693=CARTESIAN_POINT('',(0.4999999991767,0.698992785641117,6.12323398565425E-17));
#6694=CARTESIAN_POINT('Origin',(-0.699999998528609,0.513992784852874,0.));
#6695=CARTESIAN_POINT('',(-0.699999998528609,0.513992784852874,0.));
#6696=CARTESIAN_POINT('',(0.699999998563643,0.513992784852874,8.57252757644117E-17));
#6697=CARTESIAN_POINT('Origin',(0.,0.513992784852874,0.));
#6698=CARTESIAN_POINT('Origin',(0.,0.513992784852874,0.));
#6699=CARTESIAN_POINT('Origin',(0.,0.523992784852879,0.));
#6700=CARTESIAN_POINT('',(-0.699999998598678,0.533992784852884,0.));
#6701=CARTESIAN_POINT('',(0.699999998563643,0.533992784852884,8.57252757644117E-17));
#6702=CARTESIAN_POINT('Origin',(0.,0.533992784852884,0.));
#6703=CARTESIAN_POINT('Origin',(0.,0.533992784852884,0.));
#6704=CARTESIAN_POINT('',(0.699999998563643,0.523992784852879,8.57252757644117E-17));
#6705=CARTESIAN_POINT('Origin',(-3.88983365041209,0.533992773677923,0.));
#6706=CARTESIAN_POINT('Origin',(0.,0.533992773677923,0.));
#6707=CARTESIAN_POINT('Origin',(0.,0.583992773677934,0.));
#6708=CARTESIAN_POINT('Origin',(0.,0.537206631122219,0.));
#6709=CARTESIAN_POINT('Origin',(0.,0.579171986962785,0.));
#6710=CARTESIAN_POINT('Origin',(0.,0.621137342803351,0.));
#6711=CARTESIAN_POINT('Origin',(0.,0.43399277258051,0.));
#6712=CARTESIAN_POINT('Origin',(0.,0.53399276980666,0.));
#6713=CARTESIAN_POINT('Origin',(0.,0.433992769839986,0.));
#6714=CARTESIAN_POINT('Origin',(-4.21337201131953,0.433992772535519,0.));
#6715=CARTESIAN_POINT('',(0.,0.,0.));
#6716=CARTESIAN_POINT('',(0.,0.,0.));
#6717=CARTESIAN_POINT('Origin',(6.55000020394013,-2.25000236851028,0.05075));
#6718=CARTESIAN_POINT('',(6.55000020394013,-2.50000236851026,0.5615));
#6719=CARTESIAN_POINT('',(6.30000020394013,-2.25000236851028,0.5615));
#6720=CARTESIAN_POINT('Origin',(6.55000020394013,-2.25000236851028,0.5615));
#6721=CARTESIAN_POINT('',(6.30000020394013,-2.25000236851028,0.1015));
#6722=CARTESIAN_POINT('',(6.30000020394013,-2.25000236851028,0.05075));
#6723=CARTESIAN_POINT('',(6.55000020394013,-2.50000236851028,0.1015));
#6724=CARTESIAN_POINT('Origin',(6.55000020394013,-2.25000236851028,0.1015));
#6725=CARTESIAN_POINT('',(6.55000020394013,-2.50000236851028,0.05075));
#6726=CARTESIAN_POINT('Origin',(7.57500020394013,-2.36851026225153E-6,0.5615));
#6727=CARTESIAN_POINT('',(8.60000020394011,-2.50000236851026,0.5615));
#6728=CARTESIAN_POINT('',(8.85000020394013,-2.50000236851026,0.5615));
#6729=CARTESIAN_POINT('',(8.85000020394013,-2.25000236851028,0.5615));
#6730=CARTESIAN_POINT('Origin',(8.60000020394011,-2.25000236851028,0.5615));
#6731=CARTESIAN_POINT('',(8.85000020394013,2.24999763148974,0.5615));
#6732=CARTESIAN_POINT('',(8.85000020394013,2.49999763148974,0.5615));
#6733=CARTESIAN_POINT('',(8.60000020394014,2.49999763148974,0.5615));
#6734=CARTESIAN_POINT('Origin',(8.60000020394014,2.24999763148974,0.5615));
#6735=CARTESIAN_POINT('',(6.55000020394013,2.49999763148974,0.5615));
#6736=CARTESIAN_POINT('',(6.30000020394013,2.49999763148974,0.5615));
#6737=CARTESIAN_POINT('',(6.30000020394013,2.24999763148974,0.5615));
#6738=CARTESIAN_POINT('Origin',(6.55000020394013,2.24999763148974,0.5615));
#6739=CARTESIAN_POINT('',(6.30000020394013,-2.50000236851026,0.5615));
#6740=CARTESIAN_POINT('Origin',(6.0000002039402,-2.50000236851028,0.));
#6741=CARTESIAN_POINT('',(6.0000002039402,-2.50000236851028,0.1015));
#6742=CARTESIAN_POINT('',(6.0000002039402,-2.50000236851028,0.1015));
#6743=CARTESIAN_POINT('',(6.0000002039402,-2.50000236851028,0.));
#6744=CARTESIAN_POINT('',(6.0000002039402,-2.50000236851028,0.));
#6745=CARTESIAN_POINT('',(8.60000020394011,-2.50000236851028,0.));
#6746=CARTESIAN_POINT('',(6.0000002039402,-2.50000236851028,0.));
#6747=CARTESIAN_POINT('',(8.60000020394011,-2.50000236851028,0.));
#6748=CARTESIAN_POINT('Origin',(6.55000020394013,2.24999763148974,0.05075));
#6749=CARTESIAN_POINT('',(6.55000020394013,2.49999763148974,0.1015));
#6750=CARTESIAN_POINT('',(6.55000020394013,2.49999763148974,0.05075));
#6751=CARTESIAN_POINT('',(6.30000020394013,2.24999763148974,0.1015));
#6752=CARTESIAN_POINT('Origin',(6.55000020394013,2.24999763148974,0.1015));
#6753=CARTESIAN_POINT('',(6.30000020394013,2.24999763148974,0.05075));
#6754=CARTESIAN_POINT('Origin',(8.60000020394014,2.49999763148974,0.));
#6755=CARTESIAN_POINT('',(6.00000020394023,2.49999763148974,0.1015));
#6756=CARTESIAN_POINT('',(8.60000020394014,2.49999763148974,0.1015));
#6757=CARTESIAN_POINT('',(8.60000020394014,2.49999763148974,0.));
#6758=CARTESIAN_POINT('',(8.60000020394014,2.49999763148974,0.));
#6759=CARTESIAN_POINT('',(6.00000020394023,2.49999763148974,0.));
#6760=CARTESIAN_POINT('',(8.60000020394014,2.49999763148974,0.));
#6761=CARTESIAN_POINT('',(6.00000020394023,2.49999763148974,0.));
#6762=CARTESIAN_POINT('Origin',(8.85000020394011,-2.25000236851028,0.));
#6763=CARTESIAN_POINT('',(8.85000020394011,-2.25000236851028,0.));
#6764=CARTESIAN_POINT('',(8.85000020394011,-2.25000236851028,0.));
#6765=CARTESIAN_POINT('',(8.85000020394014,2.24999763148973,0.));
#6766=CARTESIAN_POINT('',(8.85000020394011,-2.25000236851028,0.));
#6767=CARTESIAN_POINT('',(8.85000020394014,2.24999763148973,0.));
#6768=CARTESIAN_POINT('Origin',(6.30000020394013,2.49999763148974,0.1015));
#6769=CARTESIAN_POINT('',(6.30000020394013,1.24999763146783,0.1015));
#6770=CARTESIAN_POINT('Origin',(8.40000020394015,-2.35000236851027,0.));
#6771=CARTESIAN_POINT('',(8.40000020394015,-2.35000236851027,0.));
#6772=CARTESIAN_POINT('',(8.40000020394012,-0.350002368510253,0.));
#6773=CARTESIAN_POINT('',(8.40000020394013,-1.17500236853214,0.));
#6774=CARTESIAN_POINT('',(8.40000020394015,-2.35000236851027,0.05));
#6775=CARTESIAN_POINT('',(8.40000020394015,-2.35000236851027,0.));
#6776=CARTESIAN_POINT('',(8.40000020394012,-0.350002368510253,0.05));
#6777=CARTESIAN_POINT('',(8.40000020394012,-0.350002368510253,0.05));
#6778=CARTESIAN_POINT('',(8.40000020394012,-0.350002368510253,0.));
#6779=CARTESIAN_POINT('Origin',(6.40000020394012,-2.35000236851027,0.));
#6780=CARTESIAN_POINT('',(6.40000020394012,-2.35000236851027,0.));
#6781=CARTESIAN_POINT('',(5.48221118207194,-2.35000236851027,0.));
#6782=CARTESIAN_POINT('',(6.40000020394012,-2.35000236851027,0.05));
#6783=CARTESIAN_POINT('',(6.40000020394012,-2.35000236851027,0.));
#6784=CARTESIAN_POINT('',(8.40000020394015,-2.35000236851027,0.05));
#6785=CARTESIAN_POINT('Origin',(6.40000020394009,-0.350002368510282,0.));
#6786=CARTESIAN_POINT('',(6.40000020394009,-0.350002368510282,0.));
#6787=CARTESIAN_POINT('',(6.40000020394009,-0.175002368532162,0.));
#6788=CARTESIAN_POINT('',(6.40000020394009,-0.350002368510282,0.05));
#6789=CARTESIAN_POINT('',(6.40000020394009,-0.350002368510282,0.));
#6790=CARTESIAN_POINT('',(6.40000020394012,-2.35000236851027,0.05));
#6791=CARTESIAN_POINT('Origin',(8.40000020394012,-0.350002368510253,0.));
#6792=CARTESIAN_POINT('',(6.48221118207194,-0.350002368510281,0.));
#6793=CARTESIAN_POINT('',(6.40000020394009,-0.350002368510282,0.05));
#6794=CARTESIAN_POINT('Origin',(7.40000020394013,-1.35000236851027,0.05));
#6795=CARTESIAN_POINT('Origin',(8.40000020394015,0.349978925670236,0.));
#6796=CARTESIAN_POINT('',(8.40000020394015,0.349978925670236,0.));
#6797=CARTESIAN_POINT('',(8.40000020394015,2.34999763148973,0.));
#6798=CARTESIAN_POINT('',(8.40000020394015,0.174988278558084,0.));
#6799=CARTESIAN_POINT('',(8.40000020394015,0.349978925670236,0.05));
#6800=CARTESIAN_POINT('',(8.40000020394015,0.349978925670236,0.));
#6801=CARTESIAN_POINT('',(8.40000020394015,2.34999763148973,0.05));
#6802=CARTESIAN_POINT('',(8.40000020394015,2.34999763148973,0.05));
#6803=CARTESIAN_POINT('',(8.40000020394015,2.34999763148973,0.));
#6804=CARTESIAN_POINT('Origin',(6.40000020394015,0.349978925670264,0.));
#6805=CARTESIAN_POINT('',(6.40000020394015,0.349978925670264,0.));
#6806=CARTESIAN_POINT('',(5.48221118207196,0.349978925670277,0.));
#6807=CARTESIAN_POINT('',(6.40000020394015,0.349978925670264,0.05));
#6808=CARTESIAN_POINT('',(6.40000020394015,0.349978925670264,0.));
#6809=CARTESIAN_POINT('',(8.40000020394015,0.349978925670236,0.05));
#6810=CARTESIAN_POINT('Origin',(6.40000020394012,2.34999763148974,0.));
#6811=CARTESIAN_POINT('',(6.40000020394012,2.34999763148974,0.));
#6812=CARTESIAN_POINT('',(6.40000020394014,1.17499763146785,0.));
#6813=CARTESIAN_POINT('',(6.40000020394012,2.34999763148974,0.05));
#6814=CARTESIAN_POINT('',(6.40000020394012,2.34999763148974,0.));
#6815=CARTESIAN_POINT('',(6.40000020394015,0.349978925670264,0.05));
#6816=CARTESIAN_POINT('Origin',(8.40000020394015,2.34999763148973,0.));
#6817=CARTESIAN_POINT('',(6.48221118207196,2.34999763148974,0.));
#6818=CARTESIAN_POINT('',(6.40000020394012,2.34999763148974,0.05));
#6819=CARTESIAN_POINT('Origin',(7.40000020394015,1.34998827858,0.05));
#6820=CARTESIAN_POINT('Origin',(0.,0.,0.));
#6821=CARTESIAN_POINT('',(0.57499766248836,7.0416904688358E-17,0.));
#6822=CARTESIAN_POINT('Origin',(0.,0.,0.));
#6823=CARTESIAN_POINT('',(0.57499766248836,7.0416904688358E-17,0.1015));
#6824=CARTESIAN_POINT('',(0.57499766248836,7.0416904688358E-17,0.));
#6825=CARTESIAN_POINT('Origin',(0.,0.,0.1015));
#6826=CARTESIAN_POINT('Origin',(6.0000002039402,-2.25000236851028,0.));
#6827=CARTESIAN_POINT('',(5.7500002039402,-2.25000236851028,0.));
#6828=CARTESIAN_POINT('Origin',(6.0000002039402,-2.25000236851028,0.));
#6829=CARTESIAN_POINT('',(5.7500002039402,-2.25000236851028,0.1015));
#6830=CARTESIAN_POINT('Origin',(6.0000002039402,-2.25000236851028,0.1015));
#6831=CARTESIAN_POINT('',(5.7500002039402,-2.25000236851028,0.));
#6832=CARTESIAN_POINT('Origin',(5.7500002039402,-1.45000236861387,0.));
#6833=CARTESIAN_POINT('',(5.7500002039402,-1.45000236861387,0.));
#6834=CARTESIAN_POINT('',(5.7500002039402,-1.45000236861387,0.));
#6835=CARTESIAN_POINT('',(5.7500002039402,-1.45000236861387,0.1015));
#6836=CARTESIAN_POINT('',(5.7500002039402,-1.45000236861387,0.1015));
#6837=CARTESIAN_POINT('',(5.7500002039402,-1.45000236861387,0.));
#6838=CARTESIAN_POINT('Origin',(5.45000020394019,-1.45000236861387,0.));
#6839=CARTESIAN_POINT('',(5.45000020394065,-1.15000236861387,0.));
#6840=CARTESIAN_POINT('Origin',(5.45000020394019,-1.45000236861387,0.));
#6841=CARTESIAN_POINT('',(5.45000020394065,-1.15000236861387,0.1015));
#6842=CARTESIAN_POINT('Origin',(5.45000020394019,-1.45000236861387,0.1015));
#6843=CARTESIAN_POINT('',(5.45000020394065,-1.15000236861387,0.));
#6844=CARTESIAN_POINT('Origin',(1.17772003867876,-1.15000236860899,0.));
#6845=CARTESIAN_POINT('',(1.17772003867876,-1.15000236860899,0.));
#6846=CARTESIAN_POINT('',(1.17772003867876,-1.15000236860899,0.));
#6847=CARTESIAN_POINT('',(1.17772003867876,-1.15000236860899,0.1015));
#6848=CARTESIAN_POINT('',(1.17772003867876,-1.15000236860899,0.1015));
#6849=CARTESIAN_POINT('',(1.17772003867876,-1.15000236860899,0.));
#6850=CARTESIAN_POINT('Origin',(1.17772003867844,-1.35000236860901,0.));
#6851=CARTESIAN_POINT('',(1.02112846075841,-1.22558742688369,0.));
#6852=CARTESIAN_POINT('Origin',(1.17772003867844,-1.35000236860901,0.));
#6853=CARTESIAN_POINT('',(1.02112846075841,-1.22558742688369,0.1015));
#6854=CARTESIAN_POINT('Origin',(1.17772003867844,-1.35000236860901,0.1015));
#6855=CARTESIAN_POINT('',(1.02112846075841,-1.22558742688369,0.));
#6856=CARTESIAN_POINT('Origin',(0.864536882838536,-1.10117248515849,0.));
#6857=CARTESIAN_POINT('',(0.988042180949725,-1.25848250180862,0.));
#6858=CARTESIAN_POINT('Origin',(0.864536882838536,-1.10117248515849,0.));
#6859=CARTESIAN_POINT('',(0.988042180949725,-1.25848250180862,0.1015));
#6860=CARTESIAN_POINT('Origin',(0.864536882838536,-1.10117248515849,0.1015));
#6861=CARTESIAN_POINT('',(0.988042180949725,-1.25848250180862,0.));
#6862=CARTESIAN_POINT('Origin',(-2.03939976017864E-7,-2.36861052371751E-6,
0.));
#6863=CARTESIAN_POINT('',(0.988042180951607,1.25847776458938,0.));
#6864=CARTESIAN_POINT('Origin',(-2.03939976017864E-7,-2.36861052371751E-6,
0.));
#6865=CARTESIAN_POINT('',(0.988042180951606,1.25847776458938,0.1015));
#6866=CARTESIAN_POINT('Origin',(-2.03939976017864E-7,-2.36861052371751E-6,
0.1015));
#6867=CARTESIAN_POINT('',(0.988042180951607,1.25847776458938,0.));
#6868=CARTESIAN_POINT('Origin',(0.864536882840184,1.10116774793943,0.));
#6869=CARTESIAN_POINT('',(1.02112846076024,1.22558268966442,0.));
#6870=CARTESIAN_POINT('Origin',(0.864536882840184,1.10116774793943,0.));
#6871=CARTESIAN_POINT('',(1.02112846076024,1.22558268966442,0.1015));
#6872=CARTESIAN_POINT('Origin',(0.864536882840184,1.10116774793943,0.1015));
#6873=CARTESIAN_POINT('',(1.02112846076024,1.22558268966442,0.));
#6874=CARTESIAN_POINT('Origin',(1.17772003868046,1.3499976313895,0.));
#6875=CARTESIAN_POINT('',(1.17772003868046,1.14999763138948,0.));
#6876=CARTESIAN_POINT('Origin',(1.17772003868046,1.3499976313895,0.));
#6877=CARTESIAN_POINT('',(1.17772003868046,1.14999763138948,0.1015));
#6878=CARTESIAN_POINT('Origin',(1.17772003868046,1.3499976313895,0.1015));
#6879=CARTESIAN_POINT('',(1.17772003868046,1.14999763138948,0.));
#6880=CARTESIAN_POINT('Origin',(5.45000020394019,1.14999763138948,0.));
#6881=CARTESIAN_POINT('',(5.45000020394019,1.14999763138948,0.));
#6882=CARTESIAN_POINT('',(5.45000020394019,1.14999763138948,0.));
#6883=CARTESIAN_POINT('',(5.45000020394019,1.14999763138948,0.1015));
#6884=CARTESIAN_POINT('',(5.45000020394019,1.14999763138948,0.1015));
#6885=CARTESIAN_POINT('',(5.45000020394019,1.14999763138948,0.));
#6886=CARTESIAN_POINT('Origin',(5.45000020394019,1.44999763138949,0.));
#6887=CARTESIAN_POINT('',(5.75000020394019,1.44999763138948,0.));
#6888=CARTESIAN_POINT('Origin',(5.45000020394019,1.44999763138949,0.));
#6889=CARTESIAN_POINT('',(5.75000020394019,1.44999763138948,0.1015));
#6890=CARTESIAN_POINT('Origin',(5.45000020394019,1.44999763138949,0.1015));
#6891=CARTESIAN_POINT('',(5.75000020394019,1.44999763138948,0.));
#6892=CARTESIAN_POINT('Origin',(5.75000020394023,2.24999763148976,0.));
#6893=CARTESIAN_POINT('',(5.75000020394023,2.24999763148976,0.));
#6894=CARTESIAN_POINT('',(5.75000020394023,2.24999763148976,0.));
#6895=CARTESIAN_POINT('',(5.75000020394023,2.24999763148976,0.1015));
#6896=CARTESIAN_POINT('',(5.75000020394023,2.24999763148976,0.1015));
#6897=CARTESIAN_POINT('',(5.75000020394023,2.24999763148976,0.));
#6898=CARTESIAN_POINT('Origin',(6.00000020394023,2.24999763148974,0.));
#6899=CARTESIAN_POINT('Origin',(6.00000020394023,2.24999763148974,0.));
#6900=CARTESIAN_POINT('Origin',(6.00000020394023,2.24999763148974,0.1015));
#6901=CARTESIAN_POINT('Origin',(8.60000020394014,2.24999763148974,0.));
#6902=CARTESIAN_POINT('Origin',(8.60000020394014,2.24999763148974,0.));
#6903=CARTESIAN_POINT('Origin',(8.60000020394011,-2.25000236851028,0.));
#6904=CARTESIAN_POINT('Origin',(8.60000020394011,-2.25000236851028,0.));
#6905=CARTESIAN_POINT('Origin',(4.56442216020376,-2.36855406834173E-6,0.1015));
#6906=CARTESIAN_POINT('Origin',(4.56442216020376,-2.36855406834173E-6,0.));
#6907=CARTESIAN_POINT('',(0.,0.,0.));
#6908=CARTESIAN_POINT('Origin',(8.40000020394015,-2.35000236851027,0.));
#6909=CARTESIAN_POINT('',(8.40000020394012,-0.350002368510253,0.));
#6910=CARTESIAN_POINT('',(8.40000020394015,-2.35000236851027,0.));
#6911=CARTESIAN_POINT('',(8.40000020394012,-0.350002368510253,0.));
#6912=CARTESIAN_POINT('',(8.40000020394012,-0.350002368510253,0.02));
#6913=CARTESIAN_POINT('',(8.40000020394012,-0.350002368510253,0.));
#6914=CARTESIAN_POINT('',(8.40000020394015,-2.35000236851027,0.02));
#6915=CARTESIAN_POINT('',(8.40000020394012,-0.350002368510253,0.02));
#6916=CARTESIAN_POINT('',(8.40000020394015,-2.35000236851027,0.));
#6917=CARTESIAN_POINT('Origin',(6.40000020394012,-2.35000236851027,0.));
#6918=CARTESIAN_POINT('',(6.40000020394012,-2.35000236851027,0.));
#6919=CARTESIAN_POINT('',(8.40000020394015,-2.35000236851027,0.));
#6920=CARTESIAN_POINT('',(6.40000020394012,-2.35000236851027,0.02));
#6921=CARTESIAN_POINT('',(8.40000020394015,-2.35000236851027,0.02));
#6922=CARTESIAN_POINT('',(6.40000020394012,-2.35000236851027,0.));
#6923=CARTESIAN_POINT('Origin',(6.40000020394009,-0.350002368510282,0.));
#6924=CARTESIAN_POINT('',(6.40000020394009,-0.350002368510282,0.));
#6925=CARTESIAN_POINT('',(6.40000020394012,-2.35000236851027,0.));
#6926=CARTESIAN_POINT('',(6.40000020394009,-0.350002368510282,0.02));
#6927=CARTESIAN_POINT('',(6.40000020394012,-2.35000236851027,0.02));
#6928=CARTESIAN_POINT('',(6.40000020394009,-0.350002368510282,0.));
#6929=CARTESIAN_POINT('Origin',(8.40000020394012,-0.350002368510253,0.));
#6930=CARTESIAN_POINT('',(6.40000020394009,-0.350002368510282,0.));
#6931=CARTESIAN_POINT('',(6.40000020394009,-0.350002368510282,0.02));
#6932=CARTESIAN_POINT('Origin',(7.40000020394013,-1.35000236851027,0.));
#6933=CARTESIAN_POINT('Origin',(7.40000020394013,-1.35000236851027,0.02));
#6934=CARTESIAN_POINT('Origin',(8.40000020394015,0.349978925670236,0.));
#6935=CARTESIAN_POINT('',(8.40000020394015,2.34999763148973,0.));
#6936=CARTESIAN_POINT('',(8.40000020394015,0.349978925670236,0.));
#6937=CARTESIAN_POINT('',(8.40000020394015,2.34999763148973,0.));
#6938=CARTESIAN_POINT('',(8.40000020394015,2.34999763148973,0.02));
#6939=CARTESIAN_POINT('',(8.40000020394015,2.34999763148973,0.));
#6940=CARTESIAN_POINT('',(8.40000020394015,0.349978925670236,0.02));
#6941=CARTESIAN_POINT('',(8.40000020394015,2.34999763148973,0.02));
#6942=CARTESIAN_POINT('',(8.40000020394015,0.349978925670236,0.));
#6943=CARTESIAN_POINT('Origin',(6.40000020394015,0.349978925670264,0.));
#6944=CARTESIAN_POINT('',(6.40000020394015,0.349978925670264,0.));
#6945=CARTESIAN_POINT('',(8.40000020394015,0.349978925670236,0.));
#6946=CARTESIAN_POINT('',(6.40000020394015,0.349978925670264,0.02));
#6947=CARTESIAN_POINT('',(8.40000020394015,0.349978925670236,0.02));
#6948=CARTESIAN_POINT('',(6.40000020394015,0.349978925670264,0.));
#6949=CARTESIAN_POINT('Origin',(6.40000020394012,2.34999763148974,0.));
#6950=CARTESIAN_POINT('',(6.40000020394012,2.34999763148974,0.));
#6951=CARTESIAN_POINT('',(6.40000020394015,0.349978925670264,0.));
#6952=CARTESIAN_POINT('',(6.40000020394012,2.34999763148974,0.02));
#6953=CARTESIAN_POINT('',(6.40000020394015,0.349978925670264,0.02));
#6954=CARTESIAN_POINT('',(6.40000020394012,2.34999763148974,0.));
#6955=CARTESIAN_POINT('Origin',(8.40000020394015,2.34999763148973,0.));
#6956=CARTESIAN_POINT('',(6.40000020394012,2.34999763148974,0.));
#6957=CARTESIAN_POINT('',(6.40000020394012,2.34999763148974,0.02));
#6958=CARTESIAN_POINT('Origin',(7.40000020394015,1.34998827858,0.));
#6959=CARTESIAN_POINT('Origin',(7.40000020394015,1.34998827858,0.02));
#6960=CARTESIAN_POINT('',(-12.0765796337454,4.08905692635712,-0.28075));
#6961=CARTESIAN_POINT('',(-12.0765796337454,4.08905692635712,-0.25075));
#6962=CARTESIAN_POINT('',(0.,0.,0.));
#6963=CARTESIAN_POINT('Origin',(4.7550936519484,1.08370902197402,3.85));
#6964=CARTESIAN_POINT('',(4.64515877016061,1.85,3.85));
#6965=CARTESIAN_POINT('',(4.48330235429198,1.85,3.85));
#6966=CARTESIAN_POINT('',(4.61919800312019,1.85,3.85));
#6967=CARTESIAN_POINT('',(4.52596674755792,2.125,3.85));
#6968=CARTESIAN_POINT('Origin',(0.,0.,3.85));
#6969=CARTESIAN_POINT('',(4.35968748880009,2.125,3.85));
#6970=CARTESIAN_POINT('',(4.52596674755792,2.125,3.85));
#6971=CARTESIAN_POINT('Origin',(0.,0.,3.85));
#6972=CARTESIAN_POINT('Origin',(4.7550936519484,1.08370902197402,3.85));
#6973=CARTESIAN_POINT('',(4.48330235429198,-1.85,3.85));
#6974=CARTESIAN_POINT('',(4.64515877016061,-1.85,3.85));
#6975=CARTESIAN_POINT('',(4.7001262110545,-1.85,3.85));
#6976=CARTESIAN_POINT('',(4.35968748880009,-2.125,3.85));
#6977=CARTESIAN_POINT('Origin',(0.,0.,3.85));
#6978=CARTESIAN_POINT('',(4.52596674755792,-2.125,3.85));
#6979=CARTESIAN_POINT('',(4.35968748880009,-2.125,3.85));
#6980=CARTESIAN_POINT('Origin',(0.,0.,3.85));
#6981=CARTESIAN_POINT('Origin',(4.52596674755792,-2.125,3.98));
#6982=CARTESIAN_POINT('',(4.52596674755792,-2.125,3.98));
#6983=CARTESIAN_POINT('',(4.35968748880009,-2.125,3.98));
#6984=CARTESIAN_POINT('',(2.26298337377896,-2.125,3.98));
#6985=CARTESIAN_POINT('',(4.52596674755792,-2.125,0.));
#6986=CARTESIAN_POINT('',(4.35968748880009,-2.125,0.));
#6987=CARTESIAN_POINT('Origin',(4.35968748880009,2.125,3.98));
#6988=CARTESIAN_POINT('',(4.35968748880009,2.125,3.98));
#6989=CARTESIAN_POINT('',(4.52596674755792,2.125,3.98));
#6990=CARTESIAN_POINT('',(2.17984374440004,2.125,3.98));
#6991=CARTESIAN_POINT('',(4.35968748880009,2.125,0.));
#6992=CARTESIAN_POINT('',(4.52596674755792,2.125,0.));
#6993=CARTESIAN_POINT('Origin',(4.64515877016061,-1.85,3.98));
#6994=CARTESIAN_POINT('',(4.64515877016061,-1.85,3.8));
#6995=CARTESIAN_POINT('',(4.64515877016061,-1.85,0.));
#6996=CARTESIAN_POINT('',(4.48330235429198,-1.85,3.8));
#6997=CARTESIAN_POINT('',(4.48330235429198,-1.85,3.8));
#6998=CARTESIAN_POINT('',(4.48330235429198,-1.85,0.));
#6999=CARTESIAN_POINT('Origin',(-2.36064120735332E-16,9.25185853854297E-17,
3.98));
#7000=CARTESIAN_POINT('',(-0.931010413782703,4.91255733904737,3.98));
#7001=CARTESIAN_POINT('Origin',(0.,0.,3.98));
#7002=CARTESIAN_POINT('',(-0.851408933953949,4.7746835316263,3.98));
#7003=CARTESIAN_POINT('',(0.24896575123082,2.86877866952369,3.98));
#7004=CARTESIAN_POINT('Origin',(0.,0.,3.98));
#7005=CARTESIAN_POINT('Origin',(0.,0.,0.));
#7006=CARTESIAN_POINT('',(4.85,5.93953697586466E-16,0.35));
#7007=CARTESIAN_POINT('Origin',(0.,0.,0.35));
#7008=CARTESIAN_POINT('',(4.85,5.93953697586466E-16,3.73));
#7009=CARTESIAN_POINT('',(4.85,5.93953697586466E-16,0.));
#7010=CARTESIAN_POINT('',(4.67252608339429,1.3,3.73));
#7011=CARTESIAN_POINT('Origin',(0.,0.,3.73));
#7012=CARTESIAN_POINT('',(4.67252608339429,1.3,3.8));
#7013=CARTESIAN_POINT('',(4.67252608339429,1.3,0.));
#7014=CARTESIAN_POINT('',(4.48330235429198,1.85,3.8));
#7015=CARTESIAN_POINT('Origin',(0.,0.,3.8));
#7016=CARTESIAN_POINT('',(4.48330235429198,1.85,0.));
#7017=CARTESIAN_POINT('',(-0.851408933953949,4.7746835316263,3.8));
#7018=CARTESIAN_POINT('',(-0.851408933953949,4.7746835316263,0.));
#7019=CARTESIAN_POINT('',(-3.7092927664426,3.1246835316263,3.8));
#7020=CARTESIAN_POINT('Origin',(0.,0.,3.8));
#7021=CARTESIAN_POINT('',(-3.7092927664426,3.1246835316263,3.98));
#7022=CARTESIAN_POINT('',(-3.7092927664426,3.1246835316263,0.));
#7023=CARTESIAN_POINT('',(-3.7092927664426,-3.1246835316263,3.98));
#7024=CARTESIAN_POINT('Origin',(0.,0.,3.98));
#7025=CARTESIAN_POINT('',(-3.7092927664426,-3.1246835316263,3.8));
#7026=CARTESIAN_POINT('',(-3.7092927664426,-3.1246835316263,0.));
#7027=CARTESIAN_POINT('',(-0.851408933953954,-4.7746835316263,3.8));
#7028=CARTESIAN_POINT('Origin',(0.,0.,3.8));
#7029=CARTESIAN_POINT('',(-0.851408933953954,-4.7746835316263,3.98));
#7030=CARTESIAN_POINT('',(-0.851408933953954,-4.7746835316263,0.));
#7031=CARTESIAN_POINT('Origin',(0.,0.,3.98));
#7032=CARTESIAN_POINT('',(4.67252608339429,-1.3,3.8));
#7033=CARTESIAN_POINT('Origin',(0.,0.,3.8));
#7034=CARTESIAN_POINT('',(4.67252608339429,-1.3,3.73));
#7035=CARTESIAN_POINT('',(4.67252608339429,-1.3,0.));
#7036=CARTESIAN_POINT('Origin',(0.,0.,3.73));
#7037=CARTESIAN_POINT('Origin',(-3.4,0.,0.));
#7038=CARTESIAN_POINT('',(-3.75,4.28626379701574E-17,0.));
#7039=CARTESIAN_POINT('Origin',(-3.4,0.,0.));
#7040=CARTESIAN_POINT('',(-3.75,4.28626379701574E-17,0.15));
#7041=CARTESIAN_POINT('',(-3.75,-4.28626379701574E-17,0.));
#7042=CARTESIAN_POINT('Origin',(-3.4,0.,0.15));
#7043=CARTESIAN_POINT('Origin',(0.,0.,0.2));
#7044=CARTESIAN_POINT('',(4.8,5.87830463590729E-16,0.));
#7045=CARTESIAN_POINT('Origin',(0.,0.,0.));
#7046=CARTESIAN_POINT('',(5.,-6.12323399573677E-16,0.2));
#7047=CARTESIAN_POINT('Origin',(4.8,-5.87830463590729E-16,0.2));
#7048=CARTESIAN_POINT('Origin',(0.,0.,0.2));
#7049=CARTESIAN_POINT('Origin',(0.,0.,0.));
#7050=CARTESIAN_POINT('',(-0.931010413782708,-4.91255733904737,3.98));
#7051=CARTESIAN_POINT('Origin',(0.,0.,3.98));
#7052=CARTESIAN_POINT('',(-0.931010413782708,-4.91255733904737,3.8));
#7053=CARTESIAN_POINT('',(-0.931010413782707,-4.91255733904737,0.));
#7054=CARTESIAN_POINT('',(-3.78889424627135,-3.26255733904737,3.8));
#7055=CARTESIAN_POINT('Origin',(0.,0.,3.8));
#7056=CARTESIAN_POINT('',(-3.78889424627135,-3.26255733904737,3.98));
#7057=CARTESIAN_POINT('',(-3.78889424627135,-3.26255733904737,0.));
#7058=CARTESIAN_POINT('',(-3.78889424627135,3.26255733904737,3.98));
#7059=CARTESIAN_POINT('Origin',(0.,0.,3.98));
#7060=CARTESIAN_POINT('',(-3.78889424627135,3.26255733904737,3.8));
#7061=CARTESIAN_POINT('',(-3.78889424627135,3.26255733904737,0.));
#7062=CARTESIAN_POINT('',(-0.931010413782703,4.91255733904737,3.8));
#7063=CARTESIAN_POINT('Origin',(0.,0.,3.8));
#7064=CARTESIAN_POINT('',(-0.931010413782702,4.91255733904737,0.));
#7065=CARTESIAN_POINT('',(4.64515877016061,1.85,3.8));
#7066=CARTESIAN_POINT('',(4.64515877016061,1.85,0.));
#7067=CARTESIAN_POINT('',(4.82804308182932,1.3,3.8));
#7068=CARTESIAN_POINT('Origin',(0.,0.,3.8));
#7069=CARTESIAN_POINT('',(4.82804308182932,1.3,3.73));
#7070=CARTESIAN_POINT('',(4.82804308182932,1.3,0.));
#7071=CARTESIAN_POINT('',(5.,6.12323399573677E-16,3.73));
#7072=CARTESIAN_POINT('Origin',(0.,0.,3.73));
#7073=CARTESIAN_POINT('',(5.,6.12323399573677E-16,0.));
#7074=CARTESIAN_POINT('',(4.82804308182932,-1.3,3.73));
#7075=CARTESIAN_POINT('Origin',(0.,0.,3.73));
#7076=CARTESIAN_POINT('',(4.82804308182932,-1.3,3.8));
#7077=CARTESIAN_POINT('',(4.82804308182932,-1.3,0.));
#7078=CARTESIAN_POINT('Origin',(0.,0.,3.8));
#7079=CARTESIAN_POINT('Origin',(-2.36064120735332E-16,9.25185853854297E-17,
0.));
#7080=CARTESIAN_POINT('Origin',(0.,0.,0.35));
#7081=CARTESIAN_POINT('',(4.65,-5.69460761603519E-16,0.15));
#7082=CARTESIAN_POINT('Origin',(4.65,-5.69460761603519E-16,0.35));
#7083=CARTESIAN_POINT('Origin',(0.,0.,0.15));
#7084=CARTESIAN_POINT('Origin',(-2.36064120735332E-16,9.25185853854297E-17,
0.15));
#7085=CARTESIAN_POINT('Origin',(4.82804308182932,-1.3,3.8));
#7086=CARTESIAN_POINT('',(4.80960748727973,-1.3,3.8));
#7087=CARTESIAN_POINT('',(4.67252608339429,-1.3,3.73));
#7088=CARTESIAN_POINT('Origin',(4.67252608339429,1.3,3.8));
#7089=CARTESIAN_POINT('',(4.7318489880622,1.3,3.8));
#7090=CARTESIAN_POINT('',(4.82804308182932,1.3,3.73));
#7091=CARTESIAN_POINT('Origin',(4.85809780549514,-1.27554471576218E-15,
3.73));
#7092=CARTESIAN_POINT('Origin',(4.79117189273012,6.26394743509781E-16,3.8));
#7093=CARTESIAN_POINT('Origin',(-0.931010413782703,4.91255733904737,3.98));
#7094=CARTESIAN_POINT('',(-0.851408933953949,4.7746835316263,3.8));
#7095=CARTESIAN_POINT('Origin',(-3.7092927664426,3.1246835316263,3.98));
#7096=CARTESIAN_POINT('',(-2.56911734134347,1.14984176581315,3.98));
#7097=CARTESIAN_POINT('',(-3.78889424627135,3.26255733904737,3.8));
#7098=CARTESIAN_POINT('Origin',(-3.13510405675284,3.76032259325898,3.8));
#7099=CARTESIAN_POINT('Origin',(-3.78889424627135,-3.26255733904737,3.98));
#7100=CARTESIAN_POINT('',(-2.60891808125786,-1.21877866952368,3.98));
#7101=CARTESIAN_POINT('',(-3.7092927664426,-3.1246835316263,3.8));
#7102=CARTESIAN_POINT('Origin',(-0.851408933953954,-4.7746835316263,3.98));
#7103=CARTESIAN_POINT('',(0.288766491145191,-2.79984176581316,3.98));
#7104=CARTESIAN_POINT('',(-0.931010413782708,-4.91255733904737,3.8));
#7105=CARTESIAN_POINT('Origin',(-1.68898286381044,-4.5952410532851,3.8));
#7106=CARTESIAN_POINT('Origin',(4.48330235429198,1.85,3.98));
#7107=CARTESIAN_POINT('',(4.64515877016061,1.85,3.8));
#7108=CARTESIAN_POINT('Origin',(4.79117189273012,6.26394743509781E-16,3.8));
#7109=CARTESIAN_POINT('Origin',(-2.36064120735332E-16,9.25185853854297E-17,
3.98));
#7110=CARTESIAN_POINT('Origin',(-2.36064120735332E-16,9.25185853854297E-17,
3.98));
#7111=CARTESIAN_POINT('',(0.,0.,0.));
#7112=CARTESIAN_POINT('Origin',(0.,0.,0.01));
#7113=CARTESIAN_POINT('',(4.5,5.51091059616309E-16,0.34));
#7114=CARTESIAN_POINT('Origin',(0.,0.,0.34));
#7115=CARTESIAN_POINT('',(4.5,5.51091059616309E-16,-0.01));
#7116=CARTESIAN_POINT('',(4.5,5.51091059616309E-16,0.01));
#7117=CARTESIAN_POINT('Origin',(0.,0.,-0.01));
#7118=CARTESIAN_POINT('Origin',(-2.51521111380092E-16,1.02798428206033E-16,
-0.01));
#7119=CARTESIAN_POINT('Origin',(-2.51521111380092E-16,1.02798428206033E-16,
0.34));
#7120=CARTESIAN_POINT('',(0.,0.,0.));
#7121=CARTESIAN_POINT('Origin',(0.,0.,0.));
#7122=CARTESIAN_POINT('',(4.,4.89858719658941E-16,0.1));
#7123=CARTESIAN_POINT('Origin',(0.,0.,0.1));
#7124=CARTESIAN_POINT('',(4.,4.89858719658941E-16,0.));
#7125=CARTESIAN_POINT('',(4.,4.89858719658941E-16,0.));
#7126=CARTESIAN_POINT('Origin',(0.,0.,0.));
#7127=CARTESIAN_POINT('Origin',(-2.72118023435153E-16,0.,0.));
#7128=CARTESIAN_POINT('Origin',(-2.72118023435153E-16,0.,0.1));
#7129=CARTESIAN_POINT('',(-15.6398809818098,-3.8949674805588,-0.327256180074007));
#7130=CARTESIAN_POINT('',(-3.51330175066295,-3.03022470688088,-4.41631140877814));
#7131=CARTESIAN_POINT('',(-15.6398809803928,0.53902528921453,-0.327253617028432));
#7132=CARTESIAN_POINT('',(-15.6398809803928,0.87902528921453,-0.327253617028432));
#7133=CARTESIAN_POINT('',(-15.6398809818098,-3.61097469447981,-0.327256180074007));
#7134=CARTESIAN_POINT('',(0.,0.,0.));
#7135=UNCERTAINTY_MEASURE_WITH_UNIT(LENGTH_MEASURE(0.01),#7155,
'DISTANCE_ACCURACY_VALUE',
'Maximum model space distance between geometric entities at asserted c
onnectivities');
#7136=UNCERTAINTY_MEASURE_WITH_UNIT(LENGTH_MEASURE(0.01),#7155,
'DISTANCE_ACCURACY_VALUE',
'Maximum model space distance between geometric entities at asserted c
onnectivities');
#7137=UNCERTAINTY_MEASURE_WITH_UNIT(LENGTH_MEASURE(0.01),#7155,
'DISTANCE_ACCURACY_VALUE',
'Maximum model space distance between geometric entities at asserted c
onnectivities');
#7138=UNCERTAINTY_MEASURE_WITH_UNIT(LENGTH_MEASURE(0.01),#7155,
'DISTANCE_ACCURACY_VALUE',
'Maximum model space distance between geometric entities at asserted c
onnectivities');
#7139=UNCERTAINTY_MEASURE_WITH_UNIT(LENGTH_MEASURE(0.01),#7155,
'DISTANCE_ACCURACY_VALUE',
'Maximum model space distance between geometric entities at asserted c
onnectivities');
#7140=UNCERTAINTY_MEASURE_WITH_UNIT(LENGTH_MEASURE(0.01),#7155,
'DISTANCE_ACCURACY_VALUE',
'Maximum model space distance between geometric entities at asserted c
onnectivities');
#7141=UNCERTAINTY_MEASURE_WITH_UNIT(LENGTH_MEASURE(0.01),#7155,
'DISTANCE_ACCURACY_VALUE',
'Maximum model space distance between geometric entities at asserted c
onnectivities');
#7142=UNCERTAINTY_MEASURE_WITH_UNIT(LENGTH_MEASURE(0.01),#7155,
'DISTANCE_ACCURACY_VALUE',
'Maximum model space distance between geometric entities at asserted c
onnectivities');
#7143=UNCERTAINTY_MEASURE_WITH_UNIT(LENGTH_MEASURE(0.01),#7155,
'DISTANCE_ACCURACY_VALUE',
'Maximum model space distance between geometric entities at asserted c
onnectivities');
#7144=UNCERTAINTY_MEASURE_WITH_UNIT(LENGTH_MEASURE(0.01),#7155,
'DISTANCE_ACCURACY_VALUE',
'Maximum model space distance between geometric entities at asserted c
onnectivities');
#7145=(
GEOMETRIC_REPRESENTATION_CONTEXT(3)
GLOBAL_UNCERTAINTY_ASSIGNED_CONTEXT((#7135))
GLOBAL_UNIT_ASSIGNED_CONTEXT((#7155,#7157,#7158))
REPRESENTATION_CONTEXT('','3D')
);
#7146=(
GEOMETRIC_REPRESENTATION_CONTEXT(3)
GLOBAL_UNCERTAINTY_ASSIGNED_CONTEXT((#7136))
GLOBAL_UNIT_ASSIGNED_CONTEXT((#7155,#7157,#7158))
REPRESENTATION_CONTEXT('','3D')
);
#7147=(
GEOMETRIC_REPRESENTATION_CONTEXT(3)
GLOBAL_UNCERTAINTY_ASSIGNED_CONTEXT((#7137))
GLOBAL_UNIT_ASSIGNED_CONTEXT((#7155,#7157,#7158))
REPRESENTATION_CONTEXT('','3D')
);
#7148=(
GEOMETRIC_REPRESENTATION_CONTEXT(3)
GLOBAL_UNCERTAINTY_ASSIGNED_CONTEXT((#7138))
GLOBAL_UNIT_ASSIGNED_CONTEXT((#7155,#7157,#7158))
REPRESENTATION_CONTEXT('','3D')
);
#7149=(
GEOMETRIC_REPRESENTATION_CONTEXT(3)
GLOBAL_UNCERTAINTY_ASSIGNED_CONTEXT((#7139))
GLOBAL_UNIT_ASSIGNED_CONTEXT((#7155,#7157,#7158))
REPRESENTATION_CONTEXT('','3D')
);
#7150=(
GEOMETRIC_REPRESENTATION_CONTEXT(3)
GLOBAL_UNCERTAINTY_ASSIGNED_CONTEXT((#7140))
GLOBAL_UNIT_ASSIGNED_CONTEXT((#7155,#7157,#7158))
REPRESENTATION_CONTEXT('','3D')
);
#7151=(
GEOMETRIC_REPRESENTATION_CONTEXT(3)
GLOBAL_UNCERTAINTY_ASSIGNED_CONTEXT((#7141))
GLOBAL_UNIT_ASSIGNED_CONTEXT((#7155,#7157,#7158))
REPRESENTATION_CONTEXT('','3D')
);
#7152=(
GEOMETRIC_REPRESENTATION_CONTEXT(3)
GLOBAL_UNCERTAINTY_ASSIGNED_CONTEXT((#7142))
GLOBAL_UNIT_ASSIGNED_CONTEXT((#7155,#7157,#7158))
REPRESENTATION_CONTEXT('','3D')
);
#7153=(
GEOMETRIC_REPRESENTATION_CONTEXT(3)
GLOBAL_UNCERTAINTY_ASSIGNED_CONTEXT((#7143))
GLOBAL_UNIT_ASSIGNED_CONTEXT((#7155,#7157,#7158))
REPRESENTATION_CONTEXT('','3D')
);
#7154=(
GEOMETRIC_REPRESENTATION_CONTEXT(3)
GLOBAL_UNCERTAINTY_ASSIGNED_CONTEXT((#7144))
GLOBAL_UNIT_ASSIGNED_CONTEXT((#7155,#7157,#7158))
REPRESENTATION_CONTEXT('','3D')
);
#7155=(
LENGTH_UNIT()
NAMED_UNIT(*)
SI_UNIT(.MILLI.,.METRE.)
);
#7156=(
LENGTH_UNIT()
NAMED_UNIT(*)
SI_UNIT(.CENTI.,.METRE.)
);
#7157=(
NAMED_UNIT(*)
PLANE_ANGLE_UNIT()
SI_UNIT($,.RADIAN.)
);
#7158=(
NAMED_UNIT(*)
SI_UNIT($,.STERADIAN.)
SOLID_ANGLE_UNIT()
);
#7159=SHAPE_DEFINITION_REPRESENTATION(#7168,#7185);
#7160=SHAPE_DEFINITION_REPRESENTATION(#7169,#7186);
#7161=SHAPE_DEFINITION_REPRESENTATION(#7170,#7187);
#7162=SHAPE_DEFINITION_REPRESENTATION(#7171,#7188);
#7163=SHAPE_DEFINITION_REPRESENTATION(#7172,#7189);
#7164=SHAPE_DEFINITION_REPRESENTATION(#7173,#7190);
#7165=SHAPE_DEFINITION_REPRESENTATION(#7176,#7191);
#7166=SHAPE_DEFINITION_REPRESENTATION(#7177,#7192);
#7167=SHAPE_DEFINITION_REPRESENTATION(#7178,#7193);
#7168=PRODUCT_DEFINITION_SHAPE('',$,#7195);
#7169=PRODUCT_DEFINITION_SHAPE('',$,#7196);
#7170=PRODUCT_DEFINITION_SHAPE('',$,#7197);
#7171=PRODUCT_DEFINITION_SHAPE('',$,#7198);
#7172=PRODUCT_DEFINITION_SHAPE('',$,#7199);
#7173=PRODUCT_DEFINITION_SHAPE('',$,#7200);
#7174=PRODUCT_DEFINITION_SHAPE($,$,#35);
#7175=PRODUCT_DEFINITION_SHAPE($,$,#36);
#7176=PRODUCT_DEFINITION_SHAPE('',$,#7201);
#7177=PRODUCT_DEFINITION_SHAPE('',$,#7202);
#7178=PRODUCT_DEFINITION_SHAPE('',$,#7203);
#7179=PRODUCT_DEFINITION_SHAPE($,$,#37);
#7180=PRODUCT_DEFINITION_SHAPE($,$,#38);
#7181=PRODUCT_DEFINITION_SHAPE($,$,#39);
#7182=PRODUCT_DEFINITION_SHAPE($,$,#40);
#7183=PRODUCT_DEFINITION_SHAPE($,$,#41);
#7184=PRODUCT_DEFINITION_SHAPE($,$,#42);
#7185=SHAPE_REPRESENTATION('',(#4157,#4589),#7145);
#7186=SHAPE_REPRESENTATION('',(#4158,#4584,#4585,#4586,#4587,#4588),#7146);
#7187=SHAPE_REPRESENTATION('',(#4159),#7147);
#7188=SHAPE_REPRESENTATION('',(#4434,#4512,#4513),#7148);
#7189=SHAPE_REPRESENTATION('',(#4435),#7149);
#7190=SHAPE_REPRESENTATION('',(#4499),#7150);
#7191=SHAPE_REPRESENTATION('',(#4514),#7151);
#7192=SHAPE_REPRESENTATION('',(#4572),#7152);
#7193=SHAPE_REPRESENTATION('',(#4578),#7153);
#7194=PRODUCT_DEFINITION_CONTEXT('part definition',#7223,'design');
#7195=PRODUCT_DEFINITION('\X2\C870B9BDD488\X0\5','\X2\C870B9BDD488\X0\5',
#7204,#7194);
#7196=PRODUCT_DEFINITION('23.08.07_LM1040 SB Motor',
'23.08.07_LM1040 SB Motor',#7205,#7194);
#7197=PRODUCT_DEFINITION('Case B(\X2\C808ACE1\X0\ 0.55)',
'Case B(\X2\C808ACE1\X0\ 0.55)',#7206,#7194);
#7198=PRODUCT_DEFINITION('16.05.26_FPCB(\X2\C870B9BDD488\X0\)',
'16.05.26_FPCB(\X2\C870B9BDD488\X0\)',#7207,#7194);
#7199=PRODUCT_DEFINITION('16.05.26_FPCB(\X2\BCF8CCB4\X0\)',
'16.05.26_FPCB(\X2\BCF8CCB4\X0\)',#7208,#7194);
#7200=PRODUCT_DEFINITION('16.05.26_FPCB(\X2\B2E8C790\X0\)',
'16.05.26_FPCB(\X2\B2E8C790\X0\)',#7209,#7194);
#7201=PRODUCT_DEFINITION('Case A(\X2\C870B9BDB450AED8\X0\ 4.05)',
'Case A(\X2\C870B9BDB450AED8\X0\ 4.05)',#7210,#7194);
#7202=PRODUCT_DEFINITION('\X2\C0C1\X0\ \X2\D3ECB860\X0\(9pi 0.33t)',
'\X2\C0C1\X0\ \X2\D3ECB860\X0\(9pi 0.35t)',#7211,#7194);
#7203=PRODUCT_DEFINITION('\X2\D558\X0\ tape(8pi 0.1t)',
'\X2\D558\X0\ tape(8pi 0.1t)',#7212,#7194);
#7204=PRODUCT_DEFINITION_FORMATION('',$,#7225);
#7205=PRODUCT_DEFINITION_FORMATION('',$,#7226);
#7206=PRODUCT_DEFINITION_FORMATION('',$,#7227);
#7207=PRODUCT_DEFINITION_FORMATION('',$,#7228);
#7208=PRODUCT_DEFINITION_FORMATION('',$,#7229);
#7209=PRODUCT_DEFINITION_FORMATION('',$,#7230);
#7210=PRODUCT_DEFINITION_FORMATION('',$,#7231);
#7211=PRODUCT_DEFINITION_FORMATION('',$,#7232);
#7212=PRODUCT_DEFINITION_FORMATION('',$,#7233);
#7213=PRODUCT_RELATED_PRODUCT_CATEGORY('\X2\C870B9BDD488\X0\5',
'\X2\C870B9BDD488\X0\5',(#7225));
#7214=PRODUCT_RELATED_PRODUCT_CATEGORY('23.08.07_LM1040 SB Motor',
'23.08.07_LM1040 SB Motor',(#7226));
#7215=PRODUCT_RELATED_PRODUCT_CATEGORY('Case B(\X2\C808ACE1\X0\ 0.55)',
'Case B(\X2\C808ACE1\X0\ 0.55)',(#7227));
#7216=PRODUCT_RELATED_PRODUCT_CATEGORY('16.05.26_FPCB(\X2\C870B9BDD488\X0\)',
'16.05.26_FPCB(\X2\C870B9BDD488\X0\)',(#7228));
#7217=PRODUCT_RELATED_PRODUCT_CATEGORY('16.05.26_FPCB(\X2\BCF8CCB4\X0\)',
'16.05.26_FPCB(\X2\BCF8CCB4\X0\)',(#7229));
#7218=PRODUCT_RELATED_PRODUCT_CATEGORY('16.05.26_FPCB(\X2\B2E8C790\X0\)',
'16.05.26_FPCB(\X2\B2E8C790\X0\)',(#7230));
#7219=PRODUCT_RELATED_PRODUCT_CATEGORY('Case A(\X2\C870B9BDB450AED8\X0\ 
4.05)','Case A(\X2\C870B9BDB450AED8\X0\ 4.05)',(#7231));
#7220=PRODUCT_RELATED_PRODUCT_CATEGORY('\X2\C0C1\X0\ \X2\D3ECB860\X0\(
9pi 0.35t)','\X2\C0C1\X0\ \X2\D3ECB860\X0\(9pi 0.35t)',(#7232));
#7221=PRODUCT_RELATED_PRODUCT_CATEGORY('\X2\D558\X0\ tape(8pi 0.1t)',
'\X2\D558\X0\ tape(8pi 0.1t)',(#7233));
#7222=APPLICATION_PROTOCOL_DEFINITION('international standard',
'automotive_design',2009,#7223);
#7223=APPLICATION_CONTEXT(
'Core Data for Automotive Mechanical Design Process');
#7224=PRODUCT_CONTEXT('part definition',#7223,'mechanical');
#7225=PRODUCT('\X2\C870B9BDD488\X0\5','\X2\C870B9BDD488\X0\5',$,(#7224));
#7226=PRODUCT('23.08.07_LM1040 SB Motor','23.08.07_LM1040 SB Motor',$,(#7224));
#7227=PRODUCT('Case B(\X2\C808ACE1\X0\ 0.55)','Case B(\X2\C808ACE1\X0\ 
0.55)',$,(#7224));
#7228=PRODUCT('16.05.26_FPCB(\X2\C870B9BDD488\X0\)',
'16.05.26_FPCB(\X2\C870B9BDD488\X0\)',$,(#7224));
#7229=PRODUCT('16.05.26_FPCB(\X2\BCF8CCB4\X0\)','16.05.26_FPCB(\X2\BCF8CCB4\X0\)',
$,(#7224));
#7230=PRODUCT('16.05.26_FPCB(\X2\B2E8C790\X0\)','16.05.26_FPCB(\X2\B2E8C790\X0\)',
$,(#7224));
#7231=PRODUCT('Case A(\X2\C870B9BDB450AED8\X0\ 4.05)',
'Case A(\X2\C870B9BDB450AED8\X0\ 4.05)',$,(#7224));
#7232=PRODUCT('\X2\C0C1\X0\ \X2\D3ECB860\X0\(9pi 0.33t)',
'\X2\C0C1\X0\ \X2\D3ECB860\X0\(9pi 0.35t)',$,(#7224));
#7233=PRODUCT('\X2\D558\X0\ tape(8pi 0.1t)','\X2\D558\X0\ tape(8pi 0.1
t)',$,(#7224));
ENDSEC;
END-ISO-10303-21;
