ISO-10303-21;
HEADER;
/* Generated by software containing ST-Developer
 * from STEP Tools, Inc. (www.steptools.com) 
 */
/* OPTION: using custom renumber hook */

FILE_DESCRIPTION(
/* description */ ('STEP AP242 Edition 2',
'CAx-IF Rec.Pracs.---Representation and Presentation of Product Manufa
cturing Information (PMI)---4.0---2014-10-13',
'CAx-IF Rec.Pracs.---3D Tessellated Geometry---0.4---2014-09-14','2;1',
'CAx-IF Rec.Pracs.---User Defined Attributes---1.5---2016-08-15'),
/* implementation_level */ '2;1');

FILE_NAME(
/* name */ '6a148a72972e92915d883c0d',
/* time_stamp */ '2026-05-25T17:44:19Z',
/* author */ (''),
/* organization */ (''),
/* preprocessor_version */ 'ST-DEVELOPER v20',
/* originating_system */ 'ONSHAPE BY PTC INC, 1.215',
/* authorisation */ '  ');

FILE_SCHEMA (('AP242_MANAGED_MODEL_BASED_3D_ENGINEERING_MIM_LF { 1 0 10303 442 3 1 4 }'));
ENDSEC;

DATA;
#10=B_SPLINE_CURVE_WITH_KNOTS('',3,(#5351,#5352,#5353,#5354,#5355,#5356,
#5357,#5358,#5359,#5360,#5361,#5362),.UNSPECIFIED.,.F.,.F.,(4,1,1,1,1,1,
1,1,1,4),(0.,0.111111111111,0.222222222222,0.333333333333,0.444444444444,
0.555555555556,0.666666666667,0.777777777778,0.888888888889,1.),
 .UNSPECIFIED.);
#11=B_SPLINE_CURVE_WITH_KNOTS('',3,(#5374,#5375,#5376,#5377),
 .UNSPECIFIED.,.F.,.F.,(4,4),(4.75744529003492E-16,0.000135495215966924),
 .UNSPECIFIED.);
#12=B_SPLINE_CURVE_WITH_KNOTS('',3,(#5413,#5414,#5415,#5416,#5417,#5418,
#5419,#5420,#5421,#5422,#5423,#5424),.UNSPECIFIED.,.F.,.F.,(4,1,1,1,1,1,
1,1,1,4),(0.,0.111111111111,0.222222222222,0.333333333333,0.444444444444,
0.555555555556,0.666666666667,0.777777777778,0.888888888889,1.),
 .UNSPECIFIED.);
#13=B_SPLINE_CURVE_WITH_KNOTS('',3,(#5436,#5437,#5438,#5439),
 .UNSPECIFIED.,.F.,.F.,(4,4),(0.,0.000135495216628954),.UNSPECIFIED.);
#14=B_SPLINE_CURVE_WITH_KNOTS('',3,(#5475,#5476,#5477,#5478,#5479,#5480,
#5481,#5482,#5483,#5484,#5485,#5486,#5487,#5488,#5489,#5490,#5491,#5492),
 .UNSPECIFIED.,.F.,.F.,(4,1,1,1,1,1,1,1,1,1,1,1,1,1,1,4),(0.,0.06666666666667,
0.133333333333,0.2,0.266666666667,0.333333333333,0.4,0.466666666667,0.533333333333,
0.6,0.666666666667,0.733333333333,0.8,0.866666666667,0.933333333333,1.),
 .UNSPECIFIED.);
#15=B_SPLINE_CURVE_WITH_KNOTS('',3,(#5510,#5511,#5512,#5513,#5514,#5515,
#5516,#5517,#5518,#5519,#5520,#5521,#5522,#5523,#5524,#5525,#5526,#5527),
 .UNSPECIFIED.,.F.,.F.,(4,1,1,1,1,1,1,1,1,1,1,1,1,1,1,4),(0.,0.06666666666667,
0.133333333333,0.2,0.266666666667,0.333333333333,0.4,0.466666666667,0.533333333333,
0.6,0.666666666667,0.733333333333,0.8,0.866666666667,0.933333333333,1.),
 .UNSPECIFIED.);
#16=DEGENERATE_TOROIDAL_SURFACE('',#3463,9.99999999984889E-5,0.00014999999999998,
 .T.);
#17=DEGENERATE_TOROIDAL_SURFACE('',#3468,0.00010000000000127,0.000149999999999237,
 .T.);
#18=DEGENERATE_TOROIDAL_SURFACE('',#3473,9.99999999984889E-5,0.00014999999999998,
 .T.);
#19=DEGENERATE_TOROIDAL_SURFACE('',#3478,0.00010000000000127,0.000149999999999237,
 .T.);
#20=DEGENERATE_TOROIDAL_SURFACE('',#3580,0.000139999999440214,0.000160000000001529,
 .T.);
#21=DEGENERATE_TOROIDAL_SURFACE('',#3585,0.000139999999441143,0.00015999999999949,
 .T.);
#22=DEGENERATE_TOROIDAL_SURFACE('',#3598,0.000149999999720323,0.000149999999720508,
 .T.);
#23=TOROIDAL_SURFACE('',#3438,0.0003,0.00015);
#24=TOROIDAL_SURFACE('',#3443,0.0003,0.00015);
#25=TOROIDAL_SURFACE('',#3448,0.0003,0.00015);
#26=TOROIDAL_SURFACE('',#3453,0.0003,0.00015);
#27=TOROIDAL_SURFACE('',#3590,0.000149999999719345,0.000149999999719095);
#28=SPHERICAL_SURFACE('',#3394,0.0002);
#29=SPHERICAL_SURFACE('',#3408,0.0002);
#30=ELLIPSE('',#3387,0.000276190476190603,0.0002);
#31=ELLIPSE('',#3388,0.000276190476190603,0.0002);
#32=ELLIPSE('',#3401,0.000276190476190603,0.0002);
#33=ELLIPSE('',#3402,0.000276190476190603,0.0002);
#34=OVER_RIDING_STYLED_ITEM('',(#3174),#3014,#3165);
#35=OVER_RIDING_STYLED_ITEM('',(#3175),#3019,#3165);
#36=LINE('',#4598,#325);
#37=LINE('',#4603,#326);
#38=LINE('',#4607,#327);
#39=LINE('',#4609,#328);
#40=LINE('',#4611,#329);
#41=LINE('',#4613,#330);
#42=LINE('',#4617,#331);
#43=LINE('',#4621,#332);
#44=LINE('',#4625,#333);
#45=LINE('',#4627,#334);
#46=LINE('',#4629,#335);
#47=LINE('',#4633,#336);
#48=LINE('',#4635,#337);
#49=LINE('',#4637,#338);
#50=LINE('',#4641,#339);
#51=LINE('',#4643,#340);
#52=LINE('',#4649,#341);
#53=LINE('',#4654,#342);
#54=LINE('',#4658,#343);
#55=LINE('',#4662,#344);
#56=LINE('',#4666,#345);
#57=LINE('',#4668,#346);
#58=LINE('',#4670,#347);
#59=LINE('',#4672,#348);
#60=LINE('',#4676,#349);
#61=LINE('',#4678,#350);
#62=LINE('',#4680,#351);
#63=LINE('',#4684,#352);
#64=LINE('',#4686,#353);
#65=LINE('',#4688,#354);
#66=LINE('',#4692,#355);
#67=LINE('',#4694,#356);
#68=LINE('',#4700,#357);
#69=LINE('',#4703,#358);
#70=LINE('',#4705,#359);
#71=LINE('',#4707,#360);
#72=LINE('',#4711,#361);
#73=LINE('',#4715,#362);
#74=LINE('',#4717,#363);
#75=LINE('',#4719,#364);
#76=LINE('',#4724,#365);
#77=LINE('',#4728,#366);
#78=LINE('',#4730,#367);
#79=LINE('',#4732,#368);
#80=LINE('',#4734,#369);
#81=LINE('',#4738,#370);
#82=LINE('',#4743,#371);
#83=LINE('',#4747,#372);
#84=LINE('',#4751,#373);
#85=LINE('',#4754,#374);
#86=LINE('',#4756,#375);
#87=LINE('',#4758,#376);
#88=LINE('',#4760,#377);
#89=LINE('',#4762,#378);
#90=LINE('',#4764,#379);
#91=LINE('',#4766,#380);
#92=LINE('',#4768,#381);
#93=LINE('',#4770,#382);
#94=LINE('',#4772,#383);
#95=LINE('',#4774,#384);
#96=LINE('',#4776,#385);
#97=LINE('',#4779,#386);
#98=LINE('',#4781,#387);
#99=LINE('',#4783,#388);
#100=LINE('',#4785,#389);
#101=LINE('',#4787,#390);
#102=LINE('',#4789,#391);
#103=LINE('',#4791,#392);
#104=LINE('',#4793,#393);
#105=LINE('',#4795,#394);
#106=LINE('',#4797,#395);
#107=LINE('',#4799,#396);
#108=LINE('',#4801,#397);
#109=LINE('',#4806,#398);
#110=LINE('',#4810,#399);
#111=LINE('',#4813,#400);
#112=LINE('',#4814,#401);
#113=LINE('',#4816,#402);
#114=LINE('',#4822,#403);
#115=LINE('',#4824,#404);
#116=LINE('',#4826,#405);
#117=LINE('',#4828,#406);
#118=LINE('',#4830,#407);
#119=LINE('',#4832,#408);
#120=LINE('',#4834,#409);
#121=LINE('',#4838,#410);
#122=LINE('',#4842,#411);
#123=LINE('',#4844,#412);
#124=LINE('',#4846,#413);
#125=LINE('',#4848,#414);
#126=LINE('',#4850,#415);
#127=LINE('',#4852,#416);
#128=LINE('',#4854,#417);
#129=LINE('',#4858,#418);
#130=LINE('',#4862,#419);
#131=LINE('',#4864,#420);
#132=LINE('',#4866,#421);
#133=LINE('',#4869,#422);
#134=LINE('',#4870,#423);
#135=LINE('',#4872,#424);
#136=LINE('',#4874,#425);
#137=LINE('',#4877,#426);
#138=LINE('',#4879,#427);
#139=LINE('',#4881,#428);
#140=LINE('',#4883,#429);
#141=LINE('',#4885,#430);
#142=LINE('',#4887,#431);
#143=LINE('',#4889,#432);
#144=LINE('',#4891,#433);
#145=LINE('',#4893,#434);
#146=LINE('',#4897,#435);
#147=LINE('',#4898,#436);
#148=LINE('',#4904,#437);
#149=LINE('',#4906,#438);
#150=LINE('',#4908,#439);
#151=LINE('',#4912,#440);
#152=LINE('',#4916,#441);
#153=LINE('',#4921,#442);
#154=LINE('',#4925,#443);
#155=LINE('',#4927,#444);
#156=LINE('',#4929,#445);
#157=LINE('',#4931,#446);
#158=LINE('',#4934,#447);
#159=LINE('',#4936,#448);
#160=LINE('',#4938,#449);
#161=LINE('',#4940,#450);
#162=LINE('',#4945,#451);
#163=LINE('',#4952,#452);
#164=LINE('',#4956,#453);
#165=LINE('',#4958,#454);
#166=LINE('',#4960,#455);
#167=LINE('',#4962,#456);
#168=LINE('',#4967,#457);
#169=LINE('',#4969,#458);
#170=LINE('',#4971,#459);
#171=LINE('',#4975,#460);
#172=LINE('',#4983,#461);
#173=LINE('',#4985,#462);
#174=LINE('',#4987,#463);
#175=LINE('',#4989,#464);
#176=LINE('',#4993,#465);
#177=LINE('',#4997,#466);
#178=LINE('',#5002,#467);
#179=LINE('',#5006,#468);
#180=LINE('',#5010,#469);
#181=LINE('',#5014,#470);
#182=LINE('',#5016,#471);
#183=LINE('',#5020,#472);
#184=LINE('',#5022,#473);
#185=LINE('',#5024,#474);
#186=LINE('',#5028,#475);
#187=LINE('',#5030,#476);
#188=LINE('',#5032,#477);
#189=LINE('',#5036,#478);
#190=LINE('',#5038,#479);
#191=LINE('',#5040,#480);
#192=LINE('',#5044,#481);
#193=LINE('',#5050,#482);
#194=LINE('',#5058,#483);
#195=LINE('',#5066,#484);
#196=LINE('',#5074,#485);
#197=LINE('',#5078,#486);
#198=LINE('',#5083,#487);
#199=LINE('',#5087,#488);
#200=LINE('',#5091,#489);
#201=LINE('',#5095,#490);
#202=LINE('',#5105,#491);
#203=LINE('',#5113,#492);
#204=LINE('',#5121,#493);
#205=LINE('',#5130,#494);
#206=LINE('',#5131,#495);
#207=LINE('',#5133,#496);
#208=LINE('',#5135,#497);
#209=LINE('',#5139,#498);
#210=LINE('',#5141,#499);
#211=LINE('',#5143,#500);
#212=LINE('',#5147,#501);
#213=LINE('',#5149,#502);
#214=LINE('',#5151,#503);
#215=LINE('',#5155,#504);
#216=LINE('',#5157,#505);
#217=LINE('',#5159,#506);
#218=LINE('',#5162,#507);
#219=LINE('',#5164,#508);
#220=LINE('',#5168,#509);
#221=LINE('',#5172,#510);
#222=LINE('',#5176,#511);
#223=LINE('',#5180,#512);
#224=LINE('',#5182,#513);
#225=LINE('',#5184,#514);
#226=LINE('',#5186,#515);
#227=LINE('',#5188,#516);
#228=LINE('',#5190,#517);
#229=LINE('',#5192,#518);
#230=LINE('',#5194,#519);
#231=LINE('',#5196,#520);
#232=LINE('',#5198,#521);
#233=LINE('',#5202,#522);
#234=LINE('',#5204,#523);
#235=LINE('',#5206,#524);
#236=LINE('',#5210,#525);
#237=LINE('',#5212,#526);
#238=LINE('',#5214,#527);
#239=LINE('',#5218,#528);
#240=LINE('',#5220,#529);
#241=LINE('',#5222,#530);
#242=LINE('',#5226,#531);
#243=LINE('',#5228,#532);
#244=LINE('',#5230,#533);
#245=LINE('',#5237,#534);
#246=LINE('',#5241,#535);
#247=LINE('',#5245,#536);
#248=LINE('',#5249,#537);
#249=LINE('',#5253,#538);
#250=LINE('',#5257,#539);
#251=LINE('',#5261,#540);
#252=LINE('',#5265,#541);
#253=LINE('',#5267,#542);
#254=LINE('',#5269,#543);
#255=LINE('',#5273,#544);
#256=LINE('',#5275,#545);
#257=LINE('',#5277,#546);
#258=LINE('',#5281,#547);
#259=LINE('',#5283,#548);
#260=LINE('',#5285,#549);
#261=LINE('',#5289,#550);
#262=LINE('',#5291,#551);
#263=LINE('',#5293,#552);
#264=LINE('',#5297,#553);
#265=LINE('',#5299,#554);
#266=LINE('',#5301,#555);
#267=LINE('',#5305,#556);
#268=LINE('',#5307,#557);
#269=LINE('',#5309,#558);
#270=LINE('',#5313,#559);
#271=LINE('',#5315,#560);
#272=LINE('',#5317,#561);
#273=LINE('',#5321,#562);
#274=LINE('',#5323,#563);
#275=LINE('',#5325,#564);
#276=LINE('',#5329,#565);
#277=LINE('',#5332,#566);
#278=LINE('',#5334,#567);
#279=LINE('',#5336,#568);
#280=LINE('',#5338,#569);
#281=LINE('',#5341,#570);
#282=LINE('',#5343,#571);
#283=LINE('',#5345,#572);
#284=LINE('',#5347,#573);
#285=LINE('',#5364,#574);
#286=LINE('',#5367,#575);
#287=LINE('',#5368,#576);
#288=LINE('',#5370,#577);
#289=LINE('',#5379,#578);
#290=LINE('',#5382,#579);
#291=LINE('',#5383,#580);
#292=LINE('',#5385,#581);
#293=LINE('',#5391,#582);
#294=LINE('',#5394,#583);
#295=LINE('',#5395,#584);
#296=LINE('',#5397,#585);
#297=LINE('',#5403,#586);
#298=LINE('',#5406,#587);
#299=LINE('',#5407,#588);
#300=LINE('',#5409,#589);
#301=LINE('',#5426,#590);
#302=LINE('',#5429,#591);
#303=LINE('',#5430,#592);
#304=LINE('',#5432,#593);
#305=LINE('',#5441,#594);
#306=LINE('',#5444,#595);
#307=LINE('',#5445,#596);
#308=LINE('',#5447,#597);
#309=LINE('',#5449,#598);
#310=LINE('',#5450,#599);
#311=LINE('',#5452,#600);
#312=LINE('',#5454,#601);
#313=LINE('',#5456,#602);
#314=LINE('',#5457,#603);
#315=LINE('',#5459,#604);
#316=LINE('',#5461,#605);
#317=LINE('',#5465,#606);
#318=LINE('',#5471,#607);
#319=LINE('',#5494,#608);
#320=LINE('',#5504,#609);
#321=LINE('',#5531,#610);
#322=LINE('',#5539,#611);
#323=LINE('',#5541,#612);
#324=LINE('',#5543,#613);
#325=VECTOR('',#3642,1.);
#326=VECTOR('',#3645,1.);
#327=VECTOR('',#3650,1.);
#328=VECTOR('',#3651,1.);
#329=VECTOR('',#3652,1.);
#330=VECTOR('',#3655,1.);
#331=VECTOR('',#3658,1.);
#332=VECTOR('',#3661,1.);
#333=VECTOR('',#3666,1.);
#334=VECTOR('',#3667,1.);
#335=VECTOR('',#3670,1.);
#336=VECTOR('',#3675,1.);
#337=VECTOR('',#3676,1.);
#338=VECTOR('',#3679,1.);
#339=VECTOR('',#3684,1.);
#340=VECTOR('',#3685,1.);
#341=VECTOR('',#3696,1.);
#342=VECTOR('',#3699,1.);
#343=VECTOR('',#3702,1.);
#344=VECTOR('',#3705,1.);
#345=VECTOR('',#3710,1.);
#346=VECTOR('',#3711,1.);
#347=VECTOR('',#3712,1.);
#348=VECTOR('',#3715,1.);
#349=VECTOR('',#3720,1.);
#350=VECTOR('',#3721,1.);
#351=VECTOR('',#3724,1.);
#352=VECTOR('',#3729,1.);
#353=VECTOR('',#3730,1.);
#354=VECTOR('',#3733,1.);
#355=VECTOR('',#3738,1.);
#356=VECTOR('',#3739,1.);
#357=VECTOR('',#3750,1.);
#358=VECTOR('',#3751,1.);
#359=VECTOR('',#3752,1.);
#360=VECTOR('',#3753,1.);
#361=VECTOR('',#3758,1.);
#362=VECTOR('',#3763,1.);
#363=VECTOR('',#3764,1.);
#364=VECTOR('',#3765,1.);
#365=VECTOR('',#3770,1.);
#366=VECTOR('',#3773,1.);
#367=VECTOR('',#3776,1.);
#368=VECTOR('',#3777,1.);
#369=VECTOR('',#3778,1.);
#370=VECTOR('',#3783,1.);
#371=VECTOR('',#3792,1.);
#372=VECTOR('',#3797,1.);
#373=VECTOR('',#3804,1.);
#374=VECTOR('',#3805,1.);
#375=VECTOR('',#3806,1.);
#376=VECTOR('',#3807,1.);
#377=VECTOR('',#3810,1.);
#378=VECTOR('',#3811,1.);
#379=VECTOR('',#3812,1.);
#380=VECTOR('',#3815,1.);
#381=VECTOR('',#3816,1.);
#382=VECTOR('',#3817,1.);
#383=VECTOR('',#3820,1.);
#384=VECTOR('',#3823,1.);
#385=VECTOR('',#3826,1.);
#386=VECTOR('',#3827,1.);
#387=VECTOR('',#3828,1.);
#388=VECTOR('',#3829,1.);
#389=VECTOR('',#3832,1.);
#390=VECTOR('',#3833,1.);
#391=VECTOR('',#3834,1.);
#392=VECTOR('',#3837,1.);
#393=VECTOR('',#3838,1.);
#394=VECTOR('',#3839,1.);
#395=VECTOR('',#3842,1.);
#396=VECTOR('',#3845,1.);
#397=VECTOR('',#3848,1.);
#398=VECTOR('',#3851,1.);
#399=VECTOR('',#3856,1.);
#400=VECTOR('',#3857,1.);
#401=VECTOR('',#3858,1.);
#402=VECTOR('',#3861,1.);
#403=VECTOR('',#3868,1.);
#404=VECTOR('',#3869,1.);
#405=VECTOR('',#3870,1.);
#406=VECTOR('',#3873,1.);
#407=VECTOR('',#3874,1.);
#408=VECTOR('',#3877,1.);
#409=VECTOR('',#3878,1.);
#410=VECTOR('',#3883,1.);
#411=VECTOR('',#3886,1.);
#412=VECTOR('',#3889,1.);
#413=VECTOR('',#3890,1.);
#414=VECTOR('',#3891,1.);
#415=VECTOR('',#3894,1.);
#416=VECTOR('',#3895,1.);
#417=VECTOR('',#3896,1.);
#418=VECTOR('',#3901,1.);
#419=VECTOR('',#3906,1.);
#420=VECTOR('',#3907,1.);
#421=VECTOR('',#3910,1.);
#422=VECTOR('',#3911,1.);
#423=VECTOR('',#3912,1.);
#424=VECTOR('',#3913,1.);
#425=VECTOR('',#3916,1.);
#426=VECTOR('',#3917,1.);
#427=VECTOR('',#3918,1.);
#428=VECTOR('',#3919,1.);
#429=VECTOR('',#3922,1.);
#430=VECTOR('',#3923,1.);
#431=VECTOR('',#3924,1.);
#432=VECTOR('',#3927,1.);
#433=VECTOR('',#3928,1.);
#434=VECTOR('',#3929,1.);
#435=VECTOR('',#3934,1.);
#436=VECTOR('',#3935,1.);
#437=VECTOR('',#3942,1.);
#438=VECTOR('',#3945,1.);
#439=VECTOR('',#3948,1.);
#440=VECTOR('',#3953,1.);
#441=VECTOR('',#3960,1.);
#442=VECTOR('',#3963,1.);
#443=VECTOR('',#3968,1.);
#444=VECTOR('',#3969,1.);
#445=VECTOR('',#3970,1.);
#446=VECTOR('',#3973,1.);
#447=VECTOR('',#3974,1.);
#448=VECTOR('',#3975,1.);
#449=VECTOR('',#3976,1.);
#450=VECTOR('',#3979,1.);
#451=VECTOR('',#3982,1.);
#452=VECTOR('',#3993,1.);
#453=VECTOR('',#3998,1.);
#454=VECTOR('',#3999,1.);
#455=VECTOR('',#4000,1.);
#456=VECTOR('',#4001,1.);
#457=VECTOR('',#4010,1.);
#458=VECTOR('',#4011,1.);
#459=VECTOR('',#4014,1.);
#460=VECTOR('',#4019,1.);
#461=VECTOR('',#4030,1.);
#462=VECTOR('',#4033,1.);
#463=VECTOR('',#4034,1.);
#464=VECTOR('',#4037,1.);
#465=VECTOR('',#4042,1.);
#466=VECTOR('',#4049,1.);
#467=VECTOR('',#4052,1.);
#468=VECTOR('',#4055,1.);
#469=VECTOR('',#4058,1.);
#470=VECTOR('',#4063,1.);
#471=VECTOR('',#4064,1.);
#472=VECTOR('',#4069,1.);
#473=VECTOR('',#4070,1.);
#474=VECTOR('',#4073,1.);
#475=VECTOR('',#4078,1.);
#476=VECTOR('',#4079,1.);
#477=VECTOR('',#4082,1.);
#478=VECTOR('',#4087,1.);
#479=VECTOR('',#4088,1.);
#480=VECTOR('',#4091,1.);
#481=VECTOR('',#4096,1.);
#482=VECTOR('',#4103,1.);
#483=VECTOR('',#4114,1.);
#484=VECTOR('',#4125,1.);
#485=VECTOR('',#4136,1.);
#486=VECTOR('',#4143,1.);
#487=VECTOR('',#4146,1.);
#488=VECTOR('',#4149,1.);
#489=VECTOR('',#4152,1.);
#490=VECTOR('',#4157,1.);
#491=VECTOR('',#4170,1.);
#492=VECTOR('',#4181,1.);
#493=VECTOR('',#4192,1.);
#494=VECTOR('',#4203,1.);
#495=VECTOR('',#4204,1.);
#496=VECTOR('',#4207,1.);
#497=VECTOR('',#4208,1.);
#498=VECTOR('',#4213,1.);
#499=VECTOR('',#4216,1.);
#500=VECTOR('',#4217,1.);
#501=VECTOR('',#4222,1.);
#502=VECTOR('',#4225,1.);
#503=VECTOR('',#4226,1.);
#504=VECTOR('',#4231,1.);
#505=VECTOR('',#4234,1.);
#506=VECTOR('',#4237,1.);
#507=VECTOR('',#4238,1.);
#508=VECTOR('',#4239,1.);
#509=VECTOR('',#4242,1.);
#510=VECTOR('',#4245,1.);
#511=VECTOR('',#4248,1.);
#512=VECTOR('',#4251,1.);
#513=VECTOR('',#4252,1.);
#514=VECTOR('',#4255,1.);
#515=VECTOR('',#4256,1.);
#516=VECTOR('',#4257,1.);
#517=VECTOR('',#4260,1.);
#518=VECTOR('',#4261,1.);
#519=VECTOR('',#4264,1.);
#520=VECTOR('',#4265,1.);
#521=VECTOR('',#4268,1.);
#522=VECTOR('',#4273,1.);
#523=VECTOR('',#4274,1.);
#524=VECTOR('',#4277,1.);
#525=VECTOR('',#4282,1.);
#526=VECTOR('',#4283,1.);
#527=VECTOR('',#4286,1.);
#528=VECTOR('',#4291,1.);
#529=VECTOR('',#4292,1.);
#530=VECTOR('',#4295,1.);
#531=VECTOR('',#4300,1.);
#532=VECTOR('',#4301,1.);
#533=VECTOR('',#4304,1.);
#534=VECTOR('',#4313,1.);
#535=VECTOR('',#4316,1.);
#536=VECTOR('',#4319,1.);
#537=VECTOR('',#4322,1.);
#538=VECTOR('',#4325,1.);
#539=VECTOR('',#4328,1.);
#540=VECTOR('',#4331,1.);
#541=VECTOR('',#4334,1.);
#542=VECTOR('',#4337,1.);
#543=VECTOR('',#4338,1.);
#544=VECTOR('',#4343,1.);
#545=VECTOR('',#4344,1.);
#546=VECTOR('',#4347,1.);
#547=VECTOR('',#4352,1.);
#548=VECTOR('',#4353,1.);
#549=VECTOR('',#4356,1.);
#550=VECTOR('',#4361,1.);
#551=VECTOR('',#4362,1.);
#552=VECTOR('',#4365,1.);
#553=VECTOR('',#4370,1.);
#554=VECTOR('',#4371,1.);
#555=VECTOR('',#4374,1.);
#556=VECTOR('',#4379,1.);
#557=VECTOR('',#4380,1.);
#558=VECTOR('',#4383,1.);
#559=VECTOR('',#4388,1.);
#560=VECTOR('',#4389,1.);
#561=VECTOR('',#4392,1.);
#562=VECTOR('',#4397,1.);
#563=VECTOR('',#4398,1.);
#564=VECTOR('',#4401,1.);
#565=VECTOR('',#4406,1.);
#566=VECTOR('',#4407,1.);
#567=VECTOR('',#4408,1.);
#568=VECTOR('',#4409,1.);
#569=VECTOR('',#4412,1.);
#570=VECTOR('',#4413,1.);
#571=VECTOR('',#4414,1.);
#572=VECTOR('',#4415,1.);
#573=VECTOR('',#4418,1.);
#574=VECTOR('',#4423,1.);
#575=VECTOR('',#4424,1.);
#576=VECTOR('',#4425,1.);
#577=VECTOR('',#4428,1.);
#578=VECTOR('',#4433,1.);
#579=VECTOR('',#4434,1.);
#580=VECTOR('',#4435,1.);
#581=VECTOR('',#4438,1.);
#582=VECTOR('',#4445,1.);
#583=VECTOR('',#4446,1.);
#584=VECTOR('',#4447,1.);
#585=VECTOR('',#4450,1.);
#586=VECTOR('',#4457,1.);
#587=VECTOR('',#4458,1.);
#588=VECTOR('',#4459,1.);
#589=VECTOR('',#4462,1.);
#590=VECTOR('',#4467,1.);
#591=VECTOR('',#4468,1.);
#592=VECTOR('',#4469,1.);
#593=VECTOR('',#4472,1.);
#594=VECTOR('',#4477,1.);
#595=VECTOR('',#4478,1.);
#596=VECTOR('',#4479,1.);
#597=VECTOR('',#4480,1.);
#598=VECTOR('',#4481,1.);
#599=VECTOR('',#4482,1.);
#600=VECTOR('',#4485,1.);
#601=VECTOR('',#4486,1.);
#602=VECTOR('',#4489,1.);
#603=VECTOR('',#4490,1.);
#604=VECTOR('',#4491,1.);
#605=VECTOR('',#4494,1.);
#606=VECTOR('',#4499,1.);
#607=VECTOR('',#4506,1.);
#608=VECTOR('',#4511,1.);
#609=VECTOR('',#4524,1.);
#610=VECTOR('',#4535,1.);
#611=VECTOR('',#4546,1.);
#612=VECTOR('',#4549,1.);
#613=VECTOR('',#4552,1.);
#614=COLOUR_RGB('',0.0980392156862745,0.0980392156862745,0.0980392156862745);
#615=CONTEXT_DEPENDENT_SHAPE_REPRESENTATION(#645,#5594);
#616=CONTEXT_DEPENDENT_SHAPE_REPRESENTATION(#646,#5595);
#617=CONTEXT_DEPENDENT_SHAPE_REPRESENTATION(#647,#5597);
#618=CONTEXT_DEPENDENT_SHAPE_REPRESENTATION(#648,#5599);
#619=CONTEXT_DEPENDENT_SHAPE_REPRESENTATION(#649,#5601);
#620=CONTEXT_DEPENDENT_SHAPE_REPRESENTATION(#650,#5606);
#621=CONTEXT_DEPENDENT_SHAPE_REPRESENTATION(#651,#5608);
#622=CONTEXT_DEPENDENT_SHAPE_REPRESENTATION(#652,#5611);
#623=CONTEXT_DEPENDENT_SHAPE_REPRESENTATION(#653,#5613);
#624=CONTEXT_DEPENDENT_SHAPE_REPRESENTATION(#654,#5614);
#625=CONTEXT_DEPENDENT_SHAPE_REPRESENTATION(#655,#5615);
#626=CONTEXT_DEPENDENT_SHAPE_REPRESENTATION(#656,#5616);
#627=CONTEXT_DEPENDENT_SHAPE_REPRESENTATION(#657,#5617);
#628=CONTEXT_DEPENDENT_SHAPE_REPRESENTATION(#658,#5618);
#629=CONTEXT_DEPENDENT_SHAPE_REPRESENTATION(#659,#5619);
#630=NEXT_ASSEMBLY_USAGE_OCCURRENCE('NAUO1','XX21_1_1_1_1',
'XX21_1_1_1_1',#5622,#5623,'');
#631=NEXT_ASSEMBLY_USAGE_OCCURRENCE('NAUO2','XX21_1_1_1_1',
'XX21_1_1_1_1',#5622,#5623,'');
#632=NEXT_ASSEMBLY_USAGE_OCCURRENCE('NAUO3','TESA-4982_4_1_1_1_1',
'TESA-4982_4_1_1_1_1',#5622,#5624,'');
#633=NEXT_ASSEMBLY_USAGE_OCCURRENCE('NAUO4','FOAM2_1_1_1_1',
'FOAM2_1_1_1_1',#5622,#5625,'');
#634=NEXT_ASSEMBLY_USAGE_OCCURRENCE('NAUO5','FOAM1_1_1_1_1',
'FOAM1_1_1_1_1',#5622,#5626,'');
#635=NEXT_ASSEMBLY_USAGE_OCCURRENCE('NAUO6','FP195_1_1_1_1_1_1_1',
'FP195_1_1_1_1_1_1_1',#5629,#5630,'');
#636=NEXT_ASSEMBLY_USAGE_OCCURRENCE('NAUO7','GLUE_1_1_2_1_1_1_1_1_1',
'GLUE_1_1_2_1_1_1_1_1_1',#5629,#5631,'');
#637=NEXT_ASSEMBLY_USAGE_OCCURRENCE('NAUO8',
'XIAJIKE_3_1_1_2_1_1_1_1_2_1_1_1','XIAJIKE_3_1_1_2_1_1_1_1_2_1_1_1',#5632,
#5633,'');
#638=NEXT_ASSEMBLY_USAGE_OCCURRENCE('NAUO9',
'SHANGJIKE_1_1_1_1_1_2_1_1_1_1_2','SHANGJIKE_1_1_1_1_1_2_1_1_1_1_2',#5632,
#5634,'');
#639=NEXT_ASSEMBLY_USAGE_OCCURRENCE('NAUO10',
'VLV041235L-02UAD_3__ASM_AS_1_ASM <1>',
'VLV041235L-02UAD_3__ASM_AS_1_ASM <1>',#5629,#5632,'');
#640=NEXT_ASSEMBLY_USAGE_OCCURRENCE('NAUO11',
'ASM0007_ASM_1_ASM_1_ASM_1_ASM_1_ASM <1>',
'ASM0007_ASM_1_ASM_1_ASM_1_ASM_1_ASM <1>',#5628,#5629,'');
#641=NEXT_ASSEMBLY_USAGE_OCCURRENCE('NAUO12',
'VLV041235L_ASM_1_ASM_1_ASM__ASM <1>',
'VLV041235L_ASM_1_ASM_1_ASM__ASM <1>',#5627,#5628,'');
#642=NEXT_ASSEMBLY_USAGE_OCCURRENCE('NAUO13',
'VLV041235L-1R0CUBV_ASM_1_AS_ASM <1>',
'VLV041235L-1R0CUBV_ASM_1_AS_ASM <1>',#5622,#5627,'');
#643=NEXT_ASSEMBLY_USAGE_OCCURRENCE('NAUO14',
'ASM0007_ASM_1_1_ASM_1_ASM_1_ASM_ASM <1>',
'ASM0007_ASM_1_1_ASM_1_ASM_1_ASM_ASM <1>',#5621,#5622,'');
#644=NEXT_ASSEMBLY_USAGE_OCCURRENCE('NAUO15',
'VLV041235L-L20-1S03UBB_-8592_ASM <1>',
'VLV041235L-L20-1S03UBB_-8592_ASM <1>',#5620,#5621,'');
#645=(
REPRESENTATION_RELATIONSHIP(' ',' ',#3257,#3256)
REPRESENTATION_RELATIONSHIP_WITH_TRANSFORMATION(#660)
SHAPE_REPRESENTATION_RELATIONSHIP()
);
#646=(
REPRESENTATION_RELATIONSHIP(' ',' ',#3257,#3256)
REPRESENTATION_RELATIONSHIP_WITH_TRANSFORMATION(#661)
SHAPE_REPRESENTATION_RELATIONSHIP()
);
#647=(
REPRESENTATION_RELATIONSHIP(' ',' ',#3258,#3256)
REPRESENTATION_RELATIONSHIP_WITH_TRANSFORMATION(#662)
SHAPE_REPRESENTATION_RELATIONSHIP()
);
#648=(
REPRESENTATION_RELATIONSHIP(' ',' ',#3259,#3256)
REPRESENTATION_RELATIONSHIP_WITH_TRANSFORMATION(#663)
SHAPE_REPRESENTATION_RELATIONSHIP()
);
#649=(
REPRESENTATION_RELATIONSHIP(' ',' ',#3260,#3256)
REPRESENTATION_RELATIONSHIP_WITH_TRANSFORMATION(#664)
SHAPE_REPRESENTATION_RELATIONSHIP()
);
#650=(
REPRESENTATION_RELATIONSHIP(' ',' ',#3264,#3263)
REPRESENTATION_RELATIONSHIP_WITH_TRANSFORMATION(#665)
SHAPE_REPRESENTATION_RELATIONSHIP()
);
#651=(
REPRESENTATION_RELATIONSHIP(' ',' ',#3265,#3263)
REPRESENTATION_RELATIONSHIP_WITH_TRANSFORMATION(#666)
SHAPE_REPRESENTATION_RELATIONSHIP()
);
#652=(
REPRESENTATION_RELATIONSHIP(' ',' ',#3267,#3266)
REPRESENTATION_RELATIONSHIP_WITH_TRANSFORMATION(#667)
SHAPE_REPRESENTATION_RELATIONSHIP()
);
#653=(
REPRESENTATION_RELATIONSHIP(' ',' ',#3268,#3266)
REPRESENTATION_RELATIONSHIP_WITH_TRANSFORMATION(#668)
SHAPE_REPRESENTATION_RELATIONSHIP()
);
#654=(
REPRESENTATION_RELATIONSHIP(' ',' ',#3266,#3263)
REPRESENTATION_RELATIONSHIP_WITH_TRANSFORMATION(#669)
SHAPE_REPRESENTATION_RELATIONSHIP()
);
#655=(
REPRESENTATION_RELATIONSHIP(' ',' ',#3263,#3262)
REPRESENTATION_RELATIONSHIP_WITH_TRANSFORMATION(#670)
SHAPE_REPRESENTATION_RELATIONSHIP()
);
#656=(
REPRESENTATION_RELATIONSHIP(' ',' ',#3262,#3261)
REPRESENTATION_RELATIONSHIP_WITH_TRANSFORMATION(#671)
SHAPE_REPRESENTATION_RELATIONSHIP()
);
#657=(
REPRESENTATION_RELATIONSHIP(' ',' ',#3261,#3256)
REPRESENTATION_RELATIONSHIP_WITH_TRANSFORMATION(#672)
SHAPE_REPRESENTATION_RELATIONSHIP()
);
#658=(
REPRESENTATION_RELATIONSHIP(' ',' ',#3256,#3255)
REPRESENTATION_RELATIONSHIP_WITH_TRANSFORMATION(#673)
SHAPE_REPRESENTATION_RELATIONSHIP()
);
#659=(
REPRESENTATION_RELATIONSHIP(' ',' ',#3255,#3254)
REPRESENTATION_RELATIONSHIP_WITH_TRANSFORMATION(#674)
SHAPE_REPRESENTATION_RELATIONSHIP()
);
#660=ITEM_DEFINED_TRANSFORMATION(' ',' ',#3269,#3283);
#661=ITEM_DEFINED_TRANSFORMATION(' ',' ',#3269,#3284);
#662=ITEM_DEFINED_TRANSFORMATION(' ',' ',#3269,#3303);
#663=ITEM_DEFINED_TRANSFORMATION(' ',' ',#3269,#3322);
#664=ITEM_DEFINED_TRANSFORMATION(' ',' ',#3269,#3341);
#665=ITEM_DEFINED_TRANSFORMATION(' ',' ',#3269,#3385);
#666=ITEM_DEFINED_TRANSFORMATION(' ',' ',#3269,#3417);
#667=ITEM_DEFINED_TRANSFORMATION(' ',' ',#3269,#3514);
#668=ITEM_DEFINED_TRANSFORMATION(' ',' ',#3269,#3601);
#669=ITEM_DEFINED_TRANSFORMATION(' ',' ',#3269,#3602);
#670=ITEM_DEFINED_TRANSFORMATION(' ',' ',#3269,#3603);
#671=ITEM_DEFINED_TRANSFORMATION(' ',' ',#3269,#3604);
#672=ITEM_DEFINED_TRANSFORMATION(' ',' ',#3269,#3605);
#673=ITEM_DEFINED_TRANSFORMATION(' ',' ',#3269,#3606);
#674=ITEM_DEFINED_TRANSFORMATION(' ',' ',#3269,#3607);
#675=SHAPE_REPRESENTATION_RELATIONSHIP('','',#3257,#683);
#676=SHAPE_REPRESENTATION_RELATIONSHIP('','',#3258,#684);
#677=SHAPE_REPRESENTATION_RELATIONSHIP('','',#3259,#685);
#678=SHAPE_REPRESENTATION_RELATIONSHIP('','',#3260,#686);
#679=SHAPE_REPRESENTATION_RELATIONSHIP('','',#3264,#687);
#680=SHAPE_REPRESENTATION_RELATIONSHIP('','',#3265,#688);
#681=SHAPE_REPRESENTATION_RELATIONSHIP('','',#3267,#689);
#682=SHAPE_REPRESENTATION_RELATIONSHIP('','',#3268,#690);
#683=ADVANCED_BREP_SHAPE_REPRESENTATION('',(#3231),#5560);
#684=ADVANCED_BREP_SHAPE_REPRESENTATION('',(#3232),#5561);
#685=ADVANCED_BREP_SHAPE_REPRESENTATION('',(#3233),#5562);
#686=ADVANCED_BREP_SHAPE_REPRESENTATION('',(#3234),#5563);
#687=ADVANCED_BREP_SHAPE_REPRESENTATION('',(#3235),#5567);
#688=ADVANCED_BREP_SHAPE_REPRESENTATION('',(#3236),#5568);
#689=ADVANCED_BREP_SHAPE_REPRESENTATION('',(#3237),#5570);
#690=ADVANCED_BREP_SHAPE_REPRESENTATION('',(#3238),#5571);
#691=CYLINDRICAL_SURFACE('',#3272,0.00015);
#692=CYLINDRICAL_SURFACE('',#3276,0.00015);
#693=CYLINDRICAL_SURFACE('',#3280,0.000275);
#694=CYLINDRICAL_SURFACE('',#3285,0.0002);
#695=CYLINDRICAL_SURFACE('',#3294,0.0002);
#696=CYLINDRICAL_SURFACE('',#3297,0.0002);
#697=CYLINDRICAL_SURFACE('',#3302,0.0002);
#698=CYLINDRICAL_SURFACE('',#3310,0.0004);
#699=CYLINDRICAL_SURFACE('',#3313,0.0004);
#700=CYLINDRICAL_SURFACE('',#3316,0.0004);
#701=CYLINDRICAL_SURFACE('',#3319,0.0004);
#702=CYLINDRICAL_SURFACE('',#3324,0.0004);
#703=CYLINDRICAL_SURFACE('',#3328,0.0004);
#704=CYLINDRICAL_SURFACE('',#3335,0.0004);
#705=CYLINDRICAL_SURFACE('',#3339,0.0004);
#706=CYLINDRICAL_SURFACE('',#3352,0.0002);
#707=CYLINDRICAL_SURFACE('',#3356,0.0002);
#708=CYLINDRICAL_SURFACE('',#3362,0.00045);
#709=CYLINDRICAL_SURFACE('',#3367,0.0002);
#710=CYLINDRICAL_SURFACE('',#3378,0.0001);
#711=CYLINDRICAL_SURFACE('',#3383,0.0002);
#712=CYLINDRICAL_SURFACE('',#3386,0.0002);
#713=CYLINDRICAL_SURFACE('',#3391,0.0002);
#714=CYLINDRICAL_SURFACE('',#3397,0.0002);
#715=CYLINDRICAL_SURFACE('',#3400,0.0002);
#716=CYLINDRICAL_SURFACE('',#3406,0.0002);
#717=CYLINDRICAL_SURFACE('',#3411,0.0002);
#718=CYLINDRICAL_SURFACE('',#3415,0.0002);
#719=CYLINDRICAL_SURFACE('',#3423,0.00015);
#720=CYLINDRICAL_SURFACE('',#3426,0.00015);
#721=CYLINDRICAL_SURFACE('',#3429,0.00015);
#722=CYLINDRICAL_SURFACE('',#3432,0.00015);
#723=CYLINDRICAL_SURFACE('',#3435,0.00015);
#724=CYLINDRICAL_SURFACE('',#3441,0.00015);
#725=CYLINDRICAL_SURFACE('',#3446,0.00015);
#726=CYLINDRICAL_SURFACE('',#3451,0.00015);
#727=CYLINDRICAL_SURFACE('',#3460,0.00015);
#728=CYLINDRICAL_SURFACE('',#3466,0.00015);
#729=CYLINDRICAL_SURFACE('',#3471,0.00015);
#730=CYLINDRICAL_SURFACE('',#3476,0.00015);
#731=CYLINDRICAL_SURFACE('',#3480,0.00025);
#732=CYLINDRICAL_SURFACE('',#3483,0.00025);
#733=CYLINDRICAL_SURFACE('',#3486,0.00025);
#734=CYLINDRICAL_SURFACE('',#3489,0.00025);
#735=CYLINDRICAL_SURFACE('',#3500,0.0003);
#736=CYLINDRICAL_SURFACE('',#3503,0.0003);
#737=CYLINDRICAL_SURFACE('',#3506,0.0003);
#738=CYLINDRICAL_SURFACE('',#3509,0.0003);
#739=CYLINDRICAL_SURFACE('',#3524,0.000400000000099);
#740=CYLINDRICAL_SURFACE('',#3527,0.000400000000099);
#741=CYLINDRICAL_SURFACE('',#3530,0.00010000000066);
#742=CYLINDRICAL_SURFACE('',#3533,0.00010000000066);
#743=CYLINDRICAL_SURFACE('',#3536,0.000400000000099);
#744=CYLINDRICAL_SURFACE('',#3539,0.000400000000099);
#745=CYLINDRICAL_SURFACE('',#3542,0.00010000000066);
#746=CYLINDRICAL_SURFACE('',#3545,0.00010000000066);
#747=CYLINDRICAL_SURFACE('',#3549,0.00010000000066);
#748=CYLINDRICAL_SURFACE('',#3552,0.00010000000066);
#749=CYLINDRICAL_SURFACE('',#3555,0.00029999999944);
#750=CYLINDRICAL_SURFACE('',#3559,0.00029999999944);
#751=CYLINDRICAL_SURFACE('',#3563,0.00010000000066);
#752=CYLINDRICAL_SURFACE('',#3566,0.00010000000066);
#753=CYLINDRICAL_SURFACE('',#3575,0.00029999999944);
#754=CYLINDRICAL_SURFACE('',#3578,0.00016);
#755=CYLINDRICAL_SURFACE('',#3583,0.00016);
#756=CYLINDRICAL_SURFACE('',#3588,0.00016);
#757=CYLINDRICAL_SURFACE('',#3594,0.00029999999944);
#758=CYLINDRICAL_SURFACE('',#3596,0.00015);
#759=ORIENTED_EDGE('',*,*,#1637,.F.);
#760=ORIENTED_EDGE('',*,*,#1637,.T.);
#761=ORIENTED_EDGE('',*,*,#1638,.T.);
#762=ORIENTED_EDGE('',*,*,#1639,.F.);
#763=ORIENTED_EDGE('',*,*,#1639,.T.);
#764=ORIENTED_EDGE('',*,*,#1640,.T.);
#765=ORIENTED_EDGE('',*,*,#1640,.F.);
#766=ORIENTED_EDGE('',*,*,#1641,.F.);
#767=ORIENTED_EDGE('',*,*,#1641,.T.);
#768=ORIENTED_EDGE('',*,*,#1642,.T.);
#769=ORIENTED_EDGE('',*,*,#1638,.F.);
#770=ORIENTED_EDGE('',*,*,#1642,.F.);
#771=ORIENTED_EDGE('',*,*,#1643,.F.);
#772=ORIENTED_EDGE('',*,*,#1644,.T.);
#773=ORIENTED_EDGE('',*,*,#1645,.F.);
#774=ORIENTED_EDGE('',*,*,#1646,.T.);
#775=ORIENTED_EDGE('',*,*,#1645,.T.);
#776=ORIENTED_EDGE('',*,*,#1647,.F.);
#777=ORIENTED_EDGE('',*,*,#1648,.T.);
#778=ORIENTED_EDGE('',*,*,#1649,.T.);
#779=ORIENTED_EDGE('',*,*,#1644,.F.);
#780=ORIENTED_EDGE('',*,*,#1650,.T.);
#781=ORIENTED_EDGE('',*,*,#1651,.F.);
#782=ORIENTED_EDGE('',*,*,#1652,.T.);
#783=ORIENTED_EDGE('',*,*,#1653,.F.);
#784=ORIENTED_EDGE('',*,*,#1654,.T.);
#785=ORIENTED_EDGE('',*,*,#1655,.F.);
#786=ORIENTED_EDGE('',*,*,#1647,.T.);
#787=ORIENTED_EDGE('',*,*,#1643,.T.);
#788=ORIENTED_EDGE('',*,*,#1656,.T.);
#789=ORIENTED_EDGE('',*,*,#1657,.T.);
#790=ORIENTED_EDGE('',*,*,#1650,.F.);
#791=ORIENTED_EDGE('',*,*,#1658,.F.);
#792=ORIENTED_EDGE('',*,*,#1651,.T.);
#793=ORIENTED_EDGE('',*,*,#1657,.F.);
#794=ORIENTED_EDGE('',*,*,#1659,.T.);
#795=ORIENTED_EDGE('',*,*,#1660,.T.);
#796=ORIENTED_EDGE('',*,*,#1652,.F.);
#797=ORIENTED_EDGE('',*,*,#1658,.T.);
#798=ORIENTED_EDGE('',*,*,#1661,.T.);
#799=ORIENTED_EDGE('',*,*,#1662,.F.);
#800=ORIENTED_EDGE('',*,*,#1653,.T.);
#801=ORIENTED_EDGE('',*,*,#1660,.F.);
#802=ORIENTED_EDGE('',*,*,#1663,.T.);
#803=ORIENTED_EDGE('',*,*,#1664,.T.);
#804=ORIENTED_EDGE('',*,*,#1654,.F.);
#805=ORIENTED_EDGE('',*,*,#1662,.T.);
#806=ORIENTED_EDGE('',*,*,#1665,.T.);
#807=ORIENTED_EDGE('',*,*,#1663,.F.);
#808=ORIENTED_EDGE('',*,*,#1661,.F.);
#809=ORIENTED_EDGE('',*,*,#1659,.F.);
#810=ORIENTED_EDGE('',*,*,#1656,.F.);
#811=ORIENTED_EDGE('',*,*,#1646,.F.);
#812=ORIENTED_EDGE('',*,*,#1649,.F.);
#813=ORIENTED_EDGE('',*,*,#1666,.F.);
#814=ORIENTED_EDGE('',*,*,#1665,.F.);
#815=ORIENTED_EDGE('',*,*,#1648,.F.);
#816=ORIENTED_EDGE('',*,*,#1655,.T.);
#817=ORIENTED_EDGE('',*,*,#1664,.F.);
#818=ORIENTED_EDGE('',*,*,#1666,.T.);
#819=ORIENTED_EDGE('',*,*,#1667,.T.);
#820=ORIENTED_EDGE('',*,*,#1668,.F.);
#821=ORIENTED_EDGE('',*,*,#1669,.T.);
#822=ORIENTED_EDGE('',*,*,#1670,.F.);
#823=ORIENTED_EDGE('',*,*,#1671,.T.);
#824=ORIENTED_EDGE('',*,*,#1672,.F.);
#825=ORIENTED_EDGE('',*,*,#1673,.T.);
#826=ORIENTED_EDGE('',*,*,#1674,.F.);
#827=ORIENTED_EDGE('',*,*,#1675,.T.);
#828=ORIENTED_EDGE('',*,*,#1667,.F.);
#829=ORIENTED_EDGE('',*,*,#1676,.T.);
#830=ORIENTED_EDGE('',*,*,#1677,.T.);
#831=ORIENTED_EDGE('',*,*,#1678,.F.);
#832=ORIENTED_EDGE('',*,*,#1668,.T.);
#833=ORIENTED_EDGE('',*,*,#1675,.F.);
#834=ORIENTED_EDGE('',*,*,#1679,.T.);
#835=ORIENTED_EDGE('',*,*,#1680,.T.);
#836=ORIENTED_EDGE('',*,*,#1669,.F.);
#837=ORIENTED_EDGE('',*,*,#1678,.T.);
#838=ORIENTED_EDGE('',*,*,#1681,.T.);
#839=ORIENTED_EDGE('',*,*,#1682,.F.);
#840=ORIENTED_EDGE('',*,*,#1670,.T.);
#841=ORIENTED_EDGE('',*,*,#1680,.F.);
#842=ORIENTED_EDGE('',*,*,#1683,.T.);
#843=ORIENTED_EDGE('',*,*,#1684,.T.);
#844=ORIENTED_EDGE('',*,*,#1671,.F.);
#845=ORIENTED_EDGE('',*,*,#1682,.T.);
#846=ORIENTED_EDGE('',*,*,#1685,.T.);
#847=ORIENTED_EDGE('',*,*,#1686,.F.);
#848=ORIENTED_EDGE('',*,*,#1672,.T.);
#849=ORIENTED_EDGE('',*,*,#1684,.F.);
#850=ORIENTED_EDGE('',*,*,#1687,.T.);
#851=ORIENTED_EDGE('',*,*,#1688,.T.);
#852=ORIENTED_EDGE('',*,*,#1673,.F.);
#853=ORIENTED_EDGE('',*,*,#1686,.T.);
#854=ORIENTED_EDGE('',*,*,#1689,.T.);
#855=ORIENTED_EDGE('',*,*,#1676,.F.);
#856=ORIENTED_EDGE('',*,*,#1674,.T.);
#857=ORIENTED_EDGE('',*,*,#1688,.F.);
#858=ORIENTED_EDGE('',*,*,#1690,.T.);
#859=ORIENTED_EDGE('',*,*,#1689,.F.);
#860=ORIENTED_EDGE('',*,*,#1687,.F.);
#861=ORIENTED_EDGE('',*,*,#1685,.F.);
#862=ORIENTED_EDGE('',*,*,#1683,.F.);
#863=ORIENTED_EDGE('',*,*,#1681,.F.);
#864=ORIENTED_EDGE('',*,*,#1679,.F.);
#865=ORIENTED_EDGE('',*,*,#1677,.F.);
#866=ORIENTED_EDGE('',*,*,#1690,.F.);
#867=ORIENTED_EDGE('',*,*,#1691,.T.);
#868=ORIENTED_EDGE('',*,*,#1692,.T.);
#869=ORIENTED_EDGE('',*,*,#1693,.F.);
#870=ORIENTED_EDGE('',*,*,#1694,.T.);
#871=ORIENTED_EDGE('',*,*,#1692,.F.);
#872=ORIENTED_EDGE('',*,*,#1695,.T.);
#873=ORIENTED_EDGE('',*,*,#1696,.F.);
#874=ORIENTED_EDGE('',*,*,#1697,.T.);
#875=ORIENTED_EDGE('',*,*,#1698,.F.);
#876=ORIENTED_EDGE('',*,*,#1699,.T.);
#877=ORIENTED_EDGE('',*,*,#1700,.F.);
#878=ORIENTED_EDGE('',*,*,#1696,.T.);
#879=ORIENTED_EDGE('',*,*,#1701,.T.);
#880=ORIENTED_EDGE('',*,*,#1702,.F.);
#881=ORIENTED_EDGE('',*,*,#1703,.T.);
#882=ORIENTED_EDGE('',*,*,#1704,.F.);
#883=ORIENTED_EDGE('',*,*,#1705,.T.);
#884=ORIENTED_EDGE('',*,*,#1702,.T.);
#885=ORIENTED_EDGE('',*,*,#1706,.T.);
#886=ORIENTED_EDGE('',*,*,#1707,.T.);
#887=ORIENTED_EDGE('',*,*,#1693,.T.);
#888=ORIENTED_EDGE('',*,*,#1697,.F.);
#889=ORIENTED_EDGE('',*,*,#1700,.T.);
#890=ORIENTED_EDGE('',*,*,#1708,.F.);
#891=ORIENTED_EDGE('',*,*,#1709,.F.);
#892=ORIENTED_EDGE('',*,*,#1703,.F.);
#893=ORIENTED_EDGE('',*,*,#1705,.F.);
#894=ORIENTED_EDGE('',*,*,#1710,.F.);
#895=ORIENTED_EDGE('',*,*,#1707,.F.);
#896=ORIENTED_EDGE('',*,*,#1711,.T.);
#897=ORIENTED_EDGE('',*,*,#1694,.F.);
#898=ORIENTED_EDGE('',*,*,#1710,.T.);
#899=ORIENTED_EDGE('',*,*,#1706,.F.);
#900=ORIENTED_EDGE('',*,*,#1701,.F.);
#901=ORIENTED_EDGE('',*,*,#1712,.T.);
#902=ORIENTED_EDGE('',*,*,#1713,.F.);
#903=ORIENTED_EDGE('',*,*,#1698,.T.);
#904=ORIENTED_EDGE('',*,*,#1695,.F.);
#905=ORIENTED_EDGE('',*,*,#1691,.F.);
#906=ORIENTED_EDGE('',*,*,#1711,.F.);
#907=ORIENTED_EDGE('',*,*,#1714,.F.);
#908=ORIENTED_EDGE('',*,*,#1708,.T.);
#909=ORIENTED_EDGE('',*,*,#1699,.F.);
#910=ORIENTED_EDGE('',*,*,#1713,.T.);
#911=ORIENTED_EDGE('',*,*,#1712,.F.);
#912=ORIENTED_EDGE('',*,*,#1704,.T.);
#913=ORIENTED_EDGE('',*,*,#1709,.T.);
#914=ORIENTED_EDGE('',*,*,#1714,.T.);
#915=ORIENTED_EDGE('',*,*,#1715,.F.);
#916=ORIENTED_EDGE('',*,*,#1716,.T.);
#917=ORIENTED_EDGE('',*,*,#1717,.T.);
#918=ORIENTED_EDGE('',*,*,#1718,.F.);
#919=ORIENTED_EDGE('',*,*,#1717,.F.);
#920=ORIENTED_EDGE('',*,*,#1719,.T.);
#921=ORIENTED_EDGE('',*,*,#1720,.T.);
#922=ORIENTED_EDGE('',*,*,#1721,.F.);
#923=ORIENTED_EDGE('',*,*,#1720,.F.);
#924=ORIENTED_EDGE('',*,*,#1722,.T.);
#925=ORIENTED_EDGE('',*,*,#1723,.T.);
#926=ORIENTED_EDGE('',*,*,#1724,.F.);
#927=ORIENTED_EDGE('',*,*,#1718,.T.);
#928=ORIENTED_EDGE('',*,*,#1721,.T.);
#929=ORIENTED_EDGE('',*,*,#1724,.T.);
#930=ORIENTED_EDGE('',*,*,#1725,.T.);
#931=ORIENTED_EDGE('',*,*,#1723,.F.);
#932=ORIENTED_EDGE('',*,*,#1726,.T.);
#933=ORIENTED_EDGE('',*,*,#1715,.T.);
#934=ORIENTED_EDGE('',*,*,#1725,.F.);
#935=ORIENTED_EDGE('',*,*,#1727,.F.);
#936=ORIENTED_EDGE('',*,*,#1728,.T.);
#937=ORIENTED_EDGE('',*,*,#1729,.T.);
#938=ORIENTED_EDGE('',*,*,#1730,.F.);
#939=ORIENTED_EDGE('',*,*,#1729,.F.);
#940=ORIENTED_EDGE('',*,*,#1731,.T.);
#941=ORIENTED_EDGE('',*,*,#1732,.T.);
#942=ORIENTED_EDGE('',*,*,#1733,.F.);
#943=ORIENTED_EDGE('',*,*,#1732,.F.);
#944=ORIENTED_EDGE('',*,*,#1734,.T.);
#945=ORIENTED_EDGE('',*,*,#1735,.T.);
#946=ORIENTED_EDGE('',*,*,#1736,.F.);
#947=ORIENTED_EDGE('',*,*,#1730,.T.);
#948=ORIENTED_EDGE('',*,*,#1733,.T.);
#949=ORIENTED_EDGE('',*,*,#1736,.T.);
#950=ORIENTED_EDGE('',*,*,#1737,.T.);
#951=ORIENTED_EDGE('',*,*,#1735,.F.);
#952=ORIENTED_EDGE('',*,*,#1738,.T.);
#953=ORIENTED_EDGE('',*,*,#1727,.T.);
#954=ORIENTED_EDGE('',*,*,#1737,.F.);
#955=ORIENTED_EDGE('',*,*,#1739,.F.);
#956=ORIENTED_EDGE('',*,*,#1740,.T.);
#957=ORIENTED_EDGE('',*,*,#1741,.F.);
#958=ORIENTED_EDGE('',*,*,#1742,.T.);
#959=ORIENTED_EDGE('',*,*,#1743,.T.);
#960=ORIENTED_EDGE('',*,*,#1744,.T.);
#961=ORIENTED_EDGE('',*,*,#1739,.T.);
#962=ORIENTED_EDGE('',*,*,#1745,.F.);
#963=ORIENTED_EDGE('',*,*,#1746,.F.);
#964=ORIENTED_EDGE('',*,*,#1747,.T.);
#965=ORIENTED_EDGE('',*,*,#1743,.F.);
#966=ORIENTED_EDGE('',*,*,#1748,.T.);
#967=ORIENTED_EDGE('',*,*,#1746,.T.);
#968=ORIENTED_EDGE('',*,*,#1749,.F.);
#969=ORIENTED_EDGE('',*,*,#1750,.F.);
#970=ORIENTED_EDGE('',*,*,#1751,.T.);
#971=ORIENTED_EDGE('',*,*,#1722,.F.);
#972=ORIENTED_EDGE('',*,*,#1719,.F.);
#973=ORIENTED_EDGE('',*,*,#1716,.F.);
#974=ORIENTED_EDGE('',*,*,#1726,.F.);
#975=ORIENTED_EDGE('',*,*,#1734,.F.);
#976=ORIENTED_EDGE('',*,*,#1731,.F.);
#977=ORIENTED_EDGE('',*,*,#1728,.F.);
#978=ORIENTED_EDGE('',*,*,#1738,.F.);
#979=ORIENTED_EDGE('',*,*,#1752,.F.);
#980=ORIENTED_EDGE('',*,*,#1740,.F.);
#981=ORIENTED_EDGE('',*,*,#1744,.F.);
#982=ORIENTED_EDGE('',*,*,#1747,.F.);
#983=ORIENTED_EDGE('',*,*,#1751,.F.);
#984=ORIENTED_EDGE('',*,*,#1753,.T.);
#985=ORIENTED_EDGE('',*,*,#1754,.F.);
#986=ORIENTED_EDGE('',*,*,#1741,.T.);
#987=ORIENTED_EDGE('',*,*,#1752,.T.);
#988=ORIENTED_EDGE('',*,*,#1755,.T.);
#989=ORIENTED_EDGE('',*,*,#1756,.T.);
#990=ORIENTED_EDGE('',*,*,#1755,.F.);
#991=ORIENTED_EDGE('',*,*,#1757,.F.);
#992=ORIENTED_EDGE('',*,*,#1758,.T.);
#993=ORIENTED_EDGE('',*,*,#1759,.F.);
#994=ORIENTED_EDGE('',*,*,#1753,.F.);
#995=ORIENTED_EDGE('',*,*,#1750,.T.);
#996=ORIENTED_EDGE('',*,*,#1760,.F.);
#997=ORIENTED_EDGE('',*,*,#1761,.F.);
#998=ORIENTED_EDGE('',*,*,#1762,.T.);
#999=ORIENTED_EDGE('',*,*,#1757,.T.);
#1000=ORIENTED_EDGE('',*,*,#1763,.T.);
#1001=ORIENTED_EDGE('',*,*,#1761,.T.);
#1002=ORIENTED_EDGE('',*,*,#1764,.F.);
#1003=ORIENTED_EDGE('',*,*,#1765,.T.);
#1004=ORIENTED_EDGE('',*,*,#1766,.T.);
#1005=ORIENTED_EDGE('',*,*,#1767,.F.);
#1006=ORIENTED_EDGE('',*,*,#1768,.T.);
#1007=ORIENTED_EDGE('',*,*,#1765,.F.);
#1008=ORIENTED_EDGE('',*,*,#1769,.F.);
#1009=ORIENTED_EDGE('',*,*,#1770,.F.);
#1010=ORIENTED_EDGE('',*,*,#1758,.F.);
#1011=ORIENTED_EDGE('',*,*,#1762,.F.);
#1012=ORIENTED_EDGE('',*,*,#1763,.F.);
#1013=ORIENTED_EDGE('',*,*,#1768,.F.);
#1014=ORIENTED_EDGE('',*,*,#1771,.T.);
#1015=ORIENTED_EDGE('',*,*,#1772,.F.);
#1016=ORIENTED_EDGE('',*,*,#1759,.T.);
#1017=ORIENTED_EDGE('',*,*,#1770,.T.);
#1018=ORIENTED_EDGE('',*,*,#1773,.F.);
#1019=ORIENTED_EDGE('',*,*,#1774,.F.);
#1020=ORIENTED_EDGE('',*,*,#1775,.F.);
#1021=ORIENTED_EDGE('',*,*,#1776,.T.);
#1022=ORIENTED_EDGE('',*,*,#1777,.F.);
#1023=ORIENTED_EDGE('',*,*,#1778,.T.);
#1024=ORIENTED_EDGE('',*,*,#1779,.F.);
#1025=ORIENTED_EDGE('',*,*,#1780,.F.);
#1026=ORIENTED_EDGE('',*,*,#1781,.F.);
#1027=ORIENTED_EDGE('',*,*,#1776,.F.);
#1028=ORIENTED_EDGE('',*,*,#1782,.F.);
#1029=ORIENTED_EDGE('',*,*,#1780,.T.);
#1030=ORIENTED_EDGE('',*,*,#1783,.T.);
#1031=ORIENTED_EDGE('',*,*,#1784,.T.);
#1032=ORIENTED_EDGE('',*,*,#1779,.T.);
#1033=ORIENTED_EDGE('',*,*,#1775,.T.);
#1034=ORIENTED_EDGE('',*,*,#1785,.F.);
#1035=ORIENTED_EDGE('',*,*,#1786,.T.);
#1036=ORIENTED_EDGE('',*,*,#1771,.F.);
#1037=ORIENTED_EDGE('',*,*,#1787,.F.);
#1038=ORIENTED_EDGE('',*,*,#1788,.F.);
#1039=ORIENTED_EDGE('',*,*,#1783,.F.);
#1040=ORIENTED_EDGE('',*,*,#1789,.T.);
#1041=ORIENTED_EDGE('',*,*,#1784,.F.);
#1042=ORIENTED_EDGE('',*,*,#1788,.T.);
#1043=ORIENTED_EDGE('',*,*,#1790,.F.);
#1044=ORIENTED_EDGE('',*,*,#1787,.T.);
#1045=ORIENTED_EDGE('',*,*,#1774,.T.);
#1046=ORIENTED_EDGE('',*,*,#1791,.T.);
#1047=ORIENTED_EDGE('',*,*,#1790,.T.);
#1048=ORIENTED_EDGE('',*,*,#1773,.T.);
#1049=ORIENTED_EDGE('',*,*,#1769,.T.);
#1050=ORIENTED_EDGE('',*,*,#1767,.T.);
#1051=ORIENTED_EDGE('',*,*,#1792,.T.);
#1052=ORIENTED_EDGE('',*,*,#1793,.F.);
#1053=ORIENTED_EDGE('',*,*,#1777,.T.);
#1054=ORIENTED_EDGE('',*,*,#1781,.T.);
#1055=ORIENTED_EDGE('',*,*,#1782,.T.);
#1056=ORIENTED_EDGE('',*,*,#1789,.F.);
#1057=ORIENTED_EDGE('',*,*,#1791,.F.);
#1058=ORIENTED_EDGE('',*,*,#1794,.F.);
#1059=ORIENTED_EDGE('',*,*,#1785,.T.);
#1060=ORIENTED_EDGE('',*,*,#1778,.F.);
#1061=ORIENTED_EDGE('',*,*,#1793,.T.);
#1062=ORIENTED_EDGE('',*,*,#1792,.F.);
#1063=ORIENTED_EDGE('',*,*,#1766,.F.);
#1064=ORIENTED_EDGE('',*,*,#1764,.T.);
#1065=ORIENTED_EDGE('',*,*,#1760,.T.);
#1066=ORIENTED_EDGE('',*,*,#1749,.T.);
#1067=ORIENTED_EDGE('',*,*,#1748,.F.);
#1068=ORIENTED_EDGE('',*,*,#1745,.T.);
#1069=ORIENTED_EDGE('',*,*,#1742,.F.);
#1070=ORIENTED_EDGE('',*,*,#1754,.T.);
#1071=ORIENTED_EDGE('',*,*,#1756,.F.);
#1072=ORIENTED_EDGE('',*,*,#1772,.T.);
#1073=ORIENTED_EDGE('',*,*,#1786,.F.);
#1074=ORIENTED_EDGE('',*,*,#1794,.T.);
#1075=ORIENTED_EDGE('',*,*,#1795,.T.);
#1076=ORIENTED_EDGE('',*,*,#1796,.F.);
#1077=ORIENTED_EDGE('',*,*,#1797,.F.);
#1078=ORIENTED_EDGE('',*,*,#1798,.F.);
#1079=ORIENTED_EDGE('',*,*,#1799,.F.);
#1080=ORIENTED_EDGE('',*,*,#1800,.T.);
#1081=ORIENTED_EDGE('',*,*,#1801,.T.);
#1082=ORIENTED_EDGE('',*,*,#1797,.T.);
#1083=ORIENTED_EDGE('',*,*,#1802,.T.);
#1084=ORIENTED_EDGE('',*,*,#1803,.T.);
#1085=ORIENTED_EDGE('',*,*,#1804,.F.);
#1086=ORIENTED_EDGE('',*,*,#1805,.T.);
#1087=ORIENTED_EDGE('',*,*,#1806,.F.);
#1088=ORIENTED_EDGE('',*,*,#1807,.T.);
#1089=ORIENTED_EDGE('',*,*,#1808,.F.);
#1090=ORIENTED_EDGE('',*,*,#1809,.T.);
#1091=ORIENTED_EDGE('',*,*,#1810,.F.);
#1092=ORIENTED_EDGE('',*,*,#1811,.F.);
#1093=ORIENTED_EDGE('',*,*,#1807,.F.);
#1094=ORIENTED_EDGE('',*,*,#1803,.F.);
#1095=ORIENTED_EDGE('',*,*,#1810,.T.);
#1096=ORIENTED_EDGE('',*,*,#1812,.F.);
#1097=ORIENTED_EDGE('',*,*,#1813,.T.);
#1098=ORIENTED_EDGE('',*,*,#1806,.T.);
#1099=ORIENTED_EDGE('',*,*,#1814,.T.);
#1100=ORIENTED_EDGE('',*,*,#1815,.F.);
#1101=ORIENTED_EDGE('',*,*,#1816,.F.);
#1102=ORIENTED_EDGE('',*,*,#1817,.T.);
#1103=ORIENTED_EDGE('',*,*,#1812,.T.);
#1104=ORIENTED_EDGE('',*,*,#1800,.F.);
#1105=ORIENTED_EDGE('',*,*,#1818,.F.);
#1106=ORIENTED_EDGE('',*,*,#1815,.T.);
#1107=ORIENTED_EDGE('',*,*,#1819,.F.);
#1108=ORIENTED_EDGE('',*,*,#1799,.T.);
#1109=ORIENTED_EDGE('',*,*,#1796,.T.);
#1110=ORIENTED_EDGE('',*,*,#1820,.F.);
#1111=ORIENTED_EDGE('',*,*,#1821,.F.);
#1112=ORIENTED_EDGE('',*,*,#1816,.T.);
#1113=ORIENTED_EDGE('',*,*,#1818,.T.);
#1114=ORIENTED_EDGE('',*,*,#1804,.T.);
#1115=ORIENTED_EDGE('',*,*,#1813,.F.);
#1116=ORIENTED_EDGE('',*,*,#1817,.F.);
#1117=ORIENTED_EDGE('',*,*,#1821,.T.);
#1118=ORIENTED_EDGE('',*,*,#1822,.F.);
#1119=ORIENTED_EDGE('',*,*,#1823,.F.);
#1120=ORIENTED_EDGE('',*,*,#1824,.F.);
#1121=ORIENTED_EDGE('',*,*,#1825,.T.);
#1122=ORIENTED_EDGE('',*,*,#1805,.F.);
#1123=ORIENTED_EDGE('',*,*,#1823,.T.);
#1124=ORIENTED_EDGE('',*,*,#1825,.F.);
#1125=ORIENTED_EDGE('',*,*,#1826,.F.);
#1126=ORIENTED_EDGE('',*,*,#1827,.F.);
#1127=ORIENTED_EDGE('',*,*,#1811,.T.);
#1128=ORIENTED_EDGE('',*,*,#1802,.F.);
#1129=ORIENTED_EDGE('',*,*,#1827,.T.);
#1130=ORIENTED_EDGE('',*,*,#1828,.F.);
#1131=ORIENTED_EDGE('',*,*,#1829,.T.);
#1132=ORIENTED_EDGE('',*,*,#1808,.T.);
#1133=ORIENTED_EDGE('',*,*,#1828,.T.);
#1134=ORIENTED_EDGE('',*,*,#1830,.T.);
#1135=ORIENTED_EDGE('',*,*,#1831,.T.);
#1136=ORIENTED_EDGE('',*,*,#1798,.T.);
#1137=ORIENTED_EDGE('',*,*,#1801,.F.);
#1138=ORIENTED_EDGE('',*,*,#1819,.T.);
#1139=ORIENTED_EDGE('',*,*,#1814,.F.);
#1140=ORIENTED_EDGE('',*,*,#1809,.F.);
#1141=ORIENTED_EDGE('',*,*,#1829,.F.);
#1142=ORIENTED_EDGE('',*,*,#1832,.F.);
#1143=ORIENTED_EDGE('',*,*,#1830,.F.);
#1144=ORIENTED_EDGE('',*,*,#1826,.T.);
#1145=ORIENTED_EDGE('',*,*,#1833,.F.);
#1146=ORIENTED_EDGE('',*,*,#1832,.T.);
#1147=ORIENTED_EDGE('',*,*,#1824,.T.);
#1148=ORIENTED_EDGE('',*,*,#1822,.T.);
#1149=ORIENTED_EDGE('',*,*,#1820,.T.);
#1150=ORIENTED_EDGE('',*,*,#1795,.F.);
#1151=ORIENTED_EDGE('',*,*,#1831,.F.);
#1152=ORIENTED_EDGE('',*,*,#1833,.T.);
#1153=ORIENTED_EDGE('',*,*,#1834,.F.);
#1154=ORIENTED_EDGE('',*,*,#1835,.F.);
#1155=ORIENTED_EDGE('',*,*,#1836,.F.);
#1156=ORIENTED_EDGE('',*,*,#1837,.F.);
#1157=ORIENTED_EDGE('',*,*,#1838,.F.);
#1158=ORIENTED_EDGE('',*,*,#1839,.F.);
#1159=ORIENTED_EDGE('',*,*,#1840,.F.);
#1160=ORIENTED_EDGE('',*,*,#1841,.F.);
#1161=ORIENTED_EDGE('',*,*,#1842,.F.);
#1162=ORIENTED_EDGE('',*,*,#1837,.T.);
#1163=ORIENTED_EDGE('',*,*,#1843,.F.);
#1164=ORIENTED_EDGE('',*,*,#1844,.T.);
#1165=ORIENTED_EDGE('',*,*,#1845,.T.);
#1166=ORIENTED_EDGE('',*,*,#1838,.T.);
#1167=ORIENTED_EDGE('',*,*,#1842,.T.);
#1168=ORIENTED_EDGE('',*,*,#1846,.T.);
#1169=ORIENTED_EDGE('',*,*,#1847,.F.);
#1170=ORIENTED_EDGE('',*,*,#1839,.T.);
#1171=ORIENTED_EDGE('',*,*,#1845,.F.);
#1172=ORIENTED_EDGE('',*,*,#1848,.T.);
#1173=ORIENTED_EDGE('',*,*,#1849,.T.);
#1174=ORIENTED_EDGE('',*,*,#1840,.T.);
#1175=ORIENTED_EDGE('',*,*,#1847,.T.);
#1176=ORIENTED_EDGE('',*,*,#1850,.T.);
#1177=ORIENTED_EDGE('',*,*,#1851,.F.);
#1178=ORIENTED_EDGE('',*,*,#1841,.T.);
#1179=ORIENTED_EDGE('',*,*,#1849,.F.);
#1180=ORIENTED_EDGE('',*,*,#1852,.T.);
#1181=ORIENTED_EDGE('',*,*,#1853,.T.);
#1182=ORIENTED_EDGE('',*,*,#1834,.T.);
#1183=ORIENTED_EDGE('',*,*,#1851,.T.);
#1184=ORIENTED_EDGE('',*,*,#1854,.T.);
#1185=ORIENTED_EDGE('',*,*,#1855,.F.);
#1186=ORIENTED_EDGE('',*,*,#1835,.T.);
#1187=ORIENTED_EDGE('',*,*,#1853,.F.);
#1188=ORIENTED_EDGE('',*,*,#1856,.T.);
#1189=ORIENTED_EDGE('',*,*,#1843,.T.);
#1190=ORIENTED_EDGE('',*,*,#1836,.T.);
#1191=ORIENTED_EDGE('',*,*,#1855,.T.);
#1192=ORIENTED_EDGE('',*,*,#1857,.T.);
#1193=ORIENTED_EDGE('',*,*,#1858,.T.);
#1194=ORIENTED_EDGE('',*,*,#1857,.F.);
#1195=ORIENTED_EDGE('',*,*,#1859,.T.);
#1196=ORIENTED_EDGE('',*,*,#1860,.F.);
#1197=ORIENTED_EDGE('',*,*,#1861,.F.);
#1198=ORIENTED_EDGE('',*,*,#1844,.F.);
#1199=ORIENTED_EDGE('',*,*,#1858,.F.);
#1200=ORIENTED_EDGE('',*,*,#1862,.T.);
#1201=ORIENTED_EDGE('',*,*,#1863,.T.);
#1202=ORIENTED_EDGE('',*,*,#1846,.F.);
#1203=ORIENTED_EDGE('',*,*,#1861,.T.);
#1204=ORIENTED_EDGE('',*,*,#1864,.F.);
#1205=ORIENTED_EDGE('',*,*,#1865,.F.);
#1206=ORIENTED_EDGE('',*,*,#1848,.F.);
#1207=ORIENTED_EDGE('',*,*,#1863,.F.);
#1208=ORIENTED_EDGE('',*,*,#1866,.T.);
#1209=ORIENTED_EDGE('',*,*,#1867,.T.);
#1210=ORIENTED_EDGE('',*,*,#1850,.F.);
#1211=ORIENTED_EDGE('',*,*,#1865,.T.);
#1212=ORIENTED_EDGE('',*,*,#1868,.F.);
#1213=ORIENTED_EDGE('',*,*,#1869,.F.);
#1214=ORIENTED_EDGE('',*,*,#1852,.F.);
#1215=ORIENTED_EDGE('',*,*,#1867,.F.);
#1216=ORIENTED_EDGE('',*,*,#1870,.T.);
#1217=ORIENTED_EDGE('',*,*,#1871,.T.);
#1218=ORIENTED_EDGE('',*,*,#1854,.F.);
#1219=ORIENTED_EDGE('',*,*,#1869,.T.);
#1220=ORIENTED_EDGE('',*,*,#1872,.F.);
#1221=ORIENTED_EDGE('',*,*,#1859,.F.);
#1222=ORIENTED_EDGE('',*,*,#1856,.F.);
#1223=ORIENTED_EDGE('',*,*,#1871,.F.);
#1224=ORIENTED_EDGE('',*,*,#1873,.T.);
#1225=ORIENTED_EDGE('',*,*,#1874,.T.);
#1226=ORIENTED_EDGE('',*,*,#1875,.F.);
#1227=ORIENTED_EDGE('',*,*,#1876,.T.);
#1228=ORIENTED_EDGE('',*,*,#1877,.F.);
#1229=ORIENTED_EDGE('',*,*,#1878,.T.);
#1230=ORIENTED_EDGE('',*,*,#1879,.F.);
#1231=ORIENTED_EDGE('',*,*,#1880,.T.);
#1232=ORIENTED_EDGE('',*,*,#1881,.F.);
#1233=ORIENTED_EDGE('',*,*,#1882,.F.);
#1234=ORIENTED_EDGE('',*,*,#1883,.T.);
#1235=ORIENTED_EDGE('',*,*,#1876,.F.);
#1236=ORIENTED_EDGE('',*,*,#1884,.T.);
#1237=ORIENTED_EDGE('',*,*,#1885,.F.);
#1238=ORIENTED_EDGE('',*,*,#1886,.F.);
#1239=ORIENTED_EDGE('',*,*,#1877,.T.);
#1240=ORIENTED_EDGE('',*,*,#1883,.F.);
#1241=ORIENTED_EDGE('',*,*,#1887,.F.);
#1242=ORIENTED_EDGE('',*,*,#1888,.T.);
#1243=ORIENTED_EDGE('',*,*,#1878,.F.);
#1244=ORIENTED_EDGE('',*,*,#1886,.T.);
#1245=ORIENTED_EDGE('',*,*,#1889,.F.);
#1246=ORIENTED_EDGE('',*,*,#1890,.F.);
#1247=ORIENTED_EDGE('',*,*,#1879,.T.);
#1248=ORIENTED_EDGE('',*,*,#1888,.F.);
#1249=ORIENTED_EDGE('',*,*,#1880,.F.);
#1250=ORIENTED_EDGE('',*,*,#1890,.T.);
#1251=ORIENTED_EDGE('',*,*,#1891,.F.);
#1252=ORIENTED_EDGE('',*,*,#1892,.T.);
#1253=ORIENTED_EDGE('',*,*,#1893,.F.);
#1254=ORIENTED_EDGE('',*,*,#1894,.F.);
#1255=ORIENTED_EDGE('',*,*,#1881,.T.);
#1256=ORIENTED_EDGE('',*,*,#1892,.F.);
#1257=ORIENTED_EDGE('',*,*,#1895,.F.);
#1258=ORIENTED_EDGE('',*,*,#1896,.T.);
#1259=ORIENTED_EDGE('',*,*,#1874,.F.);
#1260=ORIENTED_EDGE('',*,*,#1894,.T.);
#1261=ORIENTED_EDGE('',*,*,#1897,.F.);
#1262=ORIENTED_EDGE('',*,*,#1884,.F.);
#1263=ORIENTED_EDGE('',*,*,#1875,.T.);
#1264=ORIENTED_EDGE('',*,*,#1896,.F.);
#1265=ORIENTED_EDGE('',*,*,#1898,.T.);
#1266=ORIENTED_EDGE('',*,*,#1899,.F.);
#1267=ORIENTED_EDGE('',*,*,#1897,.T.);
#1268=ORIENTED_EDGE('',*,*,#1900,.F.);
#1269=ORIENTED_EDGE('',*,*,#1901,.F.);
#1270=ORIENTED_EDGE('',*,*,#1902,.T.);
#1271=ORIENTED_EDGE('',*,*,#1882,.T.);
#1272=ORIENTED_EDGE('',*,*,#1899,.T.);
#1273=ORIENTED_EDGE('',*,*,#1903,.T.);
#1274=ORIENTED_EDGE('',*,*,#1904,.F.);
#1275=ORIENTED_EDGE('',*,*,#1885,.T.);
#1276=ORIENTED_EDGE('',*,*,#1902,.F.);
#1277=ORIENTED_EDGE('',*,*,#1905,.F.);
#1278=ORIENTED_EDGE('',*,*,#1906,.T.);
#1279=ORIENTED_EDGE('',*,*,#1887,.T.);
#1280=ORIENTED_EDGE('',*,*,#1904,.T.);
#1281=ORIENTED_EDGE('',*,*,#1907,.T.);
#1282=ORIENTED_EDGE('',*,*,#1908,.F.);
#1283=ORIENTED_EDGE('',*,*,#1889,.T.);
#1284=ORIENTED_EDGE('',*,*,#1906,.F.);
#1285=ORIENTED_EDGE('',*,*,#1891,.T.);
#1286=ORIENTED_EDGE('',*,*,#1908,.T.);
#1287=ORIENTED_EDGE('',*,*,#1909,.F.);
#1288=ORIENTED_EDGE('',*,*,#1910,.T.);
#1289=ORIENTED_EDGE('',*,*,#1911,.T.);
#1290=ORIENTED_EDGE('',*,*,#1912,.F.);
#1291=ORIENTED_EDGE('',*,*,#1893,.T.);
#1292=ORIENTED_EDGE('',*,*,#1910,.F.);
#1293=ORIENTED_EDGE('',*,*,#1913,.F.);
#1294=ORIENTED_EDGE('',*,*,#1900,.T.);
#1295=ORIENTED_EDGE('',*,*,#1895,.T.);
#1296=ORIENTED_EDGE('',*,*,#1912,.T.);
#1297=ORIENTED_EDGE('',*,*,#1911,.F.);
#1298=ORIENTED_EDGE('',*,*,#1909,.T.);
#1299=ORIENTED_EDGE('',*,*,#1907,.F.);
#1300=ORIENTED_EDGE('',*,*,#1905,.T.);
#1301=ORIENTED_EDGE('',*,*,#1903,.F.);
#1302=ORIENTED_EDGE('',*,*,#1901,.T.);
#1303=ORIENTED_EDGE('',*,*,#1898,.F.);
#1304=ORIENTED_EDGE('',*,*,#1913,.T.);
#1305=ORIENTED_EDGE('',*,*,#1914,.T.);
#1306=ORIENTED_EDGE('',*,*,#1915,.F.);
#1307=ORIENTED_EDGE('',*,*,#1916,.F.);
#1308=ORIENTED_EDGE('',*,*,#1917,.F.);
#1309=ORIENTED_EDGE('',*,*,#1918,.F.);
#1310=ORIENTED_EDGE('',*,*,#1919,.F.);
#1311=ORIENTED_EDGE('',*,*,#1920,.F.);
#1312=ORIENTED_EDGE('',*,*,#1921,.F.);
#1313=ORIENTED_EDGE('',*,*,#1922,.F.);
#1314=ORIENTED_EDGE('',*,*,#1923,.F.);
#1315=ORIENTED_EDGE('',*,*,#1924,.F.);
#1316=ORIENTED_EDGE('',*,*,#1925,.T.);
#1317=ORIENTED_EDGE('',*,*,#1926,.T.);
#1318=ORIENTED_EDGE('',*,*,#1914,.F.);
#1319=ORIENTED_EDGE('',*,*,#1927,.F.);
#1320=ORIENTED_EDGE('',*,*,#1928,.T.);
#1321=ORIENTED_EDGE('',*,*,#1929,.T.);
#1322=ORIENTED_EDGE('',*,*,#1915,.T.);
#1323=ORIENTED_EDGE('',*,*,#1926,.F.);
#1324=ORIENTED_EDGE('',*,*,#1930,.F.);
#1325=ORIENTED_EDGE('',*,*,#1931,.F.);
#1326=ORIENTED_EDGE('',*,*,#1932,.T.);
#1327=ORIENTED_EDGE('',*,*,#1916,.T.);
#1328=ORIENTED_EDGE('',*,*,#1929,.F.);
#1329=ORIENTED_EDGE('',*,*,#1933,.F.);
#1330=ORIENTED_EDGE('',*,*,#1917,.T.);
#1331=ORIENTED_EDGE('',*,*,#1932,.F.);
#1332=ORIENTED_EDGE('',*,*,#1934,.T.);
#1333=ORIENTED_EDGE('',*,*,#1935,.F.);
#1334=ORIENTED_EDGE('',*,*,#1936,.T.);
#1335=ORIENTED_EDGE('',*,*,#1918,.T.);
#1336=ORIENTED_EDGE('',*,*,#1933,.T.);
#1337=ORIENTED_EDGE('',*,*,#1937,.F.);
#1338=ORIENTED_EDGE('',*,*,#1919,.T.);
#1339=ORIENTED_EDGE('',*,*,#1936,.F.);
#1340=ORIENTED_EDGE('',*,*,#1938,.T.);
#1341=ORIENTED_EDGE('',*,*,#1939,.F.);
#1342=ORIENTED_EDGE('',*,*,#1940,.T.);
#1343=ORIENTED_EDGE('',*,*,#1920,.T.);
#1344=ORIENTED_EDGE('',*,*,#1937,.T.);
#1345=ORIENTED_EDGE('',*,*,#1941,.F.);
#1346=ORIENTED_EDGE('',*,*,#1921,.T.);
#1347=ORIENTED_EDGE('',*,*,#1940,.F.);
#1348=ORIENTED_EDGE('',*,*,#1942,.T.);
#1349=ORIENTED_EDGE('',*,*,#1943,.F.);
#1350=ORIENTED_EDGE('',*,*,#1944,.T.);
#1351=ORIENTED_EDGE('',*,*,#1922,.T.);
#1352=ORIENTED_EDGE('',*,*,#1941,.T.);
#1353=ORIENTED_EDGE('',*,*,#1945,.F.);
#1354=ORIENTED_EDGE('',*,*,#1923,.T.);
#1355=ORIENTED_EDGE('',*,*,#1944,.F.);
#1356=ORIENTED_EDGE('',*,*,#1946,.T.);
#1357=ORIENTED_EDGE('',*,*,#1924,.T.);
#1358=ORIENTED_EDGE('',*,*,#1945,.T.);
#1359=ORIENTED_EDGE('',*,*,#1947,.F.);
#1360=ORIENTED_EDGE('',*,*,#1948,.T.);
#1361=ORIENTED_EDGE('',*,*,#1927,.T.);
#1362=ORIENTED_EDGE('',*,*,#1925,.F.);
#1363=ORIENTED_EDGE('',*,*,#1948,.F.);
#1364=ORIENTED_EDGE('',*,*,#1949,.T.);
#1365=ORIENTED_EDGE('',*,*,#1872,.T.);
#1366=ORIENTED_EDGE('',*,*,#1870,.F.);
#1367=ORIENTED_EDGE('',*,*,#1868,.T.);
#1368=ORIENTED_EDGE('',*,*,#1866,.F.);
#1369=ORIENTED_EDGE('',*,*,#1864,.T.);
#1370=ORIENTED_EDGE('',*,*,#1862,.F.);
#1371=ORIENTED_EDGE('',*,*,#1860,.T.);
#1372=ORIENTED_EDGE('',*,*,#1873,.F.);
#1373=ORIENTED_EDGE('',*,*,#1947,.T.);
#1374=ORIENTED_EDGE('',*,*,#1946,.F.);
#1375=ORIENTED_EDGE('',*,*,#1943,.T.);
#1376=ORIENTED_EDGE('',*,*,#1942,.F.);
#1377=ORIENTED_EDGE('',*,*,#1939,.T.);
#1378=ORIENTED_EDGE('',*,*,#1938,.F.);
#1379=ORIENTED_EDGE('',*,*,#1935,.T.);
#1380=ORIENTED_EDGE('',*,*,#1934,.F.);
#1381=ORIENTED_EDGE('',*,*,#1931,.T.);
#1382=ORIENTED_EDGE('',*,*,#1930,.T.);
#1383=ORIENTED_EDGE('',*,*,#1928,.F.);
#1384=ORIENTED_EDGE('',*,*,#1949,.F.);
#1385=ORIENTED_EDGE('',*,*,#1950,.F.);
#1386=ORIENTED_EDGE('',*,*,#1951,.F.);
#1387=ORIENTED_EDGE('',*,*,#1952,.F.);
#1388=ORIENTED_EDGE('',*,*,#1953,.F.);
#1389=ORIENTED_EDGE('',*,*,#1954,.F.);
#1390=ORIENTED_EDGE('',*,*,#1955,.F.);
#1391=ORIENTED_EDGE('',*,*,#1956,.F.);
#1392=ORIENTED_EDGE('',*,*,#1957,.F.);
#1393=ORIENTED_EDGE('',*,*,#1958,.F.);
#1394=ORIENTED_EDGE('',*,*,#1959,.F.);
#1395=ORIENTED_EDGE('',*,*,#1960,.F.);
#1396=ORIENTED_EDGE('',*,*,#1961,.F.);
#1397=ORIENTED_EDGE('',*,*,#1962,.F.);
#1398=ORIENTED_EDGE('',*,*,#1963,.F.);
#1399=ORIENTED_EDGE('',*,*,#1964,.F.);
#1400=ORIENTED_EDGE('',*,*,#1965,.F.);
#1401=ORIENTED_EDGE('',*,*,#1966,.F.);
#1402=ORIENTED_EDGE('',*,*,#1964,.T.);
#1403=ORIENTED_EDGE('',*,*,#1967,.F.);
#1404=ORIENTED_EDGE('',*,*,#1968,.T.);
#1405=ORIENTED_EDGE('',*,*,#1969,.T.);
#1406=ORIENTED_EDGE('',*,*,#1965,.T.);
#1407=ORIENTED_EDGE('',*,*,#1966,.T.);
#1408=ORIENTED_EDGE('',*,*,#1970,.F.);
#1409=ORIENTED_EDGE('',*,*,#1971,.F.);
#1410=ORIENTED_EDGE('',*,*,#1950,.T.);
#1411=ORIENTED_EDGE('',*,*,#1969,.F.);
#1412=ORIENTED_EDGE('',*,*,#1972,.T.);
#1413=ORIENTED_EDGE('',*,*,#1973,.T.);
#1414=ORIENTED_EDGE('',*,*,#1951,.T.);
#1415=ORIENTED_EDGE('',*,*,#1971,.T.);
#1416=ORIENTED_EDGE('',*,*,#1974,.F.);
#1417=ORIENTED_EDGE('',*,*,#1975,.F.);
#1418=ORIENTED_EDGE('',*,*,#1952,.T.);
#1419=ORIENTED_EDGE('',*,*,#1973,.F.);
#1420=ORIENTED_EDGE('',*,*,#1976,.T.);
#1421=ORIENTED_EDGE('',*,*,#1977,.T.);
#1422=ORIENTED_EDGE('',*,*,#1953,.T.);
#1423=ORIENTED_EDGE('',*,*,#1975,.T.);
#1424=ORIENTED_EDGE('',*,*,#1978,.F.);
#1425=ORIENTED_EDGE('',*,*,#1979,.F.);
#1426=ORIENTED_EDGE('',*,*,#1954,.T.);
#1427=ORIENTED_EDGE('',*,*,#1977,.F.);
#1428=ORIENTED_EDGE('',*,*,#1980,.T.);
#1429=ORIENTED_EDGE('',*,*,#1981,.T.);
#1430=ORIENTED_EDGE('',*,*,#1955,.T.);
#1431=ORIENTED_EDGE('',*,*,#1979,.T.);
#1432=ORIENTED_EDGE('',*,*,#1982,.F.);
#1433=ORIENTED_EDGE('',*,*,#1983,.F.);
#1434=ORIENTED_EDGE('',*,*,#1956,.T.);
#1435=ORIENTED_EDGE('',*,*,#1981,.F.);
#1436=ORIENTED_EDGE('',*,*,#1984,.T.);
#1437=ORIENTED_EDGE('',*,*,#1985,.T.);
#1438=ORIENTED_EDGE('',*,*,#1957,.T.);
#1439=ORIENTED_EDGE('',*,*,#1983,.T.);
#1440=ORIENTED_EDGE('',*,*,#1986,.F.);
#1441=ORIENTED_EDGE('',*,*,#1987,.F.);
#1442=ORIENTED_EDGE('',*,*,#1958,.T.);
#1443=ORIENTED_EDGE('',*,*,#1985,.F.);
#1444=ORIENTED_EDGE('',*,*,#1988,.T.);
#1445=ORIENTED_EDGE('',*,*,#1989,.T.);
#1446=ORIENTED_EDGE('',*,*,#1959,.T.);
#1447=ORIENTED_EDGE('',*,*,#1987,.T.);
#1448=ORIENTED_EDGE('',*,*,#1990,.F.);
#1449=ORIENTED_EDGE('',*,*,#1991,.F.);
#1450=ORIENTED_EDGE('',*,*,#1960,.T.);
#1451=ORIENTED_EDGE('',*,*,#1989,.F.);
#1452=ORIENTED_EDGE('',*,*,#1992,.T.);
#1453=ORIENTED_EDGE('',*,*,#1993,.T.);
#1454=ORIENTED_EDGE('',*,*,#1961,.T.);
#1455=ORIENTED_EDGE('',*,*,#1991,.T.);
#1456=ORIENTED_EDGE('',*,*,#1994,.F.);
#1457=ORIENTED_EDGE('',*,*,#1995,.F.);
#1458=ORIENTED_EDGE('',*,*,#1962,.T.);
#1459=ORIENTED_EDGE('',*,*,#1993,.F.);
#1460=ORIENTED_EDGE('',*,*,#1996,.T.);
#1461=ORIENTED_EDGE('',*,*,#1997,.F.);
#1462=ORIENTED_EDGE('',*,*,#1998,.T.);
#1463=ORIENTED_EDGE('',*,*,#1999,.T.);
#1464=ORIENTED_EDGE('',*,*,#2000,.F.);
#1465=ORIENTED_EDGE('',*,*,#2001,.T.);
#1466=ORIENTED_EDGE('',*,*,#2002,.T.);
#1467=ORIENTED_EDGE('',*,*,#2003,.T.);
#1468=ORIENTED_EDGE('',*,*,#2004,.T.);
#1469=ORIENTED_EDGE('',*,*,#2005,.F.);
#1470=ORIENTED_EDGE('',*,*,#2006,.T.);
#1471=ORIENTED_EDGE('',*,*,#2001,.F.);
#1472=ORIENTED_EDGE('',*,*,#2007,.F.);
#1473=ORIENTED_EDGE('',*,*,#2008,.T.);
#1474=ORIENTED_EDGE('',*,*,#2009,.T.);
#1475=ORIENTED_EDGE('',*,*,#2005,.T.);
#1476=ORIENTED_EDGE('',*,*,#2010,.T.);
#1477=ORIENTED_EDGE('',*,*,#2011,.F.);
#1478=ORIENTED_EDGE('',*,*,#2012,.T.);
#1479=ORIENTED_EDGE('',*,*,#2008,.F.);
#1480=ORIENTED_EDGE('',*,*,#2013,.F.);
#1481=ORIENTED_EDGE('',*,*,#2014,.T.);
#1482=ORIENTED_EDGE('',*,*,#2015,.T.);
#1483=ORIENTED_EDGE('',*,*,#2011,.T.);
#1484=ORIENTED_EDGE('',*,*,#2016,.T.);
#1485=ORIENTED_EDGE('',*,*,#2017,.F.);
#1486=ORIENTED_EDGE('',*,*,#2018,.T.);
#1487=ORIENTED_EDGE('',*,*,#2014,.F.);
#1488=ORIENTED_EDGE('',*,*,#2019,.T.);
#1489=ORIENTED_EDGE('',*,*,#2020,.T.);
#1490=ORIENTED_EDGE('',*,*,#2021,.T.);
#1491=ORIENTED_EDGE('',*,*,#2017,.T.);
#1492=ORIENTED_EDGE('',*,*,#2022,.T.);
#1493=ORIENTED_EDGE('',*,*,#2023,.F.);
#1494=ORIENTED_EDGE('',*,*,#2024,.T.);
#1495=ORIENTED_EDGE('',*,*,#2020,.F.);
#1496=ORIENTED_EDGE('',*,*,#2025,.T.);
#1497=ORIENTED_EDGE('',*,*,#2026,.T.);
#1498=ORIENTED_EDGE('',*,*,#2027,.T.);
#1499=ORIENTED_EDGE('',*,*,#2023,.T.);
#1500=ORIENTED_EDGE('',*,*,#2028,.T.);
#1501=ORIENTED_EDGE('',*,*,#2029,.F.);
#1502=ORIENTED_EDGE('',*,*,#2030,.T.);
#1503=ORIENTED_EDGE('',*,*,#2026,.F.);
#1504=ORIENTED_EDGE('',*,*,#2031,.F.);
#1505=ORIENTED_EDGE('',*,*,#2032,.T.);
#1506=ORIENTED_EDGE('',*,*,#2033,.T.);
#1507=ORIENTED_EDGE('',*,*,#2029,.T.);
#1508=ORIENTED_EDGE('',*,*,#2034,.T.);
#1509=ORIENTED_EDGE('',*,*,#2035,.F.);
#1510=ORIENTED_EDGE('',*,*,#2036,.T.);
#1511=ORIENTED_EDGE('',*,*,#2032,.F.);
#1512=ORIENTED_EDGE('',*,*,#2037,.F.);
#1513=ORIENTED_EDGE('',*,*,#2038,.T.);
#1514=ORIENTED_EDGE('',*,*,#2039,.T.);
#1515=ORIENTED_EDGE('',*,*,#1999,.F.);
#1516=ORIENTED_EDGE('',*,*,#2040,.T.);
#1517=ORIENTED_EDGE('',*,*,#2041,.T.);
#1518=ORIENTED_EDGE('',*,*,#2042,.T.);
#1519=ORIENTED_EDGE('',*,*,#2035,.T.);
#1520=ORIENTED_EDGE('',*,*,#2043,.T.);
#1521=ORIENTED_EDGE('',*,*,#1998,.F.);
#1522=ORIENTED_EDGE('',*,*,#2044,.T.);
#1523=ORIENTED_EDGE('',*,*,#2045,.F.);
#1524=ORIENTED_EDGE('',*,*,#2040,.F.);
#1525=ORIENTED_EDGE('',*,*,#1997,.T.);
#1526=ORIENTED_EDGE('',*,*,#2046,.F.);
#1527=ORIENTED_EDGE('',*,*,#1967,.T.);
#1528=ORIENTED_EDGE('',*,*,#1963,.T.);
#1529=ORIENTED_EDGE('',*,*,#1995,.T.);
#1530=ORIENTED_EDGE('',*,*,#2047,.F.);
#1531=ORIENTED_EDGE('',*,*,#2048,.F.);
#1532=ORIENTED_EDGE('',*,*,#2044,.F.);
#1533=ORIENTED_EDGE('',*,*,#2041,.F.);
#1534=ORIENTED_EDGE('',*,*,#2045,.T.);
#1535=ORIENTED_EDGE('',*,*,#2048,.T.);
#1536=ORIENTED_EDGE('',*,*,#2049,.T.);
#1537=ORIENTED_EDGE('',*,*,#2047,.T.);
#1538=ORIENTED_EDGE('',*,*,#1996,.F.);
#1539=ORIENTED_EDGE('',*,*,#1994,.T.);
#1540=ORIENTED_EDGE('',*,*,#1992,.F.);
#1541=ORIENTED_EDGE('',*,*,#1990,.T.);
#1542=ORIENTED_EDGE('',*,*,#1988,.F.);
#1543=ORIENTED_EDGE('',*,*,#1986,.T.);
#1544=ORIENTED_EDGE('',*,*,#1984,.F.);
#1545=ORIENTED_EDGE('',*,*,#1982,.T.);
#1546=ORIENTED_EDGE('',*,*,#1980,.F.);
#1547=ORIENTED_EDGE('',*,*,#1978,.T.);
#1548=ORIENTED_EDGE('',*,*,#1976,.F.);
#1549=ORIENTED_EDGE('',*,*,#1974,.T.);
#1550=ORIENTED_EDGE('',*,*,#1972,.F.);
#1551=ORIENTED_EDGE('',*,*,#1970,.T.);
#1552=ORIENTED_EDGE('',*,*,#1968,.F.);
#1553=ORIENTED_EDGE('',*,*,#2046,.T.);
#1554=ORIENTED_EDGE('',*,*,#2000,.T.);
#1555=ORIENTED_EDGE('',*,*,#2039,.F.);
#1556=ORIENTED_EDGE('',*,*,#2050,.F.);
#1557=ORIENTED_EDGE('',*,*,#2051,.F.);
#1558=ORIENTED_EDGE('',*,*,#2052,.F.);
#1559=ORIENTED_EDGE('',*,*,#2002,.F.);
#1560=ORIENTED_EDGE('',*,*,#2006,.F.);
#1561=ORIENTED_EDGE('',*,*,#2009,.F.);
#1562=ORIENTED_EDGE('',*,*,#2012,.F.);
#1563=ORIENTED_EDGE('',*,*,#2015,.F.);
#1564=ORIENTED_EDGE('',*,*,#2018,.F.);
#1565=ORIENTED_EDGE('',*,*,#2021,.F.);
#1566=ORIENTED_EDGE('',*,*,#2024,.F.);
#1567=ORIENTED_EDGE('',*,*,#2027,.F.);
#1568=ORIENTED_EDGE('',*,*,#2030,.F.);
#1569=ORIENTED_EDGE('',*,*,#2033,.F.);
#1570=ORIENTED_EDGE('',*,*,#2036,.F.);
#1571=ORIENTED_EDGE('',*,*,#2042,.F.);
#1572=ORIENTED_EDGE('',*,*,#2049,.F.);
#1573=ORIENTED_EDGE('',*,*,#2053,.F.);
#1574=ORIENTED_EDGE('',*,*,#2003,.F.);
#1575=ORIENTED_EDGE('',*,*,#2052,.T.);
#1576=ORIENTED_EDGE('',*,*,#2054,.F.);
#1577=ORIENTED_EDGE('',*,*,#2055,.T.);
#1578=ORIENTED_EDGE('',*,*,#2056,.T.);
#1579=ORIENTED_EDGE('',*,*,#2057,.F.);
#1580=ORIENTED_EDGE('',*,*,#2058,.T.);
#1581=ORIENTED_EDGE('',*,*,#2016,.F.);
#1582=ORIENTED_EDGE('',*,*,#2013,.T.);
#1583=ORIENTED_EDGE('',*,*,#2010,.F.);
#1584=ORIENTED_EDGE('',*,*,#2007,.T.);
#1585=ORIENTED_EDGE('',*,*,#2004,.F.);
#1586=ORIENTED_EDGE('',*,*,#2053,.T.);
#1587=ORIENTED_EDGE('',*,*,#2059,.F.);
#1588=ORIENTED_EDGE('',*,*,#2019,.F.);
#1589=ORIENTED_EDGE('',*,*,#2058,.F.);
#1590=ORIENTED_EDGE('',*,*,#2060,.T.);
#1591=ORIENTED_EDGE('',*,*,#2061,.T.);
#1592=ORIENTED_EDGE('',*,*,#2022,.F.);
#1593=ORIENTED_EDGE('',*,*,#2059,.T.);
#1594=ORIENTED_EDGE('',*,*,#2062,.F.);
#1595=ORIENTED_EDGE('',*,*,#2063,.F.);
#1596=ORIENTED_EDGE('',*,*,#2025,.F.);
#1597=ORIENTED_EDGE('',*,*,#2061,.F.);
#1598=ORIENTED_EDGE('',*,*,#2064,.T.);
#1599=ORIENTED_EDGE('',*,*,#2065,.T.);
#1600=ORIENTED_EDGE('',*,*,#2066,.T.);
#1601=ORIENTED_EDGE('',*,*,#2043,.F.);
#1602=ORIENTED_EDGE('',*,*,#2037,.T.);
#1603=ORIENTED_EDGE('',*,*,#2034,.F.);
#1604=ORIENTED_EDGE('',*,*,#2031,.T.);
#1605=ORIENTED_EDGE('',*,*,#2028,.F.);
#1606=ORIENTED_EDGE('',*,*,#2063,.T.);
#1607=ORIENTED_EDGE('',*,*,#2067,.F.);
#1608=ORIENTED_EDGE('',*,*,#2065,.F.);
#1609=ORIENTED_EDGE('',*,*,#2068,.T.);
#1610=ORIENTED_EDGE('',*,*,#2069,.F.);
#1611=ORIENTED_EDGE('',*,*,#2070,.F.);
#1612=ORIENTED_EDGE('',*,*,#2071,.F.);
#1613=ORIENTED_EDGE('',*,*,#2050,.T.);
#1614=ORIENTED_EDGE('',*,*,#2038,.F.);
#1615=ORIENTED_EDGE('',*,*,#2066,.F.);
#1616=ORIENTED_EDGE('',*,*,#2070,.T.);
#1617=ORIENTED_EDGE('',*,*,#2054,.T.);
#1618=ORIENTED_EDGE('',*,*,#2051,.T.);
#1619=ORIENTED_EDGE('',*,*,#2071,.T.);
#1620=ORIENTED_EDGE('',*,*,#2072,.T.);
#1621=ORIENTED_EDGE('',*,*,#2069,.T.);
#1622=ORIENTED_EDGE('',*,*,#2073,.F.);
#1623=ORIENTED_EDGE('',*,*,#2074,.T.);
#1624=ORIENTED_EDGE('',*,*,#2072,.F.);
#1625=ORIENTED_EDGE('',*,*,#2056,.F.);
#1626=ORIENTED_EDGE('',*,*,#2055,.F.);
#1627=ORIENTED_EDGE('',*,*,#2074,.F.);
#1628=ORIENTED_EDGE('',*,*,#2075,.T.);
#1629=ORIENTED_EDGE('',*,*,#2073,.T.);
#1630=ORIENTED_EDGE('',*,*,#2068,.F.);
#1631=ORIENTED_EDGE('',*,*,#2067,.T.);
#1632=ORIENTED_EDGE('',*,*,#2064,.F.);
#1633=ORIENTED_EDGE('',*,*,#2062,.T.);
#1634=ORIENTED_EDGE('',*,*,#2060,.F.);
#1635=ORIENTED_EDGE('',*,*,#2057,.T.);
#1636=ORIENTED_EDGE('',*,*,#2075,.F.);
#1637=EDGE_CURVE('',#2076,#2076,#2361,.T.);
#1638=EDGE_CURVE('',#2077,#2077,#2362,.T.);
#1639=EDGE_CURVE('',#2078,#2078,#2363,.T.);
#1640=EDGE_CURVE('',#2079,#2079,#2364,.T.);
#1641=EDGE_CURVE('',#2080,#2080,#2365,.T.);
#1642=EDGE_CURVE('',#2081,#2081,#2366,.T.);
#1643=EDGE_CURVE('',#2082,#2083,#36,.T.);
#1644=EDGE_CURVE('',#2082,#2084,#2367,.T.);
#1645=EDGE_CURVE('',#2085,#2084,#37,.T.);
#1646=EDGE_CURVE('',#2085,#2083,#2368,.T.);
#1647=EDGE_CURVE('',#2086,#2084,#38,.T.);
#1648=EDGE_CURVE('',#2086,#2087,#39,.T.);
#1649=EDGE_CURVE('',#2087,#2085,#40,.T.);
#1650=EDGE_CURVE('',#2082,#2088,#41,.T.);
#1651=EDGE_CURVE('',#2089,#2088,#2369,.T.);
#1652=EDGE_CURVE('',#2089,#2090,#42,.T.);
#1653=EDGE_CURVE('',#2091,#2090,#2370,.T.);
#1654=EDGE_CURVE('',#2091,#2092,#43,.T.);
#1655=EDGE_CURVE('',#2086,#2092,#2371,.T.);
#1656=EDGE_CURVE('',#2083,#2093,#44,.T.);
#1657=EDGE_CURVE('',#2093,#2088,#45,.T.);
#1658=EDGE_CURVE('',#2089,#2094,#46,.T.);
#1659=EDGE_CURVE('',#2093,#2094,#2372,.T.);
#1660=EDGE_CURVE('',#2095,#2090,#47,.T.);
#1661=EDGE_CURVE('',#2094,#2095,#48,.T.);
#1662=EDGE_CURVE('',#2091,#2096,#49,.T.);
#1663=EDGE_CURVE('',#2095,#2096,#2373,.T.);
#1664=EDGE_CURVE('',#2097,#2092,#50,.T.);
#1665=EDGE_CURVE('',#2096,#2097,#51,.T.);
#1666=EDGE_CURVE('',#2097,#2087,#2374,.T.);
#1667=EDGE_CURVE('',#2098,#2099,#52,.T.);
#1668=EDGE_CURVE('',#2100,#2099,#2375,.T.);
#1669=EDGE_CURVE('',#2100,#2101,#53,.T.);
#1670=EDGE_CURVE('',#2102,#2101,#2376,.T.);
#1671=EDGE_CURVE('',#2102,#2103,#54,.T.);
#1672=EDGE_CURVE('',#2104,#2103,#2377,.T.);
#1673=EDGE_CURVE('',#2104,#2105,#55,.T.);
#1674=EDGE_CURVE('',#2098,#2105,#2378,.T.);
#1675=EDGE_CURVE('',#2106,#2099,#56,.T.);
#1676=EDGE_CURVE('',#2098,#2107,#57,.T.);
#1677=EDGE_CURVE('',#2107,#2106,#58,.T.);
#1678=EDGE_CURVE('',#2100,#2108,#59,.T.);
#1679=EDGE_CURVE('',#2106,#2108,#2379,.T.);
#1680=EDGE_CURVE('',#2109,#2101,#60,.T.);
#1681=EDGE_CURVE('',#2108,#2109,#61,.T.);
#1682=EDGE_CURVE('',#2102,#2110,#62,.T.);
#1683=EDGE_CURVE('',#2109,#2110,#2380,.T.);
#1684=EDGE_CURVE('',#2111,#2103,#63,.T.);
#1685=EDGE_CURVE('',#2110,#2111,#64,.T.);
#1686=EDGE_CURVE('',#2104,#2112,#65,.T.);
#1687=EDGE_CURVE('',#2111,#2112,#2381,.T.);
#1688=EDGE_CURVE('',#2113,#2105,#66,.T.);
#1689=EDGE_CURVE('',#2112,#2113,#67,.T.);
#1690=EDGE_CURVE('',#2113,#2107,#2382,.T.);
#1691=EDGE_CURVE('',#2114,#2115,#68,.T.);
#1692=EDGE_CURVE('',#2115,#2116,#69,.T.);
#1693=EDGE_CURVE('',#2117,#2116,#70,.T.);
#1694=EDGE_CURVE('',#2117,#2114,#71,.T.);
#1695=EDGE_CURVE('',#2115,#2118,#2383,.T.);
#1696=EDGE_CURVE('',#2119,#2118,#72,.T.);
#1697=EDGE_CURVE('',#2119,#2116,#2384,.T.);
#1698=EDGE_CURVE('',#2120,#2118,#73,.T.);
#1699=EDGE_CURVE('',#2120,#2121,#74,.T.);
#1700=EDGE_CURVE('',#2119,#2121,#75,.T.);
#1701=EDGE_CURVE('',#2122,#2123,#2385,.T.);
#1702=EDGE_CURVE('',#2124,#2123,#76,.T.);
#1703=EDGE_CURVE('',#2124,#2125,#2386,.T.);
#1704=EDGE_CURVE('',#2122,#2125,#77,.T.);
#1705=EDGE_CURVE('',#2126,#2124,#78,.T.);
#1706=EDGE_CURVE('',#2123,#2127,#79,.T.);
#1707=EDGE_CURVE('',#2127,#2126,#80,.T.);
#1708=EDGE_CURVE('',#2128,#2121,#2387,.T.);
#1709=EDGE_CURVE('',#2125,#2128,#81,.T.);
#1710=EDGE_CURVE('',#2117,#2126,#2388,.T.);
#1711=EDGE_CURVE('',#2127,#2114,#2389,.T.);
#1712=EDGE_CURVE('',#2122,#2129,#82,.T.);
#1713=EDGE_CURVE('',#2120,#2129,#2390,.T.);
#1714=EDGE_CURVE('',#2128,#2129,#83,.T.);
#1715=EDGE_CURVE('',#2130,#2131,#84,.T.);
#1716=EDGE_CURVE('',#2130,#2132,#85,.T.);
#1717=EDGE_CURVE('',#2132,#2133,#86,.T.);
#1718=EDGE_CURVE('',#2131,#2133,#87,.T.);
#1719=EDGE_CURVE('',#2132,#2134,#88,.T.);
#1720=EDGE_CURVE('',#2134,#2135,#89,.T.);
#1721=EDGE_CURVE('',#2133,#2135,#90,.T.);
#1722=EDGE_CURVE('',#2134,#2136,#91,.T.);
#1723=EDGE_CURVE('',#2136,#2137,#92,.T.);
#1724=EDGE_CURVE('',#2135,#2137,#93,.T.);
#1725=EDGE_CURVE('',#2137,#2131,#94,.T.);
#1726=EDGE_CURVE('',#2136,#2130,#95,.T.);
#1727=EDGE_CURVE('',#2138,#2139,#96,.T.);
#1728=EDGE_CURVE('',#2138,#2140,#97,.T.);
#1729=EDGE_CURVE('',#2140,#2141,#98,.T.);
#1730=EDGE_CURVE('',#2139,#2141,#99,.T.);
#1731=EDGE_CURVE('',#2140,#2142,#100,.T.);
#1732=EDGE_CURVE('',#2142,#2143,#101,.T.);
#1733=EDGE_CURVE('',#2141,#2143,#102,.T.);
#1734=EDGE_CURVE('',#2142,#2144,#103,.T.);
#1735=EDGE_CURVE('',#2144,#2145,#104,.T.);
#1736=EDGE_CURVE('',#2143,#2145,#105,.T.);
#1737=EDGE_CURVE('',#2145,#2139,#106,.T.);
#1738=EDGE_CURVE('',#2144,#2138,#107,.T.);
#1739=EDGE_CURVE('',#2146,#2147,#108,.T.);
#1740=EDGE_CURVE('',#2146,#2148,#2391,.T.);
#1741=EDGE_CURVE('',#2149,#2148,#109,.T.);
#1742=EDGE_CURVE('',#2149,#2147,#2392,.T.);
#1743=EDGE_CURVE('',#2150,#2151,#110,.T.);
#1744=EDGE_CURVE('',#2151,#2146,#111,.T.);
#1745=EDGE_CURVE('',#2150,#2147,#112,.T.);
#1746=EDGE_CURVE('',#2152,#2153,#113,.T.);
#1747=EDGE_CURVE('',#2152,#2151,#2393,.T.);
#1748=EDGE_CURVE('',#2150,#2153,#2394,.T.);
#1749=EDGE_CURVE('',#2154,#2153,#114,.T.);
#1750=EDGE_CURVE('',#2155,#2154,#115,.T.);
#1751=EDGE_CURVE('',#2155,#2152,#116,.T.);
#1752=EDGE_CURVE('',#2148,#2156,#117,.T.);
#1753=EDGE_CURVE('',#2155,#2156,#118,.T.);
#1754=EDGE_CURVE('',#2149,#2157,#119,.T.);
#1755=EDGE_CURVE('',#2156,#2157,#120,.T.);
#1756=EDGE_CURVE('',#2158,#2157,#2395,.T.);
#1757=EDGE_CURVE('',#2159,#2156,#121,.T.);
#1758=EDGE_CURVE('',#2159,#2160,#2396,.T.);
#1759=EDGE_CURVE('',#2158,#2160,#122,.T.);
#1760=EDGE_CURVE('',#2161,#2154,#123,.T.);
#1761=EDGE_CURVE('',#2162,#2161,#124,.T.);
#1762=EDGE_CURVE('',#2162,#2159,#125,.T.);
#1763=EDGE_CURVE('',#2163,#2162,#126,.T.);
#1764=EDGE_CURVE('',#2164,#2161,#127,.T.);
#1765=EDGE_CURVE('',#2164,#2163,#128,.T.);
#1766=EDGE_CURVE('',#2164,#2165,#2397,.T.);
#1767=EDGE_CURVE('',#2166,#2165,#129,.T.);
#1768=EDGE_CURVE('',#2166,#2163,#2398,.T.);
#1769=EDGE_CURVE('',#2167,#2166,#130,.T.);
#1770=EDGE_CURVE('',#2160,#2167,#131,.T.);
#1771=EDGE_CURVE('',#2168,#2169,#132,.T.);
#1772=EDGE_CURVE('',#2158,#2169,#133,.T.);
#1773=EDGE_CURVE('',#2170,#2167,#134,.T.);
#1774=EDGE_CURVE('',#2168,#2170,#135,.T.);
#1775=EDGE_CURVE('',#2171,#2172,#136,.T.);
#1776=EDGE_CURVE('',#2171,#2173,#137,.T.);
#1777=EDGE_CURVE('',#2174,#2173,#138,.T.);
#1778=EDGE_CURVE('',#2174,#2172,#139,.T.);
#1779=EDGE_CURVE('',#2175,#2171,#140,.T.);
#1780=EDGE_CURVE('',#2176,#2175,#141,.T.);
#1781=EDGE_CURVE('',#2173,#2176,#142,.T.);
#1782=EDGE_CURVE('',#2176,#2177,#143,.T.);
#1783=EDGE_CURVE('',#2175,#2178,#144,.T.);
#1784=EDGE_CURVE('',#2178,#2177,#145,.T.);
#1785=EDGE_CURVE('',#2179,#2172,#2399,.T.);
#1786=EDGE_CURVE('',#2179,#2169,#146,.T.);
#1787=EDGE_CURVE('',#2180,#2168,#147,.T.);
#1788=EDGE_CURVE('',#2178,#2180,#2400,.T.);
#1789=EDGE_CURVE('',#2181,#2177,#2401,.T.);
#1790=EDGE_CURVE('',#2181,#2180,#148,.T.);
#1791=EDGE_CURVE('',#2170,#2181,#149,.T.);
#1792=EDGE_CURVE('',#2165,#2182,#150,.T.);
#1793=EDGE_CURVE('',#2174,#2182,#2402,.T.);
#1794=EDGE_CURVE('',#2179,#2182,#151,.T.);
#1795=EDGE_CURVE('',#2183,#2184,#152,.T.);
#1796=EDGE_CURVE('',#2185,#2184,#30,.T.);
#1797=EDGE_CURVE('',#2186,#2185,#153,.T.);
#1798=EDGE_CURVE('',#2183,#2186,#31,.F.);
#1799=EDGE_CURVE('',#2187,#2185,#154,.T.);
#1800=EDGE_CURVE('',#2187,#2188,#155,.T.);
#1801=EDGE_CURVE('',#2188,#2186,#156,.T.);
#1802=EDGE_CURVE('',#2189,#2190,#157,.T.);
#1803=EDGE_CURVE('',#2190,#2191,#158,.T.);
#1804=EDGE_CURVE('',#2192,#2191,#159,.T.);
#1805=EDGE_CURVE('',#2192,#2189,#160,.T.);
#1806=EDGE_CURVE('',#2193,#2194,#161,.T.);
#1807=EDGE_CURVE('',#2193,#2195,#2403,.T.);
#1808=EDGE_CURVE('',#2196,#2195,#162,.T.);
#1809=EDGE_CURVE('',#2196,#2194,#2404,.T.);
#1810=EDGE_CURVE('',#2190,#2193,#2405,.T.);
#1811=EDGE_CURVE('',#2195,#2190,#2406,.T.);
#1812=EDGE_CURVE('',#2197,#2193,#163,.T.);
#1813=EDGE_CURVE('',#2197,#2191,#2407,.T.);
#1814=EDGE_CURVE('',#2194,#2198,#164,.T.);
#1815=EDGE_CURVE('',#2199,#2198,#165,.T.);
#1816=EDGE_CURVE('',#2200,#2199,#166,.T.);
#1817=EDGE_CURVE('',#2200,#2197,#167,.T.);
#1818=EDGE_CURVE('',#2199,#2187,#32,.T.);
#1819=EDGE_CURVE('',#2188,#2198,#33,.F.);
#1820=EDGE_CURVE('',#2201,#2184,#168,.T.);
#1821=EDGE_CURVE('',#2200,#2201,#169,.T.);
#1822=EDGE_CURVE('',#2202,#2201,#170,.T.);
#1823=EDGE_CURVE('',#2192,#2202,#2408,.T.);
#1824=EDGE_CURVE('',#2203,#2202,#171,.T.);
#1825=EDGE_CURVE('',#2203,#2189,#2409,.T.);
#1826=EDGE_CURVE('',#2204,#2203,#2410,.T.);
#1827=EDGE_CURVE('',#2189,#2204,#2411,.T.);
#1828=EDGE_CURVE('',#2195,#2204,#172,.T.);
#1829=EDGE_CURVE('',#2205,#2196,#173,.T.);
#1830=EDGE_CURVE('',#2204,#2205,#174,.T.);
#1831=EDGE_CURVE('',#2206,#2183,#175,.T.);
#1832=EDGE_CURVE('',#2206,#2205,#2412,.T.);
#1833=EDGE_CURVE('',#2206,#2203,#176,.T.);
#1834=EDGE_CURVE('',#2207,#2208,#177,.T.);
#1835=EDGE_CURVE('',#2209,#2207,#2413,.T.);
#1836=EDGE_CURVE('',#2210,#2209,#178,.T.);
#1837=EDGE_CURVE('',#2211,#2210,#2414,.T.);
#1838=EDGE_CURVE('',#2212,#2211,#179,.T.);
#1839=EDGE_CURVE('',#2213,#2212,#2415,.T.);
#1840=EDGE_CURVE('',#2214,#2213,#180,.T.);
#1841=EDGE_CURVE('',#2208,#2214,#2416,.T.);
#1842=EDGE_CURVE('',#2211,#2215,#181,.T.);
#1843=EDGE_CURVE('',#2216,#2210,#182,.T.);
#1844=EDGE_CURVE('',#2216,#2215,#2417,.T.);
#1845=EDGE_CURVE('',#2217,#2212,#183,.T.);
#1846=EDGE_CURVE('',#2215,#2217,#184,.T.);
#1847=EDGE_CURVE('',#2213,#2218,#185,.T.);
#1848=EDGE_CURVE('',#2217,#2218,#2418,.T.);
#1849=EDGE_CURVE('',#2219,#2214,#186,.T.);
#1850=EDGE_CURVE('',#2218,#2219,#187,.T.);
#1851=EDGE_CURVE('',#2208,#2220,#188,.T.);
#1852=EDGE_CURVE('',#2219,#2220,#2419,.T.);
#1853=EDGE_CURVE('',#2221,#2207,#189,.T.);
#1854=EDGE_CURVE('',#2220,#2221,#190,.T.);
#1855=EDGE_CURVE('',#2209,#2222,#191,.T.);
#1856=EDGE_CURVE('',#2221,#2222,#2420,.T.);
#1857=EDGE_CURVE('',#2222,#2216,#192,.T.);
#1858=EDGE_CURVE('',#2223,#2216,#2421,.T.);
#1859=EDGE_CURVE('',#2222,#2224,#2422,.T.);
#1860=EDGE_CURVE('',#2223,#2224,#193,.T.);
#1861=EDGE_CURVE('',#2215,#2225,#2423,.T.);
#1862=EDGE_CURVE('',#2223,#2225,#2424,.T.);
#1863=EDGE_CURVE('',#2226,#2217,#2425,.T.);
#1864=EDGE_CURVE('',#2226,#2225,#194,.T.);
#1865=EDGE_CURVE('',#2218,#2227,#2426,.T.);
#1866=EDGE_CURVE('',#2226,#2227,#2427,.T.);
#1867=EDGE_CURVE('',#2228,#2219,#2428,.T.);
#1868=EDGE_CURVE('',#2228,#2227,#195,.T.);
#1869=EDGE_CURVE('',#2220,#2229,#2429,.T.);
#1870=EDGE_CURVE('',#2228,#2229,#2430,.T.);
#1871=EDGE_CURVE('',#2230,#2221,#2431,.T.);
#1872=EDGE_CURVE('',#2230,#2229,#196,.T.);
#1873=EDGE_CURVE('',#2230,#2224,#2432,.T.);
#1874=EDGE_CURVE('',#2231,#2232,#197,.T.);
#1875=EDGE_CURVE('',#2233,#2232,#2433,.T.);
#1876=EDGE_CURVE('',#2233,#2234,#198,.T.);
#1877=EDGE_CURVE('',#2235,#2234,#2434,.T.);
#1878=EDGE_CURVE('',#2235,#2236,#199,.T.);
#1879=EDGE_CURVE('',#2237,#2236,#2435,.T.);
#1880=EDGE_CURVE('',#2237,#2238,#200,.T.);
#1881=EDGE_CURVE('',#2231,#2238,#2436,.T.);
#1882=EDGE_CURVE('',#2239,#2240,#201,.T.);
#1883=EDGE_CURVE('',#2239,#2234,#2437,.T.);
#1884=EDGE_CURVE('',#2233,#2240,#2438,.T.);
#1885=EDGE_CURVE('',#2241,#2239,#2439,.T.);
#1886=EDGE_CURVE('',#2235,#2241,#2440,.T.);
#1887=EDGE_CURVE('',#2242,#2241,#202,.T.);
#1888=EDGE_CURVE('',#2242,#2236,#2441,.T.);
#1889=EDGE_CURVE('',#2243,#2242,#2442,.T.);
#1890=EDGE_CURVE('',#2237,#2243,#2443,.T.);
#1891=EDGE_CURVE('',#2244,#2243,#203,.T.);
#1892=EDGE_CURVE('',#2244,#2238,#2444,.T.);
#1893=EDGE_CURVE('',#2245,#2244,#2445,.T.);
#1894=EDGE_CURVE('',#2231,#2245,#2446,.T.);
#1895=EDGE_CURVE('',#2246,#2245,#204,.T.);
#1896=EDGE_CURVE('',#2246,#2232,#2447,.T.);
#1897=EDGE_CURVE('',#2240,#2246,#2448,.T.);
#1898=EDGE_CURVE('',#2247,#2248,#2449,.T.);
#1899=EDGE_CURVE('',#2240,#2248,#205,.T.);
#1900=EDGE_CURVE('',#2247,#2246,#206,.T.);
#1901=EDGE_CURVE('',#2249,#2248,#207,.T.);
#1902=EDGE_CURVE('',#2249,#2239,#208,.T.);
#1903=EDGE_CURVE('',#2249,#2250,#2450,.T.);
#1904=EDGE_CURVE('',#2241,#2250,#209,.T.);
#1905=EDGE_CURVE('',#2251,#2250,#210,.T.);
#1906=EDGE_CURVE('',#2251,#2242,#211,.T.);
#1907=EDGE_CURVE('',#2251,#2252,#2451,.T.);
#1908=EDGE_CURVE('',#2243,#2252,#212,.T.);
#1909=EDGE_CURVE('',#2253,#2252,#213,.T.);
#1910=EDGE_CURVE('',#2253,#2244,#214,.T.);
#1911=EDGE_CURVE('',#2253,#2254,#2452,.T.);
#1912=EDGE_CURVE('',#2245,#2254,#215,.T.);
#1913=EDGE_CURVE('',#2247,#2254,#216,.T.);
#1914=EDGE_CURVE('',#2255,#2256,#217,.T.);
#1915=EDGE_CURVE('',#2257,#2256,#218,.T.);
#1916=EDGE_CURVE('',#2258,#2257,#219,.T.);
#1917=EDGE_CURVE('',#2259,#2258,#2453,.T.);
#1918=EDGE_CURVE('',#2260,#2259,#220,.T.);
#1919=EDGE_CURVE('',#2261,#2260,#2454,.T.);
#1920=EDGE_CURVE('',#2262,#2261,#221,.T.);
#1921=EDGE_CURVE('',#2263,#2262,#2455,.T.);
#1922=EDGE_CURVE('',#2264,#2263,#222,.T.);
#1923=EDGE_CURVE('',#2265,#2264,#2456,.T.);
#1924=EDGE_CURVE('',#2266,#2265,#223,.T.);
#1925=EDGE_CURVE('',#2266,#2255,#224,.T.);
#1926=EDGE_CURVE('',#2267,#2256,#225,.T.);
#1927=EDGE_CURVE('',#2268,#2255,#226,.T.);
#1928=EDGE_CURVE('',#2268,#2267,#227,.T.);
#1929=EDGE_CURVE('',#2269,#2257,#228,.T.);
#1930=EDGE_CURVE('',#2269,#2267,#229,.T.);
#1931=EDGE_CURVE('',#2270,#2269,#230,.T.);
#1932=EDGE_CURVE('',#2270,#2258,#231,.T.);
#1933=EDGE_CURVE('',#2259,#2271,#232,.T.);
#1934=EDGE_CURVE('',#2270,#2271,#2457,.T.);
#1935=EDGE_CURVE('',#2272,#2271,#233,.T.);
#1936=EDGE_CURVE('',#2272,#2260,#234,.T.);
#1937=EDGE_CURVE('',#2261,#2273,#235,.T.);
#1938=EDGE_CURVE('',#2272,#2273,#2458,.T.);
#1939=EDGE_CURVE('',#2274,#2273,#236,.T.);
#1940=EDGE_CURVE('',#2274,#2262,#237,.T.);
#1941=EDGE_CURVE('',#2263,#2275,#238,.T.);
#1942=EDGE_CURVE('',#2274,#2275,#2459,.T.);
#1943=EDGE_CURVE('',#2276,#2275,#239,.T.);
#1944=EDGE_CURVE('',#2276,#2264,#240,.T.);
#1945=EDGE_CURVE('',#2265,#2277,#241,.T.);
#1946=EDGE_CURVE('',#2276,#2277,#2460,.T.);
#1947=EDGE_CURVE('',#2278,#2277,#242,.T.);
#1948=EDGE_CURVE('',#2278,#2266,#243,.T.);
#1949=EDGE_CURVE('',#2278,#2268,#244,.T.);
#1950=EDGE_CURVE('',#2279,#2280,#2461,.T.);
#1951=EDGE_CURVE('',#2281,#2279,#245,.T.);
#1952=EDGE_CURVE('',#2282,#2281,#2462,.T.);
#1953=EDGE_CURVE('',#2283,#2282,#246,.T.);
#1954=EDGE_CURVE('',#2284,#2283,#2463,.T.);
#1955=EDGE_CURVE('',#2285,#2284,#247,.T.);
#1956=EDGE_CURVE('',#2286,#2285,#2464,.T.);
#1957=EDGE_CURVE('',#2287,#2286,#248,.T.);
#1958=EDGE_CURVE('',#2288,#2287,#2465,.T.);
#1959=EDGE_CURVE('',#2289,#2288,#249,.T.);
#1960=EDGE_CURVE('',#2290,#2289,#2466,.T.);
#1961=EDGE_CURVE('',#2291,#2290,#250,.T.);
#1962=EDGE_CURVE('',#2292,#2291,#2467,.T.);
#1963=EDGE_CURVE('',#2293,#2292,#251,.T.);
#1964=EDGE_CURVE('',#2294,#2293,#2468,.T.);
#1965=EDGE_CURVE('',#2280,#2294,#252,.T.);
#1966=EDGE_CURVE('',#2294,#2295,#253,.T.);
#1967=EDGE_CURVE('',#2296,#2293,#254,.T.);
#1968=EDGE_CURVE('',#2296,#2295,#2469,.T.);
#1969=EDGE_CURVE('',#2297,#2280,#255,.T.);
#1970=EDGE_CURVE('',#2297,#2295,#256,.T.);
#1971=EDGE_CURVE('',#2279,#2298,#257,.T.);
#1972=EDGE_CURVE('',#2297,#2298,#2470,.T.);
#1973=EDGE_CURVE('',#2299,#2281,#258,.T.);
#1974=EDGE_CURVE('',#2299,#2298,#259,.T.);
#1975=EDGE_CURVE('',#2282,#2300,#260,.T.);
#1976=EDGE_CURVE('',#2299,#2300,#2471,.T.);
#1977=EDGE_CURVE('',#2301,#2283,#261,.T.);
#1978=EDGE_CURVE('',#2301,#2300,#262,.T.);
#1979=EDGE_CURVE('',#2284,#2302,#263,.T.);
#1980=EDGE_CURVE('',#2301,#2302,#2472,.T.);
#1981=EDGE_CURVE('',#2303,#2285,#264,.T.);
#1982=EDGE_CURVE('',#2303,#2302,#265,.T.);
#1983=EDGE_CURVE('',#2286,#2304,#266,.T.);
#1984=EDGE_CURVE('',#2303,#2304,#2473,.T.);
#1985=EDGE_CURVE('',#2305,#2287,#267,.T.);
#1986=EDGE_CURVE('',#2305,#2304,#268,.T.);
#1987=EDGE_CURVE('',#2288,#2306,#269,.T.);
#1988=EDGE_CURVE('',#2305,#2306,#2474,.T.);
#1989=EDGE_CURVE('',#2307,#2289,#270,.T.);
#1990=EDGE_CURVE('',#2307,#2306,#271,.T.);
#1991=EDGE_CURVE('',#2290,#2308,#272,.T.);
#1992=EDGE_CURVE('',#2307,#2308,#2475,.T.);
#1993=EDGE_CURVE('',#2309,#2291,#273,.F.);
#1994=EDGE_CURVE('',#2309,#2308,#274,.T.);
#1995=EDGE_CURVE('',#2292,#2310,#275,.T.);
#1996=EDGE_CURVE('',#2309,#2310,#2476,.F.);
#1997=EDGE_CURVE('',#2311,#2312,#276,.T.);
#1998=EDGE_CURVE('',#2311,#2313,#277,.T.);
#1999=EDGE_CURVE('',#2313,#2314,#278,.T.);
#2000=EDGE_CURVE('',#2312,#2314,#279,.T.);
#2001=EDGE_CURVE('',#2315,#2316,#280,.T.);
#2002=EDGE_CURVE('',#2316,#2317,#281,.T.);
#2003=EDGE_CURVE('',#2317,#2318,#282,.T.);
#2004=EDGE_CURVE('',#2318,#2315,#283,.T.);
#2005=EDGE_CURVE('',#2319,#2320,#284,.T.);
#2006=EDGE_CURVE('',#2319,#2316,#2477,.T.);
#2007=EDGE_CURVE('',#2320,#2315,#10,.T.);
#2008=EDGE_CURVE('',#2321,#2322,#285,.T.);
#2009=EDGE_CURVE('',#2322,#2319,#286,.T.);
#2010=EDGE_CURVE('',#2320,#2321,#287,.T.);
#2011=EDGE_CURVE('',#2323,#2324,#288,.T.);
#2012=EDGE_CURVE('',#2323,#2322,#2478,.T.);
#2013=EDGE_CURVE('',#2324,#2321,#11,.T.);
#2014=EDGE_CURVE('',#2325,#2326,#289,.T.);
#2015=EDGE_CURVE('',#2326,#2323,#290,.T.);
#2016=EDGE_CURVE('',#2324,#2325,#291,.T.);
#2017=EDGE_CURVE('',#2327,#2328,#292,.T.);
#2018=EDGE_CURVE('',#2327,#2326,#2479,.T.);
#2019=EDGE_CURVE('',#2325,#2328,#2480,.T.);
#2020=EDGE_CURVE('',#2329,#2330,#293,.T.);
#2021=EDGE_CURVE('',#2330,#2327,#294,.T.);
#2022=EDGE_CURVE('',#2328,#2329,#295,.T.);
#2023=EDGE_CURVE('',#2331,#2332,#296,.T.);
#2024=EDGE_CURVE('',#2331,#2330,#2481,.T.);
#2025=EDGE_CURVE('',#2329,#2332,#2482,.T.);
#2026=EDGE_CURVE('',#2333,#2334,#297,.T.);
#2027=EDGE_CURVE('',#2334,#2331,#298,.T.);
#2028=EDGE_CURVE('',#2332,#2333,#299,.T.);
#2029=EDGE_CURVE('',#2335,#2336,#300,.T.);
#2030=EDGE_CURVE('',#2335,#2334,#2483,.T.);
#2031=EDGE_CURVE('',#2336,#2333,#12,.T.);
#2032=EDGE_CURVE('',#2337,#2338,#301,.T.);
#2033=EDGE_CURVE('',#2338,#2335,#302,.T.);
#2034=EDGE_CURVE('',#2336,#2337,#303,.T.);
#2035=EDGE_CURVE('',#2339,#2340,#304,.T.);
#2036=EDGE_CURVE('',#2339,#2338,#2484,.T.);
#2037=EDGE_CURVE('',#2340,#2337,#13,.T.);
#2038=EDGE_CURVE('',#2341,#2342,#305,.T.);
#2039=EDGE_CURVE('',#2342,#2314,#306,.T.);
#2040=EDGE_CURVE('',#2313,#2343,#307,.T.);
#2041=EDGE_CURVE('',#2343,#2344,#308,.T.);
#2042=EDGE_CURVE('',#2344,#2339,#309,.T.);
#2043=EDGE_CURVE('',#2340,#2341,#310,.T.);
#2044=EDGE_CURVE('',#2311,#2345,#311,.T.);
#2045=EDGE_CURVE('',#2343,#2345,#312,.T.);
#2046=EDGE_CURVE('',#2296,#2312,#313,.T.);
#2047=EDGE_CURVE('',#2346,#2310,#314,.T.);
#2048=EDGE_CURVE('',#2345,#2346,#315,.T.);
#2049=EDGE_CURVE('',#2346,#2344,#316,.T.);
#2050=EDGE_CURVE('',#2347,#2342,#2485,.T.);
#2051=EDGE_CURVE('',#2348,#2347,#317,.T.);
#2052=EDGE_CURVE('',#2317,#2348,#2486,.T.);
#2053=EDGE_CURVE('',#2318,#2349,#2487,.T.);
#2054=EDGE_CURVE('',#2350,#2348,#318,.T.);
#2055=EDGE_CURVE('',#2350,#2349,#2488,.T.);
#2056=EDGE_CURVE('',#2349,#2351,#14,.T.);
#2057=EDGE_CURVE('',#2352,#2351,#319,.T.);
#2058=EDGE_CURVE('',#2352,#2325,#2489,.T.);
#2059=EDGE_CURVE('',#2328,#2353,#2490,.T.);
#2060=EDGE_CURVE('',#2352,#2353,#2491,.T.);
#2061=EDGE_CURVE('',#2354,#2329,#2492,.T.);
#2062=EDGE_CURVE('',#2354,#2353,#320,.T.);
#2063=EDGE_CURVE('',#2332,#2355,#2493,.T.);
#2064=EDGE_CURVE('',#2354,#2355,#2494,.T.);
#2065=EDGE_CURVE('',#2356,#2357,#15,.T.);
#2066=EDGE_CURVE('',#2357,#2341,#2495,.T.);
#2067=EDGE_CURVE('',#2356,#2355,#321,.T.);
#2068=EDGE_CURVE('',#2356,#2358,#2496,.T.);
#2069=EDGE_CURVE('',#2359,#2358,#2497,.T.);
#2070=EDGE_CURVE('',#2357,#2359,#2498,.T.);
#2071=EDGE_CURVE('',#2347,#2359,#322,.T.);
#2072=EDGE_CURVE('',#2359,#2350,#323,.T.);
#2073=EDGE_CURVE('',#2360,#2358,#324,.T.);
#2074=EDGE_CURVE('',#2360,#2350,#2499,.T.);
#2075=EDGE_CURVE('',#2360,#2351,#2500,.T.);
#2076=VERTEX_POINT('',#4578);
#2077=VERTEX_POINT('',#4581);
#2078=VERTEX_POINT('',#4584);
#2079=VERTEX_POINT('',#4587);
#2080=VERTEX_POINT('',#4590);
#2081=VERTEX_POINT('',#4593);
#2082=VERTEX_POINT('',#4599);
#2083=VERTEX_POINT('',#4600);
#2084=VERTEX_POINT('',#4602);
#2085=VERTEX_POINT('',#4604);
#2086=VERTEX_POINT('',#4608);
#2087=VERTEX_POINT('',#4610);
#2088=VERTEX_POINT('',#4614);
#2089=VERTEX_POINT('',#4616);
#2090=VERTEX_POINT('',#4618);
#2091=VERTEX_POINT('',#4620);
#2092=VERTEX_POINT('',#4622);
#2093=VERTEX_POINT('',#4626);
#2094=VERTEX_POINT('',#4630);
#2095=VERTEX_POINT('',#4634);
#2096=VERTEX_POINT('',#4638);
#2097=VERTEX_POINT('',#4642);
#2098=VERTEX_POINT('',#4650);
#2099=VERTEX_POINT('',#4651);
#2100=VERTEX_POINT('',#4653);
#2101=VERTEX_POINT('',#4655);
#2102=VERTEX_POINT('',#4657);
#2103=VERTEX_POINT('',#4659);
#2104=VERTEX_POINT('',#4661);
#2105=VERTEX_POINT('',#4663);
#2106=VERTEX_POINT('',#4667);
#2107=VERTEX_POINT('',#4669);
#2108=VERTEX_POINT('',#4673);
#2109=VERTEX_POINT('',#4677);
#2110=VERTEX_POINT('',#4681);
#2111=VERTEX_POINT('',#4685);
#2112=VERTEX_POINT('',#4689);
#2113=VERTEX_POINT('',#4693);
#2114=VERTEX_POINT('',#4701);
#2115=VERTEX_POINT('',#4702);
#2116=VERTEX_POINT('',#4704);
#2117=VERTEX_POINT('',#4706);
#2118=VERTEX_POINT('',#4710);
#2119=VERTEX_POINT('',#4712);
#2120=VERTEX_POINT('',#4716);
#2121=VERTEX_POINT('',#4718);
#2122=VERTEX_POINT('',#4722);
#2123=VERTEX_POINT('',#4723);
#2124=VERTEX_POINT('',#4725);
#2125=VERTEX_POINT('',#4727);
#2126=VERTEX_POINT('',#4731);
#2127=VERTEX_POINT('',#4733);
#2128=VERTEX_POINT('',#4737);
#2129=VERTEX_POINT('',#4744);
#2130=VERTEX_POINT('',#4752);
#2131=VERTEX_POINT('',#4753);
#2132=VERTEX_POINT('',#4755);
#2133=VERTEX_POINT('',#4757);
#2134=VERTEX_POINT('',#4761);
#2135=VERTEX_POINT('',#4763);
#2136=VERTEX_POINT('',#4767);
#2137=VERTEX_POINT('',#4769);
#2138=VERTEX_POINT('',#4777);
#2139=VERTEX_POINT('',#4778);
#2140=VERTEX_POINT('',#4780);
#2141=VERTEX_POINT('',#4782);
#2142=VERTEX_POINT('',#4786);
#2143=VERTEX_POINT('',#4788);
#2144=VERTEX_POINT('',#4792);
#2145=VERTEX_POINT('',#4794);
#2146=VERTEX_POINT('',#4802);
#2147=VERTEX_POINT('',#4803);
#2148=VERTEX_POINT('',#4805);
#2149=VERTEX_POINT('',#4807);
#2150=VERTEX_POINT('',#4811);
#2151=VERTEX_POINT('',#4812);
#2152=VERTEX_POINT('',#4817);
#2153=VERTEX_POINT('',#4818);
#2154=VERTEX_POINT('',#4823);
#2155=VERTEX_POINT('',#4825);
#2156=VERTEX_POINT('',#4829);
#2157=VERTEX_POINT('',#4833);
#2158=VERTEX_POINT('',#4837);
#2159=VERTEX_POINT('',#4839);
#2160=VERTEX_POINT('',#4841);
#2161=VERTEX_POINT('',#4845);
#2162=VERTEX_POINT('',#4847);
#2163=VERTEX_POINT('',#4851);
#2164=VERTEX_POINT('',#4853);
#2165=VERTEX_POINT('',#4857);
#2166=VERTEX_POINT('',#4859);
#2167=VERTEX_POINT('',#4863);
#2168=VERTEX_POINT('',#4867);
#2169=VERTEX_POINT('',#4868);
#2170=VERTEX_POINT('',#4871);
#2171=VERTEX_POINT('',#4875);
#2172=VERTEX_POINT('',#4876);
#2173=VERTEX_POINT('',#4878);
#2174=VERTEX_POINT('',#4880);
#2175=VERTEX_POINT('',#4884);
#2176=VERTEX_POINT('',#4886);
#2177=VERTEX_POINT('',#4890);
#2178=VERTEX_POINT('',#4892);
#2179=VERTEX_POINT('',#4896);
#2180=VERTEX_POINT('',#4899);
#2181=VERTEX_POINT('',#4903);
#2182=VERTEX_POINT('',#4909);
#2183=VERTEX_POINT('',#4917);
#2184=VERTEX_POINT('',#4918);
#2185=VERTEX_POINT('',#4920);
#2186=VERTEX_POINT('',#4922);
#2187=VERTEX_POINT('',#4926);
#2188=VERTEX_POINT('',#4928);
#2189=VERTEX_POINT('',#4932);
#2190=VERTEX_POINT('',#4933);
#2191=VERTEX_POINT('',#4935);
#2192=VERTEX_POINT('',#4937);
#2193=VERTEX_POINT('',#4941);
#2194=VERTEX_POINT('',#4942);
#2195=VERTEX_POINT('',#4944);
#2196=VERTEX_POINT('',#4946);
#2197=VERTEX_POINT('',#4953);
#2198=VERTEX_POINT('',#4957);
#2199=VERTEX_POINT('',#4959);
#2200=VERTEX_POINT('',#4961);
#2201=VERTEX_POINT('',#4968);
#2202=VERTEX_POINT('',#4972);
#2203=VERTEX_POINT('',#4976);
#2204=VERTEX_POINT('',#4980);
#2205=VERTEX_POINT('',#4986);
#2206=VERTEX_POINT('',#4990);
#2207=VERTEX_POINT('',#4998);
#2208=VERTEX_POINT('',#4999);
#2209=VERTEX_POINT('',#5001);
#2210=VERTEX_POINT('',#5003);
#2211=VERTEX_POINT('',#5005);
#2212=VERTEX_POINT('',#5007);
#2213=VERTEX_POINT('',#5009);
#2214=VERTEX_POINT('',#5011);
#2215=VERTEX_POINT('',#5015);
#2216=VERTEX_POINT('',#5017);
#2217=VERTEX_POINT('',#5021);
#2218=VERTEX_POINT('',#5025);
#2219=VERTEX_POINT('',#5029);
#2220=VERTEX_POINT('',#5033);
#2221=VERTEX_POINT('',#5037);
#2222=VERTEX_POINT('',#5041);
#2223=VERTEX_POINT('',#5047);
#2224=VERTEX_POINT('',#5049);
#2225=VERTEX_POINT('',#5053);
#2226=VERTEX_POINT('',#5057);
#2227=VERTEX_POINT('',#5061);
#2228=VERTEX_POINT('',#5065);
#2229=VERTEX_POINT('',#5069);
#2230=VERTEX_POINT('',#5073);
#2231=VERTEX_POINT('',#5079);
#2232=VERTEX_POINT('',#5080);
#2233=VERTEX_POINT('',#5082);
#2234=VERTEX_POINT('',#5084);
#2235=VERTEX_POINT('',#5086);
#2236=VERTEX_POINT('',#5088);
#2237=VERTEX_POINT('',#5090);
#2238=VERTEX_POINT('',#5092);
#2239=VERTEX_POINT('',#5096);
#2240=VERTEX_POINT('',#5097);
#2241=VERTEX_POINT('',#5102);
#2242=VERTEX_POINT('',#5106);
#2243=VERTEX_POINT('',#5110);
#2244=VERTEX_POINT('',#5114);
#2245=VERTEX_POINT('',#5118);
#2246=VERTEX_POINT('',#5122);
#2247=VERTEX_POINT('',#5128);
#2248=VERTEX_POINT('',#5129);
#2249=VERTEX_POINT('',#5134);
#2250=VERTEX_POINT('',#5138);
#2251=VERTEX_POINT('',#5142);
#2252=VERTEX_POINT('',#5146);
#2253=VERTEX_POINT('',#5150);
#2254=VERTEX_POINT('',#5154);
#2255=VERTEX_POINT('',#5160);
#2256=VERTEX_POINT('',#5161);
#2257=VERTEX_POINT('',#5163);
#2258=VERTEX_POINT('',#5165);
#2259=VERTEX_POINT('',#5167);
#2260=VERTEX_POINT('',#5169);
#2261=VERTEX_POINT('',#5171);
#2262=VERTEX_POINT('',#5173);
#2263=VERTEX_POINT('',#5175);
#2264=VERTEX_POINT('',#5177);
#2265=VERTEX_POINT('',#5179);
#2266=VERTEX_POINT('',#5181);
#2267=VERTEX_POINT('',#5185);
#2268=VERTEX_POINT('',#5187);
#2269=VERTEX_POINT('',#5191);
#2270=VERTEX_POINT('',#5195);
#2271=VERTEX_POINT('',#5199);
#2272=VERTEX_POINT('',#5203);
#2273=VERTEX_POINT('',#5207);
#2274=VERTEX_POINT('',#5211);
#2275=VERTEX_POINT('',#5215);
#2276=VERTEX_POINT('',#5219);
#2277=VERTEX_POINT('',#5223);
#2278=VERTEX_POINT('',#5227);
#2279=VERTEX_POINT('',#5235);
#2280=VERTEX_POINT('',#5236);
#2281=VERTEX_POINT('',#5238);
#2282=VERTEX_POINT('',#5240);
#2283=VERTEX_POINT('',#5242);
#2284=VERTEX_POINT('',#5244);
#2285=VERTEX_POINT('',#5246);
#2286=VERTEX_POINT('',#5248);
#2287=VERTEX_POINT('',#5250);
#2288=VERTEX_POINT('',#5252);
#2289=VERTEX_POINT('',#5254);
#2290=VERTEX_POINT('',#5256);
#2291=VERTEX_POINT('',#5258);
#2292=VERTEX_POINT('',#5260);
#2293=VERTEX_POINT('',#5262);
#2294=VERTEX_POINT('',#5264);
#2295=VERTEX_POINT('',#5268);
#2296=VERTEX_POINT('',#5270);
#2297=VERTEX_POINT('',#5274);
#2298=VERTEX_POINT('',#5278);
#2299=VERTEX_POINT('',#5282);
#2300=VERTEX_POINT('',#5286);
#2301=VERTEX_POINT('',#5290);
#2302=VERTEX_POINT('',#5294);
#2303=VERTEX_POINT('',#5298);
#2304=VERTEX_POINT('',#5302);
#2305=VERTEX_POINT('',#5306);
#2306=VERTEX_POINT('',#5310);
#2307=VERTEX_POINT('',#5314);
#2308=VERTEX_POINT('',#5318);
#2309=VERTEX_POINT('',#5322);
#2310=VERTEX_POINT('',#5326);
#2311=VERTEX_POINT('',#5330);
#2312=VERTEX_POINT('',#5331);
#2313=VERTEX_POINT('',#5333);
#2314=VERTEX_POINT('',#5335);
#2315=VERTEX_POINT('',#5339);
#2316=VERTEX_POINT('',#5340);
#2317=VERTEX_POINT('',#5342);
#2318=VERTEX_POINT('',#5344);
#2319=VERTEX_POINT('',#5348);
#2320=VERTEX_POINT('',#5349);
#2321=VERTEX_POINT('',#5365);
#2322=VERTEX_POINT('',#5366);
#2323=VERTEX_POINT('',#5371);
#2324=VERTEX_POINT('',#5372);
#2325=VERTEX_POINT('',#5380);
#2326=VERTEX_POINT('',#5381);
#2327=VERTEX_POINT('',#5386);
#2328=VERTEX_POINT('',#5387);
#2329=VERTEX_POINT('',#5392);
#2330=VERTEX_POINT('',#5393);
#2331=VERTEX_POINT('',#5398);
#2332=VERTEX_POINT('',#5399);
#2333=VERTEX_POINT('',#5404);
#2334=VERTEX_POINT('',#5405);
#2335=VERTEX_POINT('',#5410);
#2336=VERTEX_POINT('',#5411);
#2337=VERTEX_POINT('',#5427);
#2338=VERTEX_POINT('',#5428);
#2339=VERTEX_POINT('',#5433);
#2340=VERTEX_POINT('',#5434);
#2341=VERTEX_POINT('',#5442);
#2342=VERTEX_POINT('',#5443);
#2343=VERTEX_POINT('',#5446);
#2344=VERTEX_POINT('',#5448);
#2345=VERTEX_POINT('',#5453);
#2346=VERTEX_POINT('',#5458);
#2347=VERTEX_POINT('',#5464);
#2348=VERTEX_POINT('',#5466);
#2349=VERTEX_POINT('',#5470);
#2350=VERTEX_POINT('',#5472);
#2351=VERTEX_POINT('',#5493);
#2352=VERTEX_POINT('',#5495);
#2353=VERTEX_POINT('',#5499);
#2354=VERTEX_POINT('',#5503);
#2355=VERTEX_POINT('',#5507);
#2356=VERTEX_POINT('',#5528);
#2357=VERTEX_POINT('',#5529);
#2358=VERTEX_POINT('',#5534);
#2359=VERTEX_POINT('',#5536);
#2360=VERTEX_POINT('',#5544);
#2361=CIRCLE('',#3271,0.00015);
#2362=CIRCLE('',#3273,0.00015);
#2363=CIRCLE('',#3275,0.00015);
#2364=CIRCLE('',#3277,0.00015);
#2365=CIRCLE('',#3279,0.000275);
#2366=CIRCLE('',#3281,0.000275);
#2367=CIRCLE('',#3286,0.0002);
#2368=CIRCLE('',#3287,0.0002);
#2369=CIRCLE('',#3290,0.0002);
#2370=CIRCLE('',#3291,0.0002);
#2371=CIRCLE('',#3292,0.0002);
#2372=CIRCLE('',#3295,0.0002);
#2373=CIRCLE('',#3298,0.0002);
#2374=CIRCLE('',#3301,0.0002);
#2375=CIRCLE('',#3305,0.0004);
#2376=CIRCLE('',#3306,0.0004);
#2377=CIRCLE('',#3307,0.0004);
#2378=CIRCLE('',#3308,0.0004);
#2379=CIRCLE('',#3311,0.0004);
#2380=CIRCLE('',#3314,0.0004);
#2381=CIRCLE('',#3317,0.0004);
#2382=CIRCLE('',#3320,0.0004);
#2383=CIRCLE('',#3325,0.0004);
#2384=CIRCLE('',#3326,0.0004);
#2385=CIRCLE('',#3329,0.0004);
#2386=CIRCLE('',#3330,0.0004);
#2387=CIRCLE('',#3333,0.0004);
#2388=CIRCLE('',#3334,0.0004);
#2389=CIRCLE('',#3336,0.0004);
#2390=CIRCLE('',#3338,0.0004);
#2391=CIRCLE('',#3353,0.0002);
#2392=CIRCLE('',#3354,0.0002);
#2393=CIRCLE('',#3357,0.0002);
#2394=CIRCLE('',#3358,0.0002);
#2395=CIRCLE('',#3363,0.00045);
#2396=CIRCLE('',#3364,0.00045);
#2397=CIRCLE('',#3368,0.0002);
#2398=CIRCLE('',#3369,0.0002);
#2399=CIRCLE('',#3376,0.0002);
#2400=CIRCLE('',#3377,0.0001);
#2401=CIRCLE('',#3379,0.0001);
#2402=CIRCLE('',#3382,0.0002);
#2403=CIRCLE('',#3392,0.0002);
#2404=CIRCLE('',#3393,0.0002);
#2405=CIRCLE('',#3395,0.0002);
#2406=CIRCLE('',#3396,0.0002);
#2407=CIRCLE('',#3398,0.0002);
#2408=CIRCLE('',#3405,0.0002);
#2409=CIRCLE('',#3407,0.0002);
#2410=CIRCLE('',#3409,0.0002);
#2411=CIRCLE('',#3410,0.0002);
#2412=CIRCLE('',#3414,0.0002);
#2413=CIRCLE('',#3419,0.00015);
#2414=CIRCLE('',#3420,0.00015);
#2415=CIRCLE('',#3421,0.00015);
#2416=CIRCLE('',#3422,0.00015);
#2417=CIRCLE('',#3424,0.00015);
#2418=CIRCLE('',#3427,0.00015);
#2419=CIRCLE('',#3430,0.00015);
#2420=CIRCLE('',#3433,0.00015);
#2421=CIRCLE('',#3436,0.00015);
#2422=CIRCLE('',#3437,0.00015);
#2423=CIRCLE('',#3439,0.00015);
#2424=CIRCLE('',#3440,0.0003);
#2425=CIRCLE('',#3442,0.00015);
#2426=CIRCLE('',#3444,0.00015);
#2427=CIRCLE('',#3445,0.0003);
#2428=CIRCLE('',#3447,0.00015);
#2429=CIRCLE('',#3449,0.00015);
#2430=CIRCLE('',#3450,0.0003);
#2431=CIRCLE('',#3452,0.00015);
#2432=CIRCLE('',#3454,0.0003);
#2433=CIRCLE('',#3456,0.0001);
#2434=CIRCLE('',#3457,9.999999999925E-5);
#2435=CIRCLE('',#3458,0.0001);
#2436=CIRCLE('',#3459,9.999999999925E-5);
#2437=CIRCLE('',#3461,0.00015);
#2438=CIRCLE('',#3462,0.00015);
#2439=CIRCLE('',#3464,0.00025);
#2440=CIRCLE('',#3465,0.00015);
#2441=CIRCLE('',#3467,0.00015);
#2442=CIRCLE('',#3469,0.00025);
#2443=CIRCLE('',#3470,0.00015);
#2444=CIRCLE('',#3472,0.00015);
#2445=CIRCLE('',#3474,0.00025);
#2446=CIRCLE('',#3475,0.00015);
#2447=CIRCLE('',#3477,0.00015);
#2448=CIRCLE('',#3479,0.00025);
#2449=CIRCLE('',#3481,0.00025);
#2450=CIRCLE('',#3484,0.00025);
#2451=CIRCLE('',#3487,0.00025);
#2452=CIRCLE('',#3490,0.00025);
#2453=CIRCLE('',#3493,0.0003);
#2454=CIRCLE('',#3494,0.0003);
#2455=CIRCLE('',#3495,0.0003);
#2456=CIRCLE('',#3496,0.0003);
#2457=CIRCLE('',#3501,0.0003);
#2458=CIRCLE('',#3504,0.0003);
#2459=CIRCLE('',#3507,0.0003);
#2460=CIRCLE('',#3510,0.0003);
#2461=CIRCLE('',#3516,0.000400000000099);
#2462=CIRCLE('',#3517,0.00010000000066);
#2463=CIRCLE('',#3518,0.00010000000066);
#2464=CIRCLE('',#3519,0.000400000000099);
#2465=CIRCLE('',#3520,0.000400000000099);
#2466=CIRCLE('',#3521,0.00010000000066);
#2467=CIRCLE('',#3522,0.00010000000066);
#2468=CIRCLE('',#3523,0.000400000000099);
#2469=CIRCLE('',#3525,0.000400000000099);
#2470=CIRCLE('',#3528,0.000400000000099);
#2471=CIRCLE('',#3531,0.00010000000066);
#2472=CIRCLE('',#3534,0.00010000000066);
#2473=CIRCLE('',#3537,0.000400000000099);
#2474=CIRCLE('',#3540,0.000400000000099);
#2475=CIRCLE('',#3543,0.00010000000066);
#2476=CIRCLE('',#3546,0.00010000000066);
#2477=CIRCLE('',#3550,0.00010000000066);
#2478=CIRCLE('',#3553,0.00010000000066);
#2479=CIRCLE('',#3556,0.00029999999944);
#2480=CIRCLE('',#3557,0.000299999999442);
#2481=CIRCLE('',#3560,0.00029999999944);
#2482=CIRCLE('',#3561,0.000299999999441);
#2483=CIRCLE('',#3564,0.00010000000066);
#2484=CIRCLE('',#3567,0.00010000000066);
#2485=CIRCLE('',#3573,0.00029999999944);
#2486=CIRCLE('',#3574,0.00029999999944);
#2487=CIRCLE('',#3576,0.00045813743127042);
#2488=CIRCLE('',#3577,0.000299999999441);
#2489=CIRCLE('',#3579,0.00016);
#2490=CIRCLE('',#3581,0.00016);
#2491=CIRCLE('',#3582,0.000139999999442);
#2492=CIRCLE('',#3584,0.00016);
#2493=CIRCLE('',#3586,0.00016);
#2494=CIRCLE('',#3587,0.000139999999441);
#2495=CIRCLE('',#3589,0.000458664336483045);
#2496=CIRCLE('',#3591,0.000149999999439);
#2497=CIRCLE('',#3592,0.000149999999719);
#2498=CIRCLE('',#3593,0.000299999999437);
#2499=CIRCLE('',#3597,0.00014999999972);
#2500=CIRCLE('',#3599,0.000149999999442);
#2501=EDGE_LOOP('',(#759));
#2502=EDGE_LOOP('',(#760));
#2503=EDGE_LOOP('',(#761));
#2504=EDGE_LOOP('',(#762));
#2505=EDGE_LOOP('',(#763));
#2506=EDGE_LOOP('',(#764));
#2507=EDGE_LOOP('',(#765));
#2508=EDGE_LOOP('',(#766));
#2509=EDGE_LOOP('',(#767));
#2510=EDGE_LOOP('',(#768));
#2511=EDGE_LOOP('',(#769));
#2512=EDGE_LOOP('',(#770));
#2513=EDGE_LOOP('',(#771,#772,#773,#774));
#2514=EDGE_LOOP('',(#775,#776,#777,#778));
#2515=EDGE_LOOP('',(#779,#780,#781,#782,#783,#784,#785,#786));
#2516=EDGE_LOOP('',(#787,#788,#789,#790));
#2517=EDGE_LOOP('',(#791,#792,#793,#794));
#2518=EDGE_LOOP('',(#795,#796,#797,#798));
#2519=EDGE_LOOP('',(#799,#800,#801,#802));
#2520=EDGE_LOOP('',(#803,#804,#805,#806));
#2521=EDGE_LOOP('',(#807,#808,#809,#810,#811,#812,#813,#814));
#2522=EDGE_LOOP('',(#815,#816,#817,#818));
#2523=EDGE_LOOP('',(#819,#820,#821,#822,#823,#824,#825,#826));
#2524=EDGE_LOOP('',(#827,#828,#829,#830));
#2525=EDGE_LOOP('',(#831,#832,#833,#834));
#2526=EDGE_LOOP('',(#835,#836,#837,#838));
#2527=EDGE_LOOP('',(#839,#840,#841,#842));
#2528=EDGE_LOOP('',(#843,#844,#845,#846));
#2529=EDGE_LOOP('',(#847,#848,#849,#850));
#2530=EDGE_LOOP('',(#851,#852,#853,#854));
#2531=EDGE_LOOP('',(#855,#856,#857,#858));
#2532=EDGE_LOOP('',(#859,#860,#861,#862,#863,#864,#865,#866));
#2533=EDGE_LOOP('',(#867,#868,#869,#870));
#2534=EDGE_LOOP('',(#871,#872,#873,#874));
#2535=EDGE_LOOP('',(#875,#876,#877,#878));
#2536=EDGE_LOOP('',(#879,#880,#881,#882));
#2537=EDGE_LOOP('',(#883,#884,#885,#886));
#2538=EDGE_LOOP('',(#887,#888,#889,#890,#891,#892,#893,#894));
#2539=EDGE_LOOP('',(#895,#896,#897,#898));
#2540=EDGE_LOOP('',(#899,#900,#901,#902,#903,#904,#905,#906));
#2541=EDGE_LOOP('',(#907,#908,#909,#910));
#2542=EDGE_LOOP('',(#911,#912,#913,#914));
#2543=EDGE_LOOP('',(#915,#916,#917,#918));
#2544=EDGE_LOOP('',(#919,#920,#921,#922));
#2545=EDGE_LOOP('',(#923,#924,#925,#926));
#2546=EDGE_LOOP('',(#927,#928,#929,#930));
#2547=EDGE_LOOP('',(#931,#932,#933,#934));
#2548=EDGE_LOOP('',(#935,#936,#937,#938));
#2549=EDGE_LOOP('',(#939,#940,#941,#942));
#2550=EDGE_LOOP('',(#943,#944,#945,#946));
#2551=EDGE_LOOP('',(#947,#948,#949,#950));
#2552=EDGE_LOOP('',(#951,#952,#953,#954));
#2553=EDGE_LOOP('',(#955,#956,#957,#958));
#2554=EDGE_LOOP('',(#959,#960,#961,#962));
#2555=EDGE_LOOP('',(#963,#964,#965,#966));
#2556=EDGE_LOOP('',(#967,#968,#969,#970));
#2557=EDGE_LOOP('',(#971,#972,#973,#974));
#2558=EDGE_LOOP('',(#975,#976,#977,#978));
#2559=EDGE_LOOP('',(#979,#980,#981,#982,#983,#984));
#2560=EDGE_LOOP('',(#985,#986,#987,#988));
#2561=EDGE_LOOP('',(#989,#990,#991,#992,#993));
#2562=EDGE_LOOP('',(#994,#995,#996,#997,#998,#999));
#2563=EDGE_LOOP('',(#1000,#1001,#1002,#1003));
#2564=EDGE_LOOP('',(#1004,#1005,#1006,#1007));
#2565=EDGE_LOOP('',(#1008,#1009,#1010,#1011,#1012,#1013));
#2566=EDGE_LOOP('',(#1014,#1015,#1016,#1017,#1018,#1019));
#2567=EDGE_LOOP('',(#1020,#1021,#1022,#1023));
#2568=EDGE_LOOP('',(#1024,#1025,#1026,#1027));
#2569=EDGE_LOOP('',(#1028,#1029,#1030,#1031));
#2570=EDGE_LOOP('',(#1032,#1033,#1034,#1035,#1036,#1037,#1038,#1039));
#2571=EDGE_LOOP('',(#1040,#1041,#1042,#1043));
#2572=EDGE_LOOP('',(#1044,#1045,#1046,#1047));
#2573=EDGE_LOOP('',(#1048,#1049,#1050,#1051,#1052,#1053,#1054,#1055,#1056,
#1057));
#2574=EDGE_LOOP('',(#1058,#1059,#1060,#1061));
#2575=EDGE_LOOP('',(#1062,#1063,#1064,#1065,#1066,#1067,#1068,#1069,#1070,
#1071,#1072,#1073,#1074));
#2576=EDGE_LOOP('',(#1075,#1076,#1077,#1078));
#2577=EDGE_LOOP('',(#1079,#1080,#1081,#1082));
#2578=EDGE_LOOP('',(#1083,#1084,#1085,#1086));
#2579=EDGE_LOOP('',(#1087,#1088,#1089,#1090));
#2580=EDGE_LOOP('',(#1091,#1092,#1093));
#2581=EDGE_LOOP('',(#1094,#1095,#1096,#1097));
#2582=EDGE_LOOP('',(#1098,#1099,#1100,#1101,#1102,#1103));
#2583=EDGE_LOOP('',(#1104,#1105,#1106,#1107));
#2584=EDGE_LOOP('',(#1108,#1109,#1110,#1111,#1112,#1113));
#2585=EDGE_LOOP('',(#1114,#1115,#1116,#1117,#1118,#1119));
#2586=EDGE_LOOP('',(#1120,#1121,#1122,#1123));
#2587=EDGE_LOOP('',(#1124,#1125,#1126));
#2588=EDGE_LOOP('',(#1127,#1128,#1129,#1130));
#2589=EDGE_LOOP('',(#1131,#1132,#1133,#1134));
#2590=EDGE_LOOP('',(#1135,#1136,#1137,#1138,#1139,#1140,#1141,#1142));
#2591=EDGE_LOOP('',(#1143,#1144,#1145,#1146));
#2592=EDGE_LOOP('',(#1147,#1148,#1149,#1150,#1151,#1152));
#2593=EDGE_LOOP('',(#1153,#1154,#1155,#1156,#1157,#1158,#1159,#1160));
#2594=EDGE_LOOP('',(#1161,#1162,#1163,#1164));
#2595=EDGE_LOOP('',(#1165,#1166,#1167,#1168));
#2596=EDGE_LOOP('',(#1169,#1170,#1171,#1172));
#2597=EDGE_LOOP('',(#1173,#1174,#1175,#1176));
#2598=EDGE_LOOP('',(#1177,#1178,#1179,#1180));
#2599=EDGE_LOOP('',(#1181,#1182,#1183,#1184));
#2600=EDGE_LOOP('',(#1185,#1186,#1187,#1188));
#2601=EDGE_LOOP('',(#1189,#1190,#1191,#1192));
#2602=EDGE_LOOP('',(#1193,#1194,#1195,#1196));
#2603=EDGE_LOOP('',(#1197,#1198,#1199,#1200));
#2604=EDGE_LOOP('',(#1201,#1202,#1203,#1204));
#2605=EDGE_LOOP('',(#1205,#1206,#1207,#1208));
#2606=EDGE_LOOP('',(#1209,#1210,#1211,#1212));
#2607=EDGE_LOOP('',(#1213,#1214,#1215,#1216));
#2608=EDGE_LOOP('',(#1217,#1218,#1219,#1220));
#2609=EDGE_LOOP('',(#1221,#1222,#1223,#1224));
#2610=EDGE_LOOP('',(#1225,#1226,#1227,#1228,#1229,#1230,#1231,#1232));
#2611=EDGE_LOOP('',(#1233,#1234,#1235,#1236));
#2612=EDGE_LOOP('',(#1237,#1238,#1239,#1240));
#2613=EDGE_LOOP('',(#1241,#1242,#1243,#1244));
#2614=EDGE_LOOP('',(#1245,#1246,#1247,#1248));
#2615=EDGE_LOOP('',(#1249,#1250,#1251,#1252));
#2616=EDGE_LOOP('',(#1253,#1254,#1255,#1256));
#2617=EDGE_LOOP('',(#1257,#1258,#1259,#1260));
#2618=EDGE_LOOP('',(#1261,#1262,#1263,#1264));
#2619=EDGE_LOOP('',(#1265,#1266,#1267,#1268));
#2620=EDGE_LOOP('',(#1269,#1270,#1271,#1272));
#2621=EDGE_LOOP('',(#1273,#1274,#1275,#1276));
#2622=EDGE_LOOP('',(#1277,#1278,#1279,#1280));
#2623=EDGE_LOOP('',(#1281,#1282,#1283,#1284));
#2624=EDGE_LOOP('',(#1285,#1286,#1287,#1288));
#2625=EDGE_LOOP('',(#1289,#1290,#1291,#1292));
#2626=EDGE_LOOP('',(#1293,#1294,#1295,#1296));
#2627=EDGE_LOOP('',(#1297,#1298,#1299,#1300,#1301,#1302,#1303,#1304));
#2628=EDGE_LOOP('',(#1305,#1306,#1307,#1308,#1309,#1310,#1311,#1312,#1313,
#1314,#1315,#1316));
#2629=EDGE_LOOP('',(#1317,#1318,#1319,#1320));
#2630=EDGE_LOOP('',(#1321,#1322,#1323,#1324));
#2631=EDGE_LOOP('',(#1325,#1326,#1327,#1328));
#2632=EDGE_LOOP('',(#1329,#1330,#1331,#1332));
#2633=EDGE_LOOP('',(#1333,#1334,#1335,#1336));
#2634=EDGE_LOOP('',(#1337,#1338,#1339,#1340));
#2635=EDGE_LOOP('',(#1341,#1342,#1343,#1344));
#2636=EDGE_LOOP('',(#1345,#1346,#1347,#1348));
#2637=EDGE_LOOP('',(#1349,#1350,#1351,#1352));
#2638=EDGE_LOOP('',(#1353,#1354,#1355,#1356));
#2639=EDGE_LOOP('',(#1357,#1358,#1359,#1360));
#2640=EDGE_LOOP('',(#1361,#1362,#1363,#1364));
#2641=EDGE_LOOP('',(#1365,#1366,#1367,#1368,#1369,#1370,#1371,#1372));
#2642=EDGE_LOOP('',(#1373,#1374,#1375,#1376,#1377,#1378,#1379,#1380,#1381,
#1382,#1383,#1384));
#2643=EDGE_LOOP('',(#1385,#1386,#1387,#1388,#1389,#1390,#1391,#1392,#1393,
#1394,#1395,#1396,#1397,#1398,#1399,#1400));
#2644=EDGE_LOOP('',(#1401,#1402,#1403,#1404));
#2645=EDGE_LOOP('',(#1405,#1406,#1407,#1408));
#2646=EDGE_LOOP('',(#1409,#1410,#1411,#1412));
#2647=EDGE_LOOP('',(#1413,#1414,#1415,#1416));
#2648=EDGE_LOOP('',(#1417,#1418,#1419,#1420));
#2649=EDGE_LOOP('',(#1421,#1422,#1423,#1424));
#2650=EDGE_LOOP('',(#1425,#1426,#1427,#1428));
#2651=EDGE_LOOP('',(#1429,#1430,#1431,#1432));
#2652=EDGE_LOOP('',(#1433,#1434,#1435,#1436));
#2653=EDGE_LOOP('',(#1437,#1438,#1439,#1440));
#2654=EDGE_LOOP('',(#1441,#1442,#1443,#1444));
#2655=EDGE_LOOP('',(#1445,#1446,#1447,#1448));
#2656=EDGE_LOOP('',(#1449,#1450,#1451,#1452));
#2657=EDGE_LOOP('',(#1453,#1454,#1455,#1456));
#2658=EDGE_LOOP('',(#1457,#1458,#1459,#1460));
#2659=EDGE_LOOP('',(#1461,#1462,#1463,#1464));
#2660=EDGE_LOOP('',(#1465,#1466,#1467,#1468));
#2661=EDGE_LOOP('',(#1469,#1470,#1471,#1472));
#2662=EDGE_LOOP('',(#1473,#1474,#1475,#1476));
#2663=EDGE_LOOP('',(#1477,#1478,#1479,#1480));
#2664=EDGE_LOOP('',(#1481,#1482,#1483,#1484));
#2665=EDGE_LOOP('',(#1485,#1486,#1487,#1488));
#2666=EDGE_LOOP('',(#1489,#1490,#1491,#1492));
#2667=EDGE_LOOP('',(#1493,#1494,#1495,#1496));
#2668=EDGE_LOOP('',(#1497,#1498,#1499,#1500));
#2669=EDGE_LOOP('',(#1501,#1502,#1503,#1504));
#2670=EDGE_LOOP('',(#1505,#1506,#1507,#1508));
#2671=EDGE_LOOP('',(#1509,#1510,#1511,#1512));
#2672=EDGE_LOOP('',(#1513,#1514,#1515,#1516,#1517,#1518,#1519,#1520));
#2673=EDGE_LOOP('',(#1521,#1522,#1523,#1524));
#2674=EDGE_LOOP('',(#1525,#1526,#1527,#1528,#1529,#1530,#1531,#1532));
#2675=EDGE_LOOP('',(#1533,#1534,#1535,#1536));
#2676=EDGE_LOOP('',(#1537,#1538,#1539,#1540,#1541,#1542,#1543,#1544,#1545,
#1546,#1547,#1548,#1549,#1550,#1551,#1552,#1553,#1554,#1555,#1556,#1557,
#1558,#1559,#1560,#1561,#1562,#1563,#1564,#1565,#1566,#1567,#1568,#1569,
#1570,#1571,#1572));
#2677=EDGE_LOOP('',(#1573,#1574,#1575,#1576,#1577));
#2678=EDGE_LOOP('',(#1578,#1579,#1580,#1581,#1582,#1583,#1584,#1585,#1586));
#2679=EDGE_LOOP('',(#1587,#1588,#1589,#1590));
#2680=EDGE_LOOP('',(#1591,#1592,#1593,#1594));
#2681=EDGE_LOOP('',(#1595,#1596,#1597,#1598));
#2682=EDGE_LOOP('',(#1599,#1600,#1601,#1602,#1603,#1604,#1605,#1606,#1607));
#2683=EDGE_LOOP('',(#1608,#1609,#1610,#1611));
#2684=EDGE_LOOP('',(#1612,#1613,#1614,#1615,#1616));
#2685=EDGE_LOOP('',(#1617,#1618,#1619,#1620));
#2686=EDGE_LOOP('',(#1621,#1622,#1623,#1624));
#2687=EDGE_LOOP('',(#1625,#1626,#1627,#1628));
#2688=EDGE_LOOP('',(#1629,#1630,#1631,#1632,#1633,#1634,#1635,#1636));
#2689=FACE_BOUND('',#2501,.T.);
#2690=FACE_BOUND('',#2502,.T.);
#2691=FACE_BOUND('',#2503,.T.);
#2692=FACE_BOUND('',#2504,.T.);
#2693=FACE_BOUND('',#2505,.T.);
#2694=FACE_BOUND('',#2506,.T.);
#2695=FACE_BOUND('',#2507,.T.);
#2696=FACE_BOUND('',#2508,.T.);
#2697=FACE_BOUND('',#2509,.T.);
#2698=FACE_BOUND('',#2510,.T.);
#2699=FACE_BOUND('',#2511,.T.);
#2700=FACE_BOUND('',#2512,.T.);
#2701=FACE_BOUND('',#2513,.T.);
#2702=FACE_BOUND('',#2514,.T.);
#2703=FACE_BOUND('',#2515,.T.);
#2704=FACE_BOUND('',#2516,.T.);
#2705=FACE_BOUND('',#2517,.T.);
#2706=FACE_BOUND('',#2518,.T.);
#2707=FACE_BOUND('',#2519,.T.);
#2708=FACE_BOUND('',#2520,.T.);
#2709=FACE_BOUND('',#2521,.T.);
#2710=FACE_BOUND('',#2522,.T.);
#2711=FACE_BOUND('',#2523,.T.);
#2712=FACE_BOUND('',#2524,.T.);
#2713=FACE_BOUND('',#2525,.T.);
#2714=FACE_BOUND('',#2526,.T.);
#2715=FACE_BOUND('',#2527,.T.);
#2716=FACE_BOUND('',#2528,.T.);
#2717=FACE_BOUND('',#2529,.T.);
#2718=FACE_BOUND('',#2530,.T.);
#2719=FACE_BOUND('',#2531,.T.);
#2720=FACE_BOUND('',#2532,.T.);
#2721=FACE_BOUND('',#2533,.T.);
#2722=FACE_BOUND('',#2534,.T.);
#2723=FACE_BOUND('',#2535,.T.);
#2724=FACE_BOUND('',#2536,.T.);
#2725=FACE_BOUND('',#2537,.T.);
#2726=FACE_BOUND('',#2538,.T.);
#2727=FACE_BOUND('',#2539,.T.);
#2728=FACE_BOUND('',#2540,.T.);
#2729=FACE_BOUND('',#2541,.T.);
#2730=FACE_BOUND('',#2542,.T.);
#2731=FACE_BOUND('',#2543,.T.);
#2732=FACE_BOUND('',#2544,.T.);
#2733=FACE_BOUND('',#2545,.T.);
#2734=FACE_BOUND('',#2546,.T.);
#2735=FACE_BOUND('',#2547,.T.);
#2736=FACE_BOUND('',#2548,.T.);
#2737=FACE_BOUND('',#2549,.T.);
#2738=FACE_BOUND('',#2550,.T.);
#2739=FACE_BOUND('',#2551,.T.);
#2740=FACE_BOUND('',#2552,.T.);
#2741=FACE_BOUND('',#2553,.T.);
#2742=FACE_BOUND('',#2554,.T.);
#2743=FACE_BOUND('',#2555,.T.);
#2744=FACE_BOUND('',#2556,.T.);
#2745=FACE_BOUND('',#2557,.T.);
#2746=FACE_BOUND('',#2558,.T.);
#2747=FACE_BOUND('',#2559,.T.);
#2748=FACE_BOUND('',#2560,.T.);
#2749=FACE_BOUND('',#2561,.T.);
#2750=FACE_BOUND('',#2562,.T.);
#2751=FACE_BOUND('',#2563,.T.);
#2752=FACE_BOUND('',#2564,.T.);
#2753=FACE_BOUND('',#2565,.T.);
#2754=FACE_BOUND('',#2566,.T.);
#2755=FACE_BOUND('',#2567,.T.);
#2756=FACE_BOUND('',#2568,.T.);
#2757=FACE_BOUND('',#2569,.T.);
#2758=FACE_BOUND('',#2570,.T.);
#2759=FACE_BOUND('',#2571,.T.);
#2760=FACE_BOUND('',#2572,.T.);
#2761=FACE_BOUND('',#2573,.T.);
#2762=FACE_BOUND('',#2574,.T.);
#2763=FACE_BOUND('',#2575,.T.);
#2764=FACE_BOUND('',#2576,.T.);
#2765=FACE_BOUND('',#2577,.T.);
#2766=FACE_BOUND('',#2578,.T.);
#2767=FACE_BOUND('',#2579,.T.);
#2768=FACE_BOUND('',#2580,.T.);
#2769=FACE_BOUND('',#2581,.T.);
#2770=FACE_BOUND('',#2582,.T.);
#2771=FACE_BOUND('',#2583,.T.);
#2772=FACE_BOUND('',#2584,.T.);
#2773=FACE_BOUND('',#2585,.T.);
#2774=FACE_BOUND('',#2586,.T.);
#2775=FACE_BOUND('',#2587,.T.);
#2776=FACE_BOUND('',#2588,.T.);
#2777=FACE_BOUND('',#2589,.T.);
#2778=FACE_BOUND('',#2590,.T.);
#2779=FACE_BOUND('',#2591,.T.);
#2780=FACE_BOUND('',#2592,.T.);
#2781=FACE_BOUND('',#2593,.T.);
#2782=FACE_BOUND('',#2594,.T.);
#2783=FACE_BOUND('',#2595,.T.);
#2784=FACE_BOUND('',#2596,.T.);
#2785=FACE_BOUND('',#2597,.T.);
#2786=FACE_BOUND('',#2598,.T.);
#2787=FACE_BOUND('',#2599,.T.);
#2788=FACE_BOUND('',#2600,.T.);
#2789=FACE_BOUND('',#2601,.T.);
#2790=FACE_BOUND('',#2602,.T.);
#2791=FACE_BOUND('',#2603,.T.);
#2792=FACE_BOUND('',#2604,.T.);
#2793=FACE_BOUND('',#2605,.T.);
#2794=FACE_BOUND('',#2606,.T.);
#2795=FACE_BOUND('',#2607,.T.);
#2796=FACE_BOUND('',#2608,.T.);
#2797=FACE_BOUND('',#2609,.T.);
#2798=FACE_BOUND('',#2610,.T.);
#2799=FACE_BOUND('',#2611,.T.);
#2800=FACE_BOUND('',#2612,.T.);
#2801=FACE_BOUND('',#2613,.T.);
#2802=FACE_BOUND('',#2614,.T.);
#2803=FACE_BOUND('',#2615,.T.);
#2804=FACE_BOUND('',#2616,.T.);
#2805=FACE_BOUND('',#2617,.T.);
#2806=FACE_BOUND('',#2618,.T.);
#2807=FACE_BOUND('',#2619,.T.);
#2808=FACE_BOUND('',#2620,.T.);
#2809=FACE_BOUND('',#2621,.T.);
#2810=FACE_BOUND('',#2622,.T.);
#2811=FACE_BOUND('',#2623,.T.);
#2812=FACE_BOUND('',#2624,.T.);
#2813=FACE_BOUND('',#2625,.T.);
#2814=FACE_BOUND('',#2626,.T.);
#2815=FACE_BOUND('',#2627,.T.);
#2816=FACE_BOUND('',#2628,.T.);
#2817=FACE_BOUND('',#2629,.T.);
#2818=FACE_BOUND('',#2630,.T.);
#2819=FACE_BOUND('',#2631,.T.);
#2820=FACE_BOUND('',#2632,.T.);
#2821=FACE_BOUND('',#2633,.T.);
#2822=FACE_BOUND('',#2634,.T.);
#2823=FACE_BOUND('',#2635,.T.);
#2824=FACE_BOUND('',#2636,.T.);
#2825=FACE_BOUND('',#2637,.T.);
#2826=FACE_BOUND('',#2638,.T.);
#2827=FACE_BOUND('',#2639,.T.);
#2828=FACE_BOUND('',#2640,.T.);
#2829=FACE_BOUND('',#2641,.T.);
#2830=FACE_BOUND('',#2642,.T.);
#2831=FACE_BOUND('',#2643,.T.);
#2832=FACE_BOUND('',#2644,.T.);
#2833=FACE_BOUND('',#2645,.T.);
#2834=FACE_BOUND('',#2646,.T.);
#2835=FACE_BOUND('',#2647,.T.);
#2836=FACE_BOUND('',#2648,.T.);
#2837=FACE_BOUND('',#2649,.T.);
#2838=FACE_BOUND('',#2650,.T.);
#2839=FACE_BOUND('',#2651,.T.);
#2840=FACE_BOUND('',#2652,.T.);
#2841=FACE_BOUND('',#2653,.T.);
#2842=FACE_BOUND('',#2654,.T.);
#2843=FACE_BOUND('',#2655,.T.);
#2844=FACE_BOUND('',#2656,.T.);
#2845=FACE_BOUND('',#2657,.T.);
#2846=FACE_BOUND('',#2658,.T.);
#2847=FACE_BOUND('',#2659,.T.);
#2848=FACE_BOUND('',#2660,.T.);
#2849=FACE_BOUND('',#2661,.T.);
#2850=FACE_BOUND('',#2662,.T.);
#2851=FACE_BOUND('',#2663,.T.);
#2852=FACE_BOUND('',#2664,.T.);
#2853=FACE_BOUND('',#2665,.T.);
#2854=FACE_BOUND('',#2666,.T.);
#2855=FACE_BOUND('',#2667,.T.);
#2856=FACE_BOUND('',#2668,.T.);
#2857=FACE_BOUND('',#2669,.T.);
#2858=FACE_BOUND('',#2670,.T.);
#2859=FACE_BOUND('',#2671,.T.);
#2860=FACE_BOUND('',#2672,.T.);
#2861=FACE_BOUND('',#2673,.T.);
#2862=FACE_BOUND('',#2674,.T.);
#2863=FACE_BOUND('',#2675,.T.);
#2864=FACE_BOUND('',#2676,.T.);
#2865=FACE_BOUND('',#2677,.T.);
#2866=FACE_BOUND('',#2678,.T.);
#2867=FACE_BOUND('',#2679,.T.);
#2868=FACE_BOUND('',#2680,.T.);
#2869=FACE_BOUND('',#2681,.T.);
#2870=FACE_BOUND('',#2682,.T.);
#2871=FACE_BOUND('',#2683,.T.);
#2872=FACE_BOUND('',#2684,.T.);
#2873=FACE_BOUND('',#2685,.T.);
#2874=FACE_BOUND('',#2686,.T.);
#2875=FACE_BOUND('',#2687,.T.);
#2876=FACE_BOUND('',#2688,.T.);
#2877=PLANE('',#3270);
#2878=PLANE('',#3274);
#2879=PLANE('',#3278);
#2880=PLANE('',#3282);
#2881=PLANE('',#3288);
#2882=PLANE('',#3289);
#2883=PLANE('',#3293);
#2884=PLANE('',#3296);
#2885=PLANE('',#3299);
#2886=PLANE('',#3300);
#2887=PLANE('',#3304);
#2888=PLANE('',#3309);
#2889=PLANE('',#3312);
#2890=PLANE('',#3315);
#2891=PLANE('',#3318);
#2892=PLANE('',#3321);
#2893=PLANE('',#3323);
#2894=PLANE('',#3327);
#2895=PLANE('',#3331);
#2896=PLANE('',#3332);
#2897=PLANE('',#3337);
#2898=PLANE('',#3340);
#2899=PLANE('',#3342);
#2900=PLANE('',#3343);
#2901=PLANE('',#3344);
#2902=PLANE('',#3345);
#2903=PLANE('',#3346);
#2904=PLANE('',#3347);
#2905=PLANE('',#3348);
#2906=PLANE('',#3349);
#2907=PLANE('',#3350);
#2908=PLANE('',#3351);
#2909=PLANE('',#3355);
#2910=PLANE('',#3359);
#2911=PLANE('',#3360);
#2912=PLANE('',#3361);
#2913=PLANE('',#3365);
#2914=PLANE('',#3366);
#2915=PLANE('',#3370);
#2916=PLANE('',#3371);
#2917=PLANE('',#3372);
#2918=PLANE('',#3373);
#2919=PLANE('',#3374);
#2920=PLANE('',#3375);
#2921=PLANE('',#3380);
#2922=PLANE('',#3381);
#2923=PLANE('',#3384);
#2924=PLANE('',#3389);
#2925=PLANE('',#3390);
#2926=PLANE('',#3399);
#2927=PLANE('',#3403);
#2928=PLANE('',#3404);
#2929=PLANE('',#3412);
#2930=PLANE('',#3413);
#2931=PLANE('',#3416);
#2932=PLANE('',#3418);
#2933=PLANE('',#3425);
#2934=PLANE('',#3428);
#2935=PLANE('',#3431);
#2936=PLANE('',#3434);
#2937=PLANE('',#3455);
#2938=PLANE('',#3482);
#2939=PLANE('',#3485);
#2940=PLANE('',#3488);
#2941=PLANE('',#3491);
#2942=PLANE('',#3492);
#2943=PLANE('',#3497);
#2944=PLANE('',#3498);
#2945=PLANE('',#3499);
#2946=PLANE('',#3502);
#2947=PLANE('',#3505);
#2948=PLANE('',#3508);
#2949=PLANE('',#3511);
#2950=PLANE('',#3512);
#2951=PLANE('',#3513);
#2952=PLANE('',#3515);
#2953=PLANE('',#3526);
#2954=PLANE('',#3529);
#2955=PLANE('',#3532);
#2956=PLANE('',#3535);
#2957=PLANE('',#3538);
#2958=PLANE('',#3541);
#2959=PLANE('',#3544);
#2960=PLANE('',#3547);
#2961=PLANE('',#3548);
#2962=PLANE('',#3551);
#2963=PLANE('',#3554);
#2964=PLANE('',#3558);
#2965=PLANE('',#3562);
#2966=PLANE('',#3565);
#2967=PLANE('',#3568);
#2968=PLANE('',#3569);
#2969=PLANE('',#3570);
#2970=PLANE('',#3571);
#2971=PLANE('',#3572);
#2972=PLANE('',#3595);
#2973=PLANE('',#3600);
#2974=ADVANCED_FACE('',(#2689),#2877,.T.);
#2975=ADVANCED_FACE('',(#2690,#2691),#691,.T.);
#2976=ADVANCED_FACE('',(#2692),#2878,.T.);
#2977=ADVANCED_FACE('',(#2693,#2694),#692,.T.);
#2978=ADVANCED_FACE('',(#2695,#2696),#2879,.T.);
#2979=ADVANCED_FACE('',(#2697,#2698),#693,.T.);
#2980=ADVANCED_FACE('',(#2699,#2700),#2880,.F.);
#2981=ADVANCED_FACE('',(#2701),#694,.T.);
#2982=ADVANCED_FACE('',(#2702),#2881,.T.);
#2983=ADVANCED_FACE('',(#2703),#2882,.T.);
#2984=ADVANCED_FACE('',(#2704),#2883,.T.);
#2985=ADVANCED_FACE('',(#2705),#695,.T.);
#2986=ADVANCED_FACE('',(#2706),#2884,.T.);
#2987=ADVANCED_FACE('',(#2707),#696,.T.);
#2988=ADVANCED_FACE('',(#2708),#2885,.T.);
#2989=ADVANCED_FACE('',(#2709),#2886,.T.);
#2990=ADVANCED_FACE('',(#2710),#697,.T.);
#2991=ADVANCED_FACE('',(#2711),#2887,.T.);
#2992=ADVANCED_FACE('',(#2712),#2888,.T.);
#2993=ADVANCED_FACE('',(#2713),#698,.T.);
#2994=ADVANCED_FACE('',(#2714),#2889,.T.);
#2995=ADVANCED_FACE('',(#2715),#699,.T.);
#2996=ADVANCED_FACE('',(#2716),#2890,.T.);
#2997=ADVANCED_FACE('',(#2717),#700,.T.);
#2998=ADVANCED_FACE('',(#2718),#2891,.T.);
#2999=ADVANCED_FACE('',(#2719),#701,.T.);
#3000=ADVANCED_FACE('',(#2720),#2892,.F.);
#3001=ADVANCED_FACE('',(#2721),#2893,.T.);
#3002=ADVANCED_FACE('',(#2722),#702,.T.);
#3003=ADVANCED_FACE('',(#2723),#2894,.F.);
#3004=ADVANCED_FACE('',(#2724),#703,.T.);
#3005=ADVANCED_FACE('',(#2725),#2895,.T.);
#3006=ADVANCED_FACE('',(#2726),#2896,.F.);
#3007=ADVANCED_FACE('',(#2727),#704,.T.);
#3008=ADVANCED_FACE('',(#2728),#2897,.T.);
#3009=ADVANCED_FACE('',(#2729),#705,.T.);
#3010=ADVANCED_FACE('',(#2730),#2898,.T.);
#3011=ADVANCED_FACE('',(#2731),#2899,.T.);
#3012=ADVANCED_FACE('',(#2732),#2900,.T.);
#3013=ADVANCED_FACE('',(#2733),#2901,.T.);
#3014=ADVANCED_FACE('',(#2734),#2902,.F.);
#3015=ADVANCED_FACE('',(#2735),#2903,.T.);
#3016=ADVANCED_FACE('',(#2736),#2904,.T.);
#3017=ADVANCED_FACE('',(#2737),#2905,.T.);
#3018=ADVANCED_FACE('',(#2738),#2906,.T.);
#3019=ADVANCED_FACE('',(#2739),#2907,.F.);
#3020=ADVANCED_FACE('',(#2740),#2908,.T.);
#3021=ADVANCED_FACE('',(#2741),#706,.T.);
#3022=ADVANCED_FACE('',(#2742),#2909,.T.);
#3023=ADVANCED_FACE('',(#2743),#707,.T.);
#3024=ADVANCED_FACE('',(#2744),#2910,.T.);
#3025=ADVANCED_FACE('',(#2745,#2746,#2747),#2911,.T.);
#3026=ADVANCED_FACE('',(#2748),#2912,.T.);
#3027=ADVANCED_FACE('',(#2749),#708,.T.);
#3028=ADVANCED_FACE('',(#2750),#2913,.T.);
#3029=ADVANCED_FACE('',(#2751),#2914,.T.);
#3030=ADVANCED_FACE('',(#2752),#709,.T.);
#3031=ADVANCED_FACE('',(#2753),#2915,.T.);
#3032=ADVANCED_FACE('',(#2754),#2916,.T.);
#3033=ADVANCED_FACE('',(#2755),#2917,.T.);
#3034=ADVANCED_FACE('',(#2756),#2918,.T.);
#3035=ADVANCED_FACE('',(#2757),#2919,.T.);
#3036=ADVANCED_FACE('',(#2758),#2920,.T.);
#3037=ADVANCED_FACE('',(#2759),#710,.F.);
#3038=ADVANCED_FACE('',(#2760),#2921,.T.);
#3039=ADVANCED_FACE('',(#2761),#2922,.T.);
#3040=ADVANCED_FACE('',(#2762),#711,.T.);
#3041=ADVANCED_FACE('',(#2763),#2923,.F.);
#3042=ADVANCED_FACE('',(#2764),#712,.T.);
#3043=ADVANCED_FACE('',(#2765),#2924,.T.);
#3044=ADVANCED_FACE('',(#2766),#2925,.T.);
#3045=ADVANCED_FACE('',(#2767),#713,.T.);
#3046=ADVANCED_FACE('',(#2768),#28,.T.);
#3047=ADVANCED_FACE('',(#2769),#714,.T.);
#3048=ADVANCED_FACE('',(#2770),#2926,.T.);
#3049=ADVANCED_FACE('',(#2771),#715,.T.);
#3050=ADVANCED_FACE('',(#2772),#2927,.T.);
#3051=ADVANCED_FACE('',(#2773),#2928,.T.);
#3052=ADVANCED_FACE('',(#2774),#716,.T.);
#3053=ADVANCED_FACE('',(#2775),#29,.T.);
#3054=ADVANCED_FACE('',(#2776),#717,.T.);
#3055=ADVANCED_FACE('',(#2777),#2929,.F.);
#3056=ADVANCED_FACE('',(#2778),#2930,.T.);
#3057=ADVANCED_FACE('',(#2779),#718,.T.);
#3058=ADVANCED_FACE('',(#2780),#2931,.F.);
#3059=ADVANCED_FACE('',(#2781),#2932,.T.);
#3060=ADVANCED_FACE('',(#2782),#719,.F.);
#3061=ADVANCED_FACE('',(#2783),#2933,.F.);
#3062=ADVANCED_FACE('',(#2784),#720,.F.);
#3063=ADVANCED_FACE('',(#2785),#2934,.F.);
#3064=ADVANCED_FACE('',(#2786),#721,.F.);
#3065=ADVANCED_FACE('',(#2787),#2935,.F.);
#3066=ADVANCED_FACE('',(#2788),#722,.F.);
#3067=ADVANCED_FACE('',(#2789),#2936,.F.);
#3068=ADVANCED_FACE('',(#2790),#723,.T.);
#3069=ADVANCED_FACE('',(#2791),#23,.T.);
#3070=ADVANCED_FACE('',(#2792),#724,.T.);
#3071=ADVANCED_FACE('',(#2793),#24,.T.);
#3072=ADVANCED_FACE('',(#2794),#725,.T.);
#3073=ADVANCED_FACE('',(#2795),#25,.T.);
#3074=ADVANCED_FACE('',(#2796),#726,.T.);
#3075=ADVANCED_FACE('',(#2797),#26,.T.);
#3076=ADVANCED_FACE('',(#2798),#2937,.T.);
#3077=ADVANCED_FACE('',(#2799),#727,.T.);
#3078=ADVANCED_FACE('',(#2800),#16,.T.);
#3079=ADVANCED_FACE('',(#2801),#728,.T.);
#3080=ADVANCED_FACE('',(#2802),#17,.T.);
#3081=ADVANCED_FACE('',(#2803),#729,.T.);
#3082=ADVANCED_FACE('',(#2804),#18,.T.);
#3083=ADVANCED_FACE('',(#2805),#730,.T.);
#3084=ADVANCED_FACE('',(#2806),#19,.T.);
#3085=ADVANCED_FACE('',(#2807),#731,.T.);
#3086=ADVANCED_FACE('',(#2808),#2938,.T.);
#3087=ADVANCED_FACE('',(#2809),#732,.T.);
#3088=ADVANCED_FACE('',(#2810),#2939,.T.);
#3089=ADVANCED_FACE('',(#2811),#733,.T.);
#3090=ADVANCED_FACE('',(#2812),#2940,.T.);
#3091=ADVANCED_FACE('',(#2813),#734,.T.);
#3092=ADVANCED_FACE('',(#2814),#2941,.T.);
#3093=ADVANCED_FACE('',(#2815,#2816),#2942,.T.);
#3094=ADVANCED_FACE('',(#2817),#2943,.F.);
#3095=ADVANCED_FACE('',(#2818),#2944,.F.);
#3096=ADVANCED_FACE('',(#2819),#2945,.T.);
#3097=ADVANCED_FACE('',(#2820),#735,.T.);
#3098=ADVANCED_FACE('',(#2821),#2946,.T.);
#3099=ADVANCED_FACE('',(#2822),#736,.T.);
#3100=ADVANCED_FACE('',(#2823),#2947,.T.);
#3101=ADVANCED_FACE('',(#2824),#737,.T.);
#3102=ADVANCED_FACE('',(#2825),#2948,.T.);
#3103=ADVANCED_FACE('',(#2826),#738,.T.);
#3104=ADVANCED_FACE('',(#2827),#2949,.T.);
#3105=ADVANCED_FACE('',(#2828),#2950,.F.);
#3106=ADVANCED_FACE('',(#2829,#2830),#2951,.F.);
#3107=ADVANCED_FACE('',(#2831),#2952,.T.);
#3108=ADVANCED_FACE('',(#2832),#739,.F.);
#3109=ADVANCED_FACE('',(#2833),#2953,.F.);
#3110=ADVANCED_FACE('',(#2834),#740,.F.);
#3111=ADVANCED_FACE('',(#2835),#2954,.F.);
#3112=ADVANCED_FACE('',(#2836),#741,.T.);
#3113=ADVANCED_FACE('',(#2837),#2955,.F.);
#3114=ADVANCED_FACE('',(#2838),#742,.T.);
#3115=ADVANCED_FACE('',(#2839),#2956,.F.);
#3116=ADVANCED_FACE('',(#2840),#743,.F.);
#3117=ADVANCED_FACE('',(#2841),#2957,.F.);
#3118=ADVANCED_FACE('',(#2842),#744,.F.);
#3119=ADVANCED_FACE('',(#2843),#2958,.F.);
#3120=ADVANCED_FACE('',(#2844),#745,.T.);
#3121=ADVANCED_FACE('',(#2845),#2959,.F.);
#3122=ADVANCED_FACE('',(#2846),#746,.T.);
#3123=ADVANCED_FACE('',(#2847),#2960,.F.);
#3124=ADVANCED_FACE('',(#2848),#2961,.T.);
#3125=ADVANCED_FACE('',(#2849),#747,.F.);
#3126=ADVANCED_FACE('',(#2850),#2962,.T.);
#3127=ADVANCED_FACE('',(#2851),#748,.F.);
#3128=ADVANCED_FACE('',(#2852),#2963,.T.);
#3129=ADVANCED_FACE('',(#2853),#749,.T.);
#3130=ADVANCED_FACE('',(#2854),#2964,.T.);
#3131=ADVANCED_FACE('',(#2855),#750,.T.);
#3132=ADVANCED_FACE('',(#2856),#2965,.T.);
#3133=ADVANCED_FACE('',(#2857),#751,.F.);
#3134=ADVANCED_FACE('',(#2858),#2966,.T.);
#3135=ADVANCED_FACE('',(#2859),#752,.F.);
#3136=ADVANCED_FACE('',(#2860),#2967,.T.);
#3137=ADVANCED_FACE('',(#2861),#2968,.T.);
#3138=ADVANCED_FACE('',(#2862),#2969,.F.);
#3139=ADVANCED_FACE('',(#2863),#2970,.F.);
#3140=ADVANCED_FACE('',(#2864),#2971,.T.);
#3141=ADVANCED_FACE('',(#2865),#753,.T.);
#3142=ADVANCED_FACE('',(#2866),#754,.T.);
#3143=ADVANCED_FACE('',(#2867),#20,.T.);
#3144=ADVANCED_FACE('',(#2868),#755,.T.);
#3145=ADVANCED_FACE('',(#2869),#21,.T.);
#3146=ADVANCED_FACE('',(#2870),#756,.T.);
#3147=ADVANCED_FACE('',(#2871),#27,.T.);
#3148=ADVANCED_FACE('',(#2872),#757,.T.);
#3149=ADVANCED_FACE('',(#2873),#2972,.T.);
#3150=ADVANCED_FACE('',(#2874),#758,.T.);
#3151=ADVANCED_FACE('',(#2875),#22,.T.);
#3152=ADVANCED_FACE('',(#2876),#2973,.F.);
#3153=CLOSED_SHELL('',(#2974,#2975,#2976,#2977,#2978,#2979,#2980));
#3154=CLOSED_SHELL('',(#2981,#2982,#2983,#2984,#2985,#2986,#2987,#2988,
#2989,#2990));
#3155=CLOSED_SHELL('',(#2991,#2992,#2993,#2994,#2995,#2996,#2997,#2998,
#2999,#3000));
#3156=CLOSED_SHELL('',(#3001,#3002,#3003,#3004,#3005,#3006,#3007,#3008,
#3009,#3010));
#3157=CLOSED_SHELL('',(#3011,#3012,#3013,#3014,#3015,#3016,#3017,#3018,
#3019,#3020,#3021,#3022,#3023,#3024,#3025,#3026,#3027,#3028,#3029,#3030,
#3031,#3032,#3033,#3034,#3035,#3036,#3037,#3038,#3039,#3040,#3041));
#3158=CLOSED_SHELL('',(#3042,#3043,#3044,#3045,#3046,#3047,#3048,#3049,
#3050,#3051,#3052,#3053,#3054,#3055,#3056,#3057,#3058));
#3159=CLOSED_SHELL('',(#3059,#3060,#3061,#3062,#3063,#3064,#3065,#3066,
#3067,#3068,#3069,#3070,#3071,#3072,#3073,#3074,#3075,#3076,#3077,#3078,
#3079,#3080,#3081,#3082,#3083,#3084,#3085,#3086,#3087,#3088,#3089,#3090,
#3091,#3092,#3093,#3094,#3095,#3096,#3097,#3098,#3099,#3100,#3101,#3102,
#3103,#3104,#3105,#3106));
#3160=CLOSED_SHELL('',(#3107,#3108,#3109,#3110,#3111,#3112,#3113,#3114,
#3115,#3116,#3117,#3118,#3119,#3120,#3121,#3122,#3123,#3124,#3125,#3126,
#3127,#3128,#3129,#3130,#3131,#3132,#3133,#3134,#3135,#3136,#3137,#3138,
#3139,#3140,#3141,#3142,#3143,#3144,#3145,#3146,#3147,#3148,#3149,#3150,
#3151,#3152));
#3161=STYLED_ITEM('',(#3169),#3231);
#3162=STYLED_ITEM('',(#3170),#3232);
#3163=STYLED_ITEM('',(#3171),#3233);
#3164=STYLED_ITEM('',(#3172),#3234);
#3165=STYLED_ITEM('',(#3173),#3235);
#3166=STYLED_ITEM('',(#3176),#3236);
#3167=STYLED_ITEM('',(#3177),#3237);
#3168=STYLED_ITEM('',(#3178),#3238);
#3169=PRESENTATION_STYLE_ASSIGNMENT((#3179));
#3170=PRESENTATION_STYLE_ASSIGNMENT((#3180));
#3171=PRESENTATION_STYLE_ASSIGNMENT((#3181));
#3172=PRESENTATION_STYLE_ASSIGNMENT((#3182));
#3173=PRESENTATION_STYLE_ASSIGNMENT((#3183));
#3174=PRESENTATION_STYLE_ASSIGNMENT((#3184));
#3175=PRESENTATION_STYLE_ASSIGNMENT((#3185));
#3176=PRESENTATION_STYLE_ASSIGNMENT((#3186));
#3177=PRESENTATION_STYLE_ASSIGNMENT((#3187));
#3178=PRESENTATION_STYLE_ASSIGNMENT((#3188));
#3179=SURFACE_STYLE_USAGE(.BOTH.,#3189);
#3180=SURFACE_STYLE_USAGE(.BOTH.,#3190);
#3181=SURFACE_STYLE_USAGE(.BOTH.,#3191);
#3182=SURFACE_STYLE_USAGE(.BOTH.,#3192);
#3183=SURFACE_STYLE_USAGE(.BOTH.,#3193);
#3184=SURFACE_STYLE_USAGE(.BOTH.,#3194);
#3185=SURFACE_STYLE_USAGE(.BOTH.,#3195);
#3186=SURFACE_STYLE_USAGE(.BOTH.,#3196);
#3187=SURFACE_STYLE_USAGE(.BOTH.,#3197);
#3188=SURFACE_STYLE_USAGE(.BOTH.,#3198);
#3189=SURFACE_SIDE_STYLE('',(#3199));
#3190=SURFACE_SIDE_STYLE('',(#3200));
#3191=SURFACE_SIDE_STYLE('',(#3201));
#3192=SURFACE_SIDE_STYLE('',(#3202));
#3193=SURFACE_SIDE_STYLE('',(#3203));
#3194=SURFACE_SIDE_STYLE('',(#3204));
#3195=SURFACE_SIDE_STYLE('',(#3205));
#3196=SURFACE_SIDE_STYLE('',(#3206));
#3197=SURFACE_SIDE_STYLE('',(#3207));
#3198=SURFACE_SIDE_STYLE('',(#3208));
#3199=SURFACE_STYLE_FILL_AREA(#3209);
#3200=SURFACE_STYLE_FILL_AREA(#3210);
#3201=SURFACE_STYLE_FILL_AREA(#3211);
#3202=SURFACE_STYLE_FILL_AREA(#3212);
#3203=SURFACE_STYLE_FILL_AREA(#3213);
#3204=SURFACE_STYLE_FILL_AREA(#3214);
#3205=SURFACE_STYLE_FILL_AREA(#3215);
#3206=SURFACE_STYLE_FILL_AREA(#3216);
#3207=SURFACE_STYLE_FILL_AREA(#3217);
#3208=SURFACE_STYLE_FILL_AREA(#3218);
#3209=FILL_AREA_STYLE('',(#3219));
#3210=FILL_AREA_STYLE('',(#3220));
#3211=FILL_AREA_STYLE('',(#3221));
#3212=FILL_AREA_STYLE('',(#3222));
#3213=FILL_AREA_STYLE('',(#3223));
#3214=FILL_AREA_STYLE('',(#3224));
#3215=FILL_AREA_STYLE('',(#3225));
#3216=FILL_AREA_STYLE('',(#3226));
#3217=FILL_AREA_STYLE('',(#3227));
#3218=FILL_AREA_STYLE('',(#3228));
#3219=FILL_AREA_STYLE_COLOUR('',#3229);
#3220=FILL_AREA_STYLE_COLOUR('',#614);
#3221=FILL_AREA_STYLE_COLOUR('',#614);
#3222=FILL_AREA_STYLE_COLOUR('',#614);
#3223=FILL_AREA_STYLE_COLOUR('',#614);
#3224=FILL_AREA_STYLE_COLOUR('',#3230);
#3225=FILL_AREA_STYLE_COLOUR('',#3230);
#3226=FILL_AREA_STYLE_COLOUR('',#614);
#3227=FILL_AREA_STYLE_COLOUR('',#614);
#3228=FILL_AREA_STYLE_COLOUR('',#614);
#3229=DRAUGHTING_PRE_DEFINED_COLOUR('red');
#3230=DRAUGHTING_PRE_DEFINED_COLOUR('yellow');
#3231=MANIFOLD_SOLID_BREP('XX21_1_1_1_1',#3153);
#3232=MANIFOLD_SOLID_BREP('TESA-4982_4_1_1_1_1',#3154);
#3233=MANIFOLD_SOLID_BREP('FOAM2_1_1_1_1',#3155);
#3234=MANIFOLD_SOLID_BREP('FOAM1_1_1_1_1',#3156);
#3235=MANIFOLD_SOLID_BREP('FP195_1_1_1_1_1_1_1',#3157);
#3236=MANIFOLD_SOLID_BREP('GLUE_1_1_2_1_1_1_1_1_1',#3158);
#3237=MANIFOLD_SOLID_BREP('XIAJIKE_3_1_1_2_1_1_1_1_2_1_1_1',#3159);
#3238=MANIFOLD_SOLID_BREP('SHANGJIKE_1_1_1_1_1_2_1_1_1_1_2',#3160);
#3239=SHAPE_DEFINITION_REPRESENTATION(#5590,#3254);
#3240=SHAPE_DEFINITION_REPRESENTATION(#5591,#3255);
#3241=SHAPE_DEFINITION_REPRESENTATION(#5592,#3256);
#3242=SHAPE_DEFINITION_REPRESENTATION(#5593,#3257);
#3243=SHAPE_DEFINITION_REPRESENTATION(#5596,#3258);
#3244=SHAPE_DEFINITION_REPRESENTATION(#5598,#3259);
#3245=SHAPE_DEFINITION_REPRESENTATION(#5600,#3260);
#3246=SHAPE_DEFINITION_REPRESENTATION(#5602,#3261);
#3247=SHAPE_DEFINITION_REPRESENTATION(#5603,#3262);
#3248=SHAPE_DEFINITION_REPRESENTATION(#5604,#3263);
#3249=SHAPE_DEFINITION_REPRESENTATION(#5605,#3264);
#3250=SHAPE_DEFINITION_REPRESENTATION(#5607,#3265);
#3251=SHAPE_DEFINITION_REPRESENTATION(#5609,#3266);
#3252=SHAPE_DEFINITION_REPRESENTATION(#5610,#3267);
#3253=SHAPE_DEFINITION_REPRESENTATION(#5612,#3268);
#3254=SHAPE_REPRESENTATION('VLV041235L-L20-1S03UBB_ASM',(#3269,#3607),#5557);
#3255=SHAPE_REPRESENTATION('VLV041235L-L20-1S03UBB_-8592_ASM <1>',(#3269,
#3606),#5558);
#3256=SHAPE_REPRESENTATION('ASM0007_ASM_1_1_ASM_1_ASM_1_ASM_ASM <1>',(#3269,
#3283,#3284,#3303,#3322,#3341,#3605),#5559);
#3257=SHAPE_REPRESENTATION('XX21_1_1_1_1',(#3269),#5560);
#3258=SHAPE_REPRESENTATION('TESA-4982_4_1_1_1_1',(#3269),#5561);
#3259=SHAPE_REPRESENTATION('FOAM2_1_1_1_1',(#3269),#5562);
#3260=SHAPE_REPRESENTATION('FOAM1_1_1_1_1',(#3269),#5563);
#3261=SHAPE_REPRESENTATION('VLV041235L-1R0CUBV_ASM_1_AS_ASM <1>',(#3269,
#3604),#5564);
#3262=SHAPE_REPRESENTATION('VLV041235L_ASM_1_ASM_1_ASM__ASM <1>',(#3269,
#3603),#5565);
#3263=SHAPE_REPRESENTATION('ASM0007_ASM_1_ASM_1_ASM_1_ASM_1_ASM <1>',(#3269,
#3385,#3417,#3602),#5566);
#3264=SHAPE_REPRESENTATION('FP195_1_1_1_1_1_1_1',(#3269),#5567);
#3265=SHAPE_REPRESENTATION('GLUE_1_1_2_1_1_1_1_1_1',(#3269),#5568);
#3266=SHAPE_REPRESENTATION('VLV041235L-02UAD_3__ASM_AS_1_ASM <1>',(#3269,
#3514,#3601),#5569);
#3267=SHAPE_REPRESENTATION('XIAJIKE_3_1_1_2_1_1_1_1_2_1_1_1',(#3269),#5570);
#3268=SHAPE_REPRESENTATION('SHANGJIKE_1_1_1_1_1_2_1_1_1_1_2',(#3269),#5571);
#3269=AXIS2_PLACEMENT_3D('',#4575,#3608,#3609);
#3270=AXIS2_PLACEMENT_3D('',#4576,#3610,#3611);
#3271=AXIS2_PLACEMENT_3D('',#4577,#3612,#3613);
#3272=AXIS2_PLACEMENT_3D('',#4579,#3614,#3615);
#3273=AXIS2_PLACEMENT_3D('',#4580,#3616,#3617);
#3274=AXIS2_PLACEMENT_3D('',#4582,#3618,#3619);
#3275=AXIS2_PLACEMENT_3D('',#4583,#3620,#3621);
#3276=AXIS2_PLACEMENT_3D('',#4585,#3622,#3623);
#3277=AXIS2_PLACEMENT_3D('',#4586,#3624,#3625);
#3278=AXIS2_PLACEMENT_3D('',#4588,#3626,#3627);
#3279=AXIS2_PLACEMENT_3D('',#4589,#3628,#3629);
#3280=AXIS2_PLACEMENT_3D('',#4591,#3630,#3631);
#3281=AXIS2_PLACEMENT_3D('',#4592,#3632,#3633);
#3282=AXIS2_PLACEMENT_3D('',#4594,#3634,#3635);
#3283=AXIS2_PLACEMENT_3D('',#4595,#3636,#3637);
#3284=AXIS2_PLACEMENT_3D('',#4596,#3638,#3639);
#3285=AXIS2_PLACEMENT_3D('',#4597,#3640,#3641);
#3286=AXIS2_PLACEMENT_3D('',#4601,#3643,#3644);
#3287=AXIS2_PLACEMENT_3D('',#4605,#3646,#3647);
#3288=AXIS2_PLACEMENT_3D('',#4606,#3648,#3649);
#3289=AXIS2_PLACEMENT_3D('',#4612,#3653,#3654);
#3290=AXIS2_PLACEMENT_3D('',#4615,#3656,#3657);
#3291=AXIS2_PLACEMENT_3D('',#4619,#3659,#3660);
#3292=AXIS2_PLACEMENT_3D('',#4623,#3662,#3663);
#3293=AXIS2_PLACEMENT_3D('',#4624,#3664,#3665);
#3294=AXIS2_PLACEMENT_3D('',#4628,#3668,#3669);
#3295=AXIS2_PLACEMENT_3D('',#4631,#3671,#3672);
#3296=AXIS2_PLACEMENT_3D('',#4632,#3673,#3674);
#3297=AXIS2_PLACEMENT_3D('',#4636,#3677,#3678);
#3298=AXIS2_PLACEMENT_3D('',#4639,#3680,#3681);
#3299=AXIS2_PLACEMENT_3D('',#4640,#3682,#3683);
#3300=AXIS2_PLACEMENT_3D('',#4644,#3686,#3687);
#3301=AXIS2_PLACEMENT_3D('',#4645,#3688,#3689);
#3302=AXIS2_PLACEMENT_3D('',#4646,#3690,#3691);
#3303=AXIS2_PLACEMENT_3D('',#4647,#3692,#3693);
#3304=AXIS2_PLACEMENT_3D('',#4648,#3694,#3695);
#3305=AXIS2_PLACEMENT_3D('',#4652,#3697,#3698);
#3306=AXIS2_PLACEMENT_3D('',#4656,#3700,#3701);
#3307=AXIS2_PLACEMENT_3D('',#4660,#3703,#3704);
#3308=AXIS2_PLACEMENT_3D('',#4664,#3706,#3707);
#3309=AXIS2_PLACEMENT_3D('',#4665,#3708,#3709);
#3310=AXIS2_PLACEMENT_3D('',#4671,#3713,#3714);
#3311=AXIS2_PLACEMENT_3D('',#4674,#3716,#3717);
#3312=AXIS2_PLACEMENT_3D('',#4675,#3718,#3719);
#3313=AXIS2_PLACEMENT_3D('',#4679,#3722,#3723);
#3314=AXIS2_PLACEMENT_3D('',#4682,#3725,#3726);
#3315=AXIS2_PLACEMENT_3D('',#4683,#3727,#3728);
#3316=AXIS2_PLACEMENT_3D('',#4687,#3731,#3732);
#3317=AXIS2_PLACEMENT_3D('',#4690,#3734,#3735);
#3318=AXIS2_PLACEMENT_3D('',#4691,#3736,#3737);
#3319=AXIS2_PLACEMENT_3D('',#4695,#3740,#3741);
#3320=AXIS2_PLACEMENT_3D('',#4696,#3742,#3743);
#3321=AXIS2_PLACEMENT_3D('',#4697,#3744,#3745);
#3322=AXIS2_PLACEMENT_3D('',#4698,#3746,#3747);
#3323=AXIS2_PLACEMENT_3D('',#4699,#3748,#3749);
#3324=AXIS2_PLACEMENT_3D('',#4708,#3754,#3755);
#3325=AXIS2_PLACEMENT_3D('',#4709,#3756,#3757);
#3326=AXIS2_PLACEMENT_3D('',#4713,#3759,#3760);
#3327=AXIS2_PLACEMENT_3D('',#4714,#3761,#3762);
#3328=AXIS2_PLACEMENT_3D('',#4720,#3766,#3767);
#3329=AXIS2_PLACEMENT_3D('',#4721,#3768,#3769);
#3330=AXIS2_PLACEMENT_3D('',#4726,#3771,#3772);
#3331=AXIS2_PLACEMENT_3D('',#4729,#3774,#3775);
#3332=AXIS2_PLACEMENT_3D('',#4735,#3779,#3780);
#3333=AXIS2_PLACEMENT_3D('',#4736,#3781,#3782);
#3334=AXIS2_PLACEMENT_3D('',#4739,#3784,#3785);
#3335=AXIS2_PLACEMENT_3D('',#4740,#3786,#3787);
#3336=AXIS2_PLACEMENT_3D('',#4741,#3788,#3789);
#3337=AXIS2_PLACEMENT_3D('',#4742,#3790,#3791);
#3338=AXIS2_PLACEMENT_3D('',#4745,#3793,#3794);
#3339=AXIS2_PLACEMENT_3D('',#4746,#3795,#3796);
#3340=AXIS2_PLACEMENT_3D('',#4748,#3798,#3799);
#3341=AXIS2_PLACEMENT_3D('',#4749,#3800,#3801);
#3342=AXIS2_PLACEMENT_3D('',#4750,#3802,#3803);
#3343=AXIS2_PLACEMENT_3D('',#4759,#3808,#3809);
#3344=AXIS2_PLACEMENT_3D('',#4765,#3813,#3814);
#3345=AXIS2_PLACEMENT_3D('',#4771,#3818,#3819);
#3346=AXIS2_PLACEMENT_3D('',#4773,#3821,#3822);
#3347=AXIS2_PLACEMENT_3D('',#4775,#3824,#3825);
#3348=AXIS2_PLACEMENT_3D('',#4784,#3830,#3831);
#3349=AXIS2_PLACEMENT_3D('',#4790,#3835,#3836);
#3350=AXIS2_PLACEMENT_3D('',#4796,#3840,#3841);
#3351=AXIS2_PLACEMENT_3D('',#4798,#3843,#3844);
#3352=AXIS2_PLACEMENT_3D('',#4800,#3846,#3847);
#3353=AXIS2_PLACEMENT_3D('',#4804,#3849,#3850);
#3354=AXIS2_PLACEMENT_3D('',#4808,#3852,#3853);
#3355=AXIS2_PLACEMENT_3D('',#4809,#3854,#3855);
#3356=AXIS2_PLACEMENT_3D('',#4815,#3859,#3860);
#3357=AXIS2_PLACEMENT_3D('',#4819,#3862,#3863);
#3358=AXIS2_PLACEMENT_3D('',#4820,#3864,#3865);
#3359=AXIS2_PLACEMENT_3D('',#4821,#3866,#3867);
#3360=AXIS2_PLACEMENT_3D('',#4827,#3871,#3872);
#3361=AXIS2_PLACEMENT_3D('',#4831,#3875,#3876);
#3362=AXIS2_PLACEMENT_3D('',#4835,#3879,#3880);
#3363=AXIS2_PLACEMENT_3D('',#4836,#3881,#3882);
#3364=AXIS2_PLACEMENT_3D('',#4840,#3884,#3885);
#3365=AXIS2_PLACEMENT_3D('',#4843,#3887,#3888);
#3366=AXIS2_PLACEMENT_3D('',#4849,#3892,#3893);
#3367=AXIS2_PLACEMENT_3D('',#4855,#3897,#3898);
#3368=AXIS2_PLACEMENT_3D('',#4856,#3899,#3900);
#3369=AXIS2_PLACEMENT_3D('',#4860,#3902,#3903);
#3370=AXIS2_PLACEMENT_3D('',#4861,#3904,#3905);
#3371=AXIS2_PLACEMENT_3D('',#4865,#3908,#3909);
#3372=AXIS2_PLACEMENT_3D('',#4873,#3914,#3915);
#3373=AXIS2_PLACEMENT_3D('',#4882,#3920,#3921);
#3374=AXIS2_PLACEMENT_3D('',#4888,#3925,#3926);
#3375=AXIS2_PLACEMENT_3D('',#4894,#3930,#3931);
#3376=AXIS2_PLACEMENT_3D('',#4895,#3932,#3933);
#3377=AXIS2_PLACEMENT_3D('',#4900,#3936,#3937);
#3378=AXIS2_PLACEMENT_3D('',#4901,#3938,#3939);
#3379=AXIS2_PLACEMENT_3D('',#4902,#3940,#3941);
#3380=AXIS2_PLACEMENT_3D('',#4905,#3943,#3944);
#3381=AXIS2_PLACEMENT_3D('',#4907,#3946,#3947);
#3382=AXIS2_PLACEMENT_3D('',#4910,#3949,#3950);
#3383=AXIS2_PLACEMENT_3D('',#4911,#3951,#3952);
#3384=AXIS2_PLACEMENT_3D('',#4913,#3954,#3955);
#3385=AXIS2_PLACEMENT_3D('',#4914,#3956,#3957);
#3386=AXIS2_PLACEMENT_3D('',#4915,#3958,#3959);
#3387=AXIS2_PLACEMENT_3D('',#4919,#3961,#3962);
#3388=AXIS2_PLACEMENT_3D('',#4923,#3964,#3965);
#3389=AXIS2_PLACEMENT_3D('',#4924,#3966,#3967);
#3390=AXIS2_PLACEMENT_3D('',#4930,#3971,#3972);
#3391=AXIS2_PLACEMENT_3D('',#4939,#3977,#3978);
#3392=AXIS2_PLACEMENT_3D('',#4943,#3980,#3981);
#3393=AXIS2_PLACEMENT_3D('',#4947,#3983,#3984);
#3394=AXIS2_PLACEMENT_3D('',#4948,#3985,#3986);
#3395=AXIS2_PLACEMENT_3D('',#4949,#3987,#3988);
#3396=AXIS2_PLACEMENT_3D('',#4950,#3989,#3990);
#3397=AXIS2_PLACEMENT_3D('',#4951,#3991,#3992);
#3398=AXIS2_PLACEMENT_3D('',#4954,#3994,#3995);
#3399=AXIS2_PLACEMENT_3D('',#4955,#3996,#3997);
#3400=AXIS2_PLACEMENT_3D('',#4963,#4002,#4003);
#3401=AXIS2_PLACEMENT_3D('',#4964,#4004,#4005);
#3402=AXIS2_PLACEMENT_3D('',#4965,#4006,#4007);
#3403=AXIS2_PLACEMENT_3D('',#4966,#4008,#4009);
#3404=AXIS2_PLACEMENT_3D('',#4970,#4012,#4013);
#3405=AXIS2_PLACEMENT_3D('',#4973,#4015,#4016);
#3406=AXIS2_PLACEMENT_3D('',#4974,#4017,#4018);
#3407=AXIS2_PLACEMENT_3D('',#4977,#4020,#4021);
#3408=AXIS2_PLACEMENT_3D('',#4978,#4022,#4023);
#3409=AXIS2_PLACEMENT_3D('',#4979,#4024,#4025);
#3410=AXIS2_PLACEMENT_3D('',#4981,#4026,#4027);
#3411=AXIS2_PLACEMENT_3D('',#4982,#4028,#4029);
#3412=AXIS2_PLACEMENT_3D('',#4984,#4031,#4032);
#3413=AXIS2_PLACEMENT_3D('',#4988,#4035,#4036);
#3414=AXIS2_PLACEMENT_3D('',#4991,#4038,#4039);
#3415=AXIS2_PLACEMENT_3D('',#4992,#4040,#4041);
#3416=AXIS2_PLACEMENT_3D('',#4994,#4043,#4044);
#3417=AXIS2_PLACEMENT_3D('',#4995,#4045,#4046);
#3418=AXIS2_PLACEMENT_3D('',#4996,#4047,#4048);
#3419=AXIS2_PLACEMENT_3D('',#5000,#4050,#4051);
#3420=AXIS2_PLACEMENT_3D('',#5004,#4053,#4054);
#3421=AXIS2_PLACEMENT_3D('',#5008,#4056,#4057);
#3422=AXIS2_PLACEMENT_3D('',#5012,#4059,#4060);
#3423=AXIS2_PLACEMENT_3D('',#5013,#4061,#4062);
#3424=AXIS2_PLACEMENT_3D('',#5018,#4065,#4066);
#3425=AXIS2_PLACEMENT_3D('',#5019,#4067,#4068);
#3426=AXIS2_PLACEMENT_3D('',#5023,#4071,#4072);
#3427=AXIS2_PLACEMENT_3D('',#5026,#4074,#4075);
#3428=AXIS2_PLACEMENT_3D('',#5027,#4076,#4077);
#3429=AXIS2_PLACEMENT_3D('',#5031,#4080,#4081);
#3430=AXIS2_PLACEMENT_3D('',#5034,#4083,#4084);
#3431=AXIS2_PLACEMENT_3D('',#5035,#4085,#4086);
#3432=AXIS2_PLACEMENT_3D('',#5039,#4089,#4090);
#3433=AXIS2_PLACEMENT_3D('',#5042,#4092,#4093);
#3434=AXIS2_PLACEMENT_3D('',#5043,#4094,#4095);
#3435=AXIS2_PLACEMENT_3D('',#5045,#4097,#4098);
#3436=AXIS2_PLACEMENT_3D('',#5046,#4099,#4100);
#3437=AXIS2_PLACEMENT_3D('',#5048,#4101,#4102);
#3438=AXIS2_PLACEMENT_3D('',#5051,#4104,#4105);
#3439=AXIS2_PLACEMENT_3D('',#5052,#4106,#4107);
#3440=AXIS2_PLACEMENT_3D('',#5054,#4108,#4109);
#3441=AXIS2_PLACEMENT_3D('',#5055,#4110,#4111);
#3442=AXIS2_PLACEMENT_3D('',#5056,#4112,#4113);
#3443=AXIS2_PLACEMENT_3D('',#5059,#4115,#4116);
#3444=AXIS2_PLACEMENT_3D('',#5060,#4117,#4118);
#3445=AXIS2_PLACEMENT_3D('',#5062,#4119,#4120);
#3446=AXIS2_PLACEMENT_3D('',#5063,#4121,#4122);
#3447=AXIS2_PLACEMENT_3D('',#5064,#4123,#4124);
#3448=AXIS2_PLACEMENT_3D('',#5067,#4126,#4127);
#3449=AXIS2_PLACEMENT_3D('',#5068,#4128,#4129);
#3450=AXIS2_PLACEMENT_3D('',#5070,#4130,#4131);
#3451=AXIS2_PLACEMENT_3D('',#5071,#4132,#4133);
#3452=AXIS2_PLACEMENT_3D('',#5072,#4134,#4135);
#3453=AXIS2_PLACEMENT_3D('',#5075,#4137,#4138);
#3454=AXIS2_PLACEMENT_3D('',#5076,#4139,#4140);
#3455=AXIS2_PLACEMENT_3D('',#5077,#4141,#4142);
#3456=AXIS2_PLACEMENT_3D('',#5081,#4144,#4145);
#3457=AXIS2_PLACEMENT_3D('',#5085,#4147,#4148);
#3458=AXIS2_PLACEMENT_3D('',#5089,#4150,#4151);
#3459=AXIS2_PLACEMENT_3D('',#5093,#4153,#4154);
#3460=AXIS2_PLACEMENT_3D('',#5094,#4155,#4156);
#3461=AXIS2_PLACEMENT_3D('',#5098,#4158,#4159);
#3462=AXIS2_PLACEMENT_3D('',#5099,#4160,#4161);
#3463=AXIS2_PLACEMENT_3D('',#5100,#4162,#4163);
#3464=AXIS2_PLACEMENT_3D('',#5101,#4164,#4165);
#3465=AXIS2_PLACEMENT_3D('',#5103,#4166,#4167);
#3466=AXIS2_PLACEMENT_3D('',#5104,#4168,#4169);
#3467=AXIS2_PLACEMENT_3D('',#5107,#4171,#4172);
#3468=AXIS2_PLACEMENT_3D('',#5108,#4173,#4174);
#3469=AXIS2_PLACEMENT_3D('',#5109,#4175,#4176);
#3470=AXIS2_PLACEMENT_3D('',#5111,#4177,#4178);
#3471=AXIS2_PLACEMENT_3D('',#5112,#4179,#4180);
#3472=AXIS2_PLACEMENT_3D('',#5115,#4182,#4183);
#3473=AXIS2_PLACEMENT_3D('',#5116,#4184,#4185);
#3474=AXIS2_PLACEMENT_3D('',#5117,#4186,#4187);
#3475=AXIS2_PLACEMENT_3D('',#5119,#4188,#4189);
#3476=AXIS2_PLACEMENT_3D('',#5120,#4190,#4191);
#3477=AXIS2_PLACEMENT_3D('',#5123,#4193,#4194);
#3478=AXIS2_PLACEMENT_3D('',#5124,#4195,#4196);
#3479=AXIS2_PLACEMENT_3D('',#5125,#4197,#4198);
#3480=AXIS2_PLACEMENT_3D('',#5126,#4199,#4200);
#3481=AXIS2_PLACEMENT_3D('',#5127,#4201,#4202);
#3482=AXIS2_PLACEMENT_3D('',#5132,#4205,#4206);
#3483=AXIS2_PLACEMENT_3D('',#5136,#4209,#4210);
#3484=AXIS2_PLACEMENT_3D('',#5137,#4211,#4212);
#3485=AXIS2_PLACEMENT_3D('',#5140,#4214,#4215);
#3486=AXIS2_PLACEMENT_3D('',#5144,#4218,#4219);
#3487=AXIS2_PLACEMENT_3D('',#5145,#4220,#4221);
#3488=AXIS2_PLACEMENT_3D('',#5148,#4223,#4224);
#3489=AXIS2_PLACEMENT_3D('',#5152,#4227,#4228);
#3490=AXIS2_PLACEMENT_3D('',#5153,#4229,#4230);
#3491=AXIS2_PLACEMENT_3D('',#5156,#4232,#4233);
#3492=AXIS2_PLACEMENT_3D('',#5158,#4235,#4236);
#3493=AXIS2_PLACEMENT_3D('',#5166,#4240,#4241);
#3494=AXIS2_PLACEMENT_3D('',#5170,#4243,#4244);
#3495=AXIS2_PLACEMENT_3D('',#5174,#4246,#4247);
#3496=AXIS2_PLACEMENT_3D('',#5178,#4249,#4250);
#3497=AXIS2_PLACEMENT_3D('',#5183,#4253,#4254);
#3498=AXIS2_PLACEMENT_3D('',#5189,#4258,#4259);
#3499=AXIS2_PLACEMENT_3D('',#5193,#4262,#4263);
#3500=AXIS2_PLACEMENT_3D('',#5197,#4266,#4267);
#3501=AXIS2_PLACEMENT_3D('',#5200,#4269,#4270);
#3502=AXIS2_PLACEMENT_3D('',#5201,#4271,#4272);
#3503=AXIS2_PLACEMENT_3D('',#5205,#4275,#4276);
#3504=AXIS2_PLACEMENT_3D('',#5208,#4278,#4279);
#3505=AXIS2_PLACEMENT_3D('',#5209,#4280,#4281);
#3506=AXIS2_PLACEMENT_3D('',#5213,#4284,#4285);
#3507=AXIS2_PLACEMENT_3D('',#5216,#4287,#4288);
#3508=AXIS2_PLACEMENT_3D('',#5217,#4289,#4290);
#3509=AXIS2_PLACEMENT_3D('',#5221,#4293,#4294);
#3510=AXIS2_PLACEMENT_3D('',#5224,#4296,#4297);
#3511=AXIS2_PLACEMENT_3D('',#5225,#4298,#4299);
#3512=AXIS2_PLACEMENT_3D('',#5229,#4302,#4303);
#3513=AXIS2_PLACEMENT_3D('',#5231,#4305,#4306);
#3514=AXIS2_PLACEMENT_3D('',#5232,#4307,#4308);
#3515=AXIS2_PLACEMENT_3D('',#5233,#4309,#4310);
#3516=AXIS2_PLACEMENT_3D('',#5234,#4311,#4312);
#3517=AXIS2_PLACEMENT_3D('',#5239,#4314,#4315);
#3518=AXIS2_PLACEMENT_3D('',#5243,#4317,#4318);
#3519=AXIS2_PLACEMENT_3D('',#5247,#4320,#4321);
#3520=AXIS2_PLACEMENT_3D('',#5251,#4323,#4324);
#3521=AXIS2_PLACEMENT_3D('',#5255,#4326,#4327);
#3522=AXIS2_PLACEMENT_3D('',#5259,#4329,#4330);
#3523=AXIS2_PLACEMENT_3D('',#5263,#4332,#4333);
#3524=AXIS2_PLACEMENT_3D('',#5266,#4335,#4336);
#3525=AXIS2_PLACEMENT_3D('',#5271,#4339,#4340);
#3526=AXIS2_PLACEMENT_3D('',#5272,#4341,#4342);
#3527=AXIS2_PLACEMENT_3D('',#5276,#4345,#4346);
#3528=AXIS2_PLACEMENT_3D('',#5279,#4348,#4349);
#3529=AXIS2_PLACEMENT_3D('',#5280,#4350,#4351);
#3530=AXIS2_PLACEMENT_3D('',#5284,#4354,#4355);
#3531=AXIS2_PLACEMENT_3D('',#5287,#4357,#4358);
#3532=AXIS2_PLACEMENT_3D('',#5288,#4359,#4360);
#3533=AXIS2_PLACEMENT_3D('',#5292,#4363,#4364);
#3534=AXIS2_PLACEMENT_3D('',#5295,#4366,#4367);
#3535=AXIS2_PLACEMENT_3D('',#5296,#4368,#4369);
#3536=AXIS2_PLACEMENT_3D('',#5300,#4372,#4373);
#3537=AXIS2_PLACEMENT_3D('',#5303,#4375,#4376);
#3538=AXIS2_PLACEMENT_3D('',#5304,#4377,#4378);
#3539=AXIS2_PLACEMENT_3D('',#5308,#4381,#4382);
#3540=AXIS2_PLACEMENT_3D('',#5311,#4384,#4385);
#3541=AXIS2_PLACEMENT_3D('',#5312,#4386,#4387);
#3542=AXIS2_PLACEMENT_3D('',#5316,#4390,#4391);
#3543=AXIS2_PLACEMENT_3D('',#5319,#4393,#4394);
#3544=AXIS2_PLACEMENT_3D('',#5320,#4395,#4396);
#3545=AXIS2_PLACEMENT_3D('',#5324,#4399,#4400);
#3546=AXIS2_PLACEMENT_3D('',#5327,#4402,#4403);
#3547=AXIS2_PLACEMENT_3D('',#5328,#4404,#4405);
#3548=AXIS2_PLACEMENT_3D('',#5337,#4410,#4411);
#3549=AXIS2_PLACEMENT_3D('',#5346,#4416,#4417);
#3550=AXIS2_PLACEMENT_3D('',#5350,#4419,#4420);
#3551=AXIS2_PLACEMENT_3D('',#5363,#4421,#4422);
#3552=AXIS2_PLACEMENT_3D('',#5369,#4426,#4427);
#3553=AXIS2_PLACEMENT_3D('',#5373,#4429,#4430);
#3554=AXIS2_PLACEMENT_3D('',#5378,#4431,#4432);
#3555=AXIS2_PLACEMENT_3D('',#5384,#4436,#4437);
#3556=AXIS2_PLACEMENT_3D('',#5388,#4439,#4440);
#3557=AXIS2_PLACEMENT_3D('',#5389,#4441,#4442);
#3558=AXIS2_PLACEMENT_3D('',#5390,#4443,#4444);
#3559=AXIS2_PLACEMENT_3D('',#5396,#4448,#4449);
#3560=AXIS2_PLACEMENT_3D('',#5400,#4451,#4452);
#3561=AXIS2_PLACEMENT_3D('',#5401,#4453,#4454);
#3562=AXIS2_PLACEMENT_3D('',#5402,#4455,#4456);
#3563=AXIS2_PLACEMENT_3D('',#5408,#4460,#4461);
#3564=AXIS2_PLACEMENT_3D('',#5412,#4463,#4464);
#3565=AXIS2_PLACEMENT_3D('',#5425,#4465,#4466);
#3566=AXIS2_PLACEMENT_3D('',#5431,#4470,#4471);
#3567=AXIS2_PLACEMENT_3D('',#5435,#4473,#4474);
#3568=AXIS2_PLACEMENT_3D('',#5440,#4475,#4476);
#3569=AXIS2_PLACEMENT_3D('',#5451,#4483,#4484);
#3570=AXIS2_PLACEMENT_3D('',#5455,#4487,#4488);
#3571=AXIS2_PLACEMENT_3D('',#5460,#4492,#4493);
#3572=AXIS2_PLACEMENT_3D('',#5462,#4495,#4496);
#3573=AXIS2_PLACEMENT_3D('',#5463,#4497,#4498);
#3574=AXIS2_PLACEMENT_3D('',#5467,#4500,#4501);
#3575=AXIS2_PLACEMENT_3D('',#5468,#4502,#4503);
#3576=AXIS2_PLACEMENT_3D('',#5469,#4504,#4505);
#3577=AXIS2_PLACEMENT_3D('',#5473,#4507,#4508);
#3578=AXIS2_PLACEMENT_3D('',#5474,#4509,#4510);
#3579=AXIS2_PLACEMENT_3D('',#5496,#4512,#4513);
#3580=AXIS2_PLACEMENT_3D('',#5497,#4514,#4515);
#3581=AXIS2_PLACEMENT_3D('',#5498,#4516,#4517);
#3582=AXIS2_PLACEMENT_3D('',#5500,#4518,#4519);
#3583=AXIS2_PLACEMENT_3D('',#5501,#4520,#4521);
#3584=AXIS2_PLACEMENT_3D('',#5502,#4522,#4523);
#3585=AXIS2_PLACEMENT_3D('',#5505,#4525,#4526);
#3586=AXIS2_PLACEMENT_3D('',#5506,#4527,#4528);
#3587=AXIS2_PLACEMENT_3D('',#5508,#4529,#4530);
#3588=AXIS2_PLACEMENT_3D('',#5509,#4531,#4532);
#3589=AXIS2_PLACEMENT_3D('',#5530,#4533,#4534);
#3590=AXIS2_PLACEMENT_3D('',#5532,#4536,#4537);
#3591=AXIS2_PLACEMENT_3D('',#5533,#4538,#4539);
#3592=AXIS2_PLACEMENT_3D('',#5535,#4540,#4541);
#3593=AXIS2_PLACEMENT_3D('',#5537,#4542,#4543);
#3594=AXIS2_PLACEMENT_3D('',#5538,#4544,#4545);
#3595=AXIS2_PLACEMENT_3D('',#5540,#4547,#4548);
#3596=AXIS2_PLACEMENT_3D('',#5542,#4550,#4551);
#3597=AXIS2_PLACEMENT_3D('',#5545,#4553,#4554);
#3598=AXIS2_PLACEMENT_3D('',#5546,#4555,#4556);
#3599=AXIS2_PLACEMENT_3D('',#5547,#4557,#4558);
#3600=AXIS2_PLACEMENT_3D('',#5548,#4559,#4560);
#3601=AXIS2_PLACEMENT_3D('',#5549,#4561,#4562);
#3602=AXIS2_PLACEMENT_3D('',#5550,#4563,#4564);
#3603=AXIS2_PLACEMENT_3D('',#5551,#4565,#4566);
#3604=AXIS2_PLACEMENT_3D('',#5552,#4567,#4568);
#3605=AXIS2_PLACEMENT_3D('',#5553,#4569,#4570);
#3606=AXIS2_PLACEMENT_3D('',#5554,#4571,#4572);
#3607=AXIS2_PLACEMENT_3D('',#5555,#4573,#4574);
#3608=DIRECTION('',(0.,0.,1.));
#3609=DIRECTION('',(1.,0.,0.));
#3610=DIRECTION('',(0.,-1.,0.));
#3611=DIRECTION('',(-1.,0.,0.));
#3612=DIRECTION('',(0.,1.,0.));
#3613=DIRECTION('',(1.,0.,0.));
#3614=DIRECTION('',(0.,1.,0.));
#3615=DIRECTION('',(1.,0.,0.));
#3616=DIRECTION('',(0.,-1.,0.));
#3617=DIRECTION('',(1.,0.,0.));
#3618=DIRECTION('',(0.,1.,0.));
#3619=DIRECTION('',(1.,0.,0.));
#3620=DIRECTION('',(0.,-1.,0.));
#3621=DIRECTION('',(-1.,0.,0.));
#3622=DIRECTION('',(0.,1.,0.));
#3623=DIRECTION('',(1.,0.,0.));
#3624=DIRECTION('',(0.,1.,0.));
#3625=DIRECTION('',(-1.,0.,0.));
#3626=DIRECTION('',(0.,1.,0.));
#3627=DIRECTION('',(1.,0.,0.));
#3628=DIRECTION('',(0.,-1.,0.));
#3629=DIRECTION('',(-1.,0.,0.));
#3630=DIRECTION('',(0.,1.,0.));
#3631=DIRECTION('',(1.,0.,0.));
#3632=DIRECTION('',(0.,1.,0.));
#3633=DIRECTION('',(-1.,0.,0.));
#3634=DIRECTION('',(0.,1.,0.));
#3635=DIRECTION('',(1.,0.,0.));
#3636=DIRECTION('',(1.33212215045233E-10,-0.309357060636075,0.950945954844232));
#3637=DIRECTION('',(-4.094866667971E-10,0.950945954844232,0.309357060636075));
#3638=DIRECTION('',(3.3640955331163E-10,-0.781239462217071,0.624231449604057));
#3639=DIRECTION('',(-2.68800315339524E-10,0.624231449604057,0.781239462217071));
#3640=DIRECTION('',(0.,0.,1.));
#3641=DIRECTION('',(1.,0.,0.));
#3642=DIRECTION('',(0.,0.,1.));
#3643=DIRECTION('',(0.,0.,1.));
#3644=DIRECTION('',(0.,1.,0.));
#3645=DIRECTION('',(0.,2.22044604925E-14,-1.));
#3646=DIRECTION('',(0.,0.,-1.));
#3647=DIRECTION('',(-1.,0.,0.));
#3648=DIRECTION('',(-1.,0.,0.));
#3649=DIRECTION('',(0.,0.,1.));
#3650=DIRECTION('',(0.,1.,0.));
#3651=DIRECTION('',(0.,3.086420008458E-13,1.));
#3652=DIRECTION('',(0.,1.,0.));
#3653=DIRECTION('',(0.,0.,-1.));
#3654=DIRECTION('',(-1.,0.,0.));
#3655=DIRECTION('',(1.,0.,0.));
#3656=DIRECTION('',(0.,0.,1.));
#3657=DIRECTION('',(1.,4.662936703426E-13,0.));
#3658=DIRECTION('',(0.,-1.,0.));
#3659=DIRECTION('',(0.,0.,1.));
#3660=DIRECTION('',(0.,-1.,0.));
#3661=DIRECTION('',(-1.,0.,0.));
#3662=DIRECTION('',(0.,0.,1.));
#3663=DIRECTION('',(-1.,-4.662936703426E-13,0.));
#3664=DIRECTION('',(0.,1.,0.));
#3665=DIRECTION('',(-1.,0.,0.));
#3666=DIRECTION('',(1.,0.,0.));
#3667=DIRECTION('',(0.,0.,-1.));
#3668=DIRECTION('',(0.,0.,1.));
#3669=DIRECTION('',(1.,0.,0.));
#3670=DIRECTION('',(0.,-2.864375403533E-13,1.));
#3671=DIRECTION('',(0.,0.,-1.));
#3672=DIRECTION('',(0.,1.,0.));
#3673=DIRECTION('',(1.,0.,0.));
#3674=DIRECTION('',(0.,0.,-1.));
#3675=DIRECTION('',(0.,2.908784324518E-13,-1.));
#3676=DIRECTION('',(0.,-1.,0.));
#3677=DIRECTION('',(0.,0.,1.));
#3678=DIRECTION('',(1.,0.,0.));
#3679=DIRECTION('',(0.,0.,1.));
#3680=DIRECTION('',(0.,0.,-1.));
#3681=DIRECTION('',(1.,-4.662936703426E-13,0.));
#3682=DIRECTION('',(0.,-1.,0.));
#3683=DIRECTION('',(1.,0.,0.));
#3684=DIRECTION('',(0.,0.,-1.));
#3685=DIRECTION('',(-1.,0.,0.));
#3686=DIRECTION('',(0.,0.,1.));
#3687=DIRECTION('',(1.,0.,0.));
#3688=DIRECTION('',(0.,0.,-1.));
#3689=DIRECTION('',(0.,-1.,0.));
#3690=DIRECTION('',(0.,0.,1.));
#3691=DIRECTION('',(1.,0.,0.));
#3692=DIRECTION('',(0.,1.,2.22044604925E-16));
#3693=DIRECTION('',(1.,0.,0.));
#3694=DIRECTION('',(0.,1.,0.));
#3695=DIRECTION('',(1.,0.,0.));
#3696=DIRECTION('',(0.,0.,1.));
#3697=DIRECTION('',(0.,-1.,0.));
#3698=DIRECTION('',(0.,0.,1.));
#3699=DIRECTION('',(1.,0.,0.));
#3700=DIRECTION('',(0.,-1.,0.));
#3701=DIRECTION('',(1.,0.,0.));
#3702=DIRECTION('',(0.,0.,-1.));
#3703=DIRECTION('',(0.,-1.,0.));
#3704=DIRECTION('',(0.,0.,-1.));
#3705=DIRECTION('',(-1.,0.,0.));
#3706=DIRECTION('',(0.,-1.,0.));
#3707=DIRECTION('',(-1.,0.,0.));
#3708=DIRECTION('',(-1.,0.,0.));
#3709=DIRECTION('',(0.,0.,1.));
#3710=DIRECTION('',(0.,1.,0.));
#3711=DIRECTION('',(0.,-1.,0.));
#3712=DIRECTION('',(0.,0.,1.));
#3713=DIRECTION('',(0.,1.,0.));
#3714=DIRECTION('',(1.,0.,0.));
#3715=DIRECTION('',(0.,-1.,0.));
#3716=DIRECTION('',(0.,1.,0.));
#3717=DIRECTION('',(-1.,0.,0.));
#3718=DIRECTION('',(0.,0.,1.));
#3719=DIRECTION('',(1.,0.,0.));
#3720=DIRECTION('',(0.,1.,0.));
#3721=DIRECTION('',(1.,0.,0.));
#3722=DIRECTION('',(0.,1.,0.));
#3723=DIRECTION('',(1.,0.,0.));
#3724=DIRECTION('',(0.,-1.,0.));
#3725=DIRECTION('',(0.,1.,0.));
#3726=DIRECTION('',(0.,0.,1.));
#3727=DIRECTION('',(1.,0.,0.));
#3728=DIRECTION('',(0.,0.,-1.));
#3729=DIRECTION('',(0.,1.,0.));
#3730=DIRECTION('',(0.,0.,-1.));
#3731=DIRECTION('',(0.,1.,0.));
#3732=DIRECTION('',(1.,0.,0.));
#3733=DIRECTION('',(0.,-1.,0.));
#3734=DIRECTION('',(0.,1.,0.));
#3735=DIRECTION('',(1.,0.,0.));
#3736=DIRECTION('',(0.,0.,-1.));
#3737=DIRECTION('',(-1.,0.,0.));
#3738=DIRECTION('',(0.,1.,0.));
#3739=DIRECTION('',(-1.,0.,0.));
#3740=DIRECTION('',(0.,1.,0.));
#3741=DIRECTION('',(1.,0.,0.));
#3742=DIRECTION('',(0.,1.,0.));
#3743=DIRECTION('',(0.,0.,-1.));
#3744=DIRECTION('',(0.,1.,0.));
#3745=DIRECTION('',(1.,0.,0.));
#3746=DIRECTION('',(0.,0.,1.));
#3747=DIRECTION('',(1.,4.306097601304E-10,0.));
#3748=DIRECTION('',(-1.,0.,0.));
#3749=DIRECTION('',(0.,0.,1.));
#3750=DIRECTION('',(0.,0.,-1.));
#3751=DIRECTION('',(0.,-1.,7.486075251758E-14));
#3752=DIRECTION('',(0.,0.,-1.));
#3753=DIRECTION('',(0.,1.,-7.486075251758E-14));
#3754=DIRECTION('',(0.,-1.,0.));
#3755=DIRECTION('',(-1.,0.,0.));
#3756=DIRECTION('',(0.,-1.,0.));
#3757=DIRECTION('',(-1.,0.,-2.142730437527E-13));
#3758=DIRECTION('',(0.,1.,0.));
#3759=DIRECTION('',(0.,1.,0.));
#3760=DIRECTION('',(0.,0.,-1.));
#3761=DIRECTION('',(0.,0.,1.));
#3762=DIRECTION('',(-1.,0.,0.));
#3763=DIRECTION('',(-1.,0.,0.));
#3764=DIRECTION('',(0.,-1.,0.));
#3765=DIRECTION('',(1.,0.,0.));
#3766=DIRECTION('',(0.,-1.,0.));
#3767=DIRECTION('',(1.,0.,0.));
#3768=DIRECTION('',(0.,-1.,0.));
#3769=DIRECTION('',(1.,0.,0.));
#3770=DIRECTION('',(0.,1.,0.));
#3771=DIRECTION('',(0.,1.,0.));
#3772=DIRECTION('',(0.,0.,1.));
#3773=DIRECTION('',(0.,-1.,0.));
#3774=DIRECTION('',(0.,0.,1.));
#3775=DIRECTION('',(1.,0.,0.));
#3776=DIRECTION('',(1.,0.,0.));
#3777=DIRECTION('',(-1.,0.,0.));
#3778=DIRECTION('',(0.,-1.,0.));
#3779=DIRECTION('',(0.,1.,0.));
#3780=DIRECTION('',(-1.,0.,0.));
#3781=DIRECTION('',(0.,1.,0.));
#3782=DIRECTION('',(1.,0.,0.));
#3783=DIRECTION('',(0.,0.,-1.));
#3784=DIRECTION('',(0.,1.,0.));
#3785=DIRECTION('',(-1.,0.,2.142730437527E-13));
#3786=DIRECTION('',(0.,-1.,0.));
#3787=DIRECTION('',(0.,0.,1.));
#3788=DIRECTION('',(0.,-1.,0.));
#3789=DIRECTION('',(0.,0.,1.));
#3790=DIRECTION('',(0.,1.,0.));
#3791=DIRECTION('',(1.,0.,0.));
#3792=DIRECTION('',(0.,0.,-1.));
#3793=DIRECTION('',(0.,-1.,0.));
#3794=DIRECTION('',(0.,0.,-1.));
#3795=DIRECTION('',(0.,1.,0.));
#3796=DIRECTION('',(1.,0.,0.));
#3797=DIRECTION('',(0.,1.,0.));
#3798=DIRECTION('',(1.,0.,0.));
#3799=DIRECTION('',(0.,0.,-1.));
#3800=DIRECTION('',(0.,0.,1.));
#3801=DIRECTION('',(1.,4.306097601304E-10,0.));
#3802=DIRECTION('',(-1.,0.,0.));
#3803=DIRECTION('',(0.,0.,1.));
#3804=DIRECTION('',(0.,-1.,0.));
#3805=DIRECTION('',(0.,0.,-1.));
#3806=DIRECTION('',(0.,-1.,0.));
#3807=DIRECTION('',(0.,0.,-1.));
#3808=DIRECTION('',(0.,0.,1.));
#3809=DIRECTION('',(1.,0.,0.));
#3810=DIRECTION('',(-1.,0.,0.));
#3811=DIRECTION('',(0.,-1.,0.));
#3812=DIRECTION('',(-1.,0.,0.));
#3813=DIRECTION('',(1.,0.,0.));
#3814=DIRECTION('',(0.,0.,-1.));
#3815=DIRECTION('',(0.,0.,1.));
#3816=DIRECTION('',(0.,-1.,0.));
#3817=DIRECTION('',(0.,0.,1.));
#3818=DIRECTION('',(0.,-1.,0.));
#3819=DIRECTION('',(1.,0.,0.));
#3820=DIRECTION('',(1.,0.,0.));
#3821=DIRECTION('',(0.,0.,-1.));
#3822=DIRECTION('',(-1.,0.,0.));
#3823=DIRECTION('',(1.,0.,0.));
#3824=DIRECTION('',(-1.,0.,0.));
#3825=DIRECTION('',(0.,0.,1.));
#3826=DIRECTION('',(0.,-1.,0.));
#3827=DIRECTION('',(0.,0.,-1.));
#3828=DIRECTION('',(0.,-1.,0.));
#3829=DIRECTION('',(0.,0.,-1.));
#3830=DIRECTION('',(0.,0.,1.));
#3831=DIRECTION('',(1.,0.,0.));
#3832=DIRECTION('',(-1.,0.,0.));
#3833=DIRECTION('',(0.,-1.,0.));
#3834=DIRECTION('',(-1.,0.,0.));
#3835=DIRECTION('',(1.,0.,0.));
#3836=DIRECTION('',(0.,0.,-1.));
#3837=DIRECTION('',(0.,0.,1.));
#3838=DIRECTION('',(0.,-1.,0.));
#3839=DIRECTION('',(0.,0.,1.));
#3840=DIRECTION('',(0.,-1.,0.));
#3841=DIRECTION('',(1.,0.,0.));
#3842=DIRECTION('',(1.,0.,0.));
#3843=DIRECTION('',(0.,0.,-1.));
#3844=DIRECTION('',(-1.,0.,0.));
#3845=DIRECTION('',(1.,0.,0.));
#3846=DIRECTION('',(0.,1.,0.));
#3847=DIRECTION('',(1.,0.,0.));
#3848=DIRECTION('',(0.,-1.,-7.993605777301E-14));
#3849=DIRECTION('',(0.,-1.,0.));
#3850=DIRECTION('',(1.,0.,1.376676550535E-13));
#3851=DIRECTION('',(9.681144774731E-13,1.,-1.06581410364E-13));
#3852=DIRECTION('',(0.,1.,0.));
#3853=DIRECTION('',(0.,0.,1.));
#3854=DIRECTION('',(1.,0.,0.));
#3855=DIRECTION('',(0.,0.,-1.));
#3856=DIRECTION('',(0.,1.,8.215650382226E-14));
#3857=DIRECTION('',(0.,0.,1.));
#3858=DIRECTION('',(0.,0.,1.));
#3859=DIRECTION('',(0.,1.,0.));
#3860=DIRECTION('',(1.,0.,0.));
#3861=DIRECTION('',(0.,-1.,0.));
#3862=DIRECTION('',(0.,-1.,0.));
#3863=DIRECTION('',(0.,0.,-1.));
#3864=DIRECTION('',(0.,1.,0.));
#3865=DIRECTION('',(1.,0.,-1.398881011028E-13));
#3866=DIRECTION('',(0.,0.,-1.));
#3867=DIRECTION('',(-1.,0.,0.));
#3868=DIRECTION('',(1.,0.,0.));
#3869=DIRECTION('',(5.66560687254E-14,-1.,0.));
#3870=DIRECTION('',(1.,0.,0.));
#3871=DIRECTION('',(0.,1.,0.));
#3872=DIRECTION('',(1.,0.,0.));
#3873=DIRECTION('',(-1.,0.,-8.624679917612E-14));
#3874=DIRECTION('',(0.,0.,1.));
#3875=DIRECTION('',(0.,0.,1.));
#3876=DIRECTION('',(1.,0.,0.));
#3877=DIRECTION('',(-1.,0.,0.));
#3878=DIRECTION('',(-1.421779360911E-13,-1.,1.740829702612E-12));
#3879=DIRECTION('',(0.,1.,0.));
#3880=DIRECTION('',(1.,0.,0.));
#3881=DIRECTION('',(0.,1.,0.));
#3882=DIRECTION('',(0.,0.,1.));
#3883=DIRECTION('',(-6.650929806895E-14,-1.,1.634248292248E-11));
#3884=DIRECTION('',(0.,-1.,0.));
#3885=DIRECTION('',(1.,0.,-5.133671265867E-12));
#3886=DIRECTION('',(0.,1.,0.));
#3887=DIRECTION('',(1.,0.,0.));
#3888=DIRECTION('',(0.,0.,-1.));
#3889=DIRECTION('',(0.,0.,1.));
#3890=DIRECTION('',(2.890049310977E-14,-1.,0.));
#3891=DIRECTION('',(0.,0.,1.));
#3892=DIRECTION('',(0.,0.,-1.));
#3893=DIRECTION('',(-1.,0.,0.));
#3894=DIRECTION('',(1.,0.,0.));
#3895=DIRECTION('',(1.,0.,0.));
#3896=DIRECTION('',(0.,1.,0.));
#3897=DIRECTION('',(0.,1.,0.));
#3898=DIRECTION('',(1.,0.,0.));
#3899=DIRECTION('',(0.,1.,0.));
#3900=DIRECTION('',(0.,0.,-1.));
#3901=DIRECTION('',(0.,-1.,0.));
#3902=DIRECTION('',(0.,-1.,0.));
#3903=DIRECTION('',(-1.,0.,0.));
#3904=DIRECTION('',(0.,1.,0.));
#3905=DIRECTION('',(1.,0.,0.));
#3906=DIRECTION('',(0.,0.,-1.));
#3907=DIRECTION('',(-1.,0.,0.));
#3908=DIRECTION('',(0.,0.,1.));
#3909=DIRECTION('',(1.,0.,0.));
#3910=DIRECTION('',(0.,-1.,0.));
#3911=DIRECTION('',(-1.,0.,0.));
#3912=DIRECTION('',(0.,1.,0.));
#3913=DIRECTION('',(-1.,0.,0.));
#3914=DIRECTION('',(0.,0.,1.));
#3915=DIRECTION('',(-1.,0.,0.));
#3916=DIRECTION('',(0.,-1.,0.));
#3917=DIRECTION('',(-1.,0.,0.));
#3918=DIRECTION('',(0.,1.,0.));
#3919=DIRECTION('',(1.,0.,0.));
#3920=DIRECTION('',(0.,1.,0.));
#3921=DIRECTION('',(1.,0.,0.));
#3922=DIRECTION('',(0.,0.,1.));
#3923=DIRECTION('',(1.,0.,0.));
#3924=DIRECTION('',(0.,0.,-1.));
#3925=DIRECTION('',(0.,0.,-1.));
#3926=DIRECTION('',(-1.,0.,0.));
#3927=DIRECTION('',(0.,-1.,0.));
#3928=DIRECTION('',(0.,-1.,0.));
#3929=DIRECTION('',(-1.,0.,0.));
#3930=DIRECTION('',(1.,0.,0.));
#3931=DIRECTION('',(0.,0.,1.));
#3932=DIRECTION('',(-1.,0.,0.));
#3933=DIRECTION('',(0.,-1.,0.));
#3934=DIRECTION('',(0.,0.,-1.));
#3935=DIRECTION('',(0.,0.,-1.));
#3936=DIRECTION('',(1.,0.,0.));
#3937=DIRECTION('',(0.,0.,1.));
#3938=DIRECTION('',(-1.,0.,0.));
#3939=DIRECTION('',(0.,-1.,0.));
#3940=DIRECTION('',(-1.,0.,0.));
#3941=DIRECTION('',(0.,-1.,0.));
#3942=DIRECTION('',(1.,0.,0.));
#3943=DIRECTION('',(0.,1.,0.));
#3944=DIRECTION('',(1.,0.,0.));
#3945=DIRECTION('',(0.,0.,1.));
#3946=DIRECTION('',(-1.,0.,0.));
#3947=DIRECTION('',(0.,0.,1.));
#3948=DIRECTION('',(0.,0.,1.));
#3949=DIRECTION('',(1.,0.,0.));
#3950=DIRECTION('',(0.,0.,1.));
#3951=DIRECTION('',(-1.,0.,0.));
#3952=DIRECTION('',(0.,-1.,0.));
#3953=DIRECTION('',(-1.,0.,0.));
#3954=DIRECTION('',(0.,1.,0.));
#3955=DIRECTION('',(1.,0.,0.));
#3956=DIRECTION('',(0.,0.,1.));
#3957=DIRECTION('',(-1.,-4.306098925282E-10,0.));
#3958=DIRECTION('',(0.72413793103415,0.,0.689655172414143));
#3959=DIRECTION('',(0.,-1.,0.));
#3960=DIRECTION('',(-0.72413793103415,0.,-0.689655172414143));
#3961=DIRECTION('',(-1.,0.,0.));
#3962=DIRECTION('',(0.,0.,1.));
#3963=DIRECTION('',(-0.72413793103415,3.67450103675976E-12,-0.689655172414143));
#3964=DIRECTION('',(-1.,0.,0.));
#3965=DIRECTION('',(0.,0.,1.));
#3966=DIRECTION('',(0.689655172414143,0.,-0.72413793103415));
#3967=DIRECTION('',(-0.72413793103415,0.,-0.689655172414143));
#3968=DIRECTION('',(7.105427357527E-14,-1.,-3.799429906456E-14));
#3969=DIRECTION('',(0.72413793103415,-1.67596008293635E-12,0.689655172414143));
#3970=DIRECTION('',(-1.258252761226E-13,-1.,-2.258378669229E-13));
#3971=DIRECTION('',(1.,0.,0.));
#3972=DIRECTION('',(0.,1.,0.));
#3973=DIRECTION('',(0.,1.,0.));
#3974=DIRECTION('',(0.,0.,1.));
#3975=DIRECTION('',(0.,1.,0.));
#3976=DIRECTION('',(0.,0.,-1.));
#3977=DIRECTION('',(-1.,0.,0.));
#3978=DIRECTION('',(0.,1.,0.));
#3979=DIRECTION('',(-1.,0.,0.));
#3980=DIRECTION('',(-1.,0.,0.));
#3981=DIRECTION('',(0.,1.,0.));
#3982=DIRECTION('',(1.,0.,0.));
#3983=DIRECTION('',(1.,0.,0.));
#3984=DIRECTION('',(0.,0.,-1.));
#3985=DIRECTION('',(0.,0.,-1.));
#3986=DIRECTION('',(-1.,0.,0.));
#3987=DIRECTION('',(0.,0.,1.));
#3988=DIRECTION('',(1.,0.,0.));
#3989=DIRECTION('',(0.,-1.,0.));
#3990=DIRECTION('',(0.,0.,-1.));
#3991=DIRECTION('',(0.,0.,-1.));
#3992=DIRECTION('',(0.,1.,0.));
#3993=DIRECTION('',(0.,0.,-1.));
#3994=DIRECTION('',(0.,0.,-1.));
#3995=DIRECTION('',(0.,1.,0.));
#3996=DIRECTION('',(0.,1.,0.));
#3997=DIRECTION('',(1.,0.,0.));
#3998=DIRECTION('',(4.227968036669E-13,0.,1.));
#3999=DIRECTION('',(0.72413793103415,0.,0.689655172414143));
#4000=DIRECTION('',(-4.96805304002E-14,0.,-1.));
#4001=DIRECTION('',(1.,0.,0.));
#4002=DIRECTION('',(-0.72413793103415,0.,-0.689655172414143));
#4003=DIRECTION('',(0.,1.,0.));
#4004=DIRECTION('',(-1.,0.,0.));
#4005=DIRECTION('',(0.,0.,-1.));
#4006=DIRECTION('',(-1.,0.,0.));
#4007=DIRECTION('',(0.,0.,-1.));
#4008=DIRECTION('',(-1.,0.,0.));
#4009=DIRECTION('',(0.,0.,1.));
#4010=DIRECTION('',(0.,0.,-1.));
#4011=DIRECTION('',(1.049333127352E-14,-1.,0.));
#4012=DIRECTION('',(0.,0.,1.));
#4013=DIRECTION('',(1.,0.,0.));
#4014=DIRECTION('',(-1.,0.,0.));
#4015=DIRECTION('',(0.,0.,-1.));
#4016=DIRECTION('',(1.,0.,0.));
#4017=DIRECTION('',(0.,0.,-1.));
#4018=DIRECTION('',(1.,0.,0.));
#4019=DIRECTION('',(0.,0.,1.));
#4020=DIRECTION('',(0.,0.,1.));
#4021=DIRECTION('',(0.,-1.,0.));
#4022=DIRECTION('',(0.,-1.,0.));
#4023=DIRECTION('',(-1.,0.,0.));
#4024=DIRECTION('',(-1.,0.,0.));
#4025=DIRECTION('',(0.,0.,-1.));
#4026=DIRECTION('',(0.,1.,0.));
#4027=DIRECTION('',(1.,0.,0.));
#4028=DIRECTION('',(0.,-1.,0.));
#4029=DIRECTION('',(0.,0.,-1.));
#4030=DIRECTION('',(0.,-1.,0.));
#4031=DIRECTION('',(0.,0.,1.));
#4032=DIRECTION('',(1.,0.,0.));
#4033=DIRECTION('',(0.,1.,0.));
#4034=DIRECTION('',(-1.,0.,0.));
#4035=DIRECTION('',(-1.,0.,0.));
#4036=DIRECTION('',(0.,-1.,0.));
#4037=DIRECTION('',(3.966058512285E-13,0.,1.));
#4038=DIRECTION('',(1.,0.,0.));
#4039=DIRECTION('',(0.,-1.,0.));
#4040=DIRECTION('',(1.,0.,0.));
#4041=DIRECTION('',(0.,-1.,0.));
#4042=DIRECTION('',(1.,0.,0.));
#4043=DIRECTION('',(0.,1.,0.));
#4044=DIRECTION('',(1.,0.,0.));
#4045=DIRECTION('',(-2.153048339106E-10,1.,-2.22044604925E-16));
#4046=DIRECTION('',(-1.,-2.153048339106E-10,1.292469707114E-26));
#4047=DIRECTION('',(0.,0.,-1.));
#4048=DIRECTION('',(1.,0.,0.));
#4049=DIRECTION('',(0.,-1.,0.));
#4050=DIRECTION('',(0.,0.,1.));
#4051=DIRECTION('',(0.,1.,0.));
#4052=DIRECTION('',(-1.,0.,0.));
#4053=DIRECTION('',(0.,0.,1.));
#4054=DIRECTION('',(1.,0.,0.));
#4055=DIRECTION('',(0.,1.,0.));
#4056=DIRECTION('',(0.,0.,1.));
#4057=DIRECTION('',(0.,-1.,0.));
#4058=DIRECTION('',(1.,0.,0.));
#4059=DIRECTION('',(0.,0.,1.));
#4060=DIRECTION('',(-1.,0.,0.));
#4061=DIRECTION('',(0.,0.,1.));
#4062=DIRECTION('',(1.,0.,0.));
#4063=DIRECTION('',(0.,0.,-1.));
#4064=DIRECTION('',(9.081624341434E-13,0.,1.));
#4065=DIRECTION('',(0.,0.,-1.));
#4066=DIRECTION('',(7.271220662612E-12,1.,0.));
#4067=DIRECTION('',(1.,0.,0.));
#4068=DIRECTION('',(0.,-1.,0.));
#4069=DIRECTION('',(0.,-9.089951014118E-14,1.));
#4070=DIRECTION('',(0.,-1.,0.));
#4071=DIRECTION('',(0.,0.,1.));
#4072=DIRECTION('',(0.,-1.,0.));
#4073=DIRECTION('',(0.,0.,-1.));
#4074=DIRECTION('',(0.,0.,-1.));
#4075=DIRECTION('',(1.,-7.271960811295E-13,0.));
#4076=DIRECTION('',(0.,-1.,0.));
#4077=DIRECTION('',(-1.,0.,0.));
#4078=DIRECTION('',(-9.081624341434E-13,0.,1.));
#4079=DIRECTION('',(-1.,0.,0.));
#4080=DIRECTION('',(0.,0.,1.));
#4081=DIRECTION('',(-1.,0.,0.));
#4082=DIRECTION('',(0.,0.,-1.));
#4083=DIRECTION('',(0.,0.,-1.));
#4084=DIRECTION('',(-7.271220662612E-12,-1.,0.));
#4085=DIRECTION('',(-1.,0.,0.));
#4086=DIRECTION('',(0.,1.,0.));
#4087=DIRECTION('',(0.,9.089951014118E-14,1.));
#4088=DIRECTION('',(0.,1.,0.));
#4089=DIRECTION('',(0.,0.,1.));
#4090=DIRECTION('',(0.,1.,0.));
#4091=DIRECTION('',(0.,0.,-1.));
#4092=DIRECTION('',(0.,0.,-1.));
#4093=DIRECTION('',(-1.,7.271960811295E-13,0.));
#4094=DIRECTION('',(0.,1.,0.));
#4095=DIRECTION('',(1.,0.,0.));
#4096=DIRECTION('',(1.,0.,0.));
#4097=DIRECTION('',(-1.,0.,0.));
#4098=DIRECTION('',(0.,0.,-1.));
#4099=DIRECTION('',(-1.,0.,0.));
#4100=DIRECTION('',(0.,0.,-1.));
#4101=DIRECTION('',(1.,0.,0.));
#4102=DIRECTION('',(0.,-1.,0.));
#4103=DIRECTION('',(-1.,0.,0.));
#4104=DIRECTION('',(0.,0.,1.));
#4105=DIRECTION('',(0.991791342753708,-0.127866854339962,0.));
#4106=DIRECTION('',(0.,-1.,0.));
#4107=DIRECTION('',(-1.,0.,0.));
#4108=DIRECTION('',(0.,0.,-1.));
#4109=DIRECTION('',(5.136343202613E-9,1.,0.));
#4110=DIRECTION('',(0.,1.,0.));
#4111=DIRECTION('',(0.,0.,-1.));
#4112=DIRECTION('',(0.,1.,0.));
#4113=DIRECTION('',(0.,0.,-1.));
#4114=DIRECTION('',(0.,1.,0.));
#4115=DIRECTION('',(0.,0.,1.));
#4116=DIRECTION('',(-0.127866854339962,-0.991791342753708,0.));
#4117=DIRECTION('',(-1.,0.,0.));
#4118=DIRECTION('',(0.,1.,0.));
#4119=DIRECTION('',(0.,0.,-1.));
#4120=DIRECTION('',(1.,-5.136355877659E-9,0.));
#4121=DIRECTION('',(1.,0.,0.));
#4122=DIRECTION('',(0.,0.,-1.));
#4123=DIRECTION('',(1.,0.,0.));
#4124=DIRECTION('',(0.,0.,-1.));
#4125=DIRECTION('',(1.,0.,0.));
#4126=DIRECTION('',(0.,0.,1.));
#4127=DIRECTION('',(-0.991791342753708,0.127866854339962,0.));
#4128=DIRECTION('',(0.,1.,0.));
#4129=DIRECTION('',(1.,0.,0.));
#4130=DIRECTION('',(0.,0.,-1.));
#4131=DIRECTION('',(-5.136341722315E-9,-1.,0.));
#4132=DIRECTION('',(0.,-1.,0.));
#4133=DIRECTION('',(0.,0.,-1.));
#4134=DIRECTION('',(0.,-1.,0.));
#4135=DIRECTION('',(0.,0.,-1.));
#4136=DIRECTION('',(0.,-1.,0.));
#4137=DIRECTION('',(0.,0.,1.));
#4138=DIRECTION('',(0.127866854339962,0.991791342753708,0.));
#4139=DIRECTION('',(0.,0.,-1.));
#4140=DIRECTION('',(-1.,5.136350234025E-9,0.));
#4141=DIRECTION('',(0.,0.,1.));
#4142=DIRECTION('',(1.,0.,0.));
#4143=DIRECTION('',(1.,3.347604679359E-14,-8.035003924039E-14));
#4144=DIRECTION('',(2.93654114014E-12,7.672761527594E-12,-1.));
#4145=DIRECTION('',(1.,5.960179572105E-10,2.936541144713E-12));
#4146=DIRECTION('',(-7.822314225838E-13,1.,-4.81678189454E-13));
#4147=DIRECTION('',(-3.792356306667E-12,-2.234684823666E-12,-1.));
#4148=DIRECTION('',(-3.525757463789E-10,1.,-2.234684822329E-12));
#4149=DIRECTION('',(-1.,-3.347604679359E-14,-8.035003924039E-14));
#4150=DIRECTION('',(-2.93654114014E-12,-7.672761527594E-12,-1.));
#4151=DIRECTION('',(-1.,-5.960179572105E-10,2.936541144713E-12));
#4152=DIRECTION('',(7.822314225838E-13,-1.,-4.81678189454E-13));
#4153=DIRECTION('',(3.792356306667E-12,2.234684823666E-12,-1.));
#4154=DIRECTION('',(3.525757463789E-10,-1.,-2.234684822329E-12));
#4155=DIRECTION('',(0.,1.,0.));
#4156=DIRECTION('',(0.,0.,1.));
#4157=DIRECTION('',(3.095936205813E-13,-1.,2.580475515808E-13));
#4158=DIRECTION('',(1.042332886678E-12,-1.,2.234684823662E-12));
#4159=DIRECTION('',(1.,1.042332886687E-12,3.899843411173E-12));
#4160=DIRECTION('',(-5.916461764977E-12,1.,7.672761527577E-12));
#4161=DIRECTION('',(-3.406164239557E-12,-7.672761527597E-12,1.));
#4162=DIRECTION('',(0.,0.,-1.));
#4163=DIRECTION('',(-1.,0.,0.));
#4164=DIRECTION('',(-3.792356306667E-12,-2.234684823666E-12,-1.));
#4165=DIRECTION('',(2.020605904815E-12,1.,-2.234684823674E-12));
#4166=DIRECTION('',(-1.,4.598627034733E-12,3.792356306657E-12));
#4167=DIRECTION('',(3.792356306649E-12,-1.673846246796E-12,1.));
#4168=DIRECTION('',(-1.,0.,0.));
#4169=DIRECTION('',(0.,0.,1.));
#4170=DIRECTION('',(1.,-1.155384639187E-14,-8.876138995184E-14));
#4171=DIRECTION('',(1.,-1.092170798247E-11,-2.936541140056E-12));
#4172=DIRECTION('',(1.092170798249E-11,1.,6.838973831704E-12));
#4173=DIRECTION('',(0.,0.,-1.));
#4174=DIRECTION('',(-1.,0.,0.));
#4175=DIRECTION('',(-2.93654114014E-12,-7.672761527594E-12,-1.));
#4176=DIRECTION('',(-1.,-8.77520278664E-13,2.936541140147E-12));
#4177=DIRECTION('',(5.916461764977E-12,-1.,7.672761527577E-12));
#4178=DIRECTION('',(3.406164239557E-12,7.672761527597E-12,1.));
#4179=DIRECTION('',(0.,-1.,0.));
#4180=DIRECTION('',(0.,0.,1.));
#4181=DIRECTION('',(-3.095936205813E-13,1.,2.580475515808E-13));
#4182=DIRECTION('',(-1.042332886678E-12,1.,2.234684823662E-12));
#4183=DIRECTION('',(-1.,-1.042332886687E-12,3.899843411173E-12));
#4184=DIRECTION('',(0.,0.,-1.));
#4185=DIRECTION('',(-1.,0.,0.));
#4186=DIRECTION('',(3.792356306667E-12,2.234684823666E-12,-1.));
#4187=DIRECTION('',(-2.020605904815E-12,-1.,-2.234684823674E-12));
#4188=DIRECTION('',(1.,-4.598627034733E-12,3.792356306657E-12));
#4189=DIRECTION('',(-3.792356306649E-12,1.673846246796E-12,1.));
#4190=DIRECTION('',(1.,0.,0.));
#4191=DIRECTION('',(0.,0.,1.));
#4192=DIRECTION('',(-1.,1.155384639187E-14,-8.876138995184E-14));
#4193=DIRECTION('',(-1.,1.092170798247E-11,-2.936541140056E-12));
#4194=DIRECTION('',(-1.092170798249E-11,-1.,6.838973831704E-12));
#4195=DIRECTION('',(0.,0.,-1.));
#4196=DIRECTION('',(-1.,0.,0.));
#4197=DIRECTION('',(2.93654114014E-12,7.672761527594E-12,-1.));
#4198=DIRECTION('',(1.,8.77520278664E-13,2.936541140147E-12));
#4199=DIRECTION('',(0.,0.,-1.));
#4200=DIRECTION('',(1.,0.,0.));
#4201=DIRECTION('',(0.,0.,1.));
#4202=DIRECTION('',(0.,-1.,0.));
#4203=DIRECTION('',(-3.730349362721E-13,-1.991370031825E-12,-1.));
#4204=DIRECTION('',(-7.046215462921E-12,-2.457293627825E-13,1.));
#4205=DIRECTION('',(1.,0.,0.));
#4206=DIRECTION('',(0.,1.,0.));
#4207=DIRECTION('',(0.,-1.,0.));
#4208=DIRECTION('',(-3.493501784137E-13,2.520206265887E-13,1.));
#4209=DIRECTION('',(0.,0.,-1.));
#4210=DIRECTION('',(0.,1.,0.));
#4211=DIRECTION('',(0.,0.,1.));
#4212=DIRECTION('',(1.,0.,0.));
#4213=DIRECTION('',(-2.358113704297E-12,-1.813364273549E-14,-1.));
#4214=DIRECTION('',(0.,1.,0.));
#4215=DIRECTION('',(-1.,0.,0.));
#4216=DIRECTION('',(1.,0.,0.));
#4217=DIRECTION('',(7.050656355019E-12,2.457293627825E-13,1.));
#4218=DIRECTION('',(0.,0.,-1.));
#4219=DIRECTION('',(-1.,0.,0.));
#4220=DIRECTION('',(0.,0.,1.));
#4221=DIRECTION('',(0.,1.,0.));
#4222=DIRECTION('',(3.730349362721E-13,1.991370031825E-12,-1.));
#4223=DIRECTION('',(-1.,0.,0.));
#4224=DIRECTION('',(0.,-1.,0.));
#4225=DIRECTION('',(0.,1.,0.));
#4226=DIRECTION('',(3.493501784137E-13,-2.520206265887E-13,1.));
#4227=DIRECTION('',(0.,0.,-1.));
#4228=DIRECTION('',(0.,-1.,0.));
#4229=DIRECTION('',(0.,0.,1.));
#4230=DIRECTION('',(-1.,0.,0.));
#4231=DIRECTION('',(2.371436380592E-12,1.813364273549E-14,-1.));
#4232=DIRECTION('',(0.,-1.,0.));
#4233=DIRECTION('',(1.,0.,0.));
#4234=DIRECTION('',(-1.,0.,0.));
#4235=DIRECTION('',(0.,0.,1.));
#4236=DIRECTION('',(1.,0.,0.));
#4237=DIRECTION('',(1.,0.,0.));
#4238=DIRECTION('',(0.,1.,0.));
#4239=DIRECTION('',(-1.,0.,0.));
#4240=DIRECTION('',(0.,0.,-1.));
#4241=DIRECTION('',(1.,-1.184237892934E-14,0.));
#4242=DIRECTION('',(0.,-1.,0.));
#4243=DIRECTION('',(0.,0.,-1.));
#4244=DIRECTION('',(0.,1.,0.));
#4245=DIRECTION('',(1.,0.,0.));
#4246=DIRECTION('',(0.,0.,-1.));
#4247=DIRECTION('',(-1.,0.,0.));
#4248=DIRECTION('',(0.,1.,0.));
#4249=DIRECTION('',(0.,0.,-1.));
#4250=DIRECTION('',(0.,-1.,0.));
#4251=DIRECTION('',(-1.,0.,0.));
#4252=DIRECTION('',(0.,1.,0.));
#4253=DIRECTION('',(0.,1.,0.));
#4254=DIRECTION('',(1.,0.,0.));
#4255=DIRECTION('',(0.,0.,1.));
#4256=DIRECTION('',(0.,0.,1.));
#4257=DIRECTION('',(1.,0.,0.));
#4258=DIRECTION('',(1.,0.,0.));
#4259=DIRECTION('',(0.,-1.,0.));
#4260=DIRECTION('',(0.,0.,1.));
#4261=DIRECTION('',(0.,1.,0.));
#4262=DIRECTION('',(0.,-1.,0.));
#4263=DIRECTION('',(1.,0.,0.));
#4264=DIRECTION('',(-1.,0.,0.));
#4265=DIRECTION('',(-1.184237892934E-14,0.,1.));
#4266=DIRECTION('',(0.,0.,-1.));
#4267=DIRECTION('',(1.,0.,0.));
#4268=DIRECTION('',(0.,0.,-1.));
#4269=DIRECTION('',(0.,0.,1.));
#4270=DIRECTION('',(0.,-1.,0.));
#4271=DIRECTION('',(1.,0.,0.));
#4272=DIRECTION('',(0.,1.,0.));
#4273=DIRECTION('',(0.,-1.,0.));
#4274=DIRECTION('',(0.,0.,1.));
#4275=DIRECTION('',(0.,0.,-1.));
#4276=DIRECTION('',(0.,1.,0.));
#4277=DIRECTION('',(0.,0.,-1.));
#4278=DIRECTION('',(0.,0.,1.));
#4279=DIRECTION('',(1.,0.,0.));
#4280=DIRECTION('',(0.,1.,0.));
#4281=DIRECTION('',(-1.,0.,0.));
#4282=DIRECTION('',(1.,0.,0.));
#4283=DIRECTION('',(0.,0.,1.));
#4284=DIRECTION('',(0.,0.,-1.));
#4285=DIRECTION('',(-1.,0.,0.));
#4286=DIRECTION('',(0.,0.,-1.));
#4287=DIRECTION('',(0.,0.,1.));
#4288=DIRECTION('',(0.,1.,0.));
#4289=DIRECTION('',(-1.,0.,0.));
#4290=DIRECTION('',(0.,-1.,0.));
#4291=DIRECTION('',(0.,1.,0.));
#4292=DIRECTION('',(0.,0.,1.));
#4293=DIRECTION('',(0.,0.,-1.));
#4294=DIRECTION('',(0.,-1.,0.));
#4295=DIRECTION('',(0.,0.,-1.));
#4296=DIRECTION('',(0.,0.,1.));
#4297=DIRECTION('',(-1.,0.,0.));
#4298=DIRECTION('',(0.,-1.,0.));
#4299=DIRECTION('',(1.,0.,0.));
#4300=DIRECTION('',(-1.,0.,0.));
#4301=DIRECTION('',(0.,0.,1.));
#4302=DIRECTION('',(-1.,0.,0.));
#4303=DIRECTION('',(0.,1.,0.));
#4304=DIRECTION('',(0.,1.,0.));
#4305=DIRECTION('',(0.,0.,1.));
#4306=DIRECTION('',(1.,0.,0.));
#4307=DIRECTION('',(0.,0.,-1.));
#4308=DIRECTION('',(1.,0.,0.));
#4309=DIRECTION('',(0.,0.,1.));
#4310=DIRECTION('',(1.,0.,0.));
#4311=DIRECTION('',(0.,0.,-1.));
#4312=DIRECTION('',(2.567812628557E-10,-1.,0.));
#4313=DIRECTION('',(-1.,5.785495519019E-13,0.));
#4314=DIRECTION('',(0.,0.,1.));
#4315=DIRECTION('',(-7.874767452811E-10,1.,0.));
#4316=DIRECTION('',(-1.,0.,0.));
#4317=DIRECTION('',(0.,0.,1.));
#4318=DIRECTION('',(0.714142850328143,0.69999999237514,0.));
#4319=DIRECTION('',(-1.,-2.21570150643E-14,0.));
#4320=DIRECTION('',(0.,0.,-1.));
#4321=DIRECTION('',(1.,-1.853051045481E-10,0.));
#4322=DIRECTION('',(0.,-1.,0.));
#4323=DIRECTION('',(0.,0.,-1.));
#4324=DIRECTION('',(1.28119137489523E-6,0.999999999999179,0.));
#4325=DIRECTION('',(1.,5.984587332109E-10,0.));
#4326=DIRECTION('',(0.,0.,1.));
#4327=DIRECTION('',(0.00180256033921863,-0.999998375386792,0.));
#4328=DIRECTION('',(0.99999974577637,-0.000713054832996264,0.));
#4329=DIRECTION('',(0.,0.,1.));
#4330=DIRECTION('',(1.,0.,0.));
#4331=DIRECTION('',(1.,-1.70948597806E-14,0.));
#4332=DIRECTION('',(0.,0.,-1.));
#4333=DIRECTION('',(-1.,1.853051045481E-10,0.));
#4334=DIRECTION('',(0.,1.,0.));
#4335=DIRECTION('',(0.,0.,1.));
#4336=DIRECTION('',(1.,0.,0.));
#4337=DIRECTION('',(0.,5.773159728051E-13,1.));
#4338=DIRECTION('',(1.771075778526E-12,0.,-1.));
#4339=DIRECTION('',(0.,0.,1.));
#4340=DIRECTION('',(-1.711852881244E-10,1.,0.));
#4341=DIRECTION('',(-1.,0.,0.));
#4342=DIRECTION('',(0.,-1.,0.));
#4343=DIRECTION('',(0.,1.854372511401E-12,-1.));
#4344=DIRECTION('',(0.,1.,0.));
#4345=DIRECTION('',(0.,0.,1.));
#4346=DIRECTION('',(1.,0.,0.));
#4347=DIRECTION('',(-3.151833148828E-13,0.,1.));
#4348=DIRECTION('',(0.,0.,1.));
#4349=DIRECTION('',(-1.,-1.852851205336E-10,0.));
#4350=DIRECTION('',(0.,-1.,0.));
#4351=DIRECTION('',(1.,0.,0.));
#4352=DIRECTION('',(0.,0.,-1.));
#4353=DIRECTION('',(-1.,5.773159707659E-13,0.));
#4354=DIRECTION('',(0.,0.,1.));
#4355=DIRECTION('',(1.,0.,0.));
#4356=DIRECTION('',(-4.503304636101E-13,0.,1.));
#4357=DIRECTION('',(0.,0.,-1.));
#4358=DIRECTION('',(-0.714142850331113,0.69999999237211,0.));
#4359=DIRECTION('',(0.,-1.,0.));
#4360=DIRECTION('',(1.,0.,0.));
#4361=DIRECTION('',(-1.891459961629E-12,0.,-1.));
#4362=DIRECTION('',(-1.,0.,0.));
#4363=DIRECTION('',(0.,0.,1.));
#4364=DIRECTION('',(1.,0.,0.));
#4365=DIRECTION('',(0.,0.,1.));
#4366=DIRECTION('',(0.,0.,-1.));
#4367=DIRECTION('',(7.874589817128E-10,1.,0.));
#4368=DIRECTION('',(0.,-1.,0.));
#4369=DIRECTION('',(1.,0.,0.));
#4370=DIRECTION('',(2.555313318299E-12,0.,-1.));
#4371=DIRECTION('',(-1.,-2.225190592113E-14,0.));
#4372=DIRECTION('',(0.,0.,1.));
#4373=DIRECTION('',(1.,0.,0.));
#4374=DIRECTION('',(0.,-8.475502582044E-13,1.));
#4375=DIRECTION('',(0.,0.,1.));
#4376=DIRECTION('',(-2.543631971087E-10,-1.,0.));
#4377=DIRECTION('',(1.,0.,0.));
#4378=DIRECTION('',(0.,1.,0.));
#4379=DIRECTION('',(0.,-5.278660391677E-12,-1.));
#4380=DIRECTION('',(0.,-1.,0.));
#4381=DIRECTION('',(0.,0.,1.));
#4382=DIRECTION('',(1.,0.,0.));
#4383=DIRECTION('',(3.231049061936E-13,0.,1.));
#4384=DIRECTION('',(0.,0.,1.));
#4385=DIRECTION('',(1.,1.853051045481E-10,0.));
#4386=DIRECTION('',(0.,1.,0.));
#4387=DIRECTION('',(-1.,0.,0.));
#4388=DIRECTION('',(5.85405597871E-12,0.,-1.));
#4389=DIRECTION('',(1.,5.984581163832E-10,0.));
#4390=DIRECTION('',(0.,0.,1.));
#4391=DIRECTION('',(1.,0.,0.));
#4392=DIRECTION('',(0.,0.,1.));
#4393=DIRECTION('',(0.,0.,-1.));
#4394=DIRECTION('',(0.714142839960871,-0.700000002951873,0.));
#4395=DIRECTION('',(0.000713054832996264,0.99999974577637,0.));
#4396=DIRECTION('',(-0.99999974577637,0.000713054832996264,0.));
#4397=DIRECTION('',(0.,0.,1.));
#4398=DIRECTION('',(0.99999974577637,-0.000713054832996264,0.));
#4399=DIRECTION('',(0.,0.,1.));
#4400=DIRECTION('',(1.,0.,0.));
#4401=DIRECTION('',(0.,0.,1.));
#4402=DIRECTION('',(0.,0.,1.));
#4403=DIRECTION('',(1.,0.,0.));
#4404=DIRECTION('',(-1.,0.,0.));
#4405=DIRECTION('',(0.,-1.,0.));
#4406=DIRECTION('',(0.,8.615330671091E-14,1.));
#4407=DIRECTION('',(0.,1.,0.));
#4408=DIRECTION('',(0.,0.,1.));
#4409=DIRECTION('',(0.,1.,0.));
#4410=DIRECTION('',(0.,-1.,0.));
#4411=DIRECTION('',(1.,0.,0.));
#4412=DIRECTION('',(-5.945259340547E-14,0.,1.));
#4413=DIRECTION('',(-1.,-1.667315228471E-13,0.));
#4414=DIRECTION('',(-2.527336966629E-13,0.,-1.));
#4415=DIRECTION('',(1.,1.667315228468E-13,4.413351617727E-13));
#4416=DIRECTION('',(0.,0.,1.));
#4417=DIRECTION('',(1.,0.,0.));
#4418=DIRECTION('',(-1.260121986732E-11,-1.744652460019E-12,-1.));
#4419=DIRECTION('',(0.,0.,1.));
#4420=DIRECTION('',(3.73034933812E-13,1.,0.));
#4421=DIRECTION('',(0.,-1.,0.));
#4422=DIRECTION('',(1.,0.,0.));
#4423=DIRECTION('',(3.105112798558E-11,1.744769842277E-12,1.));
#4424=DIRECTION('',(-1.,0.,0.));
#4425=DIRECTION('',(1.,0.,6.184899812726E-12));
#4426=DIRECTION('',(0.,0.,1.));
#4427=DIRECTION('',(1.,0.,0.));
#4428=DIRECTION('',(1.877450318066E-14,0.,-1.));
#4429=DIRECTION('',(0.,0.,1.));
#4430=DIRECTION('',(0.714142842854145,0.700000000000143,0.));
#4431=DIRECTION('',(0.,-1.,0.));
#4432=DIRECTION('',(1.,0.,0.));
#4433=DIRECTION('',(-7.606080775753E-14,-4.910254678018E-14,1.));
#4434=DIRECTION('',(-1.,0.,0.));
#4435=DIRECTION('',(1.,2.361444163733E-14,-9.444623606022E-14));
#4436=DIRECTION('',(0.,0.,1.));
#4437=DIRECTION('',(1.,0.,0.));
#4438=DIRECTION('',(1.030190687349E-13,0.,-1.));
#4439=DIRECTION('',(0.,0.,-1.));
#4440=DIRECTION('',(1.,0.,0.));
#4441=DIRECTION('',(6.855540643609E-12,-9.254979868873E-12,1.));
#4442=DIRECTION('',(1.539509263679E-13,-1.,-9.254979868874E-12));
#4443=DIRECTION('',(1.,0.,0.));
#4444=DIRECTION('',(0.,1.,0.));
#4445=DIRECTION('',(-8.328177051933E-14,-2.166890575434E-13,1.));
#4446=DIRECTION('',(0.,-1.,0.));
#4447=DIRECTION('',(-2.57265473397E-14,1.,1.513157416074E-13));
#4448=DIRECTION('',(0.,0.,1.));
#4449=DIRECTION('',(1.,0.,0.));
#4450=DIRECTION('',(9.743705027693E-9,-7.114977079307E-11,-1.));
#4451=DIRECTION('',(0.,0.,-1.));
#4452=DIRECTION('',(-3.04772356069786E-7,0.999999999999954,0.));
#4453=DIRECTION('',(-7.134840447648E-12,-1.43077672322E-12,1.));
#4454=DIRECTION('',(1.,7.418510264364E-12,7.134840447659E-12));
#4455=DIRECTION('',(0.,1.,0.));
#4456=DIRECTION('',(-1.,2.66152379342046E-29,0.));
#4457=DIRECTION('',(0.,0.,1.));
#4458=DIRECTION('',(1.,-1.66468581171E-9,0.));
#4459=DIRECTION('',(-1.,0.,0.));
#4460=DIRECTION('',(0.,0.,1.));
#4461=DIRECTION('',(1.,0.,0.));
#4462=DIRECTION('',(-1.229836190473E-9,-9.919275963458E-11,-1.));
#4463=DIRECTION('',(0.,0.,1.));
#4464=DIRECTION('',(-3.73034933812E-13,-1.,0.));
#4465=DIRECTION('',(0.,1.,0.));
#4466=DIRECTION('',(-1.,0.,0.));
#4467=DIRECTION('',(1.076779824477E-9,-1.001835832438E-10,1.));
#4468=DIRECTION('',(1.,0.,0.));
#4469=DIRECTION('',(-1.,0.,0.));
#4470=DIRECTION('',(0.,0.,1.));
#4471=DIRECTION('',(1.,0.,0.));
#4472=DIRECTION('',(0.,0.,-1.));
#4473=DIRECTION('',(0.,0.,1.));
#4474=DIRECTION('',(-0.714142829217897,-0.700000013911899,0.));
#4475=DIRECTION('',(0.,1.,0.));
#4476=DIRECTION('',(-1.,2.66152379342046E-29,0.));
#4477=DIRECTION('',(0.,0.,1.));
#4478=DIRECTION('',(1.,0.,0.));
#4479=DIRECTION('',(1.,0.,0.));
#4480=DIRECTION('',(0.,2.369333174101E-9,1.));
#4481=DIRECTION('',(1.,2.665055238178E-10,0.));
#4482=DIRECTION('',(-1.,0.,0.));
#4483=DIRECTION('',(0.,0.,1.));
#4484=DIRECTION('',(-1.,0.,0.));
#4485=DIRECTION('',(1.,0.,0.));
#4486=DIRECTION('',(0.,-1.,0.));
#4487=DIRECTION('',(0.,1.,0.));
#4488=DIRECTION('',(-1.,0.,0.));
#4489=DIRECTION('',(1.,-1.32773610706E-13,0.));
#4490=DIRECTION('',(1.,0.,0.));
#4491=DIRECTION('',(0.,0.,1.));
#4492=DIRECTION('',(1.,0.,0.));
#4493=DIRECTION('',(0.,1.,0.));
#4494=DIRECTION('',(0.,1.,0.));
#4495=DIRECTION('',(0.,0.,1.));
#4496=DIRECTION('',(1.,0.,0.));
#4497=DIRECTION('',(0.,0.,-1.));
#4498=DIRECTION('',(-1.,0.,0.));
#4499=DIRECTION('',(0.,1.,0.));
#4500=DIRECTION('',(0.,0.,-1.));
#4501=DIRECTION('',(1.292003543602E-11,-1.,0.));
#4502=DIRECTION('',(0.,0.,1.));
#4503=DIRECTION('',(1.,0.,0.));
#4504=DIRECTION('',(0.588134872848396,-0.0705423018985284,-0.805680553930935));
#4505=DIRECTION('',(-0.0415726186032901,-0.997508788467442,0.0569906510989479));
#4506=DIRECTION('',(-2.928588302793E-14,2.315265096757E-13,1.));
#4507=DIRECTION('',(-1.633077701089E-11,-3.044173213841E-12,1.));
#4508=DIRECTION('',(-1.,6.456316974572E-12,-1.633077701087E-11));
#4509=DIRECTION('',(-1.,0.,0.));
#4510=DIRECTION('',(0.,0.,-1.));
#4511=DIRECTION('',(-1.,-2.930974828915E-10,8.134346897839E-12));
#4512=DIRECTION('',(-1.,0.,0.));
#4513=DIRECTION('',(0.,0.,-1.));
#4514=DIRECTION('',(6.85479220857417E-12,-9.25547837784895E-12,1.));
#4515=DIRECTION('',(0.,-1.,-9.25547837784895E-12));
#4516=DIRECTION('',(0.,1.,0.));
#4517=DIRECTION('',(1.,0.,5.376948886138E-12));
#4518=DIRECTION('',(6.855540643609E-12,-9.254979868873E-12,1.));
#4519=DIRECTION('',(-0.000269320083981493,-0.999999963733346,-9.2531331984472E-12));
#4520=DIRECTION('',(0.,-1.,0.));
#4521=DIRECTION('',(0.,0.,-1.));
#4522=DIRECTION('',(1.433615726133E-11,-1.,-1.430776723118E-12));
#4523=DIRECTION('',(-6.47815134868E-12,1.430776723025E-12,-1.));
#4524=DIRECTION('',(-5.823802766894E-10,-1.,-1.912246866023E-14));
#4525=DIRECTION('',(-7.13477048408982E-12,-1.4313642126798E-12,1.));
#4526=DIRECTION('',(1.,0.,7.13477048408982E-12));
#4527=DIRECTION('',(-1.,2.82133637286E-9,-7.134840443611E-12));
#4528=DIRECTION('',(2.821336372932E-9,1.,-1.002358734208E-8));
#4529=DIRECTION('',(-7.134840447648E-12,-1.43077672322E-12,1.));
#4530=DIRECTION('',(0.999999999999821,5.98732297880193E-7,7.13484130429772E-12));
#4531=DIRECTION('',(1.,0.,0.));
#4532=DIRECTION('',(0.,0.,-1.));
#4533=DIRECTION('',(0.588918797139519,0.0535494070190295,-0.806416214732599));
#4534=DIRECTION('',(-0.0613561613127511,0.997885297365662,0.0214558796232448));
#4535=DIRECTION('',(1.,-1.453862896035E-9,-8.139117483844E-12));
#4536=DIRECTION('',(-1.61527285229381E-11,1.18065465231688E-11,1.));
#4537=DIRECTION('',(1.,0.,1.61527285229381E-11));
#4538=DIRECTION('',(-1.615297574395E-11,1.180627354867E-11,1.));
#4539=DIRECTION('',(-0.35901072382899,0.933333434617974,-1.68182813550396E-11));
#4540=DIRECTION('',(-4.790744190432E-12,-1.,1.18062735486E-11));
#4541=DIRECTION('',(-1.,4.790744190578E-12,1.238287252838E-11));
#4542=DIRECTION('',(-1.615297574395E-11,1.180627354867E-11,1.));
#4543=DIRECTION('',(-0.0455493495727357,0.998962089747905,-1.25297772351188E-11));
#4544=DIRECTION('',(0.,0.,1.));
#4545=DIRECTION('',(1.,0.,0.));
#4546=DIRECTION('',(1.872376128015E-14,0.,-1.));
#4547=DIRECTION('',(-1.,0.,0.));
#4548=DIRECTION('',(0.,-1.,0.));
#4549=DIRECTION('',(1.347581051129E-14,-1.,2.483071220915E-13));
#4550=DIRECTION('',(0.,-1.,0.));
#4551=DIRECTION('',(-1.,0.,0.));
#4552=DIRECTION('',(-3.272355584183E-11,1.,1.277522156237E-13));
#4553=DIRECTION('',(1.595917842273E-12,1.,3.044173213867E-12));
#4554=DIRECTION('',(9.320011446655E-10,3.04417321238E-12,-1.));
#4555=DIRECTION('',(-1.63309544019492E-11,-3.04366654743997E-12,1.));
#4556=DIRECTION('',(1.,0.,1.63309544019492E-11));
#4557=DIRECTION('',(-1.633077701089E-11,-3.044173213841E-12,1.));
#4558=DIRECTION('',(-1.,8.50066820101497E-8,-1.633077675211E-11));
#4559=DIRECTION('',(0.,0.,1.));
#4560=DIRECTION('',(1.,0.,0.));
#4561=DIRECTION('',(0.,0.,1.));
#4562=DIRECTION('',(1.,0.,0.));
#4563=DIRECTION('',(0.,0.,1.));
#4564=DIRECTION('',(1.,0.,0.));
#4565=DIRECTION('',(0.,0.,1.));
#4566=DIRECTION('',(1.,0.,0.));
#4567=DIRECTION('',(0.,0.,1.));
#4568=DIRECTION('',(1.,0.,0.));
#4569=DIRECTION('',(0.,0.,1.));
#4570=DIRECTION('',(1.,0.,0.));
#4571=DIRECTION('',(0.,0.,1.));
#4572=DIRECTION('',(1.,0.,0.));
#4573=DIRECTION('',(0.,0.,1.));
#4574=DIRECTION('',(1.,0.,0.));
#4575=CARTESIAN_POINT('',(0.,0.,0.));
#4576=CARTESIAN_POINT('',(0.,-0.0006,0.));
#4577=CARTESIAN_POINT('',(0.,-0.0006,0.));
#4578=CARTESIAN_POINT('',(0.00015,-0.0006,0.));
#4579=CARTESIAN_POINT('',(0.,0.0189,0.));
#4580=CARTESIAN_POINT('',(0.,0.,0.));
#4581=CARTESIAN_POINT('',(0.00015,0.,0.));
#4582=CARTESIAN_POINT('',(0.,0.0204,0.));
#4583=CARTESIAN_POINT('',(0.,0.0204,0.));
#4584=CARTESIAN_POINT('',(-0.00015,0.0204,0.));
#4585=CARTESIAN_POINT('',(0.,0.0189,0.));
#4586=CARTESIAN_POINT('',(0.,0.0189,0.));
#4587=CARTESIAN_POINT('',(-0.00015,0.0189,0.));
#4588=CARTESIAN_POINT('',(0.,0.0189,0.));
#4589=CARTESIAN_POINT('',(0.,0.0189,0.));
#4590=CARTESIAN_POINT('',(-0.000275,0.0189,0.));
#4591=CARTESIAN_POINT('',(0.,0.,0.));
#4592=CARTESIAN_POINT('',(0.,0.,0.));
#4593=CARTESIAN_POINT('',(-0.000275,0.,0.));
#4594=CARTESIAN_POINT('',(0.,0.,0.));
#4595=CARTESIAN_POINT('',(-0.001699999999839,0.003274999994385,-0.002364195500208));
#4596=CARTESIAN_POINT('',(-0.001699936476853,0.003274999994385,-0.001377357315101));
#4597=CARTESIAN_POINT('',(-0.0054,0.0014,-0.01225));
#4598=CARTESIAN_POINT('',(-0.0054,0.0016,-0.00235));
#4599=CARTESIAN_POINT('',(-0.0054,0.0016,-0.00235));
#4600=CARTESIAN_POINT('',(-0.0054,0.0016,-0.00225));
#4601=CARTESIAN_POINT('',(-0.0054,0.0014,-0.00235));
#4602=CARTESIAN_POINT('',(-0.0056,0.0014,-0.00235));
#4603=CARTESIAN_POINT('',(-0.0056,0.0014,-0.00225));
#4604=CARTESIAN_POINT('',(-0.0056,0.0014,-0.00225));
#4605=CARTESIAN_POINT('',(-0.0054,0.0014,-0.00225));
#4606=CARTESIAN_POINT('',(-0.0056,-0.0016,-0.01225));
#4607=CARTESIAN_POINT('',(-0.0056,-0.0014,-0.00235));
#4608=CARTESIAN_POINT('',(-0.0056,-0.0014,-0.00235));
#4609=CARTESIAN_POINT('',(-0.0056,-0.0014,-0.00235));
#4610=CARTESIAN_POINT('',(-0.0056,-0.0014,-0.00225));
#4611=CARTESIAN_POINT('',(-0.0056,-0.0014,-0.00225));
#4612=CARTESIAN_POINT('',(0.,0.,-0.00235));
#4613=CARTESIAN_POINT('',(-0.0054,0.0016,-0.00235));
#4614=CARTESIAN_POINT('',(0.0054,0.0016,-0.00235));
#4615=CARTESIAN_POINT('',(0.0054,0.0014,-0.00235));
#4616=CARTESIAN_POINT('',(0.0056,0.0014,-0.00235));
#4617=CARTESIAN_POINT('',(0.0056,0.0014,-0.00235));
#4618=CARTESIAN_POINT('',(0.0056,-0.0014,-0.00235));
#4619=CARTESIAN_POINT('',(0.0054,-0.0014,-0.00235));
#4620=CARTESIAN_POINT('',(0.0054,-0.0016,-0.00235));
#4621=CARTESIAN_POINT('',(0.0054,-0.0016,-0.00235));
#4622=CARTESIAN_POINT('',(-0.0054,-0.0016,-0.00235));
#4623=CARTESIAN_POINT('',(-0.0054,-0.0014,-0.00235));
#4624=CARTESIAN_POINT('',(0.0056,0.0016,-0.01225));
#4625=CARTESIAN_POINT('',(-0.0054,0.0016,-0.00225));
#4626=CARTESIAN_POINT('',(0.0054,0.0016,-0.00225));
#4627=CARTESIAN_POINT('',(0.0054,0.0016,-0.00225));
#4628=CARTESIAN_POINT('',(0.0054,0.0014,-0.01225));
#4629=CARTESIAN_POINT('',(0.0056,0.0014,-0.00235));
#4630=CARTESIAN_POINT('',(0.0056,0.0014,-0.00225));
#4631=CARTESIAN_POINT('',(0.0054,0.0014,-0.00225));
#4632=CARTESIAN_POINT('',(0.0056,-0.0016,-0.01225));
#4633=CARTESIAN_POINT('',(0.0056,-0.0014,-0.00225));
#4634=CARTESIAN_POINT('',(0.0056,-0.0014,-0.00225));
#4635=CARTESIAN_POINT('',(0.0056,0.0014,-0.00225));
#4636=CARTESIAN_POINT('',(0.0054,-0.0014,-0.01225));
#4637=CARTESIAN_POINT('',(0.0054,-0.0016,-0.00235));
#4638=CARTESIAN_POINT('',(0.0054,-0.0016,-0.00225));
#4639=CARTESIAN_POINT('',(0.0054,-0.0014,-0.00225));
#4640=CARTESIAN_POINT('',(0.0056,-0.0016,-0.01225));
#4641=CARTESIAN_POINT('',(-0.0054,-0.0016,-0.00225));
#4642=CARTESIAN_POINT('',(-0.0054,-0.0016,-0.00225));
#4643=CARTESIAN_POINT('',(0.0054,-0.0016,-0.00225));
#4644=CARTESIAN_POINT('',(0.00565,-0.00165,-0.00225));
#4645=CARTESIAN_POINT('',(-0.0054,-0.0014,-0.00225));
#4646=CARTESIAN_POINT('',(-0.0054,-0.0014,-0.01225));
#4647=CARTESIAN_POINT('',(0.005999999996534,0.00225,-0.00185));
#4648=CARTESIAN_POINT('',(0.,0.0002,0.));
#4649=CARTESIAN_POINT('',(-0.0021,0.0002,-0.00145));
#4650=CARTESIAN_POINT('',(-0.0021,0.0002,-0.00145));
#4651=CARTESIAN_POINT('',(-0.0021,0.0002,0.00145));
#4652=CARTESIAN_POINT('',(-0.0017,0.0002,0.00145));
#4653=CARTESIAN_POINT('',(-0.0017,0.0002,0.00185));
#4654=CARTESIAN_POINT('',(-0.0017,0.0002,0.00185));
#4655=CARTESIAN_POINT('',(0.0017,0.0002,0.00185));
#4656=CARTESIAN_POINT('',(0.0017,0.0002,0.00145));
#4657=CARTESIAN_POINT('',(0.0021,0.0002,0.00145));
#4658=CARTESIAN_POINT('',(0.0021,0.0002,0.00145));
#4659=CARTESIAN_POINT('',(0.0021,0.0002,-0.00145));
#4660=CARTESIAN_POINT('',(0.0017,0.0002,-0.00145));
#4661=CARTESIAN_POINT('',(0.0017,0.0002,-0.00185));
#4662=CARTESIAN_POINT('',(0.0017,0.0002,-0.00185));
#4663=CARTESIAN_POINT('',(-0.0017,0.0002,-0.00185));
#4664=CARTESIAN_POINT('',(-0.0017,0.0002,-0.00145));
#4665=CARTESIAN_POINT('',(-0.0021,0.,-0.00145));
#4666=CARTESIAN_POINT('',(-0.0021,0.,0.00145));
#4667=CARTESIAN_POINT('',(-0.0021,0.,0.00145));
#4668=CARTESIAN_POINT('',(-0.0021,0.0002,-0.00145));
#4669=CARTESIAN_POINT('',(-0.0021,0.,-0.00145));
#4670=CARTESIAN_POINT('',(-0.0021,0.,-0.00145));
#4671=CARTESIAN_POINT('',(-0.0017,0.,0.00145));
#4672=CARTESIAN_POINT('',(-0.0017,0.0002,0.00185));
#4673=CARTESIAN_POINT('',(-0.0017,0.,0.00185));
#4674=CARTESIAN_POINT('',(-0.0017,0.,0.00145));
#4675=CARTESIAN_POINT('',(-0.0017,0.,0.00185));
#4676=CARTESIAN_POINT('',(0.0017,0.,0.00185));
#4677=CARTESIAN_POINT('',(0.0017,0.,0.00185));
#4678=CARTESIAN_POINT('',(-0.0017,0.,0.00185));
#4679=CARTESIAN_POINT('',(0.0017,0.,0.00145));
#4680=CARTESIAN_POINT('',(0.0021,0.0002,0.00145));
#4681=CARTESIAN_POINT('',(0.0021,0.,0.00145));
#4682=CARTESIAN_POINT('',(0.0017,0.,0.00145));
#4683=CARTESIAN_POINT('',(0.0021,0.,0.00145));
#4684=CARTESIAN_POINT('',(0.0021,0.,-0.00145));
#4685=CARTESIAN_POINT('',(0.0021,0.,-0.00145));
#4686=CARTESIAN_POINT('',(0.0021,0.,0.00145));
#4687=CARTESIAN_POINT('',(0.0017,0.,-0.00145));
#4688=CARTESIAN_POINT('',(0.0017,0.0002,-0.00185));
#4689=CARTESIAN_POINT('',(0.0017,0.,-0.00185));
#4690=CARTESIAN_POINT('',(0.0017,0.,-0.00145));
#4691=CARTESIAN_POINT('',(0.0017,0.,-0.00185));
#4692=CARTESIAN_POINT('',(-0.0017,0.,-0.00185));
#4693=CARTESIAN_POINT('',(-0.0017,0.,-0.00185));
#4694=CARTESIAN_POINT('',(0.0017,0.,-0.00185));
#4695=CARTESIAN_POINT('',(-0.0017,0.,-0.00145));
#4696=CARTESIAN_POINT('',(-0.0017,0.,-0.00145));
#4697=CARTESIAN_POINT('',(0.,0.,0.));
#4698=CARTESIAN_POINT('',(0.0011,0.003649999995591,-0.0018));
#4699=CARTESIAN_POINT('',(-0.0051,0.00015,-0.002));
#4700=CARTESIAN_POINT('',(-0.0051,0.00015,0.0016));
#4701=CARTESIAN_POINT('',(-0.0051,0.00015,0.0016));
#4702=CARTESIAN_POINT('',(-0.0051,0.00015,-0.0013));
#4703=CARTESIAN_POINT('',(-0.0051,0.00015,-0.0013));
#4704=CARTESIAN_POINT('',(-0.0051,-0.0002,-0.0013));
#4705=CARTESIAN_POINT('',(-0.0051,-0.0002,0.0016));
#4706=CARTESIAN_POINT('',(-0.0051,-0.0002,0.0016));
#4707=CARTESIAN_POINT('',(-0.0051,-0.0002,0.0016));
#4708=CARTESIAN_POINT('',(-0.0047,0.00066638,-0.0013));
#4709=CARTESIAN_POINT('',(-0.0047,0.00015,-0.0013));
#4710=CARTESIAN_POINT('',(-0.0047,0.00015,-0.0017));
#4711=CARTESIAN_POINT('',(-0.0047,-0.0002,-0.0017));
#4712=CARTESIAN_POINT('',(-0.0047,-0.0002,-0.0017));
#4713=CARTESIAN_POINT('',(-0.0047,-0.0002,-0.0013));
#4714=CARTESIAN_POINT('',(0.0035,-0.0002,-0.0017));
#4715=CARTESIAN_POINT('',(0.0031,0.00015,-0.0017));
#4716=CARTESIAN_POINT('',(0.0031,0.00015,-0.0017));
#4717=CARTESIAN_POINT('',(0.0031,0.00015,-0.0017));
#4718=CARTESIAN_POINT('',(0.0031,-0.0002,-0.0017));
#4719=CARTESIAN_POINT('',(-0.0047,-0.0002,-0.0017));
#4720=CARTESIAN_POINT('',(0.0031,0.00064614,0.0016));
#4721=CARTESIAN_POINT('',(0.0031,0.00015,0.0016));
#4722=CARTESIAN_POINT('',(0.0035,0.00015,0.0016));
#4723=CARTESIAN_POINT('',(0.0031,0.00015,0.002));
#4724=CARTESIAN_POINT('',(0.0031,-0.0002,0.002));
#4725=CARTESIAN_POINT('',(0.0031,-0.0002,0.002));
#4726=CARTESIAN_POINT('',(0.0031,-0.0002,0.0016));
#4727=CARTESIAN_POINT('',(0.0035,-0.0002,0.0016));
#4728=CARTESIAN_POINT('',(0.0035,0.00015,0.0016));
#4729=CARTESIAN_POINT('',(-0.0035,0.,0.002));
#4730=CARTESIAN_POINT('',(-0.0047,-0.0002,0.002));
#4731=CARTESIAN_POINT('',(-0.0047,-0.0002,0.002));
#4732=CARTESIAN_POINT('',(0.0031,0.00015,0.002));
#4733=CARTESIAN_POINT('',(-0.0047,0.00015,0.002));
#4734=CARTESIAN_POINT('',(-0.0047,0.00015,0.002));
#4735=CARTESIAN_POINT('',(0.,-0.0002,0.));
#4736=CARTESIAN_POINT('',(0.0031,-0.0002,-0.0013));
#4737=CARTESIAN_POINT('',(0.0035,-0.0002,-0.0013));
#4738=CARTESIAN_POINT('',(0.0035,-0.0002,0.0016));
#4739=CARTESIAN_POINT('',(-0.0047,-0.0002,0.0016));
#4740=CARTESIAN_POINT('',(-0.0047,0.00066638,0.0016));
#4741=CARTESIAN_POINT('',(-0.0047,0.00015,0.0016));
#4742=CARTESIAN_POINT('',(0.,0.00015,0.));
#4743=CARTESIAN_POINT('',(0.0035,0.00015,0.0016));
#4744=CARTESIAN_POINT('',(0.0035,0.00015,-0.0013));
#4745=CARTESIAN_POINT('',(0.0031,0.00015,-0.0013));
#4746=CARTESIAN_POINT('',(0.0031,-0.00071638,-0.0013));
#4747=CARTESIAN_POINT('',(0.0035,-0.0002,-0.0013));
#4748=CARTESIAN_POINT('',(0.0035,0.,0.002));
#4749=CARTESIAN_POINT('',(0.008299999999978,0.003699999998691,-0.00195));
#4750=CARTESIAN_POINT('',(0.001622390536089,0.,0.002961961416748));
#4751=CARTESIAN_POINT('',(0.001622390536089,0.0001,0.003761961416748));
#4752=CARTESIAN_POINT('',(0.001622390536089,0.0001,0.003761961416748));
#4753=CARTESIAN_POINT('',(0.001622390536089,9.9E-5,0.003761961416748));
#4754=CARTESIAN_POINT('',(0.001622390536089,0.0001,0.003761961416748));
#4755=CARTESIAN_POINT('',(0.001622390536089,0.0001,0.002961961416748));
#4756=CARTESIAN_POINT('',(0.001622390536089,0.0001,0.002961961416748));
#4757=CARTESIAN_POINT('',(0.001622390536089,9.9E-5,0.002961961416748));
#4758=CARTESIAN_POINT('',(0.001622390536089,9.9E-5,0.003761961416748));
#4759=CARTESIAN_POINT('',(0.000622390536089,0.,0.002961961416748));
#4760=CARTESIAN_POINT('',(0.001622390536089,0.0001,0.002961961416748));
#4761=CARTESIAN_POINT('',(0.000622390536089,0.0001,0.002961961416748));
#4762=CARTESIAN_POINT('',(0.000622390536089,0.0001,0.002961961416748));
#4763=CARTESIAN_POINT('',(0.000622390536089,9.9E-5,0.002961961416748));
#4764=CARTESIAN_POINT('',(0.001622390536089,9.9E-5,0.002961961416748));
#4765=CARTESIAN_POINT('',(0.000622390536089,0.,0.003761961416748));
#4766=CARTESIAN_POINT('',(0.000622390536089,0.0001,0.002961961416748));
#4767=CARTESIAN_POINT('',(0.000622390536089,0.0001,0.003761961416748));
#4768=CARTESIAN_POINT('',(0.000622390536089,0.0001,0.003761961416748));
#4769=CARTESIAN_POINT('',(0.000622390536089,9.9E-5,0.003761961416748));
#4770=CARTESIAN_POINT('',(0.000622390536089,9.9E-5,0.002961961416748));
#4771=CARTESIAN_POINT('',(0.,9.9E-5,0.));
#4772=CARTESIAN_POINT('',(0.000622390536089,9.9E-5,0.003761961416748));
#4773=CARTESIAN_POINT('',(0.001622390536089,0.,0.003761961416748));
#4774=CARTESIAN_POINT('',(0.000622390536089,0.0001,0.003761961416748));
#4775=CARTESIAN_POINT('',(0.001622390536089,0.,0.002961961416748));
#4776=CARTESIAN_POINT('',(0.001622390536089,0.0001,0.002761961416748));
#4777=CARTESIAN_POINT('',(0.001622390536089,0.0001,0.002761961416748));
#4778=CARTESIAN_POINT('',(0.001622390536089,9.9E-5,0.002761961416748));
#4779=CARTESIAN_POINT('',(0.001622390536089,0.0001,0.002761961416748));
#4780=CARTESIAN_POINT('',(0.001622390536089,0.0001,0.001961961416748));
#4781=CARTESIAN_POINT('',(0.001622390536089,0.0001,0.001961961416748));
#4782=CARTESIAN_POINT('',(0.001622390536089,9.9E-5,0.001961961416748));
#4783=CARTESIAN_POINT('',(0.001622390536089,9.9E-5,0.002761961416748));
#4784=CARTESIAN_POINT('',(0.000622390536089,0.,0.001961961416748));
#4785=CARTESIAN_POINT('',(0.001622390536089,0.0001,0.001961961416748));
#4786=CARTESIAN_POINT('',(0.000622390536089,0.0001,0.001961961416748));
#4787=CARTESIAN_POINT('',(0.000622390536089,0.0001,0.001961961416748));
#4788=CARTESIAN_POINT('',(0.000622390536089,9.9E-5,0.001961961416748));
#4789=CARTESIAN_POINT('',(0.001622390536089,9.9E-5,0.001961961416748));
#4790=CARTESIAN_POINT('',(0.000622390536089,0.,0.003761961416748));
#4791=CARTESIAN_POINT('',(0.000622390536089,0.0001,0.001961961416748));
#4792=CARTESIAN_POINT('',(0.000622390536089,0.0001,0.002761961416748));
#4793=CARTESIAN_POINT('',(0.000622390536089,0.0001,0.002761961416748));
#4794=CARTESIAN_POINT('',(0.000622390536089,9.9E-5,0.002761961416748));
#4795=CARTESIAN_POINT('',(0.000622390536089,9.9E-5,0.001961961416748));
#4796=CARTESIAN_POINT('',(0.,9.9E-5,0.));
#4797=CARTESIAN_POINT('',(0.000622390536089,9.9E-5,0.002761961416748));
#4798=CARTESIAN_POINT('',(0.001622390536089,0.,0.002761961416748));
#4799=CARTESIAN_POINT('',(0.000622390536089,0.0001,0.002761961416748));
#4800=CARTESIAN_POINT('',(0.001909264868933,0.,0.003761961416748));
#4801=CARTESIAN_POINT('',(0.002109264868933,0.0001,0.003761961416748));
#4802=CARTESIAN_POINT('',(0.002109264868933,0.0001,0.003761961416748));
#4803=CARTESIAN_POINT('',(0.002109264868933,0.,0.003761961416748));
#4804=CARTESIAN_POINT('',(0.001909264868933,0.0001,0.003761961416748));
#4805=CARTESIAN_POINT('',(0.001909264868933,0.0001,0.003961961416748));
#4806=CARTESIAN_POINT('',(0.001909264868933,0.,0.003961961416748));
#4807=CARTESIAN_POINT('',(0.001909264868933,0.,0.003961961416748));
#4808=CARTESIAN_POINT('',(0.001909264868933,0.,0.003761961416748));
#4809=CARTESIAN_POINT('',(0.002109264868933,0.,0.003761961416748));
#4810=CARTESIAN_POINT('',(0.002109264868933,0.,0.001961961416748));
#4811=CARTESIAN_POINT('',(0.002109264868933,0.,0.001961961416748));
#4812=CARTESIAN_POINT('',(0.002109264868933,0.0001,0.001961961416748));
#4813=CARTESIAN_POINT('',(0.002109264868933,0.0001,0.001961961416748));
#4814=CARTESIAN_POINT('',(0.002109264868933,0.,0.001961961416748));
#4815=CARTESIAN_POINT('',(0.001909264868933,0.,0.001961961416748));
#4816=CARTESIAN_POINT('',(0.001909264868933,0.0001,0.001761961416748));
#4817=CARTESIAN_POINT('',(0.001909264868933,0.0001,0.001761961416748));
#4818=CARTESIAN_POINT('',(0.001909264868933,0.,0.001761961416748));
#4819=CARTESIAN_POINT('',(0.001909264868933,0.0001,0.001961961416748));
#4820=CARTESIAN_POINT('',(0.001909264868933,0.,0.001961961416748));
#4821=CARTESIAN_POINT('',(0.001909264868933,0.,0.001761961416748));
#4822=CARTESIAN_POINT('',(9.264868932538E-6,0.,0.001761961416748));
#4823=CARTESIAN_POINT('',(9.264868932538E-6,0.,0.001761961416748));
#4824=CARTESIAN_POINT('',(9.264868932533E-6,0.0001,0.001761961416748));
#4825=CARTESIAN_POINT('',(9.264868932533E-6,0.0001,0.001761961416748));
#4826=CARTESIAN_POINT('',(9.264868932533E-6,0.0001,0.001761961416748));
#4827=CARTESIAN_POINT('',(0.,0.0001,0.));
#4828=CARTESIAN_POINT('',(0.001909264868933,0.0001,0.003961961416748));
#4829=CARTESIAN_POINT('',(9.264868932518E-6,0.0001,0.003961961416748));
#4830=CARTESIAN_POINT('',(9.264868932533E-6,0.0001,0.001761961416748));
#4831=CARTESIAN_POINT('',(9.26486893254E-6,0.,0.003961961416748));
#4832=CARTESIAN_POINT('',(0.001909264868933,0.,0.003961961416748));
#4833=CARTESIAN_POINT('',(9.2648689325E-6,0.,0.003961961416748));
#4834=CARTESIAN_POINT('',(9.264868932518E-6,0.0001,0.003961961416748));
#4835=CARTESIAN_POINT('',(-0.000440735131068,0.,0.003961961416748));
#4836=CARTESIAN_POINT('',(-0.000440735131068,0.,0.003961961416748));
#4837=CARTESIAN_POINT('',(-0.000440735131068,0.,0.004411961416748));
#4838=CARTESIAN_POINT('',(9.264868932522E-6,0.00015,0.003961961416747));
#4839=CARTESIAN_POINT('',(9.264868932522E-6,0.00015,0.003961961416747));
#4840=CARTESIAN_POINT('',(-0.000440735131068,0.00015,0.003961961416748));
#4841=CARTESIAN_POINT('',(-0.000440735131068,0.00015,0.004411961416748));
#4842=CARTESIAN_POINT('',(-0.000440735131068,0.,0.004411961416748));
#4843=CARTESIAN_POINT('',(9.26486893254E-6,0.,0.001761961416748));
#4844=CARTESIAN_POINT('',(9.264868932539E-6,0.,0.000961961416748));
#4845=CARTESIAN_POINT('',(9.264868932539E-6,0.,0.000961961416748));
#4846=CARTESIAN_POINT('',(9.264868932535E-6,0.00015,0.000961961416748));
#4847=CARTESIAN_POINT('',(9.264868932535E-6,0.00015,0.000961961416748));
#4848=CARTESIAN_POINT('',(9.264868932535E-6,0.00015,0.000961961416748));
#4849=CARTESIAN_POINT('',(9.26486893254E-6,0.,0.000961961416748));
#4850=CARTESIAN_POINT('',(-0.002990735131067,0.00015,0.000961961416748));
#4851=CARTESIAN_POINT('',(-0.002990735131067,0.00015,0.000961961416748));
#4852=CARTESIAN_POINT('',(-0.002990735131067,0.,0.000961961416748));
#4853=CARTESIAN_POINT('',(-0.002990735131067,0.,0.000961961416748));
#4854=CARTESIAN_POINT('',(-0.002990735131067,0.,0.000961961416748));
#4855=CARTESIAN_POINT('',(-0.002990735131067,0.,0.001161961416748));
#4856=CARTESIAN_POINT('',(-0.002990735131067,0.,0.001161961416748));
#4857=CARTESIAN_POINT('',(-0.003190735131067,0.,0.001161961416748));
#4858=CARTESIAN_POINT('',(-0.003190735131067,0.00015,0.001161961416748));
#4859=CARTESIAN_POINT('',(-0.003190735131067,0.00015,0.001161961416748));
#4860=CARTESIAN_POINT('',(-0.002990735131067,0.00015,0.001161961416748));
#4861=CARTESIAN_POINT('',(0.,0.00015,0.));
#4862=CARTESIAN_POINT('',(-0.003190735131067,0.00015,0.004411961416748));
#4863=CARTESIAN_POINT('',(-0.003190735131067,0.00015,0.004411961416748));
#4864=CARTESIAN_POINT('',(-0.000440735131068,0.00015,0.004411961416748));
#4865=CARTESIAN_POINT('',(-0.003190735131067,0.,0.004411961416748));
#4866=CARTESIAN_POINT('',(-0.001690735131067,0.0001,0.004411961416748));
#4867=CARTESIAN_POINT('',(-0.001690735131067,0.0001,0.004411961416748));
#4868=CARTESIAN_POINT('',(-0.001690735131067,0.,0.004411961416748));
#4869=CARTESIAN_POINT('',(-0.000440735131068,0.,0.004411961416748));
#4870=CARTESIAN_POINT('',(-0.003190735131067,0.0001,0.004411961416748));
#4871=CARTESIAN_POINT('',(-0.003190735131067,0.0001,0.004411961416748));
#4872=CARTESIAN_POINT('',(-0.001690735131067,0.0001,0.004411961416748));
#4873=CARTESIAN_POINT('',(-0.001690735131067,0.,0.004711961416748));
#4874=CARTESIAN_POINT('',(-0.001690735131067,0.00172,0.004711961416748));
#4875=CARTESIAN_POINT('',(-0.001690735131067,0.00172,0.004711961416748));
#4876=CARTESIAN_POINT('',(-0.001690735131067,0.0002,0.004711961416748));
#4877=CARTESIAN_POINT('',(-0.001690735131067,0.00172,0.004711961416748));
#4878=CARTESIAN_POINT('',(-0.003190735131067,0.00172,0.004711961416748));
#4879=CARTESIAN_POINT('',(-0.003190735131067,0.0002,0.004711961416748));
#4880=CARTESIAN_POINT('',(-0.003190735131067,0.0002,0.004711961416748));
#4881=CARTESIAN_POINT('',(-0.003190735131067,0.0002,0.004711961416748));
#4882=CARTESIAN_POINT('',(0.,0.00172,0.));
#4883=CARTESIAN_POINT('',(-0.001690735131067,0.00172,0.004611961416748));
#4884=CARTESIAN_POINT('',(-0.001690735131067,0.00172,0.004611961416748));
#4885=CARTESIAN_POINT('',(-0.003190735131067,0.00172,0.004611961416748));
#4886=CARTESIAN_POINT('',(-0.003190735131067,0.00172,0.004611961416748));
#4887=CARTESIAN_POINT('',(-0.003190735131067,0.00172,0.004711961416748));
#4888=CARTESIAN_POINT('',(-0.001690735131067,0.0001,0.004611961416748));
#4889=CARTESIAN_POINT('',(-0.003190735131067,0.00172,0.004611961416748));
#4890=CARTESIAN_POINT('',(-0.003190735131067,0.0002,0.004611961416748));
#4891=CARTESIAN_POINT('',(-0.001690735131067,0.00172,0.004611961416748));
#4892=CARTESIAN_POINT('',(-0.001690735131067,0.0002,0.004611961416748));
#4893=CARTESIAN_POINT('',(-0.001690735131067,0.0002,0.004611961416748));
#4894=CARTESIAN_POINT('',(-0.001690735131067,0.,0.004411961416748));
#4895=CARTESIAN_POINT('',(-0.001690735131067,0.0002,0.004511961416748));
#4896=CARTESIAN_POINT('',(-0.001690735131067,0.,0.004511961416748));
#4897=CARTESIAN_POINT('',(-0.001690735131067,0.,0.004511961416748));
#4898=CARTESIAN_POINT('',(-0.001690735131067,0.0001,0.004511961416748));
#4899=CARTESIAN_POINT('',(-0.001690735131067,0.0001,0.004511961416748));
#4900=CARTESIAN_POINT('',(-0.001690735131067,0.0002,0.004511961416748));
#4901=CARTESIAN_POINT('',(0.009018344868933,0.0002,0.004511961416748));
#4902=CARTESIAN_POINT('',(-0.003190735131067,0.0002,0.004511961416748));
#4903=CARTESIAN_POINT('',(-0.003190735131067,0.0001,0.004511961416748));
#4904=CARTESIAN_POINT('',(-0.003190735131067,0.0001,0.004511961416748));
#4905=CARTESIAN_POINT('',(0.,0.0001,0.));
#4906=CARTESIAN_POINT('',(-0.003190735131067,0.0001,0.004411961416748));
#4907=CARTESIAN_POINT('',(-0.003190735131067,0.,0.001161961416748));
#4908=CARTESIAN_POINT('',(-0.003190735131067,0.,0.001161961416748));
#4909=CARTESIAN_POINT('',(-0.003190735131067,0.,0.004511961416748));
#4910=CARTESIAN_POINT('',(-0.003190735131067,0.0002,0.004511961416748));
#4911=CARTESIAN_POINT('',(0.009018344868933,0.0002,0.004511961416748));
#4912=CARTESIAN_POINT('',(-0.001690735131067,0.,0.004511961416748));
#4913=CARTESIAN_POINT('',(0.,0.,0.));
#4914=CARTESIAN_POINT('',(9.26486893254E-6,0.003649999995121,-0.004711961416748));
#4915=CARTESIAN_POINT('',(-0.00273756,0.0002,-0.00433100952381));
#4916=CARTESIAN_POINT('',(0.001629437972183,0.,-0.000171963836016));
#4917=CARTESIAN_POINT('',(0.001629437972183,0.,-0.000171963836014323));
#4918=CARTESIAN_POINT('',(-1.0842021724855E-19,0.,-0.00172380952380916));
#4919=CARTESIAN_POINT('',(0.,0.0002,-0.00172380952380748));
#4920=CARTESIAN_POINT('',(-1.0842021724855E-19,0.000199999999990637,-0.00199999999999996));
#4921=CARTESIAN_POINT('',(0.001629437972183,0.000199999999973,-0.000448154312207));
#4922=CARTESIAN_POINT('',(0.00162943797218287,0.000199999999986516,-0.000448154312205303));
#4923=CARTESIAN_POINT('',(0.001629437972183,0.0002,-0.000171963836012646));
#4924=CARTESIAN_POINT('',(0.0021,0.,0.));
#4925=CARTESIAN_POINT('',(-1.273055734904E-17,0.002,-0.002));
#4926=CARTESIAN_POINT('',(0.,0.002,-0.00200000000000215));
#4927=CARTESIAN_POINT('',(-1.273055734904E-17,0.002,-0.002));
#4928=CARTESIAN_POINT('',(0.001629437972183,0.00199999999999813,-0.000448154312207317));
#4929=CARTESIAN_POINT('',(0.001629437972183,0.001999999999996,-0.000448154312207));
#4930=CARTESIAN_POINT('',(0.0021,0.,0.));
#4931=CARTESIAN_POINT('',(0.0021,0.0002,-0.00035));
#4932=CARTESIAN_POINT('',(0.0021,0.0002,-0.00035));
#4933=CARTESIAN_POINT('',(0.0021,0.002,-0.00035));
#4934=CARTESIAN_POINT('',(0.0021,0.002,-0.00035));
#4935=CARTESIAN_POINT('',(0.0021,0.002,0.));
#4936=CARTESIAN_POINT('',(0.0021,0.0002,0.));
#4937=CARTESIAN_POINT('',(0.0021,0.0002,0.));
#4938=CARTESIAN_POINT('',(0.0021,0.0002,0.));
#4939=CARTESIAN_POINT('',(0.005017366896552,0.002,-0.00035));
#4940=CARTESIAN_POINT('',(0.0019,0.0022,-0.00035));
#4941=CARTESIAN_POINT('',(0.0019,0.0022,-0.00035));
#4942=CARTESIAN_POINT('',(0.001629437972183,0.0022,-0.00035));
#4943=CARTESIAN_POINT('',(0.0019,0.002,-0.00035));
#4944=CARTESIAN_POINT('',(0.0019,0.002,-0.00055));
#4945=CARTESIAN_POINT('',(0.001629437972183,0.002,-0.00055));
#4946=CARTESIAN_POINT('',(0.001629437972183,0.002,-0.00055));
#4947=CARTESIAN_POINT('',(0.001629437972183,0.002,-0.00035));
#4948=CARTESIAN_POINT('',(0.0019,0.002,-0.00035));
#4949=CARTESIAN_POINT('',(0.0019,0.002,-0.00035));
#4950=CARTESIAN_POINT('',(0.0019,0.002,-0.00035));
#4951=CARTESIAN_POINT('',(0.0019,0.002,0.002607200000001));
#4952=CARTESIAN_POINT('',(0.0019,0.0022,0.));
#4953=CARTESIAN_POINT('',(0.0019,0.0022,0.));
#4954=CARTESIAN_POINT('',(0.0019,0.002,0.));
#4955=CARTESIAN_POINT('',(0.,0.0022,0.));
#4956=CARTESIAN_POINT('',(0.001629437972183,0.0022,-0.00035));
#4957=CARTESIAN_POINT('',(0.00162943797218304,0.0022,-0.000171963836016932));
#4958=CARTESIAN_POINT('',(-1.124952897182E-16,0.0022,-0.00172380952381));
#4959=CARTESIAN_POINT('',(0.,0.0022,-0.0017238095238118));
#4960=CARTESIAN_POINT('',(-2.685551826643E-17,0.0022,0.));
#4961=CARTESIAN_POINT('',(-2.685551826643E-17,0.0022,0.));
#4962=CARTESIAN_POINT('',(-2.685551826643E-17,0.0022,0.));
#4963=CARTESIAN_POINT('',(0.00454756,0.002,0.0026072));
#4964=CARTESIAN_POINT('',(0.,0.002,-0.00172380952381371));
#4965=CARTESIAN_POINT('',(0.001629437972183,0.002,-0.000171963836018877));
#4966=CARTESIAN_POINT('',(0.,0.,-0.002));
#4967=CARTESIAN_POINT('',(0.,0.,0.));
#4968=CARTESIAN_POINT('',(0.,0.,0.));
#4969=CARTESIAN_POINT('',(-2.685551826643E-17,0.0022,0.));
#4970=CARTESIAN_POINT('',(0.,0.,0.));
#4971=CARTESIAN_POINT('',(0.0019,0.,0.));
#4972=CARTESIAN_POINT('',(0.0019,0.,0.));
#4973=CARTESIAN_POINT('',(0.0019,0.0002,0.));
#4974=CARTESIAN_POINT('',(0.0019,0.0002,0.002607200000001));
#4975=CARTESIAN_POINT('',(0.0019,0.,-0.00035));
#4976=CARTESIAN_POINT('',(0.0019,0.,-0.00035));
#4977=CARTESIAN_POINT('',(0.0019,0.0002,-0.00035));
#4978=CARTESIAN_POINT('',(0.0019,0.0002,-0.00035));
#4979=CARTESIAN_POINT('',(0.0019,0.0002,-0.00035));
#4980=CARTESIAN_POINT('',(0.0019,0.0002,-0.00055));
#4981=CARTESIAN_POINT('',(0.0019,0.0002,-0.00035));
#4982=CARTESIAN_POINT('',(0.0019,0.00506792,-0.00035));
#4983=CARTESIAN_POINT('',(0.0019,0.002,-0.00055));
#4984=CARTESIAN_POINT('',(0.,0.,-0.00055));
#4985=CARTESIAN_POINT('',(0.001629437972183,0.0002,-0.00055));
#4986=CARTESIAN_POINT('',(0.001629437972183,0.0002,-0.00055));
#4987=CARTESIAN_POINT('',(0.0019,0.0002,-0.00055));
#4988=CARTESIAN_POINT('',(0.001629437972183,0.0022,0.));
#4989=CARTESIAN_POINT('',(0.001629437972183,0.,-0.00035));
#4990=CARTESIAN_POINT('',(0.001629437972183,0.,-0.00035));
#4991=CARTESIAN_POINT('',(0.001629437972183,0.0002,-0.00035));
#4992=CARTESIAN_POINT('',(-0.003055297931035,0.0002,-0.00035));
#4993=CARTESIAN_POINT('',(0.001629437972183,0.,-0.00035));
#4994=CARTESIAN_POINT('',(0.,0.,0.));
#4995=CARTESIAN_POINT('',(-4.306098925382E-13,0.003549999995117,-0.00295));
#4996=CARTESIAN_POINT('',(0.,0.,0.00035));
#4997=CARTESIAN_POINT('',(-0.001575,0.000125,0.00035));
#4998=CARTESIAN_POINT('',(-0.001575,0.000125,0.00035));
#4999=CARTESIAN_POINT('',(-0.001575,-0.000125,0.00035));
#5000=CARTESIAN_POINT('',(-0.001425,0.000125,0.00035));
#5001=CARTESIAN_POINT('',(-0.001425,0.000275,0.00035));
#5002=CARTESIAN_POINT('',(0.001425000000001,0.000275,0.00035));
#5003=CARTESIAN_POINT('',(0.001425000000001,0.000275,0.00035));
#5004=CARTESIAN_POINT('',(0.001425,0.000125,0.00035));
#5005=CARTESIAN_POINT('',(0.001575,0.000125,0.00035));
#5006=CARTESIAN_POINT('',(0.001575,-0.000125,0.00035));
#5007=CARTESIAN_POINT('',(0.001575,-0.000125,0.00035));
#5008=CARTESIAN_POINT('',(0.001425,-0.000125,0.00035));
#5009=CARTESIAN_POINT('',(0.001425,-0.000275,0.00035));
#5010=CARTESIAN_POINT('',(-0.001425000000001,-0.000275,0.00035));
#5011=CARTESIAN_POINT('',(-0.001425000000001,-0.000275,0.00035));
#5012=CARTESIAN_POINT('',(-0.001425,-0.000125,0.00035));
#5013=CARTESIAN_POINT('',(0.001425,0.000125,-0.00058662));
#5014=CARTESIAN_POINT('',(0.001575,0.000125,0.00035));
#5015=CARTESIAN_POINT('',(0.001575,0.000125,0.00015));
#5016=CARTESIAN_POINT('',(0.001425000000001,0.000275,0.00015));
#5017=CARTESIAN_POINT('',(0.001425,0.000275,0.00015));
#5018=CARTESIAN_POINT('',(0.001425,0.000125,0.00015));
#5019=CARTESIAN_POINT('',(0.001575,0.000275,0.));
#5020=CARTESIAN_POINT('',(0.001575,-0.000125,0.00015));
#5021=CARTESIAN_POINT('',(0.001575,-0.000125,0.00015));
#5022=CARTESIAN_POINT('',(0.001575,0.000125,0.00015));
#5023=CARTESIAN_POINT('',(0.001425,-0.000125,-0.00058662));
#5024=CARTESIAN_POINT('',(0.001425,-0.000275,0.00035));
#5025=CARTESIAN_POINT('',(0.001425,-0.000275,0.00015));
#5026=CARTESIAN_POINT('',(0.001425,-0.000125,0.00015));
#5027=CARTESIAN_POINT('',(0.001575,-0.000275,0.));
#5028=CARTESIAN_POINT('',(-0.001425000000001,-0.000275,0.00015));
#5029=CARTESIAN_POINT('',(-0.001425,-0.000275,0.00015));
#5030=CARTESIAN_POINT('',(0.001425,-0.000275,0.00015));
#5031=CARTESIAN_POINT('',(-0.001425,-0.000125,-0.00058662));
#5032=CARTESIAN_POINT('',(-0.001575,-0.000125,0.00035));
#5033=CARTESIAN_POINT('',(-0.001575,-0.000125,0.00015));
#5034=CARTESIAN_POINT('',(-0.001425,-0.000125,0.00015));
#5035=CARTESIAN_POINT('',(-0.001575,-0.000275,0.));
#5036=CARTESIAN_POINT('',(-0.001575,0.000125,0.00015));
#5037=CARTESIAN_POINT('',(-0.001575,0.000125,0.00015));
#5038=CARTESIAN_POINT('',(-0.001575,-0.000125,0.00015));
#5039=CARTESIAN_POINT('',(-0.001425,0.000125,-0.00058662));
#5040=CARTESIAN_POINT('',(-0.001425,0.000275,0.00035));
#5041=CARTESIAN_POINT('',(-0.001425,0.000275,0.00015));
#5042=CARTESIAN_POINT('',(-0.001425,0.000125,0.00015));
#5043=CARTESIAN_POINT('',(-0.001575,0.000275,0.));
#5044=CARTESIAN_POINT('',(-0.001425,0.000275,0.00015));
#5045=CARTESIAN_POINT('',(0.0014523210947,0.000425,0.00015));
#5046=CARTESIAN_POINT('',(0.001425,0.000425,0.00015));
#5047=CARTESIAN_POINT('',(0.001425000000514,0.000425,0.));
#5048=CARTESIAN_POINT('',(-0.001425,0.000425,0.00015));
#5049=CARTESIAN_POINT('',(-0.001424999998459,0.000425,0.));
#5050=CARTESIAN_POINT('',(0.001425000000514,0.000425,0.));
#5051=CARTESIAN_POINT('',(0.001425,0.000125,0.00015));
#5052=CARTESIAN_POINT('',(0.001725,0.000125,0.00015));
#5053=CARTESIAN_POINT('',(0.001725,0.000124999998459,0.));
#5054=CARTESIAN_POINT('',(0.001425,0.000125,0.));
#5055=CARTESIAN_POINT('',(0.001725,-0.0001523210947,0.00015));
#5056=CARTESIAN_POINT('',(0.001725,-0.000125,0.00015));
#5057=CARTESIAN_POINT('',(0.001725,-0.000125000000514,0.));
#5058=CARTESIAN_POINT('',(0.001725,-0.000125000000514,0.));
#5059=CARTESIAN_POINT('',(0.001425,-0.000125,0.00015));
#5060=CARTESIAN_POINT('',(0.001425,-0.000425,0.00015));
#5061=CARTESIAN_POINT('',(0.001424999998459,-0.000425,0.));
#5062=CARTESIAN_POINT('',(0.001425,-0.000125,0.));
#5063=CARTESIAN_POINT('',(-0.0014523210947,-0.000425,0.00015));
#5064=CARTESIAN_POINT('',(-0.001425,-0.000425,0.00015));
#5065=CARTESIAN_POINT('',(-0.001425000000514,-0.000425,0.));
#5066=CARTESIAN_POINT('',(-0.001425000000514,-0.000425,0.));
#5067=CARTESIAN_POINT('',(-0.001425,-0.000125,0.00015));
#5068=CARTESIAN_POINT('',(-0.001725,-0.000125,0.00015));
#5069=CARTESIAN_POINT('',(-0.001725,-0.000124999998459,0.));
#5070=CARTESIAN_POINT('',(-0.001425,-0.000125,0.));
#5071=CARTESIAN_POINT('',(-0.001725,0.0001523210947,0.00015));
#5072=CARTESIAN_POINT('',(-0.001725,0.000125,0.00015));
#5073=CARTESIAN_POINT('',(-0.001725,0.000125000001541,0.));
#5074=CARTESIAN_POINT('',(-0.001725,0.000125000000514,0.));
#5075=CARTESIAN_POINT('',(-0.001425,0.000125,0.00015));
#5076=CARTESIAN_POINT('',(-0.001425,0.000125,0.));
#5077=CARTESIAN_POINT('',(0.,0.,0.00045));
#5078=CARTESIAN_POINT('',(-0.001474999999977,-0.000275,0.00045));
#5079=CARTESIAN_POINT('',(-0.001475000000001,-0.000275,0.00045));
#5080=CARTESIAN_POINT('',(0.001474999999999,-0.000275,0.00045));
#5081=CARTESIAN_POINT('',(0.001475,-0.000175000000001,0.00045));
#5082=CARTESIAN_POINT('',(0.001575,-0.000174999999942,0.000450000000001));
#5083=CARTESIAN_POINT('',(0.001575,-0.00017499999996,0.00045));
#5084=CARTESIAN_POINT('',(0.001575,0.000175,0.00045));
#5085=CARTESIAN_POINT('',(0.001475,0.000175,0.000450000000001));
#5086=CARTESIAN_POINT('',(0.001475000000001,0.000275,0.00045));
#5087=CARTESIAN_POINT('',(0.001474999999977,0.000275,0.00045));
#5088=CARTESIAN_POINT('',(-0.001474999999999,0.000275,0.00045));
#5089=CARTESIAN_POINT('',(-0.001475,0.000175000000001,0.00045));
#5090=CARTESIAN_POINT('',(-0.001575,0.000175000000001,0.000450000000001));
#5091=CARTESIAN_POINT('',(-0.001575,0.00017499999996,0.00045));
#5092=CARTESIAN_POINT('',(-0.001575,-0.000175,0.00045));
#5093=CARTESIAN_POINT('',(-0.001475,-0.000175,0.000450000000001));
#5094=CARTESIAN_POINT('',(0.001575,-0.0063126,0.0003));
#5095=CARTESIAN_POINT('',(0.001725,0.000175,0.000300000000001));
#5096=CARTESIAN_POINT('',(0.001725,0.000175,0.000300000000001));
#5097=CARTESIAN_POINT('',(0.001725,-0.000175,0.000300000000001));
#5098=CARTESIAN_POINT('',(0.001575,0.000175,0.0003));
#5099=CARTESIAN_POINT('',(0.001575000000001,-0.000175,0.000300000000001));
#5100=CARTESIAN_POINT('',(0.00147500000000023,0.000175000000001192,0.00030000000000088));
#5101=CARTESIAN_POINT('',(0.001474999999999,0.000175,0.000300000000001));
#5102=CARTESIAN_POINT('',(0.001475,0.000425,0.0003));
#5103=CARTESIAN_POINT('',(0.001475,0.000275,0.0003));
#5104=CARTESIAN_POINT('',(0.0178520516428,0.000275,0.0003));
#5105=CARTESIAN_POINT('',(-0.001474999999999,0.000425,0.000300000000001));
#5106=CARTESIAN_POINT('',(-0.001474999999999,0.000425,0.000300000000001));
#5107=CARTESIAN_POINT('',(-0.001474999999999,0.000275,0.0003));
#5108=CARTESIAN_POINT('',(-0.001475,0.000175000000001765,0.000300000000000763));
#5109=CARTESIAN_POINT('',(-0.001475,0.000175,0.000300000000001));
#5110=CARTESIAN_POINT('',(-0.001725,0.000175,0.000300000000001));
#5111=CARTESIAN_POINT('',(-0.001575000000001,0.000175,0.000300000000001));
#5112=CARTESIAN_POINT('',(-0.001575,0.0063126,0.0003));
#5113=CARTESIAN_POINT('',(-0.001725,-0.000175,0.000300000000001));
#5114=CARTESIAN_POINT('',(-0.001725,-0.000175,0.000300000000001));
#5115=CARTESIAN_POINT('',(-0.001575,-0.000175,0.0003));
#5116=CARTESIAN_POINT('',(-0.00147500000000023,-0.000175000000001192,0.00030000000000088));
#5117=CARTESIAN_POINT('',(-0.001474999999999,-0.000175,0.000300000000001));
#5118=CARTESIAN_POINT('',(-0.001475,-0.000425,0.0003));
#5119=CARTESIAN_POINT('',(-0.001475,-0.000275,0.0003));
#5120=CARTESIAN_POINT('',(-0.01783802438681,-0.000275,0.0003));
#5121=CARTESIAN_POINT('',(0.001474999999999,-0.000425,0.000300000000001));
#5122=CARTESIAN_POINT('',(0.001474999999999,-0.000425,0.000300000000001));
#5123=CARTESIAN_POINT('',(0.001474999999999,-0.000275,0.0003));
#5124=CARTESIAN_POINT('',(0.001475,-0.000175000000001765,0.000300000000000763));
#5125=CARTESIAN_POINT('',(0.001475,-0.000175,0.000300000000001));
#5126=CARTESIAN_POINT('',(0.001475,-0.000175,0.00103662));
#5127=CARTESIAN_POINT('',(0.001475,-0.000175,0.00015));
#5128=CARTESIAN_POINT('',(0.001475,-0.000425,0.00015));
#5129=CARTESIAN_POINT('',(0.001725,-0.000175,0.00015));
#5130=CARTESIAN_POINT('',(0.001725,-0.000175,0.000300000000001));
#5131=CARTESIAN_POINT('',(0.001475,-0.000425,0.00015));
#5132=CARTESIAN_POINT('',(0.001725,-0.000425,0.00015));
#5133=CARTESIAN_POINT('',(0.001725,0.000175,0.00015));
#5134=CARTESIAN_POINT('',(0.001725,0.000175,0.00015));
#5135=CARTESIAN_POINT('',(0.001725,0.000175,0.00015));
#5136=CARTESIAN_POINT('',(0.001475,0.000175,0.00103662));
#5137=CARTESIAN_POINT('',(0.001475,0.000175,0.00015));
#5138=CARTESIAN_POINT('',(0.001475,0.000425,0.00015));
#5139=CARTESIAN_POINT('',(0.001475,0.000425,0.0003));
#5140=CARTESIAN_POINT('',(0.001725,0.000425,0.00015));
#5141=CARTESIAN_POINT('',(-0.001475,0.000425,0.00015));
#5142=CARTESIAN_POINT('',(-0.001475,0.000425,0.00015));
#5143=CARTESIAN_POINT('',(-0.001475,0.000425,0.00015));
#5144=CARTESIAN_POINT('',(-0.001475,0.000175,0.00103662));
#5145=CARTESIAN_POINT('',(-0.001475,0.000175,0.00015));
#5146=CARTESIAN_POINT('',(-0.001725,0.000175,0.00015));
#5147=CARTESIAN_POINT('',(-0.001725,0.000175,0.000300000000001));
#5148=CARTESIAN_POINT('',(-0.001725,0.000425,0.00015));
#5149=CARTESIAN_POINT('',(-0.001725,-0.000175,0.00015));
#5150=CARTESIAN_POINT('',(-0.001725,-0.000175,0.00015));
#5151=CARTESIAN_POINT('',(-0.001725,-0.000175,0.00015));
#5152=CARTESIAN_POINT('',(-0.001475,-0.000175,0.00103662));
#5153=CARTESIAN_POINT('',(-0.001475,-0.000175,0.00015));
#5154=CARTESIAN_POINT('',(-0.001475,-0.000425,0.00015));
#5155=CARTESIAN_POINT('',(-0.001475,-0.000425,0.0003));
#5156=CARTESIAN_POINT('',(-0.001725,-0.000425,0.00015));
#5157=CARTESIAN_POINT('',(0.001475,-0.000425,0.00015));
#5158=CARTESIAN_POINT('',(0.,0.,0.00015));
#5159=CARTESIAN_POINT('',(-0.0045,-0.0015,0.00015));
#5160=CARTESIAN_POINT('',(-0.0045,-0.0015,0.00015));
#5161=CARTESIAN_POINT('',(-0.0026,-0.0015,0.00015));
#5162=CARTESIAN_POINT('',(-0.0026,-0.00175,0.00015));
#5163=CARTESIAN_POINT('',(-0.0026,-0.00175,0.00015));
#5164=CARTESIAN_POINT('',(0.0057,-0.00175,0.00015));
#5165=CARTESIAN_POINT('',(0.0057,-0.00175,0.00015));
#5166=CARTESIAN_POINT('',(0.0057,-0.00145,0.00015));
#5167=CARTESIAN_POINT('',(0.006,-0.00145,0.00015));
#5168=CARTESIAN_POINT('',(0.006,0.00145,0.00015));
#5169=CARTESIAN_POINT('',(0.006,0.00145,0.00015));
#5170=CARTESIAN_POINT('',(0.0057,0.00145,0.00015));
#5171=CARTESIAN_POINT('',(0.0057,0.00175,0.00015));
#5172=CARTESIAN_POINT('',(-0.0057,0.00175,0.00015));
#5173=CARTESIAN_POINT('',(-0.0057,0.00175,0.00015));
#5174=CARTESIAN_POINT('',(-0.0057,0.00145,0.00015));
#5175=CARTESIAN_POINT('',(-0.006,0.00145,0.00015));
#5176=CARTESIAN_POINT('',(-0.006,-0.00145,0.00015));
#5177=CARTESIAN_POINT('',(-0.006,-0.00145,0.00015));
#5178=CARTESIAN_POINT('',(-0.0057,-0.00145,0.00015));
#5179=CARTESIAN_POINT('',(-0.0057,-0.00175,0.00015));
#5180=CARTESIAN_POINT('',(-0.0045,-0.00175,0.00015));
#5181=CARTESIAN_POINT('',(-0.0045,-0.00175,0.00015));
#5182=CARTESIAN_POINT('',(-0.0045,-0.00175,0.00015));
#5183=CARTESIAN_POINT('',(-0.0045,-0.0015,0.));
#5184=CARTESIAN_POINT('',(-0.0026,-0.0015,0.));
#5185=CARTESIAN_POINT('',(-0.0026,-0.0015,0.));
#5186=CARTESIAN_POINT('',(-0.0045,-0.0015,0.));
#5187=CARTESIAN_POINT('',(-0.0045,-0.0015,0.));
#5188=CARTESIAN_POINT('',(-0.0045,-0.0015,0.));
#5189=CARTESIAN_POINT('',(-0.0026,-0.0015,0.));
#5190=CARTESIAN_POINT('',(-0.0026,-0.00175,0.));
#5191=CARTESIAN_POINT('',(-0.0026,-0.00175,0.));
#5192=CARTESIAN_POINT('',(-0.0026,-0.00175,0.));
#5193=CARTESIAN_POINT('',(-0.006,-0.00175,0.));
#5194=CARTESIAN_POINT('',(0.0057,-0.00175,0.));
#5195=CARTESIAN_POINT('',(0.0057,-0.00175,0.));
#5196=CARTESIAN_POINT('',(0.0057,-0.00175,0.));
#5197=CARTESIAN_POINT('',(0.0057,-0.00145,0.00103662));
#5198=CARTESIAN_POINT('',(0.006,-0.00145,0.00015));
#5199=CARTESIAN_POINT('',(0.006,-0.00145,0.));
#5200=CARTESIAN_POINT('',(0.0057,-0.00145,0.));
#5201=CARTESIAN_POINT('',(0.006,-0.00175,0.));
#5202=CARTESIAN_POINT('',(0.006,0.00145,0.));
#5203=CARTESIAN_POINT('',(0.006,0.00145,0.));
#5204=CARTESIAN_POINT('',(0.006,0.00145,0.));
#5205=CARTESIAN_POINT('',(0.0057,0.00145,0.00103662));
#5206=CARTESIAN_POINT('',(0.0057,0.00175,0.00015));
#5207=CARTESIAN_POINT('',(0.0057,0.00175,0.));
#5208=CARTESIAN_POINT('',(0.0057,0.00145,0.));
#5209=CARTESIAN_POINT('',(0.006,0.00175,0.));
#5210=CARTESIAN_POINT('',(-0.0057,0.00175,0.));
#5211=CARTESIAN_POINT('',(-0.0057,0.00175,0.));
#5212=CARTESIAN_POINT('',(-0.0057,0.00175,0.));
#5213=CARTESIAN_POINT('',(-0.0057,0.00145,0.00103662));
#5214=CARTESIAN_POINT('',(-0.006,0.00145,0.00015));
#5215=CARTESIAN_POINT('',(-0.006,0.00145,0.));
#5216=CARTESIAN_POINT('',(-0.0057,0.00145,0.));
#5217=CARTESIAN_POINT('',(-0.006,0.00175,0.));
#5218=CARTESIAN_POINT('',(-0.006,-0.00145,0.));
#5219=CARTESIAN_POINT('',(-0.006,-0.00145,0.));
#5220=CARTESIAN_POINT('',(-0.006,-0.00145,0.));
#5221=CARTESIAN_POINT('',(-0.0057,-0.00145,0.00103662));
#5222=CARTESIAN_POINT('',(-0.0057,-0.00175,0.00015));
#5223=CARTESIAN_POINT('',(-0.0057,-0.00175,0.));
#5224=CARTESIAN_POINT('',(-0.0057,-0.00145,0.));
#5225=CARTESIAN_POINT('',(-0.006,-0.00175,0.));
#5226=CARTESIAN_POINT('',(-0.0045,-0.00175,0.));
#5227=CARTESIAN_POINT('',(-0.0045,-0.00175,0.));
#5228=CARTESIAN_POINT('',(-0.0045,-0.00175,0.));
#5229=CARTESIAN_POINT('',(-0.0045,-0.00175,0.));
#5230=CARTESIAN_POINT('',(-0.0045,-0.00175,0.));
#5231=CARTESIAN_POINT('',(0.,0.,0.));
#5232=CARTESIAN_POINT('',(0.006,0.00175,0.00015));
#5233=CARTESIAN_POINT('',(0.,0.,0.00015));
#5234=CARTESIAN_POINT('',(-0.005480000001859,-0.00123000000126,0.00015));
#5235=CARTESIAN_POINT('',(-0.00548000000182882,-0.00163000000135986,0.00015));
#5236=CARTESIAN_POINT('',(-0.005880000001958,-0.001230000001314,0.00015));
#5237=CARTESIAN_POINT('',(-0.005120000000498,-0.00163000000136,0.00015));
#5238=CARTESIAN_POINT('',(-0.00512000000049843,-0.00163000000136,0.00015));
#5239=CARTESIAN_POINT('',(-0.005048585714994,-0.001700000001059,0.00015));
#5240=CARTESIAN_POINT('',(-0.005048585715067,-0.0016000000004,0.00015));
#5241=CARTESIAN_POINT('',(-0.003951414284881,-0.0016000000004,0.00015));
#5242=CARTESIAN_POINT('',(-0.003951414284881,-0.0016000000004,0.00015));
#5243=CARTESIAN_POINT('',(-0.003951414284939,-0.001700000001059,0.00015));
#5244=CARTESIAN_POINT('',(-0.003879999999435,-0.00163000000136,0.00015));
#5245=CARTESIAN_POINT('',(0.005480000000479,-0.00163000000136,0.00015));
#5246=CARTESIAN_POINT('',(0.005480000000479,-0.00163000000136,0.00015));
#5247=CARTESIAN_POINT('',(0.005480000000552,-0.00123000000126,0.00015));
#5248=CARTESIAN_POINT('',(0.005880000000651,-0.001230000001297,0.00015));
#5249=CARTESIAN_POINT('',(0.005880000000651,0.001229999998733,0.00015));
#5250=CARTESIAN_POINT('',(0.005880000000651,0.001229999998733,0.00015));
#5251=CARTESIAN_POINT('',(0.005480000000552,0.001229999998721,0.00015));
#5252=CARTESIAN_POINT('',(0.00548000016508575,0.00162999999871829,0.00015));
#5253=CARTESIAN_POINT('',(0.00512000000118,0.001629999998503,0.00015));
#5254=CARTESIAN_POINT('',(0.00512000000134066,0.001629999998503,0.00015));
#5255=CARTESIAN_POINT('',(0.005048585716981,0.001699999999288,0.00015));
#5256=CARTESIAN_POINT('',(0.00504851441150629,0.00160000003676069,0.00015));
#5257=CARTESIAN_POINT('',(0.005048585713199,0.001599999998629,0.00015));
#5258=CARTESIAN_POINT('',(0.00415122466820904,0.00160063986642174,0.00015));
#5259=CARTESIAN_POINT('',(0.00415129597369281,0.00170063984165938,0.00015));
#5260=CARTESIAN_POINT('',(0.00408051453025146,0.00162999999882,0.00015));
#5261=CARTESIAN_POINT('',(-0.005480000001908,0.00162999999882,0.00015));
#5262=CARTESIAN_POINT('',(-0.005480000001908,0.00162999999882,0.00015));
#5263=CARTESIAN_POINT('',(-0.005480000001859,0.001229999998721,0.00015));
#5264=CARTESIAN_POINT('',(-0.005880000001958,0.00122999999879,0.00015));
#5265=CARTESIAN_POINT('',(-0.005880000001958,-0.001230000001314,0.00015));
#5266=CARTESIAN_POINT('',(-0.005480000001859,0.001229999998721,0.00385));
#5267=CARTESIAN_POINT('',(-0.005880000001958,0.00122999999879,0.00015));
#5268=CARTESIAN_POINT('',(-0.005880000001958,0.001229999998802,0.00385));
#5269=CARTESIAN_POINT('',(-0.005480000001914,0.00162999999882,0.00385));
#5270=CARTESIAN_POINT('',(-0.005480000001914,0.00162999999882,0.00385));
#5271=CARTESIAN_POINT('',(-0.005480000001859,0.001229999998721,0.00385));
#5272=CARTESIAN_POINT('',(-0.005880000001958,0.001229999998721,0.00385));
#5273=CARTESIAN_POINT('',(-0.005880000001958,-0.00123000000132,0.00385));
#5274=CARTESIAN_POINT('',(-0.005880000001958,-0.00123000000132,0.00385));
#5275=CARTESIAN_POINT('',(-0.005880000001958,-0.00123000000132,0.00385));
#5276=CARTESIAN_POINT('',(-0.005480000001859,-0.00123000000126,0.00385));
#5277=CARTESIAN_POINT('',(-0.005480000001768,-0.00163000000136,0.00015));
#5278=CARTESIAN_POINT('',(-0.00548000000182921,-0.00163000000135986,0.00385));
#5279=CARTESIAN_POINT('',(-0.005480000001859,-0.00123000000126,0.00385));
#5280=CARTESIAN_POINT('',(-0.003879999999436,-0.00163000000136,0.00385));
#5281=CARTESIAN_POINT('',(-0.005120000000498,-0.00163000000136,0.00385));
#5282=CARTESIAN_POINT('',(-0.00512000000049843,-0.00163000000136,0.00385));
#5283=CARTESIAN_POINT('',(-0.005120000000498,-0.00163000000136,0.00385));
#5284=CARTESIAN_POINT('',(-0.005048585714994,-0.001700000001059,0.00385));
#5285=CARTESIAN_POINT('',(-0.005048585715067,-0.0016000000004,0.00015));
#5286=CARTESIAN_POINT('',(-0.005048585715078,-0.0016000000004,0.00385));
#5287=CARTESIAN_POINT('',(-0.005048585714994,-0.001700000001059,0.00385));
#5288=CARTESIAN_POINT('',(-0.005048585714994,-0.0016000000004,0.00385));
#5289=CARTESIAN_POINT('',(-0.003951414284874,-0.0016000000004,0.00385));
#5290=CARTESIAN_POINT('',(-0.003951414284874,-0.0016000000004,0.00385));
#5291=CARTESIAN_POINT('',(-0.003951414284874,-0.0016000000004,0.00385));
#5292=CARTESIAN_POINT('',(-0.003951414284939,-0.001700000001059,0.00385));
#5293=CARTESIAN_POINT('',(-0.003879999999435,-0.00163000000136,0.00015));
#5294=CARTESIAN_POINT('',(-0.003879999999435,-0.00163000000136,0.00385));
#5295=CARTESIAN_POINT('',(-0.003951414284939,-0.001700000001059,0.00385));
#5296=CARTESIAN_POINT('',(-0.003879999999436,-0.00163000000136,0.00385));
#5297=CARTESIAN_POINT('',(0.005480000000469,-0.00163000000136,0.00385));
#5298=CARTESIAN_POINT('',(0.005480000000469,-0.00163000000136,0.00385));
#5299=CARTESIAN_POINT('',(0.005480000000469,-0.00163000000136,0.00385));
#5300=CARTESIAN_POINT('',(0.005480000000552,-0.00123000000126,0.00385));
#5301=CARTESIAN_POINT('',(0.005880000000651,-0.001230000001297,0.00015));
#5302=CARTESIAN_POINT('',(0.005880000000651,-0.001230000001344,0.00385));
#5303=CARTESIAN_POINT('',(0.005480000000552,-0.00123000000126,0.00385));
#5304=CARTESIAN_POINT('',(0.005880000000651,-0.00123000000126,0.00385));
#5305=CARTESIAN_POINT('',(0.005880000000651,0.001229999998753,0.00385));
#5306=CARTESIAN_POINT('',(0.005880000000651,0.001229999998753,0.00385));
#5307=CARTESIAN_POINT('',(0.005880000000651,0.001229999998753,0.00385));
#5308=CARTESIAN_POINT('',(0.005480000000552,0.001229999998721,0.00385));
#5309=CARTESIAN_POINT('',(0.005480000494632,0.001629999998718,0.00015));
#5310=CARTESIAN_POINT('',(0.00548000016508614,0.00162999999871829,0.00385));
#5311=CARTESIAN_POINT('',(0.005480000000552,0.001229999998721,0.00385));
#5312=CARTESIAN_POINT('',(0.0040798812327,0.00162999999882,0.00385));
#5313=CARTESIAN_POINT('',(0.005120000001158,0.001629999998503,0.00385));
#5314=CARTESIAN_POINT('',(0.00512000000133344,0.001629999998503,0.00385));
#5315=CARTESIAN_POINT('',(0.005120000001158,0.001629999998503,0.00385));
#5316=CARTESIAN_POINT('',(0.005048585716981,0.001699999999288,0.00385));
#5317=CARTESIAN_POINT('',(0.00504851441150629,0.00160000003676069,0.00385));
#5318=CARTESIAN_POINT('',(0.00504851441150629,0.00160000003676069,0.00385));
#5319=CARTESIAN_POINT('',(0.005048585716981,0.001699999999288,0.00385));
#5320=CARTESIAN_POINT('',(0.005048585713199,0.001599999998629,0.00385));
#5321=CARTESIAN_POINT('',(0.00415122466820904,0.00160063986642174,0.00385));
#5322=CARTESIAN_POINT('',(0.00415122466820904,0.00160063986642174,0.00385));
#5323=CARTESIAN_POINT('',(0.005048585713199,0.001599999998629,0.00385));
#5324=CARTESIAN_POINT('',(0.00415129597369281,0.00170063984165938,0.00385));
#5325=CARTESIAN_POINT('',(0.00408051453025137,0.00162999999882,0.00015));
#5326=CARTESIAN_POINT('',(0.00408051453025146,0.00162999999882,0.00385));
#5327=CARTESIAN_POINT('',(0.00415129597369281,0.00170063984165938,0.00385));
#5328=CARTESIAN_POINT('',(-0.004500000001958,0.00174999999758,0.00385));
#5329=CARTESIAN_POINT('',(-0.004500000001958,0.00162999999882,0.0036));
#5330=CARTESIAN_POINT('',(-0.004500000001958,0.00162999999882,0.0036));
#5331=CARTESIAN_POINT('',(-0.004500000001958,0.00162999999882,0.00385));
#5332=CARTESIAN_POINT('',(-0.004500000001958,0.00162999999882,0.0036));
#5333=CARTESIAN_POINT('',(-0.004500000001958,0.001749999995905,0.0036));
#5334=CARTESIAN_POINT('',(-0.004500000001958,0.00174999999758024,0.00385));
#5335=CARTESIAN_POINT('',(-0.004500000001958,0.00174999999586081,0.00385));
#5336=CARTESIAN_POINT('',(-0.004500000001958,0.00162999999882,0.00385));
#5337=CARTESIAN_POINT('',(-0.003928585719673,-0.00175000000012,0.));
#5338=CARTESIAN_POINT('',(-0.005071414286071,-0.00175000000012,0.000160000000004));
#5339=CARTESIAN_POINT('',(-0.00507141428607101,-0.00175000000011997,0.000160000000004093));
#5340=CARTESIAN_POINT('',(-0.0050714142860717,-0.00175000000012004,0.00385));
#5341=CARTESIAN_POINT('',(-0.005071414286071,-0.00175000000012,0.00385));
#5342=CARTESIAN_POINT('',(-0.0057000000012093,-0.00175000000012007,0.00385));
#5343=CARTESIAN_POINT('',(-0.005700000001208,-0.00175000000012,0.00385));
#5344=CARTESIAN_POINT('',(-0.00570000000120898,-0.00175000000012,0.000160000000004));
#5345=CARTESIAN_POINT('',(-0.005700000001209,-0.00175000000012,0.000160000000004));
#5346=CARTESIAN_POINT('',(-0.005000000001315,-0.001820000000582,0.));
#5347=CARTESIAN_POINT('',(-0.005000000001378,-0.001719999999922,0.00385));
#5348=CARTESIAN_POINT('',(-0.005000000001378,-0.001719999999922,0.00385));
#5349=CARTESIAN_POINT('',(-0.005000000001425,-0.001719999999929,6.672620922514E-5));
#5350=CARTESIAN_POINT('',(-0.005000000001315,-0.001820000000582,0.00385));
#5351=CARTESIAN_POINT('',(-0.005000000001425,-0.001719999999929,6.672620922514E-5));
#5352=CARTESIAN_POINT('',(-0.005004037673733,-0.001719999999932,6.672620923042E-5));
#5353=CARTESIAN_POINT('',(-0.005012047632609,-0.001720489680658,6.740349138036E-5));
#5354=CARTESIAN_POINT('',(-0.005023709416993,-0.001722613643378,7.043696680708E-5));
#5355=CARTESIAN_POINT('',(-0.00503483096514,-0.001726032158874,7.565839652697E-5));
#5356=CARTESIAN_POINT('',(-0.005044955878948,-0.001730460675219,8.316429049172E-5));
#5357=CARTESIAN_POINT('',(-0.005053932470163,-0.001735598295679,9.325992505491E-5));
#5358=CARTESIAN_POINT('',(-0.005061430701755,-0.001740943621701,0.000106205810918));
#5359=CARTESIAN_POINT('',(-0.005067108237233,-0.001745775101888,0.000122061694186));
#5360=CARTESIAN_POINT('',(-0.005070614841233,-0.001749170803735,0.000140358432075));
#5361=CARTESIAN_POINT('',(-0.005071414286071,-0.00175000000012,0.000153281640145));
#5362=CARTESIAN_POINT('',(-0.005071414286071,-0.00175000000012,0.000160000000004));
#5363=CARTESIAN_POINT('',(-0.005000000001315,-0.001719999999922,0.));
#5364=CARTESIAN_POINT('',(-0.004000000001135,-0.001719999999929,6.672620923133E-5));
#5365=CARTESIAN_POINT('',(-0.0040000000027825,-0.001719999999929,6.67262092171155E-5));
#5366=CARTESIAN_POINT('',(-0.004000000000837,-0.001719999999922,0.00385));
#5367=CARTESIAN_POINT('',(-0.004000000001018,-0.001719999999922,0.00385));
#5368=CARTESIAN_POINT('',(-0.005000000001425,-0.001719999999929,6.672620922514E-5));
#5369=CARTESIAN_POINT('',(-0.00400000000443,-0.001820000000582,0.));
#5370=CARTESIAN_POINT('',(-0.003928585719673,-0.00175000000012,0.00385));
#5371=CARTESIAN_POINT('',(-0.003928585719673,-0.00175000000012,0.00385));
#5372=CARTESIAN_POINT('',(-0.00392858571967309,-0.00175000000012,0.0001600000000005));
#5373=CARTESIAN_POINT('',(-0.00400000000443,-0.001820000000582,0.00385));
#5374=CARTESIAN_POINT('',(-0.00392858571967324,-0.00175000000012,0.000160000000001));
#5375=CARTESIAN_POINT('',(-0.00392858571967296,-0.00175000000012029,0.000114246329776168));
#5376=CARTESIAN_POINT('',(-0.00395389524229867,-0.00172000000144115,6.67262113104621E-5));
#5377=CARTESIAN_POINT('',(-0.004000000001135,-0.001719999999922,6.67262091931501E-5));
#5378=CARTESIAN_POINT('',(-0.003928585719673,-0.00175000000012,0.));
#5379=CARTESIAN_POINT('',(0.005699999996444,-0.00175000000012,0.000160000000001));
#5380=CARTESIAN_POINT('',(0.005699999996444,-0.00175000000012,0.000160000000001));
#5381=CARTESIAN_POINT('',(0.005699999996444,-0.00175000000012,0.00385));
#5382=CARTESIAN_POINT('',(0.005699999996444,-0.00175000000012,0.00385));
#5383=CARTESIAN_POINT('',(-0.003928585719673,-0.00175000000012,0.000160000000001));
#5384=CARTESIAN_POINT('',(0.005699999996444,-0.00145000000068,0.));
#5385=CARTESIAN_POINT('',(0.005999999995884,-0.00145000000068,0.00385));
#5386=CARTESIAN_POINT('',(0.005999999995884,-0.00145000000068,0.00385));
#5387=CARTESIAN_POINT('',(0.005999999995884,-0.00145000000068,0.000160000000001));
#5388=CARTESIAN_POINT('',(0.005699999996444,-0.00145000000068,0.00385));
#5389=CARTESIAN_POINT('',(0.005699999996444,-0.001450000000678,0.000160000000002));
#5390=CARTESIAN_POINT('',(0.005999999995884,-0.00145000000068,0.));
#5391=CARTESIAN_POINT('',(0.005999999995884,0.001449999998141,0.000160000000001));
#5392=CARTESIAN_POINT('',(0.005999999995885,0.001449999998142,0.000160000000001));
#5393=CARTESIAN_POINT('',(0.005999999995884,0.00144999999814,0.00385));
#5394=CARTESIAN_POINT('',(0.005999999995884,0.00144999999814,0.00385));
#5395=CARTESIAN_POINT('',(0.005999999995884,-0.00145000000068,0.00016));
#5396=CARTESIAN_POINT('',(0.005699999996444,0.00144999999814,0.));
#5397=CARTESIAN_POINT('',(0.005699999945753,0.001749999997842,0.00385));
#5398=CARTESIAN_POINT('',(0.0056999999713482,0.0017499999977113,0.00385));
#5399=CARTESIAN_POINT('',(0.00569999998949874,0.00174999999757936,0.000159999999398714));
#5400=CARTESIAN_POINT('',(0.005699999996444,0.00144999999814,0.00385));
#5401=CARTESIAN_POINT('',(0.005699999996444,0.001449999998138,0.00016));
#5402=CARTESIAN_POINT('',(0.004128466949666,0.00174999999758024,0.));
#5403=CARTESIAN_POINT('',(0.00507141428130521,0.00174999999758024,0.));
#5404=CARTESIAN_POINT('',(0.00507141428261399,0.00174999999921908,0.000160000590631668));
#5405=CARTESIAN_POINT('',(0.00507141428252977,0.0017499999988889,0.00385));
#5406=CARTESIAN_POINT('',(0.005071414282413,0.001749999998889,0.00385));
#5407=CARTESIAN_POINT('',(-0.0206299331801638,0.00175000000567926,0.00016));
#5408=CARTESIAN_POINT('',(0.004999999998291,0.00181999999982,0.));
#5409=CARTESIAN_POINT('',(0.004999999993869,0.00171999999916,0.00385));
#5410=CARTESIAN_POINT('',(0.004999999993869,0.00171999999916,0.00385));
#5411=CARTESIAN_POINT('',(0.00500000284537819,0.0017199999987849,6.67262074490259E-5));
#5412=CARTESIAN_POINT('',(0.004999999998291,0.00181999999982,0.00385));
#5413=CARTESIAN_POINT('',(0.004999999989216,0.001719999998785,6.672620744902E-5));
#5414=CARTESIAN_POINT('',(0.0050040376607,0.001719999998517,6.672620709163E-5));
#5415=CARTESIAN_POINT('',(0.005012047622194,0.001720489679023,6.740349037118E-5));
#5416=CARTESIAN_POINT('',(0.005023709406937,0.001722613640867,7.043696392237E-5));
#5417=CARTESIAN_POINT('',(0.005034830956524,0.001726032155988,7.565839298858E-5));
#5418=CARTESIAN_POINT('',(0.005044955871532,0.001730460672212,8.316428626175E-5));
#5419=CARTESIAN_POINT('',(0.005053932463913,0.001735598292812,9.32599203795E-5));
#5420=CARTESIAN_POINT('',(0.005061430696636,0.001740943619263,0.00010620580607));
#5421=CARTESIAN_POINT('',(0.005067108233028,0.00174577510006,0.000122061689815));
#5422=CARTESIAN_POINT('',(0.005070614837993,0.001749170802609,0.000140358427954));
#5423=CARTESIAN_POINT('',(0.005071414282548,0.001749999999152,0.00015328163816));
#5424=CARTESIAN_POINT('',(0.005071414282614,0.001749999999219,0.000159999997391));
#5425=CARTESIAN_POINT('',(0.004999999998291,0.00171999999916,0.));
#5426=CARTESIAN_POINT('',(0.00419988122575,0.001719999999539,6.67262071832E-5));
#5427=CARTESIAN_POINT('',(0.004199881230086,0.0017199999993495,6.67261893590639E-5));
#5428=CARTESIAN_POINT('',(0.004199881234422,0.00171999999916,0.00385));
#5429=CARTESIAN_POINT('',(0.004199881229823,0.00171999999916,0.00385));
#5430=CARTESIAN_POINT('',(-0.0206299331801638,0.00171999999916,6.67261890949489E-5));
#5431=CARTESIAN_POINT('',(0.004199881234422,0.00181999999982,0.));
#5432=CARTESIAN_POINT('',(0.00412846695140779,0.00174999999758024,0.));
#5433=CARTESIAN_POINT('',(0.00412846695019812,0.00174999999885945,0.00385));
#5434=CARTESIAN_POINT('',(0.00412846694346917,0.00175000000567926,0.000159999986529998));
#5435=CARTESIAN_POINT('',(0.004199881234422,0.00181999999982,0.00385));
#5436=CARTESIAN_POINT('',(0.00412846693293117,0.00175000000759053,0.000159999973059996));
#5437=CARTESIAN_POINT('',(0.00412846694048238,0.00174999999988675,0.000114246303105289));
#5438=CARTESIAN_POINT('',(0.00415377646665856,0.00172000000295725,6.67261943873513E-5));
#5439=CARTESIAN_POINT('',(0.00419988122618587,0.00171999999916,6.67261890949497E-5));
#5440=CARTESIAN_POINT('',(0.004128466949666,0.00174999999758024,0.));
#5441=CARTESIAN_POINT('',(-0.00570000000121,0.00174999999758012,0.));
#5442=CARTESIAN_POINT('',(-0.005700000041172,0.00175000000750903,0.0001599999746342));
#5443=CARTESIAN_POINT('',(-0.00570000002364871,0.001749999996917,0.00385));
#5444=CARTESIAN_POINT('',(0.004128466949666,0.00174999999758024,0.00385));
#5445=CARTESIAN_POINT('',(0.004128466949666,0.00174999999758024,0.0036));
#5446=CARTESIAN_POINT('',(-0.002600000001958,0.0017499999964739,0.0036));
#5447=CARTESIAN_POINT('',(-0.002600000001958,0.001749999996474,0.0036));
#5448=CARTESIAN_POINT('',(-0.002600000001958,0.00174999999706611,0.00385));
#5449=CARTESIAN_POINT('',(-0.002600000001958,0.001749999997066,0.00385));
#5450=CARTESIAN_POINT('',(-0.0206299331801638,0.00175000000567926,0.00016));
#5451=CARTESIAN_POINT('',(0.,0.,0.0036));
#5452=CARTESIAN_POINT('',(-0.004500000001958,0.00162999999882,0.0036));
#5453=CARTESIAN_POINT('',(-0.002600000001958,0.00162999999882,0.0036));
#5454=CARTESIAN_POINT('',(-0.002600000001958,0.001749999996474,0.0036));
#5455=CARTESIAN_POINT('',(0.0040798812327,0.00162999999882,0.00385));
#5456=CARTESIAN_POINT('',(-0.005480000001914,0.00162999999882,0.00385));
#5457=CARTESIAN_POINT('',(-0.002600000001958,0.00162999999882,0.00385));
#5458=CARTESIAN_POINT('',(-0.002600000001958,0.00162999999882,0.00385));
#5459=CARTESIAN_POINT('',(-0.002600000001958,0.00162999999882,0.0036));
#5460=CARTESIAN_POINT('',(-0.002600000001958,0.00162999999882,0.00385));
#5461=CARTESIAN_POINT('',(-0.002600000001958,0.00162999999882,0.00385));
#5462=CARTESIAN_POINT('',(0.,0.,0.00385));
#5463=CARTESIAN_POINT('',(-0.00570000000121,0.00144999999814,0.00385));
#5464=CARTESIAN_POINT('',(-0.00600000000065,0.001449999998139,0.00385));
#5465=CARTESIAN_POINT('',(-0.00600000000065,-0.001450000000677,0.00385));
#5466=CARTESIAN_POINT('',(-0.00600000000065,-0.001450000000677,0.00385));
#5467=CARTESIAN_POINT('',(-0.00570000000121,-0.00145000000068,0.00385));
#5468=CARTESIAN_POINT('',(-0.00570000000121,-0.00145000000068,0.));
#5469=CARTESIAN_POINT('',(-0.0056809540285109,-0.00129300388610186,0.000133890449503099));
#5470=CARTESIAN_POINT('',(-0.005713661506805,-0.001749688777462,0.00015));
#5471=CARTESIAN_POINT('',(-0.00600000000065,-0.001450000000678,0.000149999999998));
#5472=CARTESIAN_POINT('',(-0.00600000000065,-0.001450000000679,0.00015));
#5473=CARTESIAN_POINT('',(-0.005700000001209,-0.001450000000679,0.000150000000001));
#5474=CARTESIAN_POINT('',(0.005728569121753,-0.00159000000012,0.00016));
#5475=CARTESIAN_POINT('',(-0.005713661472303,-0.001749688252346,0.000150000032981));
#5476=CARTESIAN_POINT('',(-0.005715678997472,-0.001749596282397,0.000148531376073));
#5477=CARTESIAN_POINT('',(-0.005719558540265,-0.001749338957053,0.000145059499303));
#5478=CARTESIAN_POINT('',(-0.005724987652024,-0.001748570678374,0.000138224187491));
#5479=CARTESIAN_POINT('',(-0.005729969142483,-0.001747275095913,0.000130152352615));
#5480=CARTESIAN_POINT('',(-0.005734663486874,-0.00174521520468,0.000120707294741));
#5481=CARTESIAN_POINT('',(-0.005739014610991,-0.001742161939954,0.000110067201095));
#5482=CARTESIAN_POINT('',(-0.005743058623368,-0.001737788531044,9.820576313745E-5));
#5483=CARTESIAN_POINT('',(-0.005746749496163,-0.001731747947866,8.527416986465E-5));
#5484=CARTESIAN_POINT('',(-0.005750082889225,-0.00172352385954,7.127568884465E-5));
#5485=CARTESIAN_POINT('',(-0.005752987674376,-0.001712417950776,5.635124977793E-5));
#5486=CARTESIAN_POINT('',(-0.00575528808985,-0.001697979311292,4.123960771114E-5));
#5487=CARTESIAN_POINT('',(-0.005756808046723,-0.001679827712663,2.689389616111E-5));
#5488=CARTESIAN_POINT('',(-0.005757380845377,-0.001659212290702,1.509114539262E-5));
#5489=CARTESIAN_POINT('',(-0.00575706069052,-0.001636988169809,6.438324242125E-6));
#5490=CARTESIAN_POINT('',(-0.005755911000947,-0.001613759896334,1.178858634193E-6));
#5491=CARTESIAN_POINT('',(-0.005754621826022,-0.001597920023481,8.602768937445E-14));
#5492=CARTESIAN_POINT('',(-0.005753851633551,-0.001590000002382,9.316616922384E-14));
#5493=CARTESIAN_POINT('',(-0.005753851642167,-0.001590000002816,2.794985065518E-13));
#5494=CARTESIAN_POINT('',(0.005699974874292,-0.001589999999025,0.));
#5495=CARTESIAN_POINT('',(0.005699974874292,-0.001589999999025,0.));
#5496=CARTESIAN_POINT('',(0.005699999996444,-0.00159000000012,0.00016));
#5497=CARTESIAN_POINT('',(0.00569999999644354,-0.00145000000067773,0.000160000000002716));
#5498=CARTESIAN_POINT('',(0.005839999995884,-0.00145000000068,0.00016));
#5499=CARTESIAN_POINT('',(0.005839999990826,-0.001450037638407,3.256252967795E-16));
#5500=CARTESIAN_POINT('',(0.005699999996443,-0.001450000000676,1.285749284818E-15));
#5501=CARTESIAN_POINT('',(0.005839999995884,0.001478569123448,0.00016));
#5502=CARTESIAN_POINT('',(0.005839999995885,0.00144999999814,0.000160000000001));
#5503=CARTESIAN_POINT('',(0.005839999995465,0.001450000051377,1.639984444542E-16));
#5504=CARTESIAN_POINT('',(0.005839999995465,0.001450000051377,1.639984444542E-16));
#5505=CARTESIAN_POINT('',(0.0056999999964444,0.00144999999813737,0.000159999999999));
#5506=CARTESIAN_POINT('',(0.005699999996839,0.001589999997579,0.00016));
#5507=CARTESIAN_POINT('',(0.00569999994140576,0.00159000000075808,-1.36223628573694E-16));
#5508=CARTESIAN_POINT('',(0.005699999996445,0.001449999998138,-5.068723218926E-16));
#5509=CARTESIAN_POINT('',(-0.0206299331801638,0.00159000001377828,0.00016));
#5510=CARTESIAN_POINT('',(-0.005753851601086,0.001590000019,9.312205636232E-14));
#5511=CARTESIAN_POINT('',(-0.005754621637762,0.001597918452279,8.59313546073E-14));
#5512=CARTESIAN_POINT('',(-0.005755910888989,0.001613758431401,1.178121976767E-6));
#5513=CARTESIAN_POINT('',(-0.005757061310166,0.001637003693937,6.442078504217E-6));
#5514=CARTESIAN_POINT('',(-0.005757380603093,0.001659237257541,1.510300986979E-5));
#5515=CARTESIAN_POINT('',(-0.005756806893874,0.00167984611408,2.69064980094E-5));
#5516=CARTESIAN_POINT('',(-0.005755285859813,0.001697997879166,4.125617068974E-5));
#5517=CARTESIAN_POINT('',(-0.0057529839809,0.00171243514549,5.637167748717E-5));
#5518=CARTESIAN_POINT('',(-0.005750078794737,0.001723535548329,7.12936267828E-5));
#5519=CARTESIAN_POINT('',(-0.005746745232682,0.001731756222706,8.528985222891E-5));
#5520=CARTESIAN_POINT('',(-0.005743053276404,0.00173779534548,9.822217351872E-5));
#5521=CARTESIAN_POINT('',(-0.005739009666723,0.001742166035618,0.00011007979063));
#5522=CARTESIAN_POINT('',(-0.005734657827877,0.001745218111976,0.00012071910679));
#5523=CARTESIAN_POINT('',(-0.005729967062585,0.001747275390485,0.000130154715674));
#5524=CARTESIAN_POINT('',(-0.005724989755762,0.001748570216517,0.000138220924072));
#5525=CARTESIAN_POINT('',(-0.005719559261846,0.001749338825483,0.000145056758545));
#5526=CARTESIAN_POINT('',(-0.005715682123414,0.001749596175839,0.000148531147092));
#5527=CARTESIAN_POINT('',(-0.005713664775523,0.001749688159989,0.000150000029172));
#5528=CARTESIAN_POINT('',(-0.00575385159601735,0.001590000019,1.55203423922027E-13));
#5529=CARTESIAN_POINT('',(-0.00571366478258955,0.00174968831496854,0.000150000019447081));
#5530=CARTESIAN_POINT('',(-0.00568552289250534,0.00129199376218659,0.000140158982380944));
#5531=CARTESIAN_POINT('',(-0.005753851601086,0.001590000019,9.312205636232E-14));
#5532=CARTESIAN_POINT('',(-0.00570000000121279,0.00144999999813973,0.000150000000001245));
#5533=CARTESIAN_POINT('',(-0.00570000000121,0.001449999998138,2.818889011102E-13));
#5534=CARTESIAN_POINT('',(-0.005850000000649,0.001449999979499,2.794659549778E-13));
#5535=CARTESIAN_POINT('',(-0.005850000000931,0.001449999998141,0.000149999999998));
#5536=CARTESIAN_POINT('',(-0.00600000000065,0.001449999998139,0.000149999999997));
#5537=CARTESIAN_POINT('',(-0.005700000001212,0.00144999999814,0.000150000000001));
#5538=CARTESIAN_POINT('',(-0.00570000000121,0.00144999999814,0.));
#5539=CARTESIAN_POINT('',(-0.00600000000065,0.001449999998139,0.00385));
#5540=CARTESIAN_POINT('',(-0.00600000000065,0.00144999999814,0.));
#5541=CARTESIAN_POINT('',(-0.00600000000065,0.001449999998139,0.000149999999997));
#5542=CARTESIAN_POINT('',(-0.00585000000065,0.001471081165593,0.00015));
#5543=CARTESIAN_POINT('',(-0.005850000000742,-0.001449999992488,9.278483537045E-14));
#5544=CARTESIAN_POINT('',(-0.005850000000648,-0.001449999987928,2.783545134448E-13));
#5545=CARTESIAN_POINT('',(-0.005850000000929,-0.001450000000679,0.000149999999999));
#5546=CARTESIAN_POINT('',(-0.00570000000120932,-0.00145000000067974,0.000150000000001526));
#5547=CARTESIAN_POINT('',(-0.005700000001206,-0.001450000000679,2.808041299485E-13));
#5548=CARTESIAN_POINT('',(0.,0.,0.));
#5549=CARTESIAN_POINT('',(0.00600000000065,0.00175000000012,-0.00385));
#5550=CARTESIAN_POINT('',(0.,0.,0.));
#5551=CARTESIAN_POINT('',(0.,0.,0.));
#5552=CARTESIAN_POINT('',(0.,0.,0.));
#5553=CARTESIAN_POINT('',(0.,0.,0.));
#5554=CARTESIAN_POINT('',(0.,0.,0.));
#5555=CARTESIAN_POINT('',(0.,0.,0.));
#5556=MECHANICAL_DESIGN_GEOMETRIC_PRESENTATION_REPRESENTATION('',(#3161,
#3162,#3163,#3164,#3165,#34,#35,#3166,#3167,#3168),#5557);
#5557=(
GEOMETRIC_REPRESENTATION_CONTEXT(3)
GLOBAL_UNCERTAINTY_ASSIGNED_CONTEXT((#5572))
GLOBAL_UNIT_ASSIGNED_CONTEXT((#5589,#5588,#5587))
REPRESENTATION_CONTEXT('VLV041235L-L20-1S03UBB_ASM',
'TOP_LEVEL_ASSEMBLY_PART')
);
#5558=(
GEOMETRIC_REPRESENTATION_CONTEXT(3)
GLOBAL_UNCERTAINTY_ASSIGNED_CONTEXT((#5573))
GLOBAL_UNIT_ASSIGNED_CONTEXT((#5589,#5588,#5587))
REPRESENTATION_CONTEXT('VLV041235L-L20-1S03UBB_-8592_ASM <1>',
'COMPONENT_PART')
);
#5559=(
GEOMETRIC_REPRESENTATION_CONTEXT(3)
GLOBAL_UNCERTAINTY_ASSIGNED_CONTEXT((#5574))
GLOBAL_UNIT_ASSIGNED_CONTEXT((#5589,#5588,#5587))
REPRESENTATION_CONTEXT('ASM0007_ASM_1_1_ASM_1_ASM_1_ASM_ASM <1>',
'COMPONENT_PART')
);
#5560=(
GEOMETRIC_REPRESENTATION_CONTEXT(3)
GLOBAL_UNCERTAINTY_ASSIGNED_CONTEXT((#5575))
GLOBAL_UNIT_ASSIGNED_CONTEXT((#5589,#5588,#5587))
REPRESENTATION_CONTEXT('XX21_1_1_1_1','COMPONENT_PART')
);
#5561=(
GEOMETRIC_REPRESENTATION_CONTEXT(3)
GLOBAL_UNCERTAINTY_ASSIGNED_CONTEXT((#5576))
GLOBAL_UNIT_ASSIGNED_CONTEXT((#5589,#5588,#5587))
REPRESENTATION_CONTEXT('TESA-4982_4_1_1_1_1','COMPONENT_PART')
);
#5562=(
GEOMETRIC_REPRESENTATION_CONTEXT(3)
GLOBAL_UNCERTAINTY_ASSIGNED_CONTEXT((#5577))
GLOBAL_UNIT_ASSIGNED_CONTEXT((#5589,#5588,#5587))
REPRESENTATION_CONTEXT('FOAM2_1_1_1_1','COMPONENT_PART')
);
#5563=(
GEOMETRIC_REPRESENTATION_CONTEXT(3)
GLOBAL_UNCERTAINTY_ASSIGNED_CONTEXT((#5578))
GLOBAL_UNIT_ASSIGNED_CONTEXT((#5589,#5588,#5587))
REPRESENTATION_CONTEXT('FOAM1_1_1_1_1','COMPONENT_PART')
);
#5564=(
GEOMETRIC_REPRESENTATION_CONTEXT(3)
GLOBAL_UNCERTAINTY_ASSIGNED_CONTEXT((#5579))
GLOBAL_UNIT_ASSIGNED_CONTEXT((#5589,#5588,#5587))
REPRESENTATION_CONTEXT('VLV041235L-1R0CUBV_ASM_1_AS_ASM <1>',
'COMPONENT_PART')
);
#5565=(
GEOMETRIC_REPRESENTATION_CONTEXT(3)
GLOBAL_UNCERTAINTY_ASSIGNED_CONTEXT((#5580))
GLOBAL_UNIT_ASSIGNED_CONTEXT((#5589,#5588,#5587))
REPRESENTATION_CONTEXT('VLV041235L_ASM_1_ASM_1_ASM__ASM <1>',
'COMPONENT_PART')
);
#5566=(
GEOMETRIC_REPRESENTATION_CONTEXT(3)
GLOBAL_UNCERTAINTY_ASSIGNED_CONTEXT((#5581))
GLOBAL_UNIT_ASSIGNED_CONTEXT((#5589,#5588,#5587))
REPRESENTATION_CONTEXT('ASM0007_ASM_1_ASM_1_ASM_1_ASM_1_ASM <1>',
'COMPONENT_PART')
);
#5567=(
GEOMETRIC_REPRESENTATION_CONTEXT(3)
GLOBAL_UNCERTAINTY_ASSIGNED_CONTEXT((#5582))
GLOBAL_UNIT_ASSIGNED_CONTEXT((#5589,#5588,#5587))
REPRESENTATION_CONTEXT('FP195_1_1_1_1_1_1_1','COMPONENT_PART')
);
#5568=(
GEOMETRIC_REPRESENTATION_CONTEXT(3)
GLOBAL_UNCERTAINTY_ASSIGNED_CONTEXT((#5583))
GLOBAL_UNIT_ASSIGNED_CONTEXT((#5589,#5588,#5587))
REPRESENTATION_CONTEXT('GLUE_1_1_2_1_1_1_1_1_1','COMPONENT_PART')
);
#5569=(
GEOMETRIC_REPRESENTATION_CONTEXT(3)
GLOBAL_UNCERTAINTY_ASSIGNED_CONTEXT((#5584))
GLOBAL_UNIT_ASSIGNED_CONTEXT((#5589,#5588,#5587))
REPRESENTATION_CONTEXT('VLV041235L-02UAD_3__ASM_AS_1_ASM <1>',
'COMPONENT_PART')
);
#5570=(
GEOMETRIC_REPRESENTATION_CONTEXT(3)
GLOBAL_UNCERTAINTY_ASSIGNED_CONTEXT((#5585))
GLOBAL_UNIT_ASSIGNED_CONTEXT((#5589,#5588,#5587))
REPRESENTATION_CONTEXT('XIAJIKE_3_1_1_2_1_1_1_1_2_1_1_1',
'COMPONENT_PART')
);
#5571=(
GEOMETRIC_REPRESENTATION_CONTEXT(3)
GLOBAL_UNCERTAINTY_ASSIGNED_CONTEXT((#5586))
GLOBAL_UNIT_ASSIGNED_CONTEXT((#5589,#5588,#5587))
REPRESENTATION_CONTEXT('SHANGJIKE_1_1_1_1_1_2_1_1_1_1_2',
'COMPONENT_PART')
);
#5572=UNCERTAINTY_MEASURE_WITH_UNIT(LENGTH_MEASURE(1.E-8),#5589,
'DISTANCE_ACCURACY_VALUE','Maximum Tolerance applied to model');
#5573=UNCERTAINTY_MEASURE_WITH_UNIT(LENGTH_MEASURE(1.E-8),#5589,
'DISTANCE_ACCURACY_VALUE','Maximum Tolerance applied to model');
#5574=UNCERTAINTY_MEASURE_WITH_UNIT(LENGTH_MEASURE(1.E-8),#5589,
'DISTANCE_ACCURACY_VALUE','Maximum Tolerance applied to model');
#5575=UNCERTAINTY_MEASURE_WITH_UNIT(LENGTH_MEASURE(1.E-8),#5589,
'DISTANCE_ACCURACY_VALUE','Maximum Tolerance applied to model');
#5576=UNCERTAINTY_MEASURE_WITH_UNIT(LENGTH_MEASURE(1.E-6),#5589,
'DISTANCE_ACCURACY_VALUE','Maximum Tolerance applied to model');
#5577=UNCERTAINTY_MEASURE_WITH_UNIT(LENGTH_MEASURE(1.E-6),#5589,
'DISTANCE_ACCURACY_VALUE','Maximum Tolerance applied to model');
#5578=UNCERTAINTY_MEASURE_WITH_UNIT(LENGTH_MEASURE(1.E-6),#5589,
'DISTANCE_ACCURACY_VALUE','Maximum Tolerance applied to model');
#5579=UNCERTAINTY_MEASURE_WITH_UNIT(LENGTH_MEASURE(1.E-8),#5589,
'DISTANCE_ACCURACY_VALUE','Maximum Tolerance applied to model');
#5580=UNCERTAINTY_MEASURE_WITH_UNIT(LENGTH_MEASURE(1.E-8),#5589,
'DISTANCE_ACCURACY_VALUE','Maximum Tolerance applied to model');
#5581=UNCERTAINTY_MEASURE_WITH_UNIT(LENGTH_MEASURE(1.E-8),#5589,
'DISTANCE_ACCURACY_VALUE','Maximum Tolerance applied to model');
#5582=UNCERTAINTY_MEASURE_WITH_UNIT(LENGTH_MEASURE(1.E-6),#5589,
'DISTANCE_ACCURACY_VALUE','Maximum Tolerance applied to model');
#5583=UNCERTAINTY_MEASURE_WITH_UNIT(LENGTH_MEASURE(1.E-6),#5589,
'DISTANCE_ACCURACY_VALUE','Maximum Tolerance applied to model');
#5584=UNCERTAINTY_MEASURE_WITH_UNIT(LENGTH_MEASURE(1.E-8),#5589,
'DISTANCE_ACCURACY_VALUE','Maximum Tolerance applied to model');
#5585=UNCERTAINTY_MEASURE_WITH_UNIT(LENGTH_MEASURE(1.E-6),#5589,
'DISTANCE_ACCURACY_VALUE','Maximum Tolerance applied to model');
#5586=UNCERTAINTY_MEASURE_WITH_UNIT(LENGTH_MEASURE(2.E-5),#5589,
'DISTANCE_ACCURACY_VALUE','Maximum Tolerance applied to model');
#5587=(
NAMED_UNIT(*)
SI_UNIT($,.STERADIAN.)
SOLID_ANGLE_UNIT()
);
#5588=(
NAMED_UNIT(*)
PLANE_ANGLE_UNIT()
SI_UNIT($,.RADIAN.)
);
#5589=(
LENGTH_UNIT()
NAMED_UNIT(*)
SI_UNIT($,.METRE.)
);
#5590=PRODUCT_DEFINITION_SHAPE('','',#5620);
#5591=PRODUCT_DEFINITION_SHAPE('','',#5621);
#5592=PRODUCT_DEFINITION_SHAPE('','',#5622);
#5593=PRODUCT_DEFINITION_SHAPE('','',#5623);
#5594=PRODUCT_DEFINITION_SHAPE(' ','NAUO PRDDFN',#630);
#5595=PRODUCT_DEFINITION_SHAPE(' ','NAUO PRDDFN',#631);
#5596=PRODUCT_DEFINITION_SHAPE('','',#5624);
#5597=PRODUCT_DEFINITION_SHAPE(' ','NAUO PRDDFN',#632);
#5598=PRODUCT_DEFINITION_SHAPE('','',#5625);
#5599=PRODUCT_DEFINITION_SHAPE(' ','NAUO PRDDFN',#633);
#5600=PRODUCT_DEFINITION_SHAPE('','',#5626);
#5601=PRODUCT_DEFINITION_SHAPE(' ','NAUO PRDDFN',#634);
#5602=PRODUCT_DEFINITION_SHAPE('','',#5627);
#5603=PRODUCT_DEFINITION_SHAPE('','',#5628);
#5604=PRODUCT_DEFINITION_SHAPE('','',#5629);
#5605=PRODUCT_DEFINITION_SHAPE('','',#5630);
#5606=PRODUCT_DEFINITION_SHAPE(' ','NAUO PRDDFN',#635);
#5607=PRODUCT_DEFINITION_SHAPE('','',#5631);
#5608=PRODUCT_DEFINITION_SHAPE(' ','NAUO PRDDFN',#636);
#5609=PRODUCT_DEFINITION_SHAPE('','',#5632);
#5610=PRODUCT_DEFINITION_SHAPE('','',#5633);
#5611=PRODUCT_DEFINITION_SHAPE(' ','NAUO PRDDFN',#637);
#5612=PRODUCT_DEFINITION_SHAPE('','',#5634);
#5613=PRODUCT_DEFINITION_SHAPE(' ','NAUO PRDDFN',#638);
#5614=PRODUCT_DEFINITION_SHAPE(' ','NAUO PRDDFN',#639);
#5615=PRODUCT_DEFINITION_SHAPE(' ','NAUO PRDDFN',#640);
#5616=PRODUCT_DEFINITION_SHAPE(' ','NAUO PRDDFN',#641);
#5617=PRODUCT_DEFINITION_SHAPE(' ','NAUO PRDDFN',#642);
#5618=PRODUCT_DEFINITION_SHAPE(' ','NAUO PRDDFN',#643);
#5619=PRODUCT_DEFINITION_SHAPE(' ','NAUO PRDDFN',#644);
#5620=PRODUCT_DEFINITION('','',#5650,#5635);
#5621=PRODUCT_DEFINITION('','',#5651,#5636);
#5622=PRODUCT_DEFINITION('','',#5652,#5637);
#5623=PRODUCT_DEFINITION('','',#5653,#5638);
#5624=PRODUCT_DEFINITION('','',#5654,#5639);
#5625=PRODUCT_DEFINITION('','',#5655,#5640);
#5626=PRODUCT_DEFINITION('','',#5656,#5641);
#5627=PRODUCT_DEFINITION('','',#5657,#5642);
#5628=PRODUCT_DEFINITION('','',#5658,#5643);
#5629=PRODUCT_DEFINITION('','',#5659,#5644);
#5630=PRODUCT_DEFINITION('','',#5660,#5645);
#5631=PRODUCT_DEFINITION('','',#5661,#5646);
#5632=PRODUCT_DEFINITION('','',#5662,#5647);
#5633=PRODUCT_DEFINITION('','',#5663,#5648);
#5634=PRODUCT_DEFINITION('','',#5664,#5649);
#5635=PRODUCT_DEFINITION_CONTEXT('',#5726,'design');
#5636=PRODUCT_DEFINITION_CONTEXT('',#5726,'design');
#5637=PRODUCT_DEFINITION_CONTEXT('',#5726,'design');
#5638=PRODUCT_DEFINITION_CONTEXT('',#5726,'design');
#5639=PRODUCT_DEFINITION_CONTEXT('',#5726,'design');
#5640=PRODUCT_DEFINITION_CONTEXT('',#5726,'design');
#5641=PRODUCT_DEFINITION_CONTEXT('',#5726,'design');
#5642=PRODUCT_DEFINITION_CONTEXT('',#5726,'design');
#5643=PRODUCT_DEFINITION_CONTEXT('',#5726,'design');
#5644=PRODUCT_DEFINITION_CONTEXT('',#5726,'design');
#5645=PRODUCT_DEFINITION_CONTEXT('',#5726,'design');
#5646=PRODUCT_DEFINITION_CONTEXT('',#5726,'design');
#5647=PRODUCT_DEFINITION_CONTEXT('',#5726,'design');
#5648=PRODUCT_DEFINITION_CONTEXT('',#5726,'design');
#5649=PRODUCT_DEFINITION_CONTEXT('',#5726,'design');
#5650=PRODUCT_DEFINITION_FORMATION_WITH_SPECIFIED_SOURCE('','',#5680,
 .NOT_KNOWN.);
#5651=PRODUCT_DEFINITION_FORMATION_WITH_SPECIFIED_SOURCE('','',#5681,
 .NOT_KNOWN.);
#5652=PRODUCT_DEFINITION_FORMATION_WITH_SPECIFIED_SOURCE('','',#5682,
 .NOT_KNOWN.);
#5653=PRODUCT_DEFINITION_FORMATION_WITH_SPECIFIED_SOURCE('','',#5683,
 .NOT_KNOWN.);
#5654=PRODUCT_DEFINITION_FORMATION_WITH_SPECIFIED_SOURCE('','',#5684,
 .NOT_KNOWN.);
#5655=PRODUCT_DEFINITION_FORMATION_WITH_SPECIFIED_SOURCE('','',#5685,
 .NOT_KNOWN.);
#5656=PRODUCT_DEFINITION_FORMATION_WITH_SPECIFIED_SOURCE('','',#5686,
 .NOT_KNOWN.);
#5657=PRODUCT_DEFINITION_FORMATION_WITH_SPECIFIED_SOURCE('','',#5687,
 .NOT_KNOWN.);
#5658=PRODUCT_DEFINITION_FORMATION_WITH_SPECIFIED_SOURCE('','',#5688,
 .NOT_KNOWN.);
#5659=PRODUCT_DEFINITION_FORMATION_WITH_SPECIFIED_SOURCE('','',#5689,
 .NOT_KNOWN.);
#5660=PRODUCT_DEFINITION_FORMATION_WITH_SPECIFIED_SOURCE('','',#5690,
 .NOT_KNOWN.);
#5661=PRODUCT_DEFINITION_FORMATION_WITH_SPECIFIED_SOURCE('','',#5691,
 .NOT_KNOWN.);
#5662=PRODUCT_DEFINITION_FORMATION_WITH_SPECIFIED_SOURCE('','',#5692,
 .NOT_KNOWN.);
#5663=PRODUCT_DEFINITION_FORMATION_WITH_SPECIFIED_SOURCE('','',#5693,
 .NOT_KNOWN.);
#5664=PRODUCT_DEFINITION_FORMATION_WITH_SPECIFIED_SOURCE('','',#5694,
 .NOT_KNOWN.);
#5665=PRODUCT_RELATED_PRODUCT_CATEGORY('','',(#5680));
#5666=PRODUCT_RELATED_PRODUCT_CATEGORY('','',(#5681));
#5667=PRODUCT_RELATED_PRODUCT_CATEGORY('','',(#5682));
#5668=PRODUCT_RELATED_PRODUCT_CATEGORY('','',(#5683));
#5669=PRODUCT_RELATED_PRODUCT_CATEGORY('','',(#5684));
#5670=PRODUCT_RELATED_PRODUCT_CATEGORY('','',(#5685));
#5671=PRODUCT_RELATED_PRODUCT_CATEGORY('','',(#5686));
#5672=PRODUCT_RELATED_PRODUCT_CATEGORY('','',(#5687));
#5673=PRODUCT_RELATED_PRODUCT_CATEGORY('','',(#5688));
#5674=PRODUCT_RELATED_PRODUCT_CATEGORY('','',(#5689));
#5675=PRODUCT_RELATED_PRODUCT_CATEGORY('','',(#5690));
#5676=PRODUCT_RELATED_PRODUCT_CATEGORY('','',(#5691));
#5677=PRODUCT_RELATED_PRODUCT_CATEGORY('','',(#5692));
#5678=PRODUCT_RELATED_PRODUCT_CATEGORY('','',(#5693));
#5679=PRODUCT_RELATED_PRODUCT_CATEGORY('','',(#5694));
#5680=PRODUCT('VLV041235L-L20-1S03UBB_ASM','VLV041235L-L20-1S03UBB_ASM',
'VLV041235L-L20-1S03UBB_ASM',(#5710));
#5681=PRODUCT('VLV041235L-L20-1S03UBB_-8592_ASM <1>',
'VLV041235L-L20-1S03UBB_-8592_ASM <1>',
'VLV041235L-L20-1S03UBB_-8592_ASM <1>',(#5711));
#5682=PRODUCT('ASM0007_ASM_1_1_ASM_1_ASM_1_ASM_ASM <1>',
'ASM0007_ASM_1_1_ASM_1_ASM_1_ASM_ASM <1>',
'ASM0007_ASM_1_1_ASM_1_ASM_1_ASM_ASM <1>',(#5712));
#5683=PRODUCT('XX21_1_1_1_1','XX21_1_1_1_1','XX21_1_1_1_1',(#5713));
#5684=PRODUCT('TESA-4982_4_1_1_1_1','TESA-4982_4_1_1_1_1',
'TESA-4982_4_1_1_1_1',(#5714));
#5685=PRODUCT('FOAM2_1_1_1_1','FOAM2_1_1_1_1','FOAM2_1_1_1_1',(#5715));
#5686=PRODUCT('FOAM1_1_1_1_1','FOAM1_1_1_1_1','FOAM1_1_1_1_1',(#5716));
#5687=PRODUCT('VLV041235L-1R0CUBV_ASM_1_AS_ASM <1>',
'VLV041235L-1R0CUBV_ASM_1_AS_ASM <1>',
'VLV041235L-1R0CUBV_ASM_1_AS_ASM <1>',(#5717));
#5688=PRODUCT('VLV041235L_ASM_1_ASM_1_ASM__ASM <1>',
'VLV041235L_ASM_1_ASM_1_ASM__ASM <1>',
'VLV041235L_ASM_1_ASM_1_ASM__ASM <1>',(#5718));
#5689=PRODUCT('ASM0007_ASM_1_ASM_1_ASM_1_ASM_1_ASM <1>',
'ASM0007_ASM_1_ASM_1_ASM_1_ASM_1_ASM <1>',
'ASM0007_ASM_1_ASM_1_ASM_1_ASM_1_ASM <1>',(#5719));
#5690=PRODUCT('FP195_1_1_1_1_1_1_1','FP195_1_1_1_1_1_1_1',
'FP195_1_1_1_1_1_1_1',(#5720));
#5691=PRODUCT('GLUE_1_1_2_1_1_1_1_1_1','GLUE_1_1_2_1_1_1_1_1_1',
'GLUE_1_1_2_1_1_1_1_1_1',(#5721));
#5692=PRODUCT('VLV041235L-02UAD_3__ASM_AS_1_ASM <1>',
'VLV041235L-02UAD_3__ASM_AS_1_ASM <1>',
'VLV041235L-02UAD_3__ASM_AS_1_ASM <1>',(#5722));
#5693=PRODUCT('XIAJIKE_3_1_1_2_1_1_1_1_2_1_1_1',
'XIAJIKE_3_1_1_2_1_1_1_1_2_1_1_1','XIAJIKE_3_1_1_2_1_1_1_1_2_1_1_1',(#5723));
#5694=PRODUCT('SHANGJIKE_1_1_1_1_1_2_1_1_1_1_2',
'SHANGJIKE_1_1_1_1_1_2_1_1_1_1_2','SHANGJIKE_1_1_1_1_1_2_1_1_1_1_2',(#5724));
#5695=PRODUCT_CATEGORY('','');
#5696=PRODUCT_CATEGORY('','');
#5697=PRODUCT_CATEGORY('','');
#5698=PRODUCT_CATEGORY('','');
#5699=PRODUCT_CATEGORY('','');
#5700=PRODUCT_CATEGORY('','');
#5701=PRODUCT_CATEGORY('','');
#5702=PRODUCT_CATEGORY('','');
#5703=PRODUCT_CATEGORY('','');
#5704=PRODUCT_CATEGORY('','');
#5705=PRODUCT_CATEGORY('','');
#5706=PRODUCT_CATEGORY('','');
#5707=PRODUCT_CATEGORY('','');
#5708=PRODUCT_CATEGORY('','');
#5709=PRODUCT_CATEGORY('','');
#5710=PRODUCT_CONTEXT('',#5726,'mechanical');
#5711=PRODUCT_CONTEXT('',#5726,'mechanical');
#5712=PRODUCT_CONTEXT('',#5726,'mechanical');
#5713=PRODUCT_CONTEXT('',#5726,'mechanical');
#5714=PRODUCT_CONTEXT('',#5726,'mechanical');
#5715=PRODUCT_CONTEXT('',#5726,'mechanical');
#5716=PRODUCT_CONTEXT('',#5726,'mechanical');
#5717=PRODUCT_CONTEXT('',#5726,'mechanical');
#5718=PRODUCT_CONTEXT('',#5726,'mechanical');
#5719=PRODUCT_CONTEXT('',#5726,'mechanical');
#5720=PRODUCT_CONTEXT('',#5726,'mechanical');
#5721=PRODUCT_CONTEXT('',#5726,'mechanical');
#5722=PRODUCT_CONTEXT('',#5726,'mechanical');
#5723=PRODUCT_CONTEXT('',#5726,'mechanical');
#5724=PRODUCT_CONTEXT('',#5726,'mechanical');
#5725=APPLICATION_PROTOCOL_DEFINITION('international standard',
'ap242_managed_model_based_3d_engineering',2020,#5726);
#5726=APPLICATION_CONTEXT('managed model based 3d engineering');
ENDSEC;
END-ISO-10303-21;
