  0
SECTION
  2
HEADER
  9
$ACADVER
  1
AC1014
  9
$ACADMAINTVER
 70
     9
  9
$DWGCODEPAGE
  3
ANSI_1252
  9
$INSBASE
 10
0.0
 20
0.0
 30
0.0
  9
$EXTMIN
 10
1.000000000000000E+20
 20
1.000000000000000E+20
 30
1.000000000000000E+20
  9
$EXTMAX
 10
-1.000000000000000E+20
 20
-1.000000000000000E+20
 30
-1.000000000000000E+20
  9
$LIMMIN
 10
0.0
 20
0.0
  9
$LIMMAX
 10
420.0
 20
297.0
  9
$ORTHOMODE
 70
     0
  9
$REGENMODE
 70
     1
  9
$FILLMODE
 70
     1
  9
$QTEXTMODE
 70
     0
  9
$MIRRTEXT
 70
     1
  9
$DRAGMODE
 70
     2
  9
$LTSCALE
 40
1.0
  9
$OSMODE
 70
    37
  9
$ATTMODE
 70
     1
  9
$TEXTSIZE
 40
2.5
  9
$TRACEWID
 40
1.0
  9
$TEXTSTYLE
  7
STANDARD
  9
$CLAYER
  8
0
  9
$CELTYPE
  6
BYLAYER
  9
$CECOLOR
 62
   256
  9
$CELTSCALE
 40
1.0
  9
$DELOBJ
 70
     1
  9
$DISPSILH
 70
     0
  9
$DIMSCALE
 40
1.0
  9
$DIMASZ
 40
2.5
  9
$DIMEXO
 40
0.625
  9
$DIMDLI
 40
3.75
  9
$DIMRND
 40
0.0
  9
$DIMDLE
 40
0.0
  9
$DIMEXE
 40
1.25
  9
$DIMTP
 40
0.0
  9
$DIMTM
 40
0.0
  9
$DIMTXT
 40
2.5
  9
$DIMCEN
 40
2.5
  9
$DIMTSZ
 40
0.0
  9
$DIMTOL
 70
     0
  9
$DIMLIM
 70
     0
  9
$DIMTIH
 70
     0
  9
$DIMTOH
 70
     0
  9
$DIMSE1
 70
     0
  9
$DIMSE2
 70
     0
  9
$DIMTAD
 70
     1
  9
$DIMZIN
 70
     8
  9
$DIMBLK
  1

  9
$DIMASO
 70
     1
  9
$DIMSHO
 70
     1
  9
$DIMPOST
  1

  9
$DIMAPOST
  1

  9
$DIMALT
 70
     0
  9
$DIMALTD
 70
     3
  9
$DIMALTF
 40
0.03937007874016
  9
$DIMLFAC
 40
1.0
  9
$DIMTOFL
 70
     1
  9
$DIMTVP
 40
0.0
  9
$DIMTIX
 70
     0
  9
$DIMSOXD
 70
     0
  9
$DIMSAH
 70
     0
  9
$DIMBLK1
  1

  9
$DIMBLK2
  1

  9
$DIMSTYLE
  2
ISO-25
  9
$DIMCLRD
 70
     0
  9
$DIMCLRE
 70
     0
  9
$DIMCLRT
 70
     0
  9
$DIMTFAC
 40
1.0
  9
$DIMGAP
 40
0.625
  9
$DIMJUST
 70
     0
  9
$DIMSD1
 70
     0
  9
$DIMSD2
 70
     0
  9
$DIMTOLJ
 70
     0
  9
$DIMTZIN
 70
     8
  9
$DIMALTZ
 70
     0
  9
$DIMALTTZ
 70
     0
  9
$DIMFIT
 70
     3
  9
$DIMUPT
 70
     0
  9
$DIMUNIT
 70
     2
  9
$DIMDEC
 70
     2
  9
$DIMTDEC
 70
     2
  9
$DIMALTU
 70
     2
  9
$DIMALTTD
 70
     3
  9
$DIMTXSTY
  7
STANDARD
  9
$DIMAUNIT
 70
     0
  9
$LUNITS
 70
     2
  9
$LUPREC
 70
     4
  9
$SKETCHINC
 40
1.0
  9
$FILLETRAD
 40
0.0
  9
$AUNITS
 70
     0
  9
$AUPREC
 70
     0
  9
$MENU
  1
.
  9
$ELEVATION
 40
0.0
  9
$PELEVATION
 40
0.0
  9
$THICKNESS
 40
0.0
  9
$LIMCHECK
 70
     0
  9
$CHAMFERA
 40
0.0
  9
$CHAMFERB
 40
0.0
  9
$CHAMFERC
 40
0.0
  9
$CHAMFERD
 40
0.0
  9
$SKPOLY
 70
     0
  9
$TDCREATE
 40
2461171.348439468
  9
$TDUPDATE
 40
2461171.348439688
  9
$TDINDWG
 40
0.0000000116
  9
$TDUSRTIMER
 40
0.0000000116
  9
$USRTIMER
 70
     1
  9
$ANGBASE
 50
0.0
  9
$ANGDIR
 70
     0
  9
$PDMODE
 70
     0
  9
$PDSIZE
 40
0.0
  9
$PLINEWID
 40
0.0
  9
$COORDS
 70
     1
  9
$SPLFRAME
 70
     0
  9
$SPLINETYPE
 70
     6
  9
$SPLINESEGS
 70
     8
  9
$ATTDIA
 70
     0
  9
$ATTREQ
 70
     1
  9
$HANDLING
 70
     1
  9
$HANDSEED
  5
100008AD
  9
$SURFTAB1
 70
     6
  9
$SURFTAB2
 70
     6
  9
$SURFTYPE
 70
     6
  9
$SURFU
 70
     6
  9
$SURFV
 70
     6
  9
$UCSNAME
  2

  9
$UCSORG
 10
0.0
 20
0.0
 30
0.0
  9
$UCSXDIR
 10
1.0
 20
0.0
 30
0.0
  9
$UCSYDIR
 10
0.0
 20
1.0
 30
0.0
  9
$PUCSNAME
  2

  9
$PUCSORG
 10
0.0
 20
0.0
 30
0.0
  9
$PUCSXDIR
 10
1.0
 20
0.0
 30
0.0
  9
$PUCSYDIR
 10
0.0
 20
1.0
 30
0.0
  9
$USERI1
 70
     0
  9
$USERI2
 70
     0
  9
$USERI3
 70
     0
  9
$USERI4
 70
     0
  9
$USERI5
 70
     0
  9
$USERR1
 40
0.0
  9
$USERR2
 40
0.0
  9
$USERR3
 40
0.0
  9
$USERR4
 40
0.0
  9
$USERR5
 40
0.0
  9
$WORLDVIEW
 70
     1
  9
$SHADEDGE
 70
     3
  9
$SHADEDIF
 70
    70
  9
$TILEMODE
 70
     1
  9
$MAXACTVP
 70
    64
  9
$PINSBASE
 10
0.0
 20
0.0
 30
0.0
  9
$PLIMCHECK
 70
     0
  9
$PEXTMIN
 10
1.000000000000000E+20
 20
1.000000000000000E+20
 30
1.000000000000000E+20
  9
$PEXTMAX
 10
-1.000000000000000E+20
 20
-1.000000000000000E+20
 30
-1.000000000000000E+20
  9
$PLIMMIN
 10
0.0
 20
0.0
  9
$PLIMMAX
 10
420.0
 20
297.0
  9
$UNITMODE
 70
     0
  9
$VISRETAIN
 70
     1
  9
$PLINEGEN
 70
     0
  9
$PSLTSCALE
 70
     1
  9
$TREEDEPTH
 70
  3020
  9
$PICKSTYLE
 70
     1
  9
$CMLSTYLE
  2
STANDARD
  9
$CMLJUST
 70
     0
  9
$CMLSCALE
 40
20.0
  9
$PROXYGRAPHICS
 70
     1
  9
$MEASUREMENT
 70
     1
  0
ENDSEC
  0
SECTION
  2
CLASSES
  0
CLASS
  1
ACDBDICTIONARYWDFLT
  2
AcDbDictionaryWithDefault
  3
ObjectDBX Classes
 90
        0
280
     0
281
     0
  0
CLASS
  1
VISUALSTYLE
  2
AcDbVisualStyle
  3
ObjectDBX Classes
 90
     4095
280
     0
281
     0
  0
CLASS
  1
MATERIAL
  2
AcDbMaterial
  3
ObjectDBX Classes
 90
     1153
280
     0
281
     0
  0
CLASS
  1
SCALE
  2
AcDbScale
  3
ObjectDBX Classes
 90
     1153
280
     0
281
     0
  0
CLASS
  1
TABLESTYLE
  2
AcDbTableStyle
  3
ObjectDBX Classes
 90
     4095
280
     0
281
     0
  0
CLASS
  1
MLEADERSTYLE
  2
AcDbMLeaderStyle
  3
ACDB_MLEADERSTYLE_CLASS
 90
     4095
280
     0
281
     0
  0
CLASS
  1
SUN
  2
AcDbSun
  3
SCENEOE
 90
     1153
280
     0
281
     0
  0
CLASS
  1
SORTENTSTABLE
  2
AcDbSortentsTable
  3
ObjectDBX Classes
 90
        0
280
     0
281
     0
  0
CLASS
  1
DICTIONARYVAR
  2
AcDbDictionaryVar
  3
ObjectDBX Classes
 90
        0
280
     0
281
     0
  0
CLASS
  1
XRECORD
  2
AcDbXrecord
  3
ObjectDBX Classes
 90
        0
280
     0
281
     0
  0
CLASS
  1
LWPOLYLINE
  2
AcDbPolyline
  3
ObjectDBX Classes
 90
        0
280
     0
281
     1
  0
CLASS
  1
HATCH
  2
AcDbHatch
  3
ObjectDBX Classes
 90
        0
280
     0
281
     1
  0
CLASS
  1
ACDBPLACEHOLDER
  2
AcDbPlaceHolder
  3
ObjectDBX Classes
 90
        0
280
     0
281
     0
  0
CLASS
  1
LAYOUT
  2
AcDbLayout
  3
ObjectDBX Classes
 90
        0
280
     0
281
     0
  0
ENDSEC
  0
SECTION
  2
TABLES
  0
TABLE
  2
VPORT
  5
8
102
{ACAD_XDICTIONARY
360
100008A2
102
}
330
0
100
AcDbSymbolTable
 70
     1
  0
VPORT
  5
29
330
8
100
AcDbSymbolTableRecord
100
AcDbViewportTableRecord
  2
*ACTIVE
 70
     0
 10
0.0
 20
0.0
 11
1.0
 21
1.0
 12
344.1869158878504
 22
148.5
 13
0.0
 23
0.0
 14
10.0
 24
10.0
 15
10.0
 25
10.0
 16
0.0
 26
0.0
 36
1.0
 17
0.0
 27
0.0
 37
0.0
 40
297.0
 41
1.972972972850329
 42
50.0
 43
0.0
 44
0.0
 50
0.0
 51
0.0
 71
     0
 72
   100
 73
     1
 74
     3
 75
     0
 76
     0
 77
     0
 78
     0
  0
ENDTAB
  0
TABLE
  2
LTYPE
  5
5
330
0
100
AcDbSymbolTable
 70
     7
  0
LTYPE
  5
14
330
5
100
AcDbSymbolTableRecord
100
AcDbLinetypeTableRecord
  2
BYBLOCK
 70
     0
  3

 72
    65
 73
     0
 40
0.0
  0
LTYPE
  5
15
330
5
100
AcDbSymbolTableRecord
100
AcDbLinetypeTableRecord
  2
BYLAYER
 70
     0
  3

 72
    65
 73
     0
 40
0.0
  0
LTYPE
  5
16
330
5
100
AcDbSymbolTableRecord
100
AcDbLinetypeTableRecord
  2
CONTINUOUS
 70
     0
  3
Solid line
 72
    65
 73
     0
 40
0.0
  0
LTYPE
  5
10000024
330
5
100
AcDbSymbolTableRecord
100
AcDbLinetypeTableRecord
  2
ONS_PHANTOM
 70
     0
  3
Onshape Phantom line ______ __ __ ______
 72
    65
 73
     6
 40
0.4999999999999999
 49
0.25
 74
     0
 49
-0.05
 74
     0
 49
0.05
 74
     0
 49
-0.05
 74
     0
 49
0.05
 74
     0
 49
-0.05
 74
     0
  0
LTYPE
  5
10000025
330
5
100
AcDbSymbolTableRecord
100
AcDbLinetypeTableRecord
  2
CENTER
 70
     0
  3
Center line ____ _ ____ _ ____ _
 72
    65
 73
     4
 40
0.7874015748031495
 49
0.4921259842519685
 74
     0
 49
-0.0984251968503937
 74
     0
 49
0.0984251968503937
 74
     0
 49
-0.0984251968503937
 74
     0
  0
LTYPE
  5
10000026
330
5
100
AcDbSymbolTableRecord
100
AcDbLinetypeTableRecord
  2
DASHED
 70
     0
  3
Dashed line __ __ __ __ __
 72
    65
 73
     2
 40
0.75
 49
0.5
 74
     0
 49
-0.25
 74
     0
  0
LTYPE
  5
10000027
330
5
100
AcDbSymbolTableRecord
100
AcDbLinetypeTableRecord
  2
ONS_DASHDOT
 70
     0
  3
Onshape Dashed with Dot _ . ____ . ____
 72
    65
 73
     4
 40
0.71
 49
0.5
 74
     0
 49
-0.1
 74
     0
 49
0.01
 74
     0
 49
-0.1
 74
     0
  0
LTYPE
  5
10000028
330
5
100
AcDbSymbolTableRecord
100
AcDbLinetypeTableRecord
  2
ONS_DOTTED
 70
     0
  3
Onshape Dotted line . . . . . . .
 72
    65
 73
     2
 40
0.11
 49
0.01
 74
     0
 49
-0.1
 74
     0
  0
LTYPE
  5
10000029
330
5
100
AcDbSymbolTableRecord
100
AcDbLinetypeTableRecord
  2
HIDDEN
 70
     0
  3
Hidden line ____ ____ ____ ____ 
 72
    65
 73
     2
 40
0.15
 49
0.1
 74
     0
 49
-0.05
 74
     0
  0
ENDTAB
  0
TABLE
  2
LAYER
  5
2
330
0
100
AcDbSymbolTable
 70
    48
  0
LAYER
  5
10
330
2
100
AcDbSymbolTableRecord
100
AcDbLayerTableRecord
  2
0
 70
     0
 62
     7
  6
CONTINUOUS
  0
LAYER
  5
1000002A
330
2
100
AcDbSymbolTableRecord
100
AcDbLayerTableRecord
  2
SECTION_CUTTING_LINE
 70
     0
 62
     7
  6
ONS_DASHDOT
  0
LAYER
  5
1000002B
330
2
100
AcDbSymbolTableRecord
100
AcDbLayerTableRecord
  2
DETAIL_VIEW_BORDER
 70
     0
 62
     7
  6
CONTINUOUS
  0
LAYER
  5
1000002C
330
2
100
AcDbSymbolTableRecord
100
AcDbLayerTableRecord
  2
DETAIL_VIEW_PARENT_BORDER
 70
     0
 62
     7
  6
ONS_PHANTOM
  0
LAYER
  5
1000002D
330
2
100
AcDbSymbolTableRecord
100
AcDbLayerTableRecord
  2
TEXT
 70
     0
 62
     7
  6
CONTINUOUS
  0
LAYER
  5
1000002E
330
2
100
AcDbSymbolTableRecord
100
AcDbLayerTableRecord
  2
SKETCHED_GEOMETRY
 70
     0
 62
    -7
  6
CONTINUOUS
  0
LAYER
  5
1000002F
330
2
100
AcDbSymbolTableRecord
100
AcDbLayerTableRecord
  2
VIRTUAL_SHARPS
 70
     0
 62
    -7
  6
CONTINUOUS
  0
LAYER
  5
10000030
330
2
100
AcDbSymbolTableRecord
100
AcDbLayerTableRecord
  2
CENTERLINES
 70
     0
 62
    -7
  6
CENTER
  0
LAYER
  5
10000031
330
2
100
AcDbSymbolTableRecord
100
AcDbLayerTableRecord
  2
CENTERMARKS
 70
     0
 62
    -7
  6
CONTINUOUS
  0
LAYER
  5
10000032
330
2
100
AcDbSymbolTableRecord
100
AcDbLayerTableRecord
  2
TABLES
 70
     0
 62
     7
  6
CONTINUOUS
  0
LAYER
  5
10000033
330
2
100
AcDbSymbolTableRecord
100
AcDbLayerTableRecord
  2
IMAGES
 70
     0
 62
    -7
  6
CONTINUOUS
  0
LAYER
  5
10000034
330
2
100
AcDbSymbolTableRecord
100
AcDbLayerTableRecord
  2
ANNOTATION_LINES
 70
     0
 62
    -7
  6
CONTINUOUS
  0
LAYER
  5
10000035
330
2
100
AcDbSymbolTableRecord
100
AcDbLayerTableRecord
  2
ANNOTATION_TEXT
 70
     0
 62
    -7
  6
CONTINUOUS
  0
LAYER
  5
10000036
330
2
100
AcDbSymbolTableRecord
100
AcDbLayerTableRecord
  2
SIDE_THREAD_SYMBOLS
 70
     0
 62
     7
  6
CONTINUOUS
  0
LAYER
  5
10000037
330
2
100
AcDbSymbolTableRecord
100
AcDbLayerTableRecord
  2
SIDE_THREAD_SYMBOLS_HIDDEN
 70
     0
 62
    -7
  6
HIDDEN
  0
LAYER
  5
10000038
330
2
100
AcDbSymbolTableRecord
100
AcDbLayerTableRecord
  2
SURFACE_THREAD_SYMBOLS
 70
     0
 62
     7
  6
CONTINUOUS
  0
LAYER
  5
10000039
330
2
100
AcDbSymbolTableRecord
100
AcDbLayerTableRecord
  2
SURFACE_THREAD_SYMBOLS_ON_
 70
     0
 62
     7
  6
CONTINUOUS
  0
LAYER
  5
1000003A
330
2
100
AcDbSymbolTableRecord
100
AcDbLayerTableRecord
  2
SURFACE_THREAD_SYMBOLS_HID
 70
     0
 62
    -7
  6
HIDDEN
  0
LAYER
  5
1000003B
330
2
100
AcDbSymbolTableRecord
100
AcDbLayerTableRecord
  2
BLIND_THREAD_SYMBOLS
 70
     0
 62
     7
  6
CONTINUOUS
  0
LAYER
  5
1000003C
330
2
100
AcDbSymbolTableRecord
100
AcDbLayerTableRecord
  2
BLIND_THREAD_SYMBOLS_HIDDE
 70
     0
 62
    -7
  6
HIDDEN
  0
LAYER
  5
1000003D
330
2
100
AcDbSymbolTableRecord
100
AcDbLayerTableRecord
  2
EXPLODE_LINES
 70
     0
 62
     7
  6
ONS_PHANTOM
  0
LAYER
  5
1000003E
330
2
100
AcDbSymbolTableRecord
100
AcDbLayerTableRecord
  2
HIDDEN_EXPLODE_LINES
 70
     0
 62
    -7
  6
ONS_PHANTOM
  0
LAYER
  5
1000003F
330
2
100
AcDbSymbolTableRecord
100
AcDbLayerTableRecord
  2
BREAK_LINES
 70
     0
 62
    -7
  6
CONTINUOUS
  0
LAYER
  5
10000040
330
2
100
AcDbSymbolTableRecord
100
AcDbLayerTableRecord
  2
SHEETMETAL_BEND_LINES_UP
 70
     0
 62
     7
  6
CENTER
  0
LAYER
  5
10000041
330
2
100
AcDbSymbolTableRecord
100
AcDbLayerTableRecord
  2
SHEETMETAL_BEND_LINES_DOWN
 70
     0
 62
     7
  6
CENTER
  0
LAYER
  5
10000042
330
2
100
AcDbSymbolTableRecord
100
AcDbLayerTableRecord
  2
SHEETMETAL_BEND_TANGENT_LI
 70
     0
 62
     7
  6
CONTINUOUS
  0
LAYER
  5
10000043
330
2
100
AcDbSymbolTableRecord
100
AcDbLayerTableRecord
  2
SHEETMETAL_CUT_LINES
 70
     0
 62
     7
  6
CONTINUOUS
  0
LAYER
  5
10000044
330
2
100
AcDbSymbolTableRecord
100
AcDbLayerTableRecord
  2
SHEETMETAL_CBORE_CSINK_UP
 70
     0
 62
     7
  6
CONTINUOUS
  0
LAYER
  5
10000045
330
2
100
AcDbSymbolTableRecord
100
AcDbLayerTableRecord
  2
SHEETMETAL_CBORE_CSINK_DOW
 70
     0
 62
     7
  6
CONTINUOUS
  0
LAYER
  5
10000046
330
2
100
AcDbSymbolTableRecord
100
AcDbLayerTableRecord
  2
SHEETMETAL_CBORE_CSINK_UP_
 70
     0
 62
    -7
  6
HIDDEN
  0
LAYER
  5
10000047
330
2
100
AcDbSymbolTableRecord
100
AcDbLayerTableRecord
  2
SHEETMETAL_CBORE_CSINK_DO0
 70
     0
 62
    -7
  6
HIDDEN
  0
LAYER
  5
10000048
330
2
100
AcDbSymbolTableRecord
100
AcDbLayerTableRecord
  2
SHEETMETAL_FORM_TEAR
 70
     0
 62
     7
  6
CONTINUOUS
  0
LAYER
  5
10000049
330
2
100
AcDbSymbolTableRecord
100
AcDbLayerTableRecord
  2
SHEETMETAL_FORM_UP
 70
     0
 62
     7
  6
CENTER
  0
LAYER
  5
1000004A
330
2
100
AcDbSymbolTableRecord
100
AcDbLayerTableRecord
  2
SHEETMETAL_FORM_DOWN
 70
     0
 62
     7
  6
CENTER
  0
LAYER
  5
1000004B
330
2
100
AcDbSymbolTableRecord
100
AcDbLayerTableRecord
  2
SHEETMETAL_FORM_CENTERMARK
 70
     0
 62
     7
  6
CENTER
  0
LAYER
  5
1000004C
330
2
100
AcDbSymbolTableRecord
100
AcDbLayerTableRecord
  2
REGION_ASSOC_POINTS
 70
     0
 62
    -7
  6
CONTINUOUS
  0
LAYER
  5
1000004D
330
2
100
AcDbSymbolTableRecord
100
AcDbLayerTableRecord
  2
PATTERN_CENTERLINES
 70
     1
 62
    -7
  6
CENTER
  0
LAYER
  5
1000004E
330
2
100
AcDbSymbolTableRecord
100
AcDbLayerTableRecord
  2
HIDDEN
 70
     0
 62
    -7
  6
HIDDEN
  0
LAYER
  5
1000004F
330
2
100
AcDbSymbolTableRecord
100
AcDbLayerTableRecord
  2
VISIBLE
 70
     0
 62
     7
  6
CONTINUOUS
  0
LAYER
  5
10000050
330
2
100
AcDbSymbolTableRecord
100
AcDbLayerTableRecord
  2
MODELSKETCH_VISIBLE
 70
     0
 62
     7
  6
CONTINUOUS
  0
LAYER
  5
10000051
330
2
100
AcDbSymbolTableRecord
100
AcDbLayerTableRecord
  2
MODELSKETCH_POINT
 70
     0
 62
     7
  6
CONTINUOUS
  0
LAYER
  5
10000052
330
2
100
AcDbSymbolTableRecord
100
AcDbLayerTableRecord
  2
MODELSKETCH_CONSTRUCTION
 70
     0
 62
    -7
  6
CENTER
  0
LAYER
  5
10000053
330
2
100
AcDbSymbolTableRecord
100
AcDbLayerTableRecord
  2
HIDDEN_BASE_VIEW
 70
     0
 62
     7
  6
CONTINUOUS
  0
LAYER
  5
10000054
330
2
100
AcDbSymbolTableRecord
100
AcDbLayerTableRecord
  2
TANGENT_LINES
 70
     0
 62
    -7
  6
CONTINUOUS
  0
LAYER
  5
10000055
330
2
100
AcDbSymbolTableRecord
100
AcDbLayerTableRecord
  2
TANGENT_HIDDEN
 70
     0
 62
    -7
  6
HIDDEN
  0
LAYER
  5
10000056
330
2
100
AcDbSymbolTableRecord
100
AcDbLayerTableRecord
  2
INVISIBLE_LINES
 70
     0
 62
    -7
  6
CONTINUOUS
  0
LAYER
  5
10000057
330
2
100
AcDbSymbolTableRecord
100
AcDbLayerTableRecord
  2
VIEW_HATCHES
 70
     0
 62
    -7
  6
CONTINUOUS
  0
LAYER
  5
10000058
330
2
100
AcDbSymbolTableRecord
100
AcDbLayerTableRecord
  2
SECTION_JOG_LINES
 70
     0
 62
    -7
  6
CONTINUOUS
  0
ENDTAB
  0
TABLE
  2
STYLE
  5
3
330
0
100
AcDbSymbolTable
 70
     2
  0
STYLE
  5
11
330
3
100
AcDbSymbolTableRecord
100
AcDbTextStyleTableRecord
  2
STANDARD
 70
     0
 40
0.0
 41
1.0
 50
0.0
 71
     0
 42
2.5
  3
txt
  4

  0
STYLE
  5
10000004
330
3
100
AcDbSymbolTableRecord
100
AcDbTextStyleTableRecord
  2
TTFSTYLE
 70
     0
 40
0.0
 41
1.0
 50
0.0
 71
     0
 42
2.5
  3

  4

1001
ACAD
1000
Verdana
1071
       34
  0
ENDTAB
  0
TABLE
  2
VIEW
  5
6
330
0
100
AcDbSymbolTable
 70
     0
  0
ENDTAB
  0
TABLE
  2
UCS
  5
7
330
0
100
AcDbSymbolTable
 70
     0
  0
ENDTAB
  0
TABLE
  2
APPID
  5
9
330
0
100
AcDbSymbolTable
 70
     2
  0
APPID
  5
12
330
9
100
AcDbSymbolTableRecord
100
AcDbRegAppTableRecord
  2
ACAD
 70
     0
  0
APPID
  5
100008AC
330
9
100
AcDbSymbolTableRecord
100
AcDbRegAppTableRecord
  2
ACAD_MLEADERVER
 70
     0
  0
ENDTAB
  0
TABLE
  2
DIMSTYLE
  5
A
330
0
100
AcDbSymbolTable
 70
     1
  0
DIMSTYLE
105
27
330
A
100
AcDbSymbolTableRecord
100
AcDbDimStyleTableRecord
  2
ISO-25
 70
     0
  3

  4

  5

  6

  7

 40
1.0
 41
2.5
 42
0.625
 43
3.75
 44
1.25
 45
0.0
 46
0.0
 47
0.0
 48
0.0
140
2.5
141
2.5
142
0.0
143
0.03937007874016
144
1.0
145
0.0
146
1.0
147
0.625
 71
     0
 72
     0
 73
     0
 74
     0
 75
     0
 76
     0
 77
     1
 78
     8
170
     0
171
     3
172
     1
173
     0
174
     0
175
     0
176
     0
177
     0
178
     0
270
     2
271
     2
272
     2
273
     2
274
     3
340
11
275
     0
280
     0
281
     0
282
     0
283
     0
284
     8
285
     0
286
     0
287
     3
288
     0
  0
ENDTAB
  0
TABLE
  2
BLOCK_RECORD
  5
1
330
0
100
AcDbSymbolTable
 70
     0
  0
BLOCK_RECORD
  5
1F
102
{ACAD_XDICTIONARY
360
10000873
102
}
330
1
100
AcDbSymbolTableRecord
100
AcDbBlockTableRecord
  2
*MODEL_SPACE
  0
BLOCK_RECORD
  5
1B
330
1
100
AcDbSymbolTableRecord
100
AcDbBlockTableRecord
  2
*PAPER_SPACE
  0
ENDTAB
  0
ENDSEC
  0
SECTION
  2
BLOCKS
  0
BLOCK
  5
20
330
1F
100
AcDbEntity
  8
0
100
AcDbBlockBegin
  2
*MODEL_SPACE
 70
     0
 10
0.0
 20
0.0
 30
0.0
  3
*MODEL_SPACE
  1

  0
ENDBLK
  5
21
330
1F
100
AcDbEntity
  8
0
100
AcDbBlockEnd
  0
BLOCK
  5
1C
330
1B
100
AcDbEntity
 67
     1
  8
0
100
AcDbBlockBegin
  2
*PAPER_SPACE
 70
     0
 10
0.0
 20
0.0
 30
0.0
  3
*PAPER_SPACE
  1

  0
ENDBLK
  5
1D
330
1B
100
AcDbEntity
 67
     1
  8
0
100
AcDbBlockEnd
  0
ENDSEC
  0
SECTION
  2
ENTITIES
  0
CIRCLE
  5
10000059
102
{ACAD_XDICTIONARY
360
1000005A
102
}
330
1F
100
AcDbEntity
  8
VISIBLE
100
AcDbCircle
 10
287.6
 20
0.9999999999999913
 30
0.0
 40
1.100000000000004
  0
CIRCLE
  5
1000005F
102
{ACAD_XDICTIONARY
360
10000060
102
}
330
1F
100
AcDbEntity
  8
VISIBLE
100
AcDbCircle
 10
287.6
 20
-77.80000000000007
 30
0.0
 40
1.100000000000004
  0
CIRCLE
  5
10000065
102
{ACAD_XDICTIONARY
360
10000066
102
}
330
1F
100
AcDbEntity
  8
VISIBLE
100
AcDbCircle
 10
404.8
 20
-58.6
 30
0.0
 40
1.1
  0
CIRCLE
  5
1000006B
102
{ACAD_XDICTIONARY
360
1000006C
102
}
330
1F
100
AcDbEntity
  8
VISIBLE
100
AcDbCircle
 10
404.8
 20
1.000000000000001
 30
0.0
 40
1.1
  0
ARC
  5
10000071
102
{ACAD_XDICTIONARY
360
10000072
102
}
330
1F
100
AcDbEntity
  8
VISIBLE
100
AcDbCircle
 10
387.2
 20
-2.600000000000001
 30
0.0
 40
1.0
100
AcDbArc
 50
48.59037789072795
 51
221.4096221092685
  0
ARC
  5
10000077
102
{ACAD_XDICTIONARY
360
10000078
102
}
330
1F
100
AcDbEntity
  8
VISIBLE
100
AcDbCircle
 10
389.8457513110646
 20
0.3999999999999939
 30
0.0
 40
2.999999999999992
100
AcDbArc
 50
228.5903778907293
 51
270.0
  0
LINE
  5
1000007D
102
{ACAD_XDICTIONARY
360
1000007E
102
}
330
1F
100
AcDbEntity
  8
VISIBLE
100
AcDbLine
 10
398.5542486889354
 20
-2.599999999999989
 30
0.0
 11
389.8457513110646
 21
-2.599999999999997
 31
0.0
  0
ARC
  5
10000081
102
{ACAD_XDICTIONARY
360
10000082
102
}
330
1F
100
AcDbEntity
  8
VISIBLE
100
AcDbCircle
 10
398.5542486889354
 20
0.4000000000000062
 30
0.0
 40
2.999999999999995
100
AcDbArc
 50
270.0
 51
311.4096221092705
  0
ARC
  5
10000087
102
{ACAD_XDICTIONARY
360
10000088
102
}
330
1F
100
AcDbEntity
  8
VISIBLE
100
AcDbCircle
 10
401.2
 20
-2.600000000000001
 30
0.0
 40
1.0
100
AcDbArc
 50
318.5903778907293
 51
131.409622109272
  0
ARC
  5
1000008D
102
{ACAD_XDICTIONARY
360
1000008E
102
}
330
1F
100
AcDbEntity
  8
VISIBLE
100
AcDbCircle
 10
404.2
 20
-5.245751311064588
 30
0.0
 40
3.0
100
AcDbArc
 50
138.5903778907291
 51
180.0
  0
LINE
  5
10000093
102
{ACAD_XDICTIONARY
360
10000094
102
}
330
1F
100
AcDbEntity
  8
VISIBLE
100
AcDbLine
 10
401.2
 20
-5.245751311064588
 30
0.0
 11
401.2
 21
-13.95424868893541
 31
0.0
  0
ARC
  5
10000097
102
{ACAD_XDICTIONARY
360
10000098
102
}
330
1F
100
AcDbEntity
  8
VISIBLE
100
AcDbCircle
 10
404.2
 20
-13.95424868893541
 30
0.0
 40
2.999999999999994
100
AcDbArc
 50
180.0
 51
221.4096221092708
  0
ARC
  5
1000009D
102
{ACAD_XDICTIONARY
360
1000009E
102
}
330
1F
100
AcDbEntity
  8
VISIBLE
100
AcDbCircle
 10
401.2
 20
-16.59999999999996
 30
0.0
 40
1.0
100
AcDbArc
 50
228.590377890727
 51
41.40962210927129
  0
ARC
  5
100000A3
102
{ACAD_XDICTIONARY
360
100000A4
102
}
330
1F
100
AcDbEntity
  8
VISIBLE
100
AcDbCircle
 10
398.5542486889354
 20
-19.59999999999999
 30
0.0
 40
2.999999999999993
100
AcDbArc
 50
48.59037789072938
 51
90.0
  0
LINE
  5
100000A9
102
{ACAD_XDICTIONARY
360
100000AA
102
}
330
1F
100
AcDbEntity
  8
VISIBLE
100
AcDbLine
 10
398.5542486889354
 20
-16.6
 30
0.0
 11
389.8457513110646
 21
-16.6
 31
0.0
  0
ARC
  5
100000AD
102
{ACAD_XDICTIONARY
360
100000AE
102
}
330
1F
100
AcDbEntity
  8
VISIBLE
100
AcDbCircle
 10
389.8457513110646
 20
-19.59999999999999
 30
0.0
 40
2.99999999999999
100
AcDbArc
 50
90.0
 51
131.4096221092707
  0
ARC
  5
100000B3
102
{ACAD_XDICTIONARY
360
100000B4
102
}
330
1F
100
AcDbEntity
  8
VISIBLE
100
AcDbCircle
 10
387.2
 20
-16.60000000000001
 30
0.0
 40
0.9999999999999996
100
AcDbArc
 50
138.5903778907284
 51
311.4096221092726
  0
ARC
  5
100000B9
102
{ACAD_XDICTIONARY
360
100000BA
102
}
330
1F
100
AcDbEntity
  8
VISIBLE
100
AcDbCircle
 10
384.2
 20
-13.9542486889354
 30
0.0
 40
3.000000000000027
100
AcDbArc
 50
318.590377890729
 51
0.0
  0
LINE
  5
100000BF
102
{ACAD_XDICTIONARY
360
100000C0
102
}
330
1F
100
AcDbEntity
  8
VISIBLE
100
AcDbLine
 10
387.2
 20
-5.245751311064583
 30
0.0
 11
387.2
 21
-13.95424868893541
 31
0.0
  0
ARC
  5
100000C3
102
{ACAD_XDICTIONARY
360
100000C4
102
}
330
1F
100
AcDbEntity
  8
VISIBLE
100
AcDbCircle
 10
384.2
 20
-5.245751311064582
 30
0.0
 40
2.999999999999987
100
AcDbArc
 50
0.0
 51
41.4096221092715
  0
ARC
  5
100000C9
102
{ACAD_XDICTIONARY
360
100000CA
102
}
330
1F
100
AcDbEntity
  8
VISIBLE
100
AcDbCircle
 10
368.0
 20
-2.600000000000001
 30
0.0
 40
1.0
100
AcDbArc
 50
48.59037789072795
 51
221.4096221092685
  0
ARC
  5
100000CF
102
{ACAD_XDICTIONARY
360
100000D0
102
}
330
1F
100
AcDbEntity
  8
VISIBLE
100
AcDbCircle
 10
370.6457513110646
 20
0.3999999999999939
 30
0.0
 40
2.999999999999992
100
AcDbArc
 50
228.5903778907293
 51
270.0
  0
LINE
  5
100000D5
102
{ACAD_XDICTIONARY
360
100000D6
102
}
330
1F
100
AcDbEntity
  8
VISIBLE
100
AcDbLine
 10
379.3542486889354
 20
-2.599999999999989
 30
0.0
 11
370.6457513110646
 21
-2.599999999999997
 31
0.0
  0
ARC
  5
100000D9
102
{ACAD_XDICTIONARY
360
100000DA
102
}
330
1F
100
AcDbEntity
  8
VISIBLE
100
AcDbCircle
 10
379.3542486889354
 20
0.4000000000000062
 30
0.0
 40
2.999999999999995
100
AcDbArc
 50
270.0
 51
311.4096221092705
  0
ARC
  5
100000DF
102
{ACAD_XDICTIONARY
360
100000E0
102
}
330
1F
100
AcDbEntity
  8
VISIBLE
100
AcDbCircle
 10
382.0
 20
-2.600000000000001
 30
0.0
 40
1.0
100
AcDbArc
 50
318.5903778907293
 51
131.409622109272
  0
ARC
  5
100000E5
102
{ACAD_XDICTIONARY
360
100000E6
102
}
330
1F
100
AcDbEntity
  8
VISIBLE
100
AcDbCircle
 10
385.0
 20
-5.245751311064588
 30
0.0
 40
3.0
100
AcDbArc
 50
138.5903778907291
 51
180.0
  0
LINE
  5
100000EB
102
{ACAD_XDICTIONARY
360
100000EC
102
}
330
1F
100
AcDbEntity
  8
VISIBLE
100
AcDbLine
 10
382.0
 20
-5.245751311064588
 30
0.0
 11
382.0
 21
-13.95424868893541
 31
0.0
  0
ARC
  5
100000EF
102
{ACAD_XDICTIONARY
360
100000F0
102
}
330
1F
100
AcDbEntity
  8
VISIBLE
100
AcDbCircle
 10
385.0
 20
-13.95424868893541
 30
0.0
 40
2.999999999999994
100
AcDbArc
 50
180.0
 51
221.4096221092708
  0
ARC
  5
100000F5
102
{ACAD_XDICTIONARY
360
100000F6
102
}
330
1F
100
AcDbEntity
  8
VISIBLE
100
AcDbCircle
 10
382.0
 20
-16.59999999999996
 30
0.0
 40
1.0
100
AcDbArc
 50
228.5903778907294
 51
41.40962210926916
  0
ARC
  5
100000FB
102
{ACAD_XDICTIONARY
360
100000FC
102
}
330
1F
100
AcDbEntity
  8
VISIBLE
100
AcDbCircle
 10
379.3542486889354
 20
-19.59999999999999
 30
0.0
 40
2.999999999999993
100
AcDbArc
 50
48.59037789072938
 51
90.0
  0
LINE
  5
10000101
102
{ACAD_XDICTIONARY
360
10000102
102
}
330
1F
100
AcDbEntity
  8
VISIBLE
100
AcDbLine
 10
379.3542486889354
 20
-16.6
 30
0.0
 11
370.6457513110646
 21
-16.6
 31
0.0
  0
ARC
  5
10000105
102
{ACAD_XDICTIONARY
360
10000106
102
}
330
1F
100
AcDbEntity
  8
VISIBLE
100
AcDbCircle
 10
370.6457513110646
 20
-19.59999999999999
 30
0.0
 40
2.99999999999999
100
AcDbArc
 50
90.0
 51
131.4096221092707
  0
ARC
  5
1000010B
102
{ACAD_XDICTIONARY
360
1000010C
102
}
330
1F
100
AcDbEntity
  8
VISIBLE
100
AcDbCircle
 10
368.0
 20
-16.60000000000001
 30
0.0
 40
0.9999999999999996
100
AcDbArc
 50
138.5903778907306
 51
311.4096221092726
  0
ARC
  5
10000111
102
{ACAD_XDICTIONARY
360
10000112
102
}
330
1F
100
AcDbEntity
  8
VISIBLE
100
AcDbCircle
 10
365.0
 20
-13.9542486889354
 30
0.0
 40
3.000000000000027
100
AcDbArc
 50
318.5903778907283
 51
0.0
  0
LINE
  5
10000117
102
{ACAD_XDICTIONARY
360
10000118
102
}
330
1F
100
AcDbEntity
  8
VISIBLE
100
AcDbLine
 10
368.0
 20
-5.245751311064583
 30
0.0
 11
368.0
 21
-13.95424868893541
 31
0.0
  0
ARC
  5
1000011B
102
{ACAD_XDICTIONARY
360
1000011C
102
}
330
1F
100
AcDbEntity
  8
VISIBLE
100
AcDbCircle
 10
365.0
 20
-5.245751311064582
 30
0.0
 40
2.999999999999987
100
AcDbArc
 50
0.0
 51
41.4096221092715
  0
ARC
  5
10000121
102
{ACAD_XDICTIONARY
360
10000122
102
}
330
1F
100
AcDbEntity
  8
VISIBLE
100
AcDbCircle
 10
348.8
 20
-2.600000000000001
 30
0.0
 40
1.0
100
AcDbArc
 50
48.59037789073039
 51
221.4096221092685
  0
ARC
  5
10000127
102
{ACAD_XDICTIONARY
360
10000128
102
}
330
1F
100
AcDbEntity
  8
VISIBLE
100
AcDbCircle
 10
351.4457513110646
 20
0.3999999999999939
 30
0.0
 40
2.999999999999992
100
AcDbArc
 50
228.5903778907285
 51
270.0
  0
LINE
  5
1000012D
102
{ACAD_XDICTIONARY
360
1000012E
102
}
330
1F
100
AcDbEntity
  8
VISIBLE
100
AcDbLine
 10
360.1542486889354
 20
-2.599999999999989
 30
0.0
 11
351.4457513110646
 21
-2.599999999999997
 31
0.0
  0
ARC
  5
10000131
102
{ACAD_XDICTIONARY
360
10000132
102
}
330
1F
100
AcDbEntity
  8
VISIBLE
100
AcDbCircle
 10
360.1542486889354
 20
0.4000000000000062
 30
0.0
 40
2.999999999999995
100
AcDbArc
 50
270.0
 51
311.4096221092705
  0
ARC
  5
10000137
102
{ACAD_XDICTIONARY
360
10000138
102
}
330
1F
100
AcDbEntity
  8
VISIBLE
100
AcDbCircle
 10
362.8
 20
-2.600000000000001
 30
0.0
 40
1.0
100
AcDbArc
 50
318.5903778907293
 51
131.409622109272
  0
ARC
  5
1000013D
102
{ACAD_XDICTIONARY
360
1000013E
102
}
330
1F
100
AcDbEntity
  8
VISIBLE
100
AcDbCircle
 10
365.8
 20
-5.245751311064588
 30
0.0
 40
3.0
100
AcDbArc
 50
138.5903778907291
 51
180.0
  0
LINE
  5
10000143
102
{ACAD_XDICTIONARY
360
10000144
102
}
330
1F
100
AcDbEntity
  8
VISIBLE
100
AcDbLine
 10
362.8
 20
-5.245751311064588
 30
0.0
 11
362.8
 21
-13.95424868893541
 31
0.0
  0
ARC
  5
10000147
102
{ACAD_XDICTIONARY
360
10000148
102
}
330
1F
100
AcDbEntity
  8
VISIBLE
100
AcDbCircle
 10
365.8
 20
-13.95424868893541
 30
0.0
 40
2.999999999999994
100
AcDbArc
 50
180.0
 51
221.4096221092708
  0
ARC
  5
1000014D
102
{ACAD_XDICTIONARY
360
1000014E
102
}
330
1F
100
AcDbEntity
  8
VISIBLE
100
AcDbCircle
 10
362.8
 20
-16.59999999999996
 30
0.0
 40
1.0
100
AcDbArc
 50
228.5903778907294
 51
41.40962210926916
  0
ARC
  5
10000153
102
{ACAD_XDICTIONARY
360
10000154
102
}
330
1F
100
AcDbEntity
  8
VISIBLE
100
AcDbCircle
 10
360.1542486889354
 20
-19.59999999999999
 30
0.0
 40
2.999999999999993
100
AcDbArc
 50
48.59037789072938
 51
90.0
  0
LINE
  5
10000159
102
{ACAD_XDICTIONARY
360
1000015A
102
}
330
1F
100
AcDbEntity
  8
VISIBLE
100
AcDbLine
 10
360.1542486889354
 20
-16.6
 30
0.0
 11
351.4457513110646
 21
-16.6
 31
0.0
  0
ARC
  5
1000015D
102
{ACAD_XDICTIONARY
360
1000015E
102
}
330
1F
100
AcDbEntity
  8
VISIBLE
100
AcDbCircle
 10
351.4457513110646
 20
-19.59999999999999
 30
0.0
 40
2.99999999999999
100
AcDbArc
 50
90.0
 51
131.4096221092707
  0
ARC
  5
10000163
102
{ACAD_XDICTIONARY
360
10000164
102
}
330
1F
100
AcDbEntity
  8
VISIBLE
100
AcDbCircle
 10
348.8
 20
-16.60000000000001
 30
0.0
 40
0.9999999999999996
100
AcDbArc
 50
138.5903778907306
 51
311.4096221092726
  0
ARC
  5
10000169
102
{ACAD_XDICTIONARY
360
1000016A
102
}
330
1F
100
AcDbEntity
  8
VISIBLE
100
AcDbCircle
 10
345.8
 20
-13.9542486889354
 30
0.0
 40
3.000000000000027
100
AcDbArc
 50
318.5903778907283
 51
0.0
  0
LINE
  5
1000016F
102
{ACAD_XDICTIONARY
360
10000170
102
}
330
1F
100
AcDbEntity
  8
VISIBLE
100
AcDbLine
 10
348.8
 20
-5.245751311064583
 30
0.0
 11
348.8
 21
-13.95424868893541
 31
0.0
  0
ARC
  5
10000173
102
{ACAD_XDICTIONARY
360
10000174
102
}
330
1F
100
AcDbEntity
  8
VISIBLE
100
AcDbCircle
 10
345.8
 20
-5.245751311064582
 30
0.0
 40
2.999999999999987
100
AcDbArc
 50
0.0
 51
41.4096221092715
  0
ARC
  5
10000179
102
{ACAD_XDICTIONARY
360
1000017A
102
}
330
1F
100
AcDbEntity
  8
VISIBLE
100
AcDbCircle
 10
329.6
 20
-2.600000000000001
 30
0.0
 40
1.0
100
AcDbArc
 50
48.59037789073039
 51
221.4096221092685
  0
ARC
  5
1000017F
102
{ACAD_XDICTIONARY
360
10000180
102
}
330
1F
100
AcDbEntity
  8
VISIBLE
100
AcDbCircle
 10
332.2457513110646
 20
0.3999999999999939
 30
0.0
 40
2.999999999999992
100
AcDbArc
 50
228.5903778907285
 51
270.0
  0
LINE
  5
10000185
102
{ACAD_XDICTIONARY
360
10000186
102
}
330
1F
100
AcDbEntity
  8
VISIBLE
100
AcDbLine
 10
340.9542486889354
 20
-2.599999999999989
 30
0.0
 11
332.2457513110646
 21
-2.599999999999997
 31
0.0
  0
ARC
  5
10000189
102
{ACAD_XDICTIONARY
360
1000018A
102
}
330
1F
100
AcDbEntity
  8
VISIBLE
100
AcDbCircle
 10
340.9542486889354
 20
0.4000000000000062
 30
0.0
 40
2.999999999999995
100
AcDbArc
 50
270.0
 51
311.4096221092705
  0
ARC
  5
1000018F
102
{ACAD_XDICTIONARY
360
10000190
102
}
330
1F
100
AcDbEntity
  8
VISIBLE
100
AcDbCircle
 10
343.6
 20
-2.600000000000001
 30
0.0
 40
1.0
100
AcDbArc
 50
318.5903778907272
 51
131.409622109272
  0
ARC
  5
10000195
102
{ACAD_XDICTIONARY
360
10000196
102
}
330
1F
100
AcDbEntity
  8
VISIBLE
100
AcDbCircle
 10
346.6
 20
-5.245751311064588
 30
0.0
 40
3.0
100
AcDbArc
 50
138.5903778907299
 51
180.0
  0
LINE
  5
1000019B
102
{ACAD_XDICTIONARY
360
1000019C
102
}
330
1F
100
AcDbEntity
  8
VISIBLE
100
AcDbLine
 10
343.6
 20
-5.245751311064588
 30
0.0
 11
343.6
 21
-13.95424868893541
 31
0.0
  0
ARC
  5
1000019F
102
{ACAD_XDICTIONARY
360
100001A0
102
}
330
1F
100
AcDbEntity
  8
VISIBLE
100
AcDbCircle
 10
346.6
 20
-13.95424868893541
 30
0.0
 40
2.999999999999994
100
AcDbArc
 50
180.0
 51
221.4096221092708
  0
ARC
  5
100001A5
102
{ACAD_XDICTIONARY
360
100001A6
102
}
330
1F
100
AcDbEntity
  8
VISIBLE
100
AcDbCircle
 10
343.6
 20
-16.59999999999996
 30
0.0
 40
1.0
100
AcDbArc
 50
228.5903778907294
 51
41.40962210927129
  0
ARC
  5
100001AB
102
{ACAD_XDICTIONARY
360
100001AC
102
}
330
1F
100
AcDbEntity
  8
VISIBLE
100
AcDbCircle
 10
340.9542486889354
 20
-19.59999999999999
 30
0.0
 40
2.999999999999993
100
AcDbArc
 50
48.59037789072938
 51
90.0
  0
LINE
  5
100001B1
102
{ACAD_XDICTIONARY
360
100001B2
102
}
330
1F
100
AcDbEntity
  8
VISIBLE
100
AcDbLine
 10
340.9542486889354
 20
-16.6
 30
0.0
 11
332.2457513110646
 21
-16.6
 31
0.0
  0
ARC
  5
100001B5
102
{ACAD_XDICTIONARY
360
100001B6
102
}
330
1F
100
AcDbEntity
  8
VISIBLE
100
AcDbCircle
 10
332.2457513110646
 20
-19.59999999999999
 30
0.0
 40
2.99999999999999
100
AcDbArc
 50
90.0
 51
131.4096221092716
  0
ARC
  5
100001BB
102
{ACAD_XDICTIONARY
360
100001BC
102
}
330
1F
100
AcDbEntity
  8
VISIBLE
100
AcDbCircle
 10
329.6
 20
-16.60000000000001
 30
0.0
 40
0.9999999999999996
100
AcDbArc
 50
138.5903778907306
 51
311.4096221092701
  0
ARC
  5
100001C1
102
{ACAD_XDICTIONARY
360
100001C2
102
}
330
1F
100
AcDbEntity
  8
VISIBLE
100
AcDbCircle
 10
326.6
 20
-13.9542486889354
 30
0.0
 40
3.000000000000027
100
AcDbArc
 50
318.5903778907283
 51
0.0
  0
LINE
  5
100001C7
102
{ACAD_XDICTIONARY
360
100001C8
102
}
330
1F
100
AcDbEntity
  8
VISIBLE
100
AcDbLine
 10
329.6
 20
-5.245751311064583
 30
0.0
 11
329.6
 21
-13.95424868893541
 31
0.0
  0
ARC
  5
100001CB
102
{ACAD_XDICTIONARY
360
100001CC
102
}
330
1F
100
AcDbEntity
  8
VISIBLE
100
AcDbCircle
 10
326.6
 20
-5.245751311064582
 30
0.0
 40
2.999999999999987
100
AcDbArc
 50
0.0
 51
41.4096221092715
  0
ARC
  5
100001D1
102
{ACAD_XDICTIONARY
360
100001D2
102
}
330
1F
100
AcDbEntity
  8
VISIBLE
100
AcDbCircle
 10
310.4
 20
-2.600000000000001
 30
0.0
 40
1.0
100
AcDbArc
 50
48.59037789073039
 51
221.4096221092685
  0
ARC
  5
100001D7
102
{ACAD_XDICTIONARY
360
100001D8
102
}
330
1F
100
AcDbEntity
  8
VISIBLE
100
AcDbCircle
 10
313.0457513110646
 20
0.3999999999999939
 30
0.0
 40
2.999999999999992
100
AcDbArc
 50
228.5903778907293
 51
270.0
  0
LINE
  5
100001DD
102
{ACAD_XDICTIONARY
360
100001DE
102
}
330
1F
100
AcDbEntity
  8
VISIBLE
100
AcDbLine
 10
321.7542486889354
 20
-2.599999999999989
 30
0.0
 11
313.0457513110646
 21
-2.599999999999997
 31
0.0
  0
ARC
  5
100001E1
102
{ACAD_XDICTIONARY
360
100001E2
102
}
330
1F
100
AcDbEntity
  8
VISIBLE
100
AcDbCircle
 10
321.7542486889354
 20
0.4000000000000062
 30
0.0
 40
2.999999999999995
100
AcDbArc
 50
270.0
 51
311.4096221092705
  0
ARC
  5
100001E7
102
{ACAD_XDICTIONARY
360
100001E8
102
}
330
1F
100
AcDbEntity
  8
VISIBLE
100
AcDbCircle
 10
324.4
 20
-2.600000000000001
 30
0.0
 40
1.0
100
AcDbArc
 50
318.5903778907272
 51
131.409622109272
  0
ARC
  5
100001ED
102
{ACAD_XDICTIONARY
360
100001EE
102
}
330
1F
100
AcDbEntity
  8
VISIBLE
100
AcDbCircle
 10
327.4
 20
-5.245751311064588
 30
0.0
 40
3.0
100
AcDbArc
 50
138.5903778907299
 51
180.0
  0
LINE
  5
100001F3
102
{ACAD_XDICTIONARY
360
100001F4
102
}
330
1F
100
AcDbEntity
  8
VISIBLE
100
AcDbLine
 10
324.4
 20
-5.245751311064588
 30
0.0
 11
324.4
 21
-13.95424868893541
 31
0.0
  0
ARC
  5
100001F7
102
{ACAD_XDICTIONARY
360
100001F8
102
}
330
1F
100
AcDbEntity
  8
VISIBLE
100
AcDbCircle
 10
327.4
 20
-13.95424868893541
 30
0.0
 40
2.999999999999994
100
AcDbArc
 50
180.0
 51
221.4096221092701
  0
ARC
  5
100001FD
102
{ACAD_XDICTIONARY
360
100001FE
102
}
330
1F
100
AcDbEntity
  8
VISIBLE
100
AcDbCircle
 10
324.4
 20
-16.59999999999996
 30
0.0
 40
1.0
100
AcDbArc
 50
228.5903778907294
 51
41.40962210927129
  0
ARC
  5
10000203
102
{ACAD_XDICTIONARY
360
10000204
102
}
330
1F
100
AcDbEntity
  8
VISIBLE
100
AcDbCircle
 10
321.7542486889354
 20
-19.59999999999999
 30
0.0
 40
2.999999999999993
100
AcDbArc
 50
48.59037789072938
 51
90.0
  0
LINE
  5
10000209
102
{ACAD_XDICTIONARY
360
1000020A
102
}
330
1F
100
AcDbEntity
  8
VISIBLE
100
AcDbLine
 10
321.7542486889354
 20
-16.6
 30
0.0
 11
313.0457513110646
 21
-16.6
 31
0.0
  0
ARC
  5
1000020D
102
{ACAD_XDICTIONARY
360
1000020E
102
}
330
1F
100
AcDbEntity
  8
VISIBLE
100
AcDbCircle
 10
313.0457513110646
 20
-19.59999999999999
 30
0.0
 40
2.99999999999999
100
AcDbArc
 50
90.0
 51
131.4096221092707
  0
ARC
  5
10000213
102
{ACAD_XDICTIONARY
360
10000214
102
}
330
1F
100
AcDbEntity
  8
VISIBLE
100
AcDbCircle
 10
310.4
 20
-16.60000000000001
 30
0.0
 40
0.9999999999999996
100
AcDbArc
 50
138.5903778907306
 51
311.4096221092701
  0
ARC
  5
10000219
102
{ACAD_XDICTIONARY
360
1000021A
102
}
330
1F
100
AcDbEntity
  8
VISIBLE
100
AcDbCircle
 10
307.4
 20
-13.9542486889354
 30
0.0
 40
3.000000000000027
100
AcDbArc
 50
318.5903778907283
 51
0.0
  0
LINE
  5
1000021F
102
{ACAD_XDICTIONARY
360
10000220
102
}
330
1F
100
AcDbEntity
  8
VISIBLE
100
AcDbLine
 10
310.4
 20
-5.245751311064583
 30
0.0
 11
310.4
 21
-13.95424868893541
 31
0.0
  0
ARC
  5
10000223
102
{ACAD_XDICTIONARY
360
10000224
102
}
330
1F
100
AcDbEntity
  8
VISIBLE
100
AcDbCircle
 10
307.4
 20
-5.245751311064582
 30
0.0
 40
2.999999999999987
100
AcDbArc
 50
0.0
 51
41.4096221092715
  0
ARC
  5
10000229
102
{ACAD_XDICTIONARY
360
1000022A
102
}
330
1F
100
AcDbEntity
  8
VISIBLE
100
AcDbCircle
 10
291.2
 20
-2.600000000000001
 30
0.0
 40
1.0
100
AcDbArc
 50
48.59037789073039
 51
221.4096221092706
  0
ARC
  5
1000022F
102
{ACAD_XDICTIONARY
360
10000230
102
}
330
1F
100
AcDbEntity
  8
VISIBLE
100
AcDbCircle
 10
293.8457513110646
 20
0.3999999999999939
 30
0.0
 40
2.999999999999992
100
AcDbArc
 50
228.5903778907285
 51
270.0
  0
LINE
  5
10000235
102
{ACAD_XDICTIONARY
360
10000236
102
}
330
1F
100
AcDbEntity
  8
VISIBLE
100
AcDbLine
 10
302.5542486889354
 20
-2.599999999999989
 30
0.0
 11
293.8457513110646
 21
-2.599999999999997
 31
0.0
  0
ARC
  5
10000239
102
{ACAD_XDICTIONARY
360
1000023A
102
}
330
1F
100
AcDbEntity
  8
VISIBLE
100
AcDbCircle
 10
302.5542486889354
 20
0.4000000000000062
 30
0.0
 40
2.999999999999995
100
AcDbArc
 50
270.0
 51
311.4096221092705
  0
ARC
  5
1000023F
102
{ACAD_XDICTIONARY
360
10000240
102
}
330
1F
100
AcDbEntity
  8
VISIBLE
100
AcDbCircle
 10
305.2
 20
-2.600000000000001
 30
0.0
 40
1.0
100
AcDbArc
 50
318.5903778907272
 51
131.409622109272
  0
ARC
  5
10000245
102
{ACAD_XDICTIONARY
360
10000246
102
}
330
1F
100
AcDbEntity
  8
VISIBLE
100
AcDbCircle
 10
308.2
 20
-5.245751311064588
 30
0.0
 40
3.0
100
AcDbArc
 50
138.5903778907299
 51
180.0
  0
LINE
  5
1000024B
102
{ACAD_XDICTIONARY
360
1000024C
102
}
330
1F
100
AcDbEntity
  8
VISIBLE
100
AcDbLine
 10
305.2
 20
-5.245751311064588
 30
0.0
 11
305.2
 21
-13.95424868893541
 31
0.0
  0
ARC
  5
1000024F
102
{ACAD_XDICTIONARY
360
10000250
102
}
330
1F
100
AcDbEntity
  8
VISIBLE
100
AcDbCircle
 10
308.2
 20
-13.95424868893541
 30
0.0
 40
2.999999999999994
100
AcDbArc
 50
180.0
 51
221.4096221092701
  0
ARC
  5
10000255
102
{ACAD_XDICTIONARY
360
10000256
102
}
330
1F
100
AcDbEntity
  8
VISIBLE
100
AcDbCircle
 10
305.2
 20
-16.59999999999996
 30
0.0
 40
1.0
100
AcDbArc
 50
228.5903778907294
 51
41.40962210927129
  0
ARC
  5
1000025B
102
{ACAD_XDICTIONARY
360
1000025C
102
}
330
1F
100
AcDbEntity
  8
VISIBLE
100
AcDbCircle
 10
302.5542486889354
 20
-19.59999999999999
 30
0.0
 40
2.999999999999993
100
AcDbArc
 50
48.59037789072938
 51
90.0
  0
LINE
  5
10000261
102
{ACAD_XDICTIONARY
360
10000262
102
}
330
1F
100
AcDbEntity
  8
VISIBLE
100
AcDbLine
 10
302.5542486889354
 20
-16.6
 30
0.0
 11
293.8457513110646
 21
-16.6
 31
0.0
  0
ARC
  5
10000265
102
{ACAD_XDICTIONARY
360
10000266
102
}
330
1F
100
AcDbEntity
  8
VISIBLE
100
AcDbCircle
 10
293.8457513110646
 20
-19.59999999999999
 30
0.0
 40
2.99999999999999
100
AcDbArc
 50
90.0
 51
131.4096221092716
  0
ARC
  5
1000026B
102
{ACAD_XDICTIONARY
360
1000026C
102
}
330
1F
100
AcDbEntity
  8
VISIBLE
100
AcDbCircle
 10
291.2
 20
-16.60000000000001
 30
0.0
 40
0.9999999999999996
100
AcDbArc
 50
138.5903778907284
 51
311.4096221092701
  0
ARC
  5
10000271
102
{ACAD_XDICTIONARY
360
10000272
102
}
330
1F
100
AcDbEntity
  8
VISIBLE
100
AcDbCircle
 10
288.2
 20
-13.9542486889354
 30
0.0
 40
3.000000000000027
100
AcDbArc
 50
318.590377890729
 51
0.0
  0
LINE
  5
10000277
102
{ACAD_XDICTIONARY
360
10000278
102
}
330
1F
100
AcDbEntity
  8
VISIBLE
100
AcDbLine
 10
291.2
 20
-5.245751311064583
 30
0.0
 11
291.2
 21
-13.95424868893541
 31
0.0
  0
ARC
  5
1000027B
102
{ACAD_XDICTIONARY
360
1000027C
102
}
330
1F
100
AcDbEntity
  8
VISIBLE
100
AcDbCircle
 10
288.2
 20
-5.245751311064582
 30
0.0
 40
2.999999999999987
100
AcDbArc
 50
0.0
 51
41.40962210927078
  0
ARC
  5
10000281
102
{ACAD_XDICTIONARY
360
10000282
102
}
330
1F
100
AcDbEntity
  8
VISIBLE
100
AcDbCircle
 10
387.2
 20
-21.8
 30
0.0
 40
1.0
100
AcDbArc
 50
48.59037789073039
 51
221.4096221092684
  0
ARC
  5
10000287
102
{ACAD_XDICTIONARY
360
10000288
102
}
330
1F
100
AcDbEntity
  8
VISIBLE
100
AcDbCircle
 10
389.8457513110646
 20
-18.8
 30
0.0
 40
2.999999999999992
100
AcDbArc
 50
228.5903778907285
 51
270.0
  0
LINE
  5
1000028D
102
{ACAD_XDICTIONARY
360
1000028E
102
}
330
1F
100
AcDbEntity
  8
VISIBLE
100
AcDbLine
 10
398.5542486889354
 20
-21.79999999999999
 30
0.0
 11
389.8457513110646
 21
-21.79999999999999
 31
0.0
  0
ARC
  5
10000291
102
{ACAD_XDICTIONARY
360
10000292
102
}
330
1F
100
AcDbEntity
  8
VISIBLE
100
AcDbCircle
 10
398.5542486889354
 20
-18.79999999999999
 30
0.0
 40
2.999999999999995
100
AcDbArc
 50
270.0
 51
311.4096221092705
  0
ARC
  5
10000297
102
{ACAD_XDICTIONARY
360
10000298
102
}
330
1F
100
AcDbEntity
  8
VISIBLE
100
AcDbCircle
 10
401.2
 20
-21.8
 30
0.0
 40
1.0
100
AcDbArc
 50
318.5903778907295
 51
131.409622109272
  0
ARC
  5
1000029D
102
{ACAD_XDICTIONARY
360
1000029E
102
}
330
1F
100
AcDbEntity
  8
VISIBLE
100
AcDbCircle
 10
404.2
 20
-24.44575131106459
 30
0.0
 40
3.0
100
AcDbArc
 50
138.5903778907291
 51
180.0
  0
LINE
  5
100002A3
102
{ACAD_XDICTIONARY
360
100002A4
102
}
330
1F
100
AcDbEntity
  8
VISIBLE
100
AcDbLine
 10
401.2
 20
-24.44575131106459
 30
0.0
 11
401.2
 21
-33.1542486889354
 31
0.0
  0
ARC
  5
100002A7
102
{ACAD_XDICTIONARY
360
100002A8
102
}
330
1F
100
AcDbEntity
  8
VISIBLE
100
AcDbCircle
 10
404.2
 20
-33.1542486889354
 30
0.0
 40
2.999999999999994
100
AcDbArc
 50
180.0
 51
221.4096221092709
  0
ARC
  5
100002AD
102
{ACAD_XDICTIONARY
360
100002AE
102
}
330
1F
100
AcDbEntity
  8
VISIBLE
100
AcDbCircle
 10
401.2
 20
-35.79999999999995
 30
0.0
 40
1.0
100
AcDbArc
 50
228.590377890727
 51
41.40962210927129
  0
ARC
  5
100002B3
102
{ACAD_XDICTIONARY
360
100002B4
102
}
330
1F
100
AcDbEntity
  8
VISIBLE
100
AcDbCircle
 10
398.5542486889354
 20
-38.79999999999999
 30
0.0
 40
2.999999999999993
100
AcDbArc
 50
48.59037789072938
 51
90.0
  0
LINE
  5
100002B9
102
{ACAD_XDICTIONARY
360
100002BA
102
}
330
1F
100
AcDbEntity
  8
VISIBLE
100
AcDbLine
 10
398.5542486889354
 20
-35.8
 30
0.0
 11
389.8457513110646
 21
-35.8
 31
0.0
  0
ARC
  5
100002BD
102
{ACAD_XDICTIONARY
360
100002BE
102
}
330
1F
100
AcDbEntity
  8
VISIBLE
100
AcDbCircle
 10
389.8457513110646
 20
-38.79999999999999
 30
0.0
 40
2.99999999999999
100
AcDbArc
 50
90.0
 51
131.4096221092707
  0
ARC
  5
100002C3
102
{ACAD_XDICTIONARY
360
100002C4
102
}
330
1F
100
AcDbEntity
  8
VISIBLE
100
AcDbCircle
 10
387.2
 20
-35.80000000000001
 30
0.0
 40
0.9999999999999996
100
AcDbArc
 50
138.5903778907306
 51
311.4096221092727
  0
ARC
  5
100002C9
102
{ACAD_XDICTIONARY
360
100002CA
102
}
330
1F
100
AcDbEntity
  8
VISIBLE
100
AcDbCircle
 10
384.2
 20
-33.15424868893539
 30
0.0
 40
3.000000000000027
100
AcDbArc
 50
318.5903778907282
 51
0.0
  0
LINE
  5
100002CF
102
{ACAD_XDICTIONARY
360
100002D0
102
}
330
1F
100
AcDbEntity
  8
VISIBLE
100
AcDbLine
 10
387.2
 20
-24.44575131106458
 30
0.0
 11
387.2
 21
-33.1542486889354
 31
0.0
  0
ARC
  5
100002D3
102
{ACAD_XDICTIONARY
360
100002D4
102
}
330
1F
100
AcDbEntity
  8
VISIBLE
100
AcDbCircle
 10
384.2
 20
-24.44575131106458
 30
0.0
 40
2.999999999999987
100
AcDbArc
 50
0.0
 51
41.40962210927155
  0
ARC
  5
100002D9
102
{ACAD_XDICTIONARY
360
100002DA
102
}
330
1F
100
AcDbEntity
  8
VISIBLE
100
AcDbCircle
 10
368.0
 20
-21.8
 30
0.0
 40
1.0
100
AcDbArc
 50
48.59037789073039
 51
221.4096221092684
  0
ARC
  5
100002DF
102
{ACAD_XDICTIONARY
360
100002E0
102
}
330
1F
100
AcDbEntity
  8
VISIBLE
100
AcDbCircle
 10
370.6457513110646
 20
-18.8
 30
0.0
 40
2.999999999999992
100
AcDbArc
 50
228.5903778907285
 51
270.0
  0
LINE
  5
100002E5
102
{ACAD_XDICTIONARY
360
100002E6
102
}
330
1F
100
AcDbEntity
  8
VISIBLE
100
AcDbLine
 10
379.3542486889354
 20
-21.79999999999999
 30
0.0
 11
370.6457513110646
 21
-21.79999999999999
 31
0.0
  0
ARC
  5
100002E9
102
{ACAD_XDICTIONARY
360
100002EA
102
}
330
1F
100
AcDbEntity
  8
VISIBLE
100
AcDbCircle
 10
379.3542486889354
 20
-18.79999999999999
 30
0.0
 40
2.999999999999995
100
AcDbArc
 50
270.0
 51
311.4096221092705
  0
ARC
  5
100002EF
102
{ACAD_XDICTIONARY
360
100002F0
102
}
330
1F
100
AcDbEntity
  8
VISIBLE
100
AcDbCircle
 10
382.0
 20
-21.8
 30
0.0
 40
1.0
100
AcDbArc
 50
318.5903778907295
 51
131.409622109272
  0
ARC
  5
100002F5
102
{ACAD_XDICTIONARY
360
100002F6
102
}
330
1F
100
AcDbEntity
  8
VISIBLE
100
AcDbCircle
 10
385.0
 20
-24.44575131106459
 30
0.0
 40
3.0
100
AcDbArc
 50
138.5903778907291
 51
180.0
  0
LINE
  5
100002FB
102
{ACAD_XDICTIONARY
360
100002FC
102
}
330
1F
100
AcDbEntity
  8
VISIBLE
100
AcDbLine
 10
382.0
 20
-24.44575131106459
 30
0.0
 11
382.0
 21
-33.1542486889354
 31
0.0
  0
ARC
  5
100002FF
102
{ACAD_XDICTIONARY
360
10000300
102
}
330
1F
100
AcDbEntity
  8
VISIBLE
100
AcDbCircle
 10
385.0
 20
-33.1542486889354
 30
0.0
 40
2.999999999999994
100
AcDbArc
 50
180.0
 51
221.4096221092709
  0
ARC
  5
10000305
102
{ACAD_XDICTIONARY
360
10000306
102
}
330
1F
100
AcDbEntity
  8
VISIBLE
100
AcDbCircle
 10
382.0
 20
-35.79999999999995
 30
0.0
 40
1.0
100
AcDbArc
 50
228.5903778907294
 51
41.40962210926916
  0
ARC
  5
1000030B
102
{ACAD_XDICTIONARY
360
1000030C
102
}
330
1F
100
AcDbEntity
  8
VISIBLE
100
AcDbCircle
 10
379.3542486889354
 20
-38.79999999999999
 30
0.0
 40
2.999999999999993
100
AcDbArc
 50
48.59037789072938
 51
90.0
  0
LINE
  5
10000311
102
{ACAD_XDICTIONARY
360
10000312
102
}
330
1F
100
AcDbEntity
  8
VISIBLE
100
AcDbLine
 10
379.3542486889354
 20
-35.8
 30
0.0
 11
370.6457513110646
 21
-35.8
 31
0.0
  0
ARC
  5
10000315
102
{ACAD_XDICTIONARY
360
10000316
102
}
330
1F
100
AcDbEntity
  8
VISIBLE
100
AcDbCircle
 10
370.6457513110646
 20
-38.79999999999999
 30
0.0
 40
2.99999999999999
100
AcDbArc
 50
90.0
 51
131.4096221092707
  0
ARC
  5
1000031B
102
{ACAD_XDICTIONARY
360
1000031C
102
}
330
1F
100
AcDbEntity
  8
VISIBLE
100
AcDbCircle
 10
368.0
 20
-35.80000000000001
 30
0.0
 40
0.9999999999999996
100
AcDbArc
 50
138.5903778907306
 51
311.4096221092727
  0
ARC
  5
10000321
102
{ACAD_XDICTIONARY
360
10000322
102
}
330
1F
100
AcDbEntity
  8
VISIBLE
100
AcDbCircle
 10
365.0
 20
-33.15424868893539
 30
0.0
 40
3.000000000000027
100
AcDbArc
 50
318.5903778907282
 51
0.0
  0
LINE
  5
10000327
102
{ACAD_XDICTIONARY
360
10000328
102
}
330
1F
100
AcDbEntity
  8
VISIBLE
100
AcDbLine
 10
368.0
 20
-24.44575131106458
 30
0.0
 11
368.0
 21
-33.1542486889354
 31
0.0
  0
ARC
  5
1000032B
102
{ACAD_XDICTIONARY
360
1000032C
102
}
330
1F
100
AcDbEntity
  8
VISIBLE
100
AcDbCircle
 10
365.0
 20
-24.44575131106458
 30
0.0
 40
2.999999999999987
100
AcDbArc
 50
0.0
 51
41.40962210927155
  0
ARC
  5
10000331
102
{ACAD_XDICTIONARY
360
10000332
102
}
330
1F
100
AcDbEntity
  8
VISIBLE
100
AcDbCircle
 10
348.8
 20
-21.8
 30
0.0
 40
1.0
100
AcDbArc
 50
48.59037789073039
 51
221.4096221092684
  0
ARC
  5
10000337
102
{ACAD_XDICTIONARY
360
10000338
102
}
330
1F
100
AcDbEntity
  8
VISIBLE
100
AcDbCircle
 10
351.4457513110646
 20
-18.8
 30
0.0
 40
2.999999999999992
100
AcDbArc
 50
228.5903778907285
 51
270.0
  0
LINE
  5
1000033D
102
{ACAD_XDICTIONARY
360
1000033E
102
}
330
1F
100
AcDbEntity
  8
VISIBLE
100
AcDbLine
 10
360.1542486889354
 20
-21.79999999999999
 30
0.0
 11
351.4457513110646
 21
-21.79999999999999
 31
0.0
  0
ARC
  5
10000341
102
{ACAD_XDICTIONARY
360
10000342
102
}
330
1F
100
AcDbEntity
  8
VISIBLE
100
AcDbCircle
 10
360.1542486889354
 20
-18.79999999999999
 30
0.0
 40
2.999999999999995
100
AcDbArc
 50
270.0
 51
311.4096221092705
  0
ARC
  5
10000347
102
{ACAD_XDICTIONARY
360
10000348
102
}
330
1F
100
AcDbEntity
  8
VISIBLE
100
AcDbCircle
 10
362.8
 20
-21.8
 30
0.0
 40
1.0
100
AcDbArc
 50
318.5903778907295
 51
131.409622109272
  0
ARC
  5
1000034D
102
{ACAD_XDICTIONARY
360
1000034E
102
}
330
1F
100
AcDbEntity
  8
VISIBLE
100
AcDbCircle
 10
365.8
 20
-24.44575131106459
 30
0.0
 40
3.0
100
AcDbArc
 50
138.5903778907291
 51
180.0
  0
LINE
  5
10000353
102
{ACAD_XDICTIONARY
360
10000354
102
}
330
1F
100
AcDbEntity
  8
VISIBLE
100
AcDbLine
 10
362.8
 20
-24.44575131106459
 30
0.0
 11
362.8
 21
-33.1542486889354
 31
0.0
  0
ARC
  5
10000357
102
{ACAD_XDICTIONARY
360
10000358
102
}
330
1F
100
AcDbEntity
  8
VISIBLE
100
AcDbCircle
 10
365.8
 20
-33.1542486889354
 30
0.0
 40
2.999999999999994
100
AcDbArc
 50
180.0
 51
221.4096221092709
  0
ARC
  5
1000035D
102
{ACAD_XDICTIONARY
360
1000035E
102
}
330
1F
100
AcDbEntity
  8
VISIBLE
100
AcDbCircle
 10
362.8
 20
-35.79999999999995
 30
0.0
 40
1.0
100
AcDbArc
 50
228.5903778907294
 51
41.40962210926916
  0
ARC
  5
10000363
102
{ACAD_XDICTIONARY
360
10000364
102
}
330
1F
100
AcDbEntity
  8
VISIBLE
100
AcDbCircle
 10
360.1542486889354
 20
-38.79999999999999
 30
0.0
 40
2.999999999999993
100
AcDbArc
 50
48.59037789072938
 51
90.0
  0
LINE
  5
10000369
102
{ACAD_XDICTIONARY
360
1000036A
102
}
330
1F
100
AcDbEntity
  8
VISIBLE
100
AcDbLine
 10
360.1542486889354
 20
-35.8
 30
0.0
 11
351.4457513110646
 21
-35.8
 31
0.0
  0
ARC
  5
1000036D
102
{ACAD_XDICTIONARY
360
1000036E
102
}
330
1F
100
AcDbEntity
  8
VISIBLE
100
AcDbCircle
 10
351.4457513110646
 20
-38.79999999999999
 30
0.0
 40
2.99999999999999
100
AcDbArc
 50
90.0
 51
131.4096221092707
  0
ARC
  5
10000373
102
{ACAD_XDICTIONARY
360
10000374
102
}
330
1F
100
AcDbEntity
  8
VISIBLE
100
AcDbCircle
 10
348.8
 20
-35.80000000000001
 30
0.0
 40
0.9999999999999996
100
AcDbArc
 50
138.5903778907306
 51
311.4096221092727
  0
ARC
  5
10000379
102
{ACAD_XDICTIONARY
360
1000037A
102
}
330
1F
100
AcDbEntity
  8
VISIBLE
100
AcDbCircle
 10
345.8
 20
-33.15424868893539
 30
0.0
 40
3.000000000000027
100
AcDbArc
 50
318.5903778907282
 51
0.0
  0
LINE
  5
1000037F
102
{ACAD_XDICTIONARY
360
10000380
102
}
330
1F
100
AcDbEntity
  8
VISIBLE
100
AcDbLine
 10
348.8
 20
-24.44575131106458
 30
0.0
 11
348.8
 21
-33.1542486889354
 31
0.0
  0
ARC
  5
10000383
102
{ACAD_XDICTIONARY
360
10000384
102
}
330
1F
100
AcDbEntity
  8
VISIBLE
100
AcDbCircle
 10
345.8
 20
-24.44575131106458
 30
0.0
 40
2.999999999999987
100
AcDbArc
 50
0.0
 51
41.40962210927155
  0
ARC
  5
10000389
102
{ACAD_XDICTIONARY
360
1000038A
102
}
330
1F
100
AcDbEntity
  8
VISIBLE
100
AcDbCircle
 10
329.6
 20
-21.8
 30
0.0
 40
1.0
100
AcDbArc
 50
48.59037789073039
 51
221.4096221092684
  0
ARC
  5
1000038F
102
{ACAD_XDICTIONARY
360
10000390
102
}
330
1F
100
AcDbEntity
  8
VISIBLE
100
AcDbCircle
 10
332.2457513110646
 20
-18.8
 30
0.0
 40
2.999999999999992
100
AcDbArc
 50
228.5903778907285
 51
270.0
  0
LINE
  5
10000395
102
{ACAD_XDICTIONARY
360
10000396
102
}
330
1F
100
AcDbEntity
  8
VISIBLE
100
AcDbLine
 10
340.9542486889354
 20
-21.79999999999999
 30
0.0
 11
332.2457513110646
 21
-21.79999999999999
 31
0.0
  0
ARC
  5
10000399
102
{ACAD_XDICTIONARY
360
1000039A
102
}
330
1F
100
AcDbEntity
  8
VISIBLE
100
AcDbCircle
 10
340.9542486889354
 20
-18.79999999999999
 30
0.0
 40
2.999999999999995
100
AcDbArc
 50
270.0
 51
311.4096221092705
  0
ARC
  5
1000039F
102
{ACAD_XDICTIONARY
360
100003A0
102
}
330
1F
100
AcDbEntity
  8
VISIBLE
100
AcDbCircle
 10
343.6
 20
-21.8
 30
0.0
 40
1.0
100
AcDbArc
 50
318.5903778907273
 51
131.409622109272
  0
ARC
  5
100003A5
102
{ACAD_XDICTIONARY
360
100003A6
102
}
330
1F
100
AcDbEntity
  8
VISIBLE
100
AcDbCircle
 10
346.6
 20
-24.44575131106459
 30
0.0
 40
3.0
100
AcDbArc
 50
138.5903778907298
 51
180.0
  0
LINE
  5
100003AB
102
{ACAD_XDICTIONARY
360
100003AC
102
}
330
1F
100
AcDbEntity
  8
VISIBLE
100
AcDbLine
 10
343.6
 20
-24.44575131106459
 30
0.0
 11
343.6
 21
-33.1542486889354
 31
0.0
  0
ARC
  5
100003AF
102
{ACAD_XDICTIONARY
360
100003B0
102
}
330
1F
100
AcDbEntity
  8
VISIBLE
100
AcDbCircle
 10
346.6
 20
-33.1542486889354
 30
0.0
 40
2.999999999999994
100
AcDbArc
 50
180.0
 51
221.4096221092709
  0
ARC
  5
100003B5
102
{ACAD_XDICTIONARY
360
100003B6
102
}
330
1F
100
AcDbEntity
  8
VISIBLE
100
AcDbCircle
 10
343.6
 20
-35.79999999999995
 30
0.0
 40
1.0
100
AcDbArc
 50
228.5903778907294
 51
41.40962210927129
  0
ARC
  5
100003BB
102
{ACAD_XDICTIONARY
360
100003BC
102
}
330
1F
100
AcDbEntity
  8
VISIBLE
100
AcDbCircle
 10
340.9542486889354
 20
-38.79999999999999
 30
0.0
 40
2.999999999999993
100
AcDbArc
 50
48.59037789072938
 51
90.0
  0
LINE
  5
100003C1
102
{ACAD_XDICTIONARY
360
100003C2
102
}
330
1F
100
AcDbEntity
  8
VISIBLE
100
AcDbLine
 10
340.9542486889354
 20
-35.8
 30
0.0
 11
332.2457513110646
 21
-35.8
 31
0.0
  0
ARC
  5
100003C5
102
{ACAD_XDICTIONARY
360
100003C6
102
}
330
1F
100
AcDbEntity
  8
VISIBLE
100
AcDbCircle
 10
332.2457513110646
 20
-38.79999999999999
 30
0.0
 40
2.99999999999999
100
AcDbArc
 50
90.0
 51
131.4096221092715
  0
ARC
  5
100003CB
102
{ACAD_XDICTIONARY
360
100003CC
102
}
330
1F
100
AcDbEntity
  8
VISIBLE
100
AcDbCircle
 10
329.6
 20
-35.80000000000001
 30
0.0
 40
0.9999999999999996
100
AcDbArc
 50
138.5903778907306
 51
311.4096221092703
  0
ARC
  5
100003D1
102
{ACAD_XDICTIONARY
360
100003D2
102
}
330
1F
100
AcDbEntity
  8
VISIBLE
100
AcDbCircle
 10
326.6
 20
-33.15424868893539
 30
0.0
 40
3.000000000000027
100
AcDbArc
 50
318.5903778907282
 51
0.0
  0
LINE
  5
100003D7
102
{ACAD_XDICTIONARY
360
100003D8
102
}
330
1F
100
AcDbEntity
  8
VISIBLE
100
AcDbLine
 10
329.6
 20
-24.44575131106458
 30
0.0
 11
329.6
 21
-33.1542486889354
 31
0.0
  0
ARC
  5
100003DB
102
{ACAD_XDICTIONARY
360
100003DC
102
}
330
1F
100
AcDbEntity
  8
VISIBLE
100
AcDbCircle
 10
326.6
 20
-24.44575131106458
 30
0.0
 40
2.999999999999987
100
AcDbArc
 50
0.0
 51
41.40962210927155
  0
ARC
  5
100003E1
102
{ACAD_XDICTIONARY
360
100003E2
102
}
330
1F
100
AcDbEntity
  8
VISIBLE
100
AcDbCircle
 10
310.4
 20
-21.8
 30
0.0
 40
1.0
100
AcDbArc
 50
48.59037789073039
 51
221.4096221092684
  0
ARC
  5
100003E7
102
{ACAD_XDICTIONARY
360
100003E8
102
}
330
1F
100
AcDbEntity
  8
VISIBLE
100
AcDbCircle
 10
313.0457513110646
 20
-18.8
 30
0.0
 40
2.999999999999992
100
AcDbArc
 50
228.5903778907293
 51
270.0
  0
LINE
  5
100003ED
102
{ACAD_XDICTIONARY
360
100003EE
102
}
330
1F
100
AcDbEntity
  8
VISIBLE
100
AcDbLine
 10
321.7542486889354
 20
-21.79999999999999
 30
0.0
 11
313.0457513110646
 21
-21.79999999999999
 31
0.0
  0
ARC
  5
100003F1
102
{ACAD_XDICTIONARY
360
100003F2
102
}
330
1F
100
AcDbEntity
  8
VISIBLE
100
AcDbCircle
 10
321.7542486889354
 20
-18.79999999999999
 30
0.0
 40
2.999999999999995
100
AcDbArc
 50
270.0
 51
311.4096221092705
  0
ARC
  5
100003F7
102
{ACAD_XDICTIONARY
360
100003F8
102
}
330
1F
100
AcDbEntity
  8
VISIBLE
100
AcDbCircle
 10
324.4
 20
-21.8
 30
0.0
 40
1.0
100
AcDbArc
 50
318.5903778907273
 51
131.409622109272
  0
ARC
  5
100003FD
102
{ACAD_XDICTIONARY
360
100003FE
102
}
330
1F
100
AcDbEntity
  8
VISIBLE
100
AcDbCircle
 10
327.4
 20
-24.44575131106459
 30
0.0
 40
3.0
100
AcDbArc
 50
138.5903778907298
 51
180.0
  0
LINE
  5
10000403
102
{ACAD_XDICTIONARY
360
10000404
102
}
330
1F
100
AcDbEntity
  8
VISIBLE
100
AcDbLine
 10
324.4
 20
-24.44575131106459
 30
0.0
 11
324.4
 21
-33.1542486889354
 31
0.0
  0
ARC
  5
10000407
102
{ACAD_XDICTIONARY
360
10000408
102
}
330
1F
100
AcDbEntity
  8
VISIBLE
100
AcDbCircle
 10
327.4
 20
-33.1542486889354
 30
0.0
 40
2.999999999999994
100
AcDbArc
 50
180.0
 51
221.4096221092701
  0
ARC
  5
1000040D
102
{ACAD_XDICTIONARY
360
1000040E
102
}
330
1F
100
AcDbEntity
  8
VISIBLE
100
AcDbCircle
 10
324.4
 20
-35.79999999999995
 30
0.0
 40
1.0
100
AcDbArc
 50
228.5903778907294
 51
41.40962210927129
  0
ARC
  5
10000413
102
{ACAD_XDICTIONARY
360
10000414
102
}
330
1F
100
AcDbEntity
  8
VISIBLE
100
AcDbCircle
 10
321.7542486889354
 20
-38.79999999999999
 30
0.0
 40
2.999999999999993
100
AcDbArc
 50
48.59037789072938
 51
90.0
  0
LINE
  5
10000419
102
{ACAD_XDICTIONARY
360
1000041A
102
}
330
1F
100
AcDbEntity
  8
VISIBLE
100
AcDbLine
 10
321.7542486889354
 20
-35.8
 30
0.0
 11
313.0457513110646
 21
-35.8
 31
0.0
  0
ARC
  5
1000041D
102
{ACAD_XDICTIONARY
360
1000041E
102
}
330
1F
100
AcDbEntity
  8
VISIBLE
100
AcDbCircle
 10
313.0457513110646
 20
-38.79999999999999
 30
0.0
 40
2.99999999999999
100
AcDbArc
 50
90.0
 51
131.4096221092707
  0
ARC
  5
10000423
102
{ACAD_XDICTIONARY
360
10000424
102
}
330
1F
100
AcDbEntity
  8
VISIBLE
100
AcDbCircle
 10
310.4
 20
-35.80000000000001
 30
0.0
 40
0.9999999999999996
100
AcDbArc
 50
138.5903778907306
 51
311.4096221092703
  0
ARC
  5
10000429
102
{ACAD_XDICTIONARY
360
1000042A
102
}
330
1F
100
AcDbEntity
  8
VISIBLE
100
AcDbCircle
 10
307.4
 20
-33.15424868893539
 30
0.0
 40
3.000000000000027
100
AcDbArc
 50
318.5903778907282
 51
0.0
  0
LINE
  5
1000042F
102
{ACAD_XDICTIONARY
360
10000430
102
}
330
1F
100
AcDbEntity
  8
VISIBLE
100
AcDbLine
 10
310.4
 20
-24.44575131106458
 30
0.0
 11
310.4
 21
-33.1542486889354
 31
0.0
  0
ARC
  5
10000433
102
{ACAD_XDICTIONARY
360
10000434
102
}
330
1F
100
AcDbEntity
  8
VISIBLE
100
AcDbCircle
 10
307.4
 20
-24.44575131106458
 30
0.0
 40
2.999999999999987
100
AcDbArc
 50
0.0
 51
41.40962210927155
  0
ARC
  5
10000439
102
{ACAD_XDICTIONARY
360
1000043A
102
}
330
1F
100
AcDbEntity
  8
VISIBLE
100
AcDbCircle
 10
291.2
 20
-21.8
 30
0.0
 40
1.0
100
AcDbArc
 50
48.59037789073039
 51
221.4096221092705
  0
ARC
  5
1000043F
102
{ACAD_XDICTIONARY
360
10000440
102
}
330
1F
100
AcDbEntity
  8
VISIBLE
100
AcDbCircle
 10
293.8457513110646
 20
-18.8
 30
0.0
 40
2.999999999999992
100
AcDbArc
 50
228.5903778907285
 51
270.0
  0
LINE
  5
10000445
102
{ACAD_XDICTIONARY
360
10000446
102
}
330
1F
100
AcDbEntity
  8
VISIBLE
100
AcDbLine
 10
302.5542486889354
 20
-21.79999999999999
 30
0.0
 11
293.8457513110646
 21
-21.79999999999999
 31
0.0
  0
ARC
  5
10000449
102
{ACAD_XDICTIONARY
360
1000044A
102
}
330
1F
100
AcDbEntity
  8
VISIBLE
100
AcDbCircle
 10
302.5542486889354
 20
-18.79999999999999
 30
0.0
 40
2.999999999999995
100
AcDbArc
 50
270.0
 51
311.4096221092705
  0
ARC
  5
1000044F
102
{ACAD_XDICTIONARY
360
10000450
102
}
330
1F
100
AcDbEntity
  8
VISIBLE
100
AcDbCircle
 10
305.2
 20
-21.8
 30
0.0
 40
1.0
100
AcDbArc
 50
318.5903778907273
 51
131.409622109272
  0
ARC
  5
10000455
102
{ACAD_XDICTIONARY
360
10000456
102
}
330
1F
100
AcDbEntity
  8
VISIBLE
100
AcDbCircle
 10
308.2
 20
-24.44575131106459
 30
0.0
 40
3.0
100
AcDbArc
 50
138.5903778907298
 51
180.0
  0
LINE
  5
1000045B
102
{ACAD_XDICTIONARY
360
1000045C
102
}
330
1F
100
AcDbEntity
  8
VISIBLE
100
AcDbLine
 10
305.2
 20
-24.44575131106459
 30
0.0
 11
305.2
 21
-33.1542486889354
 31
0.0
  0
ARC
  5
1000045F
102
{ACAD_XDICTIONARY
360
10000460
102
}
330
1F
100
AcDbEntity
  8
VISIBLE
100
AcDbCircle
 10
308.2
 20
-33.1542486889354
 30
0.0
 40
2.999999999999994
100
AcDbArc
 50
180.0
 51
221.4096221092701
  0
ARC
  5
10000465
102
{ACAD_XDICTIONARY
360
10000466
102
}
330
1F
100
AcDbEntity
  8
VISIBLE
100
AcDbCircle
 10
305.2
 20
-35.79999999999995
 30
0.0
 40
1.0
100
AcDbArc
 50
228.5903778907294
 51
41.40962210927129
  0
ARC
  5
1000046B
102
{ACAD_XDICTIONARY
360
1000046C
102
}
330
1F
100
AcDbEntity
  8
VISIBLE
100
AcDbCircle
 10
302.5542486889354
 20
-38.79999999999999
 30
0.0
 40
2.999999999999993
100
AcDbArc
 50
48.59037789072938
 51
90.0
  0
LINE
  5
10000471
102
{ACAD_XDICTIONARY
360
10000472
102
}
330
1F
100
AcDbEntity
  8
VISIBLE
100
AcDbLine
 10
302.5542486889354
 20
-35.8
 30
0.0
 11
293.8457513110646
 21
-35.8
 31
0.0
  0
ARC
  5
10000475
102
{ACAD_XDICTIONARY
360
10000476
102
}
330
1F
100
AcDbEntity
  8
VISIBLE
100
AcDbCircle
 10
293.8457513110646
 20
-38.79999999999999
 30
0.0
 40
2.99999999999999
100
AcDbArc
 50
90.0
 51
131.4096221092715
  0
ARC
  5
1000047B
102
{ACAD_XDICTIONARY
360
1000047C
102
}
330
1F
100
AcDbEntity
  8
VISIBLE
100
AcDbCircle
 10
291.2
 20
-35.80000000000001
 30
0.0
 40
0.9999999999999996
100
AcDbArc
 50
138.5903778907284
 51
311.4096221092703
  0
ARC
  5
10000481
102
{ACAD_XDICTIONARY
360
10000482
102
}
330
1F
100
AcDbEntity
  8
VISIBLE
100
AcDbCircle
 10
288.2
 20
-33.15424868893539
 30
0.0
 40
3.000000000000027
100
AcDbArc
 50
318.5903778907289
 51
0.0
  0
LINE
  5
10000487
102
{ACAD_XDICTIONARY
360
10000488
102
}
330
1F
100
AcDbEntity
  8
VISIBLE
100
AcDbLine
 10
291.2
 20
-24.44575131106458
 30
0.0
 11
291.2
 21
-33.1542486889354
 31
0.0
  0
ARC
  5
1000048B
102
{ACAD_XDICTIONARY
360
1000048C
102
}
330
1F
100
AcDbEntity
  8
VISIBLE
100
AcDbCircle
 10
288.2
 20
-24.44575131106458
 30
0.0
 40
2.999999999999987
100
AcDbArc
 50
0.0
 51
41.40962210927083
  0
ARC
  5
10000491
102
{ACAD_XDICTIONARY
360
10000492
102
}
330
1F
100
AcDbEntity
  8
VISIBLE
100
AcDbCircle
 10
387.2
 20
-40.99999999999999
 30
0.0
 40
1.0
100
AcDbArc
 50
48.59037789073024
 51
221.4096221092688
  0
ARC
  5
10000497
102
{ACAD_XDICTIONARY
360
10000498
102
}
330
1F
100
AcDbEntity
  8
VISIBLE
100
AcDbCircle
 10
389.8457513110646
 20
-38.00000000000001
 30
0.0
 40
2.999999999999992
100
AcDbArc
 50
228.5903778907284
 51
270.0
  0
LINE
  5
1000049D
102
{ACAD_XDICTIONARY
360
1000049E
102
}
330
1F
100
AcDbEntity
  8
VISIBLE
100
AcDbLine
 10
398.5542486889354
 20
-40.99999999999999
 30
0.0
 11
389.8457513110646
 21
-40.99999999999999
 31
0.0
  0
ARC
  5
100004A1
102
{ACAD_XDICTIONARY
360
100004A2
102
}
330
1F
100
AcDbEntity
  8
VISIBLE
100
AcDbCircle
 10
398.5542486889354
 20
-37.99999999999999
 30
0.0
 40
2.999999999999995
100
AcDbArc
 50
270.0
 51
311.4096221092706
  0
ARC
  5
100004A7
102
{ACAD_XDICTIONARY
360
100004A8
102
}
330
1F
100
AcDbEntity
  8
VISIBLE
100
AcDbCircle
 10
401.2
 20
-40.99999999999999
 30
0.0
 40
1.0
100
AcDbArc
 50
318.590377890729
 51
131.4096221092722
  0
ARC
  5
100004AD
102
{ACAD_XDICTIONARY
360
100004AE
102
}
330
1F
100
AcDbEntity
  8
VISIBLE
100
AcDbCircle
 10
404.2
 20
-43.64575131106459
 30
0.0
 40
3.0
100
AcDbArc
 50
138.5903778907291
 51
180.0
  0
LINE
  5
100004B3
102
{ACAD_XDICTIONARY
360
100004B4
102
}
330
1F
100
AcDbEntity
  8
VISIBLE
100
AcDbLine
 10
401.2
 20
-43.64575131106459
 30
0.0
 11
401.2
 21
-52.3542486889354
 31
0.0
  0
ARC
  5
100004B7
102
{ACAD_XDICTIONARY
360
100004B8
102
}
330
1F
100
AcDbEntity
  8
VISIBLE
100
AcDbCircle
 10
404.2
 20
-52.35424868893541
 30
0.0
 40
2.999999999999994
100
AcDbArc
 50
179.9999999999999
 51
221.4096221092707
  0
ARC
  5
100004BD
102
{ACAD_XDICTIONARY
360
100004BE
102
}
330
1F
100
AcDbEntity
  8
VISIBLE
100
AcDbCircle
 10
401.2
 20
-54.99999999999995
 30
0.0
 40
1.0
100
AcDbArc
 50
228.590377890727
 51
41.40962210927129
  0
ARC
  5
100004C3
102
{ACAD_XDICTIONARY
360
100004C4
102
}
330
1F
100
AcDbEntity
  8
VISIBLE
100
AcDbCircle
 10
398.5542486889354
 20
-57.99999999999999
 30
0.0
 40
2.999999999999993
100
AcDbArc
 50
48.59037789072938
 51
90.0
  0
LINE
  5
100004C9
102
{ACAD_XDICTIONARY
360
100004CA
102
}
330
1F
100
AcDbEntity
  8
VISIBLE
100
AcDbLine
 10
398.5542486889354
 20
-54.99999999999999
 30
0.0
 11
389.8457513110646
 21
-54.99999999999999
 31
0.0
  0
ARC
  5
100004CD
102
{ACAD_XDICTIONARY
360
100004CE
102
}
330
1F
100
AcDbEntity
  8
VISIBLE
100
AcDbCircle
 10
389.8457513110646
 20
-57.99999999999998
 30
0.0
 40
2.99999999999999
100
AcDbArc
 50
90.0
 51
131.4096221092707
  0
ARC
  5
100004D3
102
{ACAD_XDICTIONARY
360
100004D4
102
}
330
1F
100
AcDbEntity
  8
VISIBLE
100
AcDbCircle
 10
387.2
 20
-55.00000000000001
 30
0.0
 40
0.9999999999999996
100
AcDbArc
 50
138.5903778907306
 51
311.4096221092727
  0
ARC
  5
100004D9
102
{ACAD_XDICTIONARY
360
100004DA
102
}
330
1F
100
AcDbEntity
  8
VISIBLE
100
AcDbCircle
 10
384.2
 20
-52.35424868893539
 30
0.0
 40
3.000000000000027
100
AcDbArc
 50
318.5903778907283
 51
0.0
  0
LINE
  5
100004DF
102
{ACAD_XDICTIONARY
360
100004E0
102
}
330
1F
100
AcDbEntity
  8
VISIBLE
100
AcDbLine
 10
387.2
 20
-43.64575131106458
 30
0.0
 11
387.2
 21
-52.35424868893541
 31
0.0
  0
ARC
  5
100004E3
102
{ACAD_XDICTIONARY
360
100004E4
102
}
330
1F
100
AcDbEntity
  8
VISIBLE
100
AcDbCircle
 10
384.2
 20
-43.64575131106458
 30
0.0
 40
2.999999999999987
100
AcDbArc
 50
0.0
 51
41.4096221092715
  0
ARC
  5
100004E9
102
{ACAD_XDICTIONARY
360
100004EA
102
}
330
1F
100
AcDbEntity
  8
VISIBLE
100
AcDbCircle
 10
368.0
 20
-40.99999999999999
 30
0.0
 40
1.0
100
AcDbArc
 50
48.59037789073024
 51
221.4096221092688
  0
ARC
  5
100004EF
102
{ACAD_XDICTIONARY
360
100004F0
102
}
330
1F
100
AcDbEntity
  8
VISIBLE
100
AcDbCircle
 10
370.6457513110646
 20
-38.00000000000001
 30
0.0
 40
2.999999999999992
100
AcDbArc
 50
228.5903778907284
 51
270.0
  0
LINE
  5
100004F5
102
{ACAD_XDICTIONARY
360
100004F6
102
}
330
1F
100
AcDbEntity
  8
VISIBLE
100
AcDbLine
 10
379.3542486889354
 20
-40.99999999999999
 30
0.0
 11
370.6457513110646
 21
-40.99999999999999
 31
0.0
  0
ARC
  5
100004F9
102
{ACAD_XDICTIONARY
360
100004FA
102
}
330
1F
100
AcDbEntity
  8
VISIBLE
100
AcDbCircle
 10
379.3542486889354
 20
-37.99999999999999
 30
0.0
 40
2.999999999999995
100
AcDbArc
 50
270.0
 51
311.4096221092706
  0
ARC
  5
100004FF
102
{ACAD_XDICTIONARY
360
10000500
102
}
330
1F
100
AcDbEntity
  8
VISIBLE
100
AcDbCircle
 10
382.0
 20
-40.99999999999999
 30
0.0
 40
1.0
100
AcDbArc
 50
318.590377890729
 51
131.4096221092722
  0
ARC
  5
10000505
102
{ACAD_XDICTIONARY
360
10000506
102
}
330
1F
100
AcDbEntity
  8
VISIBLE
100
AcDbCircle
 10
385.0
 20
-43.64575131106459
 30
0.0
 40
3.0
100
AcDbArc
 50
138.5903778907291
 51
180.0
  0
LINE
  5
1000050B
102
{ACAD_XDICTIONARY
360
1000050C
102
}
330
1F
100
AcDbEntity
  8
VISIBLE
100
AcDbLine
 10
382.0
 20
-43.64575131106459
 30
0.0
 11
382.0
 21
-52.3542486889354
 31
0.0
  0
ARC
  5
1000050F
102
{ACAD_XDICTIONARY
360
10000510
102
}
330
1F
100
AcDbEntity
  8
VISIBLE
100
AcDbCircle
 10
385.0
 20
-52.35424868893541
 30
0.0
 40
2.999999999999994
100
AcDbArc
 50
179.9999999999999
 51
221.4096221092707
  0
ARC
  5
10000515
102
{ACAD_XDICTIONARY
360
10000516
102
}
330
1F
100
AcDbEntity
  8
VISIBLE
100
AcDbCircle
 10
382.0
 20
-54.99999999999995
 30
0.0
 40
1.0
100
AcDbArc
 50
228.5903778907294
 51
41.40962210926916
  0
ARC
  5
1000051B
102
{ACAD_XDICTIONARY
360
1000051C
102
}
330
1F
100
AcDbEntity
  8
VISIBLE
100
AcDbCircle
 10
379.3542486889354
 20
-57.99999999999999
 30
0.0
 40
2.999999999999993
100
AcDbArc
 50
48.59037789072938
 51
90.0
  0
LINE
  5
10000521
102
{ACAD_XDICTIONARY
360
10000522
102
}
330
1F
100
AcDbEntity
  8
VISIBLE
100
AcDbLine
 10
379.3542486889354
 20
-54.99999999999999
 30
0.0
 11
370.6457513110646
 21
-54.99999999999999
 31
0.0
  0
ARC
  5
10000525
102
{ACAD_XDICTIONARY
360
10000526
102
}
330
1F
100
AcDbEntity
  8
VISIBLE
100
AcDbCircle
 10
370.6457513110646
 20
-57.99999999999998
 30
0.0
 40
2.99999999999999
100
AcDbArc
 50
90.0
 51
131.4096221092707
  0
ARC
  5
1000052B
102
{ACAD_XDICTIONARY
360
1000052C
102
}
330
1F
100
AcDbEntity
  8
VISIBLE
100
AcDbCircle
 10
368.0
 20
-55.00000000000001
 30
0.0
 40
0.9999999999999996
100
AcDbArc
 50
138.5903778907306
 51
311.4096221092727
  0
ARC
  5
10000531
102
{ACAD_XDICTIONARY
360
10000532
102
}
330
1F
100
AcDbEntity
  8
VISIBLE
100
AcDbCircle
 10
365.0
 20
-52.35424868893539
 30
0.0
 40
3.000000000000027
100
AcDbArc
 50
318.5903778907283
 51
0.0
  0
LINE
  5
10000537
102
{ACAD_XDICTIONARY
360
10000538
102
}
330
1F
100
AcDbEntity
  8
VISIBLE
100
AcDbLine
 10
368.0
 20
-43.64575131106458
 30
0.0
 11
368.0
 21
-52.35424868893541
 31
0.0
  0
ARC
  5
1000053B
102
{ACAD_XDICTIONARY
360
1000053C
102
}
330
1F
100
AcDbEntity
  8
VISIBLE
100
AcDbCircle
 10
365.0
 20
-43.64575131106458
 30
0.0
 40
2.999999999999987
100
AcDbArc
 50
0.0
 51
41.4096221092715
  0
ARC
  5
10000541
102
{ACAD_XDICTIONARY
360
10000542
102
}
330
1F
100
AcDbEntity
  8
VISIBLE
100
AcDbCircle
 10
348.8
 20
-40.99999999999999
 30
0.0
 40
1.0
100
AcDbArc
 50
48.59037789073024
 51
221.4096221092688
  0
ARC
  5
10000547
102
{ACAD_XDICTIONARY
360
10000548
102
}
330
1F
100
AcDbEntity
  8
VISIBLE
100
AcDbCircle
 10
351.4457513110646
 20
-38.00000000000001
 30
0.0
 40
2.999999999999992
100
AcDbArc
 50
228.5903778907284
 51
270.0
  0
LINE
  5
1000054D
102
{ACAD_XDICTIONARY
360
1000054E
102
}
330
1F
100
AcDbEntity
  8
VISIBLE
100
AcDbLine
 10
360.1542486889354
 20
-40.99999999999999
 30
0.0
 11
351.4457513110646
 21
-40.99999999999999
 31
0.0
  0
ARC
  5
10000551
102
{ACAD_XDICTIONARY
360
10000552
102
}
330
1F
100
AcDbEntity
  8
VISIBLE
100
AcDbCircle
 10
360.1542486889354
 20
-37.99999999999999
 30
0.0
 40
2.999999999999995
100
AcDbArc
 50
270.0
 51
311.4096221092706
  0
ARC
  5
10000557
102
{ACAD_XDICTIONARY
360
10000558
102
}
330
1F
100
AcDbEntity
  8
VISIBLE
100
AcDbCircle
 10
362.8
 20
-40.99999999999999
 30
0.0
 40
1.0
100
AcDbArc
 50
318.590377890729
 51
131.4096221092722
  0
ARC
  5
1000055D
102
{ACAD_XDICTIONARY
360
1000055E
102
}
330
1F
100
AcDbEntity
  8
VISIBLE
100
AcDbCircle
 10
365.8
 20
-43.64575131106459
 30
0.0
 40
3.0
100
AcDbArc
 50
138.5903778907291
 51
180.0
  0
LINE
  5
10000563
102
{ACAD_XDICTIONARY
360
10000564
102
}
330
1F
100
AcDbEntity
  8
VISIBLE
100
AcDbLine
 10
362.8
 20
-43.64575131106459
 30
0.0
 11
362.8
 21
-52.3542486889354
 31
0.0
  0
ARC
  5
10000567
102
{ACAD_XDICTIONARY
360
10000568
102
}
330
1F
100
AcDbEntity
  8
VISIBLE
100
AcDbCircle
 10
365.8
 20
-52.35424868893541
 30
0.0
 40
2.999999999999994
100
AcDbArc
 50
179.9999999999999
 51
221.4096221092715
  0
ARC
  5
1000056D
102
{ACAD_XDICTIONARY
360
1000056E
102
}
330
1F
100
AcDbEntity
  8
VISIBLE
100
AcDbCircle
 10
362.8
 20
-54.99999999999995
 30
0.0
 40
1.0
100
AcDbArc
 50
228.5903778907294
 51
41.40962210926916
  0
ARC
  5
10000573
102
{ACAD_XDICTIONARY
360
10000574
102
}
330
1F
100
AcDbEntity
  8
VISIBLE
100
AcDbCircle
 10
360.1542486889354
 20
-57.99999999999999
 30
0.0
 40
2.999999999999993
100
AcDbArc
 50
48.59037789072938
 51
90.0
  0
LINE
  5
10000579
102
{ACAD_XDICTIONARY
360
1000057A
102
}
330
1F
100
AcDbEntity
  8
VISIBLE
100
AcDbLine
 10
360.1542486889354
 20
-54.99999999999999
 30
0.0
 11
351.4457513110646
 21
-54.99999999999999
 31
0.0
  0
ARC
  5
1000057D
102
{ACAD_XDICTIONARY
360
1000057E
102
}
330
1F
100
AcDbEntity
  8
VISIBLE
100
AcDbCircle
 10
351.4457513110646
 20
-57.99999999999998
 30
0.0
 40
2.99999999999999
100
AcDbArc
 50
90.0
 51
131.4096221092716
  0
ARC
  5
10000583
102
{ACAD_XDICTIONARY
360
10000584
102
}
330
1F
100
AcDbEntity
  8
VISIBLE
100
AcDbCircle
 10
348.8
 20
-55.00000000000001
 30
0.0
 40
0.9999999999999996
100
AcDbArc
 50
138.5903778907306
 51
311.4096221092703
  0
ARC
  5
10000589
102
{ACAD_XDICTIONARY
360
1000058A
102
}
330
1F
100
AcDbEntity
  8
VISIBLE
100
AcDbCircle
 10
345.8
 20
-52.35424868893539
 30
0.0
 40
3.000000000000027
100
AcDbArc
 50
318.5903778907283
 51
0.0
  0
LINE
  5
1000058F
102
{ACAD_XDICTIONARY
360
10000590
102
}
330
1F
100
AcDbEntity
  8
VISIBLE
100
AcDbLine
 10
348.8
 20
-43.64575131106458
 30
0.0
 11
348.8
 21
-52.35424868893541
 31
0.0
  0
ARC
  5
10000593
102
{ACAD_XDICTIONARY
360
10000594
102
}
330
1F
100
AcDbEntity
  8
VISIBLE
100
AcDbCircle
 10
345.8
 20
-43.64575131106458
 30
0.0
 40
2.999999999999987
100
AcDbArc
 50
0.0
 51
41.4096221092715
  0
ARC
  5
10000599
102
{ACAD_XDICTIONARY
360
1000059A
102
}
330
1F
100
AcDbEntity
  8
VISIBLE
100
AcDbCircle
 10
329.6
 20
-40.99999999999999
 30
0.0
 40
1.0
100
AcDbArc
 50
48.59037789073024
 51
221.4096221092688
  0
ARC
  5
1000059F
102
{ACAD_XDICTIONARY
360
100005A0
102
}
330
1F
100
AcDbEntity
  8
VISIBLE
100
AcDbCircle
 10
332.2457513110646
 20
-38.00000000000001
 30
0.0
 40
2.999999999999992
100
AcDbArc
 50
228.5903778907284
 51
270.0
  0
LINE
  5
100005A5
102
{ACAD_XDICTIONARY
360
100005A6
102
}
330
1F
100
AcDbEntity
  8
VISIBLE
100
AcDbLine
 10
340.9542486889354
 20
-40.99999999999999
 30
0.0
 11
332.2457513110646
 21
-40.99999999999999
 31
0.0
  0
ARC
  5
100005A9
102
{ACAD_XDICTIONARY
360
100005AA
102
}
330
1F
100
AcDbEntity
  8
VISIBLE
100
AcDbCircle
 10
340.9542486889354
 20
-37.99999999999999
 30
0.0
 40
2.999999999999995
100
AcDbArc
 50
270.0
 51
311.4096221092706
  0
ARC
  5
100005AF
102
{ACAD_XDICTIONARY
360
100005B0
102
}
330
1F
100
AcDbEntity
  8
VISIBLE
100
AcDbCircle
 10
343.6
 20
-40.99999999999999
 30
0.0
 40
1.0
100
AcDbArc
 50
318.5903778907269
 51
131.4096221092722
  0
ARC
  5
100005B5
102
{ACAD_XDICTIONARY
360
100005B6
102
}
330
1F
100
AcDbEntity
  8
VISIBLE
100
AcDbCircle
 10
346.6
 20
-43.64575131106459
 30
0.0
 40
3.0
100
AcDbArc
 50
138.5903778907291
 51
180.0
  0
LINE
  5
100005BB
102
{ACAD_XDICTIONARY
360
100005BC
102
}
330
1F
100
AcDbEntity
  8
VISIBLE
100
AcDbLine
 10
343.6
 20
-43.64575131106459
 30
0.0
 11
343.6
 21
-52.3542486889354
 31
0.0
  0
ARC
  5
100005BF
102
{ACAD_XDICTIONARY
360
100005C0
102
}
330
1F
100
AcDbEntity
  8
VISIBLE
100
AcDbCircle
 10
346.6
 20
-52.35424868893541
 30
0.0
 40
2.999999999999994
100
AcDbArc
 50
179.9999999999999
 51
221.4096221092707
  0
ARC
  5
100005C5
102
{ACAD_XDICTIONARY
360
100005C6
102
}
330
1F
100
AcDbEntity
  8
VISIBLE
100
AcDbCircle
 10
343.6
 20
-54.99999999999995
 30
0.0
 40
1.0
100
AcDbArc
 50
228.5903778907294
 51
41.40962210927129
  0
ARC
  5
100005CB
102
{ACAD_XDICTIONARY
360
100005CC
102
}
330
1F
100
AcDbEntity
  8
VISIBLE
100
AcDbCircle
 10
340.9542486889354
 20
-57.99999999999999
 30
0.0
 40
2.999999999999993
100
AcDbArc
 50
48.59037789072938
 51
90.0
  0
LINE
  5
100005D1
102
{ACAD_XDICTIONARY
360
100005D2
102
}
330
1F
100
AcDbEntity
  8
VISIBLE
100
AcDbLine
 10
340.9542486889354
 20
-54.99999999999999
 30
0.0
 11
332.2457513110646
 21
-54.99999999999999
 31
0.0
  0
ARC
  5
100005D5
102
{ACAD_XDICTIONARY
360
100005D6
102
}
330
1F
100
AcDbEntity
  8
VISIBLE
100
AcDbCircle
 10
332.2457513110646
 20
-57.99999999999998
 30
0.0
 40
2.99999999999999
100
AcDbArc
 50
90.0
 51
131.4096221092716
  0
ARC
  5
100005DB
102
{ACAD_XDICTIONARY
360
100005DC
102
}
330
1F
100
AcDbEntity
  8
VISIBLE
100
AcDbCircle
 10
329.6
 20
-55.00000000000001
 30
0.0
 40
0.9999999999999996
100
AcDbArc
 50
138.5903778907306
 51
311.4096221092703
  0
ARC
  5
100005E1
102
{ACAD_XDICTIONARY
360
100005E2
102
}
330
1F
100
AcDbEntity
  8
VISIBLE
100
AcDbCircle
 10
326.6
 20
-52.35424868893539
 30
0.0
 40
3.000000000000027
100
AcDbArc
 50
318.5903778907283
 51
0.0
  0
LINE
  5
100005E7
102
{ACAD_XDICTIONARY
360
100005E8
102
}
330
1F
100
AcDbEntity
  8
VISIBLE
100
AcDbLine
 10
329.6
 20
-43.64575131106458
 30
0.0
 11
329.6
 21
-52.35424868893541
 31
0.0
  0
ARC
  5
100005EB
102
{ACAD_XDICTIONARY
360
100005EC
102
}
330
1F
100
AcDbEntity
  8
VISIBLE
100
AcDbCircle
 10
326.6
 20
-43.64575131106458
 30
0.0
 40
2.999999999999987
100
AcDbArc
 50
0.0
 51
41.4096221092715
  0
ARC
  5
100005F1
102
{ACAD_XDICTIONARY
360
100005F2
102
}
330
1F
100
AcDbEntity
  8
VISIBLE
100
AcDbCircle
 10
310.4
 20
-40.99999999999999
 30
0.0
 40
1.0
100
AcDbArc
 50
48.59037789073024
 51
221.4096221092688
  0
ARC
  5
100005F7
102
{ACAD_XDICTIONARY
360
100005F8
102
}
330
1F
100
AcDbEntity
  8
VISIBLE
100
AcDbCircle
 10
313.0457513110646
 20
-38.00000000000001
 30
0.0
 40
2.999999999999992
100
AcDbArc
 50
228.5903778907293
 51
270.0
  0
LINE
  5
100005FD
102
{ACAD_XDICTIONARY
360
100005FE
102
}
330
1F
100
AcDbEntity
  8
VISIBLE
100
AcDbLine
 10
321.7542486889354
 20
-40.99999999999999
 30
0.0
 11
313.0457513110646
 21
-40.99999999999999
 31
0.0
  0
ARC
  5
10000601
102
{ACAD_XDICTIONARY
360
10000602
102
}
330
1F
100
AcDbEntity
  8
VISIBLE
100
AcDbCircle
 10
321.7542486889354
 20
-37.99999999999999
 30
0.0
 40
2.999999999999995
100
AcDbArc
 50
270.0
 51
311.4096221092706
  0
ARC
  5
10000607
102
{ACAD_XDICTIONARY
360
10000608
102
}
330
1F
100
AcDbEntity
  8
VISIBLE
100
AcDbCircle
 10
324.4
 20
-40.99999999999999
 30
0.0
 40
1.0
100
AcDbArc
 50
318.5903778907269
 51
131.4096221092722
  0
ARC
  5
1000060D
102
{ACAD_XDICTIONARY
360
1000060E
102
}
330
1F
100
AcDbEntity
  8
VISIBLE
100
AcDbCircle
 10
327.4
 20
-43.64575131106459
 30
0.0
 40
3.0
100
AcDbArc
 50
138.5903778907299
 51
180.0
  0
LINE
  5
10000613
102
{ACAD_XDICTIONARY
360
10000614
102
}
330
1F
100
AcDbEntity
  8
VISIBLE
100
AcDbLine
 10
324.4
 20
-43.64575131106459
 30
0.0
 11
324.4
 21
-52.3542486889354
 31
0.0
  0
ARC
  5
10000617
102
{ACAD_XDICTIONARY
360
10000618
102
}
330
1F
100
AcDbEntity
  8
VISIBLE
100
AcDbCircle
 10
327.4
 20
-52.35424868893541
 30
0.0
 40
2.999999999999994
100
AcDbArc
 50
179.9999999999999
 51
221.40962210927
  0
ARC
  5
1000061D
102
{ACAD_XDICTIONARY
360
1000061E
102
}
330
1F
100
AcDbEntity
  8
VISIBLE
100
AcDbCircle
 10
324.4
 20
-54.99999999999995
 30
0.0
 40
1.0
100
AcDbArc
 50
228.5903778907294
 51
41.40962210927129
  0
ARC
  5
10000623
102
{ACAD_XDICTIONARY
360
10000624
102
}
330
1F
100
AcDbEntity
  8
VISIBLE
100
AcDbCircle
 10
321.7542486889354
 20
-57.99999999999999
 30
0.0
 40
2.999999999999993
100
AcDbArc
 50
48.59037789072938
 51
90.0
  0
LINE
  5
10000629
102
{ACAD_XDICTIONARY
360
1000062A
102
}
330
1F
100
AcDbEntity
  8
VISIBLE
100
AcDbLine
 10
321.7542486889354
 20
-54.99999999999999
 30
0.0
 11
313.0457513110646
 21
-54.99999999999999
 31
0.0
  0
ARC
  5
1000062D
102
{ACAD_XDICTIONARY
360
1000062E
102
}
330
1F
100
AcDbEntity
  8
VISIBLE
100
AcDbCircle
 10
313.0457513110646
 20
-57.99999999999998
 30
0.0
 40
2.99999999999999
100
AcDbArc
 50
90.0
 51
131.4096221092707
  0
ARC
  5
10000633
102
{ACAD_XDICTIONARY
360
10000634
102
}
330
1F
100
AcDbEntity
  8
VISIBLE
100
AcDbCircle
 10
310.4
 20
-55.00000000000001
 30
0.0
 40
0.9999999999999996
100
AcDbArc
 50
138.5903778907306
 51
311.4096221092703
  0
ARC
  5
10000639
102
{ACAD_XDICTIONARY
360
1000063A
102
}
330
1F
100
AcDbEntity
  8
VISIBLE
100
AcDbCircle
 10
307.4
 20
-52.35424868893539
 30
0.0
 40
3.000000000000027
100
AcDbArc
 50
318.5903778907283
 51
0.0
  0
LINE
  5
1000063F
102
{ACAD_XDICTIONARY
360
10000640
102
}
330
1F
100
AcDbEntity
  8
VISIBLE
100
AcDbLine
 10
310.4
 20
-43.64575131106458
 30
0.0
 11
310.4
 21
-52.35424868893541
 31
0.0
  0
ARC
  5
10000643
102
{ACAD_XDICTIONARY
360
10000644
102
}
330
1F
100
AcDbEntity
  8
VISIBLE
100
AcDbCircle
 10
307.4
 20
-43.64575131106458
 30
0.0
 40
2.999999999999987
100
AcDbArc
 50
0.0
 51
41.4096221092715
  0
ARC
  5
10000649
102
{ACAD_XDICTIONARY
360
1000064A
102
}
330
1F
100
AcDbEntity
  8
VISIBLE
100
AcDbCircle
 10
291.2
 20
-40.99999999999999
 30
0.0
 40
1.0
100
AcDbArc
 50
48.59037789073024
 51
221.4096221092709
  0
ARC
  5
1000064F
102
{ACAD_XDICTIONARY
360
10000650
102
}
330
1F
100
AcDbEntity
  8
VISIBLE
100
AcDbCircle
 10
293.8457513110646
 20
-38.00000000000001
 30
0.0
 40
2.999999999999992
100
AcDbArc
 50
228.5903778907284
 51
270.0
  0
LINE
  5
10000655
102
{ACAD_XDICTIONARY
360
10000656
102
}
330
1F
100
AcDbEntity
  8
VISIBLE
100
AcDbLine
 10
302.5542486889354
 20
-40.99999999999999
 30
0.0
 11
293.8457513110646
 21
-40.99999999999999
 31
0.0
  0
ARC
  5
10000659
102
{ACAD_XDICTIONARY
360
1000065A
102
}
330
1F
100
AcDbEntity
  8
VISIBLE
100
AcDbCircle
 10
302.5542486889354
 20
-37.99999999999999
 30
0.0
 40
2.999999999999995
100
AcDbArc
 50
270.0
 51
311.4096221092706
  0
ARC
  5
1000065F
102
{ACAD_XDICTIONARY
360
10000660
102
}
330
1F
100
AcDbEntity
  8
VISIBLE
100
AcDbCircle
 10
305.2
 20
-40.99999999999999
 30
0.0
 40
1.0
100
AcDbArc
 50
318.5903778907269
 51
131.4096221092722
  0
ARC
  5
10000665
102
{ACAD_XDICTIONARY
360
10000666
102
}
330
1F
100
AcDbEntity
  8
VISIBLE
100
AcDbCircle
 10
308.2
 20
-43.64575131106459
 30
0.0
 40
3.0
100
AcDbArc
 50
138.5903778907299
 51
180.0
  0
LINE
  5
1000066B
102
{ACAD_XDICTIONARY
360
1000066C
102
}
330
1F
100
AcDbEntity
  8
VISIBLE
100
AcDbLine
 10
305.2
 20
-43.64575131106459
 30
0.0
 11
305.2
 21
-52.3542486889354
 31
0.0
  0
ARC
  5
1000066F
102
{ACAD_XDICTIONARY
360
10000670
102
}
330
1F
100
AcDbEntity
  8
VISIBLE
100
AcDbCircle
 10
308.2
 20
-52.35424868893541
 30
0.0
 40
2.999999999999994
100
AcDbArc
 50
179.9999999999999
 51
221.40962210927
  0
ARC
  5
10000675
102
{ACAD_XDICTIONARY
360
10000676
102
}
330
1F
100
AcDbEntity
  8
VISIBLE
100
AcDbCircle
 10
305.2
 20
-54.99999999999995
 30
0.0
 40
1.0
100
AcDbArc
 50
228.5903778907294
 51
41.40962210927129
  0
ARC
  5
1000067B
102
{ACAD_XDICTIONARY
360
1000067C
102
}
330
1F
100
AcDbEntity
  8
VISIBLE
100
AcDbCircle
 10
302.5542486889354
 20
-57.99999999999999
 30
0.0
 40
2.999999999999993
100
AcDbArc
 50
48.59037789072938
 51
90.0
  0
LINE
  5
10000681
102
{ACAD_XDICTIONARY
360
10000682
102
}
330
1F
100
AcDbEntity
  8
VISIBLE
100
AcDbLine
 10
302.5542486889354
 20
-54.99999999999999
 30
0.0
 11
293.8457513110646
 21
-54.99999999999999
 31
0.0
  0
ARC
  5
10000685
102
{ACAD_XDICTIONARY
360
10000686
102
}
330
1F
100
AcDbEntity
  8
VISIBLE
100
AcDbCircle
 10
293.8457513110646
 20
-57.99999999999998
 30
0.0
 40
2.99999999999999
100
AcDbArc
 50
90.0
 51
131.4096221092716
  0
ARC
  5
1000068B
102
{ACAD_XDICTIONARY
360
1000068C
102
}
330
1F
100
AcDbEntity
  8
VISIBLE
100
AcDbCircle
 10
291.2
 20
-55.00000000000001
 30
0.0
 40
0.9999999999999996
100
AcDbArc
 50
138.5903778907284
 51
311.4096221092703
  0
ARC
  5
10000691
102
{ACAD_XDICTIONARY
360
10000692
102
}
330
1F
100
AcDbEntity
  8
VISIBLE
100
AcDbCircle
 10
288.2
 20
-52.35424868893539
 30
0.0
 40
3.000000000000027
100
AcDbArc
 50
318.590377890729
 51
0.0
  0
LINE
  5
10000697
102
{ACAD_XDICTIONARY
360
10000698
102
}
330
1F
100
AcDbEntity
  8
VISIBLE
100
AcDbLine
 10
291.2
 20
-43.64575131106458
 30
0.0
 11
291.2
 21
-52.35424868893541
 31
0.0
  0
ARC
  5
1000069B
102
{ACAD_XDICTIONARY
360
1000069C
102
}
330
1F
100
AcDbEntity
  8
VISIBLE
100
AcDbCircle
 10
288.2
 20
-43.64575131106458
 30
0.0
 40
2.999999999999987
100
AcDbArc
 50
0.0
 51
41.40962210927078
  0
ARC
  5
100006A1
102
{ACAD_XDICTIONARY
360
100006A2
102
}
330
1F
100
AcDbEntity
  8
VISIBLE
100
AcDbCircle
 10
348.8
 20
-60.2
 30
0.0
 40
1.0
100
AcDbArc
 50
48.59037789073054
 51
221.4096221092685
  0
ARC
  5
100006A7
102
{ACAD_XDICTIONARY
360
100006A8
102
}
330
1F
100
AcDbEntity
  8
VISIBLE
100
AcDbCircle
 10
351.4457513110646
 20
-57.20000000000001
 30
0.0
 40
2.999999999999992
100
AcDbArc
 50
228.5903778907284
 51
270.0
  0
LINE
  5
100006AD
102
{ACAD_XDICTIONARY
360
100006AE
102
}
330
1F
100
AcDbEntity
  8
VISIBLE
100
AcDbLine
 10
360.1542486889354
 20
-60.19999999999999
 30
0.0
 11
351.4457513110646
 21
-60.2
 31
0.0
  0
ARC
  5
100006B1
102
{ACAD_XDICTIONARY
360
100006B2
102
}
330
1F
100
AcDbEntity
  8
VISIBLE
100
AcDbCircle
 10
360.1542486889354
 20
-57.2
 30
0.0
 40
2.999999999999995
100
AcDbArc
 50
270.0
 51
311.4096221092706
  0
ARC
  5
100006B7
102
{ACAD_XDICTIONARY
360
100006B8
102
}
330
1F
100
AcDbEntity
  8
VISIBLE
100
AcDbCircle
 10
362.8
 20
-60.2
 30
0.0
 40
1.0
100
AcDbArc
 50
318.590377890729
 51
131.4096221092722
  0
ARC
  5
100006BD
102
{ACAD_XDICTIONARY
360
100006BE
102
}
330
1F
100
AcDbEntity
  8
VISIBLE
100
AcDbCircle
 10
365.8
 20
-62.84575131106458
 30
0.0
 40
3.0
100
AcDbArc
 50
138.5903778907293
 51
180.0
  0
LINE
  5
100006C3
102
{ACAD_XDICTIONARY
360
100006C4
102
}
330
1F
100
AcDbEntity
  8
VISIBLE
100
AcDbLine
 10
362.8
 20
-62.84575131106458
 30
0.0
 11
362.8
 21
-71.55424868893542
 31
0.0
  0
ARC
  5
100006C7
102
{ACAD_XDICTIONARY
360
100006C8
102
}
330
1F
100
AcDbEntity
  8
VISIBLE
100
AcDbCircle
 10
365.8
 20
-71.55424868893542
 30
0.0
 40
2.999999999999994
100
AcDbArc
 50
180.0
 51
221.4096221092713
  0
ARC
  5
100006CD
102
{ACAD_XDICTIONARY
360
100006CE
102
}
330
1F
100
AcDbEntity
  8
VISIBLE
100
AcDbCircle
 10
362.8
 20
-74.19999999999996
 30
0.0
 40
1.0
100
AcDbArc
 50
228.5903778907289
 51
41.40962210926976
  0
ARC
  5
100006D3
102
{ACAD_XDICTIONARY
360
100006D4
102
}
330
1F
100
AcDbEntity
  8
VISIBLE
100
AcDbCircle
 10
360.1542486889354
 20
-77.19999999999999
 30
0.0
 40
2.999999999999993
100
AcDbArc
 50
48.59037789072943
 51
90.0
  0
LINE
  5
100006D9
102
{ACAD_XDICTIONARY
360
100006DA
102
}
330
1F
100
AcDbEntity
  8
VISIBLE
100
AcDbLine
 10
360.1542486889354
 20
-74.2
 30
0.0
 11
351.4457513110646
 21
-74.19999999999999
 31
0.0
  0
ARC
  5
100006DD
102
{ACAD_XDICTIONARY
360
100006DE
102
}
330
1F
100
AcDbEntity
  8
VISIBLE
100
AcDbCircle
 10
351.4457513110646
 20
-77.19999999999999
 30
0.0
 40
2.99999999999999
100
AcDbArc
 50
90.0
 51
131.4096221092716
  0
ARC
  5
100006E3
102
{ACAD_XDICTIONARY
360
100006E4
102
}
330
1F
100
AcDbEntity
  8
VISIBLE
100
AcDbCircle
 10
348.8
 20
-74.20000000000002
 30
0.0
 40
0.9999999999999996
100
AcDbArc
 50
138.59037789073
 51
311.4096221092703
  0
ARC
  5
100006E9
102
{ACAD_XDICTIONARY
360
100006EA
102
}
330
1F
100
AcDbEntity
  8
VISIBLE
100
AcDbCircle
 10
345.8
 20
-71.5542486889354
 30
0.0
 40
3.000000000000027
100
AcDbArc
 50
318.5903778907285
 51
0.0
  0
LINE
  5
100006EF
102
{ACAD_XDICTIONARY
360
100006F0
102
}
330
1F
100
AcDbEntity
  8
VISIBLE
100
AcDbLine
 10
348.8
 20
-62.84575131106458
 30
0.0
 11
348.8
 21
-71.55424868893542
 31
0.0
  0
ARC
  5
100006F3
102
{ACAD_XDICTIONARY
360
100006F4
102
}
330
1F
100
AcDbEntity
  8
VISIBLE
100
AcDbCircle
 10
345.8
 20
-62.84575131106458
 30
0.0
 40
2.999999999999987
100
AcDbArc
 50
0.0
 51
41.4096221092715
  0
ARC
  5
100006F9
102
{ACAD_XDICTIONARY
360
100006FA
102
}
330
1F
100
AcDbEntity
  8
VISIBLE
100
AcDbCircle
 10
329.6
 20
-60.2
 30
0.0
 40
1.0
100
AcDbArc
 50
48.59037789073054
 51
221.4096221092685
  0
ARC
  5
100006FF
102
{ACAD_XDICTIONARY
360
10000700
102
}
330
1F
100
AcDbEntity
  8
VISIBLE
100
AcDbCircle
 10
332.2457513110646
 20
-57.20000000000001
 30
0.0
 40
2.999999999999992
100
AcDbArc
 50
228.5903778907284
 51
270.0
  0
LINE
  5
10000705
102
{ACAD_XDICTIONARY
360
10000706
102
}
330
1F
100
AcDbEntity
  8
VISIBLE
100
AcDbLine
 10
340.9542486889354
 20
-60.19999999999999
 30
0.0
 11
332.2457513110646
 21
-60.2
 31
0.0
  0
ARC
  5
10000709
102
{ACAD_XDICTIONARY
360
1000070A
102
}
330
1F
100
AcDbEntity
  8
VISIBLE
100
AcDbCircle
 10
340.9542486889354
 20
-57.2
 30
0.0
 40
2.999999999999995
100
AcDbArc
 50
270.0
 51
311.4096221092706
  0
ARC
  5
1000070F
102
{ACAD_XDICTIONARY
360
10000710
102
}
330
1F
100
AcDbEntity
  8
VISIBLE
100
AcDbCircle
 10
343.6
 20
-60.2
 30
0.0
 40
1.0
100
AcDbArc
 50
318.5903778907269
 51
131.4096221092722
  0
ARC
  5
10000715
102
{ACAD_XDICTIONARY
360
10000716
102
}
330
1F
100
AcDbEntity
  8
VISIBLE
100
AcDbCircle
 10
346.6
 20
-62.84575131106458
 30
0.0
 40
3.0
100
AcDbArc
 50
138.5903778907293
 51
180.0
  0
LINE
  5
1000071B
102
{ACAD_XDICTIONARY
360
1000071C
102
}
330
1F
100
AcDbEntity
  8
VISIBLE
100
AcDbLine
 10
343.6
 20
-62.84575131106458
 30
0.0
 11
343.6
 21
-71.55424868893542
 31
0.0
  0
ARC
  5
1000071F
102
{ACAD_XDICTIONARY
360
10000720
102
}
330
1F
100
AcDbEntity
  8
VISIBLE
100
AcDbCircle
 10
346.6
 20
-71.55424868893542
 30
0.0
 40
2.999999999999994
100
AcDbArc
 50
180.0
 51
221.4096221092705
  0
ARC
  5
10000725
102
{ACAD_XDICTIONARY
360
10000726
102
}
330
1F
100
AcDbEntity
  8
VISIBLE
100
AcDbCircle
 10
343.6
 20
-74.19999999999996
 30
0.0
 40
1.0
100
AcDbArc
 50
228.5903778907289
 51
41.4096221092719
  0
ARC
  5
1000072B
102
{ACAD_XDICTIONARY
360
1000072C
102
}
330
1F
100
AcDbEntity
  8
VISIBLE
100
AcDbCircle
 10
340.9542486889354
 20
-77.19999999999999
 30
0.0
 40
2.999999999999993
100
AcDbArc
 50
48.59037789072943
 51
90.0
  0
LINE
  5
10000731
102
{ACAD_XDICTIONARY
360
10000732
102
}
330
1F
100
AcDbEntity
  8
VISIBLE
100
AcDbLine
 10
340.9542486889354
 20
-74.2
 30
0.0
 11
332.2457513110646
 21
-74.19999999999999
 31
0.0
  0
ARC
  5
10000735
102
{ACAD_XDICTIONARY
360
10000736
102
}
330
1F
100
AcDbEntity
  8
VISIBLE
100
AcDbCircle
 10
332.2457513110646
 20
-77.19999999999999
 30
0.0
 40
2.99999999999999
100
AcDbArc
 50
90.0
 51
131.4096221092716
  0
ARC
  5
1000073B
102
{ACAD_XDICTIONARY
360
1000073C
102
}
330
1F
100
AcDbEntity
  8
VISIBLE
100
AcDbCircle
 10
329.6
 20
-74.20000000000002
 30
0.0
 40
0.9999999999999996
100
AcDbArc
 50
138.59037789073
 51
311.4096221092703
  0
ARC
  5
10000741
102
{ACAD_XDICTIONARY
360
10000742
102
}
330
1F
100
AcDbEntity
  8
VISIBLE
100
AcDbCircle
 10
326.6
 20
-71.5542486889354
 30
0.0
 40
3.000000000000027
100
AcDbArc
 50
318.5903778907285
 51
0.0
  0
LINE
  5
10000747
102
{ACAD_XDICTIONARY
360
10000748
102
}
330
1F
100
AcDbEntity
  8
VISIBLE
100
AcDbLine
 10
329.6
 20
-62.84575131106458
 30
0.0
 11
329.6
 21
-71.55424868893542
 31
0.0
  0
ARC
  5
1000074B
102
{ACAD_XDICTIONARY
360
1000074C
102
}
330
1F
100
AcDbEntity
  8
VISIBLE
100
AcDbCircle
 10
326.6
 20
-62.84575131106458
 30
0.0
 40
2.999999999999987
100
AcDbArc
 50
0.0
 51
41.4096221092715
  0
ARC
  5
10000751
102
{ACAD_XDICTIONARY
360
10000752
102
}
330
1F
100
AcDbEntity
  8
VISIBLE
100
AcDbCircle
 10
310.4
 20
-60.2
 30
0.0
 40
1.0
100
AcDbArc
 50
48.59037789073054
 51
221.4096221092685
  0
ARC
  5
10000757
102
{ACAD_XDICTIONARY
360
10000758
102
}
330
1F
100
AcDbEntity
  8
VISIBLE
100
AcDbCircle
 10
313.0457513110646
 20
-57.20000000000001
 30
0.0
 40
2.999999999999992
100
AcDbArc
 50
228.5903778907293
 51
270.0
  0
LINE
  5
1000075D
102
{ACAD_XDICTIONARY
360
1000075E
102
}
330
1F
100
AcDbEntity
  8
VISIBLE
100
AcDbLine
 10
321.7542486889354
 20
-60.19999999999999
 30
0.0
 11
313.0457513110646
 21
-60.2
 31
0.0
  0
ARC
  5
10000761
102
{ACAD_XDICTIONARY
360
10000762
102
}
330
1F
100
AcDbEntity
  8
VISIBLE
100
AcDbCircle
 10
321.7542486889354
 20
-57.2
 30
0.0
 40
2.999999999999995
100
AcDbArc
 50
270.0
 51
311.4096221092706
  0
ARC
  5
10000767
102
{ACAD_XDICTIONARY
360
10000768
102
}
330
1F
100
AcDbEntity
  8
VISIBLE
100
AcDbCircle
 10
324.4
 20
-60.2
 30
0.0
 40
1.0
100
AcDbArc
 50
318.5903778907269
 51
131.4096221092722
  0
ARC
  5
1000076D
102
{ACAD_XDICTIONARY
360
1000076E
102
}
330
1F
100
AcDbEntity
  8
VISIBLE
100
AcDbCircle
 10
327.4
 20
-62.84575131106458
 30
0.0
 40
3.0
100
AcDbArc
 50
138.59037789073
 51
180.0
  0
LINE
  5
10000773
102
{ACAD_XDICTIONARY
360
10000774
102
}
330
1F
100
AcDbEntity
  8
VISIBLE
100
AcDbLine
 10
324.4
 20
-62.84575131106458
 30
0.0
 11
324.4
 21
-71.55424868893542
 31
0.0
  0
ARC
  5
10000777
102
{ACAD_XDICTIONARY
360
10000778
102
}
330
1F
100
AcDbEntity
  8
VISIBLE
100
AcDbCircle
 10
327.4
 20
-71.55424868893542
 30
0.0
 40
2.999999999999994
100
AcDbArc
 50
180.0
 51
221.4096221092698
  0
ARC
  5
1000077D
102
{ACAD_XDICTIONARY
360
1000077E
102
}
330
1F
100
AcDbEntity
  8
VISIBLE
100
AcDbCircle
 10
324.4
 20
-74.19999999999996
 30
0.0
 40
1.0
100
AcDbArc
 50
228.5903778907289
 51
41.4096221092719
  0
ARC
  5
10000783
102
{ACAD_XDICTIONARY
360
10000784
102
}
330
1F
100
AcDbEntity
  8
VISIBLE
100
AcDbCircle
 10
321.7542486889354
 20
-77.19999999999999
 30
0.0
 40
2.999999999999993
100
AcDbArc
 50
48.59037789072943
 51
90.0
  0
LINE
  5
10000789
102
{ACAD_XDICTIONARY
360
1000078A
102
}
330
1F
100
AcDbEntity
  8
VISIBLE
100
AcDbLine
 10
321.7542486889354
 20
-74.2
 30
0.0
 11
313.0457513110646
 21
-74.19999999999999
 31
0.0
  0
ARC
  5
1000078D
102
{ACAD_XDICTIONARY
360
1000078E
102
}
330
1F
100
AcDbEntity
  8
VISIBLE
100
AcDbCircle
 10
313.0457513110646
 20
-77.19999999999999
 30
0.0
 40
2.99999999999999
100
AcDbArc
 50
90.0
 51
131.4096221092707
  0
ARC
  5
10000793
102
{ACAD_XDICTIONARY
360
10000794
102
}
330
1F
100
AcDbEntity
  8
VISIBLE
100
AcDbCircle
 10
310.4
 20
-74.20000000000002
 30
0.0
 40
0.9999999999999996
100
AcDbArc
 50
138.59037789073
 51
311.4096221092703
  0
ARC
  5
10000799
102
{ACAD_XDICTIONARY
360
1000079A
102
}
330
1F
100
AcDbEntity
  8
VISIBLE
100
AcDbCircle
 10
307.4
 20
-71.5542486889354
 30
0.0
 40
3.000000000000027
100
AcDbArc
 50
318.5903778907285
 51
0.0
  0
LINE
  5
1000079F
102
{ACAD_XDICTIONARY
360
100007A0
102
}
330
1F
100
AcDbEntity
  8
VISIBLE
100
AcDbLine
 10
310.4
 20
-62.84575131106458
 30
0.0
 11
310.4
 21
-71.55424868893542
 31
0.0
  0
ARC
  5
100007A3
102
{ACAD_XDICTIONARY
360
100007A4
102
}
330
1F
100
AcDbEntity
  8
VISIBLE
100
AcDbCircle
 10
307.4
 20
-62.84575131106458
 30
0.0
 40
2.999999999999987
100
AcDbArc
 50
0.0
 51
41.4096221092715
  0
ARC
  5
100007A9
102
{ACAD_XDICTIONARY
360
100007AA
102
}
330
1F
100
AcDbEntity
  8
VISIBLE
100
AcDbCircle
 10
291.2
 20
-60.2
 30
0.0
 40
1.0
100
AcDbArc
 50
48.59037789073054
 51
221.4096221092707
  0
ARC
  5
100007AF
102
{ACAD_XDICTIONARY
360
100007B0
102
}
330
1F
100
AcDbEntity
  8
VISIBLE
100
AcDbCircle
 10
293.8457513110646
 20
-57.20000000000001
 30
0.0
 40
2.999999999999992
100
AcDbArc
 50
228.5903778907284
 51
270.0
  0
LINE
  5
100007B5
102
{ACAD_XDICTIONARY
360
100007B6
102
}
330
1F
100
AcDbEntity
  8
VISIBLE
100
AcDbLine
 10
302.5542486889354
 20
-60.19999999999999
 30
0.0
 11
293.8457513110646
 21
-60.2
 31
0.0
  0
ARC
  5
100007B9
102
{ACAD_XDICTIONARY
360
100007BA
102
}
330
1F
100
AcDbEntity
  8
VISIBLE
100
AcDbCircle
 10
302.5542486889354
 20
-57.2
 30
0.0
 40
2.999999999999995
100
AcDbArc
 50
270.0
 51
311.4096221092706
  0
ARC
  5
100007BF
102
{ACAD_XDICTIONARY
360
100007C0
102
}
330
1F
100
AcDbEntity
  8
VISIBLE
100
AcDbCircle
 10
305.2
 20
-60.2
 30
0.0
 40
1.0
100
AcDbArc
 50
318.5903778907269
 51
131.4096221092722
  0
ARC
  5
100007C5
102
{ACAD_XDICTIONARY
360
100007C6
102
}
330
1F
100
AcDbEntity
  8
VISIBLE
100
AcDbCircle
 10
308.2
 20
-62.84575131106458
 30
0.0
 40
3.0
100
AcDbArc
 50
138.59037789073
 51
180.0
  0
LINE
  5
100007CB
102
{ACAD_XDICTIONARY
360
100007CC
102
}
330
1F
100
AcDbEntity
  8
VISIBLE
100
AcDbLine
 10
305.2
 20
-62.84575131106458
 30
0.0
 11
305.2
 21
-71.55424868893542
 31
0.0
  0
ARC
  5
100007CF
102
{ACAD_XDICTIONARY
360
100007D0
102
}
330
1F
100
AcDbEntity
  8
VISIBLE
100
AcDbCircle
 10
308.2
 20
-71.55424868893542
 30
0.0
 40
2.999999999999994
100
AcDbArc
 50
180.0
 51
221.4096221092698
  0
ARC
  5
100007D5
102
{ACAD_XDICTIONARY
360
100007D6
102
}
330
1F
100
AcDbEntity
  8
VISIBLE
100
AcDbCircle
 10
305.2
 20
-74.19999999999996
 30
0.0
 40
1.0
100
AcDbArc
 50
228.5903778907289
 51
41.4096221092719
  0
ARC
  5
100007DB
102
{ACAD_XDICTIONARY
360
100007DC
102
}
330
1F
100
AcDbEntity
  8
VISIBLE
100
AcDbCircle
 10
302.5542486889354
 20
-77.19999999999999
 30
0.0
 40
2.999999999999993
100
AcDbArc
 50
48.59037789072943
 51
90.0
  0
LINE
  5
100007E1
102
{ACAD_XDICTIONARY
360
100007E2
102
}
330
1F
100
AcDbEntity
  8
VISIBLE
100
AcDbLine
 10
302.5542486889354
 20
-74.2
 30
0.0
 11
293.8457513110646
 21
-74.19999999999999
 31
0.0
  0
ARC
  5
100007E5
102
{ACAD_XDICTIONARY
360
100007E6
102
}
330
1F
100
AcDbEntity
  8
VISIBLE
100
AcDbCircle
 10
293.8457513110646
 20
-77.19999999999999
 30
0.0
 40
2.99999999999999
100
AcDbArc
 50
90.0
 51
131.4096221092716
  0
ARC
  5
100007EB
102
{ACAD_XDICTIONARY
360
100007EC
102
}
330
1F
100
AcDbEntity
  8
VISIBLE
100
AcDbCircle
 10
291.2
 20
-74.20000000000002
 30
0.0
 40
0.9999999999999996
100
AcDbArc
 50
138.5903778907278
 51
311.4096221092703
  0
ARC
  5
100007F1
102
{ACAD_XDICTIONARY
360
100007F2
102
}
330
1F
100
AcDbEntity
  8
VISIBLE
100
AcDbCircle
 10
288.2
 20
-71.5542486889354
 30
0.0
 40
3.000000000000027
100
AcDbArc
 50
318.5903778907292
 51
0.0
  0
LINE
  5
100007F7
102
{ACAD_XDICTIONARY
360
100007F8
102
}
330
1F
100
AcDbEntity
  8
VISIBLE
100
AcDbLine
 10
291.2
 20
-62.84575131106458
 30
0.0
 11
291.2
 21
-71.55424868893542
 31
0.0
  0
ARC
  5
100007FB
102
{ACAD_XDICTIONARY
360
100007FC
102
}
330
1F
100
AcDbEntity
  8
VISIBLE
100
AcDbCircle
 10
288.2
 20
-62.84575131106458
 30
0.0
 40
2.999999999999987
100
AcDbArc
 50
0.0
 51
41.40962210927078
  0
LINE
  5
10000801
102
{ACAD_XDICTIONARY
360
10000802
102
}
330
1F
100
AcDbEntity
  8
VISIBLE
100
AcDbLine
 10
273.4999999999999
 20
-83.50000000000001
 30
0.0
 11
366.4
 21
-83.5
 31
0.0
  0
ARC
  5
10000805
102
{ACAD_XDICTIONARY
360
10000806
102
}
330
1F
100
AcDbEntity
  8
VISIBLE
100
AcDbCircle
 10
366.4
 20
-77.80000000000001
 30
0.0
 40
5.7
100
AcDbArc
 50
270.0
 51
0.0
  0
LINE
  5
1000080B
102
{ACAD_XDICTIONARY
360
1000080C
102
}
330
1F
100
AcDbEntity
  8
VISIBLE
100
AcDbLine
 10
372.1
 20
-74.6
 30
0.0
 11
372.1
 21
-77.80000000000001
 31
0.0
  0
ARC
  5
1000080F
102
{ACAD_XDICTIONARY
360
10000810
102
}
330
1F
100
AcDbEntity
  8
VISIBLE
100
AcDbCircle
 10
382.4
 20
-74.6
 30
0.0
 40
10.3
100
AcDbArc
 50
90.0
 51
180.0
  0
LINE
  5
10000815
102
{ACAD_XDICTIONARY
360
10000816
102
}
330
1F
100
AcDbEntity
  8
VISIBLE
100
AcDbLine
 10
404.8
 20
-64.3
 30
0.0
 11
382.4
 21
-64.3
 31
0.0
  0
ARC
  5
10000819
102
{ACAD_XDICTIONARY
360
1000081A
102
}
330
1F
100
AcDbEntity
  8
VISIBLE
100
AcDbCircle
 10
404.8
 20
-58.6
 30
0.0
 40
5.699999999999999
100
AcDbArc
 50
270.0
 51
0.0
  0
LINE
  5
1000081F
102
{ACAD_XDICTIONARY
360
10000820
102
}
330
1F
100
AcDbEntity
  8
VISIBLE
100
AcDbLine
 10
410.5
 20
1.0
 30
0.0
 11
410.5
 21
-58.6
 31
0.0
  0
ARC
  5
10000823
102
{ACAD_XDICTIONARY
360
10000824
102
}
330
1F
100
AcDbEntity
  8
VISIBLE
100
AcDbCircle
 10
404.8
 20
1.000000000000002
 30
0.0
 40
5.7
100
AcDbArc
 50
0.0
 51
90.0
  0
LINE
  5
10000829
102
{ACAD_XDICTIONARY
360
1000082A
102
}
330
1F
100
AcDbEntity
  8
VISIBLE
100
AcDbLine
 10
404.8
 20
6.700000000000001
 30
0.0
 11
273.4999999999999
 21
6.700000000000001
 31
0.0
  0
LINE
  5
1000082D
102
{ACAD_XDICTIONARY
360
1000082E
102
}
330
1F
100
AcDbEntity
  8
VISIBLE
100
AcDbLine
 10
273.4999999999999
 20
6.700000000000001
 30
0.0
 11
273.4999999999999
 21
1.799999999999999
 31
0.0
  0
ARC
  5
10000831
102
{ACAD_XDICTIONARY
360
10000832
102
}
330
1F
100
AcDbEntity
  8
VISIBLE
100
AcDbCircle
 10
270.4999999999999
 20
1.799999999999999
 30
0.0
 40
3.000000000000003
100
AcDbArc
 50
180.0
 51
0.0
  0
LINE
  5
10000837
102
{ACAD_XDICTIONARY
360
10000838
102
}
330
1F
100
AcDbEntity
  8
VISIBLE
100
AcDbLine
 10
267.4999999999999
 20
1.799999999999999
 30
0.0
 11
267.4999999999999
 21
6.700000000000001
 31
0.0
  0
LINE
  5
1000083B
102
{ACAD_XDICTIONARY
360
1000083C
102
}
330
1F
100
AcDbEntity
  8
VISIBLE
100
AcDbLine
 10
267.4999999999999
 20
6.700000000000001
 30
0.0
 11
252.3
 21
6.700000000000001
 31
0.0
  0
ARC
  5
1000083F
102
{ACAD_XDICTIONARY
360
10000840
102
}
330
1F
100
AcDbEntity
  8
VISIBLE
100
AcDbCircle
 10
252.3
 20
1.000000000000002
 30
0.0
 40
5.700000000000006
100
AcDbArc
 50
90.0
 51
180.0
  0
LINE
  5
10000845
102
{ACAD_XDICTIONARY
360
10000846
102
}
330
1F
100
AcDbEntity
  8
VISIBLE
100
AcDbLine
 10
246.6
 20
1.000000000000001
 30
0.0
 11
246.6
 21
-35.40000000000001
 31
0.0
  0
LINE
  5
10000849
102
{ACAD_XDICTIONARY
360
1000084A
102
}
330
1F
100
AcDbEntity
  8
VISIBLE
100
AcDbLine
 10
251.5
 20
-35.40000000000001
 30
0.0
 11
246.6
 21
-35.40000000000001
 31
0.0
  0
ARC
  5
1000084D
102
{ACAD_XDICTIONARY
360
1000084E
102
}
330
1F
100
AcDbEntity
  8
VISIBLE
100
AcDbCircle
 10
251.5
 20
-38.40000000000001
 30
0.0
 40
3.000000000000003
100
AcDbArc
 50
270.0
 51
90.0
  0
LINE
  5
10000853
102
{ACAD_XDICTIONARY
360
10000854
102
}
330
1F
100
AcDbEntity
  8
VISIBLE
100
AcDbLine
 10
246.6
 20
-41.40000000000001
 30
0.0
 11
251.5
 21
-41.40000000000001
 31
0.0
  0
LINE
  5
10000857
102
{ACAD_XDICTIONARY
360
10000858
102
}
330
1F
100
AcDbEntity
  8
VISIBLE
100
AcDbLine
 10
246.6
 20
-41.40000000000001
 30
0.0
 11
246.6
 21
-77.8
 31
0.0
  0
ARC
  5
1000085B
102
{ACAD_XDICTIONARY
360
1000085C
102
}
330
1F
100
AcDbEntity
  8
VISIBLE
100
AcDbCircle
 10
252.3
 20
-77.8
 30
0.0
 40
5.700000000000004
100
AcDbArc
 50
180.0
 51
270.0
  0
LINE
  5
10000861
102
{ACAD_XDICTIONARY
360
10000862
102
}
330
1F
100
AcDbEntity
  8
VISIBLE
100
AcDbLine
 10
252.3
 20
-83.5
 30
0.0
 11
267.4999999999999
 21
-83.50000000000001
 31
0.0
  0
LINE
  5
10000865
102
{ACAD_XDICTIONARY
360
10000866
102
}
330
1F
100
AcDbEntity
  8
VISIBLE
100
AcDbLine
 10
267.4999999999999
 20
-78.60000000000002
 30
0.0
 11
267.4999999999999
 21
-83.50000000000001
 31
0.0
  0
ARC
  5
10000869
102
{ACAD_XDICTIONARY
360
1000086A
102
}
330
1F
100
AcDbEntity
  8
VISIBLE
100
AcDbCircle
 10
270.4999999999999
 20
-78.60000000000002
 30
0.0
 40
3.000000000000003
100
AcDbArc
 50
0.0
 51
180.0
  0
LINE
  5
1000086F
102
{ACAD_XDICTIONARY
360
10000870
102
}
330
1F
100
AcDbEntity
  8
VISIBLE
100
AcDbLine
 10
273.4999999999999
 20
-83.50000000000001
 30
0.0
 11
273.4999999999999
 21
-78.60000000000002
 31
0.0
  0
ENDSEC
  0
SECTION
  2
OBJECTS
  0
DICTIONARY
  5
C
330
0
100
AcDbDictionary
  3
ACAD_GROUP
350
D
  3
ACAD_LAYOUT
350
1A
  3
ACAD_MATERIAL
350
43
  3
ACAD_MLEADERSTYLE
350
5B
  3
ACAD_MLINESTYLE
350
17
  3
ACAD_PLOTSETTINGS
350
19
  3
ACAD_SCALELIST
350
47
  3
ACAD_VISUALSTYLE
350
2A
  3
ACDBHEADERROUNDTRIPXREC
350
10000875
  3
ACDBVARIABLEDICTIONARY
350
10000896
  3
DWGPROPS
350
100008A1
  3
ONSHAPE_DATA
350
10000001
  0
DICTIONARY
  5
100008A2
330
8
100
AcDbDictionary
280
     1
  3
ACAD_XREC_ROUNDTRIP
360
100008A3
  0
DICTIONARY
  5
10000873
330
1F
100
AcDbDictionary
280
     1
  3
ACAD_SORTENTS
360
10000874
  0
DICTIONARY
  5
1000005A
330
10000059
100
AcDbDictionary
280
     1
  3
BTARCONSURFACERADIUS
360
1000005D
  3
BTDETID
360
1000005B
  3
BTOWNERFACEID_
360
1000005C
  3
BTPARTID
360
1000005E
  0
DICTIONARY
  5
10000060
330
1000005F
100
AcDbDictionary
280
     1
  3
BTARCONSURFACERADIUS
360
10000063
  3
BTDETID
360
10000061
  3
BTOWNERFACEID_
360
10000062
  3
BTPARTID
360
10000064
  0
DICTIONARY
  5
10000066
330
10000065
100
AcDbDictionary
280
     1
  3
BTARCONSURFACERADIUS
360
10000069
  3
BTDETID
360
10000067
  3
BTOWNERFACEID_
360
10000068
  3
BTPARTID
360
1000006A
  0
DICTIONARY
  5
1000006C
330
1000006B
100
AcDbDictionary
280
     1
  3
BTARCONSURFACERADIUS
360
1000006F
  3
BTDETID
360
1000006D
  3
BTOWNERFACEID_
360
1000006E
  3
BTPARTID
360
10000070
  0
DICTIONARY
  5
10000072
330
10000071
100
AcDbDictionary
280
     1
  3
BTARCONSURFACERADIUS
360
10000075
  3
BTDETID
360
10000073
  3
BTOWNERFACEID_
360
10000074
  3
BTPARTID
360
10000076
  0
DICTIONARY
  5
10000078
330
10000077
100
AcDbDictionary
280
     1
  3
BTARCONSURFACERADIUS
360
1000007B
  3
BTDETID
360
10000079
  3
BTOWNERFACEID_
360
1000007A
  3
BTPARTID
360
1000007C
  0
DICTIONARY
  5
1000007E
330
1000007D
100
AcDbDictionary
280
     1
  3
BTDETID
360
1000007F
  3
BTPARTID
360
10000080
  0
DICTIONARY
  5
10000082
330
10000081
100
AcDbDictionary
280
     1
  3
BTARCONSURFACERADIUS
360
10000085
  3
BTDETID
360
10000083
  3
BTOWNERFACEID_
360
10000084
  3
BTPARTID
360
10000086
  0
DICTIONARY
  5
10000088
330
10000087
100
AcDbDictionary
280
     1
  3
BTARCONSURFACERADIUS
360
1000008B
  3
BTDETID
360
10000089
  3
BTOWNERFACEID_
360
1000008A
  3
BTPARTID
360
1000008C
  0
DICTIONARY
  5
1000008E
330
1000008D
100
AcDbDictionary
280
     1
  3
BTARCONSURFACERADIUS
360
10000091
  3
BTDETID
360
1000008F
  3
BTOWNERFACEID_
360
10000090
  3
BTPARTID
360
10000092
  0
DICTIONARY
  5
10000094
330
10000093
100
AcDbDictionary
280
     1
  3
BTDETID
360
10000095
  3
BTPARTID
360
10000096
  0
DICTIONARY
  5
10000098
330
10000097
100
AcDbDictionary
280
     1
  3
BTARCONSURFACERADIUS
360
1000009B
  3
BTDETID
360
10000099
  3
BTOWNERFACEID_
360
1000009A
  3
BTPARTID
360
1000009C
  0
DICTIONARY
  5
1000009E
330
1000009D
100
AcDbDictionary
280
     1
  3
BTARCONSURFACERADIUS
360
100000A1
  3
BTDETID
360
1000009F
  3
BTOWNERFACEID_
360
100000A0
  3
BTPARTID
360
100000A2
  0
DICTIONARY
  5
100000A4
330
100000A3
100
AcDbDictionary
280
     1
  3
BTARCONSURFACERADIUS
360
100000A7
  3
BTDETID
360
100000A5
  3
BTOWNERFACEID_
360
100000A6
  3
BTPARTID
360
100000A8
  0
DICTIONARY
  5
100000AA
330
100000A9
100
AcDbDictionary
280
     1
  3
BTDETID
360
100000AB
  3
BTPARTID
360
100000AC
  0
DICTIONARY
  5
100000AE
330
100000AD
100
AcDbDictionary
280
     1
  3
BTARCONSURFACERADIUS
360
100000B1
  3
BTDETID
360
100000AF
  3
BTOWNERFACEID_
360
100000B0
  3
BTPARTID
360
100000B2
  0
DICTIONARY
  5
100000B4
330
100000B3
100
AcDbDictionary
280
     1
  3
BTARCONSURFACERADIUS
360
100000B7
  3
BTDETID
360
100000B5
  3
BTOWNERFACEID_
360
100000B6
  3
BTPARTID
360
100000B8
  0
DICTIONARY
  5
100000BA
330
100000B9
100
AcDbDictionary
280
     1
  3
BTARCONSURFACERADIUS
360
100000BD
  3
BTDETID
360
100000BB
  3
BTOWNERFACEID_
360
100000BC
  3
BTPARTID
360
100000BE
  0
DICTIONARY
  5
100000C0
330
100000BF
100
AcDbDictionary
280
     1
  3
BTDETID
360
100000C1
  3
BTPARTID
360
100000C2
  0
DICTIONARY
  5
100000C4
330
100000C3
100
AcDbDictionary
280
     1
  3
BTARCONSURFACERADIUS
360
100000C7
  3
BTDETID
360
100000C5
  3
BTOWNERFACEID_
360
100000C6
  3
BTPARTID
360
100000C8
  0
DICTIONARY
  5
100000CA
330
100000C9
100
AcDbDictionary
280
     1
  3
BTARCONSURFACERADIUS
360
100000CD
  3
BTDETID
360
100000CB
  3
BTOWNERFACEID_
360
100000CC
  3
BTPARTID
360
100000CE
  0
DICTIONARY
  5
100000D0
330
100000CF
100
AcDbDictionary
280
     1
  3
BTARCONSURFACERADIUS
360
100000D3
  3
BTDETID
360
100000D1
  3
BTOWNERFACEID_
360
100000D2
  3
BTPARTID
360
100000D4
  0
DICTIONARY
  5
100000D6
330
100000D5
100
AcDbDictionary
280
     1
  3
BTDETID
360
100000D7
  3
BTPARTID
360
100000D8
  0
DICTIONARY
  5
100000DA
330
100000D9
100
AcDbDictionary
280
     1
  3
BTARCONSURFACERADIUS
360
100000DD
  3
BTDETID
360
100000DB
  3
BTOWNERFACEID_
360
100000DC
  3
BTPARTID
360
100000DE
  0
DICTIONARY
  5
100000E0
330
100000DF
100
AcDbDictionary
280
     1
  3
BTARCONSURFACERADIUS
360
100000E3
  3
BTDETID
360
100000E1
  3
BTOWNERFACEID_
360
100000E2
  3
BTPARTID
360
100000E4
  0
DICTIONARY
  5
100000E6
330
100000E5
100
AcDbDictionary
280
     1
  3
BTARCONSURFACERADIUS
360
100000E9
  3
BTDETID
360
100000E7
  3
BTOWNERFACEID_
360
100000E8
  3
BTPARTID
360
100000EA
  0
DICTIONARY
  5
100000EC
330
100000EB
100
AcDbDictionary
280
     1
  3
BTDETID
360
100000ED
  3
BTPARTID
360
100000EE
  0
DICTIONARY
  5
100000F0
330
100000EF
100
AcDbDictionary
280
     1
  3
BTARCONSURFACERADIUS
360
100000F3
  3
BTDETID
360
100000F1
  3
BTOWNERFACEID_
360
100000F2
  3
BTPARTID
360
100000F4
  0
DICTIONARY
  5
100000F6
330
100000F5
100
AcDbDictionary
280
     1
  3
BTARCONSURFACERADIUS
360
100000F9
  3
BTDETID
360
100000F7
  3
BTOWNERFACEID_
360
100000F8
  3
BTPARTID
360
100000FA
  0
DICTIONARY
  5
100000FC
330
100000FB
100
AcDbDictionary
280
     1
  3
BTARCONSURFACERADIUS
360
100000FF
  3
BTDETID
360
100000FD
  3
BTOWNERFACEID_
360
100000FE
  3
BTPARTID
360
10000100
  0
DICTIONARY
  5
10000102
330
10000101
100
AcDbDictionary
280
     1
  3
BTDETID
360
10000103
  3
BTPARTID
360
10000104
  0
DICTIONARY
  5
10000106
330
10000105
100
AcDbDictionary
280
     1
  3
BTARCONSURFACERADIUS
360
10000109
  3
BTDETID
360
10000107
  3
BTOWNERFACEID_
360
10000108
  3
BTPARTID
360
1000010A
  0
DICTIONARY
  5
1000010C
330
1000010B
100
AcDbDictionary
280
     1
  3
BTARCONSURFACERADIUS
360
1000010F
  3
BTDETID
360
1000010D
  3
BTOWNERFACEID_
360
1000010E
  3
BTPARTID
360
10000110
  0
DICTIONARY
  5
10000112
330
10000111
100
AcDbDictionary
280
     1
  3
BTARCONSURFACERADIUS
360
10000115
  3
BTDETID
360
10000113
  3
BTOWNERFACEID_
360
10000114
  3
BTPARTID
360
10000116
  0
DICTIONARY
  5
10000118
330
10000117
100
AcDbDictionary
280
     1
  3
BTDETID
360
10000119
  3
BTPARTID
360
1000011A
  0
DICTIONARY
  5
1000011C
330
1000011B
100
AcDbDictionary
280
     1
  3
BTARCONSURFACERADIUS
360
1000011F
  3
BTDETID
360
1000011D
  3
BTOWNERFACEID_
360
1000011E
  3
BTPARTID
360
10000120
  0
DICTIONARY
  5
10000122
330
10000121
100
AcDbDictionary
280
     1
  3
BTARCONSURFACERADIUS
360
10000125
  3
BTDETID
360
10000123
  3
BTOWNERFACEID_
360
10000124
  3
BTPARTID
360
10000126
  0
DICTIONARY
  5
10000128
330
10000127
100
AcDbDictionary
280
     1
  3
BTARCONSURFACERADIUS
360
1000012B
  3
BTDETID
360
10000129
  3
BTOWNERFACEID_
360
1000012A
  3
BTPARTID
360
1000012C
  0
DICTIONARY
  5
1000012E
330
1000012D
100
AcDbDictionary
280
     1
  3
BTDETID
360
1000012F
  3
BTPARTID
360
10000130
  0
DICTIONARY
  5
10000132
330
10000131
100
AcDbDictionary
280
     1
  3
BTARCONSURFACERADIUS
360
10000135
  3
BTDETID
360
10000133
  3
BTOWNERFACEID_
360
10000134
  3
BTPARTID
360
10000136
  0
DICTIONARY
  5
10000138
330
10000137
100
AcDbDictionary
280
     1
  3
BTARCONSURFACERADIUS
360
1000013B
  3
BTDETID
360
10000139
  3
BTOWNERFACEID_
360
1000013A
  3
BTPARTID
360
1000013C
  0
DICTIONARY
  5
1000013E
330
1000013D
100
AcDbDictionary
280
     1
  3
BTARCONSURFACERADIUS
360
10000141
  3
BTDETID
360
1000013F
  3
BTOWNERFACEID_
360
10000140
  3
BTPARTID
360
10000142
  0
DICTIONARY
  5
10000144
330
10000143
100
AcDbDictionary
280
     1
  3
BTDETID
360
10000145
  3
BTPARTID
360
10000146
  0
DICTIONARY
  5
10000148
330
10000147
100
AcDbDictionary
280
     1
  3
BTARCONSURFACERADIUS
360
1000014B
  3
BTDETID
360
10000149
  3
BTOWNERFACEID_
360
1000014A
  3
BTPARTID
360
1000014C
  0
DICTIONARY
  5
1000014E
330
1000014D
100
AcDbDictionary
280
     1
  3
BTARCONSURFACERADIUS
360
10000151
  3
BTDETID
360
1000014F
  3
BTOWNERFACEID_
360
10000150
  3
BTPARTID
360
10000152
  0
DICTIONARY
  5
10000154
330
10000153
100
AcDbDictionary
280
     1
  3
BTARCONSURFACERADIUS
360
10000157
  3
BTDETID
360
10000155
  3
BTOWNERFACEID_
360
10000156
  3
BTPARTID
360
10000158
  0
DICTIONARY
  5
1000015A
330
10000159
100
AcDbDictionary
280
     1
  3
BTDETID
360
1000015B
  3
BTPARTID
360
1000015C
  0
DICTIONARY
  5
1000015E
330
1000015D
100
AcDbDictionary
280
     1
  3
BTARCONSURFACERADIUS
360
10000161
  3
BTDETID
360
1000015F
  3
BTOWNERFACEID_
360
10000160
  3
BTPARTID
360
10000162
  0
DICTIONARY
  5
10000164
330
10000163
100
AcDbDictionary
280
     1
  3
BTARCONSURFACERADIUS
360
10000167
  3
BTDETID
360
10000165
  3
BTOWNERFACEID_
360
10000166
  3
BTPARTID
360
10000168
  0
DICTIONARY
  5
1000016A
330
10000169
100
AcDbDictionary
280
     1
  3
BTARCONSURFACERADIUS
360
1000016D
  3
BTDETID
360
1000016B
  3
BTOWNERFACEID_
360
1000016C
  3
BTPARTID
360
1000016E
  0
DICTIONARY
  5
10000170
330
1000016F
100
AcDbDictionary
280
     1
  3
BTDETID
360
10000171
  3
BTPARTID
360
10000172
  0
DICTIONARY
  5
10000174
330
10000173
100
AcDbDictionary
280
     1
  3
BTARCONSURFACERADIUS
360
10000177
  3
BTDETID
360
10000175
  3
BTOWNERFACEID_
360
10000176
  3
BTPARTID
360
10000178
  0
DICTIONARY
  5
1000017A
330
10000179
100
AcDbDictionary
280
     1
  3
BTARCONSURFACERADIUS
360
1000017D
  3
BTDETID
360
1000017B
  3
BTOWNERFACEID_
360
1000017C
  3
BTPARTID
360
1000017E
  0
DICTIONARY
  5
10000180
330
1000017F
100
AcDbDictionary
280
     1
  3
BTARCONSURFACERADIUS
360
10000183
  3
BTDETID
360
10000181
  3
BTOWNERFACEID_
360
10000182
  3
BTPARTID
360
10000184
  0
DICTIONARY
  5
10000186
330
10000185
100
AcDbDictionary
280
     1
  3
BTDETID
360
10000187
  3
BTPARTID
360
10000188
  0
DICTIONARY
  5
1000018A
330
10000189
100
AcDbDictionary
280
     1
  3
BTARCONSURFACERADIUS
360
1000018D
  3
BTDETID
360
1000018B
  3
BTOWNERFACEID_
360
1000018C
  3
BTPARTID
360
1000018E
  0
DICTIONARY
  5
10000190
330
1000018F
100
AcDbDictionary
280
     1
  3
BTARCONSURFACERADIUS
360
10000193
  3
BTDETID
360
10000191
  3
BTOWNERFACEID_
360
10000192
  3
BTPARTID
360
10000194
  0
DICTIONARY
  5
10000196
330
10000195
100
AcDbDictionary
280
     1
  3
BTARCONSURFACERADIUS
360
10000199
  3
BTDETID
360
10000197
  3
BTOWNERFACEID_
360
10000198
  3
BTPARTID
360
1000019A
  0
DICTIONARY
  5
1000019C
330
1000019B
100
AcDbDictionary
280
     1
  3
BTDETID
360
1000019D
  3
BTPARTID
360
1000019E
  0
DICTIONARY
  5
100001A0
330
1000019F
100
AcDbDictionary
280
     1
  3
BTARCONSURFACERADIUS
360
100001A3
  3
BTDETID
360
100001A1
  3
BTOWNERFACEID_
360
100001A2
  3
BTPARTID
360
100001A4
  0
DICTIONARY
  5
100001A6
330
100001A5
100
AcDbDictionary
280
     1
  3
BTARCONSURFACERADIUS
360
100001A9
  3
BTDETID
360
100001A7
  3
BTOWNERFACEID_
360
100001A8
  3
BTPARTID
360
100001AA
  0
DICTIONARY
  5
100001AC
330
100001AB
100
AcDbDictionary
280
     1
  3
BTARCONSURFACERADIUS
360
100001AF
  3
BTDETID
360
100001AD
  3
BTOWNERFACEID_
360
100001AE
  3
BTPARTID
360
100001B0
  0
DICTIONARY
  5
100001B2
330
100001B1
100
AcDbDictionary
280
     1
  3
BTDETID
360
100001B3
  3
BTPARTID
360
100001B4
  0
DICTIONARY
  5
100001B6
330
100001B5
100
AcDbDictionary
280
     1
  3
BTARCONSURFACERADIUS
360
100001B9
  3
BTDETID
360
100001B7
  3
BTOWNERFACEID_
360
100001B8
  3
BTPARTID
360
100001BA
  0
DICTIONARY
  5
100001BC
330
100001BB
100
AcDbDictionary
280
     1
  3
BTARCONSURFACERADIUS
360
100001BF
  3
BTDETID
360
100001BD
  3
BTOWNERFACEID_
360
100001BE
  3
BTPARTID
360
100001C0
  0
DICTIONARY
  5
100001C2
330
100001C1
100
AcDbDictionary
280
     1
  3
BTARCONSURFACERADIUS
360
100001C5
  3
BTDETID
360
100001C3
  3
BTOWNERFACEID_
360
100001C4
  3
BTPARTID
360
100001C6
  0
DICTIONARY
  5
100001C8
330
100001C7
100
AcDbDictionary
280
     1
  3
BTDETID
360
100001C9
  3
BTPARTID
360
100001CA
  0
DICTIONARY
  5
100001CC
330
100001CB
100
AcDbDictionary
280
     1
  3
BTARCONSURFACERADIUS
360
100001CF
  3
BTDETID
360
100001CD
  3
BTOWNERFACEID_
360
100001CE
  3
BTPARTID
360
100001D0
  0
DICTIONARY
  5
100001D2
330
100001D1
100
AcDbDictionary
280
     1
  3
BTARCONSURFACERADIUS
360
100001D5
  3
BTDETID
360
100001D3
  3
BTOWNERFACEID_
360
100001D4
  3
BTPARTID
360
100001D6
  0
DICTIONARY
  5
100001D8
330
100001D7
100
AcDbDictionary
280
     1
  3
BTARCONSURFACERADIUS
360
100001DB
  3
BTDETID
360
100001D9
  3
BTOWNERFACEID_
360
100001DA
  3
BTPARTID
360
100001DC
  0
DICTIONARY
  5
100001DE
330
100001DD
100
AcDbDictionary
280
     1
  3
BTDETID
360
100001DF
  3
BTPARTID
360
100001E0
  0
DICTIONARY
  5
100001E2
330
100001E1
100
AcDbDictionary
280
     1
  3
BTARCONSURFACERADIUS
360
100001E5
  3
BTDETID
360
100001E3
  3
BTOWNERFACEID_
360
100001E4
  3
BTPARTID
360
100001E6
  0
DICTIONARY
  5
100001E8
330
100001E7
100
AcDbDictionary
280
     1
  3
BTARCONSURFACERADIUS
360
100001EB
  3
BTDETID
360
100001E9
  3
BTOWNERFACEID_
360
100001EA
  3
BTPARTID
360
100001EC
  0
DICTIONARY
  5
100001EE
330
100001ED
100
AcDbDictionary
280
     1
  3
BTARCONSURFACERADIUS
360
100001F1
  3
BTDETID
360
100001EF
  3
BTOWNERFACEID_
360
100001F0
  3
BTPARTID
360
100001F2
  0
DICTIONARY
  5
100001F4
330
100001F3
100
AcDbDictionary
280
     1
  3
BTDETID
360
100001F5
  3
BTPARTID
360
100001F6
  0
DICTIONARY
  5
100001F8
330
100001F7
100
AcDbDictionary
280
     1
  3
BTARCONSURFACERADIUS
360
100001FB
  3
BTDETID
360
100001F9
  3
BTOWNERFACEID_
360
100001FA
  3
BTPARTID
360
100001FC
  0
DICTIONARY
  5
100001FE
330
100001FD
100
AcDbDictionary
280
     1
  3
BTARCONSURFACERADIUS
360
10000201
  3
BTDETID
360
100001FF
  3
BTOWNERFACEID_
360
10000200
  3
BTPARTID
360
10000202
  0
DICTIONARY
  5
10000204
330
10000203
100
AcDbDictionary
280
     1
  3
BTARCONSURFACERADIUS
360
10000207
  3
BTDETID
360
10000205
  3
BTOWNERFACEID_
360
10000206
  3
BTPARTID
360
10000208
  0
DICTIONARY
  5
1000020A
330
10000209
100
AcDbDictionary
280
     1
  3
BTDETID
360
1000020B
  3
BTPARTID
360
1000020C
  0
DICTIONARY
  5
1000020E
330
1000020D
100
AcDbDictionary
280
     1
  3
BTARCONSURFACERADIUS
360
10000211
  3
BTDETID
360
1000020F
  3
BTOWNERFACEID_
360
10000210
  3
BTPARTID
360
10000212
  0
DICTIONARY
  5
10000214
330
10000213
100
AcDbDictionary
280
     1
  3
BTARCONSURFACERADIUS
360
10000217
  3
BTDETID
360
10000215
  3
BTOWNERFACEID_
360
10000216
  3
BTPARTID
360
10000218
  0
DICTIONARY
  5
1000021A
330
10000219
100
AcDbDictionary
280
     1
  3
BTARCONSURFACERADIUS
360
1000021D
  3
BTDETID
360
1000021B
  3
BTOWNERFACEID_
360
1000021C
  3
BTPARTID
360
1000021E
  0
DICTIONARY
  5
10000220
330
1000021F
100
AcDbDictionary
280
     1
  3
BTDETID
360
10000221
  3
BTPARTID
360
10000222
  0
DICTIONARY
  5
10000224
330
10000223
100
AcDbDictionary
280
     1
  3
BTARCONSURFACERADIUS
360
10000227
  3
BTDETID
360
10000225
  3
BTOWNERFACEID_
360
10000226
  3
BTPARTID
360
10000228
  0
DICTIONARY
  5
1000022A
330
10000229
100
AcDbDictionary
280
     1
  3
BTARCONSURFACERADIUS
360
1000022D
  3
BTDETID
360
1000022B
  3
BTOWNERFACEID_
360
1000022C
  3
BTPARTID
360
1000022E
  0
DICTIONARY
  5
10000230
330
1000022F
100
AcDbDictionary
280
     1
  3
BTARCONSURFACERADIUS
360
10000233
  3
BTDETID
360
10000231
  3
BTOWNERFACEID_
360
10000232
  3
BTPARTID
360
10000234
  0
DICTIONARY
  5
10000236
330
10000235
100
AcDbDictionary
280
     1
  3
BTDETID
360
10000237
  3
BTPARTID
360
10000238
  0
DICTIONARY
  5
1000023A
330
10000239
100
AcDbDictionary
280
     1
  3
BTARCONSURFACERADIUS
360
1000023D
  3
BTDETID
360
1000023B
  3
BTOWNERFACEID_
360
1000023C
  3
BTPARTID
360
1000023E
  0
DICTIONARY
  5
10000240
330
1000023F
100
AcDbDictionary
280
     1
  3
BTARCONSURFACERADIUS
360
10000243
  3
BTDETID
360
10000241
  3
BTOWNERFACEID_
360
10000242
  3
BTPARTID
360
10000244
  0
DICTIONARY
  5
10000246
330
10000245
100
AcDbDictionary
280
     1
  3
BTARCONSURFACERADIUS
360
10000249
  3
BTDETID
360
10000247
  3
BTOWNERFACEID_
360
10000248
  3
BTPARTID
360
1000024A
  0
DICTIONARY
  5
1000024C
330
1000024B
100
AcDbDictionary
280
     1
  3
BTDETID
360
1000024D
  3
BTPARTID
360
1000024E
  0
DICTIONARY
  5
10000250
330
1000024F
100
AcDbDictionary
280
     1
  3
BTARCONSURFACERADIUS
360
10000253
  3
BTDETID
360
10000251
  3
BTOWNERFACEID_
360
10000252
  3
BTPARTID
360
10000254
  0
DICTIONARY
  5
10000256
330
10000255
100
AcDbDictionary
280
     1
  3
BTARCONSURFACERADIUS
360
10000259
  3
BTDETID
360
10000257
  3
BTOWNERFACEID_
360
10000258
  3
BTPARTID
360
1000025A
  0
DICTIONARY
  5
1000025C
330
1000025B
100
AcDbDictionary
280
     1
  3
BTARCONSURFACERADIUS
360
1000025F
  3
BTDETID
360
1000025D
  3
BTOWNERFACEID_
360
1000025E
  3
BTPARTID
360
10000260
  0
DICTIONARY
  5
10000262
330
10000261
100
AcDbDictionary
280
     1
  3
BTDETID
360
10000263
  3
BTPARTID
360
10000264
  0
DICTIONARY
  5
10000266
330
10000265
100
AcDbDictionary
280
     1
  3
BTARCONSURFACERADIUS
360
10000269
  3
BTDETID
360
10000267
  3
BTOWNERFACEID_
360
10000268
  3
BTPARTID
360
1000026A
  0
DICTIONARY
  5
1000026C
330
1000026B
100
AcDbDictionary
280
     1
  3
BTARCONSURFACERADIUS
360
1000026F
  3
BTDETID
360
1000026D
  3
BTOWNERFACEID_
360
1000026E
  3
BTPARTID
360
10000270
  0
DICTIONARY
  5
10000272
330
10000271
100
AcDbDictionary
280
     1
  3
BTARCONSURFACERADIUS
360
10000275
  3
BTDETID
360
10000273
  3
BTOWNERFACEID_
360
10000274
  3
BTPARTID
360
10000276
  0
DICTIONARY
  5
10000278
330
10000277
100
AcDbDictionary
280
     1
  3
BTDETID
360
10000279
  3
BTPARTID
360
1000027A
  0
DICTIONARY
  5
1000027C
330
1000027B
100
AcDbDictionary
280
     1
  3
BTARCONSURFACERADIUS
360
1000027F
  3
BTDETID
360
1000027D
  3
BTOWNERFACEID_
360
1000027E
  3
BTPARTID
360
10000280
  0
DICTIONARY
  5
10000282
330
10000281
100
AcDbDictionary
280
     1
  3
BTARCONSURFACERADIUS
360
10000285
  3
BTDETID
360
10000283
  3
BTOWNERFACEID_
360
10000284
  3
BTPARTID
360
10000286
  0
DICTIONARY
  5
10000288
330
10000287
100
AcDbDictionary
280
     1
  3
BTARCONSURFACERADIUS
360
1000028B
  3
BTDETID
360
10000289
  3
BTOWNERFACEID_
360
1000028A
  3
BTPARTID
360
1000028C
  0
DICTIONARY
  5
1000028E
330
1000028D
100
AcDbDictionary
280
     1
  3
BTDETID
360
1000028F
  3
BTPARTID
360
10000290
  0
DICTIONARY
  5
10000292
330
10000291
100
AcDbDictionary
280
     1
  3
BTARCONSURFACERADIUS
360
10000295
  3
BTDETID
360
10000293
  3
BTOWNERFACEID_
360
10000294
  3
BTPARTID
360
10000296
  0
DICTIONARY
  5
10000298
330
10000297
100
AcDbDictionary
280
     1
  3
BTARCONSURFACERADIUS
360
1000029B
  3
BTDETID
360
10000299
  3
BTOWNERFACEID_
360
1000029A
  3
BTPARTID
360
1000029C
  0
DICTIONARY
  5
1000029E
330
1000029D
100
AcDbDictionary
280
     1
  3
BTARCONSURFACERADIUS
360
100002A1
  3
BTDETID
360
1000029F
  3
BTOWNERFACEID_
360
100002A0
  3
BTPARTID
360
100002A2
  0
DICTIONARY
  5
100002A4
330
100002A3
100
AcDbDictionary
280
     1
  3
BTDETID
360
100002A5
  3
BTPARTID
360
100002A6
  0
DICTIONARY
  5
100002A8
330
100002A7
100
AcDbDictionary
280
     1
  3
BTARCONSURFACERADIUS
360
100002AB
  3
BTDETID
360
100002A9
  3
BTOWNERFACEID_
360
100002AA
  3
BTPARTID
360
100002AC
  0
DICTIONARY
  5
100002AE
330
100002AD
100
AcDbDictionary
280
     1
  3
BTARCONSURFACERADIUS
360
100002B1
  3
BTDETID
360
100002AF
  3
BTOWNERFACEID_
360
100002B0
  3
BTPARTID
360
100002B2
  0
DICTIONARY
  5
100002B4
330
100002B3
100
AcDbDictionary
280
     1
  3
BTARCONSURFACERADIUS
360
100002B7
  3
BTDETID
360
100002B5
  3
BTOWNERFACEID_
360
100002B6
  3
BTPARTID
360
100002B8
  0
DICTIONARY
  5
100002BA
330
100002B9
100
AcDbDictionary
280
     1
  3
BTDETID
360
100002BB
  3
BTPARTID
360
100002BC
  0
DICTIONARY
  5
100002BE
330
100002BD
100
AcDbDictionary
280
     1
  3
BTARCONSURFACERADIUS
360
100002C1
  3
BTDETID
360
100002BF
  3
BTOWNERFACEID_
360
100002C0
  3
BTPARTID
360
100002C2
  0
DICTIONARY
  5
100002C4
330
100002C3
100
AcDbDictionary
280
     1
  3
BTARCONSURFACERADIUS
360
100002C7
  3
BTDETID
360
100002C5
  3
BTOWNERFACEID_
360
100002C6
  3
BTPARTID
360
100002C8
  0
DICTIONARY
  5
100002CA
330
100002C9
100
AcDbDictionary
280
     1
  3
BTARCONSURFACERADIUS
360
100002CD
  3
BTDETID
360
100002CB
  3
BTOWNERFACEID_
360
100002CC
  3
BTPARTID
360
100002CE
  0
DICTIONARY
  5
100002D0
330
100002CF
100
AcDbDictionary
280
     1
  3
BTDETID
360
100002D1
  3
BTPARTID
360
100002D2
  0
DICTIONARY
  5
100002D4
330
100002D3
100
AcDbDictionary
280
     1
  3
BTARCONSURFACERADIUS
360
100002D7
  3
BTDETID
360
100002D5
  3
BTOWNERFACEID_
360
100002D6
  3
BTPARTID
360
100002D8
  0
DICTIONARY
  5
100002DA
330
100002D9
100
AcDbDictionary
280
     1
  3
BTARCONSURFACERADIUS
360
100002DD
  3
BTDETID
360
100002DB
  3
BTOWNERFACEID_
360
100002DC
  3
BTPARTID
360
100002DE
  0
DICTIONARY
  5
100002E0
330
100002DF
100
AcDbDictionary
280
     1
  3
BTARCONSURFACERADIUS
360
100002E3
  3
BTDETID
360
100002E1
  3
BTOWNERFACEID_
360
100002E2
  3
BTPARTID
360
100002E4
  0
DICTIONARY
  5
100002E6
330
100002E5
100
AcDbDictionary
280
     1
  3
BTDETID
360
100002E7
  3
BTPARTID
360
100002E8
  0
DICTIONARY
  5
100002EA
330
100002E9
100
AcDbDictionary
280
     1
  3
BTARCONSURFACERADIUS
360
100002ED
  3
BTDETID
360
100002EB
  3
BTOWNERFACEID_
360
100002EC
  3
BTPARTID
360
100002EE
  0
DICTIONARY
  5
100002F0
330
100002EF
100
AcDbDictionary
280
     1
  3
BTARCONSURFACERADIUS
360
100002F3
  3
BTDETID
360
100002F1
  3
BTOWNERFACEID_
360
100002F2
  3
BTPARTID
360
100002F4
  0
DICTIONARY
  5
100002F6
330
100002F5
100
AcDbDictionary
280
     1
  3
BTARCONSURFACERADIUS
360
100002F9
  3
BTDETID
360
100002F7
  3
BTOWNERFACEID_
360
100002F8
  3
BTPARTID
360
100002FA
  0
DICTIONARY
  5
100002FC
330
100002FB
100
AcDbDictionary
280
     1
  3
BTDETID
360
100002FD
  3
BTPARTID
360
100002FE
  0
DICTIONARY
  5
10000300
330
100002FF
100
AcDbDictionary
280
     1
  3
BTARCONSURFACERADIUS
360
10000303
  3
BTDETID
360
10000301
  3
BTOWNERFACEID_
360
10000302
  3
BTPARTID
360
10000304
  0
DICTIONARY
  5
10000306
330
10000305
100
AcDbDictionary
280
     1
  3
BTARCONSURFACERADIUS
360
10000309
  3
BTDETID
360
10000307
  3
BTOWNERFACEID_
360
10000308
  3
BTPARTID
360
1000030A
  0
DICTIONARY
  5
1000030C
330
1000030B
100
AcDbDictionary
280
     1
  3
BTARCONSURFACERADIUS
360
1000030F
  3
BTDETID
360
1000030D
  3
BTOWNERFACEID_
360
1000030E
  3
BTPARTID
360
10000310
  0
DICTIONARY
  5
10000312
330
10000311
100
AcDbDictionary
280
     1
  3
BTDETID
360
10000313
  3
BTPARTID
360
10000314
  0
DICTIONARY
  5
10000316
330
10000315
100
AcDbDictionary
280
     1
  3
BTARCONSURFACERADIUS
360
10000319
  3
BTDETID
360
10000317
  3
BTOWNERFACEID_
360
10000318
  3
BTPARTID
360
1000031A
  0
DICTIONARY
  5
1000031C
330
1000031B
100
AcDbDictionary
280
     1
  3
BTARCONSURFACERADIUS
360
1000031F
  3
BTDETID
360
1000031D
  3
BTOWNERFACEID_
360
1000031E
  3
BTPARTID
360
10000320
  0
DICTIONARY
  5
10000322
330
10000321
100
AcDbDictionary
280
     1
  3
BTARCONSURFACERADIUS
360
10000325
  3
BTDETID
360
10000323
  3
BTOWNERFACEID_
360
10000324
  3
BTPARTID
360
10000326
  0
DICTIONARY
  5
10000328
330
10000327
100
AcDbDictionary
280
     1
  3
BTDETID
360
10000329
  3
BTPARTID
360
1000032A
  0
DICTIONARY
  5
1000032C
330
1000032B
100
AcDbDictionary
280
     1
  3
BTARCONSURFACERADIUS
360
1000032F
  3
BTDETID
360
1000032D
  3
BTOWNERFACEID_
360
1000032E
  3
BTPARTID
360
10000330
  0
DICTIONARY
  5
10000332
330
10000331
100
AcDbDictionary
280
     1
  3
BTARCONSURFACERADIUS
360
10000335
  3
BTDETID
360
10000333
  3
BTOWNERFACEID_
360
10000334
  3
BTPARTID
360
10000336
  0
DICTIONARY
  5
10000338
330
10000337
100
AcDbDictionary
280
     1
  3
BTARCONSURFACERADIUS
360
1000033B
  3
BTDETID
360
10000339
  3
BTOWNERFACEID_
360
1000033A
  3
BTPARTID
360
1000033C
  0
DICTIONARY
  5
1000033E
330
1000033D
100
AcDbDictionary
280
     1
  3
BTDETID
360
1000033F
  3
BTPARTID
360
10000340
  0
DICTIONARY
  5
10000342
330
10000341
100
AcDbDictionary
280
     1
  3
BTARCONSURFACERADIUS
360
10000345
  3
BTDETID
360
10000343
  3
BTOWNERFACEID_
360
10000344
  3
BTPARTID
360
10000346
  0
DICTIONARY
  5
10000348
330
10000347
100
AcDbDictionary
280
     1
  3
BTARCONSURFACERADIUS
360
1000034B
  3
BTDETID
360
10000349
  3
BTOWNERFACEID_
360
1000034A
  3
BTPARTID
360
1000034C
  0
DICTIONARY
  5
1000034E
330
1000034D
100
AcDbDictionary
280
     1
  3
BTARCONSURFACERADIUS
360
10000351
  3
BTDETID
360
1000034F
  3
BTOWNERFACEID_
360
10000350
  3
BTPARTID
360
10000352
  0
DICTIONARY
  5
10000354
330
10000353
100
AcDbDictionary
280
     1
  3
BTDETID
360
10000355
  3
BTPARTID
360
10000356
  0
DICTIONARY
  5
10000358
330
10000357
100
AcDbDictionary
280
     1
  3
BTARCONSURFACERADIUS
360
1000035B
  3
BTDETID
360
10000359
  3
BTOWNERFACEID_
360
1000035A
  3
BTPARTID
360
1000035C
  0
DICTIONARY
  5
1000035E
330
1000035D
100
AcDbDictionary
280
     1
  3
BTARCONSURFACERADIUS
360
10000361
  3
BTDETID
360
1000035F
  3
BTOWNERFACEID_
360
10000360
  3
BTPARTID
360
10000362
  0
DICTIONARY
  5
10000364
330
10000363
100
AcDbDictionary
280
     1
  3
BTARCONSURFACERADIUS
360
10000367
  3
BTDETID
360
10000365
  3
BTOWNERFACEID_
360
10000366
  3
BTPARTID
360
10000368
  0
DICTIONARY
  5
1000036A
330
10000369
100
AcDbDictionary
280
     1
  3
BTDETID
360
1000036B
  3
BTPARTID
360
1000036C
  0
DICTIONARY
  5
1000036E
330
1000036D
100
AcDbDictionary
280
     1
  3
BTARCONSURFACERADIUS
360
10000371
  3
BTDETID
360
1000036F
  3
BTOWNERFACEID_
360
10000370
  3
BTPARTID
360
10000372
  0
DICTIONARY
  5
10000374
330
10000373
100
AcDbDictionary
280
     1
  3
BTARCONSURFACERADIUS
360
10000377
  3
BTDETID
360
10000375
  3
BTOWNERFACEID_
360
10000376
  3
BTPARTID
360
10000378
  0
DICTIONARY
  5
1000037A
330
10000379
100
AcDbDictionary
280
     1
  3
BTARCONSURFACERADIUS
360
1000037D
  3
BTDETID
360
1000037B
  3
BTOWNERFACEID_
360
1000037C
  3
BTPARTID
360
1000037E
  0
DICTIONARY
  5
10000380
330
1000037F
100
AcDbDictionary
280
     1
  3
BTDETID
360
10000381
  3
BTPARTID
360
10000382
  0
DICTIONARY
  5
10000384
330
10000383
100
AcDbDictionary
280
     1
  3
BTARCONSURFACERADIUS
360
10000387
  3
BTDETID
360
10000385
  3
BTOWNERFACEID_
360
10000386
  3
BTPARTID
360
10000388
  0
DICTIONARY
  5
1000038A
330
10000389
100
AcDbDictionary
280
     1
  3
BTARCONSURFACERADIUS
360
1000038D
  3
BTDETID
360
1000038B
  3
BTOWNERFACEID_
360
1000038C
  3
BTPARTID
360
1000038E
  0
DICTIONARY
  5
10000390
330
1000038F
100
AcDbDictionary
280
     1
  3
BTARCONSURFACERADIUS
360
10000393
  3
BTDETID
360
10000391
  3
BTOWNERFACEID_
360
10000392
  3
BTPARTID
360
10000394
  0
DICTIONARY
  5
10000396
330
10000395
100
AcDbDictionary
280
     1
  3
BTDETID
360
10000397
  3
BTPARTID
360
10000398
  0
DICTIONARY
  5
1000039A
330
10000399
100
AcDbDictionary
280
     1
  3
BTARCONSURFACERADIUS
360
1000039D
  3
BTDETID
360
1000039B
  3
BTOWNERFACEID_
360
1000039C
  3
BTPARTID
360
1000039E
  0
DICTIONARY
  5
100003A0
330
1000039F
100
AcDbDictionary
280
     1
  3
BTARCONSURFACERADIUS
360
100003A3
  3
BTDETID
360
100003A1
  3
BTOWNERFACEID_
360
100003A2
  3
BTPARTID
360
100003A4
  0
DICTIONARY
  5
100003A6
330
100003A5
100
AcDbDictionary
280
     1
  3
BTARCONSURFACERADIUS
360
100003A9
  3
BTDETID
360
100003A7
  3
BTOWNERFACEID_
360
100003A8
  3
BTPARTID
360
100003AA
  0
DICTIONARY
  5
100003AC
330
100003AB
100
AcDbDictionary
280
     1
  3
BTDETID
360
100003AD
  3
BTPARTID
360
100003AE
  0
DICTIONARY
  5
100003B0
330
100003AF
100
AcDbDictionary
280
     1
  3
BTARCONSURFACERADIUS
360
100003B3
  3
BTDETID
360
100003B1
  3
BTOWNERFACEID_
360
100003B2
  3
BTPARTID
360
100003B4
  0
DICTIONARY
  5
100003B6
330
100003B5
100
AcDbDictionary
280
     1
  3
BTARCONSURFACERADIUS
360
100003B9
  3
BTDETID
360
100003B7
  3
BTOWNERFACEID_
360
100003B8
  3
BTPARTID
360
100003BA
  0
DICTIONARY
  5
100003BC
330
100003BB
100
AcDbDictionary
280
     1
  3
BTARCONSURFACERADIUS
360
100003BF
  3
BTDETID
360
100003BD
  3
BTOWNERFACEID_
360
100003BE
  3
BTPARTID
360
100003C0
  0
DICTIONARY
  5
100003C2
330
100003C1
100
AcDbDictionary
280
     1
  3
BTDETID
360
100003C3
  3
BTPARTID
360
100003C4
  0
DICTIONARY
  5
100003C6
330
100003C5
100
AcDbDictionary
280
     1
  3
BTARCONSURFACERADIUS
360
100003C9
  3
BTDETID
360
100003C7
  3
BTOWNERFACEID_
360
100003C8
  3
BTPARTID
360
100003CA
  0
DICTIONARY
  5
100003CC
330
100003CB
100
AcDbDictionary
280
     1
  3
BTARCONSURFACERADIUS
360
100003CF
  3
BTDETID
360
100003CD
  3
BTOWNERFACEID_
360
100003CE
  3
BTPARTID
360
100003D0
  0
DICTIONARY
  5
100003D2
330
100003D1
100
AcDbDictionary
280
     1
  3
BTARCONSURFACERADIUS
360
100003D5
  3
BTDETID
360
100003D3
  3
BTOWNERFACEID_
360
100003D4
  3
BTPARTID
360
100003D6
  0
DICTIONARY
  5
100003D8
330
100003D7
100
AcDbDictionary
280
     1
  3
BTDETID
360
100003D9
  3
BTPARTID
360
100003DA
  0
DICTIONARY
  5
100003DC
330
100003DB
100
AcDbDictionary
280
     1
  3
BTARCONSURFACERADIUS
360
100003DF
  3
BTDETID
360
100003DD
  3
BTOWNERFACEID_
360
100003DE
  3
BTPARTID
360
100003E0
  0
DICTIONARY
  5
100003E2
330
100003E1
100
AcDbDictionary
280
     1
  3
BTARCONSURFACERADIUS
360
100003E5
  3
BTDETID
360
100003E3
  3
BTOWNERFACEID_
360
100003E4
  3
BTPARTID
360
100003E6
  0
DICTIONARY
  5
100003E8
330
100003E7
100
AcDbDictionary
280
     1
  3
BTARCONSURFACERADIUS
360
100003EB
  3
BTDETID
360
100003E9
  3
BTOWNERFACEID_
360
100003EA
  3
BTPARTID
360
100003EC
  0
DICTIONARY
  5
100003EE
330
100003ED
100
AcDbDictionary
280
     1
  3
BTDETID
360
100003EF
  3
BTPARTID
360
100003F0
  0
DICTIONARY
  5
100003F2
330
100003F1
100
AcDbDictionary
280
     1
  3
BTARCONSURFACERADIUS
360
100003F5
  3
BTDETID
360
100003F3
  3
BTOWNERFACEID_
360
100003F4
  3
BTPARTID
360
100003F6
  0
DICTIONARY
  5
100003F8
330
100003F7
100
AcDbDictionary
280
     1
  3
BTARCONSURFACERADIUS
360
100003FB
  3
BTDETID
360
100003F9
  3
BTOWNERFACEID_
360
100003FA
  3
BTPARTID
360
100003FC
  0
DICTIONARY
  5
100003FE
330
100003FD
100
AcDbDictionary
280
     1
  3
BTARCONSURFACERADIUS
360
10000401
  3
BTDETID
360
100003FF
  3
BTOWNERFACEID_
360
10000400
  3
BTPARTID
360
10000402
  0
DICTIONARY
  5
10000404
330
10000403
100
AcDbDictionary
280
     1
  3
BTDETID
360
10000405
  3
BTPARTID
360
10000406
  0
DICTIONARY
  5
10000408
330
10000407
100
AcDbDictionary
280
     1
  3
BTARCONSURFACERADIUS
360
1000040B
  3
BTDETID
360
10000409
  3
BTOWNERFACEID_
360
1000040A
  3
BTPARTID
360
1000040C
  0
DICTIONARY
  5
1000040E
330
1000040D
100
AcDbDictionary
280
     1
  3
BTARCONSURFACERADIUS
360
10000411
  3
BTDETID
360
1000040F
  3
BTOWNERFACEID_
360
10000410
  3
BTPARTID
360
10000412
  0
DICTIONARY
  5
10000414
330
10000413
100
AcDbDictionary
280
     1
  3
BTARCONSURFACERADIUS
360
10000417
  3
BTDETID
360
10000415
  3
BTOWNERFACEID_
360
10000416
  3
BTPARTID
360
10000418
  0
DICTIONARY
  5
1000041A
330
10000419
100
AcDbDictionary
280
     1
  3
BTDETID
360
1000041B
  3
BTPARTID
360
1000041C
  0
DICTIONARY
  5
1000041E
330
1000041D
100
AcDbDictionary
280
     1
  3
BTARCONSURFACERADIUS
360
10000421
  3
BTDETID
360
1000041F
  3
BTOWNERFACEID_
360
10000420
  3
BTPARTID
360
10000422
  0
DICTIONARY
  5
10000424
330
10000423
100
AcDbDictionary
280
     1
  3
BTARCONSURFACERADIUS
360
10000427
  3
BTDETID
360
10000425
  3
BTOWNERFACEID_
360
10000426
  3
BTPARTID
360
10000428
  0
DICTIONARY
  5
1000042A
330
10000429
100
AcDbDictionary
280
     1
  3
BTARCONSURFACERADIUS
360
1000042D
  3
BTDETID
360
1000042B
  3
BTOWNERFACEID_
360
1000042C
  3
BTPARTID
360
1000042E
  0
DICTIONARY
  5
10000430
330
1000042F
100
AcDbDictionary
280
     1
  3
BTDETID
360
10000431
  3
BTPARTID
360
10000432
  0
DICTIONARY
  5
10000434
330
10000433
100
AcDbDictionary
280
     1
  3
BTARCONSURFACERADIUS
360
10000437
  3
BTDETID
360
10000435
  3
BTOWNERFACEID_
360
10000436
  3
BTPARTID
360
10000438
  0
DICTIONARY
  5
1000043A
330
10000439
100
AcDbDictionary
280
     1
  3
BTARCONSURFACERADIUS
360
1000043D
  3
BTDETID
360
1000043B
  3
BTOWNERFACEID_
360
1000043C
  3
BTPARTID
360
1000043E
  0
DICTIONARY
  5
10000440
330
1000043F
100
AcDbDictionary
280
     1
  3
BTARCONSURFACERADIUS
360
10000443
  3
BTDETID
360
10000441
  3
BTOWNERFACEID_
360
10000442
  3
BTPARTID
360
10000444
  0
DICTIONARY
  5
10000446
330
10000445
100
AcDbDictionary
280
     1
  3
BTDETID
360
10000447
  3
BTPARTID
360
10000448
  0
DICTIONARY
  5
1000044A
330
10000449
100
AcDbDictionary
280
     1
  3
BTARCONSURFACERADIUS
360
1000044D
  3
BTDETID
360
1000044B
  3
BTOWNERFACEID_
360
1000044C
  3
BTPARTID
360
1000044E
  0
DICTIONARY
  5
10000450
330
1000044F
100
AcDbDictionary
280
     1
  3
BTARCONSURFACERADIUS
360
10000453
  3
BTDETID
360
10000451
  3
BTOWNERFACEID_
360
10000452
  3
BTPARTID
360
10000454
  0
DICTIONARY
  5
10000456
330
10000455
100
AcDbDictionary
280
     1
  3
BTARCONSURFACERADIUS
360
10000459
  3
BTDETID
360
10000457
  3
BTOWNERFACEID_
360
10000458
  3
BTPARTID
360
1000045A
  0
DICTIONARY
  5
1000045C
330
1000045B
100
AcDbDictionary
280
     1
  3
BTDETID
360
1000045D
  3
BTPARTID
360
1000045E
  0
DICTIONARY
  5
10000460
330
1000045F
100
AcDbDictionary
280
     1
  3
BTARCONSURFACERADIUS
360
10000463
  3
BTDETID
360
10000461
  3
BTOWNERFACEID_
360
10000462
  3
BTPARTID
360
10000464
  0
DICTIONARY
  5
10000466
330
10000465
100
AcDbDictionary
280
     1
  3
BTARCONSURFACERADIUS
360
10000469
  3
BTDETID
360
10000467
  3
BTOWNERFACEID_
360
10000468
  3
BTPARTID
360
1000046A
  0
DICTIONARY
  5
1000046C
330
1000046B
100
AcDbDictionary
280
     1
  3
BTARCONSURFACERADIUS
360
1000046F
  3
BTDETID
360
1000046D
  3
BTOWNERFACEID_
360
1000046E
  3
BTPARTID
360
10000470
  0
DICTIONARY
  5
10000472
330
10000471
100
AcDbDictionary
280
     1
  3
BTDETID
360
10000473
  3
BTPARTID
360
10000474
  0
DICTIONARY
  5
10000476
330
10000475
100
AcDbDictionary
280
     1
  3
BTARCONSURFACERADIUS
360
10000479
  3
BTDETID
360
10000477
  3
BTOWNERFACEID_
360
10000478
  3
BTPARTID
360
1000047A
  0
DICTIONARY
  5
1000047C
330
1000047B
100
AcDbDictionary
280
     1
  3
BTARCONSURFACERADIUS
360
1000047F
  3
BTDETID
360
1000047D
  3
BTOWNERFACEID_
360
1000047E
  3
BTPARTID
360
10000480
  0
DICTIONARY
  5
10000482
330
10000481
100
AcDbDictionary
280
     1
  3
BTARCONSURFACERADIUS
360
10000485
  3
BTDETID
360
10000483
  3
BTOWNERFACEID_
360
10000484
  3
BTPARTID
360
10000486
  0
DICTIONARY
  5
10000488
330
10000487
100
AcDbDictionary
280
     1
  3
BTDETID
360
10000489
  3
BTPARTID
360
1000048A
  0
DICTIONARY
  5
1000048C
330
1000048B
100
AcDbDictionary
280
     1
  3
BTARCONSURFACERADIUS
360
1000048F
  3
BTDETID
360
1000048D
  3
BTOWNERFACEID_
360
1000048E
  3
BTPARTID
360
10000490
  0
DICTIONARY
  5
10000492
330
10000491
100
AcDbDictionary
280
     1
  3
BTARCONSURFACERADIUS
360
10000495
  3
BTDETID
360
10000493
  3
BTOWNERFACEID_
360
10000494
  3
BTPARTID
360
10000496
  0
DICTIONARY
  5
10000498
330
10000497
100
AcDbDictionary
280
     1
  3
BTARCONSURFACERADIUS
360
1000049B
  3
BTDETID
360
10000499
  3
BTOWNERFACEID_
360
1000049A
  3
BTPARTID
360
1000049C
  0
DICTIONARY
  5
1000049E
330
1000049D
100
AcDbDictionary
280
     1
  3
BTDETID
360
1000049F
  3
BTPARTID
360
100004A0
  0
DICTIONARY
  5
100004A2
330
100004A1
100
AcDbDictionary
280
     1
  3
BTARCONSURFACERADIUS
360
100004A5
  3
BTDETID
360
100004A3
  3
BTOWNERFACEID_
360
100004A4
  3
BTPARTID
360
100004A6
  0
DICTIONARY
  5
100004A8
330
100004A7
100
AcDbDictionary
280
     1
  3
BTARCONSURFACERADIUS
360
100004AB
  3
BTDETID
360
100004A9
  3
BTOWNERFACEID_
360
100004AA
  3
BTPARTID
360
100004AC
  0
DICTIONARY
  5
100004AE
330
100004AD
100
AcDbDictionary
280
     1
  3
BTARCONSURFACERADIUS
360
100004B1
  3
BTDETID
360
100004AF
  3
BTOWNERFACEID_
360
100004B0
  3
BTPARTID
360
100004B2
  0
DICTIONARY
  5
100004B4
330
100004B3
100
AcDbDictionary
280
     1
  3
BTDETID
360
100004B5
  3
BTPARTID
360
100004B6
  0
DICTIONARY
  5
100004B8
330
100004B7
100
AcDbDictionary
280
     1
  3
BTARCONSURFACERADIUS
360
100004BB
  3
BTDETID
360
100004B9
  3
BTOWNERFACEID_
360
100004BA
  3
BTPARTID
360
100004BC
  0
DICTIONARY
  5
100004BE
330
100004BD
100
AcDbDictionary
280
     1
  3
BTARCONSURFACERADIUS
360
100004C1
  3
BTDETID
360
100004BF
  3
BTOWNERFACEID_
360
100004C0
  3
BTPARTID
360
100004C2
  0
DICTIONARY
  5
100004C4
330
100004C3
100
AcDbDictionary
280
     1
  3
BTARCONSURFACERADIUS
360
100004C7
  3
BTDETID
360
100004C5
  3
BTOWNERFACEID_
360
100004C6
  3
BTPARTID
360
100004C8
  0
DICTIONARY
  5
100004CA
330
100004C9
100
AcDbDictionary
280
     1
  3
BTDETID
360
100004CB
  3
BTPARTID
360
100004CC
  0
DICTIONARY
  5
100004CE
330
100004CD
100
AcDbDictionary
280
     1
  3
BTARCONSURFACERADIUS
360
100004D1
  3
BTDETID
360
100004CF
  3
BTOWNERFACEID_
360
100004D0
  3
BTPARTID
360
100004D2
  0
DICTIONARY
  5
100004D4
330
100004D3
100
AcDbDictionary
280
     1
  3
BTARCONSURFACERADIUS
360
100004D7
  3
BTDETID
360
100004D5
  3
BTOWNERFACEID_
360
100004D6
  3
BTPARTID
360
100004D8
  0
DICTIONARY
  5
100004DA
330
100004D9
100
AcDbDictionary
280
     1
  3
BTARCONSURFACERADIUS
360
100004DD
  3
BTDETID
360
100004DB
  3
BTOWNERFACEID_
360
100004DC
  3
BTPARTID
360
100004DE
  0
DICTIONARY
  5
100004E0
330
100004DF
100
AcDbDictionary
280
     1
  3
BTDETID
360
100004E1
  3
BTPARTID
360
100004E2
  0
DICTIONARY
  5
100004E4
330
100004E3
100
AcDbDictionary
280
     1
  3
BTARCONSURFACERADIUS
360
100004E7
  3
BTDETID
360
100004E5
  3
BTOWNERFACEID_
360
100004E6
  3
BTPARTID
360
100004E8
  0
DICTIONARY
  5
100004EA
330
100004E9
100
AcDbDictionary
280
     1
  3
BTARCONSURFACERADIUS
360
100004ED
  3
BTDETID
360
100004EB
  3
BTOWNERFACEID_
360
100004EC
  3
BTPARTID
360
100004EE
  0
DICTIONARY
  5
100004F0
330
100004EF
100
AcDbDictionary
280
     1
  3
BTARCONSURFACERADIUS
360
100004F3
  3
BTDETID
360
100004F1
  3
BTOWNERFACEID_
360
100004F2
  3
BTPARTID
360
100004F4
  0
DICTIONARY
  5
100004F6
330
100004F5
100
AcDbDictionary
280
     1
  3
BTDETID
360
100004F7
  3
BTPARTID
360
100004F8
  0
DICTIONARY
  5
100004FA
330
100004F9
100
AcDbDictionary
280
     1
  3
BTARCONSURFACERADIUS
360
100004FD
  3
BTDETID
360
100004FB
  3
BTOWNERFACEID_
360
100004FC
  3
BTPARTID
360
100004FE
  0
DICTIONARY
  5
10000500
330
100004FF
100
AcDbDictionary
280
     1
  3
BTARCONSURFACERADIUS
360
10000503
  3
BTDETID
360
10000501
  3
BTOWNERFACEID_
360
10000502
  3
BTPARTID
360
10000504
  0
DICTIONARY
  5
10000506
330
10000505
100
AcDbDictionary
280
     1
  3
BTARCONSURFACERADIUS
360
10000509
  3
BTDETID
360
10000507
  3
BTOWNERFACEID_
360
10000508
  3
BTPARTID
360
1000050A
  0
DICTIONARY
  5
1000050C
330
1000050B
100
AcDbDictionary
280
     1
  3
BTDETID
360
1000050D
  3
BTPARTID
360
1000050E
  0
DICTIONARY
  5
10000510
330
1000050F
100
AcDbDictionary
280
     1
  3
BTARCONSURFACERADIUS
360
10000513
  3
BTDETID
360
10000511
  3
BTOWNERFACEID_
360
10000512
  3
BTPARTID
360
10000514
  0
DICTIONARY
  5
10000516
330
10000515
100
AcDbDictionary
280
     1
  3
BTARCONSURFACERADIUS
360
10000519
  3
BTDETID
360
10000517
  3
BTOWNERFACEID_
360
10000518
  3
BTPARTID
360
1000051A
  0
DICTIONARY
  5
1000051C
330
1000051B
100
AcDbDictionary
280
     1
  3
BTARCONSURFACERADIUS
360
1000051F
  3
BTDETID
360
1000051D
  3
BTOWNERFACEID_
360
1000051E
  3
BTPARTID
360
10000520
  0
DICTIONARY
  5
10000522
330
10000521
100
AcDbDictionary
280
     1
  3
BTDETID
360
10000523
  3
BTPARTID
360
10000524
  0
DICTIONARY
  5
10000526
330
10000525
100
AcDbDictionary
280
     1
  3
BTARCONSURFACERADIUS
360
10000529
  3
BTDETID
360
10000527
  3
BTOWNERFACEID_
360
10000528
  3
BTPARTID
360
1000052A
  0
DICTIONARY
  5
1000052C
330
1000052B
100
AcDbDictionary
280
     1
  3
BTARCONSURFACERADIUS
360
1000052F
  3
BTDETID
360
1000052D
  3
BTOWNERFACEID_
360
1000052E
  3
BTPARTID
360
10000530
  0
DICTIONARY
  5
10000532
330
10000531
100
AcDbDictionary
280
     1
  3
BTARCONSURFACERADIUS
360
10000535
  3
BTDETID
360
10000533
  3
BTOWNERFACEID_
360
10000534
  3
BTPARTID
360
10000536
  0
DICTIONARY
  5
10000538
330
10000537
100
AcDbDictionary
280
     1
  3
BTDETID
360
10000539
  3
BTPARTID
360
1000053A
  0
DICTIONARY
  5
1000053C
330
1000053B
100
AcDbDictionary
280
     1
  3
BTARCONSURFACERADIUS
360
1000053F
  3
BTDETID
360
1000053D
  3
BTOWNERFACEID_
360
1000053E
  3
BTPARTID
360
10000540
  0
DICTIONARY
  5
10000542
330
10000541
100
AcDbDictionary
280
     1
  3
BTARCONSURFACERADIUS
360
10000545
  3
BTDETID
360
10000543
  3
BTOWNERFACEID_
360
10000544
  3
BTPARTID
360
10000546
  0
DICTIONARY
  5
10000548
330
10000547
100
AcDbDictionary
280
     1
  3
BTARCONSURFACERADIUS
360
1000054B
  3
BTDETID
360
10000549
  3
BTOWNERFACEID_
360
1000054A
  3
BTPARTID
360
1000054C
  0
DICTIONARY
  5
1000054E
330
1000054D
100
AcDbDictionary
280
     1
  3
BTDETID
360
1000054F
  3
BTPARTID
360
10000550
  0
DICTIONARY
  5
10000552
330
10000551
100
AcDbDictionary
280
     1
  3
BTARCONSURFACERADIUS
360
10000555
  3
BTDETID
360
10000553
  3
BTOWNERFACEID_
360
10000554
  3
BTPARTID
360
10000556
  0
DICTIONARY
  5
10000558
330
10000557
100
AcDbDictionary
280
     1
  3
BTARCONSURFACERADIUS
360
1000055B
  3
BTDETID
360
10000559
  3
BTOWNERFACEID_
360
1000055A
  3
BTPARTID
360
1000055C
  0
DICTIONARY
  5
1000055E
330
1000055D
100
AcDbDictionary
280
     1
  3
BTARCONSURFACERADIUS
360
10000561
  3
BTDETID
360
1000055F
  3
BTOWNERFACEID_
360
10000560
  3
BTPARTID
360
10000562
  0
DICTIONARY
  5
10000564
330
10000563
100
AcDbDictionary
280
     1
  3
BTDETID
360
10000565
  3
BTPARTID
360
10000566
  0
DICTIONARY
  5
10000568
330
10000567
100
AcDbDictionary
280
     1
  3
BTARCONSURFACERADIUS
360
1000056B
  3
BTDETID
360
10000569
  3
BTOWNERFACEID_
360
1000056A
  3
BTPARTID
360
1000056C
  0
DICTIONARY
  5
1000056E
330
1000056D
100
AcDbDictionary
280
     1
  3
BTARCONSURFACERADIUS
360
10000571
  3
BTDETID
360
1000056F
  3
BTOWNERFACEID_
360
10000570
  3
BTPARTID
360
10000572
  0
DICTIONARY
  5
10000574
330
10000573
100
AcDbDictionary
280
     1
  3
BTARCONSURFACERADIUS
360
10000577
  3
BTDETID
360
10000575
  3
BTOWNERFACEID_
360
10000576
  3
BTPARTID
360
10000578
  0
DICTIONARY
  5
1000057A
330
10000579
100
AcDbDictionary
280
     1
  3
BTDETID
360
1000057B
  3
BTPARTID
360
1000057C
  0
DICTIONARY
  5
1000057E
330
1000057D
100
AcDbDictionary
280
     1
  3
BTARCONSURFACERADIUS
360
10000581
  3
BTDETID
360
1000057F
  3
BTOWNERFACEID_
360
10000580
  3
BTPARTID
360
10000582
  0
DICTIONARY
  5
10000584
330
10000583
100
AcDbDictionary
280
     1
  3
BTARCONSURFACERADIUS
360
10000587
  3
BTDETID
360
10000585
  3
BTOWNERFACEID_
360
10000586
  3
BTPARTID
360
10000588
  0
DICTIONARY
  5
1000058A
330
10000589
100
AcDbDictionary
280
     1
  3
BTARCONSURFACERADIUS
360
1000058D
  3
BTDETID
360
1000058B
  3
BTOWNERFACEID_
360
1000058C
  3
BTPARTID
360
1000058E
  0
DICTIONARY
  5
10000590
330
1000058F
100
AcDbDictionary
280
     1
  3
BTDETID
360
10000591
  3
BTPARTID
360
10000592
  0
DICTIONARY
  5
10000594
330
10000593
100
AcDbDictionary
280
     1
  3
BTARCONSURFACERADIUS
360
10000597
  3
BTDETID
360
10000595
  3
BTOWNERFACEID_
360
10000596
  3
BTPARTID
360
10000598
  0
DICTIONARY
  5
1000059A
330
10000599
100
AcDbDictionary
280
     1
  3
BTARCONSURFACERADIUS
360
1000059D
  3
BTDETID
360
1000059B
  3
BTOWNERFACEID_
360
1000059C
  3
BTPARTID
360
1000059E
  0
DICTIONARY
  5
100005A0
330
1000059F
100
AcDbDictionary
280
     1
  3
BTARCONSURFACERADIUS
360
100005A3
  3
BTDETID
360
100005A1
  3
BTOWNERFACEID_
360
100005A2
  3
BTPARTID
360
100005A4
  0
DICTIONARY
  5
100005A6
330
100005A5
100
AcDbDictionary
280
     1
  3
BTDETID
360
100005A7
  3
BTPARTID
360
100005A8
  0
DICTIONARY
  5
100005AA
330
100005A9
100
AcDbDictionary
280
     1
  3
BTARCONSURFACERADIUS
360
100005AD
  3
BTDETID
360
100005AB
  3
BTOWNERFACEID_
360
100005AC
  3
BTPARTID
360
100005AE
  0
DICTIONARY
  5
100005B0
330
100005AF
100
AcDbDictionary
280
     1
  3
BTARCONSURFACERADIUS
360
100005B3
  3
BTDETID
360
100005B1
  3
BTOWNERFACEID_
360
100005B2
  3
BTPARTID
360
100005B4
  0
DICTIONARY
  5
100005B6
330
100005B5
100
AcDbDictionary
280
     1
  3
BTARCONSURFACERADIUS
360
100005B9
  3
BTDETID
360
100005B7
  3
BTOWNERFACEID_
360
100005B8
  3
BTPARTID
360
100005BA
  0
DICTIONARY
  5
100005BC
330
100005BB
100
AcDbDictionary
280
     1
  3
BTDETID
360
100005BD
  3
BTPARTID
360
100005BE
  0
DICTIONARY
  5
100005C0
330
100005BF
100
AcDbDictionary
280
     1
  3
BTARCONSURFACERADIUS
360
100005C3
  3
BTDETID
360
100005C1
  3
BTOWNERFACEID_
360
100005C2
  3
BTPARTID
360
100005C4
  0
DICTIONARY
  5
100005C6
330
100005C5
100
AcDbDictionary
280
     1
  3
BTARCONSURFACERADIUS
360
100005C9
  3
BTDETID
360
100005C7
  3
BTOWNERFACEID_
360
100005C8
  3
BTPARTID
360
100005CA
  0
DICTIONARY
  5
100005CC
330
100005CB
100
AcDbDictionary
280
     1
  3
BTARCONSURFACERADIUS
360
100005CF
  3
BTDETID
360
100005CD
  3
BTOWNERFACEID_
360
100005CE
  3
BTPARTID
360
100005D0
  0
DICTIONARY
  5
100005D2
330
100005D1
100
AcDbDictionary
280
     1
  3
BTDETID
360
100005D3
  3
BTPARTID
360
100005D4
  0
DICTIONARY
  5
100005D6
330
100005D5
100
AcDbDictionary
280
     1
  3
BTARCONSURFACERADIUS
360
100005D9
  3
BTDETID
360
100005D7
  3
BTOWNERFACEID_
360
100005D8
  3
BTPARTID
360
100005DA
  0
DICTIONARY
  5
100005DC
330
100005DB
100
AcDbDictionary
280
     1
  3
BTARCONSURFACERADIUS
360
100005DF
  3
BTDETID
360
100005DD
  3
BTOWNERFACEID_
360
100005DE
  3
BTPARTID
360
100005E0
  0
DICTIONARY
  5
100005E2
330
100005E1
100
AcDbDictionary
280
     1
  3
BTARCONSURFACERADIUS
360
100005E5
  3
BTDETID
360
100005E3
  3
BTOWNERFACEID_
360
100005E4
  3
BTPARTID
360
100005E6
  0
DICTIONARY
  5
100005E8
330
100005E7
100
AcDbDictionary
280
     1
  3
BTDETID
360
100005E9
  3
BTPARTID
360
100005EA
  0
DICTIONARY
  5
100005EC
330
100005EB
100
AcDbDictionary
280
     1
  3
BTARCONSURFACERADIUS
360
100005EF
  3
BTDETID
360
100005ED
  3
BTOWNERFACEID_
360
100005EE
  3
BTPARTID
360
100005F0
  0
DICTIONARY
  5
100005F2
330
100005F1
100
AcDbDictionary
280
     1
  3
BTARCONSURFACERADIUS
360
100005F5
  3
BTDETID
360
100005F3
  3
BTOWNERFACEID_
360
100005F4
  3
BTPARTID
360
100005F6
  0
DICTIONARY
  5
100005F8
330
100005F7
100
AcDbDictionary
280
     1
  3
BTARCONSURFACERADIUS
360
100005FB
  3
BTDETID
360
100005F9
  3
BTOWNERFACEID_
360
100005FA
  3
BTPARTID
360
100005FC
  0
DICTIONARY
  5
100005FE
330
100005FD
100
AcDbDictionary
280
     1
  3
BTDETID
360
100005FF
  3
BTPARTID
360
10000600
  0
DICTIONARY
  5
10000602
330
10000601
100
AcDbDictionary
280
     1
  3
BTARCONSURFACERADIUS
360
10000605
  3
BTDETID
360
10000603
  3
BTOWNERFACEID_
360
10000604
  3
BTPARTID
360
10000606
  0
DICTIONARY
  5
10000608
330
10000607
100
AcDbDictionary
280
     1
  3
BTARCONSURFACERADIUS
360
1000060B
  3
BTDETID
360
10000609
  3
BTOWNERFACEID_
360
1000060A
  3
BTPARTID
360
1000060C
  0
DICTIONARY
  5
1000060E
330
1000060D
100
AcDbDictionary
280
     1
  3
BTARCONSURFACERADIUS
360
10000611
  3
BTDETID
360
1000060F
  3
BTOWNERFACEID_
360
10000610
  3
BTPARTID
360
10000612
  0
DICTIONARY
  5
10000614
330
10000613
100
AcDbDictionary
280
     1
  3
BTDETID
360
10000615
  3
BTPARTID
360
10000616
  0
DICTIONARY
  5
10000618
330
10000617
100
AcDbDictionary
280
     1
  3
BTARCONSURFACERADIUS
360
1000061B
  3
BTDETID
360
10000619
  3
BTOWNERFACEID_
360
1000061A
  3
BTPARTID
360
1000061C
  0
DICTIONARY
  5
1000061E
330
1000061D
100
AcDbDictionary
280
     1
  3
BTARCONSURFACERADIUS
360
10000621
  3
BTDETID
360
1000061F
  3
BTOWNERFACEID_
360
10000620
  3
BTPARTID
360
10000622
  0
DICTIONARY
  5
10000624
330
10000623
100
AcDbDictionary
280
     1
  3
BTARCONSURFACERADIUS
360
10000627
  3
BTDETID
360
10000625
  3
BTOWNERFACEID_
360
10000626
  3
BTPARTID
360
10000628
  0
DICTIONARY
  5
1000062A
330
10000629
100
AcDbDictionary
280
     1
  3
BTDETID
360
1000062B
  3
BTPARTID
360
1000062C
  0
DICTIONARY
  5
1000062E
330
1000062D
100
AcDbDictionary
280
     1
  3
BTARCONSURFACERADIUS
360
10000631
  3
BTDETID
360
1000062F
  3
BTOWNERFACEID_
360
10000630
  3
BTPARTID
360
10000632
  0
DICTIONARY
  5
10000634
330
10000633
100
AcDbDictionary
280
     1
  3
BTARCONSURFACERADIUS
360
10000637
  3
BTDETID
360
10000635
  3
BTOWNERFACEID_
360
10000636
  3
BTPARTID
360
10000638
  0
DICTIONARY
  5
1000063A
330
10000639
100
AcDbDictionary
280
     1
  3
BTARCONSURFACERADIUS
360
1000063D
  3
BTDETID
360
1000063B
  3
BTOWNERFACEID_
360
1000063C
  3
BTPARTID
360
1000063E
  0
DICTIONARY
  5
10000640
330
1000063F
100
AcDbDictionary
280
     1
  3
BTDETID
360
10000641
  3
BTPARTID
360
10000642
  0
DICTIONARY
  5
10000644
330
10000643
100
AcDbDictionary
280
     1
  3
BTARCONSURFACERADIUS
360
10000647
  3
BTDETID
360
10000645
  3
BTOWNERFACEID_
360
10000646
  3
BTPARTID
360
10000648
  0
DICTIONARY
  5
1000064A
330
10000649
100
AcDbDictionary
280
     1
  3
BTARCONSURFACERADIUS
360
1000064D
  3
BTDETID
360
1000064B
  3
BTOWNERFACEID_
360
1000064C
  3
BTPARTID
360
1000064E
  0
DICTIONARY
  5
10000650
330
1000064F
100
AcDbDictionary
280
     1
  3
BTARCONSURFACERADIUS
360
10000653
  3
BTDETID
360
10000651
  3
BTOWNERFACEID_
360
10000652
  3
BTPARTID
360
10000654
  0
DICTIONARY
  5
10000656
330
10000655
100
AcDbDictionary
280
     1
  3
BTDETID
360
10000657
  3
BTPARTID
360
10000658
  0
DICTIONARY
  5
1000065A
330
10000659
100
AcDbDictionary
280
     1
  3
BTARCONSURFACERADIUS
360
1000065D
  3
BTDETID
360
1000065B
  3
BTOWNERFACEID_
360
1000065C
  3
BTPARTID
360
1000065E
  0
DICTIONARY
  5
10000660
330
1000065F
100
AcDbDictionary
280
     1
  3
BTARCONSURFACERADIUS
360
10000663
  3
BTDETID
360
10000661
  3
BTOWNERFACEID_
360
10000662
  3
BTPARTID
360
10000664
  0
DICTIONARY
  5
10000666
330
10000665
100
AcDbDictionary
280
     1
  3
BTARCONSURFACERADIUS
360
10000669
  3
BTDETID
360
10000667
  3
BTOWNERFACEID_
360
10000668
  3
BTPARTID
360
1000066A
  0
DICTIONARY
  5
1000066C
330
1000066B
100
AcDbDictionary
280
     1
  3
BTDETID
360
1000066D
  3
BTPARTID
360
1000066E
  0
DICTIONARY
  5
10000670
330
1000066F
100
AcDbDictionary
280
     1
  3
BTARCONSURFACERADIUS
360
10000673
  3
BTDETID
360
10000671
  3
BTOWNERFACEID_
360
10000672
  3
BTPARTID
360
10000674
  0
DICTIONARY
  5
10000676
330
10000675
100
AcDbDictionary
280
     1
  3
BTARCONSURFACERADIUS
360
10000679
  3
BTDETID
360
10000677
  3
BTOWNERFACEID_
360
10000678
  3
BTPARTID
360
1000067A
  0
DICTIONARY
  5
1000067C
330
1000067B
100
AcDbDictionary
280
     1
  3
BTARCONSURFACERADIUS
360
1000067F
  3
BTDETID
360
1000067D
  3
BTOWNERFACEID_
360
1000067E
  3
BTPARTID
360
10000680
  0
DICTIONARY
  5
10000682
330
10000681
100
AcDbDictionary
280
     1
  3
BTDETID
360
10000683
  3
BTPARTID
360
10000684
  0
DICTIONARY
  5
10000686
330
10000685
100
AcDbDictionary
280
     1
  3
BTARCONSURFACERADIUS
360
10000689
  3
BTDETID
360
10000687
  3
BTOWNERFACEID_
360
10000688
  3
BTPARTID
360
1000068A
  0
DICTIONARY
  5
1000068C
330
1000068B
100
AcDbDictionary
280
     1
  3
BTARCONSURFACERADIUS
360
1000068F
  3
BTDETID
360
1000068D
  3
BTOWNERFACEID_
360
1000068E
  3
BTPARTID
360
10000690
  0
DICTIONARY
  5
10000692
330
10000691
100
AcDbDictionary
280
     1
  3
BTARCONSURFACERADIUS
360
10000695
  3
BTDETID
360
10000693
  3
BTOWNERFACEID_
360
10000694
  3
BTPARTID
360
10000696
  0
DICTIONARY
  5
10000698
330
10000697
100
AcDbDictionary
280
     1
  3
BTDETID
360
10000699
  3
BTPARTID
360
1000069A
  0
DICTIONARY
  5
1000069C
330
1000069B
100
AcDbDictionary
280
     1
  3
BTARCONSURFACERADIUS
360
1000069F
  3
BTDETID
360
1000069D
  3
BTOWNERFACEID_
360
1000069E
  3
BTPARTID
360
100006A0
  0
DICTIONARY
  5
100006A2
330
100006A1
100
AcDbDictionary
280
     1
  3
BTARCONSURFACERADIUS
360
100006A5
  3
BTDETID
360
100006A3
  3
BTOWNERFACEID_
360
100006A4
  3
BTPARTID
360
100006A6
  0
DICTIONARY
  5
100006A8
330
100006A7
100
AcDbDictionary
280
     1
  3
BTARCONSURFACERADIUS
360
100006AB
  3
BTDETID
360
100006A9
  3
BTOWNERFACEID_
360
100006AA
  3
BTPARTID
360
100006AC
  0
DICTIONARY
  5
100006AE
330
100006AD
100
AcDbDictionary
280
     1
  3
BTDETID
360
100006AF
  3
BTPARTID
360
100006B0
  0
DICTIONARY
  5
100006B2
330
100006B1
100
AcDbDictionary
280
     1
  3
BTARCONSURFACERADIUS
360
100006B5
  3
BTDETID
360
100006B3
  3
BTOWNERFACEID_
360
100006B4
  3
BTPARTID
360
100006B6
  0
DICTIONARY
  5
100006B8
330
100006B7
100
AcDbDictionary
280
     1
  3
BTARCONSURFACERADIUS
360
100006BB
  3
BTDETID
360
100006B9
  3
BTOWNERFACEID_
360
100006BA
  3
BTPARTID
360
100006BC
  0
DICTIONARY
  5
100006BE
330
100006BD
100
AcDbDictionary
280
     1
  3
BTARCONSURFACERADIUS
360
100006C1
  3
BTDETID
360
100006BF
  3
BTOWNERFACEID_
360
100006C0
  3
BTPARTID
360
100006C2
  0
DICTIONARY
  5
100006C4
330
100006C3
100
AcDbDictionary
280
     1
  3
BTDETID
360
100006C5
  3
BTPARTID
360
100006C6
  0
DICTIONARY
  5
100006C8
330
100006C7
100
AcDbDictionary
280
     1
  3
BTARCONSURFACERADIUS
360
100006CB
  3
BTDETID
360
100006C9
  3
BTOWNERFACEID_
360
100006CA
  3
BTPARTID
360
100006CC
  0
DICTIONARY
  5
100006CE
330
100006CD
100
AcDbDictionary
280
     1
  3
BTARCONSURFACERADIUS
360
100006D1
  3
BTDETID
360
100006CF
  3
BTOWNERFACEID_
360
100006D0
  3
BTPARTID
360
100006D2
  0
DICTIONARY
  5
100006D4
330
100006D3
100
AcDbDictionary
280
     1
  3
BTARCONSURFACERADIUS
360
100006D7
  3
BTDETID
360
100006D5
  3
BTOWNERFACEID_
360
100006D6
  3
BTPARTID
360
100006D8
  0
DICTIONARY
  5
100006DA
330
100006D9
100
AcDbDictionary
280
     1
  3
BTDETID
360
100006DB
  3
BTPARTID
360
100006DC
  0
DICTIONARY
  5
100006DE
330
100006DD
100
AcDbDictionary
280
     1
  3
BTARCONSURFACERADIUS
360
100006E1
  3
BTDETID
360
100006DF
  3
BTOWNERFACEID_
360
100006E0
  3
BTPARTID
360
100006E2
  0
DICTIONARY
  5
100006E4
330
100006E3
100
AcDbDictionary
280
     1
  3
BTARCONSURFACERADIUS
360
100006E7
  3
BTDETID
360
100006E5
  3
BTOWNERFACEID_
360
100006E6
  3
BTPARTID
360
100006E8
  0
DICTIONARY
  5
100006EA
330
100006E9
100
AcDbDictionary
280
     1
  3
BTARCONSURFACERADIUS
360
100006ED
  3
BTDETID
360
100006EB
  3
BTOWNERFACEID_
360
100006EC
  3
BTPARTID
360
100006EE
  0
DICTIONARY
  5
100006F0
330
100006EF
100
AcDbDictionary
280
     1
  3
BTDETID
360
100006F1
  3
BTPARTID
360
100006F2
  0
DICTIONARY
  5
100006F4
330
100006F3
100
AcDbDictionary
280
     1
  3
BTARCONSURFACERADIUS
360
100006F7
  3
BTDETID
360
100006F5
  3
BTOWNERFACEID_
360
100006F6
  3
BTPARTID
360
100006F8
  0
DICTIONARY
  5
100006FA
330
100006F9
100
AcDbDictionary
280
     1
  3
BTARCONSURFACERADIUS
360
100006FD
  3
BTDETID
360
100006FB
  3
BTOWNERFACEID_
360
100006FC
  3
BTPARTID
360
100006FE
  0
DICTIONARY
  5
10000700
330
100006FF
100
AcDbDictionary
280
     1
  3
BTARCONSURFACERADIUS
360
10000703
  3
BTDETID
360
10000701
  3
BTOWNERFACEID_
360
10000702
  3
BTPARTID
360
10000704
  0
DICTIONARY
  5
10000706
330
10000705
100
AcDbDictionary
280
     1
  3
BTDETID
360
10000707
  3
BTPARTID
360
10000708
  0
DICTIONARY
  5
1000070A
330
10000709
100
AcDbDictionary
280
     1
  3
BTARCONSURFACERADIUS
360
1000070D
  3
BTDETID
360
1000070B
  3
BTOWNERFACEID_
360
1000070C
  3
BTPARTID
360
1000070E
  0
DICTIONARY
  5
10000710
330
1000070F
100
AcDbDictionary
280
     1
  3
BTARCONSURFACERADIUS
360
10000713
  3
BTDETID
360
10000711
  3
BTOWNERFACEID_
360
10000712
  3
BTPARTID
360
10000714
  0
DICTIONARY
  5
10000716
330
10000715
100
AcDbDictionary
280
     1
  3
BTARCONSURFACERADIUS
360
10000719
  3
BTDETID
360
10000717
  3
BTOWNERFACEID_
360
10000718
  3
BTPARTID
360
1000071A
  0
DICTIONARY
  5
1000071C
330
1000071B
100
AcDbDictionary
280
     1
  3
BTDETID
360
1000071D
  3
BTPARTID
360
1000071E
  0
DICTIONARY
  5
10000720
330
1000071F
100
AcDbDictionary
280
     1
  3
BTARCONSURFACERADIUS
360
10000723
  3
BTDETID
360
10000721
  3
BTOWNERFACEID_
360
10000722
  3
BTPARTID
360
10000724
  0
DICTIONARY
  5
10000726
330
10000725
100
AcDbDictionary
280
     1
  3
BTARCONSURFACERADIUS
360
10000729
  3
BTDETID
360
10000727
  3
BTOWNERFACEID_
360
10000728
  3
BTPARTID
360
1000072A
  0
DICTIONARY
  5
1000072C
330
1000072B
100
AcDbDictionary
280
     1
  3
BTARCONSURFACERADIUS
360
1000072F
  3
BTDETID
360
1000072D
  3
BTOWNERFACEID_
360
1000072E
  3
BTPARTID
360
10000730
  0
DICTIONARY
  5
10000732
330
10000731
100
AcDbDictionary
280
     1
  3
BTDETID
360
10000733
  3
BTPARTID
360
10000734
  0
DICTIONARY
  5
10000736
330
10000735
100
AcDbDictionary
280
     1
  3
BTARCONSURFACERADIUS
360
10000739
  3
BTDETID
360
10000737
  3
BTOWNERFACEID_
360
10000738
  3
BTPARTID
360
1000073A
  0
DICTIONARY
  5
1000073C
330
1000073B
100
AcDbDictionary
280
     1
  3
BTARCONSURFACERADIUS
360
1000073F
  3
BTDETID
360
1000073D
  3
BTOWNERFACEID_
360
1000073E
  3
BTPARTID
360
10000740
  0
DICTIONARY
  5
10000742
330
10000741
100
AcDbDictionary
280
     1
  3
BTARCONSURFACERADIUS
360
10000745
  3
BTDETID
360
10000743
  3
BTOWNERFACEID_
360
10000744
  3
BTPARTID
360
10000746
  0
DICTIONARY
  5
10000748
330
10000747
100
AcDbDictionary
280
     1
  3
BTDETID
360
10000749
  3
BTPARTID
360
1000074A
  0
DICTIONARY
  5
1000074C
330
1000074B
100
AcDbDictionary
280
     1
  3
BTARCONSURFACERADIUS
360
1000074F
  3
BTDETID
360
1000074D
  3
BTOWNERFACEID_
360
1000074E
  3
BTPARTID
360
10000750
  0
DICTIONARY
  5
10000752
330
10000751
100
AcDbDictionary
280
     1
  3
BTARCONSURFACERADIUS
360
10000755
  3
BTDETID
360
10000753
  3
BTOWNERFACEID_
360
10000754
  3
BTPARTID
360
10000756
  0
DICTIONARY
  5
10000758
330
10000757
100
AcDbDictionary
280
     1
  3
BTARCONSURFACERADIUS
360
1000075B
  3
BTDETID
360
10000759
  3
BTOWNERFACEID_
360
1000075A
  3
BTPARTID
360
1000075C
  0
DICTIONARY
  5
1000075E
330
1000075D
100
AcDbDictionary
280
     1
  3
BTDETID
360
1000075F
  3
BTPARTID
360
10000760
  0
DICTIONARY
  5
10000762
330
10000761
100
AcDbDictionary
280
     1
  3
BTARCONSURFACERADIUS
360
10000765
  3
BTDETID
360
10000763
  3
BTOWNERFACEID_
360
10000764
  3
BTPARTID
360
10000766
  0
DICTIONARY
  5
10000768
330
10000767
100
AcDbDictionary
280
     1
  3
BTARCONSURFACERADIUS
360
1000076B
  3
BTDETID
360
10000769
  3
BTOWNERFACEID_
360
1000076A
  3
BTPARTID
360
1000076C
  0
DICTIONARY
  5
1000076E
330
1000076D
100
AcDbDictionary
280
     1
  3
BTARCONSURFACERADIUS
360
10000771
  3
BTDETID
360
1000076F
  3
BTOWNERFACEID_
360
10000770
  3
BTPARTID
360
10000772
  0
DICTIONARY
  5
10000774
330
10000773
100
AcDbDictionary
280
     1
  3
BTDETID
360
10000775
  3
BTPARTID
360
10000776
  0
DICTIONARY
  5
10000778
330
10000777
100
AcDbDictionary
280
     1
  3
BTARCONSURFACERADIUS
360
1000077B
  3
BTDETID
360
10000779
  3
BTOWNERFACEID_
360
1000077A
  3
BTPARTID
360
1000077C
  0
DICTIONARY
  5
1000077E
330
1000077D
100
AcDbDictionary
280
     1
  3
BTARCONSURFACERADIUS
360
10000781
  3
BTDETID
360
1000077F
  3
BTOWNERFACEID_
360
10000780
  3
BTPARTID
360
10000782
  0
DICTIONARY
  5
10000784
330
10000783
100
AcDbDictionary
280
     1
  3
BTARCONSURFACERADIUS
360
10000787
  3
BTDETID
360
10000785
  3
BTOWNERFACEID_
360
10000786
  3
BTPARTID
360
10000788
  0
DICTIONARY
  5
1000078A
330
10000789
100
AcDbDictionary
280
     1
  3
BTDETID
360
1000078B
  3
BTPARTID
360
1000078C
  0
DICTIONARY
  5
1000078E
330
1000078D
100
AcDbDictionary
280
     1
  3
BTARCONSURFACERADIUS
360
10000791
  3
BTDETID
360
1000078F
  3
BTOWNERFACEID_
360
10000790
  3
BTPARTID
360
10000792
  0
DICTIONARY
  5
10000794
330
10000793
100
AcDbDictionary
280
     1
  3
BTARCONSURFACERADIUS
360
10000797
  3
BTDETID
360
10000795
  3
BTOWNERFACEID_
360
10000796
  3
BTPARTID
360
10000798
  0
DICTIONARY
  5
1000079A
330
10000799
100
AcDbDictionary
280
     1
  3
BTARCONSURFACERADIUS
360
1000079D
  3
BTDETID
360
1000079B
  3
BTOWNERFACEID_
360
1000079C
  3
BTPARTID
360
1000079E
  0
DICTIONARY
  5
100007A0
330
1000079F
100
AcDbDictionary
280
     1
  3
BTDETID
360
100007A1
  3
BTPARTID
360
100007A2
  0
DICTIONARY
  5
100007A4
330
100007A3
100
AcDbDictionary
280
     1
  3
BTARCONSURFACERADIUS
360
100007A7
  3
BTDETID
360
100007A5
  3
BTOWNERFACEID_
360
100007A6
  3
BTPARTID
360
100007A8
  0
DICTIONARY
  5
100007AA
330
100007A9
100
AcDbDictionary
280
     1
  3
BTARCONSURFACERADIUS
360
100007AD
  3
BTDETID
360
100007AB
  3
BTOWNERFACEID_
360
100007AC
  3
BTPARTID
360
100007AE
  0
DICTIONARY
  5
100007B0
330
100007AF
100
AcDbDictionary
280
     1
  3
BTARCONSURFACERADIUS
360
100007B3
  3
BTDETID
360
100007B1
  3
BTOWNERFACEID_
360
100007B2
  3
BTPARTID
360
100007B4
  0
DICTIONARY
  5
100007B6
330
100007B5
100
AcDbDictionary
280
     1
  3
BTDETID
360
100007B7
  3
BTPARTID
360
100007B8
  0
DICTIONARY
  5
100007BA
330
100007B9
100
AcDbDictionary
280
     1
  3
BTARCONSURFACERADIUS
360
100007BD
  3
BTDETID
360
100007BB
  3
BTOWNERFACEID_
360
100007BC
  3
BTPARTID
360
100007BE
  0
DICTIONARY
  5
100007C0
330
100007BF
100
AcDbDictionary
280
     1
  3
BTARCONSURFACERADIUS
360
100007C3
  3
BTDETID
360
100007C1
  3
BTOWNERFACEID_
360
100007C2
  3
BTPARTID
360
100007C4
  0
DICTIONARY
  5
100007C6
330
100007C5
100
AcDbDictionary
280
     1
  3
BTARCONSURFACERADIUS
360
100007C9
  3
BTDETID
360
100007C7
  3
BTOWNERFACEID_
360
100007C8
  3
BTPARTID
360
100007CA
  0
DICTIONARY
  5
100007CC
330
100007CB
100
AcDbDictionary
280
     1
  3
BTDETID
360
100007CD
  3
BTPARTID
360
100007CE
  0
DICTIONARY
  5
100007D0
330
100007CF
100
AcDbDictionary
280
     1
  3
BTARCONSURFACERADIUS
360
100007D3
  3
BTDETID
360
100007D1
  3
BTOWNERFACEID_
360
100007D2
  3
BTPARTID
360
100007D4
  0
DICTIONARY
  5
100007D6
330
100007D5
100
AcDbDictionary
280
     1
  3
BTARCONSURFACERADIUS
360
100007D9
  3
BTDETID
360
100007D7
  3
BTOWNERFACEID_
360
100007D8
  3
BTPARTID
360
100007DA
  0
DICTIONARY
  5
100007DC
330
100007DB
100
AcDbDictionary
280
     1
  3
BTARCONSURFACERADIUS
360
100007DF
  3
BTDETID
360
100007DD
  3
BTOWNERFACEID_
360
100007DE
  3
BTPARTID
360
100007E0
  0
DICTIONARY
  5
100007E2
330
100007E1
100
AcDbDictionary
280
     1
  3
BTDETID
360
100007E3
  3
BTPARTID
360
100007E4
  0
DICTIONARY
  5
100007E6
330
100007E5
100
AcDbDictionary
280
     1
  3
BTARCONSURFACERADIUS
360
100007E9
  3
BTDETID
360
100007E7
  3
BTOWNERFACEID_
360
100007E8
  3
BTPARTID
360
100007EA
  0
DICTIONARY
  5
100007EC
330
100007EB
100
AcDbDictionary
280
     1
  3
BTARCONSURFACERADIUS
360
100007EF
  3
BTDETID
360
100007ED
  3
BTOWNERFACEID_
360
100007EE
  3
BTPARTID
360
100007F0
  0
DICTIONARY
  5
100007F2
330
100007F1
100
AcDbDictionary
280
     1
  3
BTARCONSURFACERADIUS
360
100007F5
  3
BTDETID
360
100007F3
  3
BTOWNERFACEID_
360
100007F4
  3
BTPARTID
360
100007F6
  0
DICTIONARY
  5
100007F8
330
100007F7
100
AcDbDictionary
280
     1
  3
BTDETID
360
100007F9
  3
BTPARTID
360
100007FA
  0
DICTIONARY
  5
100007FC
330
100007FB
100
AcDbDictionary
280
     1
  3
BTARCONSURFACERADIUS
360
100007FF
  3
BTDETID
360
100007FD
  3
BTOWNERFACEID_
360
100007FE
  3
BTPARTID
360
10000800
  0
DICTIONARY
  5
10000802
330
10000801
100
AcDbDictionary
280
     1
  3
BTDETID
360
10000803
  3
BTPARTID
360
10000804
  0
DICTIONARY
  5
10000806
330
10000805
100
AcDbDictionary
280
     1
  3
BTARCONSURFACERADIUS
360
10000809
  3
BTDETID
360
10000807
  3
BTOWNERFACEID_
360
10000808
  3
BTPARTID
360
1000080A
  0
DICTIONARY
  5
1000080C
330
1000080B
100
AcDbDictionary
280
     1
  3
BTDETID
360
1000080D
  3
BTPARTID
360
1000080E
  0
DICTIONARY
  5
10000810
330
1000080F
100
AcDbDictionary
280
     1
  3
BTARCONSURFACERADIUS
360
10000813
  3
BTDETID
360
10000811
  3
BTOWNERFACEID_
360
10000812
  3
BTPARTID
360
10000814
  0
DICTIONARY
  5
10000816
330
10000815
100
AcDbDictionary
280
     1
  3
BTDETID
360
10000817
  3
BTPARTID
360
10000818
  0
DICTIONARY
  5
1000081A
330
10000819
100
AcDbDictionary
280
     1
  3
BTARCONSURFACERADIUS
360
1000081D
  3
BTDETID
360
1000081B
  3
BTOWNERFACEID_
360
1000081C
  3
BTPARTID
360
1000081E
  0
DICTIONARY
  5
10000820
330
1000081F
100
AcDbDictionary
280
     1
  3
BTDETID
360
10000821
  3
BTPARTID
360
10000822
  0
DICTIONARY
  5
10000824
330
10000823
100
AcDbDictionary
280
     1
  3
BTARCONSURFACERADIUS
360
10000827
  3
BTDETID
360
10000825
  3
BTOWNERFACEID_
360
10000826
  3
BTPARTID
360
10000828
  0
DICTIONARY
  5
1000082A
330
10000829
100
AcDbDictionary
280
     1
  3
BTDETID
360
1000082B
  3
BTPARTID
360
1000082C
  0
DICTIONARY
  5
1000082E
330
1000082D
100
AcDbDictionary
280
     1
  3
BTDETID
360
1000082F
  3
BTPARTID
360
10000830
  0
DICTIONARY
  5
10000832
330
10000831
100
AcDbDictionary
280
     1
  3
BTARCONSURFACERADIUS
360
10000835
  3
BTDETID
360
10000833
  3
BTOWNERFACEID_
360
10000834
  3
BTPARTID
360
10000836
  0
DICTIONARY
  5
10000838
330
10000837
100
AcDbDictionary
280
     1
  3
BTDETID
360
10000839
  3
BTPARTID
360
1000083A
  0
DICTIONARY
  5
1000083C
330
1000083B
100
AcDbDictionary
280
     1
  3
BTDETID
360
1000083D
  3
BTPARTID
360
1000083E
  0
DICTIONARY
  5
10000840
330
1000083F
100
AcDbDictionary
280
     1
  3
BTARCONSURFACERADIUS
360
10000843
  3
BTDETID
360
10000841
  3
BTOWNERFACEID_
360
10000842
  3
BTPARTID
360
10000844
  0
DICTIONARY
  5
10000846
330
10000845
100
AcDbDictionary
280
     1
  3
BTDETID
360
10000847
  3
BTPARTID
360
10000848
  0
DICTIONARY
  5
1000084A
330
10000849
100
AcDbDictionary
280
     1
  3
BTDETID
360
1000084B
  3
BTPARTID
360
1000084C
  0
DICTIONARY
  5
1000084E
330
1000084D
100
AcDbDictionary
280
     1
  3
BTARCONSURFACERADIUS
360
10000851
  3
BTDETID
360
1000084F
  3
BTOWNERFACEID_
360
10000850
  3
BTPARTID
360
10000852
  0
DICTIONARY
  5
10000854
330
10000853
100
AcDbDictionary
280
     1
  3
BTDETID
360
10000855
  3
BTPARTID
360
10000856
  0
DICTIONARY
  5
10000858
330
10000857
100
AcDbDictionary
280
     1
  3
BTDETID
360
10000859
  3
BTPARTID
360
1000085A
  0
DICTIONARY
  5
1000085C
330
1000085B
100
AcDbDictionary
280
     1
  3
BTARCONSURFACERADIUS
360
1000085F
  3
BTDETID
360
1000085D
  3
BTOWNERFACEID_
360
1000085E
  3
BTPARTID
360
10000860
  0
DICTIONARY
  5
10000862
330
10000861
100
AcDbDictionary
280
     1
  3
BTDETID
360
10000863
  3
BTPARTID
360
10000864
  0
DICTIONARY
  5
10000866
330
10000865
100
AcDbDictionary
280
     1
  3
BTDETID
360
10000867
  3
BTPARTID
360
10000868
  0
DICTIONARY
  5
1000086A
330
10000869
100
AcDbDictionary
280
     1
  3
BTARCONSURFACERADIUS
360
1000086D
  3
BTDETID
360
1000086B
  3
BTOWNERFACEID_
360
1000086C
  3
BTPARTID
360
1000086E
  0
DICTIONARY
  5
10000870
330
1000086F
100
AcDbDictionary
280
     1
  3
BTDETID
360
10000871
  3
BTPARTID
360
10000872
  0
DICTIONARY
  5
D
102
{ACAD_REACTORS
330
C
102
}
330
C
100
AcDbDictionary
  0
DICTIONARY
  5
1A
102
{ACAD_REACTORS
330
C
102
}
330
C
100
AcDbDictionary
  0
DICTIONARY
  5
43
102
{ACAD_REACTORS
330
C
102
}
330
C
100
AcDbDictionary
  3
BYBLOCK
350
45
  3
BYLAYER
350
44
  3
GLOBAL
350
46
  0
DICTIONARY
  5
5B
102
{ACAD_REACTORS
330
C
102
}
330
C
100
AcDbDictionary
  3
STANDARD
350
5C
  0
DICTIONARY
  5
17
102
{ACAD_REACTORS
330
C
102
}
330
C
100
AcDbDictionary
  3
STANDARD
350
18
  0
DICTIONARY
  5
19
102
{ACAD_REACTORS
330
C
102
}
330
C
100
AcDbDictionary
  0
DICTIONARY
  5
47
102
{ACAD_REACTORS
330
C
102
}
330
C
100
AcDbDictionary
  3
SCALE100_1
350
10000023
  3
SCALE10_1
350
1000001D
  3
SCALE12_1
350
1000001E
  3
SCALE16_1
350
1000001F
  3
SCALE1_1
350
10000006
  3
SCALE1_10
350
1000000D
  3
SCALE1_100
350
10000016
  3
SCALE1_12
350
1000000E
  3
SCALE1_16
350
1000000F
  3
SCALE1_2
350
10000007
  3
SCALE1_20
350
10000010
  3
SCALE1_25
350
10000011
  3
SCALE1_3
350
10000008
  3
SCALE1_32
350
10000012
  3
SCALE1_4
350
10000009
  3
SCALE1_40
350
10000013
  3
SCALE1_5
350
1000000A
  3
SCALE1_50
350
10000014
  3
SCALE1_6
350
1000000B
  3
SCALE1_8
350
1000000C
  3
SCALE1_80
350
10000015
  3
SCALE20_1
350
10000020
  3
SCALE2_1
350
10000017
  3
SCALE32_1
350
10000021
  3
SCALE3_1
350
10000018
  3
SCALE4_1
350
10000019
  3
SCALE50_1
350
10000022
  3
SCALE5_1
350
1000001A
  3
SCALE6_1
350
1000001B
  3
SCALE8_1
350
1000001C
  0
DICTIONARY
  5
2A
102
{ACAD_REACTORS
330
C
102
}
330
C
100
AcDbDictionary
  3
2DWIREFRAME
350
2F
  3
BASIC
350
32
  3
BRIGHTEN
350
36
  3
COLORCHANGE
350
3A
  3
CONCEPTUAL
350
34
  3
DIM
350
35
  3
EDGECOLOROFF
350
3D
  3
FACEPATTERN
350
39
  3
FLAT
350
2B
  3
FLATWITHEDGES
350
2C
  3
GOURAUD
350
2D
  3
GOURAUDWITHEDGES
350
2E
  3
HIDDEN
350
31
  3
JITTEROFF
350
3B
  3
LINEPATTERN
350
38
  3
OVERHANGOFF
350
3C
  3
REALISTIC
350
33
  3
SHADED
350
42
  3
SHADED_WITH_EDGES
350
41
  3
SHADES_OF_GRAY
350
3E
  3
SKETCHY
350
3F
  3
THICKEN
350
37
  3
WIREFRAME
350
30
  3
X-RAY
350
40
  0
DICTIONARY
  5
10000875
102
{ACAD_REACTORS
330
C
102
}
330
C
100
AcDbDictionary
  3
CEPSNID
350
1000087F
  3
CEPSNTYPE
350
1000087E
  3
DIMSTYLEDATA
350
10000895
  3
FINGERPRINTGUID
350
10000880
  3
HYPERLINKBASE
350
10000878
  3
INSUNITS
350
1000087D
  3
LAYOUTDICT
350
1000087A
  3
LWETCUNION
350
1000087C
  3
PLOTSETDICT
350
1000087B
  3
PSVPSCALE
350
10000882
  3
PUCSBASE
350
10000885
  3
PUCSORGBACK
350
1000088B
  3
PUCSORGBOTTOM
350
10000887
  3
PUCSORGFRONT
350
1000088A
  3
PUCSORGLEFT
350
10000888
  3
PUCSORGRIGHT
350
10000889
  3
PUCSORGTOP
350
10000886
  3
PUCSORTHOREF
350
10000883
  3
PUCSORTHOVIEW
350
10000884
  3
STYLESHEET
350
10000879
  3
TSTACKALIGN
350
10000876
  3
TSTACKSIZE
350
10000877
  3
UCSBASE
350
1000088E
  3
UCSORGBACK
350
10000894
  3
UCSORGBOTTOM
350
10000890
  3
UCSORGFRONT
350
10000893
  3
UCSORGLEFT
350
10000891
  3
UCSORGRIGHT
350
10000892
  3
UCSORGTOP
350
1000088F
  3
UCSORTHOREF
350
1000088C
  3
UCSORTHOVIEW
350
1000088D
  3
VERSIONGUID
350
10000881
  0
DICTIONARY
  5
10000896
102
{ACAD_REACTORS
330
C
102
}
330
C
100
AcDbDictionary
  3
CANNOSCALE
350
100008A4
  3
CENTEREXE
350
1000089D
  3
CENTERLTYPEFILE
350
1000089E
  3
CMLEADERSTYLE
350
10000898
  3
CTABLESTYLE
350
10000897
  3
DIMASSOC
350
1000089F
  3
HIDETEXT
350
100008A0
  3
MSLTSCALE
350
100008A5
  3
PSOLHEIGHT
350
1000089A
  3
PSOLWIDTH
350
10000899
  0
XRECORD
  5
100008A1
102
{ACAD_REACTORS
330
C
102
}
330
C
100
AcDbXrecord
  1
DWGPROPS COOKIE
  2

  3

  4

  6
File was created by BTDwgCreate
  7

  8
onshape
  9

300
=
301
=
302
=
303
=
304
=
305
=
306
=
307
=
308
=
309
=
 40
0.0
 41
2461171.348439468
 42
2461171.348439688
  1

 90
        0
  0
DICTIONARY
  5
10000001
102
{ACAD_REACTORS
330
C
102
}
330
C
100
AcDbDictionary
280
     1
  3
DIM_UNITS
360
10000003
  3
DWGGEN_VERSION
360
10000002
  3
FIRST_ANGLE
360
10000005
  0
XRECORD
  5
100008A3
102
{ACAD_REACTORS
330
100008A2
102
}
330
100008A2
100
AcDbXrecord
102
VTR_0.000_0.000_1.000_1.000_VISUALSTYLE
340
2F
102
VTR_0.000_0.000_1.000_1.000_GRIDDISPLAY
 70
     3
102
VTR_0.000_0.000_1.000_1.000_GRIDMAJOR
 70
     5
102
VTR_0.000_0.000_1.000_1.000_DEFAULTLIGHTING
280
     1
102
VTR_0.000_0.000_1.000_1.000_DEFAULTLIGHTINGTYPE
 70
     1
102
VTR_0.000_0.000_1.000_1.000_BRIGHTNESS
141
0.0
102
VTR_0.000_0.000_1.000_1.000_CONTRAST
142
0.0
  0
SORTENTSTABLE
  5
10000874
102
{ACAD_REACTORS
330
10000873
102
}
330
10000873
100
AcDbSortentsTable
330
1F
  0
XRECORD
  5
1000005D
102
{ACAD_REACTORS
330
1000005A
102
}
330
1000005A
100
AcDbXrecord
 40
1.100000000000004
  0
XRECORD
  5
1000005B
102
{ACAD_REACTORS
330
1000005A
102
}
330
1000005A
100
AcDbXrecord
1000
T0DVIB
  0
XRECORD
  5
1000005C
102
{ACAD_REACTORS
330
1000005A
102
}
330
1000005A
100
AcDbXrecord
1000
S0DCz
  0
XRECORD
  5
1000005E
102
{ACAD_REACTORS
330
1000005A
102
}
330
1000005A
100
AcDbXrecord
1000
R0DP
  0
XRECORD
  5
10000063
102
{ACAD_REACTORS
330
10000060
102
}
330
10000060
100
AcDbXrecord
 40
1.100000000000004
  0
XRECORD
  5
10000061
102
{ACAD_REACTORS
330
10000060
102
}
330
10000060
100
AcDbXrecord
1000
T0DNIB
  0
XRECORD
  5
10000062
102
{ACAD_REACTORS
330
10000060
102
}
330
10000060
100
AcDbXrecord
1000
S0DCz
  0
XRECORD
  5
10000064
102
{ACAD_REACTORS
330
10000060
102
}
330
10000060
100
AcDbXrecord
1000
R0DP
  0
XRECORD
  5
10000069
102
{ACAD_REACTORS
330
10000066
102
}
330
10000066
100
AcDbXrecord
 40
1.1
  0
XRECORD
  5
10000067
102
{ACAD_REACTORS
330
10000066
102
}
330
10000066
100
AcDbXrecord
1000
T0DFIB
  0
XRECORD
  5
10000068
102
{ACAD_REACTORS
330
10000066
102
}
330
10000066
100
AcDbXrecord
1000
S0DCz
  0
XRECORD
  5
1000006A
102
{ACAD_REACTORS
330
10000066
102
}
330
10000066
100
AcDbXrecord
1000
R0DP
  0
XRECORD
  5
1000006F
102
{ACAD_REACTORS
330
1000006C
102
}
330
1000006C
100
AcDbXrecord
 40
1.1
  0
XRECORD
  5
1000006D
102
{ACAD_REACTORS
330
1000006C
102
}
330
1000006C
100
AcDbXrecord
1000
T0D9HB
  0
XRECORD
  5
1000006E
102
{ACAD_REACTORS
330
1000006C
102
}
330
1000006C
100
AcDbXrecord
1000
S0DCz
  0
XRECORD
  5
10000070
102
{ACAD_REACTORS
330
1000006C
102
}
330
1000006C
100
AcDbXrecord
1000
R0DP
  0
XRECORD
  5
10000075
102
{ACAD_REACTORS
330
10000072
102
}
330
10000072
100
AcDbXrecord
 40
1.0
  0
XRECORD
  5
10000073
102
{ACAD_REACTORS
330
10000072
102
}
330
10000072
100
AcDbXrecord
1000
T0DxIB
  0
XRECORD
  5
10000074
102
{ACAD_REACTORS
330
10000072
102
}
330
10000072
100
AcDbXrecord
1000
S0DCz
  0
XRECORD
  5
10000076
102
{ACAD_REACTORS
330
10000072
102
}
330
10000072
100
AcDbXrecord
1000
R0DP
  0
XRECORD
  5
1000007B
102
{ACAD_REACTORS
330
10000078
102
}
330
10000078
100
AcDbXrecord
 40
2.999999999999992
  0
XRECORD
  5
10000079
102
{ACAD_REACTORS
330
10000078
102
}
330
10000078
100
AcDbXrecord
1000
T0DFJB
  0
XRECORD
  5
1000007A
102
{ACAD_REACTORS
330
10000078
102
}
330
10000078
100
AcDbXrecord
1000
S0DCz
  0
XRECORD
  5
1000007C
102
{ACAD_REACTORS
330
10000078
102
}
330
10000078
100
AcDbXrecord
1000
R0DP
  0
XRECORD
  5
1000007F
102
{ACAD_REACTORS
330
1000007E
102
}
330
1000007E
100
AcDbXrecord
1000
T0DdIB
  0
XRECORD
  5
10000080
102
{ACAD_REACTORS
330
1000007E
102
}
330
1000007E
100
AcDbXrecord
1000
R0DP
  0
XRECORD
  5
10000085
102
{ACAD_REACTORS
330
10000082
102
}
330
10000082
100
AcDbXrecord
 40
2.999999999999995
  0
XRECORD
  5
10000083
102
{ACAD_REACTORS
330
10000082
102
}
330
10000082
100
AcDbXrecord
1000
T0DBJB
  0
XRECORD
  5
10000084
102
{ACAD_REACTORS
330
10000082
102
}
330
10000082
100
AcDbXrecord
1000
S0DCz
  0
XRECORD
  5
10000086
102
{ACAD_REACTORS
330
10000082
102
}
330
10000082
100
AcDbXrecord
1000
R0DP
  0
XRECORD
  5
1000008B
102
{ACAD_REACTORS
330
10000088
102
}
330
10000088
100
AcDbXrecord
 40
1.0
  0
XRECORD
  5
10000089
102
{ACAD_REACTORS
330
10000088
102
}
330
10000088
100
AcDbXrecord
1000
T0DtIB
  0
XRECORD
  5
1000008A
102
{ACAD_REACTORS
330
10000088
102
}
330
10000088
100
AcDbXrecord
1000
S0DCz
  0
XRECORD
  5
1000008C
102
{ACAD_REACTORS
330
10000088
102
}
330
10000088
100
AcDbXrecord
1000
R0DP
  0
XRECORD
  5
10000091
102
{ACAD_REACTORS
330
1000008E
102
}
330
1000008E
100
AcDbXrecord
 40
3.0
  0
XRECORD
  5
1000008F
102
{ACAD_REACTORS
330
1000008E
102
}
330
1000008E
100
AcDbXrecord
1000
T0D9IB
  0
XRECORD
  5
10000090
102
{ACAD_REACTORS
330
1000008E
102
}
330
1000008E
100
AcDbXrecord
1000
S0DCz
  0
XRECORD
  5
10000092
102
{ACAD_REACTORS
330
1000008E
102
}
330
1000008E
100
AcDbXrecord
1000
R0DP
  0
XRECORD
  5
10000095
102
{ACAD_REACTORS
330
10000094
102
}
330
10000094
100
AcDbXrecord
1000
T0DlIB
  0
XRECORD
  5
10000096
102
{ACAD_REACTORS
330
10000094
102
}
330
10000094
100
AcDbXrecord
1000
R0DP
  0
XRECORD
  5
1000009B
102
{ACAD_REACTORS
330
10000098
102
}
330
10000098
100
AcDbXrecord
 40
2.999999999999994
  0
XRECORD
  5
10000099
102
{ACAD_REACTORS
330
10000098
102
}
330
10000098
100
AcDbXrecord
1000
T0DZJB
  0
XRECORD
  5
1000009A
102
{ACAD_REACTORS
330
10000098
102
}
330
10000098
100
AcDbXrecord
1000
S0DCz
  0
XRECORD
  5
1000009C
102
{ACAD_REACTORS
330
10000098
102
}
330
10000098
100
AcDbXrecord
1000
R0DP
  0
XRECORD
  5
100000A1
102
{ACAD_REACTORS
330
1000009E
102
}
330
1000009E
100
AcDbXrecord
 40
1.0
  0
XRECORD
  5
1000009F
102
{ACAD_REACTORS
330
1000009E
102
}
330
1000009E
100
AcDbXrecord
1000
T0D5IB
  0
XRECORD
  5
100000A0
102
{ACAD_REACTORS
330
1000009E
102
}
330
1000009E
100
AcDbXrecord
1000
S0DCz
  0
XRECORD
  5
100000A2
102
{ACAD_REACTORS
330
1000009E
102
}
330
1000009E
100
AcDbXrecord
1000
R0DP
  0
XRECORD
  5
100000A7
102
{ACAD_REACTORS
330
100000A4
102
}
330
100000A4
100
AcDbXrecord
 40
2.999999999999993
  0
XRECORD
  5
100000A5
102
{ACAD_REACTORS
330
100000A4
102
}
330
100000A4
100
AcDbXrecord
1000
T0DVJB
  0
XRECORD
  5
100000A6
102
{ACAD_REACTORS
330
100000A4
102
}
330
100000A4
100
AcDbXrecord
1000
S0DCz
  0
XRECORD
  5
100000A8
102
{ACAD_REACTORS
330
100000A4
102
}
330
100000A4
100
AcDbXrecord
1000
R0DP
  0
XRECORD
  5
100000AB
102
{ACAD_REACTORS
330
100000AA
102
}
330
100000AA
100
AcDbXrecord
1000
T0DhIB
  0
XRECORD
  5
100000AC
102
{ACAD_REACTORS
330
100000AA
102
}
330
100000AA
100
AcDbXrecord
1000
R0DP
  0
XRECORD
  5
100000B1
102
{ACAD_REACTORS
330
100000AE
102
}
330
100000AE
100
AcDbXrecord
 40
2.99999999999999
  0
XRECORD
  5
100000AF
102
{ACAD_REACTORS
330
100000AE
102
}
330
100000AE
100
AcDbXrecord
1000
T0DRJB
  0
XRECORD
  5
100000B0
102
{ACAD_REACTORS
330
100000AE
102
}
330
100000AE
100
AcDbXrecord
1000
S0DCz
  0
XRECORD
  5
100000B2
102
{ACAD_REACTORS
330
100000AE
102
}
330
100000AE
100
AcDbXrecord
1000
R0DP
  0
XRECORD
  5
100000B7
102
{ACAD_REACTORS
330
100000B4
102
}
330
100000B4
100
AcDbXrecord
 40
0.9999999999999996
  0
XRECORD
  5
100000B5
102
{ACAD_REACTORS
330
100000B4
102
}
330
100000B4
100
AcDbXrecord
1000
T0D1IB
  0
XRECORD
  5
100000B6
102
{ACAD_REACTORS
330
100000B4
102
}
330
100000B4
100
AcDbXrecord
1000
S0DCz
  0
XRECORD
  5
100000B8
102
{ACAD_REACTORS
330
100000B4
102
}
330
100000B4
100
AcDbXrecord
1000
R0DP
  0
XRECORD
  5
100000BD
102
{ACAD_REACTORS
330
100000BA
102
}
330
100000BA
100
AcDbXrecord
 40
3.000000000000027
  0
XRECORD
  5
100000BB
102
{ACAD_REACTORS
330
100000BA
102
}
330
100000BA
100
AcDbXrecord
1000
T0DNJB
  0
XRECORD
  5
100000BC
102
{ACAD_REACTORS
330
100000BA
102
}
330
100000BA
100
AcDbXrecord
1000
S0DCz
  0
XRECORD
  5
100000BE
102
{ACAD_REACTORS
330
100000BA
102
}
330
100000BA
100
AcDbXrecord
1000
R0DP
  0
XRECORD
  5
100000C1
102
{ACAD_REACTORS
330
100000C0
102
}
330
100000C0
100
AcDbXrecord
1000
T0DpIB
  0
XRECORD
  5
100000C2
102
{ACAD_REACTORS
330
100000C0
102
}
330
100000C0
100
AcDbXrecord
1000
R0DP
  0
XRECORD
  5
100000C7
102
{ACAD_REACTORS
330
100000C4
102
}
330
100000C4
100
AcDbXrecord
 40
2.999999999999987
  0
XRECORD
  5
100000C5
102
{ACAD_REACTORS
330
100000C4
102
}
330
100000C4
100
AcDbXrecord
1000
T0DJJB
  0
XRECORD
  5
100000C6
102
{ACAD_REACTORS
330
100000C4
102
}
330
100000C4
100
AcDbXrecord
1000
S0DCz
  0
XRECORD
  5
100000C8
102
{ACAD_REACTORS
330
100000C4
102
}
330
100000C4
100
AcDbXrecord
1000
R0DP
  0
XRECORD
  5
100000CD
102
{ACAD_REACTORS
330
100000CA
102
}
330
100000CA
100
AcDbXrecord
 40
1.0
  0
XRECORD
  5
100000CB
102
{ACAD_REACTORS
330
100000CA
102
}
330
100000CA
100
AcDbXrecord
1000
T0DxLB
  0
XRECORD
  5
100000CC
102
{ACAD_REACTORS
330
100000CA
102
}
330
100000CA
100
AcDbXrecord
1000
S0DCz
  0
XRECORD
  5
100000CE
102
{ACAD_REACTORS
330
100000CA
102
}
330
100000CA
100
AcDbXrecord
1000
R0DP
  0
XRECORD
  5
100000D3
102
{ACAD_REACTORS
330
100000D0
102
}
330
100000D0
100
AcDbXrecord
 40
2.999999999999992
  0
XRECORD
  5
100000D1
102
{ACAD_REACTORS
330
100000D0
102
}
330
100000D0
100
AcDbXrecord
1000
T0DFMB
  0
XRECORD
  5
100000D2
102
{ACAD_REACTORS
330
100000D0
102
}
330
100000D0
100
AcDbXrecord
1000
S0DCz
  0
XRECORD
  5
100000D4
102
{ACAD_REACTORS
330
100000D0
102
}
330
100000D0
100
AcDbXrecord
1000
R0DP
  0
XRECORD
  5
100000D7
102
{ACAD_REACTORS
330
100000D6
102
}
330
100000D6
100
AcDbXrecord
1000
T0DdLB
  0
XRECORD
  5
100000D8
102
{ACAD_REACTORS
330
100000D6
102
}
330
100000D6
100
AcDbXrecord
1000
R0DP
  0
XRECORD
  5
100000DD
102
{ACAD_REACTORS
330
100000DA
102
}
330
100000DA
100
AcDbXrecord
 40
2.999999999999995
  0
XRECORD
  5
100000DB
102
{ACAD_REACTORS
330
100000DA
102
}
330
100000DA
100
AcDbXrecord
1000
T0DBMB
  0
XRECORD
  5
100000DC
102
{ACAD_REACTORS
330
100000DA
102
}
330
100000DA
100
AcDbXrecord
1000
S0DCz
  0
XRECORD
  5
100000DE
102
{ACAD_REACTORS
330
100000DA
102
}
330
100000DA
100
AcDbXrecord
1000
R0DP
  0
XRECORD
  5
100000E3
102
{ACAD_REACTORS
330
100000E0
102
}
330
100000E0
100
AcDbXrecord
 40
1.0
  0
XRECORD
  5
100000E1
102
{ACAD_REACTORS
330
100000E0
102
}
330
100000E0
100
AcDbXrecord
1000
T0DtLB
  0
XRECORD
  5
100000E2
102
{ACAD_REACTORS
330
100000E0
102
}
330
100000E0
100
AcDbXrecord
1000
S0DCz
  0
XRECORD
  5
100000E4
102
{ACAD_REACTORS
330
100000E0
102
}
330
100000E0
100
AcDbXrecord
1000
R0DP
  0
XRECORD
  5
100000E9
102
{ACAD_REACTORS
330
100000E6
102
}
330
100000E6
100
AcDbXrecord
 40
3.0
  0
XRECORD
  5
100000E7
102
{ACAD_REACTORS
330
100000E6
102
}
330
100000E6
100
AcDbXrecord
1000
T0D9LB
  0
XRECORD
  5
100000E8
102
{ACAD_REACTORS
330
100000E6
102
}
330
100000E6
100
AcDbXrecord
1000
S0DCz
  0
XRECORD
  5
100000EA
102
{ACAD_REACTORS
330
100000E6
102
}
330
100000E6
100
AcDbXrecord
1000
R0DP
  0
XRECORD
  5
100000ED
102
{ACAD_REACTORS
330
100000EC
102
}
330
100000EC
100
AcDbXrecord
1000
T0DlLB
  0
XRECORD
  5
100000EE
102
{ACAD_REACTORS
330
100000EC
102
}
330
100000EC
100
AcDbXrecord
1000
R0DP
  0
XRECORD
  5
100000F3
102
{ACAD_REACTORS
330
100000F0
102
}
330
100000F0
100
AcDbXrecord
 40
2.999999999999994
  0
XRECORD
  5
100000F1
102
{ACAD_REACTORS
330
100000F0
102
}
330
100000F0
100
AcDbXrecord
1000
T0DZMB
  0
XRECORD
  5
100000F2
102
{ACAD_REACTORS
330
100000F0
102
}
330
100000F0
100
AcDbXrecord
1000
S0DCz
  0
XRECORD
  5
100000F4
102
{ACAD_REACTORS
330
100000F0
102
}
330
100000F0
100
AcDbXrecord
1000
R0DP
  0
XRECORD
  5
100000F9
102
{ACAD_REACTORS
330
100000F6
102
}
330
100000F6
100
AcDbXrecord
 40
1.0
  0
XRECORD
  5
100000F7
102
{ACAD_REACTORS
330
100000F6
102
}
330
100000F6
100
AcDbXrecord
1000
T0D5LB
  0
XRECORD
  5
100000F8
102
{ACAD_REACTORS
330
100000F6
102
}
330
100000F6
100
AcDbXrecord
1000
S0DCz
  0
XRECORD
  5
100000FA
102
{ACAD_REACTORS
330
100000F6
102
}
330
100000F6
100
AcDbXrecord
1000
R0DP
  0
XRECORD
  5
100000FF
102
{ACAD_REACTORS
330
100000FC
102
}
330
100000FC
100
AcDbXrecord
 40
2.999999999999993
  0
XRECORD
  5
100000FD
102
{ACAD_REACTORS
330
100000FC
102
}
330
100000FC
100
AcDbXrecord
1000
T0DVMB
  0
XRECORD
  5
100000FE
102
{ACAD_REACTORS
330
100000FC
102
}
330
100000FC
100
AcDbXrecord
1000
S0DCz
  0
XRECORD
  5
10000100
102
{ACAD_REACTORS
330
100000FC
102
}
330
100000FC
100
AcDbXrecord
1000
R0DP
  0
XRECORD
  5
10000103
102
{ACAD_REACTORS
330
10000102
102
}
330
10000102
100
AcDbXrecord
1000
T0DhLB
  0
XRECORD
  5
10000104
102
{ACAD_REACTORS
330
10000102
102
}
330
10000102
100
AcDbXrecord
1000
R0DP
  0
XRECORD
  5
10000109
102
{ACAD_REACTORS
330
10000106
102
}
330
10000106
100
AcDbXrecord
 40
2.99999999999999
  0
XRECORD
  5
10000107
102
{ACAD_REACTORS
330
10000106
102
}
330
10000106
100
AcDbXrecord
1000
T0DRMB
  0
XRECORD
  5
10000108
102
{ACAD_REACTORS
330
10000106
102
}
330
10000106
100
AcDbXrecord
1000
S0DCz
  0
XRECORD
  5
1000010A
102
{ACAD_REACTORS
330
10000106
102
}
330
10000106
100
AcDbXrecord
1000
R0DP
  0
XRECORD
  5
1000010F
102
{ACAD_REACTORS
330
1000010C
102
}
330
1000010C
100
AcDbXrecord
 40
0.9999999999999996
  0
XRECORD
  5
1000010D
102
{ACAD_REACTORS
330
1000010C
102
}
330
1000010C
100
AcDbXrecord
1000
T0D1LB
  0
XRECORD
  5
1000010E
102
{ACAD_REACTORS
330
1000010C
102
}
330
1000010C
100
AcDbXrecord
1000
S0DCz
  0
XRECORD
  5
10000110
102
{ACAD_REACTORS
330
1000010C
102
}
330
1000010C
100
AcDbXrecord
1000
R0DP
  0
XRECORD
  5
10000115
102
{ACAD_REACTORS
330
10000112
102
}
330
10000112
100
AcDbXrecord
 40
3.000000000000027
  0
XRECORD
  5
10000113
102
{ACAD_REACTORS
330
10000112
102
}
330
10000112
100
AcDbXrecord
1000
T0DNMB
  0
XRECORD
  5
10000114
102
{ACAD_REACTORS
330
10000112
102
}
330
10000112
100
AcDbXrecord
1000
S0DCz
  0
XRECORD
  5
10000116
102
{ACAD_REACTORS
330
10000112
102
}
330
10000112
100
AcDbXrecord
1000
R0DP
  0
XRECORD
  5
10000119
102
{ACAD_REACTORS
330
10000118
102
}
330
10000118
100
AcDbXrecord
1000
T0DpLB
  0
XRECORD
  5
1000011A
102
{ACAD_REACTORS
330
10000118
102
}
330
10000118
100
AcDbXrecord
1000
R0DP
  0
XRECORD
  5
1000011F
102
{ACAD_REACTORS
330
1000011C
102
}
330
1000011C
100
AcDbXrecord
 40
2.999999999999987
  0
XRECORD
  5
1000011D
102
{ACAD_REACTORS
330
1000011C
102
}
330
1000011C
100
AcDbXrecord
1000
T0DJMB
  0
XRECORD
  5
1000011E
102
{ACAD_REACTORS
330
1000011C
102
}
330
1000011C
100
AcDbXrecord
1000
S0DCz
  0
XRECORD
  5
10000120
102
{ACAD_REACTORS
330
1000011C
102
}
330
1000011C
100
AcDbXrecord
1000
R0DP
  0
XRECORD
  5
10000125
102
{ACAD_REACTORS
330
10000122
102
}
330
10000122
100
AcDbXrecord
 40
1.0
  0
XRECORD
  5
10000123
102
{ACAD_REACTORS
330
10000122
102
}
330
10000122
100
AcDbXrecord
1000
T0DxOB
  0
XRECORD
  5
10000124
102
{ACAD_REACTORS
330
10000122
102
}
330
10000122
100
AcDbXrecord
1000
S0DCz
  0
XRECORD
  5
10000126
102
{ACAD_REACTORS
330
10000122
102
}
330
10000122
100
AcDbXrecord
1000
R0DP
  0
XRECORD
  5
1000012B
102
{ACAD_REACTORS
330
10000128
102
}
330
10000128
100
AcDbXrecord
 40
2.999999999999992
  0
XRECORD
  5
10000129
102
{ACAD_REACTORS
330
10000128
102
}
330
10000128
100
AcDbXrecord
1000
T0DFPB
  0
XRECORD
  5
1000012A
102
{ACAD_REACTORS
330
10000128
102
}
330
10000128
100
AcDbXrecord
1000
S0DCz
  0
XRECORD
  5
1000012C
102
{ACAD_REACTORS
330
10000128
102
}
330
10000128
100
AcDbXrecord
1000
R0DP
  0
XRECORD
  5
1000012F
102
{ACAD_REACTORS
330
1000012E
102
}
330
1000012E
100
AcDbXrecord
1000
T0DdOB
  0
XRECORD
  5
10000130
102
{ACAD_REACTORS
330
1000012E
102
}
330
1000012E
100
AcDbXrecord
1000
R0DP
  0
XRECORD
  5
10000135
102
{ACAD_REACTORS
330
10000132
102
}
330
10000132
100
AcDbXrecord
 40
2.999999999999995
  0
XRECORD
  5
10000133
102
{ACAD_REACTORS
330
10000132
102
}
330
10000132
100
AcDbXrecord
1000
T0DBPB
  0
XRECORD
  5
10000134
102
{ACAD_REACTORS
330
10000132
102
}
330
10000132
100
AcDbXrecord
1000
S0DCz
  0
XRECORD
  5
10000136
102
{ACAD_REACTORS
330
10000132
102
}
330
10000132
100
AcDbXrecord
1000
R0DP
  0
XRECORD
  5
1000013B
102
{ACAD_REACTORS
330
10000138
102
}
330
10000138
100
AcDbXrecord
 40
1.0
  0
XRECORD
  5
10000139
102
{ACAD_REACTORS
330
10000138
102
}
330
10000138
100
AcDbXrecord
1000
T0DtOB
  0
XRECORD
  5
1000013A
102
{ACAD_REACTORS
330
10000138
102
}
330
10000138
100
AcDbXrecord
1000
S0DCz
  0
XRECORD
  5
1000013C
102
{ACAD_REACTORS
330
10000138
102
}
330
10000138
100
AcDbXrecord
1000
R0DP
  0
XRECORD
  5
10000141
102
{ACAD_REACTORS
330
1000013E
102
}
330
1000013E
100
AcDbXrecord
 40
3.0
  0
XRECORD
  5
1000013F
102
{ACAD_REACTORS
330
1000013E
102
}
330
1000013E
100
AcDbXrecord
1000
T0D9OB
  0
XRECORD
  5
10000140
102
{ACAD_REACTORS
330
1000013E
102
}
330
1000013E
100
AcDbXrecord
1000
S0DCz
  0
XRECORD
  5
10000142
102
{ACAD_REACTORS
330
1000013E
102
}
330
1000013E
100
AcDbXrecord
1000
R0DP
  0
XRECORD
  5
10000145
102
{ACAD_REACTORS
330
10000144
102
}
330
10000144
100
AcDbXrecord
1000
T0DlOB
  0
XRECORD
  5
10000146
102
{ACAD_REACTORS
330
10000144
102
}
330
10000144
100
AcDbXrecord
1000
R0DP
  0
XRECORD
  5
1000014B
102
{ACAD_REACTORS
330
10000148
102
}
330
10000148
100
AcDbXrecord
 40
2.999999999999994
  0
XRECORD
  5
10000149
102
{ACAD_REACTORS
330
10000148
102
}
330
10000148
100
AcDbXrecord
1000
T0DZPB
  0
XRECORD
  5
1000014A
102
{ACAD_REACTORS
330
10000148
102
}
330
10000148
100
AcDbXrecord
1000
S0DCz
  0
XRECORD
  5
1000014C
102
{ACAD_REACTORS
330
10000148
102
}
330
10000148
100
AcDbXrecord
1000
R0DP
  0
XRECORD
  5
10000151
102
{ACAD_REACTORS
330
1000014E
102
}
330
1000014E
100
AcDbXrecord
 40
1.0
  0
XRECORD
  5
1000014F
102
{ACAD_REACTORS
330
1000014E
102
}
330
1000014E
100
AcDbXrecord
1000
T0D5OB
  0
XRECORD
  5
10000150
102
{ACAD_REACTORS
330
1000014E
102
}
330
1000014E
100
AcDbXrecord
1000
S0DCz
  0
XRECORD
  5
10000152
102
{ACAD_REACTORS
330
1000014E
102
}
330
1000014E
100
AcDbXrecord
1000
R0DP
  0
XRECORD
  5
10000157
102
{ACAD_REACTORS
330
10000154
102
}
330
10000154
100
AcDbXrecord
 40
2.999999999999993
  0
XRECORD
  5
10000155
102
{ACAD_REACTORS
330
10000154
102
}
330
10000154
100
AcDbXrecord
1000
T0DVPB
  0
XRECORD
  5
10000156
102
{ACAD_REACTORS
330
10000154
102
}
330
10000154
100
AcDbXrecord
1000
S0DCz
  0
XRECORD
  5
10000158
102
{ACAD_REACTORS
330
10000154
102
}
330
10000154
100
AcDbXrecord
1000
R0DP
  0
XRECORD
  5
1000015B
102
{ACAD_REACTORS
330
1000015A
102
}
330
1000015A
100
AcDbXrecord
1000
T0DhOB
  0
XRECORD
  5
1000015C
102
{ACAD_REACTORS
330
1000015A
102
}
330
1000015A
100
AcDbXrecord
1000
R0DP
  0
XRECORD
  5
10000161
102
{ACAD_REACTORS
330
1000015E
102
}
330
1000015E
100
AcDbXrecord
 40
2.99999999999999
  0
XRECORD
  5
1000015F
102
{ACAD_REACTORS
330
1000015E
102
}
330
1000015E
100
AcDbXrecord
1000
T0DRPB
  0
XRECORD
  5
10000160
102
{ACAD_REACTORS
330
1000015E
102
}
330
1000015E
100
AcDbXrecord
1000
S0DCz
  0
XRECORD
  5
10000162
102
{ACAD_REACTORS
330
1000015E
102
}
330
1000015E
100
AcDbXrecord
1000
R0DP
  0
XRECORD
  5
10000167
102
{ACAD_REACTORS
330
10000164
102
}
330
10000164
100
AcDbXrecord
 40
0.9999999999999996
  0
XRECORD
  5
10000165
102
{ACAD_REACTORS
330
10000164
102
}
330
10000164
100
AcDbXrecord
1000
T0D1OB
  0
XRECORD
  5
10000166
102
{ACAD_REACTORS
330
10000164
102
}
330
10000164
100
AcDbXrecord
1000
S0DCz
  0
XRECORD
  5
10000168
102
{ACAD_REACTORS
330
10000164
102
}
330
10000164
100
AcDbXrecord
1000
R0DP
  0
XRECORD
  5
1000016D
102
{ACAD_REACTORS
330
1000016A
102
}
330
1000016A
100
AcDbXrecord
 40
3.000000000000027
  0
XRECORD
  5
1000016B
102
{ACAD_REACTORS
330
1000016A
102
}
330
1000016A
100
AcDbXrecord
1000
T0DNPB
  0
XRECORD
  5
1000016C
102
{ACAD_REACTORS
330
1000016A
102
}
330
1000016A
100
AcDbXrecord
1000
S0DCz
  0
XRECORD
  5
1000016E
102
{ACAD_REACTORS
330
1000016A
102
}
330
1000016A
100
AcDbXrecord
1000
R0DP
  0
XRECORD
  5
10000171
102
{ACAD_REACTORS
330
10000170
102
}
330
10000170
100
AcDbXrecord
1000
T0DpOB
  0
XRECORD
  5
10000172
102
{ACAD_REACTORS
330
10000170
102
}
330
10000170
100
AcDbXrecord
1000
R0DP
  0
XRECORD
  5
10000177
102
{ACAD_REACTORS
330
10000174
102
}
330
10000174
100
AcDbXrecord
 40
2.999999999999987
  0
XRECORD
  5
10000175
102
{ACAD_REACTORS
330
10000174
102
}
330
10000174
100
AcDbXrecord
1000
T0DJPB
  0
XRECORD
  5
10000176
102
{ACAD_REACTORS
330
10000174
102
}
330
10000174
100
AcDbXrecord
1000
S0DCz
  0
XRECORD
  5
10000178
102
{ACAD_REACTORS
330
10000174
102
}
330
10000174
100
AcDbXrecord
1000
R0DP
  0
XRECORD
  5
1000017D
102
{ACAD_REACTORS
330
1000017A
102
}
330
1000017A
100
AcDbXrecord
 40
1.0
  0
XRECORD
  5
1000017B
102
{ACAD_REACTORS
330
1000017A
102
}
330
1000017A
100
AcDbXrecord
1000
T0DxRB
  0
XRECORD
  5
1000017C
102
{ACAD_REACTORS
330
1000017A
102
}
330
1000017A
100
AcDbXrecord
1000
S0DCz
  0
XRECORD
  5
1000017E
102
{ACAD_REACTORS
330
1000017A
102
}
330
1000017A
100
AcDbXrecord
1000
R0DP
  0
XRECORD
  5
10000183
102
{ACAD_REACTORS
330
10000180
102
}
330
10000180
100
AcDbXrecord
 40
2.999999999999992
  0
XRECORD
  5
10000181
102
{ACAD_REACTORS
330
10000180
102
}
330
10000180
100
AcDbXrecord
1000
T0DFSB
  0
XRECORD
  5
10000182
102
{ACAD_REACTORS
330
10000180
102
}
330
10000180
100
AcDbXrecord
1000
S0DCz
  0
XRECORD
  5
10000184
102
{ACAD_REACTORS
330
10000180
102
}
330
10000180
100
AcDbXrecord
1000
R0DP
  0
XRECORD
  5
10000187
102
{ACAD_REACTORS
330
10000186
102
}
330
10000186
100
AcDbXrecord
1000
T0DdRB
  0
XRECORD
  5
10000188
102
{ACAD_REACTORS
330
10000186
102
}
330
10000186
100
AcDbXrecord
1000
R0DP
  0
XRECORD
  5
1000018D
102
{ACAD_REACTORS
330
1000018A
102
}
330
1000018A
100
AcDbXrecord
 40
2.999999999999995
  0
XRECORD
  5
1000018B
102
{ACAD_REACTORS
330
1000018A
102
}
330
1000018A
100
AcDbXrecord
1000
T0DBSB
  0
XRECORD
  5
1000018C
102
{ACAD_REACTORS
330
1000018A
102
}
330
1000018A
100
AcDbXrecord
1000
S0DCz
  0
XRECORD
  5
1000018E
102
{ACAD_REACTORS
330
1000018A
102
}
330
1000018A
100
AcDbXrecord
1000
R0DP
  0
XRECORD
  5
10000193
102
{ACAD_REACTORS
330
10000190
102
}
330
10000190
100
AcDbXrecord
 40
1.0
  0
XRECORD
  5
10000191
102
{ACAD_REACTORS
330
10000190
102
}
330
10000190
100
AcDbXrecord
1000
T0DtRB
  0
XRECORD
  5
10000192
102
{ACAD_REACTORS
330
10000190
102
}
330
10000190
100
AcDbXrecord
1000
S0DCz
  0
XRECORD
  5
10000194
102
{ACAD_REACTORS
330
10000190
102
}
330
10000190
100
AcDbXrecord
1000
R0DP
  0
XRECORD
  5
10000199
102
{ACAD_REACTORS
330
10000196
102
}
330
10000196
100
AcDbXrecord
 40
3.0
  0
XRECORD
  5
10000197
102
{ACAD_REACTORS
330
10000196
102
}
330
10000196
100
AcDbXrecord
1000
T0D9RB
  0
XRECORD
  5
10000198
102
{ACAD_REACTORS
330
10000196
102
}
330
10000196
100
AcDbXrecord
1000
S0DCz
  0
XRECORD
  5
1000019A
102
{ACAD_REACTORS
330
10000196
102
}
330
10000196
100
AcDbXrecord
1000
R0DP
  0
XRECORD
  5
1000019D
102
{ACAD_REACTORS
330
1000019C
102
}
330
1000019C
100
AcDbXrecord
1000
T0DlRB
  0
XRECORD
  5
1000019E
102
{ACAD_REACTORS
330
1000019C
102
}
330
1000019C
100
AcDbXrecord
1000
R0DP
  0
XRECORD
  5
100001A3
102
{ACAD_REACTORS
330
100001A0
102
}
330
100001A0
100
AcDbXrecord
 40
2.999999999999994
  0
XRECORD
  5
100001A1
102
{ACAD_REACTORS
330
100001A0
102
}
330
100001A0
100
AcDbXrecord
1000
T0DZSB
  0
XRECORD
  5
100001A2
102
{ACAD_REACTORS
330
100001A0
102
}
330
100001A0
100
AcDbXrecord
1000
S0DCz
  0
XRECORD
  5
100001A4
102
{ACAD_REACTORS
330
100001A0
102
}
330
100001A0
100
AcDbXrecord
1000
R0DP
  0
XRECORD
  5
100001A9
102
{ACAD_REACTORS
330
100001A6
102
}
330
100001A6
100
AcDbXrecord
 40
1.0
  0
XRECORD
  5
100001A7
102
{ACAD_REACTORS
330
100001A6
102
}
330
100001A6
100
AcDbXrecord
1000
T0D5RB
  0
XRECORD
  5
100001A8
102
{ACAD_REACTORS
330
100001A6
102
}
330
100001A6
100
AcDbXrecord
1000
S0DCz
  0
XRECORD
  5
100001AA
102
{ACAD_REACTORS
330
100001A6
102
}
330
100001A6
100
AcDbXrecord
1000
R0DP
  0
XRECORD
  5
100001AF
102
{ACAD_REACTORS
330
100001AC
102
}
330
100001AC
100
AcDbXrecord
 40
2.999999999999993
  0
XRECORD
  5
100001AD
102
{ACAD_REACTORS
330
100001AC
102
}
330
100001AC
100
AcDbXrecord
1000
T0DVSB
  0
XRECORD
  5
100001AE
102
{ACAD_REACTORS
330
100001AC
102
}
330
100001AC
100
AcDbXrecord
1000
S0DCz
  0
XRECORD
  5
100001B0
102
{ACAD_REACTORS
330
100001AC
102
}
330
100001AC
100
AcDbXrecord
1000
R0DP
  0
XRECORD
  5
100001B3
102
{ACAD_REACTORS
330
100001B2
102
}
330
100001B2
100
AcDbXrecord
1000
T0DhRB
  0
XRECORD
  5
100001B4
102
{ACAD_REACTORS
330
100001B2
102
}
330
100001B2
100
AcDbXrecord
1000
R0DP
  0
XRECORD
  5
100001B9
102
{ACAD_REACTORS
330
100001B6
102
}
330
100001B6
100
AcDbXrecord
 40
2.99999999999999
  0
XRECORD
  5
100001B7
102
{ACAD_REACTORS
330
100001B6
102
}
330
100001B6
100
AcDbXrecord
1000
T0DRSB
  0
XRECORD
  5
100001B8
102
{ACAD_REACTORS
330
100001B6
102
}
330
100001B6
100
AcDbXrecord
1000
S0DCz
  0
XRECORD
  5
100001BA
102
{ACAD_REACTORS
330
100001B6
102
}
330
100001B6
100
AcDbXrecord
1000
R0DP
  0
XRECORD
  5
100001BF
102
{ACAD_REACTORS
330
100001BC
102
}
330
100001BC
100
AcDbXrecord
 40
0.9999999999999996
  0
XRECORD
  5
100001BD
102
{ACAD_REACTORS
330
100001BC
102
}
330
100001BC
100
AcDbXrecord
1000
T0D1RB
  0
XRECORD
  5
100001BE
102
{ACAD_REACTORS
330
100001BC
102
}
330
100001BC
100
AcDbXrecord
1000
S0DCz
  0
XRECORD
  5
100001C0
102
{ACAD_REACTORS
330
100001BC
102
}
330
100001BC
100
AcDbXrecord
1000
R0DP
  0
XRECORD
  5
100001C5
102
{ACAD_REACTORS
330
100001C2
102
}
330
100001C2
100
AcDbXrecord
 40
3.000000000000027
  0
XRECORD
  5
100001C3
102
{ACAD_REACTORS
330
100001C2
102
}
330
100001C2
100
AcDbXrecord
1000
T0DNSB
  0
XRECORD
  5
100001C4
102
{ACAD_REACTORS
330
100001C2
102
}
330
100001C2
100
AcDbXrecord
1000
S0DCz
  0
XRECORD
  5
100001C6
102
{ACAD_REACTORS
330
100001C2
102
}
330
100001C2
100
AcDbXrecord
1000
R0DP
  0
XRECORD
  5
100001C9
102
{ACAD_REACTORS
330
100001C8
102
}
330
100001C8
100
AcDbXrecord
1000
T0DpRB
  0
XRECORD
  5
100001CA
102
{ACAD_REACTORS
330
100001C8
102
}
330
100001C8
100
AcDbXrecord
1000
R0DP
  0
XRECORD
  5
100001CF
102
{ACAD_REACTORS
330
100001CC
102
}
330
100001CC
100
AcDbXrecord
 40
2.999999999999987
  0
XRECORD
  5
100001CD
102
{ACAD_REACTORS
330
100001CC
102
}
330
100001CC
100
AcDbXrecord
1000
T0DJSB
  0
XRECORD
  5
100001CE
102
{ACAD_REACTORS
330
100001CC
102
}
330
100001CC
100
AcDbXrecord
1000
S0DCz
  0
XRECORD
  5
100001D0
102
{ACAD_REACTORS
330
100001CC
102
}
330
100001CC
100
AcDbXrecord
1000
R0DP
  0
XRECORD
  5
100001D5
102
{ACAD_REACTORS
330
100001D2
102
}
330
100001D2
100
AcDbXrecord
 40
1.0
  0
XRECORD
  5
100001D3
102
{ACAD_REACTORS
330
100001D2
102
}
330
100001D2
100
AcDbXrecord
1000
T0DxUB
  0
XRECORD
  5
100001D4
102
{ACAD_REACTORS
330
100001D2
102
}
330
100001D2
100
AcDbXrecord
1000
S0DCz
  0
XRECORD
  5
100001D6
102
{ACAD_REACTORS
330
100001D2
102
}
330
100001D2
100
AcDbXrecord
1000
R0DP
  0
XRECORD
  5
100001DB
102
{ACAD_REACTORS
330
100001D8
102
}
330
100001D8
100
AcDbXrecord
 40
2.999999999999992
  0
XRECORD
  5
100001D9
102
{ACAD_REACTORS
330
100001D8
102
}
330
100001D8
100
AcDbXrecord
1000
T0DFVB
  0
XRECORD
  5
100001DA
102
{ACAD_REACTORS
330
100001D8
102
}
330
100001D8
100
AcDbXrecord
1000
S0DCz
  0
XRECORD
  5
100001DC
102
{ACAD_REACTORS
330
100001D8
102
}
330
100001D8
100
AcDbXrecord
1000
R0DP
  0
XRECORD
  5
100001DF
102
{ACAD_REACTORS
330
100001DE
102
}
330
100001DE
100
AcDbXrecord
1000
T0DdUB
  0
XRECORD
  5
100001E0
102
{ACAD_REACTORS
330
100001DE
102
}
330
100001DE
100
AcDbXrecord
1000
R0DP
  0
XRECORD
  5
100001E5
102
{ACAD_REACTORS
330
100001E2
102
}
330
100001E2
100
AcDbXrecord
 40
2.999999999999995
  0
XRECORD
  5
100001E3
102
{ACAD_REACTORS
330
100001E2
102
}
330
100001E2
100
AcDbXrecord
1000
T0DBVB
  0
XRECORD
  5
100001E4
102
{ACAD_REACTORS
330
100001E2
102
}
330
100001E2
100
AcDbXrecord
1000
S0DCz
  0
XRECORD
  5
100001E6
102
{ACAD_REACTORS
330
100001E2
102
}
330
100001E2
100
AcDbXrecord
1000
R0DP
  0
XRECORD
  5
100001EB
102
{ACAD_REACTORS
330
100001E8
102
}
330
100001E8
100
AcDbXrecord
 40
1.0
  0
XRECORD
  5
100001E9
102
{ACAD_REACTORS
330
100001E8
102
}
330
100001E8
100
AcDbXrecord
1000
T0DtUB
  0
XRECORD
  5
100001EA
102
{ACAD_REACTORS
330
100001E8
102
}
330
100001E8
100
AcDbXrecord
1000
S0DCz
  0
XRECORD
  5
100001EC
102
{ACAD_REACTORS
330
100001E8
102
}
330
100001E8
100
AcDbXrecord
1000
R0DP
  0
XRECORD
  5
100001F1
102
{ACAD_REACTORS
330
100001EE
102
}
330
100001EE
100
AcDbXrecord
 40
3.0
  0
XRECORD
  5
100001EF
102
{ACAD_REACTORS
330
100001EE
102
}
330
100001EE
100
AcDbXrecord
1000
T0D9UB
  0
XRECORD
  5
100001F0
102
{ACAD_REACTORS
330
100001EE
102
}
330
100001EE
100
AcDbXrecord
1000
S0DCz
  0
XRECORD
  5
100001F2
102
{ACAD_REACTORS
330
100001EE
102
}
330
100001EE
100
AcDbXrecord
1000
R0DP
  0
XRECORD
  5
100001F5
102
{ACAD_REACTORS
330
100001F4
102
}
330
100001F4
100
AcDbXrecord
1000
T0DlUB
  0
XRECORD
  5
100001F6
102
{ACAD_REACTORS
330
100001F4
102
}
330
100001F4
100
AcDbXrecord
1000
R0DP
  0
XRECORD
  5
100001FB
102
{ACAD_REACTORS
330
100001F8
102
}
330
100001F8
100
AcDbXrecord
 40
2.999999999999994
  0
XRECORD
  5
100001F9
102
{ACAD_REACTORS
330
100001F8
102
}
330
100001F8
100
AcDbXrecord
1000
T0DZVB
  0
XRECORD
  5
100001FA
102
{ACAD_REACTORS
330
100001F8
102
}
330
100001F8
100
AcDbXrecord
1000
S0DCz
  0
XRECORD
  5
100001FC
102
{ACAD_REACTORS
330
100001F8
102
}
330
100001F8
100
AcDbXrecord
1000
R0DP
  0
XRECORD
  5
10000201
102
{ACAD_REACTORS
330
100001FE
102
}
330
100001FE
100
AcDbXrecord
 40
1.0
  0
XRECORD
  5
100001FF
102
{ACAD_REACTORS
330
100001FE
102
}
330
100001FE
100
AcDbXrecord
1000
T0D5UB
  0
XRECORD
  5
10000200
102
{ACAD_REACTORS
330
100001FE
102
}
330
100001FE
100
AcDbXrecord
1000
S0DCz
  0
XRECORD
  5
10000202
102
{ACAD_REACTORS
330
100001FE
102
}
330
100001FE
100
AcDbXrecord
1000
R0DP
  0
XRECORD
  5
10000207
102
{ACAD_REACTORS
330
10000204
102
}
330
10000204
100
AcDbXrecord
 40
2.999999999999993
  0
XRECORD
  5
10000205
102
{ACAD_REACTORS
330
10000204
102
}
330
10000204
100
AcDbXrecord
1000
T0DVVB
  0
XRECORD
  5
10000206
102
{ACAD_REACTORS
330
10000204
102
}
330
10000204
100
AcDbXrecord
1000
S0DCz
  0
XRECORD
  5
10000208
102
{ACAD_REACTORS
330
10000204
102
}
330
10000204
100
AcDbXrecord
1000
R0DP
  0
XRECORD
  5
1000020B
102
{ACAD_REACTORS
330
1000020A
102
}
330
1000020A
100
AcDbXrecord
1000
T0DhUB
  0
XRECORD
  5
1000020C
102
{ACAD_REACTORS
330
1000020A
102
}
330
1000020A
100
AcDbXrecord
1000
R0DP
  0
XRECORD
  5
10000211
102
{ACAD_REACTORS
330
1000020E
102
}
330
1000020E
100
AcDbXrecord
 40
2.99999999999999
  0
XRECORD
  5
1000020F
102
{ACAD_REACTORS
330
1000020E
102
}
330
1000020E
100
AcDbXrecord
1000
T0DRVB
  0
XRECORD
  5
10000210
102
{ACAD_REACTORS
330
1000020E
102
}
330
1000020E
100
AcDbXrecord
1000
S0DCz
  0
XRECORD
  5
10000212
102
{ACAD_REACTORS
330
1000020E
102
}
330
1000020E
100
AcDbXrecord
1000
R0DP
  0
XRECORD
  5
10000217
102
{ACAD_REACTORS
330
10000214
102
}
330
10000214
100
AcDbXrecord
 40
0.9999999999999996
  0
XRECORD
  5
10000215
102
{ACAD_REACTORS
330
10000214
102
}
330
10000214
100
AcDbXrecord
1000
T0D1UB
  0
XRECORD
  5
10000216
102
{ACAD_REACTORS
330
10000214
102
}
330
10000214
100
AcDbXrecord
1000
S0DCz
  0
XRECORD
  5
10000218
102
{ACAD_REACTORS
330
10000214
102
}
330
10000214
100
AcDbXrecord
1000
R0DP
  0
XRECORD
  5
1000021D
102
{ACAD_REACTORS
330
1000021A
102
}
330
1000021A
100
AcDbXrecord
 40
3.000000000000027
  0
XRECORD
  5
1000021B
102
{ACAD_REACTORS
330
1000021A
102
}
330
1000021A
100
AcDbXrecord
1000
T0DNVB
  0
XRECORD
  5
1000021C
102
{ACAD_REACTORS
330
1000021A
102
}
330
1000021A
100
AcDbXrecord
1000
S0DCz
  0
XRECORD
  5
1000021E
102
{ACAD_REACTORS
330
1000021A
102
}
330
1000021A
100
AcDbXrecord
1000
R0DP
  0
XRECORD
  5
10000221
102
{ACAD_REACTORS
330
10000220
102
}
330
10000220
100
AcDbXrecord
1000
T0DpUB
  0
XRECORD
  5
10000222
102
{ACAD_REACTORS
330
10000220
102
}
330
10000220
100
AcDbXrecord
1000
R0DP
  0
XRECORD
  5
10000227
102
{ACAD_REACTORS
330
10000224
102
}
330
10000224
100
AcDbXrecord
 40
2.999999999999987
  0
XRECORD
  5
10000225
102
{ACAD_REACTORS
330
10000224
102
}
330
10000224
100
AcDbXrecord
1000
T0DJVB
  0
XRECORD
  5
10000226
102
{ACAD_REACTORS
330
10000224
102
}
330
10000224
100
AcDbXrecord
1000
S0DCz
  0
XRECORD
  5
10000228
102
{ACAD_REACTORS
330
10000224
102
}
330
10000224
100
AcDbXrecord
1000
R0DP
  0
XRECORD
  5
1000022D
102
{ACAD_REACTORS
330
1000022A
102
}
330
1000022A
100
AcDbXrecord
 40
1.0
  0
XRECORD
  5
1000022B
102
{ACAD_REACTORS
330
1000022A
102
}
330
1000022A
100
AcDbXrecord
1000
T0DxXB
  0
XRECORD
  5
1000022C
102
{ACAD_REACTORS
330
1000022A
102
}
330
1000022A
100
AcDbXrecord
1000
S0DCz
  0
XRECORD
  5
1000022E
102
{ACAD_REACTORS
330
1000022A
102
}
330
1000022A
100
AcDbXrecord
1000
R0DP
  0
XRECORD
  5
10000233
102
{ACAD_REACTORS
330
10000230
102
}
330
10000230
100
AcDbXrecord
 40
2.999999999999992
  0
XRECORD
  5
10000231
102
{ACAD_REACTORS
330
10000230
102
}
330
10000230
100
AcDbXrecord
1000
T0DFYB
  0
XRECORD
  5
10000232
102
{ACAD_REACTORS
330
10000230
102
}
330
10000230
100
AcDbXrecord
1000
S0DCz
  0
XRECORD
  5
10000234
102
{ACAD_REACTORS
330
10000230
102
}
330
10000230
100
AcDbXrecord
1000
R0DP
  0
XRECORD
  5
10000237
102
{ACAD_REACTORS
330
10000236
102
}
330
10000236
100
AcDbXrecord
1000
T0DdXB
  0
XRECORD
  5
10000238
102
{ACAD_REACTORS
330
10000236
102
}
330
10000236
100
AcDbXrecord
1000
R0DP
  0
XRECORD
  5
1000023D
102
{ACAD_REACTORS
330
1000023A
102
}
330
1000023A
100
AcDbXrecord
 40
2.999999999999995
  0
XRECORD
  5
1000023B
102
{ACAD_REACTORS
330
1000023A
102
}
330
1000023A
100
AcDbXrecord
1000
T0DBYB
  0
XRECORD
  5
1000023C
102
{ACAD_REACTORS
330
1000023A
102
}
330
1000023A
100
AcDbXrecord
1000
S0DCz
  0
XRECORD
  5
1000023E
102
{ACAD_REACTORS
330
1000023A
102
}
330
1000023A
100
AcDbXrecord
1000
R0DP
  0
XRECORD
  5
10000243
102
{ACAD_REACTORS
330
10000240
102
}
330
10000240
100
AcDbXrecord
 40
1.0
  0
XRECORD
  5
10000241
102
{ACAD_REACTORS
330
10000240
102
}
330
10000240
100
AcDbXrecord
1000
T0DtXB
  0
XRECORD
  5
10000242
102
{ACAD_REACTORS
330
10000240
102
}
330
10000240
100
AcDbXrecord
1000
S0DCz
  0
XRECORD
  5
10000244
102
{ACAD_REACTORS
330
10000240
102
}
330
10000240
100
AcDbXrecord
1000
R0DP
  0
XRECORD
  5
10000249
102
{ACAD_REACTORS
330
10000246
102
}
330
10000246
100
AcDbXrecord
 40
3.0
  0
XRECORD
  5
10000247
102
{ACAD_REACTORS
330
10000246
102
}
330
10000246
100
AcDbXrecord
1000
T0D9XB
  0
XRECORD
  5
10000248
102
{ACAD_REACTORS
330
10000246
102
}
330
10000246
100
AcDbXrecord
1000
S0DCz
  0
XRECORD
  5
1000024A
102
{ACAD_REACTORS
330
10000246
102
}
330
10000246
100
AcDbXrecord
1000
R0DP
  0
XRECORD
  5
1000024D
102
{ACAD_REACTORS
330
1000024C
102
}
330
1000024C
100
AcDbXrecord
1000
T0DlXB
  0
XRECORD
  5
1000024E
102
{ACAD_REACTORS
330
1000024C
102
}
330
1000024C
100
AcDbXrecord
1000
R0DP
  0
XRECORD
  5
10000253
102
{ACAD_REACTORS
330
10000250
102
}
330
10000250
100
AcDbXrecord
 40
2.999999999999994
  0
XRECORD
  5
10000251
102
{ACAD_REACTORS
330
10000250
102
}
330
10000250
100
AcDbXrecord
1000
T0DZYB
  0
XRECORD
  5
10000252
102
{ACAD_REACTORS
330
10000250
102
}
330
10000250
100
AcDbXrecord
1000
S0DCz
  0
XRECORD
  5
10000254
102
{ACAD_REACTORS
330
10000250
102
}
330
10000250
100
AcDbXrecord
1000
R0DP
  0
XRECORD
  5
10000259
102
{ACAD_REACTORS
330
10000256
102
}
330
10000256
100
AcDbXrecord
 40
1.0
  0
XRECORD
  5
10000257
102
{ACAD_REACTORS
330
10000256
102
}
330
10000256
100
AcDbXrecord
1000
T0D5XB
  0
XRECORD
  5
10000258
102
{ACAD_REACTORS
330
10000256
102
}
330
10000256
100
AcDbXrecord
1000
S0DCz
  0
XRECORD
  5
1000025A
102
{ACAD_REACTORS
330
10000256
102
}
330
10000256
100
AcDbXrecord
1000
R0DP
  0
XRECORD
  5
1000025F
102
{ACAD_REACTORS
330
1000025C
102
}
330
1000025C
100
AcDbXrecord
 40
2.999999999999993
  0
XRECORD
  5
1000025D
102
{ACAD_REACTORS
330
1000025C
102
}
330
1000025C
100
AcDbXrecord
1000
T0DVYB
  0
XRECORD
  5
1000025E
102
{ACAD_REACTORS
330
1000025C
102
}
330
1000025C
100
AcDbXrecord
1000
S0DCz
  0
XRECORD
  5
10000260
102
{ACAD_REACTORS
330
1000025C
102
}
330
1000025C
100
AcDbXrecord
1000
R0DP
  0
XRECORD
  5
10000263
102
{ACAD_REACTORS
330
10000262
102
}
330
10000262
100
AcDbXrecord
1000
T0DhXB
  0
XRECORD
  5
10000264
102
{ACAD_REACTORS
330
10000262
102
}
330
10000262
100
AcDbXrecord
1000
R0DP
  0
XRECORD
  5
10000269
102
{ACAD_REACTORS
330
10000266
102
}
330
10000266
100
AcDbXrecord
 40
2.99999999999999
  0
XRECORD
  5
10000267
102
{ACAD_REACTORS
330
10000266
102
}
330
10000266
100
AcDbXrecord
1000
T0DRYB
  0
XRECORD
  5
10000268
102
{ACAD_REACTORS
330
10000266
102
}
330
10000266
100
AcDbXrecord
1000
S0DCz
  0
XRECORD
  5
1000026A
102
{ACAD_REACTORS
330
10000266
102
}
330
10000266
100
AcDbXrecord
1000
R0DP
  0
XRECORD
  5
1000026F
102
{ACAD_REACTORS
330
1000026C
102
}
330
1000026C
100
AcDbXrecord
 40
0.9999999999999996
  0
XRECORD
  5
1000026D
102
{ACAD_REACTORS
330
1000026C
102
}
330
1000026C
100
AcDbXrecord
1000
T0D1XB
  0
XRECORD
  5
1000026E
102
{ACAD_REACTORS
330
1000026C
102
}
330
1000026C
100
AcDbXrecord
1000
S0DCz
  0
XRECORD
  5
10000270
102
{ACAD_REACTORS
330
1000026C
102
}
330
1000026C
100
AcDbXrecord
1000
R0DP
  0
XRECORD
  5
10000275
102
{ACAD_REACTORS
330
10000272
102
}
330
10000272
100
AcDbXrecord
 40
3.000000000000027
  0
XRECORD
  5
10000273
102
{ACAD_REACTORS
330
10000272
102
}
330
10000272
100
AcDbXrecord
1000
T0DNYB
  0
XRECORD
  5
10000274
102
{ACAD_REACTORS
330
10000272
102
}
330
10000272
100
AcDbXrecord
1000
S0DCz
  0
XRECORD
  5
10000276
102
{ACAD_REACTORS
330
10000272
102
}
330
10000272
100
AcDbXrecord
1000
R0DP
  0
XRECORD
  5
10000279
102
{ACAD_REACTORS
330
10000278
102
}
330
10000278
100
AcDbXrecord
1000
T0DpXB
  0
XRECORD
  5
1000027A
102
{ACAD_REACTORS
330
10000278
102
}
330
10000278
100
AcDbXrecord
1000
R0DP
  0
XRECORD
  5
1000027F
102
{ACAD_REACTORS
330
1000027C
102
}
330
1000027C
100
AcDbXrecord
 40
2.999999999999987
  0
XRECORD
  5
1000027D
102
{ACAD_REACTORS
330
1000027C
102
}
330
1000027C
100
AcDbXrecord
1000
T0DJYB
  0
XRECORD
  5
1000027E
102
{ACAD_REACTORS
330
1000027C
102
}
330
1000027C
100
AcDbXrecord
1000
S0DCz
  0
XRECORD
  5
10000280
102
{ACAD_REACTORS
330
1000027C
102
}
330
1000027C
100
AcDbXrecord
1000
R0DP
  0
XRECORD
  5
10000285
102
{ACAD_REACTORS
330
10000282
102
}
330
10000282
100
AcDbXrecord
 40
1.0
  0
XRECORD
  5
10000283
102
{ACAD_REACTORS
330
10000282
102
}
330
10000282
100
AcDbXrecord
1000
T0DxaB
  0
XRECORD
  5
10000284
102
{ACAD_REACTORS
330
10000282
102
}
330
10000282
100
AcDbXrecord
1000
S0DCz
  0
XRECORD
  5
10000286
102
{ACAD_REACTORS
330
10000282
102
}
330
10000282
100
AcDbXrecord
1000
R0DP
  0
XRECORD
  5
1000028B
102
{ACAD_REACTORS
330
10000288
102
}
330
10000288
100
AcDbXrecord
 40
2.999999999999992
  0
XRECORD
  5
10000289
102
{ACAD_REACTORS
330
10000288
102
}
330
10000288
100
AcDbXrecord
1000
T0DFbB
  0
XRECORD
  5
1000028A
102
{ACAD_REACTORS
330
10000288
102
}
330
10000288
100
AcDbXrecord
1000
S0DCz
  0
XRECORD
  5
1000028C
102
{ACAD_REACTORS
330
10000288
102
}
330
10000288
100
AcDbXrecord
1000
R0DP
  0
XRECORD
  5
1000028F
102
{ACAD_REACTORS
330
1000028E
102
}
330
1000028E
100
AcDbXrecord
1000
T0DdaB
  0
XRECORD
  5
10000290
102
{ACAD_REACTORS
330
1000028E
102
}
330
1000028E
100
AcDbXrecord
1000
R0DP
  0
XRECORD
  5
10000295
102
{ACAD_REACTORS
330
10000292
102
}
330
10000292
100
AcDbXrecord
 40
2.999999999999995
  0
XRECORD
  5
10000293
102
{ACAD_REACTORS
330
10000292
102
}
330
10000292
100
AcDbXrecord
1000
T0DBbB
  0
XRECORD
  5
10000294
102
{ACAD_REACTORS
330
10000292
102
}
330
10000292
100
AcDbXrecord
1000
S0DCz
  0
XRECORD
  5
10000296
102
{ACAD_REACTORS
330
10000292
102
}
330
10000292
100
AcDbXrecord
1000
R0DP
  0
XRECORD
  5
1000029B
102
{ACAD_REACTORS
330
10000298
102
}
330
10000298
100
AcDbXrecord
 40
1.0
  0
XRECORD
  5
10000299
102
{ACAD_REACTORS
330
10000298
102
}
330
10000298
100
AcDbXrecord
1000
T0DtaB
  0
XRECORD
  5
1000029A
102
{ACAD_REACTORS
330
10000298
102
}
330
10000298
100
AcDbXrecord
1000
S0DCz
  0
XRECORD
  5
1000029C
102
{ACAD_REACTORS
330
10000298
102
}
330
10000298
100
AcDbXrecord
1000
R0DP
  0
XRECORD
  5
100002A1
102
{ACAD_REACTORS
330
1000029E
102
}
330
1000029E
100
AcDbXrecord
 40
3.0
  0
XRECORD
  5
1000029F
102
{ACAD_REACTORS
330
1000029E
102
}
330
1000029E
100
AcDbXrecord
1000
T0D9aB
  0
XRECORD
  5
100002A0
102
{ACAD_REACTORS
330
1000029E
102
}
330
1000029E
100
AcDbXrecord
1000
S0DCz
  0
XRECORD
  5
100002A2
102
{ACAD_REACTORS
330
1000029E
102
}
330
1000029E
100
AcDbXrecord
1000
R0DP
  0
XRECORD
  5
100002A5
102
{ACAD_REACTORS
330
100002A4
102
}
330
100002A4
100
AcDbXrecord
1000
T0DlaB
  0
XRECORD
  5
100002A6
102
{ACAD_REACTORS
330
100002A4
102
}
330
100002A4
100
AcDbXrecord
1000
R0DP
  0
XRECORD
  5
100002AB
102
{ACAD_REACTORS
330
100002A8
102
}
330
100002A8
100
AcDbXrecord
 40
2.999999999999994
  0
XRECORD
  5
100002A9
102
{ACAD_REACTORS
330
100002A8
102
}
330
100002A8
100
AcDbXrecord
1000
T0DZbB
  0
XRECORD
  5
100002AA
102
{ACAD_REACTORS
330
100002A8
102
}
330
100002A8
100
AcDbXrecord
1000
S0DCz
  0
XRECORD
  5
100002AC
102
{ACAD_REACTORS
330
100002A8
102
}
330
100002A8
100
AcDbXrecord
1000
R0DP
  0
XRECORD
  5
100002B1
102
{ACAD_REACTORS
330
100002AE
102
}
330
100002AE
100
AcDbXrecord
 40
1.0
  0
XRECORD
  5
100002AF
102
{ACAD_REACTORS
330
100002AE
102
}
330
100002AE
100
AcDbXrecord
1000
T0D5aB
  0
XRECORD
  5
100002B0
102
{ACAD_REACTORS
330
100002AE
102
}
330
100002AE
100
AcDbXrecord
1000
S0DCz
  0
XRECORD
  5
100002B2
102
{ACAD_REACTORS
330
100002AE
102
}
330
100002AE
100
AcDbXrecord
1000
R0DP
  0
XRECORD
  5
100002B7
102
{ACAD_REACTORS
330
100002B4
102
}
330
100002B4
100
AcDbXrecord
 40
2.999999999999993
  0
XRECORD
  5
100002B5
102
{ACAD_REACTORS
330
100002B4
102
}
330
100002B4
100
AcDbXrecord
1000
T0DVbB
  0
XRECORD
  5
100002B6
102
{ACAD_REACTORS
330
100002B4
102
}
330
100002B4
100
AcDbXrecord
1000
S0DCz
  0
XRECORD
  5
100002B8
102
{ACAD_REACTORS
330
100002B4
102
}
330
100002B4
100
AcDbXrecord
1000
R0DP
  0
XRECORD
  5
100002BB
102
{ACAD_REACTORS
330
100002BA
102
}
330
100002BA
100
AcDbXrecord
1000
T0DhaB
  0
XRECORD
  5
100002BC
102
{ACAD_REACTORS
330
100002BA
102
}
330
100002BA
100
AcDbXrecord
1000
R0DP
  0
XRECORD
  5
100002C1
102
{ACAD_REACTORS
330
100002BE
102
}
330
100002BE
100
AcDbXrecord
 40
2.99999999999999
  0
XRECORD
  5
100002BF
102
{ACAD_REACTORS
330
100002BE
102
}
330
100002BE
100
AcDbXrecord
1000
T0DRbB
  0
XRECORD
  5
100002C0
102
{ACAD_REACTORS
330
100002BE
102
}
330
100002BE
100
AcDbXrecord
1000
S0DCz
  0
XRECORD
  5
100002C2
102
{ACAD_REACTORS
330
100002BE
102
}
330
100002BE
100
AcDbXrecord
1000
R0DP
  0
XRECORD
  5
100002C7
102
{ACAD_REACTORS
330
100002C4
102
}
330
100002C4
100
AcDbXrecord
 40
0.9999999999999996
  0
XRECORD
  5
100002C5
102
{ACAD_REACTORS
330
100002C4
102
}
330
100002C4
100
AcDbXrecord
1000
T0D1aB
  0
XRECORD
  5
100002C6
102
{ACAD_REACTORS
330
100002C4
102
}
330
100002C4
100
AcDbXrecord
1000
S0DCz
  0
XRECORD
  5
100002C8
102
{ACAD_REACTORS
330
100002C4
102
}
330
100002C4
100
AcDbXrecord
1000
R0DP
  0
XRECORD
  5
100002CD
102
{ACAD_REACTORS
330
100002CA
102
}
330
100002CA
100
AcDbXrecord
 40
3.000000000000027
  0
XRECORD
  5
100002CB
102
{ACAD_REACTORS
330
100002CA
102
}
330
100002CA
100
AcDbXrecord
1000
T0DNbB
  0
XRECORD
  5
100002CC
102
{ACAD_REACTORS
330
100002CA
102
}
330
100002CA
100
AcDbXrecord
1000
S0DCz
  0
XRECORD
  5
100002CE
102
{ACAD_REACTORS
330
100002CA
102
}
330
100002CA
100
AcDbXrecord
1000
R0DP
  0
XRECORD
  5
100002D1
102
{ACAD_REACTORS
330
100002D0
102
}
330
100002D0
100
AcDbXrecord
1000
T0DpaB
  0
XRECORD
  5
100002D2
102
{ACAD_REACTORS
330
100002D0
102
}
330
100002D0
100
AcDbXrecord
1000
R0DP
  0
XRECORD
  5
100002D7
102
{ACAD_REACTORS
330
100002D4
102
}
330
100002D4
100
AcDbXrecord
 40
2.999999999999987
  0
XRECORD
  5
100002D5
102
{ACAD_REACTORS
330
100002D4
102
}
330
100002D4
100
AcDbXrecord
1000
T0DJbB
  0
XRECORD
  5
100002D6
102
{ACAD_REACTORS
330
100002D4
102
}
330
100002D4
100
AcDbXrecord
1000
S0DCz
  0
XRECORD
  5
100002D8
102
{ACAD_REACTORS
330
100002D4
102
}
330
100002D4
100
AcDbXrecord
1000
R0DP
  0
XRECORD
  5
100002DD
102
{ACAD_REACTORS
330
100002DA
102
}
330
100002DA
100
AcDbXrecord
 40
1.0
  0
XRECORD
  5
100002DB
102
{ACAD_REACTORS
330
100002DA
102
}
330
100002DA
100
AcDbXrecord
1000
T0DxdB
  0
XRECORD
  5
100002DC
102
{ACAD_REACTORS
330
100002DA
102
}
330
100002DA
100
AcDbXrecord
1000
S0DCz
  0
XRECORD
  5
100002DE
102
{ACAD_REACTORS
330
100002DA
102
}
330
100002DA
100
AcDbXrecord
1000
R0DP
  0
XRECORD
  5
100002E3
102
{ACAD_REACTORS
330
100002E0
102
}
330
100002E0
100
AcDbXrecord
 40
2.999999999999992
  0
XRECORD
  5
100002E1
102
{ACAD_REACTORS
330
100002E0
102
}
330
100002E0
100
AcDbXrecord
1000
T0DFeB
  0
XRECORD
  5
100002E2
102
{ACAD_REACTORS
330
100002E0
102
}
330
100002E0
100
AcDbXrecord
1000
S0DCz
  0
XRECORD
  5
100002E4
102
{ACAD_REACTORS
330
100002E0
102
}
330
100002E0
100
AcDbXrecord
1000
R0DP
  0
XRECORD
  5
100002E7
102
{ACAD_REACTORS
330
100002E6
102
}
330
100002E6
100
AcDbXrecord
1000
T0DddB
  0
XRECORD
  5
100002E8
102
{ACAD_REACTORS
330
100002E6
102
}
330
100002E6
100
AcDbXrecord
1000
R0DP
  0
XRECORD
  5
100002ED
102
{ACAD_REACTORS
330
100002EA
102
}
330
100002EA
100
AcDbXrecord
 40
2.999999999999995
  0
XRECORD
  5
100002EB
102
{ACAD_REACTORS
330
100002EA
102
}
330
100002EA
100
AcDbXrecord
1000
T0DBeB
  0
XRECORD
  5
100002EC
102
{ACAD_REACTORS
330
100002EA
102
}
330
100002EA
100
AcDbXrecord
1000
S0DCz
  0
XRECORD
  5
100002EE
102
{ACAD_REACTORS
330
100002EA
102
}
330
100002EA
100
AcDbXrecord
1000
R0DP
  0
XRECORD
  5
100002F3
102
{ACAD_REACTORS
330
100002F0
102
}
330
100002F0
100
AcDbXrecord
 40
1.0
  0
XRECORD
  5
100002F1
102
{ACAD_REACTORS
330
100002F0
102
}
330
100002F0
100
AcDbXrecord
1000
T0DtdB
  0
XRECORD
  5
100002F2
102
{ACAD_REACTORS
330
100002F0
102
}
330
100002F0
100
AcDbXrecord
1000
S0DCz
  0
XRECORD
  5
100002F4
102
{ACAD_REACTORS
330
100002F0
102
}
330
100002F0
100
AcDbXrecord
1000
R0DP
  0
XRECORD
  5
100002F9
102
{ACAD_REACTORS
330
100002F6
102
}
330
100002F6
100
AcDbXrecord
 40
3.0
  0
XRECORD
  5
100002F7
102
{ACAD_REACTORS
330
100002F6
102
}
330
100002F6
100
AcDbXrecord
1000
T0D9dB
  0
XRECORD
  5
100002F8
102
{ACAD_REACTORS
330
100002F6
102
}
330
100002F6
100
AcDbXrecord
1000
S0DCz
  0
XRECORD
  5
100002FA
102
{ACAD_REACTORS
330
100002F6
102
}
330
100002F6
100
AcDbXrecord
1000
R0DP
  0
XRECORD
  5
100002FD
102
{ACAD_REACTORS
330
100002FC
102
}
330
100002FC
100
AcDbXrecord
1000
T0DldB
  0
XRECORD
  5
100002FE
102
{ACAD_REACTORS
330
100002FC
102
}
330
100002FC
100
AcDbXrecord
1000
R0DP
  0
XRECORD
  5
10000303
102
{ACAD_REACTORS
330
10000300
102
}
330
10000300
100
AcDbXrecord
 40
2.999999999999994
  0
XRECORD
  5
10000301
102
{ACAD_REACTORS
330
10000300
102
}
330
10000300
100
AcDbXrecord
1000
T0DZeB
  0
XRECORD
  5
10000302
102
{ACAD_REACTORS
330
10000300
102
}
330
10000300
100
AcDbXrecord
1000
S0DCz
  0
XRECORD
  5
10000304
102
{ACAD_REACTORS
330
10000300
102
}
330
10000300
100
AcDbXrecord
1000
R0DP
  0
XRECORD
  5
10000309
102
{ACAD_REACTORS
330
10000306
102
}
330
10000306
100
AcDbXrecord
 40
1.0
  0
XRECORD
  5
10000307
102
{ACAD_REACTORS
330
10000306
102
}
330
10000306
100
AcDbXrecord
1000
T0D5dB
  0
XRECORD
  5
10000308
102
{ACAD_REACTORS
330
10000306
102
}
330
10000306
100
AcDbXrecord
1000
S0DCz
  0
XRECORD
  5
1000030A
102
{ACAD_REACTORS
330
10000306
102
}
330
10000306
100
AcDbXrecord
1000
R0DP
  0
XRECORD
  5
1000030F
102
{ACAD_REACTORS
330
1000030C
102
}
330
1000030C
100
AcDbXrecord
 40
2.999999999999993
  0
XRECORD
  5
1000030D
102
{ACAD_REACTORS
330
1000030C
102
}
330
1000030C
100
AcDbXrecord
1000
T0DVeB
  0
XRECORD
  5
1000030E
102
{ACAD_REACTORS
330
1000030C
102
}
330
1000030C
100
AcDbXrecord
1000
S0DCz
  0
XRECORD
  5
10000310
102
{ACAD_REACTORS
330
1000030C
102
}
330
1000030C
100
AcDbXrecord
1000
R0DP
  0
XRECORD
  5
10000313
102
{ACAD_REACTORS
330
10000312
102
}
330
10000312
100
AcDbXrecord
1000
T0DhdB
  0
XRECORD
  5
10000314
102
{ACAD_REACTORS
330
10000312
102
}
330
10000312
100
AcDbXrecord
1000
R0DP
  0
XRECORD
  5
10000319
102
{ACAD_REACTORS
330
10000316
102
}
330
10000316
100
AcDbXrecord
 40
2.99999999999999
  0
XRECORD
  5
10000317
102
{ACAD_REACTORS
330
10000316
102
}
330
10000316
100
AcDbXrecord
1000
T0DReB
  0
XRECORD
  5
10000318
102
{ACAD_REACTORS
330
10000316
102
}
330
10000316
100
AcDbXrecord
1000
S0DCz
  0
XRECORD
  5
1000031A
102
{ACAD_REACTORS
330
10000316
102
}
330
10000316
100
AcDbXrecord
1000
R0DP
  0
XRECORD
  5
1000031F
102
{ACAD_REACTORS
330
1000031C
102
}
330
1000031C
100
AcDbXrecord
 40
0.9999999999999996
  0
XRECORD
  5
1000031D
102
{ACAD_REACTORS
330
1000031C
102
}
330
1000031C
100
AcDbXrecord
1000
T0D1dB
  0
XRECORD
  5
1000031E
102
{ACAD_REACTORS
330
1000031C
102
}
330
1000031C
100
AcDbXrecord
1000
S0DCz
  0
XRECORD
  5
10000320
102
{ACAD_REACTORS
330
1000031C
102
}
330
1000031C
100
AcDbXrecord
1000
R0DP
  0
XRECORD
  5
10000325
102
{ACAD_REACTORS
330
10000322
102
}
330
10000322
100
AcDbXrecord
 40
3.000000000000027
  0
XRECORD
  5
10000323
102
{ACAD_REACTORS
330
10000322
102
}
330
10000322
100
AcDbXrecord
1000
T0DNeB
  0
XRECORD
  5
10000324
102
{ACAD_REACTORS
330
10000322
102
}
330
10000322
100
AcDbXrecord
1000
S0DCz
  0
XRECORD
  5
10000326
102
{ACAD_REACTORS
330
10000322
102
}
330
10000322
100
AcDbXrecord
1000
R0DP
  0
XRECORD
  5
10000329
102
{ACAD_REACTORS
330
10000328
102
}
330
10000328
100
AcDbXrecord
1000
T0DpdB
  0
XRECORD
  5
1000032A
102
{ACAD_REACTORS
330
10000328
102
}
330
10000328
100
AcDbXrecord
1000
R0DP
  0
XRECORD
  5
1000032F
102
{ACAD_REACTORS
330
1000032C
102
}
330
1000032C
100
AcDbXrecord
 40
2.999999999999987
  0
XRECORD
  5
1000032D
102
{ACAD_REACTORS
330
1000032C
102
}
330
1000032C
100
AcDbXrecord
1000
T0DJeB
  0
XRECORD
  5
1000032E
102
{ACAD_REACTORS
330
1000032C
102
}
330
1000032C
100
AcDbXrecord
1000
S0DCz
  0
XRECORD
  5
10000330
102
{ACAD_REACTORS
330
1000032C
102
}
330
1000032C
100
AcDbXrecord
1000
R0DP
  0
XRECORD
  5
10000335
102
{ACAD_REACTORS
330
10000332
102
}
330
10000332
100
AcDbXrecord
 40
1.0
  0
XRECORD
  5
10000333
102
{ACAD_REACTORS
330
10000332
102
}
330
10000332
100
AcDbXrecord
1000
T0DxgB
  0
XRECORD
  5
10000334
102
{ACAD_REACTORS
330
10000332
102
}
330
10000332
100
AcDbXrecord
1000
S0DCz
  0
XRECORD
  5
10000336
102
{ACAD_REACTORS
330
10000332
102
}
330
10000332
100
AcDbXrecord
1000
R0DP
  0
XRECORD
  5
1000033B
102
{ACAD_REACTORS
330
10000338
102
}
330
10000338
100
AcDbXrecord
 40
2.999999999999992
  0
XRECORD
  5
10000339
102
{ACAD_REACTORS
330
10000338
102
}
330
10000338
100
AcDbXrecord
1000
T0DFhB
  0
XRECORD
  5
1000033A
102
{ACAD_REACTORS
330
10000338
102
}
330
10000338
100
AcDbXrecord
1000
S0DCz
  0
XRECORD
  5
1000033C
102
{ACAD_REACTORS
330
10000338
102
}
330
10000338
100
AcDbXrecord
1000
R0DP
  0
XRECORD
  5
1000033F
102
{ACAD_REACTORS
330
1000033E
102
}
330
1000033E
100
AcDbXrecord
1000
T0DdgB
  0
XRECORD
  5
10000340
102
{ACAD_REACTORS
330
1000033E
102
}
330
1000033E
100
AcDbXrecord
1000
R0DP
  0
XRECORD
  5
10000345
102
{ACAD_REACTORS
330
10000342
102
}
330
10000342
100
AcDbXrecord
 40
2.999999999999995
  0
XRECORD
  5
10000343
102
{ACAD_REACTORS
330
10000342
102
}
330
10000342
100
AcDbXrecord
1000
T0DBhB
  0
XRECORD
  5
10000344
102
{ACAD_REACTORS
330
10000342
102
}
330
10000342
100
AcDbXrecord
1000
S0DCz
  0
XRECORD
  5
10000346
102
{ACAD_REACTORS
330
10000342
102
}
330
10000342
100
AcDbXrecord
1000
R0DP
  0
XRECORD
  5
1000034B
102
{ACAD_REACTORS
330
10000348
102
}
330
10000348
100
AcDbXrecord
 40
1.0
  0
XRECORD
  5
10000349
102
{ACAD_REACTORS
330
10000348
102
}
330
10000348
100
AcDbXrecord
1000
T0DtgB
  0
XRECORD
  5
1000034A
102
{ACAD_REACTORS
330
10000348
102
}
330
10000348
100
AcDbXrecord
1000
S0DCz
  0
XRECORD
  5
1000034C
102
{ACAD_REACTORS
330
10000348
102
}
330
10000348
100
AcDbXrecord
1000
R0DP
  0
XRECORD
  5
10000351
102
{ACAD_REACTORS
330
1000034E
102
}
330
1000034E
100
AcDbXrecord
 40
3.0
  0
XRECORD
  5
1000034F
102
{ACAD_REACTORS
330
1000034E
102
}
330
1000034E
100
AcDbXrecord
1000
T0D9gB
  0
XRECORD
  5
10000350
102
{ACAD_REACTORS
330
1000034E
102
}
330
1000034E
100
AcDbXrecord
1000
S0DCz
  0
XRECORD
  5
10000352
102
{ACAD_REACTORS
330
1000034E
102
}
330
1000034E
100
AcDbXrecord
1000
R0DP
  0
XRECORD
  5
10000355
102
{ACAD_REACTORS
330
10000354
102
}
330
10000354
100
AcDbXrecord
1000
T0DlgB
  0
XRECORD
  5
10000356
102
{ACAD_REACTORS
330
10000354
102
}
330
10000354
100
AcDbXrecord
1000
R0DP
  0
XRECORD
  5
1000035B
102
{ACAD_REACTORS
330
10000358
102
}
330
10000358
100
AcDbXrecord
 40
2.999999999999994
  0
XRECORD
  5
10000359
102
{ACAD_REACTORS
330
10000358
102
}
330
10000358
100
AcDbXrecord
1000
T0DZhB
  0
XRECORD
  5
1000035A
102
{ACAD_REACTORS
330
10000358
102
}
330
10000358
100
AcDbXrecord
1000
S0DCz
  0
XRECORD
  5
1000035C
102
{ACAD_REACTORS
330
10000358
102
}
330
10000358
100
AcDbXrecord
1000
R0DP
  0
XRECORD
  5
10000361
102
{ACAD_REACTORS
330
1000035E
102
}
330
1000035E
100
AcDbXrecord
 40
1.0
  0
XRECORD
  5
1000035F
102
{ACAD_REACTORS
330
1000035E
102
}
330
1000035E
100
AcDbXrecord
1000
T0D5gB
  0
XRECORD
  5
10000360
102
{ACAD_REACTORS
330
1000035E
102
}
330
1000035E
100
AcDbXrecord
1000
S0DCz
  0
XRECORD
  5
10000362
102
{ACAD_REACTORS
330
1000035E
102
}
330
1000035E
100
AcDbXrecord
1000
R0DP
  0
XRECORD
  5
10000367
102
{ACAD_REACTORS
330
10000364
102
}
330
10000364
100
AcDbXrecord
 40
2.999999999999993
  0
XRECORD
  5
10000365
102
{ACAD_REACTORS
330
10000364
102
}
330
10000364
100
AcDbXrecord
1000
T0DVhB
  0
XRECORD
  5
10000366
102
{ACAD_REACTORS
330
10000364
102
}
330
10000364
100
AcDbXrecord
1000
S0DCz
  0
XRECORD
  5
10000368
102
{ACAD_REACTORS
330
10000364
102
}
330
10000364
100
AcDbXrecord
1000
R0DP
  0
XRECORD
  5
1000036B
102
{ACAD_REACTORS
330
1000036A
102
}
330
1000036A
100
AcDbXrecord
1000
T0DhgB
  0
XRECORD
  5
1000036C
102
{ACAD_REACTORS
330
1000036A
102
}
330
1000036A
100
AcDbXrecord
1000
R0DP
  0
XRECORD
  5
10000371
102
{ACAD_REACTORS
330
1000036E
102
}
330
1000036E
100
AcDbXrecord
 40
2.99999999999999
  0
XRECORD
  5
1000036F
102
{ACAD_REACTORS
330
1000036E
102
}
330
1000036E
100
AcDbXrecord
1000
T0DRhB
  0
XRECORD
  5
10000370
102
{ACAD_REACTORS
330
1000036E
102
}
330
1000036E
100
AcDbXrecord
1000
S0DCz
  0
XRECORD
  5
10000372
102
{ACAD_REACTORS
330
1000036E
102
}
330
1000036E
100
AcDbXrecord
1000
R0DP
  0
XRECORD
  5
10000377
102
{ACAD_REACTORS
330
10000374
102
}
330
10000374
100
AcDbXrecord
 40
0.9999999999999996
  0
XRECORD
  5
10000375
102
{ACAD_REACTORS
330
10000374
102
}
330
10000374
100
AcDbXrecord
1000
T0D1gB
  0
XRECORD
  5
10000376
102
{ACAD_REACTORS
330
10000374
102
}
330
10000374
100
AcDbXrecord
1000
S0DCz
  0
XRECORD
  5
10000378
102
{ACAD_REACTORS
330
10000374
102
}
330
10000374
100
AcDbXrecord
1000
R0DP
  0
XRECORD
  5
1000037D
102
{ACAD_REACTORS
330
1000037A
102
}
330
1000037A
100
AcDbXrecord
 40
3.000000000000027
  0
XRECORD
  5
1000037B
102
{ACAD_REACTORS
330
1000037A
102
}
330
1000037A
100
AcDbXrecord
1000
T0DNhB
  0
XRECORD
  5
1000037C
102
{ACAD_REACTORS
330
1000037A
102
}
330
1000037A
100
AcDbXrecord
1000
S0DCz
  0
XRECORD
  5
1000037E
102
{ACAD_REACTORS
330
1000037A
102
}
330
1000037A
100
AcDbXrecord
1000
R0DP
  0
XRECORD
  5
10000381
102
{ACAD_REACTORS
330
10000380
102
}
330
10000380
100
AcDbXrecord
1000
T0DpgB
  0
XRECORD
  5
10000382
102
{ACAD_REACTORS
330
10000380
102
}
330
10000380
100
AcDbXrecord
1000
R0DP
  0
XRECORD
  5
10000387
102
{ACAD_REACTORS
330
10000384
102
}
330
10000384
100
AcDbXrecord
 40
2.999999999999987
  0
XRECORD
  5
10000385
102
{ACAD_REACTORS
330
10000384
102
}
330
10000384
100
AcDbXrecord
1000
T0DJhB
  0
XRECORD
  5
10000386
102
{ACAD_REACTORS
330
10000384
102
}
330
10000384
100
AcDbXrecord
1000
S0DCz
  0
XRECORD
  5
10000388
102
{ACAD_REACTORS
330
10000384
102
}
330
10000384
100
AcDbXrecord
1000
R0DP
  0
XRECORD
  5
1000038D
102
{ACAD_REACTORS
330
1000038A
102
}
330
1000038A
100
AcDbXrecord
 40
1.0
  0
XRECORD
  5
1000038B
102
{ACAD_REACTORS
330
1000038A
102
}
330
1000038A
100
AcDbXrecord
1000
T0DxjB
  0
XRECORD
  5
1000038C
102
{ACAD_REACTORS
330
1000038A
102
}
330
1000038A
100
AcDbXrecord
1000
S0DCz
  0
XRECORD
  5
1000038E
102
{ACAD_REACTORS
330
1000038A
102
}
330
1000038A
100
AcDbXrecord
1000
R0DP
  0
XRECORD
  5
10000393
102
{ACAD_REACTORS
330
10000390
102
}
330
10000390
100
AcDbXrecord
 40
2.999999999999992
  0
XRECORD
  5
10000391
102
{ACAD_REACTORS
330
10000390
102
}
330
10000390
100
AcDbXrecord
1000
T0DFkB
  0
XRECORD
  5
10000392
102
{ACAD_REACTORS
330
10000390
102
}
330
10000390
100
AcDbXrecord
1000
S0DCz
  0
XRECORD
  5
10000394
102
{ACAD_REACTORS
330
10000390
102
}
330
10000390
100
AcDbXrecord
1000
R0DP
  0
XRECORD
  5
10000397
102
{ACAD_REACTORS
330
10000396
102
}
330
10000396
100
AcDbXrecord
1000
T0DdjB
  0
XRECORD
  5
10000398
102
{ACAD_REACTORS
330
10000396
102
}
330
10000396
100
AcDbXrecord
1000
R0DP
  0
XRECORD
  5
1000039D
102
{ACAD_REACTORS
330
1000039A
102
}
330
1000039A
100
AcDbXrecord
 40
2.999999999999995
  0
XRECORD
  5
1000039B
102
{ACAD_REACTORS
330
1000039A
102
}
330
1000039A
100
AcDbXrecord
1000
T0DBkB
  0
XRECORD
  5
1000039C
102
{ACAD_REACTORS
330
1000039A
102
}
330
1000039A
100
AcDbXrecord
1000
S0DCz
  0
XRECORD
  5
1000039E
102
{ACAD_REACTORS
330
1000039A
102
}
330
1000039A
100
AcDbXrecord
1000
R0DP
  0
XRECORD
  5
100003A3
102
{ACAD_REACTORS
330
100003A0
102
}
330
100003A0
100
AcDbXrecord
 40
1.0
  0
XRECORD
  5
100003A1
102
{ACAD_REACTORS
330
100003A0
102
}
330
100003A0
100
AcDbXrecord
1000
T0DtjB
  0
XRECORD
  5
100003A2
102
{ACAD_REACTORS
330
100003A0
102
}
330
100003A0
100
AcDbXrecord
1000
S0DCz
  0
XRECORD
  5
100003A4
102
{ACAD_REACTORS
330
100003A0
102
}
330
100003A0
100
AcDbXrecord
1000
R0DP
  0
XRECORD
  5
100003A9
102
{ACAD_REACTORS
330
100003A6
102
}
330
100003A6
100
AcDbXrecord
 40
3.0
  0
XRECORD
  5
100003A7
102
{ACAD_REACTORS
330
100003A6
102
}
330
100003A6
100
AcDbXrecord
1000
T0D9jB
  0
XRECORD
  5
100003A8
102
{ACAD_REACTORS
330
100003A6
102
}
330
100003A6
100
AcDbXrecord
1000
S0DCz
  0
XRECORD
  5
100003AA
102
{ACAD_REACTORS
330
100003A6
102
}
330
100003A6
100
AcDbXrecord
1000
R0DP
  0
XRECORD
  5
100003AD
102
{ACAD_REACTORS
330
100003AC
102
}
330
100003AC
100
AcDbXrecord
1000
T0DljB
  0
XRECORD
  5
100003AE
102
{ACAD_REACTORS
330
100003AC
102
}
330
100003AC
100
AcDbXrecord
1000
R0DP
  0
XRECORD
  5
100003B3
102
{ACAD_REACTORS
330
100003B0
102
}
330
100003B0
100
AcDbXrecord
 40
2.999999999999994
  0
XRECORD
  5
100003B1
102
{ACAD_REACTORS
330
100003B0
102
}
330
100003B0
100
AcDbXrecord
1000
T0DZkB
  0
XRECORD
  5
100003B2
102
{ACAD_REACTORS
330
100003B0
102
}
330
100003B0
100
AcDbXrecord
1000
S0DCz
  0
XRECORD
  5
100003B4
102
{ACAD_REACTORS
330
100003B0
102
}
330
100003B0
100
AcDbXrecord
1000
R0DP
  0
XRECORD
  5
100003B9
102
{ACAD_REACTORS
330
100003B6
102
}
330
100003B6
100
AcDbXrecord
 40
1.0
  0
XRECORD
  5
100003B7
102
{ACAD_REACTORS
330
100003B6
102
}
330
100003B6
100
AcDbXrecord
1000
T0D5jB
  0
XRECORD
  5
100003B8
102
{ACAD_REACTORS
330
100003B6
102
}
330
100003B6
100
AcDbXrecord
1000
S0DCz
  0
XRECORD
  5
100003BA
102
{ACAD_REACTORS
330
100003B6
102
}
330
100003B6
100
AcDbXrecord
1000
R0DP
  0
XRECORD
  5
100003BF
102
{ACAD_REACTORS
330
100003BC
102
}
330
100003BC
100
AcDbXrecord
 40
2.999999999999993
  0
XRECORD
  5
100003BD
102
{ACAD_REACTORS
330
100003BC
102
}
330
100003BC
100
AcDbXrecord
1000
T0DVkB
  0
XRECORD
  5
100003BE
102
{ACAD_REACTORS
330
100003BC
102
}
330
100003BC
100
AcDbXrecord
1000
S0DCz
  0
XRECORD
  5
100003C0
102
{ACAD_REACTORS
330
100003BC
102
}
330
100003BC
100
AcDbXrecord
1000
R0DP
  0
XRECORD
  5
100003C3
102
{ACAD_REACTORS
330
100003C2
102
}
330
100003C2
100
AcDbXrecord
1000
T0DhjB
  0
XRECORD
  5
100003C4
102
{ACAD_REACTORS
330
100003C2
102
}
330
100003C2
100
AcDbXrecord
1000
R0DP
  0
XRECORD
  5
100003C9
102
{ACAD_REACTORS
330
100003C6
102
}
330
100003C6
100
AcDbXrecord
 40
2.99999999999999
  0
XRECORD
  5
100003C7
102
{ACAD_REACTORS
330
100003C6
102
}
330
100003C6
100
AcDbXrecord
1000
T0DRkB
  0
XRECORD
  5
100003C8
102
{ACAD_REACTORS
330
100003C6
102
}
330
100003C6
100
AcDbXrecord
1000
S0DCz
  0
XRECORD
  5
100003CA
102
{ACAD_REACTORS
330
100003C6
102
}
330
100003C6
100
AcDbXrecord
1000
R0DP
  0
XRECORD
  5
100003CF
102
{ACAD_REACTORS
330
100003CC
102
}
330
100003CC
100
AcDbXrecord
 40
0.9999999999999996
  0
XRECORD
  5
100003CD
102
{ACAD_REACTORS
330
100003CC
102
}
330
100003CC
100
AcDbXrecord
1000
T0D1jB
  0
XRECORD
  5
100003CE
102
{ACAD_REACTORS
330
100003CC
102
}
330
100003CC
100
AcDbXrecord
1000
S0DCz
  0
XRECORD
  5
100003D0
102
{ACAD_REACTORS
330
100003CC
102
}
330
100003CC
100
AcDbXrecord
1000
R0DP
  0
XRECORD
  5
100003D5
102
{ACAD_REACTORS
330
100003D2
102
}
330
100003D2
100
AcDbXrecord
 40
3.000000000000027
  0
XRECORD
  5
100003D3
102
{ACAD_REACTORS
330
100003D2
102
}
330
100003D2
100
AcDbXrecord
1000
T0DNkB
  0
XRECORD
  5
100003D4
102
{ACAD_REACTORS
330
100003D2
102
}
330
100003D2
100
AcDbXrecord
1000
S0DCz
  0
XRECORD
  5
100003D6
102
{ACAD_REACTORS
330
100003D2
102
}
330
100003D2
100
AcDbXrecord
1000
R0DP
  0
XRECORD
  5
100003D9
102
{ACAD_REACTORS
330
100003D8
102
}
330
100003D8
100
AcDbXrecord
1000
T0DpjB
  0
XRECORD
  5
100003DA
102
{ACAD_REACTORS
330
100003D8
102
}
330
100003D8
100
AcDbXrecord
1000
R0DP
  0
XRECORD
  5
100003DF
102
{ACAD_REACTORS
330
100003DC
102
}
330
100003DC
100
AcDbXrecord
 40
2.999999999999987
  0
XRECORD
  5
100003DD
102
{ACAD_REACTORS
330
100003DC
102
}
330
100003DC
100
AcDbXrecord
1000
T0DJkB
  0
XRECORD
  5
100003DE
102
{ACAD_REACTORS
330
100003DC
102
}
330
100003DC
100
AcDbXrecord
1000
S0DCz
  0
XRECORD
  5
100003E0
102
{ACAD_REACTORS
330
100003DC
102
}
330
100003DC
100
AcDbXrecord
1000
R0DP
  0
XRECORD
  5
100003E5
102
{ACAD_REACTORS
330
100003E2
102
}
330
100003E2
100
AcDbXrecord
 40
1.0
  0
XRECORD
  5
100003E3
102
{ACAD_REACTORS
330
100003E2
102
}
330
100003E2
100
AcDbXrecord
1000
T0DxmB
  0
XRECORD
  5
100003E4
102
{ACAD_REACTORS
330
100003E2
102
}
330
100003E2
100
AcDbXrecord
1000
S0DCz
  0
XRECORD
  5
100003E6
102
{ACAD_REACTORS
330
100003E2
102
}
330
100003E2
100
AcDbXrecord
1000
R0DP
  0
XRECORD
  5
100003EB
102
{ACAD_REACTORS
330
100003E8
102
}
330
100003E8
100
AcDbXrecord
 40
2.999999999999992
  0
XRECORD
  5
100003E9
102
{ACAD_REACTORS
330
100003E8
102
}
330
100003E8
100
AcDbXrecord
1000
T0DFnB
  0
XRECORD
  5
100003EA
102
{ACAD_REACTORS
330
100003E8
102
}
330
100003E8
100
AcDbXrecord
1000
S0DCz
  0
XRECORD
  5
100003EC
102
{ACAD_REACTORS
330
100003E8
102
}
330
100003E8
100
AcDbXrecord
1000
R0DP
  0
XRECORD
  5
100003EF
102
{ACAD_REACTORS
330
100003EE
102
}
330
100003EE
100
AcDbXrecord
1000
T0DdmB
  0
XRECORD
  5
100003F0
102
{ACAD_REACTORS
330
100003EE
102
}
330
100003EE
100
AcDbXrecord
1000
R0DP
  0
XRECORD
  5
100003F5
102
{ACAD_REACTORS
330
100003F2
102
}
330
100003F2
100
AcDbXrecord
 40
2.999999999999995
  0
XRECORD
  5
100003F3
102
{ACAD_REACTORS
330
100003F2
102
}
330
100003F2
100
AcDbXrecord
1000
T0DBnB
  0
XRECORD
  5
100003F4
102
{ACAD_REACTORS
330
100003F2
102
}
330
100003F2
100
AcDbXrecord
1000
S0DCz
  0
XRECORD
  5
100003F6
102
{ACAD_REACTORS
330
100003F2
102
}
330
100003F2
100
AcDbXrecord
1000
R0DP
  0
XRECORD
  5
100003FB
102
{ACAD_REACTORS
330
100003F8
102
}
330
100003F8
100
AcDbXrecord
 40
1.0
  0
XRECORD
  5
100003F9
102
{ACAD_REACTORS
330
100003F8
102
}
330
100003F8
100
AcDbXrecord
1000
T0DtmB
  0
XRECORD
  5
100003FA
102
{ACAD_REACTORS
330
100003F8
102
}
330
100003F8
100
AcDbXrecord
1000
S0DCz
  0
XRECORD
  5
100003FC
102
{ACAD_REACTORS
330
100003F8
102
}
330
100003F8
100
AcDbXrecord
1000
R0DP
  0
XRECORD
  5
10000401
102
{ACAD_REACTORS
330
100003FE
102
}
330
100003FE
100
AcDbXrecord
 40
3.0
  0
XRECORD
  5
100003FF
102
{ACAD_REACTORS
330
100003FE
102
}
330
100003FE
100
AcDbXrecord
1000
T0D9mB
  0
XRECORD
  5
10000400
102
{ACAD_REACTORS
330
100003FE
102
}
330
100003FE
100
AcDbXrecord
1000
S0DCz
  0
XRECORD
  5
10000402
102
{ACAD_REACTORS
330
100003FE
102
}
330
100003FE
100
AcDbXrecord
1000
R0DP
  0
XRECORD
  5
10000405
102
{ACAD_REACTORS
330
10000404
102
}
330
10000404
100
AcDbXrecord
1000
T0DlmB
  0
XRECORD
  5
10000406
102
{ACAD_REACTORS
330
10000404
102
}
330
10000404
100
AcDbXrecord
1000
R0DP
  0
XRECORD
  5
1000040B
102
{ACAD_REACTORS
330
10000408
102
}
330
10000408
100
AcDbXrecord
 40
2.999999999999994
  0
XRECORD
  5
10000409
102
{ACAD_REACTORS
330
10000408
102
}
330
10000408
100
AcDbXrecord
1000
T0DZnB
  0
XRECORD
  5
1000040A
102
{ACAD_REACTORS
330
10000408
102
}
330
10000408
100
AcDbXrecord
1000
S0DCz
  0
XRECORD
  5
1000040C
102
{ACAD_REACTORS
330
10000408
102
}
330
10000408
100
AcDbXrecord
1000
R0DP
  0
XRECORD
  5
10000411
102
{ACAD_REACTORS
330
1000040E
102
}
330
1000040E
100
AcDbXrecord
 40
1.0
  0
XRECORD
  5
1000040F
102
{ACAD_REACTORS
330
1000040E
102
}
330
1000040E
100
AcDbXrecord
1000
T0D5mB
  0
XRECORD
  5
10000410
102
{ACAD_REACTORS
330
1000040E
102
}
330
1000040E
100
AcDbXrecord
1000
S0DCz
  0
XRECORD
  5
10000412
102
{ACAD_REACTORS
330
1000040E
102
}
330
1000040E
100
AcDbXrecord
1000
R0DP
  0
XRECORD
  5
10000417
102
{ACAD_REACTORS
330
10000414
102
}
330
10000414
100
AcDbXrecord
 40
2.999999999999993
  0
XRECORD
  5
10000415
102
{ACAD_REACTORS
330
10000414
102
}
330
10000414
100
AcDbXrecord
1000
T0DVnB
  0
XRECORD
  5
10000416
102
{ACAD_REACTORS
330
10000414
102
}
330
10000414
100
AcDbXrecord
1000
S0DCz
  0
XRECORD
  5
10000418
102
{ACAD_REACTORS
330
10000414
102
}
330
10000414
100
AcDbXrecord
1000
R0DP
  0
XRECORD
  5
1000041B
102
{ACAD_REACTORS
330
1000041A
102
}
330
1000041A
100
AcDbXrecord
1000
T0DhmB
  0
XRECORD
  5
1000041C
102
{ACAD_REACTORS
330
1000041A
102
}
330
1000041A
100
AcDbXrecord
1000
R0DP
  0
XRECORD
  5
10000421
102
{ACAD_REACTORS
330
1000041E
102
}
330
1000041E
100
AcDbXrecord
 40
2.99999999999999
  0
XRECORD
  5
1000041F
102
{ACAD_REACTORS
330
1000041E
102
}
330
1000041E
100
AcDbXrecord
1000
T0DRnB
  0
XRECORD
  5
10000420
102
{ACAD_REACTORS
330
1000041E
102
}
330
1000041E
100
AcDbXrecord
1000
S0DCz
  0
XRECORD
  5
10000422
102
{ACAD_REACTORS
330
1000041E
102
}
330
1000041E
100
AcDbXrecord
1000
R0DP
  0
XRECORD
  5
10000427
102
{ACAD_REACTORS
330
10000424
102
}
330
10000424
100
AcDbXrecord
 40
0.9999999999999996
  0
XRECORD
  5
10000425
102
{ACAD_REACTORS
330
10000424
102
}
330
10000424
100
AcDbXrecord
1000
T0D1mB
  0
XRECORD
  5
10000426
102
{ACAD_REACTORS
330
10000424
102
}
330
10000424
100
AcDbXrecord
1000
S0DCz
  0
XRECORD
  5
10000428
102
{ACAD_REACTORS
330
10000424
102
}
330
10000424
100
AcDbXrecord
1000
R0DP
  0
XRECORD
  5
1000042D
102
{ACAD_REACTORS
330
1000042A
102
}
330
1000042A
100
AcDbXrecord
 40
3.000000000000027
  0
XRECORD
  5
1000042B
102
{ACAD_REACTORS
330
1000042A
102
}
330
1000042A
100
AcDbXrecord
1000
T0DNnB
  0
XRECORD
  5
1000042C
102
{ACAD_REACTORS
330
1000042A
102
}
330
1000042A
100
AcDbXrecord
1000
S0DCz
  0
XRECORD
  5
1000042E
102
{ACAD_REACTORS
330
1000042A
102
}
330
1000042A
100
AcDbXrecord
1000
R0DP
  0
XRECORD
  5
10000431
102
{ACAD_REACTORS
330
10000430
102
}
330
10000430
100
AcDbXrecord
1000
T0DpmB
  0
XRECORD
  5
10000432
102
{ACAD_REACTORS
330
10000430
102
}
330
10000430
100
AcDbXrecord
1000
R0DP
  0
XRECORD
  5
10000437
102
{ACAD_REACTORS
330
10000434
102
}
330
10000434
100
AcDbXrecord
 40
2.999999999999987
  0
XRECORD
  5
10000435
102
{ACAD_REACTORS
330
10000434
102
}
330
10000434
100
AcDbXrecord
1000
T0DJnB
  0
XRECORD
  5
10000436
102
{ACAD_REACTORS
330
10000434
102
}
330
10000434
100
AcDbXrecord
1000
S0DCz
  0
XRECORD
  5
10000438
102
{ACAD_REACTORS
330
10000434
102
}
330
10000434
100
AcDbXrecord
1000
R0DP
  0
XRECORD
  5
1000043D
102
{ACAD_REACTORS
330
1000043A
102
}
330
1000043A
100
AcDbXrecord
 40
1.0
  0
XRECORD
  5
1000043B
102
{ACAD_REACTORS
330
1000043A
102
}
330
1000043A
100
AcDbXrecord
1000
T0DxpB
  0
XRECORD
  5
1000043C
102
{ACAD_REACTORS
330
1000043A
102
}
330
1000043A
100
AcDbXrecord
1000
S0DCz
  0
XRECORD
  5
1000043E
102
{ACAD_REACTORS
330
1000043A
102
}
330
1000043A
100
AcDbXrecord
1000
R0DP
  0
XRECORD
  5
10000443
102
{ACAD_REACTORS
330
10000440
102
}
330
10000440
100
AcDbXrecord
 40
2.999999999999992
  0
XRECORD
  5
10000441
102
{ACAD_REACTORS
330
10000440
102
}
330
10000440
100
AcDbXrecord
1000
T0DFqB
  0
XRECORD
  5
10000442
102
{ACAD_REACTORS
330
10000440
102
}
330
10000440
100
AcDbXrecord
1000
S0DCz
  0
XRECORD
  5
10000444
102
{ACAD_REACTORS
330
10000440
102
}
330
10000440
100
AcDbXrecord
1000
R0DP
  0
XRECORD
  5
10000447
102
{ACAD_REACTORS
330
10000446
102
}
330
10000446
100
AcDbXrecord
1000
T0DdpB
  0
XRECORD
  5
10000448
102
{ACAD_REACTORS
330
10000446
102
}
330
10000446
100
AcDbXrecord
1000
R0DP
  0
XRECORD
  5
1000044D
102
{ACAD_REACTORS
330
1000044A
102
}
330
1000044A
100
AcDbXrecord
 40
2.999999999999995
  0
XRECORD
  5
1000044B
102
{ACAD_REACTORS
330
1000044A
102
}
330
1000044A
100
AcDbXrecord
1000
T0DBqB
  0
XRECORD
  5
1000044C
102
{ACAD_REACTORS
330
1000044A
102
}
330
1000044A
100
AcDbXrecord
1000
S0DCz
  0
XRECORD
  5
1000044E
102
{ACAD_REACTORS
330
1000044A
102
}
330
1000044A
100
AcDbXrecord
1000
R0DP
  0
XRECORD
  5
10000453
102
{ACAD_REACTORS
330
10000450
102
}
330
10000450
100
AcDbXrecord
 40
1.0
  0
XRECORD
  5
10000451
102
{ACAD_REACTORS
330
10000450
102
}
330
10000450
100
AcDbXrecord
1000
T0DtpB
  0
XRECORD
  5
10000452
102
{ACAD_REACTORS
330
10000450
102
}
330
10000450
100
AcDbXrecord
1000
S0DCz
  0
XRECORD
  5
10000454
102
{ACAD_REACTORS
330
10000450
102
}
330
10000450
100
AcDbXrecord
1000
R0DP
  0
XRECORD
  5
10000459
102
{ACAD_REACTORS
330
10000456
102
}
330
10000456
100
AcDbXrecord
 40
3.0
  0
XRECORD
  5
10000457
102
{ACAD_REACTORS
330
10000456
102
}
330
10000456
100
AcDbXrecord
1000
T0D9pB
  0
XRECORD
  5
10000458
102
{ACAD_REACTORS
330
10000456
102
}
330
10000456
100
AcDbXrecord
1000
S0DCz
  0
XRECORD
  5
1000045A
102
{ACAD_REACTORS
330
10000456
102
}
330
10000456
100
AcDbXrecord
1000
R0DP
  0
XRECORD
  5
1000045D
102
{ACAD_REACTORS
330
1000045C
102
}
330
1000045C
100
AcDbXrecord
1000
T0DlpB
  0
XRECORD
  5
1000045E
102
{ACAD_REACTORS
330
1000045C
102
}
330
1000045C
100
AcDbXrecord
1000
R0DP
  0
XRECORD
  5
10000463
102
{ACAD_REACTORS
330
10000460
102
}
330
10000460
100
AcDbXrecord
 40
2.999999999999994
  0
XRECORD
  5
10000461
102
{ACAD_REACTORS
330
10000460
102
}
330
10000460
100
AcDbXrecord
1000
T0DZqB
  0
XRECORD
  5
10000462
102
{ACAD_REACTORS
330
10000460
102
}
330
10000460
100
AcDbXrecord
1000
S0DCz
  0
XRECORD
  5
10000464
102
{ACAD_REACTORS
330
10000460
102
}
330
10000460
100
AcDbXrecord
1000
R0DP
  0
XRECORD
  5
10000469
102
{ACAD_REACTORS
330
10000466
102
}
330
10000466
100
AcDbXrecord
 40
1.0
  0
XRECORD
  5
10000467
102
{ACAD_REACTORS
330
10000466
102
}
330
10000466
100
AcDbXrecord
1000
T0D5pB
  0
XRECORD
  5
10000468
102
{ACAD_REACTORS
330
10000466
102
}
330
10000466
100
AcDbXrecord
1000
S0DCz
  0
XRECORD
  5
1000046A
102
{ACAD_REACTORS
330
10000466
102
}
330
10000466
100
AcDbXrecord
1000
R0DP
  0
XRECORD
  5
1000046F
102
{ACAD_REACTORS
330
1000046C
102
}
330
1000046C
100
AcDbXrecord
 40
2.999999999999993
  0
XRECORD
  5
1000046D
102
{ACAD_REACTORS
330
1000046C
102
}
330
1000046C
100
AcDbXrecord
1000
T0DVqB
  0
XRECORD
  5
1000046E
102
{ACAD_REACTORS
330
1000046C
102
}
330
1000046C
100
AcDbXrecord
1000
S0DCz
  0
XRECORD
  5
10000470
102
{ACAD_REACTORS
330
1000046C
102
}
330
1000046C
100
AcDbXrecord
1000
R0DP
  0
XRECORD
  5
10000473
102
{ACAD_REACTORS
330
10000472
102
}
330
10000472
100
AcDbXrecord
1000
T0DhpB
  0
XRECORD
  5
10000474
102
{ACAD_REACTORS
330
10000472
102
}
330
10000472
100
AcDbXrecord
1000
R0DP
  0
XRECORD
  5
10000479
102
{ACAD_REACTORS
330
10000476
102
}
330
10000476
100
AcDbXrecord
 40
2.99999999999999
  0
XRECORD
  5
10000477
102
{ACAD_REACTORS
330
10000476
102
}
330
10000476
100
AcDbXrecord
1000
T0DRqB
  0
XRECORD
  5
10000478
102
{ACAD_REACTORS
330
10000476
102
}
330
10000476
100
AcDbXrecord
1000
S0DCz
  0
XRECORD
  5
1000047A
102
{ACAD_REACTORS
330
10000476
102
}
330
10000476
100
AcDbXrecord
1000
R0DP
  0
XRECORD
  5
1000047F
102
{ACAD_REACTORS
330
1000047C
102
}
330
1000047C
100
AcDbXrecord
 40
0.9999999999999996
  0
XRECORD
  5
1000047D
102
{ACAD_REACTORS
330
1000047C
102
}
330
1000047C
100
AcDbXrecord
1000
T0D1pB
  0
XRECORD
  5
1000047E
102
{ACAD_REACTORS
330
1000047C
102
}
330
1000047C
100
AcDbXrecord
1000
S0DCz
  0
XRECORD
  5
10000480
102
{ACAD_REACTORS
330
1000047C
102
}
330
1000047C
100
AcDbXrecord
1000
R0DP
  0
XRECORD
  5
10000485
102
{ACAD_REACTORS
330
10000482
102
}
330
10000482
100
AcDbXrecord
 40
3.000000000000027
  0
XRECORD
  5
10000483
102
{ACAD_REACTORS
330
10000482
102
}
330
10000482
100
AcDbXrecord
1000
T0DNqB
  0
XRECORD
  5
10000484
102
{ACAD_REACTORS
330
10000482
102
}
330
10000482
100
AcDbXrecord
1000
S0DCz
  0
XRECORD
  5
10000486
102
{ACAD_REACTORS
330
10000482
102
}
330
10000482
100
AcDbXrecord
1000
R0DP
  0
XRECORD
  5
10000489
102
{ACAD_REACTORS
330
10000488
102
}
330
10000488
100
AcDbXrecord
1000
T0DppB
  0
XRECORD
  5
1000048A
102
{ACAD_REACTORS
330
10000488
102
}
330
10000488
100
AcDbXrecord
1000
R0DP
  0
XRECORD
  5
1000048F
102
{ACAD_REACTORS
330
1000048C
102
}
330
1000048C
100
AcDbXrecord
 40
2.999999999999987
  0
XRECORD
  5
1000048D
102
{ACAD_REACTORS
330
1000048C
102
}
330
1000048C
100
AcDbXrecord
1000
T0DJqB
  0
XRECORD
  5
1000048E
102
{ACAD_REACTORS
330
1000048C
102
}
330
1000048C
100
AcDbXrecord
1000
S0DCz
  0
XRECORD
  5
10000490
102
{ACAD_REACTORS
330
1000048C
102
}
330
1000048C
100
AcDbXrecord
1000
R0DP
  0
XRECORD
  5
10000495
102
{ACAD_REACTORS
330
10000492
102
}
330
10000492
100
AcDbXrecord
 40
1.0
  0
XRECORD
  5
10000493
102
{ACAD_REACTORS
330
10000492
102
}
330
10000492
100
AcDbXrecord
1000
T0DxsB
  0
XRECORD
  5
10000494
102
{ACAD_REACTORS
330
10000492
102
}
330
10000492
100
AcDbXrecord
1000
S0DCz
  0
XRECORD
  5
10000496
102
{ACAD_REACTORS
330
10000492
102
}
330
10000492
100
AcDbXrecord
1000
R0DP
  0
XRECORD
  5
1000049B
102
{ACAD_REACTORS
330
10000498
102
}
330
10000498
100
AcDbXrecord
 40
2.999999999999992
  0
XRECORD
  5
10000499
102
{ACAD_REACTORS
330
10000498
102
}
330
10000498
100
AcDbXrecord
1000
T0DFtB
  0
XRECORD
  5
1000049A
102
{ACAD_REACTORS
330
10000498
102
}
330
10000498
100
AcDbXrecord
1000
S0DCz
  0
XRECORD
  5
1000049C
102
{ACAD_REACTORS
330
10000498
102
}
330
10000498
100
AcDbXrecord
1000
R0DP
  0
XRECORD
  5
1000049F
102
{ACAD_REACTORS
330
1000049E
102
}
330
1000049E
100
AcDbXrecord
1000
T0DdsB
  0
XRECORD
  5
100004A0
102
{ACAD_REACTORS
330
1000049E
102
}
330
1000049E
100
AcDbXrecord
1000
R0DP
  0
XRECORD
  5
100004A5
102
{ACAD_REACTORS
330
100004A2
102
}
330
100004A2
100
AcDbXrecord
 40
2.999999999999995
  0
XRECORD
  5
100004A3
102
{ACAD_REACTORS
330
100004A2
102
}
330
100004A2
100
AcDbXrecord
1000
T0DBtB
  0
XRECORD
  5
100004A4
102
{ACAD_REACTORS
330
100004A2
102
}
330
100004A2
100
AcDbXrecord
1000
S0DCz
  0
XRECORD
  5
100004A6
102
{ACAD_REACTORS
330
100004A2
102
}
330
100004A2
100
AcDbXrecord
1000
R0DP
  0
XRECORD
  5
100004AB
102
{ACAD_REACTORS
330
100004A8
102
}
330
100004A8
100
AcDbXrecord
 40
1.0
  0
XRECORD
  5
100004A9
102
{ACAD_REACTORS
330
100004A8
102
}
330
100004A8
100
AcDbXrecord
1000
T0DtsB
  0
XRECORD
  5
100004AA
102
{ACAD_REACTORS
330
100004A8
102
}
330
100004A8
100
AcDbXrecord
1000
S0DCz
  0
XRECORD
  5
100004AC
102
{ACAD_REACTORS
330
100004A8
102
}
330
100004A8
100
AcDbXrecord
1000
R0DP
  0
XRECORD
  5
100004B1
102
{ACAD_REACTORS
330
100004AE
102
}
330
100004AE
100
AcDbXrecord
 40
3.0
  0
XRECORD
  5
100004AF
102
{ACAD_REACTORS
330
100004AE
102
}
330
100004AE
100
AcDbXrecord
1000
T0D9sB
  0
XRECORD
  5
100004B0
102
{ACAD_REACTORS
330
100004AE
102
}
330
100004AE
100
AcDbXrecord
1000
S0DCz
  0
XRECORD
  5
100004B2
102
{ACAD_REACTORS
330
100004AE
102
}
330
100004AE
100
AcDbXrecord
1000
R0DP
  0
XRECORD
  5
100004B5
102
{ACAD_REACTORS
330
100004B4
102
}
330
100004B4
100
AcDbXrecord
1000
T0DlsB
  0
XRECORD
  5
100004B6
102
{ACAD_REACTORS
330
100004B4
102
}
330
100004B4
100
AcDbXrecord
1000
R0DP
  0
XRECORD
  5
100004BB
102
{ACAD_REACTORS
330
100004B8
102
}
330
100004B8
100
AcDbXrecord
 40
2.999999999999994
  0
XRECORD
  5
100004B9
102
{ACAD_REACTORS
330
100004B8
102
}
330
100004B8
100
AcDbXrecord
1000
T0DZtB
  0
XRECORD
  5
100004BA
102
{ACAD_REACTORS
330
100004B8
102
}
330
100004B8
100
AcDbXrecord
1000
S0DCz
  0
XRECORD
  5
100004BC
102
{ACAD_REACTORS
330
100004B8
102
}
330
100004B8
100
AcDbXrecord
1000
R0DP
  0
XRECORD
  5
100004C1
102
{ACAD_REACTORS
330
100004BE
102
}
330
100004BE
100
AcDbXrecord
 40
1.0
  0
XRECORD
  5
100004BF
102
{ACAD_REACTORS
330
100004BE
102
}
330
100004BE
100
AcDbXrecord
1000
T0D5sB
  0
XRECORD
  5
100004C0
102
{ACAD_REACTORS
330
100004BE
102
}
330
100004BE
100
AcDbXrecord
1000
S0DCz
  0
XRECORD
  5
100004C2
102
{ACAD_REACTORS
330
100004BE
102
}
330
100004BE
100
AcDbXrecord
1000
R0DP
  0
XRECORD
  5
100004C7
102
{ACAD_REACTORS
330
100004C4
102
}
330
100004C4
100
AcDbXrecord
 40
2.999999999999993
  0
XRECORD
  5
100004C5
102
{ACAD_REACTORS
330
100004C4
102
}
330
100004C4
100
AcDbXrecord
1000
T0DVtB
  0
XRECORD
  5
100004C6
102
{ACAD_REACTORS
330
100004C4
102
}
330
100004C4
100
AcDbXrecord
1000
S0DCz
  0
XRECORD
  5
100004C8
102
{ACAD_REACTORS
330
100004C4
102
}
330
100004C4
100
AcDbXrecord
1000
R0DP
  0
XRECORD
  5
100004CB
102
{ACAD_REACTORS
330
100004CA
102
}
330
100004CA
100
AcDbXrecord
1000
T0DhsB
  0
XRECORD
  5
100004CC
102
{ACAD_REACTORS
330
100004CA
102
}
330
100004CA
100
AcDbXrecord
1000
R0DP
  0
XRECORD
  5
100004D1
102
{ACAD_REACTORS
330
100004CE
102
}
330
100004CE
100
AcDbXrecord
 40
2.99999999999999
  0
XRECORD
  5
100004CF
102
{ACAD_REACTORS
330
100004CE
102
}
330
100004CE
100
AcDbXrecord
1000
T0DRtB
  0
XRECORD
  5
100004D0
102
{ACAD_REACTORS
330
100004CE
102
}
330
100004CE
100
AcDbXrecord
1000
S0DCz
  0
XRECORD
  5
100004D2
102
{ACAD_REACTORS
330
100004CE
102
}
330
100004CE
100
AcDbXrecord
1000
R0DP
  0
XRECORD
  5
100004D7
102
{ACAD_REACTORS
330
100004D4
102
}
330
100004D4
100
AcDbXrecord
 40
0.9999999999999996
  0
XRECORD
  5
100004D5
102
{ACAD_REACTORS
330
100004D4
102
}
330
100004D4
100
AcDbXrecord
1000
T0D1sB
  0
XRECORD
  5
100004D6
102
{ACAD_REACTORS
330
100004D4
102
}
330
100004D4
100
AcDbXrecord
1000
S0DCz
  0
XRECORD
  5
100004D8
102
{ACAD_REACTORS
330
100004D4
102
}
330
100004D4
100
AcDbXrecord
1000
R0DP
  0
XRECORD
  5
100004DD
102
{ACAD_REACTORS
330
100004DA
102
}
330
100004DA
100
AcDbXrecord
 40
3.000000000000027
  0
XRECORD
  5
100004DB
102
{ACAD_REACTORS
330
100004DA
102
}
330
100004DA
100
AcDbXrecord
1000
T0DNtB
  0
XRECORD
  5
100004DC
102
{ACAD_REACTORS
330
100004DA
102
}
330
100004DA
100
AcDbXrecord
1000
S0DCz
  0
XRECORD
  5
100004DE
102
{ACAD_REACTORS
330
100004DA
102
}
330
100004DA
100
AcDbXrecord
1000
R0DP
  0
XRECORD
  5
100004E1
102
{ACAD_REACTORS
330
100004E0
102
}
330
100004E0
100
AcDbXrecord
1000
T0DpsB
  0
XRECORD
  5
100004E2
102
{ACAD_REACTORS
330
100004E0
102
}
330
100004E0
100
AcDbXrecord
1000
R0DP
  0
XRECORD
  5
100004E7
102
{ACAD_REACTORS
330
100004E4
102
}
330
100004E4
100
AcDbXrecord
 40
2.999999999999987
  0
XRECORD
  5
100004E5
102
{ACAD_REACTORS
330
100004E4
102
}
330
100004E4
100
AcDbXrecord
1000
T0DJtB
  0
XRECORD
  5
100004E6
102
{ACAD_REACTORS
330
100004E4
102
}
330
100004E4
100
AcDbXrecord
1000
S0DCz
  0
XRECORD
  5
100004E8
102
{ACAD_REACTORS
330
100004E4
102
}
330
100004E4
100
AcDbXrecord
1000
R0DP
  0
XRECORD
  5
100004ED
102
{ACAD_REACTORS
330
100004EA
102
}
330
100004EA
100
AcDbXrecord
 40
1.0
  0
XRECORD
  5
100004EB
102
{ACAD_REACTORS
330
100004EA
102
}
330
100004EA
100
AcDbXrecord
1000
T0DxvB
  0
XRECORD
  5
100004EC
102
{ACAD_REACTORS
330
100004EA
102
}
330
100004EA
100
AcDbXrecord
1000
S0DCz
  0
XRECORD
  5
100004EE
102
{ACAD_REACTORS
330
100004EA
102
}
330
100004EA
100
AcDbXrecord
1000
R0DP
  0
XRECORD
  5
100004F3
102
{ACAD_REACTORS
330
100004F0
102
}
330
100004F0
100
AcDbXrecord
 40
2.999999999999992
  0
XRECORD
  5
100004F1
102
{ACAD_REACTORS
330
100004F0
102
}
330
100004F0
100
AcDbXrecord
1000
T0DFwB
  0
XRECORD
  5
100004F2
102
{ACAD_REACTORS
330
100004F0
102
}
330
100004F0
100
AcDbXrecord
1000
S0DCz
  0
XRECORD
  5
100004F4
102
{ACAD_REACTORS
330
100004F0
102
}
330
100004F0
100
AcDbXrecord
1000
R0DP
  0
XRECORD
  5
100004F7
102
{ACAD_REACTORS
330
100004F6
102
}
330
100004F6
100
AcDbXrecord
1000
T0DdvB
  0
XRECORD
  5
100004F8
102
{ACAD_REACTORS
330
100004F6
102
}
330
100004F6
100
AcDbXrecord
1000
R0DP
  0
XRECORD
  5
100004FD
102
{ACAD_REACTORS
330
100004FA
102
}
330
100004FA
100
AcDbXrecord
 40
2.999999999999995
  0
XRECORD
  5
100004FB
102
{ACAD_REACTORS
330
100004FA
102
}
330
100004FA
100
AcDbXrecord
1000
T0DBwB
  0
XRECORD
  5
100004FC
102
{ACAD_REACTORS
330
100004FA
102
}
330
100004FA
100
AcDbXrecord
1000
S0DCz
  0
XRECORD
  5
100004FE
102
{ACAD_REACTORS
330
100004FA
102
}
330
100004FA
100
AcDbXrecord
1000
R0DP
  0
XRECORD
  5
10000503
102
{ACAD_REACTORS
330
10000500
102
}
330
10000500
100
AcDbXrecord
 40
1.0
  0
XRECORD
  5
10000501
102
{ACAD_REACTORS
330
10000500
102
}
330
10000500
100
AcDbXrecord
1000
T0DtvB
  0
XRECORD
  5
10000502
102
{ACAD_REACTORS
330
10000500
102
}
330
10000500
100
AcDbXrecord
1000
S0DCz
  0
XRECORD
  5
10000504
102
{ACAD_REACTORS
330
10000500
102
}
330
10000500
100
AcDbXrecord
1000
R0DP
  0
XRECORD
  5
10000509
102
{ACAD_REACTORS
330
10000506
102
}
330
10000506
100
AcDbXrecord
 40
3.0
  0
XRECORD
  5
10000507
102
{ACAD_REACTORS
330
10000506
102
}
330
10000506
100
AcDbXrecord
1000
T0D9vB
  0
XRECORD
  5
10000508
102
{ACAD_REACTORS
330
10000506
102
}
330
10000506
100
AcDbXrecord
1000
S0DCz
  0
XRECORD
  5
1000050A
102
{ACAD_REACTORS
330
10000506
102
}
330
10000506
100
AcDbXrecord
1000
R0DP
  0
XRECORD
  5
1000050D
102
{ACAD_REACTORS
330
1000050C
102
}
330
1000050C
100
AcDbXrecord
1000
T0DlvB
  0
XRECORD
  5
1000050E
102
{ACAD_REACTORS
330
1000050C
102
}
330
1000050C
100
AcDbXrecord
1000
R0DP
  0
XRECORD
  5
10000513
102
{ACAD_REACTORS
330
10000510
102
}
330
10000510
100
AcDbXrecord
 40
2.999999999999994
  0
XRECORD
  5
10000511
102
{ACAD_REACTORS
330
10000510
102
}
330
10000510
100
AcDbXrecord
1000
T0DZwB
  0
XRECORD
  5
10000512
102
{ACAD_REACTORS
330
10000510
102
}
330
10000510
100
AcDbXrecord
1000
S0DCz
  0
XRECORD
  5
10000514
102
{ACAD_REACTORS
330
10000510
102
}
330
10000510
100
AcDbXrecord
1000
R0DP
  0
XRECORD
  5
10000519
102
{ACAD_REACTORS
330
10000516
102
}
330
10000516
100
AcDbXrecord
 40
1.0
  0
XRECORD
  5
10000517
102
{ACAD_REACTORS
330
10000516
102
}
330
10000516
100
AcDbXrecord
1000
T0D5vB
  0
XRECORD
  5
10000518
102
{ACAD_REACTORS
330
10000516
102
}
330
10000516
100
AcDbXrecord
1000
S0DCz
  0
XRECORD
  5
1000051A
102
{ACAD_REACTORS
330
10000516
102
}
330
10000516
100
AcDbXrecord
1000
R0DP
  0
XRECORD
  5
1000051F
102
{ACAD_REACTORS
330
1000051C
102
}
330
1000051C
100
AcDbXrecord
 40
2.999999999999993
  0
XRECORD
  5
1000051D
102
{ACAD_REACTORS
330
1000051C
102
}
330
1000051C
100
AcDbXrecord
1000
T0DVwB
  0
XRECORD
  5
1000051E
102
{ACAD_REACTORS
330
1000051C
102
}
330
1000051C
100
AcDbXrecord
1000
S0DCz
  0
XRECORD
  5
10000520
102
{ACAD_REACTORS
330
1000051C
102
}
330
1000051C
100
AcDbXrecord
1000
R0DP
  0
XRECORD
  5
10000523
102
{ACAD_REACTORS
330
10000522
102
}
330
10000522
100
AcDbXrecord
1000
T0DhvB
  0
XRECORD
  5
10000524
102
{ACAD_REACTORS
330
10000522
102
}
330
10000522
100
AcDbXrecord
1000
R0DP
  0
XRECORD
  5
10000529
102
{ACAD_REACTORS
330
10000526
102
}
330
10000526
100
AcDbXrecord
 40
2.99999999999999
  0
XRECORD
  5
10000527
102
{ACAD_REACTORS
330
10000526
102
}
330
10000526
100
AcDbXrecord
1000
T0DRwB
  0
XRECORD
  5
10000528
102
{ACAD_REACTORS
330
10000526
102
}
330
10000526
100
AcDbXrecord
1000
S0DCz
  0
XRECORD
  5
1000052A
102
{ACAD_REACTORS
330
10000526
102
}
330
10000526
100
AcDbXrecord
1000
R0DP
  0
XRECORD
  5
1000052F
102
{ACAD_REACTORS
330
1000052C
102
}
330
1000052C
100
AcDbXrecord
 40
0.9999999999999996
  0
XRECORD
  5
1000052D
102
{ACAD_REACTORS
330
1000052C
102
}
330
1000052C
100
AcDbXrecord
1000
T0D1vB
  0
XRECORD
  5
1000052E
102
{ACAD_REACTORS
330
1000052C
102
}
330
1000052C
100
AcDbXrecord
1000
S0DCz
  0
XRECORD
  5
10000530
102
{ACAD_REACTORS
330
1000052C
102
}
330
1000052C
100
AcDbXrecord
1000
R0DP
  0
XRECORD
  5
10000535
102
{ACAD_REACTORS
330
10000532
102
}
330
10000532
100
AcDbXrecord
 40
3.000000000000027
  0
XRECORD
  5
10000533
102
{ACAD_REACTORS
330
10000532
102
}
330
10000532
100
AcDbXrecord
1000
T0DNwB
  0
XRECORD
  5
10000534
102
{ACAD_REACTORS
330
10000532
102
}
330
10000532
100
AcDbXrecord
1000
S0DCz
  0
XRECORD
  5
10000536
102
{ACAD_REACTORS
330
10000532
102
}
330
10000532
100
AcDbXrecord
1000
R0DP
  0
XRECORD
  5
10000539
102
{ACAD_REACTORS
330
10000538
102
}
330
10000538
100
AcDbXrecord
1000
T0DpvB
  0
XRECORD
  5
1000053A
102
{ACAD_REACTORS
330
10000538
102
}
330
10000538
100
AcDbXrecord
1000
R0DP
  0
XRECORD
  5
1000053F
102
{ACAD_REACTORS
330
1000053C
102
}
330
1000053C
100
AcDbXrecord
 40
2.999999999999987
  0
XRECORD
  5
1000053D
102
{ACAD_REACTORS
330
1000053C
102
}
330
1000053C
100
AcDbXrecord
1000
T0DJwB
  0
XRECORD
  5
1000053E
102
{ACAD_REACTORS
330
1000053C
102
}
330
1000053C
100
AcDbXrecord
1000
S0DCz
  0
XRECORD
  5
10000540
102
{ACAD_REACTORS
330
1000053C
102
}
330
1000053C
100
AcDbXrecord
1000
R0DP
  0
XRECORD
  5
10000545
102
{ACAD_REACTORS
330
10000542
102
}
330
10000542
100
AcDbXrecord
 40
1.0
  0
XRECORD
  5
10000543
102
{ACAD_REACTORS
330
10000542
102
}
330
10000542
100
AcDbXrecord
1000
T0DxyB
  0
XRECORD
  5
10000544
102
{ACAD_REACTORS
330
10000542
102
}
330
10000542
100
AcDbXrecord
1000
S0DCz
  0
XRECORD
  5
10000546
102
{ACAD_REACTORS
330
10000542
102
}
330
10000542
100
AcDbXrecord
1000
R0DP
  0
XRECORD
  5
1000054B
102
{ACAD_REACTORS
330
10000548
102
}
330
10000548
100
AcDbXrecord
 40
2.999999999999992
  0
XRECORD
  5
10000549
102
{ACAD_REACTORS
330
10000548
102
}
330
10000548
100
AcDbXrecord
1000
T0DFzB
  0
XRECORD
  5
1000054A
102
{ACAD_REACTORS
330
10000548
102
}
330
10000548
100
AcDbXrecord
1000
S0DCz
  0
XRECORD
  5
1000054C
102
{ACAD_REACTORS
330
10000548
102
}
330
10000548
100
AcDbXrecord
1000
R0DP
  0
XRECORD
  5
1000054F
102
{ACAD_REACTORS
330
1000054E
102
}
330
1000054E
100
AcDbXrecord
1000
T0DdyB
  0
XRECORD
  5
10000550
102
{ACAD_REACTORS
330
1000054E
102
}
330
1000054E
100
AcDbXrecord
1000
R0DP
  0
XRECORD
  5
10000555
102
{ACAD_REACTORS
330
10000552
102
}
330
10000552
100
AcDbXrecord
 40
2.999999999999995
  0
XRECORD
  5
10000553
102
{ACAD_REACTORS
330
10000552
102
}
330
10000552
100
AcDbXrecord
1000
T0DBzB
  0
XRECORD
  5
10000554
102
{ACAD_REACTORS
330
10000552
102
}
330
10000552
100
AcDbXrecord
1000
S0DCz
  0
XRECORD
  5
10000556
102
{ACAD_REACTORS
330
10000552
102
}
330
10000552
100
AcDbXrecord
1000
R0DP
  0
XRECORD
  5
1000055B
102
{ACAD_REACTORS
330
10000558
102
}
330
10000558
100
AcDbXrecord
 40
1.0
  0
XRECORD
  5
10000559
102
{ACAD_REACTORS
330
10000558
102
}
330
10000558
100
AcDbXrecord
1000
T0DtyB
  0
XRECORD
  5
1000055A
102
{ACAD_REACTORS
330
10000558
102
}
330
10000558
100
AcDbXrecord
1000
S0DCz
  0
XRECORD
  5
1000055C
102
{ACAD_REACTORS
330
10000558
102
}
330
10000558
100
AcDbXrecord
1000
R0DP
  0
XRECORD
  5
10000561
102
{ACAD_REACTORS
330
1000055E
102
}
330
1000055E
100
AcDbXrecord
 40
3.0
  0
XRECORD
  5
1000055F
102
{ACAD_REACTORS
330
1000055E
102
}
330
1000055E
100
AcDbXrecord
1000
T0D9yB
  0
XRECORD
  5
10000560
102
{ACAD_REACTORS
330
1000055E
102
}
330
1000055E
100
AcDbXrecord
1000
S0DCz
  0
XRECORD
  5
10000562
102
{ACAD_REACTORS
330
1000055E
102
}
330
1000055E
100
AcDbXrecord
1000
R0DP
  0
XRECORD
  5
10000565
102
{ACAD_REACTORS
330
10000564
102
}
330
10000564
100
AcDbXrecord
1000
T0DlyB
  0
XRECORD
  5
10000566
102
{ACAD_REACTORS
330
10000564
102
}
330
10000564
100
AcDbXrecord
1000
R0DP
  0
XRECORD
  5
1000056B
102
{ACAD_REACTORS
330
10000568
102
}
330
10000568
100
AcDbXrecord
 40
2.999999999999994
  0
XRECORD
  5
10000569
102
{ACAD_REACTORS
330
10000568
102
}
330
10000568
100
AcDbXrecord
1000
T0DZzB
  0
XRECORD
  5
1000056A
102
{ACAD_REACTORS
330
10000568
102
}
330
10000568
100
AcDbXrecord
1000
S0DCz
  0
XRECORD
  5
1000056C
102
{ACAD_REACTORS
330
10000568
102
}
330
10000568
100
AcDbXrecord
1000
R0DP
  0
XRECORD
  5
10000571
102
{ACAD_REACTORS
330
1000056E
102
}
330
1000056E
100
AcDbXrecord
 40
1.0
  0
XRECORD
  5
1000056F
102
{ACAD_REACTORS
330
1000056E
102
}
330
1000056E
100
AcDbXrecord
1000
T0D5yB
  0
XRECORD
  5
10000570
102
{ACAD_REACTORS
330
1000056E
102
}
330
1000056E
100
AcDbXrecord
1000
S0DCz
  0
XRECORD
  5
10000572
102
{ACAD_REACTORS
330
1000056E
102
}
330
1000056E
100
AcDbXrecord
1000
R0DP
  0
XRECORD
  5
10000577
102
{ACAD_REACTORS
330
10000574
102
}
330
10000574
100
AcDbXrecord
 40
2.999999999999993
  0
XRECORD
  5
10000575
102
{ACAD_REACTORS
330
10000574
102
}
330
10000574
100
AcDbXrecord
1000
T0DVzB
  0
XRECORD
  5
10000576
102
{ACAD_REACTORS
330
10000574
102
}
330
10000574
100
AcDbXrecord
1000
S0DCz
  0
XRECORD
  5
10000578
102
{ACAD_REACTORS
330
10000574
102
}
330
10000574
100
AcDbXrecord
1000
R0DP
  0
XRECORD
  5
1000057B
102
{ACAD_REACTORS
330
1000057A
102
}
330
1000057A
100
AcDbXrecord
1000
T0DhyB
  0
XRECORD
  5
1000057C
102
{ACAD_REACTORS
330
1000057A
102
}
330
1000057A
100
AcDbXrecord
1000
R0DP
  0
XRECORD
  5
10000581
102
{ACAD_REACTORS
330
1000057E
102
}
330
1000057E
100
AcDbXrecord
 40
2.99999999999999
  0
XRECORD
  5
1000057F
102
{ACAD_REACTORS
330
1000057E
102
}
330
1000057E
100
AcDbXrecord
1000
T0DRzB
  0
XRECORD
  5
10000580
102
{ACAD_REACTORS
330
1000057E
102
}
330
1000057E
100
AcDbXrecord
1000
S0DCz
  0
XRECORD
  5
10000582
102
{ACAD_REACTORS
330
1000057E
102
}
330
1000057E
100
AcDbXrecord
1000
R0DP
  0
XRECORD
  5
10000587
102
{ACAD_REACTORS
330
10000584
102
}
330
10000584
100
AcDbXrecord
 40
0.9999999999999996
  0
XRECORD
  5
10000585
102
{ACAD_REACTORS
330
10000584
102
}
330
10000584
100
AcDbXrecord
1000
T0D1yB
  0
XRECORD
  5
10000586
102
{ACAD_REACTORS
330
10000584
102
}
330
10000584
100
AcDbXrecord
1000
S0DCz
  0
XRECORD
  5
10000588
102
{ACAD_REACTORS
330
10000584
102
}
330
10000584
100
AcDbXrecord
1000
R0DP
  0
XRECORD
  5
1000058D
102
{ACAD_REACTORS
330
1000058A
102
}
330
1000058A
100
AcDbXrecord
 40
3.000000000000027
  0
XRECORD
  5
1000058B
102
{ACAD_REACTORS
330
1000058A
102
}
330
1000058A
100
AcDbXrecord
1000
T0DNzB
  0
XRECORD
  5
1000058C
102
{ACAD_REACTORS
330
1000058A
102
}
330
1000058A
100
AcDbXrecord
1000
S0DCz
  0
XRECORD
  5
1000058E
102
{ACAD_REACTORS
330
1000058A
102
}
330
1000058A
100
AcDbXrecord
1000
R0DP
  0
XRECORD
  5
10000591
102
{ACAD_REACTORS
330
10000590
102
}
330
10000590
100
AcDbXrecord
1000
T0DpyB
  0
XRECORD
  5
10000592
102
{ACAD_REACTORS
330
10000590
102
}
330
10000590
100
AcDbXrecord
1000
R0DP
  0
XRECORD
  5
10000597
102
{ACAD_REACTORS
330
10000594
102
}
330
10000594
100
AcDbXrecord
 40
2.999999999999987
  0
XRECORD
  5
10000595
102
{ACAD_REACTORS
330
10000594
102
}
330
10000594
100
AcDbXrecord
1000
T0DJzB
  0
XRECORD
  5
10000596
102
{ACAD_REACTORS
330
10000594
102
}
330
10000594
100
AcDbXrecord
1000
S0DCz
  0
XRECORD
  5
10000598
102
{ACAD_REACTORS
330
10000594
102
}
330
10000594
100
AcDbXrecord
1000
R0DP
  0
XRECORD
  5
1000059D
102
{ACAD_REACTORS
330
1000059A
102
}
330
1000059A
100
AcDbXrecord
 40
1.0
  0
XRECORD
  5
1000059B
102
{ACAD_REACTORS
330
1000059A
102
}
330
1000059A
100
AcDbXrecord
1000
T0Dx1B
  0
XRECORD
  5
1000059C
102
{ACAD_REACTORS
330
1000059A
102
}
330
1000059A
100
AcDbXrecord
1000
S0DCz
  0
XRECORD
  5
1000059E
102
{ACAD_REACTORS
330
1000059A
102
}
330
1000059A
100
AcDbXrecord
1000
R0DP
  0
XRECORD
  5
100005A3
102
{ACAD_REACTORS
330
100005A0
102
}
330
100005A0
100
AcDbXrecord
 40
2.999999999999992
  0
XRECORD
  5
100005A1
102
{ACAD_REACTORS
330
100005A0
102
}
330
100005A0
100
AcDbXrecord
1000
T0DF2B
  0
XRECORD
  5
100005A2
102
{ACAD_REACTORS
330
100005A0
102
}
330
100005A0
100
AcDbXrecord
1000
S0DCz
  0
XRECORD
  5
100005A4
102
{ACAD_REACTORS
330
100005A0
102
}
330
100005A0
100
AcDbXrecord
1000
R0DP
  0
XRECORD
  5
100005A7
102
{ACAD_REACTORS
330
100005A6
102
}
330
100005A6
100
AcDbXrecord
1000
T0Dd1B
  0
XRECORD
  5
100005A8
102
{ACAD_REACTORS
330
100005A6
102
}
330
100005A6
100
AcDbXrecord
1000
R0DP
  0
XRECORD
  5
100005AD
102
{ACAD_REACTORS
330
100005AA
102
}
330
100005AA
100
AcDbXrecord
 40
2.999999999999995
  0
XRECORD
  5
100005AB
102
{ACAD_REACTORS
330
100005AA
102
}
330
100005AA
100
AcDbXrecord
1000
T0DB2B
  0
XRECORD
  5
100005AC
102
{ACAD_REACTORS
330
100005AA
102
}
330
100005AA
100
AcDbXrecord
1000
S0DCz
  0
XRECORD
  5
100005AE
102
{ACAD_REACTORS
330
100005AA
102
}
330
100005AA
100
AcDbXrecord
1000
R0DP
  0
XRECORD
  5
100005B3
102
{ACAD_REACTORS
330
100005B0
102
}
330
100005B0
100
AcDbXrecord
 40
1.0
  0
XRECORD
  5
100005B1
102
{ACAD_REACTORS
330
100005B0
102
}
330
100005B0
100
AcDbXrecord
1000
T0Dt1B
  0
XRECORD
  5
100005B2
102
{ACAD_REACTORS
330
100005B0
102
}
330
100005B0
100
AcDbXrecord
1000
S0DCz
  0
XRECORD
  5
100005B4
102
{ACAD_REACTORS
330
100005B0
102
}
330
100005B0
100
AcDbXrecord
1000
R0DP
  0
XRECORD
  5
100005B9
102
{ACAD_REACTORS
330
100005B6
102
}
330
100005B6
100
AcDbXrecord
 40
3.0
  0
XRECORD
  5
100005B7
102
{ACAD_REACTORS
330
100005B6
102
}
330
100005B6
100
AcDbXrecord
1000
T0D91B
  0
XRECORD
  5
100005B8
102
{ACAD_REACTORS
330
100005B6
102
}
330
100005B6
100
AcDbXrecord
1000
S0DCz
  0
XRECORD
  5
100005BA
102
{ACAD_REACTORS
330
100005B6
102
}
330
100005B6
100
AcDbXrecord
1000
R0DP
  0
XRECORD
  5
100005BD
102
{ACAD_REACTORS
330
100005BC
102
}
330
100005BC
100
AcDbXrecord
1000
T0Dl1B
  0
XRECORD
  5
100005BE
102
{ACAD_REACTORS
330
100005BC
102
}
330
100005BC
100
AcDbXrecord
1000
R0DP
  0
XRECORD
  5
100005C3
102
{ACAD_REACTORS
330
100005C0
102
}
330
100005C0
100
AcDbXrecord
 40
2.999999999999994
  0
XRECORD
  5
100005C1
102
{ACAD_REACTORS
330
100005C0
102
}
330
100005C0
100
AcDbXrecord
1000
T0DZ2B
  0
XRECORD
  5
100005C2
102
{ACAD_REACTORS
330
100005C0
102
}
330
100005C0
100
AcDbXrecord
1000
S0DCz
  0
XRECORD
  5
100005C4
102
{ACAD_REACTORS
330
100005C0
102
}
330
100005C0
100
AcDbXrecord
1000
R0DP
  0
XRECORD
  5
100005C9
102
{ACAD_REACTORS
330
100005C6
102
}
330
100005C6
100
AcDbXrecord
 40
1.0
  0
XRECORD
  5
100005C7
102
{ACAD_REACTORS
330
100005C6
102
}
330
100005C6
100
AcDbXrecord
1000
T0D51B
  0
XRECORD
  5
100005C8
102
{ACAD_REACTORS
330
100005C6
102
}
330
100005C6
100
AcDbXrecord
1000
S0DCz
  0
XRECORD
  5
100005CA
102
{ACAD_REACTORS
330
100005C6
102
}
330
100005C6
100
AcDbXrecord
1000
R0DP
  0
XRECORD
  5
100005CF
102
{ACAD_REACTORS
330
100005CC
102
}
330
100005CC
100
AcDbXrecord
 40
2.999999999999993
  0
XRECORD
  5
100005CD
102
{ACAD_REACTORS
330
100005CC
102
}
330
100005CC
100
AcDbXrecord
1000
T0DV2B
  0
XRECORD
  5
100005CE
102
{ACAD_REACTORS
330
100005CC
102
}
330
100005CC
100
AcDbXrecord
1000
S0DCz
  0
XRECORD
  5
100005D0
102
{ACAD_REACTORS
330
100005CC
102
}
330
100005CC
100
AcDbXrecord
1000
R0DP
  0
XRECORD
  5
100005D3
102
{ACAD_REACTORS
330
100005D2
102
}
330
100005D2
100
AcDbXrecord
1000
T0Dh1B
  0
XRECORD
  5
100005D4
102
{ACAD_REACTORS
330
100005D2
102
}
330
100005D2
100
AcDbXrecord
1000
R0DP
  0
XRECORD
  5
100005D9
102
{ACAD_REACTORS
330
100005D6
102
}
330
100005D6
100
AcDbXrecord
 40
2.99999999999999
  0
XRECORD
  5
100005D7
102
{ACAD_REACTORS
330
100005D6
102
}
330
100005D6
100
AcDbXrecord
1000
T0DR2B
  0
XRECORD
  5
100005D8
102
{ACAD_REACTORS
330
100005D6
102
}
330
100005D6
100
AcDbXrecord
1000
S0DCz
  0
XRECORD
  5
100005DA
102
{ACAD_REACTORS
330
100005D6
102
}
330
100005D6
100
AcDbXrecord
1000
R0DP
  0
XRECORD
  5
100005DF
102
{ACAD_REACTORS
330
100005DC
102
}
330
100005DC
100
AcDbXrecord
 40
0.9999999999999996
  0
XRECORD
  5
100005DD
102
{ACAD_REACTORS
330
100005DC
102
}
330
100005DC
100
AcDbXrecord
1000
T0D11B
  0
XRECORD
  5
100005DE
102
{ACAD_REACTORS
330
100005DC
102
}
330
100005DC
100
AcDbXrecord
1000
S0DCz
  0
XRECORD
  5
100005E0
102
{ACAD_REACTORS
330
100005DC
102
}
330
100005DC
100
AcDbXrecord
1000
R0DP
  0
XRECORD
  5
100005E5
102
{ACAD_REACTORS
330
100005E2
102
}
330
100005E2
100
AcDbXrecord
 40
3.000000000000027
  0
XRECORD
  5
100005E3
102
{ACAD_REACTORS
330
100005E2
102
}
330
100005E2
100
AcDbXrecord
1000
T0DN2B
  0
XRECORD
  5
100005E4
102
{ACAD_REACTORS
330
100005E2
102
}
330
100005E2
100
AcDbXrecord
1000
S0DCz
  0
XRECORD
  5
100005E6
102
{ACAD_REACTORS
330
100005E2
102
}
330
100005E2
100
AcDbXrecord
1000
R0DP
  0
XRECORD
  5
100005E9
102
{ACAD_REACTORS
330
100005E8
102
}
330
100005E8
100
AcDbXrecord
1000
T0Dp1B
  0
XRECORD
  5
100005EA
102
{ACAD_REACTORS
330
100005E8
102
}
330
100005E8
100
AcDbXrecord
1000
R0DP
  0
XRECORD
  5
100005EF
102
{ACAD_REACTORS
330
100005EC
102
}
330
100005EC
100
AcDbXrecord
 40
2.999999999999987
  0
XRECORD
  5
100005ED
102
{ACAD_REACTORS
330
100005EC
102
}
330
100005EC
100
AcDbXrecord
1000
T0DJ2B
  0
XRECORD
  5
100005EE
102
{ACAD_REACTORS
330
100005EC
102
}
330
100005EC
100
AcDbXrecord
1000
S0DCz
  0
XRECORD
  5
100005F0
102
{ACAD_REACTORS
330
100005EC
102
}
330
100005EC
100
AcDbXrecord
1000
R0DP
  0
XRECORD
  5
100005F5
102
{ACAD_REACTORS
330
100005F2
102
}
330
100005F2
100
AcDbXrecord
 40
1.0
  0
XRECORD
  5
100005F3
102
{ACAD_REACTORS
330
100005F2
102
}
330
100005F2
100
AcDbXrecord
1000
T0Dx4B
  0
XRECORD
  5
100005F4
102
{ACAD_REACTORS
330
100005F2
102
}
330
100005F2
100
AcDbXrecord
1000
S0DCz
  0
XRECORD
  5
100005F6
102
{ACAD_REACTORS
330
100005F2
102
}
330
100005F2
100
AcDbXrecord
1000
R0DP
  0
XRECORD
  5
100005FB
102
{ACAD_REACTORS
330
100005F8
102
}
330
100005F8
100
AcDbXrecord
 40
2.999999999999992
  0
XRECORD
  5
100005F9
102
{ACAD_REACTORS
330
100005F8
102
}
330
100005F8
100
AcDbXrecord
1000
T0DF5B
  0
XRECORD
  5
100005FA
102
{ACAD_REACTORS
330
100005F8
102
}
330
100005F8
100
AcDbXrecord
1000
S0DCz
  0
XRECORD
  5
100005FC
102
{ACAD_REACTORS
330
100005F8
102
}
330
100005F8
100
AcDbXrecord
1000
R0DP
  0
XRECORD
  5
100005FF
102
{ACAD_REACTORS
330
100005FE
102
}
330
100005FE
100
AcDbXrecord
1000
T0Dd4B
  0
XRECORD
  5
10000600
102
{ACAD_REACTORS
330
100005FE
102
}
330
100005FE
100
AcDbXrecord
1000
R0DP
  0
XRECORD
  5
10000605
102
{ACAD_REACTORS
330
10000602
102
}
330
10000602
100
AcDbXrecord
 40
2.999999999999995
  0
XRECORD
  5
10000603
102
{ACAD_REACTORS
330
10000602
102
}
330
10000602
100
AcDbXrecord
1000
T0DB5B
  0
XRECORD
  5
10000604
102
{ACAD_REACTORS
330
10000602
102
}
330
10000602
100
AcDbXrecord
1000
S0DCz
  0
XRECORD
  5
10000606
102
{ACAD_REACTORS
330
10000602
102
}
330
10000602
100
AcDbXrecord
1000
R0DP
  0
XRECORD
  5
1000060B
102
{ACAD_REACTORS
330
10000608
102
}
330
10000608
100
AcDbXrecord
 40
1.0
  0
XRECORD
  5
10000609
102
{ACAD_REACTORS
330
10000608
102
}
330
10000608
100
AcDbXrecord
1000
T0Dt4B
  0
XRECORD
  5
1000060A
102
{ACAD_REACTORS
330
10000608
102
}
330
10000608
100
AcDbXrecord
1000
S0DCz
  0
XRECORD
  5
1000060C
102
{ACAD_REACTORS
330
10000608
102
}
330
10000608
100
AcDbXrecord
1000
R0DP
  0
XRECORD
  5
10000611
102
{ACAD_REACTORS
330
1000060E
102
}
330
1000060E
100
AcDbXrecord
 40
3.0
  0
XRECORD
  5
1000060F
102
{ACAD_REACTORS
330
1000060E
102
}
330
1000060E
100
AcDbXrecord
1000
T0D94B
  0
XRECORD
  5
10000610
102
{ACAD_REACTORS
330
1000060E
102
}
330
1000060E
100
AcDbXrecord
1000
S0DCz
  0
XRECORD
  5
10000612
102
{ACAD_REACTORS
330
1000060E
102
}
330
1000060E
100
AcDbXrecord
1000
R0DP
  0
XRECORD
  5
10000615
102
{ACAD_REACTORS
330
10000614
102
}
330
10000614
100
AcDbXrecord
1000
T0Dl4B
  0
XRECORD
  5
10000616
102
{ACAD_REACTORS
330
10000614
102
}
330
10000614
100
AcDbXrecord
1000
R0DP
  0
XRECORD
  5
1000061B
102
{ACAD_REACTORS
330
10000618
102
}
330
10000618
100
AcDbXrecord
 40
2.999999999999994
  0
XRECORD
  5
10000619
102
{ACAD_REACTORS
330
10000618
102
}
330
10000618
100
AcDbXrecord
1000
T0DZ5B
  0
XRECORD
  5
1000061A
102
{ACAD_REACTORS
330
10000618
102
}
330
10000618
100
AcDbXrecord
1000
S0DCz
  0
XRECORD
  5
1000061C
102
{ACAD_REACTORS
330
10000618
102
}
330
10000618
100
AcDbXrecord
1000
R0DP
  0
XRECORD
  5
10000621
102
{ACAD_REACTORS
330
1000061E
102
}
330
1000061E
100
AcDbXrecord
 40
1.0
  0
XRECORD
  5
1000061F
102
{ACAD_REACTORS
330
1000061E
102
}
330
1000061E
100
AcDbXrecord
1000
T0D54B
  0
XRECORD
  5
10000620
102
{ACAD_REACTORS
330
1000061E
102
}
330
1000061E
100
AcDbXrecord
1000
S0DCz
  0
XRECORD
  5
10000622
102
{ACAD_REACTORS
330
1000061E
102
}
330
1000061E
100
AcDbXrecord
1000
R0DP
  0
XRECORD
  5
10000627
102
{ACAD_REACTORS
330
10000624
102
}
330
10000624
100
AcDbXrecord
 40
2.999999999999993
  0
XRECORD
  5
10000625
102
{ACAD_REACTORS
330
10000624
102
}
330
10000624
100
AcDbXrecord
1000
T0DV5B
  0
XRECORD
  5
10000626
102
{ACAD_REACTORS
330
10000624
102
}
330
10000624
100
AcDbXrecord
1000
S0DCz
  0
XRECORD
  5
10000628
102
{ACAD_REACTORS
330
10000624
102
}
330
10000624
100
AcDbXrecord
1000
R0DP
  0
XRECORD
  5
1000062B
102
{ACAD_REACTORS
330
1000062A
102
}
330
1000062A
100
AcDbXrecord
1000
T0Dh4B
  0
XRECORD
  5
1000062C
102
{ACAD_REACTORS
330
1000062A
102
}
330
1000062A
100
AcDbXrecord
1000
R0DP
  0
XRECORD
  5
10000631
102
{ACAD_REACTORS
330
1000062E
102
}
330
1000062E
100
AcDbXrecord
 40
2.99999999999999
  0
XRECORD
  5
1000062F
102
{ACAD_REACTORS
330
1000062E
102
}
330
1000062E
100
AcDbXrecord
1000
T0DR5B
  0
XRECORD
  5
10000630
102
{ACAD_REACTORS
330
1000062E
102
}
330
1000062E
100
AcDbXrecord
1000
S0DCz
  0
XRECORD
  5
10000632
102
{ACAD_REACTORS
330
1000062E
102
}
330
1000062E
100
AcDbXrecord
1000
R0DP
  0
XRECORD
  5
10000637
102
{ACAD_REACTORS
330
10000634
102
}
330
10000634
100
AcDbXrecord
 40
0.9999999999999996
  0
XRECORD
  5
10000635
102
{ACAD_REACTORS
330
10000634
102
}
330
10000634
100
AcDbXrecord
1000
T0D14B
  0
XRECORD
  5
10000636
102
{ACAD_REACTORS
330
10000634
102
}
330
10000634
100
AcDbXrecord
1000
S0DCz
  0
XRECORD
  5
10000638
102
{ACAD_REACTORS
330
10000634
102
}
330
10000634
100
AcDbXrecord
1000
R0DP
  0
XRECORD
  5
1000063D
102
{ACAD_REACTORS
330
1000063A
102
}
330
1000063A
100
AcDbXrecord
 40
3.000000000000027
  0
XRECORD
  5
1000063B
102
{ACAD_REACTORS
330
1000063A
102
}
330
1000063A
100
AcDbXrecord
1000
T0DN5B
  0
XRECORD
  5
1000063C
102
{ACAD_REACTORS
330
1000063A
102
}
330
1000063A
100
AcDbXrecord
1000
S0DCz
  0
XRECORD
  5
1000063E
102
{ACAD_REACTORS
330
1000063A
102
}
330
1000063A
100
AcDbXrecord
1000
R0DP
  0
XRECORD
  5
10000641
102
{ACAD_REACTORS
330
10000640
102
}
330
10000640
100
AcDbXrecord
1000
T0Dp4B
  0
XRECORD
  5
10000642
102
{ACAD_REACTORS
330
10000640
102
}
330
10000640
100
AcDbXrecord
1000
R0DP
  0
XRECORD
  5
10000647
102
{ACAD_REACTORS
330
10000644
102
}
330
10000644
100
AcDbXrecord
 40
2.999999999999987
  0
XRECORD
  5
10000645
102
{ACAD_REACTORS
330
10000644
102
}
330
10000644
100
AcDbXrecord
1000
T0DJ5B
  0
XRECORD
  5
10000646
102
{ACAD_REACTORS
330
10000644
102
}
330
10000644
100
AcDbXrecord
1000
S0DCz
  0
XRECORD
  5
10000648
102
{ACAD_REACTORS
330
10000644
102
}
330
10000644
100
AcDbXrecord
1000
R0DP
  0
XRECORD
  5
1000064D
102
{ACAD_REACTORS
330
1000064A
102
}
330
1000064A
100
AcDbXrecord
 40
1.0
  0
XRECORD
  5
1000064B
102
{ACAD_REACTORS
330
1000064A
102
}
330
1000064A
100
AcDbXrecord
1000
T0Dx7B
  0
XRECORD
  5
1000064C
102
{ACAD_REACTORS
330
1000064A
102
}
330
1000064A
100
AcDbXrecord
1000
S0DCz
  0
XRECORD
  5
1000064E
102
{ACAD_REACTORS
330
1000064A
102
}
330
1000064A
100
AcDbXrecord
1000
R0DP
  0
XRECORD
  5
10000653
102
{ACAD_REACTORS
330
10000650
102
}
330
10000650
100
AcDbXrecord
 40
2.999999999999992
  0
XRECORD
  5
10000651
102
{ACAD_REACTORS
330
10000650
102
}
330
10000650
100
AcDbXrecord
1000
T0DF8B
  0
XRECORD
  5
10000652
102
{ACAD_REACTORS
330
10000650
102
}
330
10000650
100
AcDbXrecord
1000
S0DCz
  0
XRECORD
  5
10000654
102
{ACAD_REACTORS
330
10000650
102
}
330
10000650
100
AcDbXrecord
1000
R0DP
  0
XRECORD
  5
10000657
102
{ACAD_REACTORS
330
10000656
102
}
330
10000656
100
AcDbXrecord
1000
T0Dd7B
  0
XRECORD
  5
10000658
102
{ACAD_REACTORS
330
10000656
102
}
330
10000656
100
AcDbXrecord
1000
R0DP
  0
XRECORD
  5
1000065D
102
{ACAD_REACTORS
330
1000065A
102
}
330
1000065A
100
AcDbXrecord
 40
2.999999999999995
  0
XRECORD
  5
1000065B
102
{ACAD_REACTORS
330
1000065A
102
}
330
1000065A
100
AcDbXrecord
1000
T0DB8B
  0
XRECORD
  5
1000065C
102
{ACAD_REACTORS
330
1000065A
102
}
330
1000065A
100
AcDbXrecord
1000
S0DCz
  0
XRECORD
  5
1000065E
102
{ACAD_REACTORS
330
1000065A
102
}
330
1000065A
100
AcDbXrecord
1000
R0DP
  0
XRECORD
  5
10000663
102
{ACAD_REACTORS
330
10000660
102
}
330
10000660
100
AcDbXrecord
 40
1.0
  0
XRECORD
  5
10000661
102
{ACAD_REACTORS
330
10000660
102
}
330
10000660
100
AcDbXrecord
1000
T0Dt7B
  0
XRECORD
  5
10000662
102
{ACAD_REACTORS
330
10000660
102
}
330
10000660
100
AcDbXrecord
1000
S0DCz
  0
XRECORD
  5
10000664
102
{ACAD_REACTORS
330
10000660
102
}
330
10000660
100
AcDbXrecord
1000
R0DP
  0
XRECORD
  5
10000669
102
{ACAD_REACTORS
330
10000666
102
}
330
10000666
100
AcDbXrecord
 40
3.0
  0
XRECORD
  5
10000667
102
{ACAD_REACTORS
330
10000666
102
}
330
10000666
100
AcDbXrecord
1000
T0D97B
  0
XRECORD
  5
10000668
102
{ACAD_REACTORS
330
10000666
102
}
330
10000666
100
AcDbXrecord
1000
S0DCz
  0
XRECORD
  5
1000066A
102
{ACAD_REACTORS
330
10000666
102
}
330
10000666
100
AcDbXrecord
1000
R0DP
  0
XRECORD
  5
1000066D
102
{ACAD_REACTORS
330
1000066C
102
}
330
1000066C
100
AcDbXrecord
1000
T0Dl7B
  0
XRECORD
  5
1000066E
102
{ACAD_REACTORS
330
1000066C
102
}
330
1000066C
100
AcDbXrecord
1000
R0DP
  0
XRECORD
  5
10000673
102
{ACAD_REACTORS
330
10000670
102
}
330
10000670
100
AcDbXrecord
 40
2.999999999999994
  0
XRECORD
  5
10000671
102
{ACAD_REACTORS
330
10000670
102
}
330
10000670
100
AcDbXrecord
1000
T0DZ8B
  0
XRECORD
  5
10000672
102
{ACAD_REACTORS
330
10000670
102
}
330
10000670
100
AcDbXrecord
1000
S0DCz
  0
XRECORD
  5
10000674
102
{ACAD_REACTORS
330
10000670
102
}
330
10000670
100
AcDbXrecord
1000
R0DP
  0
XRECORD
  5
10000679
102
{ACAD_REACTORS
330
10000676
102
}
330
10000676
100
AcDbXrecord
 40
1.0
  0
XRECORD
  5
10000677
102
{ACAD_REACTORS
330
10000676
102
}
330
10000676
100
AcDbXrecord
1000
T0D57B
  0
XRECORD
  5
10000678
102
{ACAD_REACTORS
330
10000676
102
}
330
10000676
100
AcDbXrecord
1000
S0DCz
  0
XRECORD
  5
1000067A
102
{ACAD_REACTORS
330
10000676
102
}
330
10000676
100
AcDbXrecord
1000
R0DP
  0
XRECORD
  5
1000067F
102
{ACAD_REACTORS
330
1000067C
102
}
330
1000067C
100
AcDbXrecord
 40
2.999999999999993
  0
XRECORD
  5
1000067D
102
{ACAD_REACTORS
330
1000067C
102
}
330
1000067C
100
AcDbXrecord
1000
T0DV8B
  0
XRECORD
  5
1000067E
102
{ACAD_REACTORS
330
1000067C
102
}
330
1000067C
100
AcDbXrecord
1000
S0DCz
  0
XRECORD
  5
10000680
102
{ACAD_REACTORS
330
1000067C
102
}
330
1000067C
100
AcDbXrecord
1000
R0DP
  0
XRECORD
  5
10000683
102
{ACAD_REACTORS
330
10000682
102
}
330
10000682
100
AcDbXrecord
1000
T0Dh7B
  0
XRECORD
  5
10000684
102
{ACAD_REACTORS
330
10000682
102
}
330
10000682
100
AcDbXrecord
1000
R0DP
  0
XRECORD
  5
10000689
102
{ACAD_REACTORS
330
10000686
102
}
330
10000686
100
AcDbXrecord
 40
2.99999999999999
  0
XRECORD
  5
10000687
102
{ACAD_REACTORS
330
10000686
102
}
330
10000686
100
AcDbXrecord
1000
T0DR8B
  0
XRECORD
  5
10000688
102
{ACAD_REACTORS
330
10000686
102
}
330
10000686
100
AcDbXrecord
1000
S0DCz
  0
XRECORD
  5
1000068A
102
{ACAD_REACTORS
330
10000686
102
}
330
10000686
100
AcDbXrecord
1000
R0DP
  0
XRECORD
  5
1000068F
102
{ACAD_REACTORS
330
1000068C
102
}
330
1000068C
100
AcDbXrecord
 40
0.9999999999999996
  0
XRECORD
  5
1000068D
102
{ACAD_REACTORS
330
1000068C
102
}
330
1000068C
100
AcDbXrecord
1000
T0D17B
  0
XRECORD
  5
1000068E
102
{ACAD_REACTORS
330
1000068C
102
}
330
1000068C
100
AcDbXrecord
1000
S0DCz
  0
XRECORD
  5
10000690
102
{ACAD_REACTORS
330
1000068C
102
}
330
1000068C
100
AcDbXrecord
1000
R0DP
  0
XRECORD
  5
10000695
102
{ACAD_REACTORS
330
10000692
102
}
330
10000692
100
AcDbXrecord
 40
3.000000000000027
  0
XRECORD
  5
10000693
102
{ACAD_REACTORS
330
10000692
102
}
330
10000692
100
AcDbXrecord
1000
T0DN8B
  0
XRECORD
  5
10000694
102
{ACAD_REACTORS
330
10000692
102
}
330
10000692
100
AcDbXrecord
1000
S0DCz
  0
XRECORD
  5
10000696
102
{ACAD_REACTORS
330
10000692
102
}
330
10000692
100
AcDbXrecord
1000
R0DP
  0
XRECORD
  5
10000699
102
{ACAD_REACTORS
330
10000698
102
}
330
10000698
100
AcDbXrecord
1000
T0Dp7B
  0
XRECORD
  5
1000069A
102
{ACAD_REACTORS
330
10000698
102
}
330
10000698
100
AcDbXrecord
1000
R0DP
  0
XRECORD
  5
1000069F
102
{ACAD_REACTORS
330
1000069C
102
}
330
1000069C
100
AcDbXrecord
 40
2.999999999999987
  0
XRECORD
  5
1000069D
102
{ACAD_REACTORS
330
1000069C
102
}
330
1000069C
100
AcDbXrecord
1000
T0DJ8B
  0
XRECORD
  5
1000069E
102
{ACAD_REACTORS
330
1000069C
102
}
330
1000069C
100
AcDbXrecord
1000
S0DCz
  0
XRECORD
  5
100006A0
102
{ACAD_REACTORS
330
1000069C
102
}
330
1000069C
100
AcDbXrecord
1000
R0DP
  0
XRECORD
  5
100006A5
102
{ACAD_REACTORS
330
100006A2
102
}
330
100006A2
100
AcDbXrecord
 40
1.0
  0
XRECORD
  5
100006A3
102
{ACAD_REACTORS
330
100006A2
102
}
330
100006A2
100
AcDbXrecord
1000
T0Dx+B
  0
XRECORD
  5
100006A4
102
{ACAD_REACTORS
330
100006A2
102
}
330
100006A2
100
AcDbXrecord
1000
S0DCz
  0
XRECORD
  5
100006A6
102
{ACAD_REACTORS
330
100006A2
102
}
330
100006A2
100
AcDbXrecord
1000
R0DP
  0
XRECORD
  5
100006AB
102
{ACAD_REACTORS
330
100006A8
102
}
330
100006A8
100
AcDbXrecord
 40
2.999999999999992
  0
XRECORD
  5
100006A9
102
{ACAD_REACTORS
330
100006A8
102
}
330
100006A8
100
AcDbXrecord
1000
T0DF/B
  0
XRECORD
  5
100006AA
102
{ACAD_REACTORS
330
100006A8
102
}
330
100006A8
100
AcDbXrecord
1000
S0DCz
  0
XRECORD
  5
100006AC
102
{ACAD_REACTORS
330
100006A8
102
}
330
100006A8
100
AcDbXrecord
1000
R0DP
  0
XRECORD
  5
100006AF
102
{ACAD_REACTORS
330
100006AE
102
}
330
100006AE
100
AcDbXrecord
1000
T0Dd+B
  0
XRECORD
  5
100006B0
102
{ACAD_REACTORS
330
100006AE
102
}
330
100006AE
100
AcDbXrecord
1000
R0DP
  0
XRECORD
  5
100006B5
102
{ACAD_REACTORS
330
100006B2
102
}
330
100006B2
100
AcDbXrecord
 40
2.999999999999995
  0
XRECORD
  5
100006B3
102
{ACAD_REACTORS
330
100006B2
102
}
330
100006B2
100
AcDbXrecord
1000
T0DB/B
  0
XRECORD
  5
100006B4
102
{ACAD_REACTORS
330
100006B2
102
}
330
100006B2
100
AcDbXrecord
1000
S0DCz
  0
XRECORD
  5
100006B6
102
{ACAD_REACTORS
330
100006B2
102
}
330
100006B2
100
AcDbXrecord
1000
R0DP
  0
XRECORD
  5
100006BB
102
{ACAD_REACTORS
330
100006B8
102
}
330
100006B8
100
AcDbXrecord
 40
1.0
  0
XRECORD
  5
100006B9
102
{ACAD_REACTORS
330
100006B8
102
}
330
100006B8
100
AcDbXrecord
1000
T0Dt+B
  0
XRECORD
  5
100006BA
102
{ACAD_REACTORS
330
100006B8
102
}
330
100006B8
100
AcDbXrecord
1000
S0DCz
  0
XRECORD
  5
100006BC
102
{ACAD_REACTORS
330
100006B8
102
}
330
100006B8
100
AcDbXrecord
1000
R0DP
  0
XRECORD
  5
100006C1
102
{ACAD_REACTORS
330
100006BE
102
}
330
100006BE
100
AcDbXrecord
 40
3.0
  0
XRECORD
  5
100006BF
102
{ACAD_REACTORS
330
100006BE
102
}
330
100006BE
100
AcDbXrecord
1000
T0D9+B
  0
XRECORD
  5
100006C0
102
{ACAD_REACTORS
330
100006BE
102
}
330
100006BE
100
AcDbXrecord
1000
S0DCz
  0
XRECORD
  5
100006C2
102
{ACAD_REACTORS
330
100006BE
102
}
330
100006BE
100
AcDbXrecord
1000
R0DP
  0
XRECORD
  5
100006C5
102
{ACAD_REACTORS
330
100006C4
102
}
330
100006C4
100
AcDbXrecord
1000
T0Dl+B
  0
XRECORD
  5
100006C6
102
{ACAD_REACTORS
330
100006C4
102
}
330
100006C4
100
AcDbXrecord
1000
R0DP
  0
XRECORD
  5
100006CB
102
{ACAD_REACTORS
330
100006C8
102
}
330
100006C8
100
AcDbXrecord
 40
2.999999999999994
  0
XRECORD
  5
100006C9
102
{ACAD_REACTORS
330
100006C8
102
}
330
100006C8
100
AcDbXrecord
1000
T0DZ/B
  0
XRECORD
  5
100006CA
102
{ACAD_REACTORS
330
100006C8
102
}
330
100006C8
100
AcDbXrecord
1000
S0DCz
  0
XRECORD
  5
100006CC
102
{ACAD_REACTORS
330
100006C8
102
}
330
100006C8
100
AcDbXrecord
1000
R0DP
  0
XRECORD
  5
100006D1
102
{ACAD_REACTORS
330
100006CE
102
}
330
100006CE
100
AcDbXrecord
 40
1.0
  0
XRECORD
  5
100006CF
102
{ACAD_REACTORS
330
100006CE
102
}
330
100006CE
100
AcDbXrecord
1000
T0D5+B
  0
XRECORD
  5
100006D0
102
{ACAD_REACTORS
330
100006CE
102
}
330
100006CE
100
AcDbXrecord
1000
S0DCz
  0
XRECORD
  5
100006D2
102
{ACAD_REACTORS
330
100006CE
102
}
330
100006CE
100
AcDbXrecord
1000
R0DP
  0
XRECORD
  5
100006D7
102
{ACAD_REACTORS
330
100006D4
102
}
330
100006D4
100
AcDbXrecord
 40
2.999999999999993
  0
XRECORD
  5
100006D5
102
{ACAD_REACTORS
330
100006D4
102
}
330
100006D4
100
AcDbXrecord
1000
T0DV/B
  0
XRECORD
  5
100006D6
102
{ACAD_REACTORS
330
100006D4
102
}
330
100006D4
100
AcDbXrecord
1000
S0DCz
  0
XRECORD
  5
100006D8
102
{ACAD_REACTORS
330
100006D4
102
}
330
100006D4
100
AcDbXrecord
1000
R0DP
  0
XRECORD
  5
100006DB
102
{ACAD_REACTORS
330
100006DA
102
}
330
100006DA
100
AcDbXrecord
1000
T0Dh+B
  0
XRECORD
  5
100006DC
102
{ACAD_REACTORS
330
100006DA
102
}
330
100006DA
100
AcDbXrecord
1000
R0DP
  0
XRECORD
  5
100006E1
102
{ACAD_REACTORS
330
100006DE
102
}
330
100006DE
100
AcDbXrecord
 40
2.99999999999999
  0
XRECORD
  5
100006DF
102
{ACAD_REACTORS
330
100006DE
102
}
330
100006DE
100
AcDbXrecord
1000
T0DR/B
  0
XRECORD
  5
100006E0
102
{ACAD_REACTORS
330
100006DE
102
}
330
100006DE
100
AcDbXrecord
1000
S0DCz
  0
XRECORD
  5
100006E2
102
{ACAD_REACTORS
330
100006DE
102
}
330
100006DE
100
AcDbXrecord
1000
R0DP
  0
XRECORD
  5
100006E7
102
{ACAD_REACTORS
330
100006E4
102
}
330
100006E4
100
AcDbXrecord
 40
0.9999999999999996
  0
XRECORD
  5
100006E5
102
{ACAD_REACTORS
330
100006E4
102
}
330
100006E4
100
AcDbXrecord
1000
T0D1+B
  0
XRECORD
  5
100006E6
102
{ACAD_REACTORS
330
100006E4
102
}
330
100006E4
100
AcDbXrecord
1000
S0DCz
  0
XRECORD
  5
100006E8
102
{ACAD_REACTORS
330
100006E4
102
}
330
100006E4
100
AcDbXrecord
1000
R0DP
  0
XRECORD
  5
100006ED
102
{ACAD_REACTORS
330
100006EA
102
}
330
100006EA
100
AcDbXrecord
 40
3.000000000000027
  0
XRECORD
  5
100006EB
102
{ACAD_REACTORS
330
100006EA
102
}
330
100006EA
100
AcDbXrecord
1000
T0DN/B
  0
XRECORD
  5
100006EC
102
{ACAD_REACTORS
330
100006EA
102
}
330
100006EA
100
AcDbXrecord
1000
S0DCz
  0
XRECORD
  5
100006EE
102
{ACAD_REACTORS
330
100006EA
102
}
330
100006EA
100
AcDbXrecord
1000
R0DP
  0
XRECORD
  5
100006F1
102
{ACAD_REACTORS
330
100006F0
102
}
330
100006F0
100
AcDbXrecord
1000
T0Dp+B
  0
XRECORD
  5
100006F2
102
{ACAD_REACTORS
330
100006F0
102
}
330
100006F0
100
AcDbXrecord
1000
R0DP
  0
XRECORD
  5
100006F7
102
{ACAD_REACTORS
330
100006F4
102
}
330
100006F4
100
AcDbXrecord
 40
2.999999999999987
  0
XRECORD
  5
100006F5
102
{ACAD_REACTORS
330
100006F4
102
}
330
100006F4
100
AcDbXrecord
1000
T0DJ/B
  0
XRECORD
  5
100006F6
102
{ACAD_REACTORS
330
100006F4
102
}
330
100006F4
100
AcDbXrecord
1000
S0DCz
  0
XRECORD
  5
100006F8
102
{ACAD_REACTORS
330
100006F4
102
}
330
100006F4
100
AcDbXrecord
1000
R0DP
  0
XRECORD
  5
100006FD
102
{ACAD_REACTORS
330
100006FA
102
}
330
100006FA
100
AcDbXrecord
 40
1.0
  0
XRECORD
  5
100006FB
102
{ACAD_REACTORS
330
100006FA
102
}
330
100006FA
100
AcDbXrecord
1000
T0DxBC
  0
XRECORD
  5
100006FC
102
{ACAD_REACTORS
330
100006FA
102
}
330
100006FA
100
AcDbXrecord
1000
S0DCz
  0
XRECORD
  5
100006FE
102
{ACAD_REACTORS
330
100006FA
102
}
330
100006FA
100
AcDbXrecord
1000
R0DP
  0
XRECORD
  5
10000703
102
{ACAD_REACTORS
330
10000700
102
}
330
10000700
100
AcDbXrecord
 40
2.999999999999992
  0
XRECORD
  5
10000701
102
{ACAD_REACTORS
330
10000700
102
}
330
10000700
100
AcDbXrecord
1000
T0DFCC
  0
XRECORD
  5
10000702
102
{ACAD_REACTORS
330
10000700
102
}
330
10000700
100
AcDbXrecord
1000
S0DCz
  0
XRECORD
  5
10000704
102
{ACAD_REACTORS
330
10000700
102
}
330
10000700
100
AcDbXrecord
1000
R0DP
  0
XRECORD
  5
10000707
102
{ACAD_REACTORS
330
10000706
102
}
330
10000706
100
AcDbXrecord
1000
T0DdBC
  0
XRECORD
  5
10000708
102
{ACAD_REACTORS
330
10000706
102
}
330
10000706
100
AcDbXrecord
1000
R0DP
  0
XRECORD
  5
1000070D
102
{ACAD_REACTORS
330
1000070A
102
}
330
1000070A
100
AcDbXrecord
 40
2.999999999999995
  0
XRECORD
  5
1000070B
102
{ACAD_REACTORS
330
1000070A
102
}
330
1000070A
100
AcDbXrecord
1000
T0DBCC
  0
XRECORD
  5
1000070C
102
{ACAD_REACTORS
330
1000070A
102
}
330
1000070A
100
AcDbXrecord
1000
S0DCz
  0
XRECORD
  5
1000070E
102
{ACAD_REACTORS
330
1000070A
102
}
330
1000070A
100
AcDbXrecord
1000
R0DP
  0
XRECORD
  5
10000713
102
{ACAD_REACTORS
330
10000710
102
}
330
10000710
100
AcDbXrecord
 40
1.0
  0
XRECORD
  5
10000711
102
{ACAD_REACTORS
330
10000710
102
}
330
10000710
100
AcDbXrecord
1000
T0DtBC
  0
XRECORD
  5
10000712
102
{ACAD_REACTORS
330
10000710
102
}
330
10000710
100
AcDbXrecord
1000
S0DCz
  0
XRECORD
  5
10000714
102
{ACAD_REACTORS
330
10000710
102
}
330
10000710
100
AcDbXrecord
1000
R0DP
  0
XRECORD
  5
10000719
102
{ACAD_REACTORS
330
10000716
102
}
330
10000716
100
AcDbXrecord
 40
3.0
  0
XRECORD
  5
10000717
102
{ACAD_REACTORS
330
10000716
102
}
330
10000716
100
AcDbXrecord
1000
T0D9BC
  0
XRECORD
  5
10000718
102
{ACAD_REACTORS
330
10000716
102
}
330
10000716
100
AcDbXrecord
1000
S0DCz
  0
XRECORD
  5
1000071A
102
{ACAD_REACTORS
330
10000716
102
}
330
10000716
100
AcDbXrecord
1000
R0DP
  0
XRECORD
  5
1000071D
102
{ACAD_REACTORS
330
1000071C
102
}
330
1000071C
100
AcDbXrecord
1000
T0DlBC
  0
XRECORD
  5
1000071E
102
{ACAD_REACTORS
330
1000071C
102
}
330
1000071C
100
AcDbXrecord
1000
R0DP
  0
XRECORD
  5
10000723
102
{ACAD_REACTORS
330
10000720
102
}
330
10000720
100
AcDbXrecord
 40
2.999999999999994
  0
XRECORD
  5
10000721
102
{ACAD_REACTORS
330
10000720
102
}
330
10000720
100
AcDbXrecord
1000
T0DZCC
  0
XRECORD
  5
10000722
102
{ACAD_REACTORS
330
10000720
102
}
330
10000720
100
AcDbXrecord
1000
S0DCz
  0
XRECORD
  5
10000724
102
{ACAD_REACTORS
330
10000720
102
}
330
10000720
100
AcDbXrecord
1000
R0DP
  0
XRECORD
  5
10000729
102
{ACAD_REACTORS
330
10000726
102
}
330
10000726
100
AcDbXrecord
 40
1.0
  0
XRECORD
  5
10000727
102
{ACAD_REACTORS
330
10000726
102
}
330
10000726
100
AcDbXrecord
1000
T0D5BC
  0
XRECORD
  5
10000728
102
{ACAD_REACTORS
330
10000726
102
}
330
10000726
100
AcDbXrecord
1000
S0DCz
  0
XRECORD
  5
1000072A
102
{ACAD_REACTORS
330
10000726
102
}
330
10000726
100
AcDbXrecord
1000
R0DP
  0
XRECORD
  5
1000072F
102
{ACAD_REACTORS
330
1000072C
102
}
330
1000072C
100
AcDbXrecord
 40
2.999999999999993
  0
XRECORD
  5
1000072D
102
{ACAD_REACTORS
330
1000072C
102
}
330
1000072C
100
AcDbXrecord
1000
T0DVCC
  0
XRECORD
  5
1000072E
102
{ACAD_REACTORS
330
1000072C
102
}
330
1000072C
100
AcDbXrecord
1000
S0DCz
  0
XRECORD
  5
10000730
102
{ACAD_REACTORS
330
1000072C
102
}
330
1000072C
100
AcDbXrecord
1000
R0DP
  0
XRECORD
  5
10000733
102
{ACAD_REACTORS
330
10000732
102
}
330
10000732
100
AcDbXrecord
1000
T0DhBC
  0
XRECORD
  5
10000734
102
{ACAD_REACTORS
330
10000732
102
}
330
10000732
100
AcDbXrecord
1000
R0DP
  0
XRECORD
  5
10000739
102
{ACAD_REACTORS
330
10000736
102
}
330
10000736
100
AcDbXrecord
 40
2.99999999999999
  0
XRECORD
  5
10000737
102
{ACAD_REACTORS
330
10000736
102
}
330
10000736
100
AcDbXrecord
1000
T0DRCC
  0
XRECORD
  5
10000738
102
{ACAD_REACTORS
330
10000736
102
}
330
10000736
100
AcDbXrecord
1000
S0DCz
  0
XRECORD
  5
1000073A
102
{ACAD_REACTORS
330
10000736
102
}
330
10000736
100
AcDbXrecord
1000
R0DP
  0
XRECORD
  5
1000073F
102
{ACAD_REACTORS
330
1000073C
102
}
330
1000073C
100
AcDbXrecord
 40
0.9999999999999996
  0
XRECORD
  5
1000073D
102
{ACAD_REACTORS
330
1000073C
102
}
330
1000073C
100
AcDbXrecord
1000
T0D1BC
  0
XRECORD
  5
1000073E
102
{ACAD_REACTORS
330
1000073C
102
}
330
1000073C
100
AcDbXrecord
1000
S0DCz
  0
XRECORD
  5
10000740
102
{ACAD_REACTORS
330
1000073C
102
}
330
1000073C
100
AcDbXrecord
1000
R0DP
  0
XRECORD
  5
10000745
102
{ACAD_REACTORS
330
10000742
102
}
330
10000742
100
AcDbXrecord
 40
3.000000000000027
  0
XRECORD
  5
10000743
102
{ACAD_REACTORS
330
10000742
102
}
330
10000742
100
AcDbXrecord
1000
T0DNCC
  0
XRECORD
  5
10000744
102
{ACAD_REACTORS
330
10000742
102
}
330
10000742
100
AcDbXrecord
1000
S0DCz
  0
XRECORD
  5
10000746
102
{ACAD_REACTORS
330
10000742
102
}
330
10000742
100
AcDbXrecord
1000
R0DP
  0
XRECORD
  5
10000749
102
{ACAD_REACTORS
330
10000748
102
}
330
10000748
100
AcDbXrecord
1000
T0DpBC
  0
XRECORD
  5
1000074A
102
{ACAD_REACTORS
330
10000748
102
}
330
10000748
100
AcDbXrecord
1000
R0DP
  0
XRECORD
  5
1000074F
102
{ACAD_REACTORS
330
1000074C
102
}
330
1000074C
100
AcDbXrecord
 40
2.999999999999987
  0
XRECORD
  5
1000074D
102
{ACAD_REACTORS
330
1000074C
102
}
330
1000074C
100
AcDbXrecord
1000
T0DJCC
  0
XRECORD
  5
1000074E
102
{ACAD_REACTORS
330
1000074C
102
}
330
1000074C
100
AcDbXrecord
1000
S0DCz
  0
XRECORD
  5
10000750
102
{ACAD_REACTORS
330
1000074C
102
}
330
1000074C
100
AcDbXrecord
1000
R0DP
  0
XRECORD
  5
10000755
102
{ACAD_REACTORS
330
10000752
102
}
330
10000752
100
AcDbXrecord
 40
1.0
  0
XRECORD
  5
10000753
102
{ACAD_REACTORS
330
10000752
102
}
330
10000752
100
AcDbXrecord
1000
T0DxEC
  0
XRECORD
  5
10000754
102
{ACAD_REACTORS
330
10000752
102
}
330
10000752
100
AcDbXrecord
1000
S0DCz
  0
XRECORD
  5
10000756
102
{ACAD_REACTORS
330
10000752
102
}
330
10000752
100
AcDbXrecord
1000
R0DP
  0
XRECORD
  5
1000075B
102
{ACAD_REACTORS
330
10000758
102
}
330
10000758
100
AcDbXrecord
 40
2.999999999999992
  0
XRECORD
  5
10000759
102
{ACAD_REACTORS
330
10000758
102
}
330
10000758
100
AcDbXrecord
1000
T0DFFC
  0
XRECORD
  5
1000075A
102
{ACAD_REACTORS
330
10000758
102
}
330
10000758
100
AcDbXrecord
1000
S0DCz
  0
XRECORD
  5
1000075C
102
{ACAD_REACTORS
330
10000758
102
}
330
10000758
100
AcDbXrecord
1000
R0DP
  0
XRECORD
  5
1000075F
102
{ACAD_REACTORS
330
1000075E
102
}
330
1000075E
100
AcDbXrecord
1000
T0DdEC
  0
XRECORD
  5
10000760
102
{ACAD_REACTORS
330
1000075E
102
}
330
1000075E
100
AcDbXrecord
1000
R0DP
  0
XRECORD
  5
10000765
102
{ACAD_REACTORS
330
10000762
102
}
330
10000762
100
AcDbXrecord
 40
2.999999999999995
  0
XRECORD
  5
10000763
102
{ACAD_REACTORS
330
10000762
102
}
330
10000762
100
AcDbXrecord
1000
T0DBFC
  0
XRECORD
  5
10000764
102
{ACAD_REACTORS
330
10000762
102
}
330
10000762
100
AcDbXrecord
1000
S0DCz
  0
XRECORD
  5
10000766
102
{ACAD_REACTORS
330
10000762
102
}
330
10000762
100
AcDbXrecord
1000
R0DP
  0
XRECORD
  5
1000076B
102
{ACAD_REACTORS
330
10000768
102
}
330
10000768
100
AcDbXrecord
 40
1.0
  0
XRECORD
  5
10000769
102
{ACAD_REACTORS
330
10000768
102
}
330
10000768
100
AcDbXrecord
1000
T0DtEC
  0
XRECORD
  5
1000076A
102
{ACAD_REACTORS
330
10000768
102
}
330
10000768
100
AcDbXrecord
1000
S0DCz
  0
XRECORD
  5
1000076C
102
{ACAD_REACTORS
330
10000768
102
}
330
10000768
100
AcDbXrecord
1000
R0DP
  0
XRECORD
  5
10000771
102
{ACAD_REACTORS
330
1000076E
102
}
330
1000076E
100
AcDbXrecord
 40
3.0
  0
XRECORD
  5
1000076F
102
{ACAD_REACTORS
330
1000076E
102
}
330
1000076E
100
AcDbXrecord
1000
T0D9EC
  0
XRECORD
  5
10000770
102
{ACAD_REACTORS
330
1000076E
102
}
330
1000076E
100
AcDbXrecord
1000
S0DCz
  0
XRECORD
  5
10000772
102
{ACAD_REACTORS
330
1000076E
102
}
330
1000076E
100
AcDbXrecord
1000
R0DP
  0
XRECORD
  5
10000775
102
{ACAD_REACTORS
330
10000774
102
}
330
10000774
100
AcDbXrecord
1000
T0DlEC
  0
XRECORD
  5
10000776
102
{ACAD_REACTORS
330
10000774
102
}
330
10000774
100
AcDbXrecord
1000
R0DP
  0
XRECORD
  5
1000077B
102
{ACAD_REACTORS
330
10000778
102
}
330
10000778
100
AcDbXrecord
 40
2.999999999999994
  0
XRECORD
  5
10000779
102
{ACAD_REACTORS
330
10000778
102
}
330
10000778
100
AcDbXrecord
1000
T0DZFC
  0
XRECORD
  5
1000077A
102
{ACAD_REACTORS
330
10000778
102
}
330
10000778
100
AcDbXrecord
1000
S0DCz
  0
XRECORD
  5
1000077C
102
{ACAD_REACTORS
330
10000778
102
}
330
10000778
100
AcDbXrecord
1000
R0DP
  0
XRECORD
  5
10000781
102
{ACAD_REACTORS
330
1000077E
102
}
330
1000077E
100
AcDbXrecord
 40
1.0
  0
XRECORD
  5
1000077F
102
{ACAD_REACTORS
330
1000077E
102
}
330
1000077E
100
AcDbXrecord
1000
T0D5EC
  0
XRECORD
  5
10000780
102
{ACAD_REACTORS
330
1000077E
102
}
330
1000077E
100
AcDbXrecord
1000
S0DCz
  0
XRECORD
  5
10000782
102
{ACAD_REACTORS
330
1000077E
102
}
330
1000077E
100
AcDbXrecord
1000
R0DP
  0
XRECORD
  5
10000787
102
{ACAD_REACTORS
330
10000784
102
}
330
10000784
100
AcDbXrecord
 40
2.999999999999993
  0
XRECORD
  5
10000785
102
{ACAD_REACTORS
330
10000784
102
}
330
10000784
100
AcDbXrecord
1000
T0DVFC
  0
XRECORD
  5
10000786
102
{ACAD_REACTORS
330
10000784
102
}
330
10000784
100
AcDbXrecord
1000
S0DCz
  0
XRECORD
  5
10000788
102
{ACAD_REACTORS
330
10000784
102
}
330
10000784
100
AcDbXrecord
1000
R0DP
  0
XRECORD
  5
1000078B
102
{ACAD_REACTORS
330
1000078A
102
}
330
1000078A
100
AcDbXrecord
1000
T0DhEC
  0
XRECORD
  5
1000078C
102
{ACAD_REACTORS
330
1000078A
102
}
330
1000078A
100
AcDbXrecord
1000
R0DP
  0
XRECORD
  5
10000791
102
{ACAD_REACTORS
330
1000078E
102
}
330
1000078E
100
AcDbXrecord
 40
2.99999999999999
  0
XRECORD
  5
1000078F
102
{ACAD_REACTORS
330
1000078E
102
}
330
1000078E
100
AcDbXrecord
1000
T0DRFC
  0
XRECORD
  5
10000790
102
{ACAD_REACTORS
330
1000078E
102
}
330
1000078E
100
AcDbXrecord
1000
S0DCz
  0
XRECORD
  5
10000792
102
{ACAD_REACTORS
330
1000078E
102
}
330
1000078E
100
AcDbXrecord
1000
R0DP
  0
XRECORD
  5
10000797
102
{ACAD_REACTORS
330
10000794
102
}
330
10000794
100
AcDbXrecord
 40
0.9999999999999996
  0
XRECORD
  5
10000795
102
{ACAD_REACTORS
330
10000794
102
}
330
10000794
100
AcDbXrecord
1000
T0D1EC
  0
XRECORD
  5
10000796
102
{ACAD_REACTORS
330
10000794
102
}
330
10000794
100
AcDbXrecord
1000
S0DCz
  0
XRECORD
  5
10000798
102
{ACAD_REACTORS
330
10000794
102
}
330
10000794
100
AcDbXrecord
1000
R0DP
  0
XRECORD
  5
1000079D
102
{ACAD_REACTORS
330
1000079A
102
}
330
1000079A
100
AcDbXrecord
 40
3.000000000000027
  0
XRECORD
  5
1000079B
102
{ACAD_REACTORS
330
1000079A
102
}
330
1000079A
100
AcDbXrecord
1000
T0DNFC
  0
XRECORD
  5
1000079C
102
{ACAD_REACTORS
330
1000079A
102
}
330
1000079A
100
AcDbXrecord
1000
S0DCz
  0
XRECORD
  5
1000079E
102
{ACAD_REACTORS
330
1000079A
102
}
330
1000079A
100
AcDbXrecord
1000
R0DP
  0
XRECORD
  5
100007A1
102
{ACAD_REACTORS
330
100007A0
102
}
330
100007A0
100
AcDbXrecord
1000
T0DpEC
  0
XRECORD
  5
100007A2
102
{ACAD_REACTORS
330
100007A0
102
}
330
100007A0
100
AcDbXrecord
1000
R0DP
  0
XRECORD
  5
100007A7
102
{ACAD_REACTORS
330
100007A4
102
}
330
100007A4
100
AcDbXrecord
 40
2.999999999999987
  0
XRECORD
  5
100007A5
102
{ACAD_REACTORS
330
100007A4
102
}
330
100007A4
100
AcDbXrecord
1000
T0DJFC
  0
XRECORD
  5
100007A6
102
{ACAD_REACTORS
330
100007A4
102
}
330
100007A4
100
AcDbXrecord
1000
S0DCz
  0
XRECORD
  5
100007A8
102
{ACAD_REACTORS
330
100007A4
102
}
330
100007A4
100
AcDbXrecord
1000
R0DP
  0
XRECORD
  5
100007AD
102
{ACAD_REACTORS
330
100007AA
102
}
330
100007AA
100
AcDbXrecord
 40
1.0
  0
XRECORD
  5
100007AB
102
{ACAD_REACTORS
330
100007AA
102
}
330
100007AA
100
AcDbXrecord
1000
T0DxHC
  0
XRECORD
  5
100007AC
102
{ACAD_REACTORS
330
100007AA
102
}
330
100007AA
100
AcDbXrecord
1000
S0DCz
  0
XRECORD
  5
100007AE
102
{ACAD_REACTORS
330
100007AA
102
}
330
100007AA
100
AcDbXrecord
1000
R0DP
  0
XRECORD
  5
100007B3
102
{ACAD_REACTORS
330
100007B0
102
}
330
100007B0
100
AcDbXrecord
 40
2.999999999999992
  0
XRECORD
  5
100007B1
102
{ACAD_REACTORS
330
100007B0
102
}
330
100007B0
100
AcDbXrecord
1000
T0DFIC
  0
XRECORD
  5
100007B2
102
{ACAD_REACTORS
330
100007B0
102
}
330
100007B0
100
AcDbXrecord
1000
S0DCz
  0
XRECORD
  5
100007B4
102
{ACAD_REACTORS
330
100007B0
102
}
330
100007B0
100
AcDbXrecord
1000
R0DP
  0
XRECORD
  5
100007B7
102
{ACAD_REACTORS
330
100007B6
102
}
330
100007B6
100
AcDbXrecord
1000
T0DdHC
  0
XRECORD
  5
100007B8
102
{ACAD_REACTORS
330
100007B6
102
}
330
100007B6
100
AcDbXrecord
1000
R0DP
  0
XRECORD
  5
100007BD
102
{ACAD_REACTORS
330
100007BA
102
}
330
100007BA
100
AcDbXrecord
 40
2.999999999999995
  0
XRECORD
  5
100007BB
102
{ACAD_REACTORS
330
100007BA
102
}
330
100007BA
100
AcDbXrecord
1000
T0DBIC
  0
XRECORD
  5
100007BC
102
{ACAD_REACTORS
330
100007BA
102
}
330
100007BA
100
AcDbXrecord
1000
S0DCz
  0
XRECORD
  5
100007BE
102
{ACAD_REACTORS
330
100007BA
102
}
330
100007BA
100
AcDbXrecord
1000
R0DP
  0
XRECORD
  5
100007C3
102
{ACAD_REACTORS
330
100007C0
102
}
330
100007C0
100
AcDbXrecord
 40
1.0
  0
XRECORD
  5
100007C1
102
{ACAD_REACTORS
330
100007C0
102
}
330
100007C0
100
AcDbXrecord
1000
T0DtHC
  0
XRECORD
  5
100007C2
102
{ACAD_REACTORS
330
100007C0
102
}
330
100007C0
100
AcDbXrecord
1000
S0DCz
  0
XRECORD
  5
100007C4
102
{ACAD_REACTORS
330
100007C0
102
}
330
100007C0
100
AcDbXrecord
1000
R0DP
  0
XRECORD
  5
100007C9
102
{ACAD_REACTORS
330
100007C6
102
}
330
100007C6
100
AcDbXrecord
 40
3.0
  0
XRECORD
  5
100007C7
102
{ACAD_REACTORS
330
100007C6
102
}
330
100007C6
100
AcDbXrecord
1000
T0D9HC
  0
XRECORD
  5
100007C8
102
{ACAD_REACTORS
330
100007C6
102
}
330
100007C6
100
AcDbXrecord
1000
S0DCz
  0
XRECORD
  5
100007CA
102
{ACAD_REACTORS
330
100007C6
102
}
330
100007C6
100
AcDbXrecord
1000
R0DP
  0
XRECORD
  5
100007CD
102
{ACAD_REACTORS
330
100007CC
102
}
330
100007CC
100
AcDbXrecord
1000
T0DlHC
  0
XRECORD
  5
100007CE
102
{ACAD_REACTORS
330
100007CC
102
}
330
100007CC
100
AcDbXrecord
1000
R0DP
  0
XRECORD
  5
100007D3
102
{ACAD_REACTORS
330
100007D0
102
}
330
100007D0
100
AcDbXrecord
 40
2.999999999999994
  0
XRECORD
  5
100007D1
102
{ACAD_REACTORS
330
100007D0
102
}
330
100007D0
100
AcDbXrecord
1000
T0DZIC
  0
XRECORD
  5
100007D2
102
{ACAD_REACTORS
330
100007D0
102
}
330
100007D0
100
AcDbXrecord
1000
S0DCz
  0
XRECORD
  5
100007D4
102
{ACAD_REACTORS
330
100007D0
102
}
330
100007D0
100
AcDbXrecord
1000
R0DP
  0
XRECORD
  5
100007D9
102
{ACAD_REACTORS
330
100007D6
102
}
330
100007D6
100
AcDbXrecord
 40
1.0
  0
XRECORD
  5
100007D7
102
{ACAD_REACTORS
330
100007D6
102
}
330
100007D6
100
AcDbXrecord
1000
T0D5HC
  0
XRECORD
  5
100007D8
102
{ACAD_REACTORS
330
100007D6
102
}
330
100007D6
100
AcDbXrecord
1000
S0DCz
  0
XRECORD
  5
100007DA
102
{ACAD_REACTORS
330
100007D6
102
}
330
100007D6
100
AcDbXrecord
1000
R0DP
  0
XRECORD
  5
100007DF
102
{ACAD_REACTORS
330
100007DC
102
}
330
100007DC
100
AcDbXrecord
 40
2.999999999999993
  0
XRECORD
  5
100007DD
102
{ACAD_REACTORS
330
100007DC
102
}
330
100007DC
100
AcDbXrecord
1000
T0DVIC
  0
XRECORD
  5
100007DE
102
{ACAD_REACTORS
330
100007DC
102
}
330
100007DC
100
AcDbXrecord
1000
S0DCz
  0
XRECORD
  5
100007E0
102
{ACAD_REACTORS
330
100007DC
102
}
330
100007DC
100
AcDbXrecord
1000
R0DP
  0
XRECORD
  5
100007E3
102
{ACAD_REACTORS
330
100007E2
102
}
330
100007E2
100
AcDbXrecord
1000
T0DhHC
  0
XRECORD
  5
100007E4
102
{ACAD_REACTORS
330
100007E2
102
}
330
100007E2
100
AcDbXrecord
1000
R0DP
  0
XRECORD
  5
100007E9
102
{ACAD_REACTORS
330
100007E6
102
}
330
100007E6
100
AcDbXrecord
 40
2.99999999999999
  0
XRECORD
  5
100007E7
102
{ACAD_REACTORS
330
100007E6
102
}
330
100007E6
100
AcDbXrecord
1000
T0DRIC
  0
XRECORD
  5
100007E8
102
{ACAD_REACTORS
330
100007E6
102
}
330
100007E6
100
AcDbXrecord
1000
S0DCz
  0
XRECORD
  5
100007EA
102
{ACAD_REACTORS
330
100007E6
102
}
330
100007E6
100
AcDbXrecord
1000
R0DP
  0
XRECORD
  5
100007EF
102
{ACAD_REACTORS
330
100007EC
102
}
330
100007EC
100
AcDbXrecord
 40
0.9999999999999996
  0
XRECORD
  5
100007ED
102
{ACAD_REACTORS
330
100007EC
102
}
330
100007EC
100
AcDbXrecord
1000
T0D1HC
  0
XRECORD
  5
100007EE
102
{ACAD_REACTORS
330
100007EC
102
}
330
100007EC
100
AcDbXrecord
1000
S0DCz
  0
XRECORD
  5
100007F0
102
{ACAD_REACTORS
330
100007EC
102
}
330
100007EC
100
AcDbXrecord
1000
R0DP
  0
XRECORD
  5
100007F5
102
{ACAD_REACTORS
330
100007F2
102
}
330
100007F2
100
AcDbXrecord
 40
3.000000000000027
  0
XRECORD
  5
100007F3
102
{ACAD_REACTORS
330
100007F2
102
}
330
100007F2
100
AcDbXrecord
1000
T0DNIC
  0
XRECORD
  5
100007F4
102
{ACAD_REACTORS
330
100007F2
102
}
330
100007F2
100
AcDbXrecord
1000
S0DCz
  0
XRECORD
  5
100007F6
102
{ACAD_REACTORS
330
100007F2
102
}
330
100007F2
100
AcDbXrecord
1000
R0DP
  0
XRECORD
  5
100007F9
102
{ACAD_REACTORS
330
100007F8
102
}
330
100007F8
100
AcDbXrecord
1000
T0DpHC
  0
XRECORD
  5
100007FA
102
{ACAD_REACTORS
330
100007F8
102
}
330
100007F8
100
AcDbXrecord
1000
R0DP
  0
XRECORD
  5
100007FF
102
{ACAD_REACTORS
330
100007FC
102
}
330
100007FC
100
AcDbXrecord
 40
2.999999999999987
  0
XRECORD
  5
100007FD
102
{ACAD_REACTORS
330
100007FC
102
}
330
100007FC
100
AcDbXrecord
1000
T0DJIC
  0
XRECORD
  5
100007FE
102
{ACAD_REACTORS
330
100007FC
102
}
330
100007FC
100
AcDbXrecord
1000
S0DCz
  0
XRECORD
  5
10000800
102
{ACAD_REACTORS
330
100007FC
102
}
330
100007FC
100
AcDbXrecord
1000
R0DP
  0
XRECORD
  5
10000803
102
{ACAD_REACTORS
330
10000802
102
}
330
10000802
100
AcDbXrecord
1000
T0D5QC
  0
XRECORD
  5
10000804
102
{ACAD_REACTORS
330
10000802
102
}
330
10000802
100
AcDbXrecord
1000
R0DP
  0
XRECORD
  5
10000809
102
{ACAD_REACTORS
330
10000806
102
}
330
10000806
100
AcDbXrecord
 40
5.7
  0
XRECORD
  5
10000807
102
{ACAD_REACTORS
330
10000806
102
}
330
10000806
100
AcDbXrecord
1000
T0DFHB
  0
XRECORD
  5
10000808
102
{ACAD_REACTORS
330
10000806
102
}
330
10000806
100
AcDbXrecord
1000
S0DCz
  0
XRECORD
  5
1000080A
102
{ACAD_REACTORS
330
10000806
102
}
330
10000806
100
AcDbXrecord
1000
R0DP
  0
XRECORD
  5
1000080D
102
{ACAD_REACTORS
330
1000080C
102
}
330
1000080C
100
AcDbXrecord
1000
T0DNHB
  0
XRECORD
  5
1000080E
102
{ACAD_REACTORS
330
1000080C
102
}
330
1000080C
100
AcDbXrecord
1000
R0DP
  0
XRECORD
  5
10000813
102
{ACAD_REACTORS
330
10000810
102
}
330
10000810
100
AcDbXrecord
 40
10.3
  0
XRECORD
  5
10000811
102
{ACAD_REACTORS
330
10000810
102
}
330
10000810
100
AcDbXrecord
1000
T0DVHB
  0
XRECORD
  5
10000812
102
{ACAD_REACTORS
330
10000810
102
}
330
10000810
100
AcDbXrecord
1000
S0DCz
  0
XRECORD
  5
10000814
102
{ACAD_REACTORS
330
10000810
102
}
330
10000810
100
AcDbXrecord
1000
R0DP
  0
XRECORD
  5
10000817
102
{ACAD_REACTORS
330
10000816
102
}
330
10000816
100
AcDbXrecord
1000
T0DdHB
  0
XRECORD
  5
10000818
102
{ACAD_REACTORS
330
10000816
102
}
330
10000816
100
AcDbXrecord
1000
R0DP
  0
XRECORD
  5
1000081D
102
{ACAD_REACTORS
330
1000081A
102
}
330
1000081A
100
AcDbXrecord
 40
5.699999999999999
  0
XRECORD
  5
1000081B
102
{ACAD_REACTORS
330
1000081A
102
}
330
1000081A
100
AcDbXrecord
1000
T0DlHB
  0
XRECORD
  5
1000081C
102
{ACAD_REACTORS
330
1000081A
102
}
330
1000081A
100
AcDbXrecord
1000
S0DCz
  0
XRECORD
  5
1000081E
102
{ACAD_REACTORS
330
1000081A
102
}
330
1000081A
100
AcDbXrecord
1000
R0DP
  0
XRECORD
  5
10000821
102
{ACAD_REACTORS
330
10000820
102
}
330
10000820
100
AcDbXrecord
1000
T0DtHB
  0
XRECORD
  5
10000822
102
{ACAD_REACTORS
330
10000820
102
}
330
10000820
100
AcDbXrecord
1000
R0DP
  0
XRECORD
  5
10000827
102
{ACAD_REACTORS
330
10000824
102
}
330
10000824
100
AcDbXrecord
 40
5.7
  0
XRECORD
  5
10000825
102
{ACAD_REACTORS
330
10000824
102
}
330
10000824
100
AcDbXrecord
1000
T0D1HB
  0
XRECORD
  5
10000826
102
{ACAD_REACTORS
330
10000824
102
}
330
10000824
100
AcDbXrecord
1000
S0DCz
  0
XRECORD
  5
10000828
102
{ACAD_REACTORS
330
10000824
102
}
330
10000824
100
AcDbXrecord
1000
R0DP
  0
XRECORD
  5
1000082B
102
{ACAD_REACTORS
330
1000082A
102
}
330
1000082A
100
AcDbXrecord
1000
T0DJRC
  0
XRECORD
  5
1000082C
102
{ACAD_REACTORS
330
1000082A
102
}
330
1000082A
100
AcDbXrecord
1000
R0DP
  0
XRECORD
  5
1000082F
102
{ACAD_REACTORS
330
1000082E
102
}
330
1000082E
100
AcDbXrecord
1000
T0DZPC
  0
XRECORD
  5
10000830
102
{ACAD_REACTORS
330
1000082E
102
}
330
1000082E
100
AcDbXrecord
1000
R0DP
  0
XRECORD
  5
10000835
102
{ACAD_REACTORS
330
10000832
102
}
330
10000832
100
AcDbXrecord
 40
3.000000000000003
  0
XRECORD
  5
10000833
102
{ACAD_REACTORS
330
10000832
102
}
330
10000832
100
AcDbXrecord
1000
T0DVPC
  0
XRECORD
  5
10000834
102
{ACAD_REACTORS
330
10000832
102
}
330
10000832
100
AcDbXrecord
1000
S0DCz
  0
XRECORD
  5
10000836
102
{ACAD_REACTORS
330
10000832
102
}
330
10000832
100
AcDbXrecord
1000
R0DP
  0
XRECORD
  5
10000839
102
{ACAD_REACTORS
330
10000838
102
}
330
10000838
100
AcDbXrecord
1000
T0DdPC
  0
XRECORD
  5
1000083A
102
{ACAD_REACTORS
330
10000838
102
}
330
10000838
100
AcDbXrecord
1000
R0DP
  0
XRECORD
  5
1000083D
102
{ACAD_REACTORS
330
1000083C
102
}
330
1000083C
100
AcDbXrecord
1000
T0DFRC
  0
XRECORD
  5
1000083E
102
{ACAD_REACTORS
330
1000083C
102
}
330
1000083C
100
AcDbXrecord
1000
R0DP
  0
XRECORD
  5
10000843
102
{ACAD_REACTORS
330
10000840
102
}
330
10000840
100
AcDbXrecord
 40
5.700000000000006
  0
XRECORD
  5
10000841
102
{ACAD_REACTORS
330
10000840
102
}
330
10000840
100
AcDbXrecord
1000
T0D1GB
  0
XRECORD
  5
10000842
102
{ACAD_REACTORS
330
10000840
102
}
330
10000840
100
AcDbXrecord
1000
S0DCz
  0
XRECORD
  5
10000844
102
{ACAD_REACTORS
330
10000840
102
}
330
10000840
100
AcDbXrecord
1000
R0DP
  0
XRECORD
  5
10000847
102
{ACAD_REACTORS
330
10000846
102
}
330
10000846
100
AcDbXrecord
1000
T0DlQC
  0
XRECORD
  5
10000848
102
{ACAD_REACTORS
330
10000846
102
}
330
10000846
100
AcDbXrecord
1000
R0DP
  0
XRECORD
  5
1000084B
102
{ACAD_REACTORS
330
1000084A
102
}
330
1000084A
100
AcDbXrecord
1000
T0DhPC
  0
XRECORD
  5
1000084C
102
{ACAD_REACTORS
330
1000084A
102
}
330
1000084A
100
AcDbXrecord
1000
R0DP
  0
XRECORD
  5
10000851
102
{ACAD_REACTORS
330
1000084E
102
}
330
1000084E
100
AcDbXrecord
 40
3.000000000000003
  0
XRECORD
  5
1000084F
102
{ACAD_REACTORS
330
1000084E
102
}
330
1000084E
100
AcDbXrecord
1000
T0DRPC
  0
XRECORD
  5
10000850
102
{ACAD_REACTORS
330
1000084E
102
}
330
1000084E
100
AcDbXrecord
1000
S0DCz
  0
XRECORD
  5
10000852
102
{ACAD_REACTORS
330
1000084E
102
}
330
1000084E
100
AcDbXrecord
1000
R0DP
  0
XRECORD
  5
10000855
102
{ACAD_REACTORS
330
10000854
102
}
330
10000854
100
AcDbXrecord
1000
T0DlPC
  0
XRECORD
  5
10000856
102
{ACAD_REACTORS
330
10000854
102
}
330
10000854
100
AcDbXrecord
1000
R0DP
  0
XRECORD
  5
10000859
102
{ACAD_REACTORS
330
10000858
102
}
330
10000858
100
AcDbXrecord
1000
T0DpQC
  0
XRECORD
  5
1000085A
102
{ACAD_REACTORS
330
10000858
102
}
330
10000858
100
AcDbXrecord
1000
R0DP
  0
XRECORD
  5
1000085F
102
{ACAD_REACTORS
330
1000085C
102
}
330
1000085C
100
AcDbXrecord
 40
5.700000000000004
  0
XRECORD
  5
1000085D
102
{ACAD_REACTORS
330
1000085C
102
}
330
1000085C
100
AcDbXrecord
1000
T0D9GB
  0
XRECORD
  5
1000085E
102
{ACAD_REACTORS
330
1000085C
102
}
330
1000085C
100
AcDbXrecord
1000
S0DCz
  0
XRECORD
  5
10000860
102
{ACAD_REACTORS
330
1000085C
102
}
330
1000085C
100
AcDbXrecord
1000
R0DP
  0
XRECORD
  5
10000863
102
{ACAD_REACTORS
330
10000862
102
}
330
10000862
100
AcDbXrecord
1000
T0D1QC
  0
XRECORD
  5
10000864
102
{ACAD_REACTORS
330
10000862
102
}
330
10000862
100
AcDbXrecord
1000
R0DP
  0
XRECORD
  5
10000867
102
{ACAD_REACTORS
330
10000866
102
}
330
10000866
100
AcDbXrecord
1000
T0DNPC
  0
XRECORD
  5
10000868
102
{ACAD_REACTORS
330
10000866
102
}
330
10000866
100
AcDbXrecord
1000
R0DP
  0
XRECORD
  5
1000086D
102
{ACAD_REACTORS
330
1000086A
102
}
330
1000086A
100
AcDbXrecord
 40
3.000000000000003
  0
XRECORD
  5
1000086B
102
{ACAD_REACTORS
330
1000086A
102
}
330
1000086A
100
AcDbXrecord
1000
T0DFPC
  0
XRECORD
  5
1000086C
102
{ACAD_REACTORS
330
1000086A
102
}
330
1000086A
100
AcDbXrecord
1000
S0DCz
  0
XRECORD
  5
1000086E
102
{ACAD_REACTORS
330
1000086A
102
}
330
1000086A
100
AcDbXrecord
1000
R0DP
  0
XRECORD
  5
10000871
102
{ACAD_REACTORS
330
10000870
102
}
330
10000870
100
AcDbXrecord
1000
T0DJPC
  0
XRECORD
  5
10000872
102
{ACAD_REACTORS
330
10000870
102
}
330
10000870
100
AcDbXrecord
1000
R0DP
  0
MATERIAL
  5
45
102
{ACAD_REACTORS
330
43
102
}
102
{ACAD_XDICTIONARY
360
100008A8
102
}
330
43
100
AcDbMaterial
  1
BYBLOCK
  0
MATERIAL
  5
44
102
{ACAD_REACTORS
330
43
102
}
102
{ACAD_XDICTIONARY
360
100008A6
102
}
330
43
100
AcDbMaterial
  1
BYLAYER
  0
MATERIAL
  5
46
102
{ACAD_REACTORS
330
43
102
}
102
{ACAD_XDICTIONARY
360
100008AA
102
}
330
43
100
AcDbMaterial
  1
GLOBAL
  0
ACAD_PROXY_OBJECT
  5
5C
102
{ACAD_REACTORS
330
5B
102
}
330
5B
100
AcDbProxyObject
 90
      499
 91
      505
 93
      610
310
40901902A4063FBFFFFFE0000000000000020400000000000020404214DD185B99185C990000000000000104090141901A00000000000004100000000000000041025764000000000000039000
340
14
340
0
340
11
340
0
 94
        0
1001
ACAD_MLEADERVER
1070
     2
  0
MLINESTYLE
  5
18
102
{ACAD_REACTORS
330
17
102
}
330
17
100
AcDbMlineStyle
  2
Standard
 70
     0
  3

 62
   256
 51
90.0
 52
90.0
 71
     2
 49
0.5
 62
   256
  6
BYLAYER
 49
-0.5
 62
   256
  6
BYLAYER
  0
ACAD_PROXY_OBJECT
  5
10000023
102
{ACAD_REACTORS
330
47
102
}
330
47
100
AcDbProxyObject
 90
      499
 91
      503
 93
      121
310
9053130303A310000000000001650100
  0
ACAD_PROXY_OBJECT
  5
1000001D
102
{ACAD_REACTORS
330
47
102
}
330
47
100
AcDbProxyObject
 90
      499
 91
      503
 93
      113
310
90431303A310000000000000910100
  0
ACAD_PROXY_OBJECT
  5
1000001E
102
{ACAD_REACTORS
330
47
102
}
330
47
100
AcDbProxyObject
 90
      499
 91
      503
 93
      113
310
90431323A310000000000000A10100
  0
ACAD_PROXY_OBJECT
  5
1000001F
102
{ACAD_REACTORS
330
47
102
}
330
47
100
AcDbProxyObject
 90
      499
 91
      503
 93
      113
310
90431363A310000000000000C10100
  0
ACAD_PROXY_OBJECT
  5
10000006
102
{ACAD_REACTORS
330
47
102
}
330
47
100
AcDbProxyObject
 90
      499
 91
      503
 93
       41
310
903313A31500
  0
ACAD_PROXY_OBJECT
  5
1000000D
102
{ACAD_REACTORS
330
47
102
}
330
47
100
AcDbProxyObject
 90
      499
 91
      503
 93
      113
310
904313A31304000000000000244000
  0
ACAD_PROXY_OBJECT
  5
10000016
102
{ACAD_REACTORS
330
47
102
}
330
47
100
AcDbProxyObject
 90
      499
 91
      503
 93
      121
310
905313A3130304000000000000594000
  0
ACAD_PROXY_OBJECT
  5
1000000E
102
{ACAD_REACTORS
330
47
102
}
330
47
100
AcDbProxyObject
 90
      499
 91
      503
 93
      113
310
904313A31324000000000000284000
  0
ACAD_PROXY_OBJECT
  5
1000000F
102
{ACAD_REACTORS
330
47
102
}
330
47
100
AcDbProxyObject
 90
      499
 91
      503
 93
      113
310
904313A31364000000000000304000
  0
ACAD_PROXY_OBJECT
  5
10000007
102
{ACAD_REACTORS
330
47
102
}
330
47
100
AcDbProxyObject
 90
      499
 91
      503
 93
      105
310
903313A324000000000000004000
  0
ACAD_PROXY_OBJECT
  5
10000010
102
{ACAD_REACTORS
330
47
102
}
330
47
100
AcDbProxyObject
 90
      499
 91
      503
 93
      113
310
904313A32304000000000000344000
  0
ACAD_PROXY_OBJECT
  5
10000011
102
{ACAD_REACTORS
330
47
102
}
330
47
100
AcDbProxyObject
 90
      499
 91
      503
 93
      113
310
904313A32354000000000000394000
  0
ACAD_PROXY_OBJECT
  5
10000008
102
{ACAD_REACTORS
330
47
102
}
330
47
100
AcDbProxyObject
 90
      499
 91
      503
 93
      105
310
903313A334000000000000084000
  0
ACAD_PROXY_OBJECT
  5
10000012
102
{ACAD_REACTORS
330
47
102
}
330
47
100
AcDbProxyObject
 90
      499
 91
      503
 93
      113
310
904313A33324000000000000404000
  0
ACAD_PROXY_OBJECT
  5
10000009
102
{ACAD_REACTORS
330
47
102
}
330
47
100
AcDbProxyObject
 90
      499
 91
      503
 93
      105
310
903313A344000000000000104000
  0
ACAD_PROXY_OBJECT
  5
10000013
102
{ACAD_REACTORS
330
47
102
}
330
47
100
AcDbProxyObject
 90
      499
 91
      503
 93
      113
310
904313A34304000000000000444000
  0
ACAD_PROXY_OBJECT
  5
1000000A
102
{ACAD_REACTORS
330
47
102
}
330
47
100
AcDbProxyObject
 90
      499
 91
      503
 93
      105
310
903313A354000000000000144000
  0
ACAD_PROXY_OBJECT
  5
10000014
102
{ACAD_REACTORS
330
47
102
}
330
47
100
AcDbProxyObject
 90
      499
 91
      503
 93
      113
310
904313A35304000000000000494000
  0
ACAD_PROXY_OBJECT
  5
1000000B
102
{ACAD_REACTORS
330
47
102
}
330
47
100
AcDbProxyObject
 90
      499
 91
      503
 93
      105
310
903313A364000000000000184000
  0
ACAD_PROXY_OBJECT
  5
1000000C
102
{ACAD_REACTORS
330
47
102
}
330
47
100
AcDbProxyObject
 90
      499
 91
      503
 93
      105
310
903313A384000000000000204000
  0
ACAD_PROXY_OBJECT
  5
10000015
102
{ACAD_REACTORS
330
47
102
}
330
47
100
AcDbProxyObject
 90
      499
 91
      503
 93
      113
310
904313A38304000000000000544000
  0
ACAD_PROXY_OBJECT
  5
10000020
102
{ACAD_REACTORS
330
47
102
}
330
47
100
AcDbProxyObject
 90
      499
 91
      503
 93
      113
310
90432303A310000000000000D10100
  0
ACAD_PROXY_OBJECT
  5
10000017
102
{ACAD_REACTORS
330
47
102
}
330
47
100
AcDbProxyObject
 90
      499
 91
      503
 93
      105
310
903323A310000000000000010100
  0
ACAD_PROXY_OBJECT
  5
10000021
102
{ACAD_REACTORS
330
47
102
}
330
47
100
AcDbProxyObject
 90
      499
 91
      503
 93
      113
310
90433323A310000000000001010100
  0
ACAD_PROXY_OBJECT
  5
10000018
102
{ACAD_REACTORS
330
47
102
}
330
47
100
AcDbProxyObject
 90
      499
 91
      503
 93
      105
310
903333A310000000000000210100
  0
ACAD_PROXY_OBJECT
  5
10000019
102
{ACAD_REACTORS
330
47
102
}
330
47
100
AcDbProxyObject
 90
      499
 91
      503
 93
      105
310
903343A310000000000000410100
  0
ACAD_PROXY_OBJECT
  5
10000022
102
{ACAD_REACTORS
330
47
102
}
330
47
100
AcDbProxyObject
 90
      499
 91
      503
 93
      113
310
90435303A310000000000001250100
  0
ACAD_PROXY_OBJECT
  5
1000001A
102
{ACAD_REACTORS
330
47
102
}
330
47
100
AcDbProxyObject
 90
      499
 91
      503
 93
      105
310
903353A310000000000000510100
  0
ACAD_PROXY_OBJECT
  5
1000001B
102
{ACAD_REACTORS
330
47
102
}
330
47
100
AcDbProxyObject
 90
      499
 91
      503
 93
      105
310
903363A310000000000000610100
  0
ACAD_PROXY_OBJECT
  5
1000001C
102
{ACAD_REACTORS
330
47
102
}
330
47
100
AcDbProxyObject
 90
      499
 91
      503
 93
      105
310
903383A310000000000000810100
  0
ACAD_PROXY_OBJECT
  5
2F
102
{ACAD_REACTORS
330
2A
102
}
330
2A
100
AcDbProxyObject
 90
      499
 91
      501
 93
      436
310
42CC9915DA5C99599C985B595049028333333333333E33F0000000000000F90107901411070040501600405405064090741402480A0340
1001
ACAD
1000
AcDbSavedByObjectVersion
1070
     0
  0
ACAD_PROXY_OBJECT
  5
32
102
{ACAD_REACTORS
330
2A
102
}
330
2A
100
AcDbProxyObject
 90
      499
 91
      501
 93
      388
310
4150985CDA58D07406404333333333333E33F0000000000000F90107A41107004050150841D405064090741402480A0350
1001
ACAD
1000
AcDbSavedByObjectVersion
1070
     0
  0
ACAD_PROXY_OBJECT
  5
36
102
{ACAD_REACTORS
330
2A
102
}
330
2A
100
AcDbProxyObject
 90
      499
 91
      501
 93
      428
310
42109C9A59DA1D195B90C409028333333333333E33F0000000000000F9010790141107004050150841D405064090741402480A029950
1001
ACAD
1000
AcDbSavedByObjectVersion
1070
     0
  0
ACAD_PROXY_OBJECT
  5
3A
102
{ACAD_REACTORS
330
2A
102
}
330
2A
100
AcDbProxyObject
 90
      499
 91
      501
 93
      452
310
42D0DBDB1BDC90DA185B99D95104090240C333333333333E33F0000000000000F90108901411070040501508421405064090741402480A0350
1001
ACAD
1000
AcDbSavedByObjectVersion
1070
     0
  0
ACAD_PROXY_OBJECT
  5
34
102
{ACAD_REACTORS
330
2A
102
}
330
2A
100
AcDbProxyObject
 90
      499
 91
      501
 93
      500
310
4290DBDB98D95C1D1D585B10940D028333333333333E33F0000000000000F90107902409070040501000000000018199010841D405064090740C02480A0340
1001
ACAD
1000
AcDbSavedByObjectVersion
1070
     0
  0
ACAD_PROXY_OBJECT
  5
35
102
{ACAD_REACTORS
330
2A
102
}
330
2A
100
AcDbProxyObject
 90
      499
 91
      501
 93
      412
310
40D11A5B50B409028333333333333E33F0000000000000F9010790141107004050150841D405064090741402480A02677FFFFFD0
1001
ACAD
1000
AcDbSavedByObjectVersion
1070
     0
  0
ACAD_PROXY_OBJECT
  5
3D
102
{ACAD_REACTORS
330
2A
102
}
330
2A
100
AcDbProxyObject
 90
      499
 91
      501
 93
      452
310
43115919D950DBDB1BDC93D999916409028333333333333E33F0000000000000F9010790141107004050150841D405064090741402480A0350
1001
ACAD
1000
AcDbSavedByObjectVersion
1070
     0
  0
ACAD_PROXY_OBJECT
  5
39
102
{ACAD_REACTORS
330
2A
102
}
330
2A
100
AcDbProxyObject
 90
      499
 91
      501
 93
      444
310
42D19858D95C185D1D195C9B90F409028333333333333E33F0000000000000F9010790141107004050150841D405064090741402480A0350
1001
ACAD
1000
AcDbSavedByObjectVersion
1070
     0
  0
ACAD_PROXY_OBJECT
  5
2B
102
{ACAD_REACTORS
330
2A
102
}
330
2A
100
AcDbProxyObject
 90
      499
 91
      501
 93
      380
310
41119B185D240901404333333333333E33F0000000000000F9010740A907004050150841D405064090741402480A1B50
1001
ACAD
1000
AcDbSavedByObjectVersion
1070
     0
  0
ACAD_PROXY_OBJECT
  5
2C
102
{ACAD_REACTORS
330
2A
102
}
330
2A
100
AcDbProxyObject
 90
      499
 91
      501
 93
      468
310
43519B185D15DA5D1A115919D95CD0140901404333333333333E33F0000000000000F90107409019070040501600405405064090741402480A1B50
1001
ACAD
1000
AcDbSavedByObjectVersion
1070
     0
  0
ACAD_PROXY_OBJECT
  5
2D
102
{ACAD_REACTORS
330
2A
102
}
330
2A
100
AcDbProxyObject
 90
      499
 91
      501
 93
      404
310
41D1DBDD5C985D5910240902404333333333333E33F0000000000000F9010740A9070040501641D405064090741402480A1B50
1001
ACAD
1000
AcDbSavedByObjectVersion
1070
     0
  0
ACAD_PROXY_OBJECT
  5
2E
102
{ACAD_REACTORS
330
2A
102
}
330
2A
100
AcDbProxyObject
 90
      499
 91
      501
 93
      492
310
4411DBDD5C985D5915DA5D1A115919D95CD0340902404333333333333E33F0000000000000F90107409019070040501600405405064090741402480A1B50
1001
ACAD
1000
AcDbSavedByObjectVersion
1070
     0
  0
ACAD_PROXY_OBJECT
  5
31
102
{ACAD_REACTORS
330
2A
102
}
330
2A
100
AcDbProxyObject
 90
      499
 91
      501
 93
      476
310
41921A5919195B90640502408333333333333E33F0000000000000F901079024090700405020000000000001110200405405064090740C02480A0340
1001
ACAD
1000
AcDbSavedByObjectVersion
1070
     0
  0
ACAD_PROXY_OBJECT
  5
3B
102
{ACAD_REACTORS
330
2A
102
}
330
2A
100
AcDbProxyObject
 90
      499
 91
      501
 93
      428
310
42529A5D1D195C93D999914409028333333333333E33F0000000000000F9010790141107004050150A41D405064090741402480A0350
1001
ACAD
1000
AcDbSavedByObjectVersion
1070
     0
  0
ACAD_PROXY_OBJECT
  5
38
102
{ACAD_REACTORS
330
2A
102
}
330
2A
100
AcDbProxyObject
 90
      499
 91
      501
 93
      444
310
42D31A5B995C185D1D195C9B90E409028333333333333E33F0000000000000F9010790141107004050750841D405064090741402483A0350
1001
ACAD
1000
AcDbSavedByObjectVersion
1070
     0
  0
ACAD_PROXY_OBJECT
  5
3C
102
{ACAD_REACTORS
330
2A
102
}
330
2A
100
AcDbProxyObject
 90
      499
 91
      501
 93
      444
310
42D3DD995C9A185B99D3D999915409028333333333333E33F0000000000000F9010790141107004050150941D405064090741402480A0350
1001
ACAD
1000
AcDbSavedByObjectVersion
1070
     0
  0
ACAD_PROXY_OBJECT
  5
33
102
{ACAD_REACTORS
330
2A
102
}
330
2A
100
AcDbProxyObject
 90
      499
 91
      501
 93
      428
310
425499585B1A5CDD1A58D08409038333333333333E33F0000000000000F9010740A907004050150800405405064090740C02480A1B40
1001
ACAD
1000
AcDbSavedByObjectVersion
1070
     0
  0
ACAD_PROXY_OBJECT
  5
42
102
{ACAD_REACTORS
330
2A
102
}
330
2A
100
AcDbProxyObject
 90
      499
 91
      501
 93
      420
310
4194DA1859195911B40902404333333333333E33F0000000000000F9010740A41107004050150800405405064090840C02480A0B40
1001
ACAD
1000
AcDbSavedByObjectVersion
1070
     0
  0
ACAD_PROXY_OBJECT
  5
41
102
{ACAD_REACTORS
330
2A
102
}
330
2A
100
AcDbProxyObject
 90
      499
 91
      501
 93
      516
310
4454DA18591959081DDA5D1A08195919D95CD1A40902404333333333333E33F0000000000000F901074090142907004050250800405405064090740C02480A0B40
1001
ACAD
1000
AcDbSavedByObjectVersion
1070
     0
  0
ACAD_PROXY_OBJECT
  5
3E
102
{ACAD_REACTORS
330
2A
102
}
330
2A
100
AcDbProxyObject
 90
      499
 91
      501
 93
      532
310
4394DA1859195CC81BD98811DC985E5174090240C333333333333E33F0000000000000F901079024090741D01000000000000111010841D405064090740C02480A0340
1001
ACAD
1000
AcDbSavedByObjectVersion
1070
     0
  0
ACAD_PROXY_OBJECT
  5
3F
102
{ACAD_REACTORS
330
2A
102
}
330
2A
100
AcDbProxyObject
 90
      499
 91
      501
 93
      476
310
41D4DAD95D18DA1E51840502408333333333333E33F0000000000000F901079024090741D01000000000000111010B41D405064090741802480A0340
1001
ACAD
1000
AcDbSavedByObjectVersion
1070
     0
  0
ACAD_PROXY_OBJECT
  5
37
102
{ACAD_REACTORS
330
2A
102
}
330
2A
100
AcDbProxyObject
 90
      499
 91
      501
 93
      412
310
41D51A1A58DAD95B90D409028333333333333E33F0000000000000F9010790141107004050150C41D405064090741402480A0350
1001
ACAD
1000
AcDbSavedByObjectVersion
1070
     0
  0
ACAD_PROXY_OBJECT
  5
30
102
{ACAD_REACTORS
330
2A
102
}
330
2A
100
AcDbProxyObject
 90
      499
 91
      501
 93
      420
310
4255DA5C99599C985B595059028333333333333E33F0000000000000F90107901411070040501600405405064090740C02480A0340
1001
ACAD
1000
AcDbSavedByObjectVersion
1070
     0
  0
ACAD_PROXY_OBJECT
  5
40
102
{ACAD_REACTORS
330
2A
102
}
330
2A
100
AcDbProxyObject
 90
      499
 91
      501
 93
      404
310
41560B54985E51940902404000000000000E03F0000000000000F9010740501907004050150841D405064090740C02480A1B40
1001
ACAD
1000
AcDbSavedByObjectVersion
1070
     0
  0
XRECORD
  5
1000087F
102
{ACAD_REACTORS
330
10000875
102
}
330
10000875
100
AcDbXrecord
340
0
  0
XRECORD
  5
1000087E
102
{ACAD_REACTORS
330
10000875
102
}
330
10000875
100
AcDbXrecord
 90
        0
  0
XRECORD
  5
10000895
102
{ACAD_REACTORS
330
10000875
102
}
330
10000875
100
AcDbXrecord
1000
DSTYLE
1002
{
1070
   340
340
11
1002
}
  0
XRECORD
  5
10000880
102
{ACAD_REACTORS
330
10000875
102
}
330
10000875
100
AcDbXrecord
  1
{63306575-b871-b670-b474-71b474397232}
  0
XRECORD
  5
10000878
102
{ACAD_REACTORS
330
10000875
102
}
330
10000875
100
AcDbXrecord
  1

  0
XRECORD
  5
1000087D
102
{ACAD_REACTORS
330
10000875
102
}
330
10000875
100
AcDbXrecord
 90
        4
  0
XRECORD
  5
1000087A
102
{ACAD_REACTORS
330
10000875
102
}
330
10000875
100
AcDbXrecord
340
1A
  0
XRECORD
  5
1000087C
102
{ACAD_REACTORS
330
10000875
102
}
330
10000875
100
AcDbXrecord
 90
    10781
  0
XRECORD
  5
1000087B
102
{ACAD_REACTORS
330
10000875
102
}
330
10000875
100
AcDbXrecord
340
19
  0
XRECORD
  5
10000882
102
{ACAD_REACTORS
330
10000875
102
}
330
10000875
100
AcDbXrecord
 40
0.0
  0
XRECORD
  5
10000885
102
{ACAD_REACTORS
330
10000875
102
}
330
10000875
100
AcDbXrecord
340
0
  0
XRECORD
  5
1000088B
102
{ACAD_REACTORS
330
10000875
102
}
330
10000875
100
AcDbXrecord
 10
0.0
 20
0.0
 30
0.0
  0
XRECORD
  5
10000887
102
{ACAD_REACTORS
330
10000875
102
}
330
10000875
100
AcDbXrecord
 10
0.0
 20
0.0
 30
0.0
  0
XRECORD
  5
1000088A
102
{ACAD_REACTORS
330
10000875
102
}
330
10000875
100
AcDbXrecord
 10
0.0
 20
0.0
 30
0.0
  0
XRECORD
  5
10000888
102
{ACAD_REACTORS
330
10000875
102
}
330
10000875
100
AcDbXrecord
 10
0.0
 20
0.0
 30
0.0
  0
XRECORD
  5
10000889
102
{ACAD_REACTORS
330
10000875
102
}
330
10000875
100
AcDbXrecord
 10
0.0
 20
0.0
 30
0.0
  0
XRECORD
  5
10000886
102
{ACAD_REACTORS
330
10000875
102
}
330
10000875
100
AcDbXrecord
 10
0.0
 20
0.0
 30
0.0
  0
XRECORD
  5
10000883
102
{ACAD_REACTORS
330
10000875
102
}
330
10000875
100
AcDbXrecord
340
0
  0
XRECORD
  5
10000884
102
{ACAD_REACTORS
330
10000875
102
}
330
10000875
100
AcDbXrecord
 70
     0
  0
XRECORD
  5
10000879
102
{ACAD_REACTORS
330
10000875
102
}
330
10000875
100
AcDbXrecord
  1

  0
XRECORD
  5
10000876
102
{ACAD_REACTORS
330
10000875
102
}
330
10000875
100
AcDbXrecord
 90
        1
  0
XRECORD
  5
10000877
102
{ACAD_REACTORS
330
10000875
102
}
330
10000875
100
AcDbXrecord
 90
       70
  0
XRECORD
  5
1000088E
102
{ACAD_REACTORS
330
10000875
102
}
330
10000875
100
AcDbXrecord
340
0
  0
XRECORD
  5
10000894
102
{ACAD_REACTORS
330
10000875
102
}
330
10000875
100
AcDbXrecord
 10
0.0
 20
0.0
 30
0.0
  0
XRECORD
  5
10000890
102
{ACAD_REACTORS
330
10000875
102
}
330
10000875
100
AcDbXrecord
 10
0.0
 20
0.0
 30
0.0
  0
XRECORD
  5
10000893
102
{ACAD_REACTORS
330
10000875
102
}
330
10000875
100
AcDbXrecord
 10
0.0
 20
0.0
 30
0.0
  0
XRECORD
  5
10000891
102
{ACAD_REACTORS
330
10000875
102
}
330
10000875
100
AcDbXrecord
 10
0.0
 20
0.0
 30
0.0
  0
XRECORD
  5
10000892
102
{ACAD_REACTORS
330
10000875
102
}
330
10000875
100
AcDbXrecord
 10
0.0
 20
0.0
 30
0.0
  0
XRECORD
  5
1000088F
102
{ACAD_REACTORS
330
10000875
102
}
330
10000875
100
AcDbXrecord
 10
0.0
 20
0.0
 30
0.0
  0
XRECORD
  5
1000088C
102
{ACAD_REACTORS
330
10000875
102
}
330
10000875
100
AcDbXrecord
340
0
  0
XRECORD
  5
1000088D
102
{ACAD_REACTORS
330
10000875
102
}
330
10000875
100
AcDbXrecord
 70
     0
  0
XRECORD
  5
10000881
102
{ACAD_REACTORS
330
10000875
102
}
330
10000875
100
AcDbXrecord
  1
{FAEB1C32-E019-11D5-929B-00C0DF256EC4}
  0
DICTIONARYVAR
  5
100008A4
102
{ACAD_REACTORS
330
10000896
102
}
330
10000896
100
DictionaryVariables
280
     0
  1
1:1
  0
DICTIONARYVAR
  5
1000089D
102
{ACAD_REACTORS
330
10000896
102
}
330
10000896
100
DictionaryVariables
280
     0
  1
3.500000
  0
DICTIONARYVAR
  5
1000089E
102
{ACAD_REACTORS
330
10000896
102
}
330
10000896
100
DictionaryVariables
280
     0
  1
acadiso.lin
  0
DICTIONARYVAR
  5
10000898
102
{ACAD_REACTORS
330
10000896
102
}
330
10000896
100
DictionaryVariables
280
     0
  1
Standard
  0
DICTIONARYVAR
  5
10000897
102
{ACAD_REACTORS
330
10000896
102
}
330
10000896
100
DictionaryVariables
280
     0
  1
Standard
  0
DICTIONARYVAR
  5
1000089F
102
{ACAD_REACTORS
330
10000896
102
}
330
10000896
100
DictionaryVariables
280
     0
  1
2
  0
DICTIONARYVAR
  5
100008A0
102
{ACAD_REACTORS
330
10000896
102
}
330
10000896
100
DictionaryVariables
280
     0
  1
1
  0
DICTIONARYVAR
  5
100008A5
102
{ACAD_REACTORS
330
10000896
102
}
330
10000896
100
DictionaryVariables
280
     0
  1
1
  0
DICTIONARYVAR
  5
1000089A
102
{ACAD_REACTORS
330
10000896
102
}
330
10000896
100
DictionaryVariables
280
     0
  1
80.000000
  0
DICTIONARYVAR
  5
10000899
102
{ACAD_REACTORS
330
10000896
102
}
330
10000896
100
DictionaryVariables
280
     0
  1
5.000000
  0
XRECORD
  5
10000003
102
{ACAD_REACTORS
330
10000001
102
}
330
10000001
100
AcDbXrecord
 70
     4
  0
XRECORD
  5
10000002
102
{ACAD_REACTORS
330
10000001
102
}
330
10000001
100
AcDbXrecord
1040
89.0
  0
ACAD_PROXY_OBJECT
  5
10000005
102
{ACAD_REACTORS
330
10000001
102
}
330
10000001
100
AcDbProxyObject
 90
      499
 91
      509
 93
       34
310
40C8804040
  0
DICTIONARY
  5
100008A8
330
45
100
AcDbDictionary
280
     1
  3
ACAD_XREC_ROUNDTRIP
360
100008A9
  0
DICTIONARY
  5
100008A6
330
44
100
AcDbDictionary
280
     1
  3
ACAD_XREC_ROUNDTRIP
360
100008A7
  0
DICTIONARY
  5
100008AA
330
46
100
AcDbDictionary
280
     1
  3
ACAD_XREC_ROUNDTRIP
360
100008AB
  0
XRECORD
  5
100008A9
102
{ACAD_REACTORS
330
100008A8
102
}
330
100008A8
100
AcDbXrecord
102
MATERIAL
148
0.0
149
0.0
149
0.0
 93
        0
 94
      127
282
     0
 72
     1
 77
     1
171
     1
175
     1
179
     1
273
     0
  0
XRECORD
  5
100008A7
102
{ACAD_REACTORS
330
100008A6
102
}
330
100008A6
100
AcDbXrecord
102
MATERIAL
148
0.0
149
0.0
149
0.0
 93
        0
 94
      127
282
     0
 72
     1
 77
     1
171
     1
175
     1
179
     1
273
     0
  0
XRECORD
  5
100008AB
102
{ACAD_REACTORS
330
100008AA
102
}
330
100008AA
100
AcDbXrecord
102
MATERIAL
148
0.0
149
0.0
149
0.0
 93
        0
 94
      127
282
     0
 72
     1
 77
     1
171
     1
175
     1
179
     1
273
     0
  0
ENDSEC
  0
EOF
