ISO-10303-21;
HEADER;
FILE_DESCRIPTION (( 'STEP AP214' ),
    '1' );
FILE_NAME ('1B7A9D4B-DD9A-41BF-928E-F906D4B0980F.STEP',
    '2026-05-10T13:24:29',
    ( '' ),
    ( '' ),
    'SwSTEP 2.0',
    'SolidWorks 2022',
    '' );
FILE_SCHEMA (( 'AUTOMOTIVE_DESIGN' ));
ENDSEC;

DATA;
#1 = ORIENTED_EDGE ( 'NONE', *, *, #96, .T. ) ;
#2 = VECTOR ( 'NONE', #979, 1000.000000000000000 ) ;
#3 = VERTEX_POINT ( 'NONE', #1477 ) ;
#4 = CARTESIAN_POINT ( 'NONE',  ( 0.8052413936681429574, 0.1000000000000000056, 0.3400000000000000244 ) ) ;
#5 = LINE ( 'NONE', #21, #1274 ) ;
#6 = LINE ( 'NONE', #1428, #1630 ) ;
#7 = CARTESIAN_POINT ( 'NONE',  ( -1.553499999999999881, 1.399999999999999911, -0.4755000000000000338 ) ) ;
#8 = ORIENTED_EDGE ( 'NONE', *, *, #2013, .F. ) ;
#9 = EDGE_CURVE ( 'NONE', #1715, #162, #1751, .T. ) ;
#10 = CARTESIAN_POINT ( 'NONE',  ( 1.183344850878030208, -0.9833448508780340269, 0.3499999999999999778 ) ) ;
#11 = ORIENTED_EDGE ( 'NONE', *, *, #237, .F. ) ;
#12 = ORIENTED_EDGE ( 'NONE', *, *, #1717, .T. ) ;
#13 = DIRECTION ( 'NONE',  ( 0.0000000000000000000, 0.0000000000000000000, -1.000000000000000000 ) ) ;
#14 = LINE ( 'NONE', #1131, #1922 ) ;
#15 = EDGE_LOOP ( 'NONE', ( #968, #1149, #479, #612 ) ) ;
#16 = CARTESIAN_POINT ( 'NONE',  ( 0.0000000000000000000, 0.0000000000000000000, -0.8499999999999999778 ) ) ;
#17 = ADVANCED_FACE ( 'NONE', ( #1624 ), #1312, .F. ) ;
#18 = ORIENTED_EDGE ( 'NONE', *, *, #440, .F. ) ;
#19 = EDGE_CURVE ( 'NONE', #494, #1907, #378, .T. ) ;
#20 = ORIENTED_EDGE ( 'NONE', *, *, #1434, .T. ) ;
#21 = CARTESIAN_POINT ( 'NONE',  ( 0.3709936491443470152, 0.0000000000000000000, 0.3400000000000000244 ) ) ;
#22 = AXIS2_PLACEMENT_3D ( 'NONE', #1604, #201, #1450 ) ;
#23 = CARTESIAN_POINT ( 'NONE',  ( -0.3709936491443470152, 0.1000000000000000056, 0.3400000000000000244 ) ) ;
#24 = AXIS2_PLACEMENT_3D ( 'NONE', #108, #1390, #1664 ) ;
#25 = ORIENTED_EDGE ( 'NONE', *, *, #526, .F. ) ;
#26 = VECTOR ( 'NONE', #593, 1000.000000000000000 ) ;
#27 = CYLINDRICAL_SURFACE ( 'NONE', #614, 0.1250000000000000000 ) ;
#28 = CIRCLE ( 'NONE', #325, 0.8114269542457979156 ) ;
#29 = ORIENTED_EDGE ( 'NONE', *, *, #586, .T. ) ;
#30 = AXIS2_PLACEMENT_3D ( 'NONE', #142, #766, #483 ) ;
#31 = AXIS2_PLACEMENT_3D ( 'NONE', #1207, #1525, #114 ) ;
#32 = VERTEX_POINT ( 'NONE', #1002 ) ;
#33 = CARTESIAN_POINT ( 'NONE',  ( 0.1250000000000000000, 1.530808498934191509E-17, 0.3499999999999999778 ) ) ;
#34 = EDGE_CURVE ( 'NONE', #1484, #1406, #1606, .T. ) ;
#35 = FACE_OUTER_BOUND ( 'NONE', #959, .T. ) ;
#36 = CARTESIAN_POINT ( 'NONE',  ( 0.5000000000000000000, 0.0000000000000000000, -0.8499999999999999778 ) ) ;
#37 = CARTESIAN_POINT ( 'NONE',  ( 0.1250000000000000000, -1.530808498934191509E-17, 0.3400000000000000244 ) ) ;
#38 = VERTEX_POINT ( 'NONE', #213 ) ;
#39 = CARTESIAN_POINT ( 'NONE',  ( 0.3709936491443470152, 0.3562134266070410282, 0.3499999999999999778 ) ) ;
#40 = ORIENTED_EDGE ( 'NONE', *, *, #1412, .F. ) ;
#41 = CARTESIAN_POINT ( 'NONE',  ( 0.3709936491443470152, 0.1000000000000000056, 0.3400000000000000244 ) ) ;
#42 = ORIENTED_EDGE ( 'NONE', *, *, #283, .T. ) ;
#43 = DIRECTION ( 'NONE',  ( -0.0000000000000000000, 1.000000000000000000, 0.0000000000000000000 ) ) ;
#44 = FACE_OUTER_BOUND ( 'NONE', #504, .T. ) ;
#45 = CARTESIAN_POINT ( 'NONE',  ( 1.553499999999999881, -1.399999999999999911, -0.4755000000000000338 ) ) ;
#46 = CARTESIAN_POINT ( 'NONE',  ( 0.0000000000000000000, 0.0000000000000000000, 0.3499999999999999778 ) ) ;
#47 = EDGE_CURVE ( 'NONE', #227, #391, #837, .T. ) ;
#48 = EDGE_LOOP ( 'NONE', ( #861, #190 ) ) ;
#49 = ORIENTED_EDGE ( 'NONE', *, *, #1596, .T. ) ;
#50 = VERTEX_POINT ( 'NONE', #1319 ) ;
#51 = VERTEX_POINT ( 'NONE', #1996 ) ;
#52 = DIRECTION ( 'NONE',  ( -1.000000000000000000, 0.0000000000000000000, 0.0000000000000000000 ) ) ;
#53 = CARTESIAN_POINT ( 'NONE',  ( 1.566666666666669983, -1.399999999999999911, 0.3499999999999999778 ) ) ;
#54 = DIRECTION ( 'NONE',  ( 0.0000000000000000000, 0.0000000000000000000, 1.000000000000000000 ) ) ;
#55 = AXIS2_PLACEMENT_3D ( 'NONE', #347, #985, #1598 ) ;
#56 = ORIENTED_EDGE ( 'NONE', *, *, #155, .T. ) ;
#57 = CARTESIAN_POINT ( 'NONE',  ( 1.600000000000000089, -0.6999999999999999556, 0.1000000000000000056 ) ) ;
#58 = AXIS2_PLACEMENT_3D ( 'NONE', #724, #1065, #1988 ) ;
#59 = ADVANCED_FACE ( 'NONE', ( #751 ), #1338, .T. ) ;
#60 = VECTOR ( 'NONE', #220, 1000.000000000000000 ) ;
#61 = ORIENTED_EDGE ( 'NONE', *, *, #1112, .F. ) ;
#62 = CARTESIAN_POINT ( 'NONE',  ( -2.939999999999999947, 1.094999999999999973, -0.1000000000000000056 ) ) ;
#63 = VERTEX_POINT ( 'NONE', #1219 ) ;
#64 = VECTOR ( 'NONE', #737, 1000.000000000000000 ) ;
#65 = DIRECTION ( 'NONE',  ( 0.0000000000000000000, 0.0000000000000000000, 1.000000000000000000 ) ) ;
#66 = CARTESIAN_POINT ( 'NONE',  ( -0.3709936491443470152, 0.3562134266070410282, 0.3400000000000000244 ) ) ;
#67 = CARTESIAN_POINT ( 'NONE',  ( 0.0000000000000000000, 0.0000000000000000000, 0.3499999999999999778 ) ) ;
#68 = ORIENTED_EDGE ( 'NONE', *, *, #1837, .T. ) ;
#69 = ORIENTED_EDGE ( 'NONE', *, *, #1434, .F. ) ;
#70 = EDGE_CURVE ( 'NONE', #1733, #370, #106, .T. ) ;
#71 = ORIENTED_EDGE ( 'NONE', *, *, #705, .T. ) ;
#72 = SURFACE_STYLE_FILL_AREA ( #676 ) ;
#73 = EDGE_CURVE ( 'NONE', #471, #872, #602, .T. ) ;
#74 = ORIENTED_EDGE ( 'NONE', *, *, #1112, .T. ) ;
#75 = FILL_AREA_STYLE_COLOUR ( '', #1698 ) ;
#76 = CARTESIAN_POINT ( 'NONE',  ( 2.939999999999999947, 1.094999999999999973, 0.1000000000000000056 ) ) ;
#77 = DIRECTION ( 'NONE',  ( 0.0000000000000000000, 0.0000000000000000000, 1.000000000000000000 ) ) ;
#78 = CARTESIAN_POINT ( 'NONE',  ( 0.3709936491443470152, 0.3562134266070410282, 0.3400000000000000244 ) ) ;
#79 = ORIENTED_EDGE ( 'NONE', *, *, #609, .F. ) ;
#80 = ORIENTED_EDGE ( 'NONE', *, *, #1373, .T. ) ;
#81 = DIRECTION ( 'NONE',  ( 0.1321637200910179555, 0.0000000000000000000, 0.9912279006826346661 ) ) ;
#82 = EDGE_CURVE ( 'NONE', #1421, #1896, #897, .T. ) ;
#83 = ORIENTED_EDGE ( 'NONE', *, *, #1969, .F. ) ;
#84 = EDGE_CURVE ( 'NONE', #657, #1927, #398, .T. ) ;
#85 = DIRECTION ( 'NONE',  ( 0.0000000000000000000, 0.0000000000000000000, 1.000000000000000000 ) ) ;
#86 = DIRECTION ( 'NONE',  ( 0.0000000000000000000, -1.000000000000000000, 0.0000000000000000000 ) ) ;
#87 = CARTESIAN_POINT ( 'NONE',  ( 0.0000000000000000000, 0.0000000000000000000, 0.3499999999999999778 ) ) ;
#88 = AXIS2_PLACEMENT_3D ( 'NONE', #1930, #536, #1626 ) ;
#89 = ORIENTED_EDGE ( 'NONE', *, *, #343, .F. ) ;
#90 = VECTOR ( 'NONE', #1697, 1000.000000000000000 ) ;
#91 = DIRECTION ( 'NONE',  ( 0.0000000000000000000, 1.000000000000000000, 0.0000000000000000000 ) ) ;
#92 = PRESENTATION_LAYER_ASSIGNMENT (  '', '', ( #1857 ) ) ;
#93 = VERTEX_POINT ( 'NONE', #729 ) ;
#94 = UNCERTAINTY_MEASURE_WITH_UNIT (LENGTH_MEASURE( 1.000000000000000082E-05 ), #575, 'distance_accuracy_value', 'NONE');
#95 = STYLED_ITEM ( 'NONE', ( #1790 ), #232 ) ;
#96 = EDGE_CURVE ( 'NONE', #300, #425, #1508, .T. ) ;
#97 = CARTESIAN_POINT ( 'NONE',  ( 0.2709936491443469819, 0.2562134266070400512, 0.3400000000000000244 ) ) ;
#98 = CARTESIAN_POINT ( 'NONE',  ( 0.8114269542457979156, 9.937114222590031112E-17, 0.3499999999999999778 ) ) ;
#99 = CARTESIAN_POINT ( 'NONE',  ( 0.8052413936681429574, 0.1000000000000000056, 0.3400000000000000244 ) ) ;
#100 = DIRECTION ( 'NONE',  ( -0.0000000000000000000, 1.000000000000000000, 0.0000000000000000000 ) ) ;
#101 = ORIENTED_EDGE ( 'NONE', *, *, #1423, .T. ) ;
#102 = CARTESIAN_POINT ( 'NONE',  ( 0.2709936491443469819, 0.2562134266070400512, 0.3499999999999999778 ) ) ;
#103 = VERTEX_POINT ( 'NONE', #1229 ) ;
#104 = DIRECTION ( 'NONE',  ( 0.0000000000000000000, 0.0000000000000000000, -1.000000000000000000 ) ) ;
#105 = LINE ( 'NONE', #1825, #1012 ) ;
#106 = LINE ( 'NONE', #1661, #64 ) ;
#107 = DIRECTION ( 'NONE',  ( -1.000000000000000000, 0.0000000000000000000, 0.0000000000000000000 ) ) ;
#108 = CARTESIAN_POINT ( 'NONE',  ( 0.0000000000000000000, 0.0000000000000000000, 0.3400000000000000244 ) ) ;
#109 = EDGE_CURVE ( 'NONE', #872, #204, #1967, .T. ) ;
#110 = VERTEX_POINT ( 'NONE', #273 ) ;
#111 = PLANE ( 'NONE',  #1302 ) ;
#112 = LINE ( 'NONE', #735, #455 ) ;
#113 = CARTESIAN_POINT ( 'NONE',  ( 1.550000000000000044, -0.6999999999999999556, 0.4749999999999999778 ) ) ;
#114 = DIRECTION ( 'NONE',  ( 1.000000000000000000, 0.0000000000000000000, 0.0000000000000000000 ) ) ;
#115 = DIRECTION ( 'NONE',  ( 0.0000000000000000000, 0.0000000000000000000, -1.000000000000000000 ) ) ;
#116 = DIRECTION ( 'NONE',  ( 1.000000000000000000, 0.0000000000000000000, 0.0000000000000000000 ) ) ;
#117 = VERTEX_POINT ( 'NONE', #1063 ) ;
#118 = ADVANCED_FACE ( 'NONE', ( #1496 ), #1974, .T. ) ;
#119 = DIRECTION ( 'NONE',  ( 0.0000000000000000000, 0.0000000000000000000, 1.000000000000000000 ) ) ;
#120 = VECTOR ( 'NONE', #1316, 1000.000000000000000 ) ;
#121 = PRODUCT_CONTEXT ( 'NONE', #435, 'mechanical' ) ;
#122 = AXIS2_PLACEMENT_3D ( 'NONE', #761, #907, #137 ) ;
#123 = AXIS2_PLACEMENT_3D ( 'NONE', #521, #834, #1146 ) ;
#124 = CARTESIAN_POINT ( 'NONE',  ( -1.500000000000000000, 0.6999999999999999556, 0.8499999999999999778 ) ) ;
#125 = CARTESIAN_POINT ( 'NONE',  ( 0.8114269542457979156, 0.0000000000000000000, 0.3400000000000000244 ) ) ;
#126 = AXIS2_PLACEMENT_3D ( 'NONE', #1039, #427, #448 ) ;
#127 = CARTESIAN_POINT ( 'NONE',  ( -0.3709936491443470152, 0.3562134266070410282, 0.3499999999999999778 ) ) ;
#128 = CARTESIAN_POINT ( 'NONE',  ( 0.3709936491443470152, 0.0000000000000000000, 0.3400000000000000244 ) ) ;
#129 = DIRECTION ( 'NONE',  ( 0.0000000000000000000, 0.0000000000000000000, 1.000000000000000000 ) ) ;
#130 = ORIENTED_EDGE ( 'NONE', *, *, #924, .F. ) ;
#131 = CARTESIAN_POINT ( 'NONE',  ( -0.2083275745609829976, -1.399999999999999911, 0.3499999999999999778 ) ) ;
#132 = ADVANCED_FACE ( 'NONE', ( #1848 ), #441, .T. ) ;
#133 = EDGE_CURVE ( 'NONE', #1280, #1614, #1071, .T. ) ;
#134 = FACE_OUTER_BOUND ( 'NONE', #1810, .T. ) ;
#135 = CARTESIAN_POINT ( 'NONE',  ( 0.8114269542457979156, -1.250611591630747544E-16, 0.3499999999999999778 ) ) ;
#136 = LINE ( 'NONE', #936, #1605 ) ;
#137 = DIRECTION ( 'NONE',  ( -1.000000000000000000, 0.0000000000000000000, 0.0000000000000000000 ) ) ;
#138 = ORIENTED_EDGE ( 'NONE', *, *, #835, .F. ) ;
#139 = FACE_OUTER_BOUND ( 'NONE', #253, .T. ) ;
#140 = EDGE_CURVE ( 'NONE', #1726, #963, #711, .T. ) ;
#141 = FACE_BOUND ( 'NONE', #1750, .T. ) ;
#142 = CARTESIAN_POINT ( 'NONE',  ( 2.939999999999999947, 1.094999999999999973, 0.0000000000000000000 ) ) ;
#143 = EDGE_CURVE ( 'NONE', #1896, #510, #430, .T. ) ;
#144 = CYLINDRICAL_SURFACE ( 'NONE', #884, 0.5000000000000000000 ) ;
#145 =( NAMED_UNIT ( * ) SI_UNIT ( $, .STERADIAN. ) SOLID_ANGLE_UNIT ( ) );
#146 = ORIENTED_EDGE ( 'NONE', *, *, #873, .F. ) ;
#147 = DIRECTION ( 'NONE',  ( 0.0000000000000000000, 1.000000000000000000, 0.0000000000000000000 ) ) ;
#148 = EDGE_LOOP ( 'NONE', ( #1248, #229, #598, #1103 ) ) ;
#149 =( GEOMETRIC_REPRESENTATION_CONTEXT ( 3 ) GLOBAL_UNCERTAINTY_ASSIGNED_CONTEXT ( ( #1185 ) ) GLOBAL_UNIT_ASSIGNED_CONTEXT ( ( #1150, #392, #1301 ) ) REPRESENTATION_CONTEXT ( 'NONE', 'WORKASPACE' ) );
#150 = ORIENTED_EDGE ( 'NONE', *, *, #1779, .T. ) ;
#151 = CARTESIAN_POINT ( 'NONE',  ( 0.0000000000000000000, 0.0000000000000000000, 0.3499999999999999778 ) ) ;
#152 = LINE ( 'NONE', #1589, #1724 ) ;
#153 = VECTOR ( 'NONE', #266, 1000.000000000000000 ) ;
#154 = VECTOR ( 'NONE', #418, 1000.000000000000000 ) ;
#155 = EDGE_CURVE ( 'NONE', #534, #1035, #1651, .T. ) ;
#156 = FACE_OUTER_BOUND ( 'NONE', #1345, .T. ) ;
#157 = AXIS2_PLACEMENT_3D ( 'NONE', #1983, #918, #1347 ) ;
#158 = VECTOR ( 'NONE', #349, 1000.000000000000000 ) ;
#159 = VERTEX_POINT ( 'NONE', #562 ) ;
#160 = LINE ( 'NONE', #960, #553 ) ;
#161 = VECTOR ( 'NONE', #878, 1000.000000000000000 ) ;
#162 = VERTEX_POINT ( 'NONE', #1188 ) ;
#163 = CONICAL_SURFACE ( 'NONE', #1313, 1.230976769834439821, 0.6981317007977323463 ) ;
#164 = ORIENTED_EDGE ( 'NONE', *, *, #686, .F. ) ;
#165 = FACE_OUTER_BOUND ( 'NONE', #1333, .T. ) ;
#166 = FACE_OUTER_BOUND ( 'NONE', #795, .T. ) ;
#167 = DIRECTION ( 'NONE',  ( 0.0000000000000000000, 0.0000000000000000000, 1.000000000000000000 ) ) ;
#168 = EDGE_CURVE ( 'NONE', #110, #1116, #1814, .T. ) ;
#169 = ORIENTED_EDGE ( 'NONE', *, *, #140, .F. ) ;
#170 = CARTESIAN_POINT ( 'NONE',  ( -1.016032285289560022, 1.399999999999999911, -0.4249999999999999889 ) ) ;
#171 = EDGE_CURVE ( 'NONE', #1280, #50, #1348, .T. ) ;
#172 = EDGE_LOOP ( 'NONE', ( #793, #932, #1435, #79 ) ) ;
#173 = ORIENTED_EDGE ( 'NONE', *, *, #283, .F. ) ;
#174 = FILL_AREA_STYLE ('',( #1580 ) ) ;
#175 = CARTESIAN_POINT ( 'NONE',  ( -1.514285714285710016, 0.3499999999999999778, -0.7500000000000000000 ) ) ;
#176 = DIRECTION ( 'NONE',  ( 0.7071067811865470176, 0.7071067811865480168, 0.0000000000000000000 ) ) ;
#177 = LINE ( 'NONE', #1253, #1401 ) ;
#178 = ORIENTED_EDGE ( 'NONE', *, *, #272, .T. ) ;
#179 = LINE ( 'NONE', #770, #1502 ) ;
#180 = EDGE_CURVE ( 'NONE', #411, #305, #1673, .T. ) ;
#181 = ORIENTED_EDGE ( 'NONE', *, *, #1396, .F. ) ;
#182 = ORIENTED_EDGE ( 'NONE', *, *, #1482, .F. ) ;
#183 = LINE ( 'NONE', #1101, #196 ) ;
#184 = AXIS2_PLACEMENT_3D ( 'NONE', #1658, #1982, #1362 ) ;
#185 = AXIS2_PLACEMENT_3D ( 'NONE', #1885, #2020, #306 ) ;
#186 = LINE ( 'NONE', #1153, #429 ) ;
#187 = FACE_OUTER_BOUND ( 'NONE', #1211, .T. ) ;
#188 = CARTESIAN_POINT ( 'NONE',  ( 0.0000000000000000000, 0.0000000000000000000, 0.3400000000000000244 ) ) ;
#189 = VECTOR ( 'NONE', #1559, 1000.000000000000000 ) ;
#190 = ORIENTED_EDGE ( 'NONE', *, *, #1517, .F. ) ;
#191 = AXIS2_PLACEMENT_3D ( 'NONE', #1381, #1356, #1674 ) ;
#192 = CARTESIAN_POINT ( 'NONE',  ( -0.3709936491443470152, 0.0000000000000000000, 0.3400000000000000244 ) ) ;
#193 = AXIS2_PLACEMENT_3D ( 'NONE', #991, #1187, #875 ) ;
#194 = EDGE_LOOP ( 'NONE', ( #515, #327, #1279, #1871 ) ) ;
#195 = FACE_OUTER_BOUND ( 'NONE', #916, .T. ) ;
#196 = VECTOR ( 'NONE', #1865, 1000.000000000000000 ) ;
#197 = VECTOR ( 'NONE', #408, 1000.000000000000000 ) ;
#198 = ORIENTED_EDGE ( 'NONE', *, *, #989, .T. ) ;
#199 = DIRECTION ( 'NONE',  ( 0.0000000000000000000, 0.0000000000000000000, -1.000000000000000000 ) ) ;
#200 = EDGE_CURVE ( 'NONE', #305, #1127, #416, .T. ) ;
#201 = DIRECTION ( 'NONE',  ( 0.0000000000000000000, 0.0000000000000000000, 1.000000000000000000 ) ) ;
#202 = DIRECTION ( 'NONE',  ( -1.000000000000000000, 0.0000000000000000000, 0.0000000000000000000 ) ) ;
#203 = EDGE_LOOP ( 'NONE', ( #633, #1887, #173, #656 ) ) ;
#204 = VERTEX_POINT ( 'NONE', #1858 ) ;
#205 = DIRECTION ( 'NONE',  ( 0.0000000000000000000, 0.0000000000000000000, 1.000000000000000000 ) ) ;
#206 = ORIENTED_EDGE ( 'NONE', *, *, #1892, .F. ) ;
#207 = DIRECTION ( 'NONE',  ( 1.000000000000000000, 0.0000000000000000000, 0.0000000000000000000 ) ) ;
#208 = EDGE_CURVE ( 'NONE', #403, #238, #1893, .T. ) ;
#209 = DIRECTION ( 'NONE',  ( 0.0000000000000000000, 1.000000000000000000, 0.0000000000000000000 ) ) ;
#210 = DIRECTION ( 'NONE',  ( 0.0000000000000000000, 0.0000000000000000000, 1.000000000000000000 ) ) ;
#211 =( NAMED_UNIT ( * ) PLANE_ANGLE_UNIT ( ) SI_UNIT ( $, .RADIAN. ) );
#212 = ORIENTED_EDGE ( 'NONE', *, *, #84, .T. ) ;
#213 = CARTESIAN_POINT ( 'NONE',  ( -1.500000000000000000, 1.399999999999999911, 0.8499999999999999778 ) ) ;
#214 = EDGE_LOOP ( 'NONE', ( #818, #529, #1264, #929 ) ) ;
#215 = CARTESIAN_POINT ( 'NONE',  ( 0.2709936491443469819, 0.0000000000000000000, 0.3499999999999999778 ) ) ;
#216 = ORIENTED_EDGE ( 'NONE', *, *, #1980, .F. ) ;
#217 = PLANE ( 'NONE',  #717 ) ;
#218 = LINE ( 'NONE', #1590, #1409 ) ;
#219 = DIRECTION ( 'NONE',  ( 1.000000000000000000, 0.0000000000000000000, 0.0000000000000000000 ) ) ;
#220 = DIRECTION ( 'NONE',  ( -1.000000000000000000, -1.280268730617219935E-16, 0.0000000000000000000 ) ) ;
#221 = ADVANCED_FACE ( 'NONE', ( #1710 ), #144, .F. ) ;
#222 = VECTOR ( 'NONE', #1438, 1000.000000000000000 ) ;
#223 = DIRECTION ( 'NONE',  ( 0.0000000000000000000, 1.000000000000000000, 0.0000000000000000000 ) ) ;
#224 = AXIS2_PLACEMENT_3D ( 'NONE', #939, #1117, #334 ) ;
#225 = EDGE_CURVE ( 'NONE', #628, #1421, #639, .T. ) ;
#226 = VECTOR ( 'NONE', #845, 1000.000000000000000 ) ;
#227 = VERTEX_POINT ( 'NONE', #1094 ) ;
#228 = AXIS2_PLACEMENT_3D ( 'NONE', #66, #1935, #210 ) ;
#229 = ORIENTED_EDGE ( 'NONE', *, *, #73, .T. ) ;
#230 = FILL_AREA_STYLE ('',( #75 ) ) ;
#231 = VECTOR ( 'NONE', #1243, 1000.000000000000000 ) ;
#232 = ADVANCED_BREP_SHAPE_REPRESENTATION ( '1B7A9D4B-DD9A-41BF-928E-F906D4B0980F', ( #1323, #1966, #646, #620, #1293, #1662 ), #915 ) ;
#233 = DIRECTION ( 'NONE',  ( -1.000000000000000000, 0.0000000000000000000, 0.0000000000000000000 ) ) ;
#234 = CARTESIAN_POINT ( 'NONE',  ( 0.3709936491443470152, 0.3562134266070410282, 0.3499999999999999778 ) ) ;
#235 = CARTESIAN_POINT ( 'NONE',  ( -1.600000000000000089, 0.6999999999999999556, 0.1000000000000000056 ) ) ;
#236 = ORIENTED_EDGE ( 'NONE', *, *, #485, .F. ) ;
#237 = EDGE_CURVE ( 'NONE', #534, #1715, #1310, .T. ) ;
#238 = VERTEX_POINT ( 'NONE', #797 ) ;
#239 = EDGE_CURVE ( 'NONE', #944, #734, #136, .T. ) ;
#240 = CARTESIAN_POINT ( 'NONE',  ( -1.581550218340609826, -1.399999999999999911, 0.2383733624454149880 ) ) ;
#241 = ORIENTED_EDGE ( 'NONE', *, *, #1171, .F. ) ;
#242 = DIRECTION ( 'NONE',  ( -1.000000000000000000, 0.0000000000000000000, 0.0000000000000000000 ) ) ;
#243 = DIRECTION ( 'NONE',  ( -0.1321637200910179555, 0.0000000000000000000, 0.9912279006826346661 ) ) ;
#244 = LINE ( 'NONE', #542, #1599 ) ;
#245 = CARTESIAN_POINT ( 'NONE',  ( -0.2709936491443469819, 0.2562134266070400512, 0.3400000000000000244 ) ) ;
#246 = EDGE_LOOP ( 'NONE', ( #1148, #1928, #677, #1003 ) ) ;
#247 = EDGE_CURVE ( 'NONE', #345, #348, #1085, .T. ) ;
#248 = EDGE_LOOP ( 'NONE', ( #773, #605 ) ) ;
#249 = CARTESIAN_POINT ( 'NONE',  ( 1.585500000000000131, 1.399999999999999911, -0.2515000000000000013 ) ) ;
#250 = DIRECTION ( 'NONE',  ( 0.0000000000000000000, 0.0000000000000000000, 1.000000000000000000 ) ) ;
#251 = DIRECTION ( 'NONE',  ( 1.000000000000000000, 0.0000000000000000000, 0.0000000000000000000 ) ) ;
#252 = CARTESIAN_POINT ( 'NONE',  ( -1.016032285289560022, 1.399999999999999911, -0.8499999999999999778 ) ) ;
#253 = EDGE_LOOP ( 'NONE', ( #1134, #1156, #1254, #851 ) ) ;
#254 = AXIS2_PLACEMENT_3D ( 'NONE', #1693, #1997, #604 ) ;
#255 = VECTOR ( 'NONE', #1914, 1000.000000000000000 ) ;
#256 = ADVANCED_FACE ( 'NONE', ( #166 ), #1147, .F. ) ;
#257 = VECTOR ( 'NONE', #1418, 1000.000000000000000 ) ;
#258 = ORIENTED_EDGE ( 'NONE', *, *, #1109, .F. ) ;
#259 = DIRECTION ( 'NONE',  ( 1.000000000000000000, 0.0000000000000000000, 0.0000000000000000000 ) ) ;
#260 = FACE_OUTER_BOUND ( 'NONE', #995, .T. ) ;
#261 = ADVANCED_FACE ( 'NONE', ( #1427 ), #651, .F. ) ;
#262 = CLOSED_SHELL ( 'NONE', ( #1062, #537, #1680, #118, #1554, #597, #782, #744, #1387, #572, #59, #1623, #1941, #740 ) ) ;
#263 = AXIS2_PLACEMENT_3D ( 'NONE', #1934, #1283, #365 ) ;
#264 = DIRECTION ( 'NONE',  ( -1.000000000000000000, 0.0000000000000000000, 0.0000000000000000000 ) ) ;
#265 = SURFACE_STYLE_USAGE ( .BOTH. , #906 ) ;
#266 = DIRECTION ( 'NONE',  ( 1.000000000000000000, 1.280268730617219935E-16, 0.0000000000000000000 ) ) ;
#267 = ORIENTED_EDGE ( 'NONE', *, *, #804, .T. ) ;
#268 = LINE ( 'NONE', #131, #1691 ) ;
#269 = DIRECTION ( 'NONE',  ( 1.000000000000000000, 0.0000000000000000000, 0.0000000000000000000 ) ) ;
#270 = DIRECTION ( 'NONE',  ( -1.000000000000000000, 0.0000000000000000000, 0.0000000000000000000 ) ) ;
#271 = CYLINDRICAL_SURFACE ( 'NONE', #1179, 0.5000000000000000000 ) ;
#272 = EDGE_CURVE ( 'NONE', #370, #162, #1459, .T. ) ;
#273 = CARTESIAN_POINT ( 'NONE',  ( -2.939999999999999947, -1.094999999999999973, 0.1000000000000000056 ) ) ;
#274 = CARTESIAN_POINT ( 'NONE',  ( -0.2709936491443469819, 0.0000000000000000000, 0.3499999999999999778 ) ) ;
#275 = DIRECTION ( 'NONE',  ( 0.0000000000000000000, 0.0000000000000000000, -1.000000000000000000 ) ) ;
#276 = ORIENTED_EDGE ( 'NONE', *, *, #225, .T. ) ;
#277 = PLANE ( 'NONE',  #1172 ) ;
#278 = VERTEX_POINT ( 'NONE', #76 ) ;
#279 = CARTESIAN_POINT ( 'NONE',  ( -0.8114269542457979156, 0.0000000000000000000, 0.3400000000000000244 ) ) ;
#280 = CARTESIAN_POINT ( 'NONE',  ( -1.500000000000000000, -1.399999999999999911, 0.8499999999999999778 ) ) ;
#281 = CARTESIAN_POINT ( 'NONE',  ( 1.600000000000000089, -1.399999999999999911, -0.8499999999999999778 ) ) ;
#282 = DIRECTION ( 'NONE',  ( 1.000000000000000000, 0.0000000000000000000, 0.0000000000000000000 ) ) ;
#283 = EDGE_CURVE ( 'NONE', #51, #1738, #823, .T. ) ;
#284 = LINE ( 'NONE', #1543, #910 ) ;
#285 = EDGE_CURVE ( 'NONE', #1421, #117, #375, .T. ) ;
#286 = AXIS2_PLACEMENT_3D ( 'NONE', #1092, #1994, #599 ) ;
#287 = ORIENTED_EDGE ( 'NONE', *, *, #924, .T. ) ;
#288 =( NAMED_UNIT ( * ) SI_UNIT ( $, .STERADIAN. ) SOLID_ANGLE_UNIT ( ) );
#289 = VECTOR ( 'NONE', #1686, 1000.000000000000000 ) ;
#290 = ORIENTED_EDGE ( 'NONE', *, *, #1754, .F. ) ;
#291 = VECTOR ( 'NONE', #443, 1000.000000000000000 ) ;
#292 = DIRECTION ( 'NONE',  ( 1.000000000000000000, 0.0000000000000000000, 0.0000000000000000000 ) ) ;
#293 = PLANE ( 'NONE',  #1339 ) ;
#294 = AXIS2_PLACEMENT_3D ( 'NONE', #920, #603, #1849 ) ;
#295 = VECTOR ( 'NONE', #13, 1000.000000000000000 ) ;
#296 = CARTESIAN_POINT ( 'NONE',  ( 0.1854968245721730080, 0.1000000000000000056, 0.3499999999999999778 ) ) ;
#297 = CARTESIAN_POINT ( 'NONE',  ( 0.3709936491443470152, 0.3562134266070410282, 0.3400000000000000244 ) ) ;
#298 = VECTOR ( 'NONE', #251, 1000.000000000000000 ) ;
#299 = EDGE_CURVE ( 'NONE', #446, #93, #1216, .T. ) ;
#300 = VERTEX_POINT ( 'NONE', #1007 ) ;
#301 = LINE ( 'NONE', #1048, #1822 ) ;
#302 = EDGE_CURVE ( 'NONE', #627, #1834, #218, .T. ) ;
#303 = CARTESIAN_POINT ( 'NONE',  ( 0.0000000000000000000, 0.1781067133035199868, 0.3400000000000000244 ) ) ;
#304 = CARTESIAN_POINT ( 'NONE',  ( 0.0000000000000000000, 0.3562134266070410282, 0.3400000000000000244 ) ) ;
#305 = VERTEX_POINT ( 'NONE', #1307 ) ;
#306 = DIRECTION ( 'NONE',  ( 0.0000000000000000000, 1.000000000000000000, 0.0000000000000000000 ) ) ;
#307 = ORIENTED_EDGE ( 'NONE', *, *, #731, .F. ) ;
#308 = EDGE_CURVE ( 'NONE', #1742, #38, #186, .T. ) ;
#309 = FACE_OUTER_BOUND ( 'NONE', #976, .T. ) ;
#310 = LINE ( 'NONE', #505, #813 ) ;
#311 = DIRECTION ( 'NONE',  ( 1.000000000000000000, 0.0000000000000000000, 0.0000000000000000000 ) ) ;
#312 = FACE_OUTER_BOUND ( 'NONE', #1877, .T. ) ;
#313 = ORIENTED_EDGE ( 'NONE', *, *, #171, .F. ) ;
#314 = LINE ( 'NONE', #816, #1468 ) ;
#315 = ORIENTED_EDGE ( 'NONE', *, *, #2003, .F. ) ;
#316 = AXIS2_PLACEMENT_3D ( 'NONE', #706, #259, #1964 ) ;
#317 = ORIENTED_EDGE ( 'NONE', *, *, #1109, .T. ) ;
#318 = EDGE_CURVE ( 'NONE', #1125, #1315, #1631, .T. ) ;
#319 = LINE ( 'NONE', #1437, #158 ) ;
#320 = AXIS2_PLACEMENT_3D ( 'NONE', #10, #655, #1104 ) ;
#321 = VECTOR ( 'NONE', #632, 1000.000000000000000 ) ;
#322 = ADVANCED_FACE ( 'NONE', ( #1144 ), #163, .F. ) ;
#323 = CARTESIAN_POINT ( 'NONE',  ( 2.439999999999999947, -1.094999999999999973, 0.0000000000000000000 ) ) ;
#324 = CARTESIAN_POINT ( 'NONE',  ( 0.0000000000000000000, 0.0000000000000000000, 0.3499999999999999778 ) ) ;
#325 = AXIS2_PLACEMENT_3D ( 'NONE', #895, #721, #1204 ) ;
#326 = CIRCLE ( 'NONE', #357, 0.1250000000000000000 ) ;
#327 = ORIENTED_EDGE ( 'NONE', *, *, #1587, .F. ) ;
#328 = LINE ( 'NONE', #1443, #421 ) ;
#329 = ORIENTED_EDGE ( 'NONE', *, *, #1160, .F. ) ;
#330 = VERTEX_POINT ( 'NONE', #351 ) ;
#331 = CARTESIAN_POINT ( 'NONE',  ( 1.016032285289560022, 1.399999999999999911, -0.8499999999999999778 ) ) ;
#332 = EDGE_CURVE ( 'NONE', #733, #278, #1942, .T. ) ;
#333 = ORIENTED_EDGE ( 'NONE', *, *, #70, .T. ) ;
#334 = DIRECTION ( 'NONE',  ( 1.000000000000000000, 0.0000000000000000000, 0.0000000000000000000 ) ) ;
#335 = ORIENTED_EDGE ( 'NONE', *, *, #1575, .F. ) ;
#336 = ORIENTED_EDGE ( 'NONE', *, *, #302, .F. ) ;
#337 = LINE ( 'NONE', #956, #1111 ) ;
#338 = LINE ( 'NONE', #1924, #222 ) ;
#339 = CARTESIAN_POINT ( 'NONE',  ( 0.0000000000000000000, 0.0000000000000000000, 0.3499999999999999778 ) ) ;
#340 = PLANE ( 'NONE',  #1539 ) ;
#341 = EDGE_LOOP ( 'NONE', ( #1687, #1291, #1360, #587, #762 ) ) ;
#342 = EDGE_LOOP ( 'NONE', ( #181, #1875, #719 ) ) ;
#343 = EDGE_CURVE ( 'NONE', #159, #1767, #1573, .T. ) ;
#344 = DIRECTION ( 'NONE',  ( 0.0000000000000000000, 0.0000000000000000000, -1.000000000000000000 ) ) ;
#345 = VERTEX_POINT ( 'NONE', #698 ) ;
#346 = EDGE_CURVE ( 'NONE', #1738, #1546, #1326, .T. ) ;
#347 = CARTESIAN_POINT ( 'NONE',  ( -0.2709936491443469819, 0.0000000000000000000, 0.3499999999999999778 ) ) ;
#348 = VERTEX_POINT ( 'NONE', #1735 ) ;
#349 = DIRECTION ( 'NONE',  ( 0.0000000000000000000, 1.000000000000000000, 0.0000000000000000000 ) ) ;
#350 = AXIS2_PLACEMENT_3D ( 'NONE', #1186, #874, #1802 ) ;
#351 = CARTESIAN_POINT ( 'NONE',  ( 0.8114269542457979156, 0.0000000000000000000, 0.3400000000000000244 ) ) ;
#352 = PLANE ( 'NONE',  #1826 ) ;
#353 = AXIS2_PLACEMENT_3D ( 'NONE', #1550, #1057, #1366 ) ;
#354 = EDGE_LOOP ( 'NONE', ( #493, #1992, #1027, #1417, #290, #1416 ) ) ;
#355 = ORIENTED_EDGE ( 'NONE', *, *, #285, .T. ) ;
#356 = VECTOR ( 'NONE', #789, 1000.000000000000000 ) ;
#357 = AXIS2_PLACEMENT_3D ( 'NONE', #977, #199, #840 ) ;
#358 = EDGE_CURVE ( 'NONE', #502, #471, #1771, .T. ) ;
#359 = ORIENTED_EDGE ( 'NONE', *, *, #1051, .F. ) ;
#360 = DIRECTION ( 'NONE',  ( 0.0000000000000000000, 0.0000000000000000000, 1.000000000000000000 ) ) ;
#361 = CLOSED_SHELL ( 'NONE', ( #1770, #322, #1225, #709, #658, #561, #412, #997, #563, #17, #1729, #986, #1646, #1600, #1584, #547, #1215, #1200, #1737, #601, #925, #1741, #499, #1696, #256, #374, #900, #1955, #261, #221, #1530, #1449, #1993, #1808, #1415, #1314, #1705, #1298, #410 ) ) ;
#362 = EDGE_CURVE ( 'NONE', #1239, #1128, #338, .T. ) ;
#363 = ORIENTED_EDGE ( 'NONE', *, *, #1256, .T. ) ;
#364 =( NAMED_UNIT ( * ) SI_UNIT ( $, .STERADIAN. ) SOLID_ANGLE_UNIT ( ) );
#365 = DIRECTION ( 'NONE',  ( -1.000000000000000000, 0.0000000000000000000, 0.0000000000000000000 ) ) ;
#366 = DIRECTION ( 'NONE',  ( -0.6427876096865396960, 0.0000000000000000000, 0.7660444431189776804 ) ) ;
#367 = DIRECTION ( 'NONE',  ( -1.000000000000000000, 0.0000000000000000000, 0.0000000000000000000 ) ) ;
#368 = ORIENTED_EDGE ( 'NONE', *, *, #237, .T. ) ;
#369 = CARTESIAN_POINT ( 'NONE',  ( 0.9250172763170508849, -1.241672425439019900, 0.8499999999999999778 ) ) ;
#370 = VERTEX_POINT ( 'NONE', #531 ) ;
#371 = SURFACE_SIDE_STYLE ('',( #72 ) ) ;
#372 = ORIENTED_EDGE ( 'NONE', *, *, #1358, .F. ) ;
#373 = CARTESIAN_POINT ( 'NONE',  ( -0.1459919286776100167, -1.399999999999999911, -0.7500000000000000000 ) ) ;
#374 = ADVANCED_FACE ( 'NONE', ( #35 ), #661, .F. ) ;
#375 = LINE ( 'NONE', #965, #1480 ) ;
#376 = CARTESIAN_POINT ( 'NONE',  ( -1.016032285289560022, 1.399999999999999911, -0.7500000000000000000 ) ) ;
#377 = CARTESIAN_POINT ( 'NONE',  ( 0.8114269542457979156, -9.937114222590022484E-17, 0.3499999999999999778 ) ) ;
#378 = LINE ( 'NONE', #369, #492 ) ;
#379 = ORIENTED_EDGE ( 'NONE', *, *, #1090, .F. ) ;
#380 = CYLINDRICAL_SURFACE ( 'NONE', #88, 0.8114269542457979156 ) ;
#381 = ORIENTED_EDGE ( 'NONE', *, *, #586, .F. ) ;
#382 = APPLICATION_PROTOCOL_DEFINITION ( 'draft international standard', 'automotive_design', 1998, #435 ) ;
#383 = PRODUCT_RELATED_PRODUCT_CATEGORY ( 'part', '', ( #1640 ) ) ;
#384 = CARTESIAN_POINT ( 'NONE',  ( 2.439999999999999947, -1.094999999999999973, 0.1000000000000000056 ) ) ;
#385 = FACE_OUTER_BOUND ( 'NONE', #1382, .T. ) ;
#386 =( NAMED_UNIT ( * ) SI_UNIT ( $, .STERADIAN. ) SOLID_ANGLE_UNIT ( ) );
#387 = ADVANCED_FACE ( 'NONE', ( #44 ), #843, .T. ) ;
#388 = ORIENTED_EDGE ( 'NONE', *, *, #1892, .T. ) ;
#389 = DIRECTION ( 'NONE',  ( 1.280268730617219935E-16, -1.000000000000000000, 0.0000000000000000000 ) ) ;
#390 = CIRCLE ( 'NONE', #254, 1.230976769834439821 ) ;
#391 = VERTEX_POINT ( 'NONE', #519 ) ;
#392 =( NAMED_UNIT ( * ) PLANE_ANGLE_UNIT ( ) SI_UNIT ( $, .RADIAN. ) );
#393 = AXIS2_PLACEMENT_3D ( 'NONE', #1855, #1218, #460 ) ;
#394 = EDGE_LOOP ( 'NONE', ( #1830, #854, #1004, #513 ) ) ;
#395 = AXIS2_PLACEMENT_3D ( 'NONE', #331, #1272, #495 ) ;
#396 = APPLICATION_CONTEXT ( 'automotive_design' ) ;
#397 =( NAMED_UNIT ( * ) PLANE_ANGLE_UNIT ( ) SI_UNIT ( $, .RADIAN. ) );
#398 = CIRCLE ( 'NONE', #853, 0.1250000000000000000 ) ;
#399 = DIRECTION ( 'NONE',  ( 0.0000000000000000000, 0.0000000000000000000, 1.000000000000000000 ) ) ;
#400 = CARTESIAN_POINT ( 'NONE',  ( -0.8114269542457979156, 0.0000000000000000000, 0.3400000000000000244 ) ) ;
#401 = ORIENTED_EDGE ( 'NONE', *, *, #437, .F. ) ;
#402 = EDGE_CURVE ( 'NONE', #502, #1455, #691, .T. ) ;
#403 = VERTEX_POINT ( 'NONE', #384 ) ;
#404 = CARTESIAN_POINT ( 'NONE',  ( 1.600000000000000089, -1.399999999999999911, 0.0000000000000000000 ) ) ;
#405 = ORIENTED_EDGE ( 'NONE', *, *, #362, .F. ) ;
#406 = LINE ( 'NONE', #124, #1075 ) ;
#407 = DIRECTION ( 'NONE',  ( 1.000000000000000000, 0.0000000000000000000, 0.0000000000000000000 ) ) ;
#408 = DIRECTION ( 'NONE',  ( 0.0000000000000000000, 0.0000000000000000000, 1.000000000000000000 ) ) ;
#409 = CARTESIAN_POINT ( 'NONE',  ( 0.0000000000000000000, 0.0000000000000000000, -0.7500000000000000000 ) ) ;
#410 = ADVANCED_FACE ( 'NONE', ( #1620, #567 ), #426, .T. ) ;
#411 = VERTEX_POINT ( 'NONE', #559 ) ;
#412 = ADVANCED_FACE ( 'NONE', ( #1523 ), #1824, .F. ) ;
#413 = ORIENTED_EDGE ( 'NONE', *, *, #1969, .T. ) ;
#414 = DIRECTION ( 'NONE',  ( 1.000000000000000000, 0.0000000000000000000, 0.0000000000000000000 ) ) ;
#415 = FACE_OUTER_BOUND ( 'NONE', #1960, .T. ) ;
#416 = LINE ( 'NONE', #1042, #231 ) ;
#417 = DIRECTION ( 'NONE',  ( 0.0000000000000000000, -1.000000000000000000, 0.0000000000000000000 ) ) ;
#418 = DIRECTION ( 'NONE',  ( -1.000000000000000000, 0.0000000000000000000, 0.0000000000000000000 ) ) ;
#419 = PRESENTATION_LAYER_ASSIGNMENT (  '', '', ( #1718 ) ) ;
#420 = ORIENTED_EDGE ( 'NONE', *, *, #1256, .F. ) ;
#421 = VECTOR ( 'NONE', #1869, 1000.000000000000000 ) ;
#422 = DIRECTION ( 'NONE',  ( 0.0000000000000000000, -1.000000000000000000, 0.0000000000000000000 ) ) ;
#423 = VECTOR ( 'NONE', #486, 1000.000000000000000 ) ;
#424 = EDGE_CURVE ( 'NONE', #1768, #1851, #1236, .T. ) ;
#425 = VERTEX_POINT ( 'NONE', #1812 ) ;
#426 = PLANE ( 'NONE',  #184 ) ;
#427 = DIRECTION ( 'NONE',  ( 0.0000000000000000000, 0.0000000000000000000, -1.000000000000000000 ) ) ;
#428 = VECTOR ( 'NONE', #1130, 1000.000000000000000 ) ;
#429 = VECTOR ( 'NONE', #52, 1000.000000000000000 ) ;
#430 = LINE ( 'NONE', #1365, #1699 ) ;
#431 = CARTESIAN_POINT ( 'NONE',  ( -0.1250000000000000000, 0.0000000000000000000, 0.3400000000000000244 ) ) ;
#432 = LINE ( 'NONE', #1520, #153 ) ;
#433 = ORIENTED_EDGE ( 'NONE', *, *, #1906, .T. ) ;
#434 = FACE_OUTER_BOUND ( 'NONE', #1560, .T. ) ;
#435 = APPLICATION_CONTEXT ( 'automotive_design' ) ;
#436 = ORIENTED_EDGE ( 'NONE', *, *, #1862, .F. ) ;
#437 = EDGE_CURVE ( 'NONE', #987, #278, #438, .T. ) ;
#438 = LINE ( 'NONE', #1956, #1332 ) ;
#439 = LINE ( 'NONE', #304, #1859 ) ;
#440 = EDGE_CURVE ( 'NONE', #1946, #1932, #1655, .T. ) ;
#441 = PLANE ( 'NONE',  #1570 ) ;
#442 = CARTESIAN_POINT ( 'NONE',  ( 0.1459919286776100167, 1.399999999999999911, -0.7500000000000000000 ) ) ;
#443 = DIRECTION ( 'NONE',  ( -1.000000000000000000, 0.0000000000000000000, 0.0000000000000000000 ) ) ;
#444 = VERTEX_POINT ( 'NONE', #1336 ) ;
#445 = CARTESIAN_POINT ( 'NONE',  ( 1.600000000000000089, 1.399999999999999911, 0.0000000000000000000 ) ) ;
#446 = VERTEX_POINT ( 'NONE', #727 ) ;
#447 = DIRECTION ( 'NONE',  ( 1.000000000000000000, 0.0000000000000000000, 0.0000000000000000000 ) ) ;
#448 = DIRECTION ( 'NONE',  ( -1.000000000000000000, 0.0000000000000000000, 0.0000000000000000000 ) ) ;
#449 = DIRECTION ( 'NONE',  ( -1.000000000000000000, 0.0000000000000000000, 0.0000000000000000000 ) ) ;
#450 = CARTESIAN_POINT ( 'NONE',  ( -1.514285714285710016, -1.399999999999999911, -0.7500000000000000000 ) ) ;
#451 = CARTESIAN_POINT ( 'NONE',  ( 0.2709936491443469819, 0.0000000000000000000, 0.3400000000000000244 ) ) ;
#452 = EDGE_CURVE ( 'NONE', #425, #1184, #1028, .T. ) ;
#453 = VERTEX_POINT ( 'NONE', #1346 ) ;
#454 = CARTESIAN_POINT ( 'NONE',  ( -0.5000000000000000000, 6.123233995736766036E-17, -0.8499999999999999778 ) ) ;
#455 = VECTOR ( 'NONE', #1555, 1000.000000000000000 ) ;
#456 = CIRCLE ( 'NONE', #1720, 0.5000000000000000000 ) ;
#457 = COLOUR_RGB ( '',0.9254901960784314152, 0.6666666666666666297, 0.07058823529411764608 ) ;
#458 = AXIS2_PLACEMENT_3D ( 'NONE', #67, #1905, #681 ) ;
#459 = PLANE ( 'NONE',  #1266 ) ;
#460 = DIRECTION ( 'NONE',  ( 0.0000000000000000000, 0.0000000000000000000, -1.000000000000000000 ) ) ;
#461 = CIRCLE ( 'NONE', #914, 0.8114269542457979156 ) ;
#462 = DIRECTION ( 'NONE',  ( 0.0000000000000000000, -1.000000000000000000, 0.0000000000000000000 ) ) ;
#463 = AXIS2_PLACEMENT_3D ( 'NONE', #1549, #779, #949 ) ;
#464 = ORIENTED_EDGE ( 'NONE', *, *, #452, .T. ) ;
#465 = ADVANCED_FACE ( 'NONE', ( #1649 ), #1060, .T. ) ;
#466 = DIRECTION ( 'NONE',  ( 0.0000000000000000000, 1.000000000000000000, 0.0000000000000000000 ) ) ;
#467 = CARTESIAN_POINT ( 'NONE',  ( 0.0000000000000000000, 0.0000000000000000000, 0.1000000000000000056 ) ) ;
#468 = CARTESIAN_POINT ( 'NONE',  ( 0.1250000000000000000, -1.530808498934191509E-17, 0.3499999999999999778 ) ) ;
#469 = DIRECTION ( 'NONE',  ( 1.000000000000000000, 0.0000000000000000000, 0.0000000000000000000 ) ) ;
#470 = CARTESIAN_POINT ( 'NONE',  ( -0.8052413936681429574, 0.1000000000000000056, 0.3499999999999999778 ) ) ;
#471 = VERTEX_POINT ( 'NONE', #1020 ) ;
#472 = PLANE ( 'NONE',  #320 ) ;
#473 = EDGE_CURVE ( 'NONE', #1609, #839, #1678, .T. ) ;
#474 = ORIENTED_EDGE ( 'NONE', *, *, #1396, .T. ) ;
#475 = EDGE_CURVE ( 'NONE', #1429, #1733, #1217, .T. ) ;
#476 = ORIENTED_EDGE ( 'NONE', *, *, #2013, .T. ) ;
#477 = DIRECTION ( 'NONE',  ( 0.0000000000000000000, 0.0000000000000000000, 1.000000000000000000 ) ) ;
#478 = DIRECTION ( 'NONE',  ( 0.0000000000000000000, -1.000000000000000000, 0.0000000000000000000 ) ) ;
#479 = ORIENTED_EDGE ( 'NONE', *, *, #1656, .F. ) ;
#480 = LINE ( 'NONE', #849, #975 ) ;
#481 = ORIENTED_EDGE ( 'NONE', *, *, #180, .F. ) ;
#482 = EDGE_LOOP ( 'NONE', ( #1441, #1361, #1775, #1181 ) ) ;
#483 = DIRECTION ( 'NONE',  ( 1.000000000000000000, 0.0000000000000000000, 0.0000000000000000000 ) ) ;
#484 = VECTOR ( 'NONE', #726, 1000.000000000000114 ) ;
#485 = EDGE_CURVE ( 'NONE', #1789, #38, #406, .T. ) ;
#486 = DIRECTION ( 'NONE',  ( 0.0000000000000000000, 1.000000000000000000, 0.0000000000000000000 ) ) ;
#487 = DIRECTION ( 'NONE',  ( 0.0000000000000000000, 0.0000000000000000000, 1.000000000000000000 ) ) ;
#488 = VECTOR ( 'NONE', #699, 1000.000000000000000 ) ;
#489 = AXIS2_PLACEMENT_3D ( 'NONE', #778, #1760, #1801 ) ;
#490 = ORIENTED_EDGE ( 'NONE', *, *, #1544, .T. ) ;
#491 = FACE_OUTER_BOUND ( 'NONE', #952, .T. ) ;
#492 = VECTOR ( 'NONE', #993, 1000.000000000000000 ) ;
#493 = ORIENTED_EDGE ( 'NONE', *, *, #1596, .F. ) ;
#494 = VERTEX_POINT ( 'NONE', #749 ) ;
#495 = DIRECTION ( 'NONE',  ( 0.0000000000000000000, 0.0000000000000000000, 1.000000000000000000 ) ) ;
#496 = EDGE_CURVE ( 'NONE', #1127, #963, #720, .T. ) ;
#497 = DIRECTION ( 'NONE',  ( -0.1321637200910179555, 0.0000000000000000000, -0.9912279006826346661 ) ) ;
#498 = FACE_OUTER_BOUND ( 'NONE', #394, .T. ) ;
#499 = ADVANCED_FACE ( 'NONE', ( #886, #865 ), #1173, .T. ) ;
#500 = ORIENTED_EDGE ( 'NONE', *, *, #496, .F. ) ;
#501 = DIRECTION ( 'NONE',  ( -1.000000000000000000, 0.0000000000000000000, 0.0000000000000000000 ) ) ;
#502 = VERTEX_POINT ( 'NONE', #1038 ) ;
#503 = PLANE ( 'NONE',  #581 ) ;
#504 = EDGE_LOOP ( 'NONE', ( #212, #1909 ) ) ;
#505 = CARTESIAN_POINT ( 'NONE',  ( 2.939999999999999947, 1.094999999999999973, -0.1000000000000000056 ) ) ;
#506 = CARTESIAN_POINT ( 'NONE',  ( 0.0000000000000000000, 0.0000000000000000000, 0.8499999999999999778 ) ) ;
#507 = LINE ( 'NONE', #950, #1108 ) ;
#508 = LINE ( 'NONE', #37, #1791 ) ;
#509 = EDGE_CURVE ( 'NONE', #1569, #1484, #1515, .T. ) ;
#510 = VERTEX_POINT ( 'NONE', #1203 ) ;
#511 = CARTESIAN_POINT ( 'NONE',  ( -0.2709936491443469819, 0.0000000000000000000, 0.3400000000000000244 ) ) ;
#512 = ADVANCED_FACE ( 'NONE', ( #1494 ), #1005, .T. ) ;
#513 = ORIENTED_EDGE ( 'NONE', *, *, #1847, .T. ) ;
#514 = DIRECTION ( 'NONE',  ( 1.000000000000000000, 0.0000000000000000000, 0.0000000000000000000 ) ) ;
#515 = ORIENTED_EDGE ( 'NONE', *, *, #208, .F. ) ;
#516 = CARTESIAN_POINT ( 'NONE',  ( 0.8052413936681429574, 0.1000000000000000056, 0.3400000000000000244 ) ) ;
#517 = VECTOR ( 'NONE', #548, 1000.000000000000000 ) ;
#518 = VECTOR ( 'NONE', #1058, 1000.000000000000000 ) ;
#519 = CARTESIAN_POINT ( 'NONE',  ( 1.600000000000000089, 1.399999999999999911, 0.1000000000000000056 ) ) ;
#520 = PLANE ( 'NONE',  #1694 ) ;
#521 = CARTESIAN_POINT ( 'NONE',  ( -1.550000000000000044, 0.6999999999999999556, 0.4749999999999999778 ) ) ;
#522 = AXIS2_PLACEMENT_3D ( 'NONE', #1263, #487, #1115 ) ;
#523 = VERTEX_POINT ( 'NONE', #894 ) ;
#524 = CIRCLE ( 'NONE', #653, 0.8114269542457979156 ) ;
#525 = AXIS2_PLACEMENT_3D ( 'NONE', #1873, #1562, #659 ) ;
#526 = EDGE_CURVE ( 'NONE', #963, #411, #112, .T. ) ;
#527 = ORIENTED_EDGE ( 'NONE', *, *, #452, .F. ) ;
#528 = FILL_AREA_STYLE_COLOUR ( '', #708 ) ;
#529 = ORIENTED_EDGE ( 'NONE', *, *, #1238, .F. ) ;
#530 = SURFACE_SIDE_STYLE ('',( #1641 ) ) ;
#531 = CARTESIAN_POINT ( 'NONE',  ( 0.2709936491443469819, 0.0000000000000000000, 0.3499999999999999778 ) ) ;
#532 = FACE_OUTER_BOUND ( 'NONE', #1425, .T. ) ;
#533 = DIRECTION ( 'NONE',  ( 1.000000000000000000, 0.0000000000000000000, 0.0000000000000000000 ) ) ;
#534 = VERTEX_POINT ( 'NONE', #4 ) ;
#535 = VERTEX_POINT ( 'NONE', #1864 ) ;
#536 = DIRECTION ( 'NONE',  ( 0.0000000000000000000, 0.0000000000000000000, -1.000000000000000000 ) ) ;
#537 = ADVANCED_FACE ( 'NONE', ( #134 ), #974, .T. ) ;
#538 = ORIENTED_EDGE ( 'NONE', *, *, #1246, .F. ) ;
#539 = ADVANCED_FACE ( 'NONE', ( #1910 ), #1290, .T. ) ;
#540 = CARTESIAN_POINT ( 'NONE',  ( -0.3709936491443470152, 0.1000000000000000056, 0.3499999999999999778 ) ) ;
#541 = LINE ( 'NONE', #999, #1984 ) ;
#542 = CARTESIAN_POINT ( 'NONE',  ( -1.600000000000000089, -1.399999999999999911, 0.0000000000000000000 ) ) ;
#543 = VERTEX_POINT ( 'NONE', #933 ) ;
#544 = ORIENTED_EDGE ( 'NONE', *, *, #1707, .T. ) ;
#545 = EDGE_LOOP ( 'NONE', ( #11, #56, #962, #1023 ) ) ;
#546 = SURFACE_SIDE_STYLE ('',( #855 ) ) ;
#547 = ADVANCED_FACE ( 'NONE', ( #667 ), #629, .T. ) ;
#548 = DIRECTION ( 'NONE',  ( 1.000000000000000000, 0.0000000000000000000, 0.0000000000000000000 ) ) ;
#549 = CARTESIAN_POINT ( 'NONE',  ( 0.0000000000000000000, 0.0000000000000000000, 0.3499999999999999778 ) ) ;
#550 = DIRECTION ( 'NONE',  ( 0.0000000000000000000, 0.0000000000000000000, -1.000000000000000000 ) ) ;
#551 = VECTOR ( 'NONE', #903, 1000.000000000000000 ) ;
#552 = EDGE_LOOP ( 'NONE', ( #800, #1351, #1578, #1785 ) ) ;
#553 = VECTOR ( 'NONE', #1731, 1000.000000000000000 ) ;
#554 = VECTOR ( 'NONE', #1692, 1000.000000000000000 ) ;
#555 = EDGE_LOOP ( 'NONE', ( #1706, #984, #1593, #1601 ) ) ;
#556 = VECTOR ( 'NONE', #1227, 1000.000000000000000 ) ;
#557 = ORIENTED_EDGE ( 'NONE', *, *, #1384, .T. ) ;
#558 = VECTOR ( 'NONE', #1537, 1000.000000000000000 ) ;
#559 = CARTESIAN_POINT ( 'NONE',  ( 1.016032285289560022, -1.399999999999999911, -0.8499999999999999778 ) ) ;
#560 = DIRECTION ( 'NONE',  ( 1.000000000000000000, 0.0000000000000000000, 0.0000000000000000000 ) ) ;
#561 = ADVANCED_FACE ( 'NONE', ( #1394 ), #828, .F. ) ;
#562 = CARTESIAN_POINT ( 'NONE',  ( -0.8114269542457979156, 0.0000000000000000000, 0.3499999999999999778 ) ) ;
#563 = ADVANCED_FACE ( 'NONE', ( #1140 ), #1756, .F. ) ;
#564 = DIRECTION ( 'NONE',  ( 0.0000000000000000000, 1.000000000000000000, 0.0000000000000000000 ) ) ;
#565 = EDGE_LOOP ( 'NONE', ( #1758, #557, #241, #267, #1901, #668, #1141, #307, #527, #942, #1998, #500 ) ) ;
#566 = DIRECTION ( 'NONE',  ( 0.0000000000000000000, 0.0000000000000000000, 1.000000000000000000 ) ) ;
#567 = FACE_BOUND ( 'NONE', #1978, .T. ) ;
#568 = DIRECTION ( 'NONE',  ( 0.9899494936611664686, 0.0000000000000000000, -0.1414213562373098920 ) ) ;
#569 = CARTESIAN_POINT ( 'NONE',  ( -0.2709936491443469819, 0.0000000000000000000, 0.3400000000000000244 ) ) ;
#570 = CARTESIAN_POINT ( 'NONE',  ( -2.939999999999999947, 1.094999999999999973, 0.1000000000000000056 ) ) ;
#571 = EDGE_LOOP ( 'NONE', ( #49, #12, #1330, #61 ) ) ;
#572 = ADVANCED_FACE ( 'NONE', ( #1561 ), #1407, .T. ) ;
#573 = DIRECTION ( 'NONE',  ( 0.0000000000000000000, 0.0000000000000000000, 1.000000000000000000 ) ) ;
#574 = ORIENTED_EDGE ( 'NONE', *, *, #1324, .T. ) ;
#575 =( LENGTH_UNIT ( ) NAMED_UNIT ( * ) SI_UNIT ( .MILLI., .METRE. ) );
#576 = CARTESIAN_POINT ( 'NONE',  ( 0.1354968245721729914, 0.2562134266070409949, 0.3499999999999999778 ) ) ;
#577 = DIRECTION ( 'NONE',  ( -1.000000000000000000, 0.0000000000000000000, 0.0000000000000000000 ) ) ;
#578 = DIRECTION ( 'NONE',  ( 0.0000000000000000000, 0.0000000000000000000, 1.000000000000000000 ) ) ;
#579 = FACE_OUTER_BOUND ( 'NONE', #829, .T. ) ;
#580 = CARTESIAN_POINT ( 'NONE',  ( -0.1354968245721729914, 0.0000000000000000000, 0.3499999999999999778 ) ) ;
#581 = AXIS2_PLACEMENT_3D ( 'NONE', #1854, #819, #1069 ) ;
#582 = EDGE_LOOP ( 'NONE', ( #1481, #1076, #1607, #1800 ) ) ;
#583 = VECTOR ( 'NONE', #81, 1000.000000000000114 ) ;
#584 = CARTESIAN_POINT ( 'NONE',  ( -0.8052413936681429574, 0.1000000000000000056, 0.3499999999999999778 ) ) ;
#585 = CIRCLE ( 'NONE', #1269, 0.1250000000000000000 ) ;
#586 = EDGE_CURVE ( 'NONE', #1184, #543, #1385, .T. ) ;
#587 = ORIENTED_EDGE ( 'NONE', *, *, #1177, .T. ) ;
#588 = AXIS2_PLACEMENT_3D ( 'NONE', #1251, #807, #1745 ) ;
#589 = ADVANCED_FACE ( 'NONE', ( #195 ), #1845, .T. ) ;
#590 = DIRECTION ( 'NONE',  ( 0.0000000000000000000, 0.0000000000000000000, -1.000000000000000000 ) ) ;
#591 = CARTESIAN_POINT ( 'NONE',  ( 1.500000000000000000, 1.399999999999999911, 0.8499999999999999778 ) ) ;
#592 = DIRECTION ( 'NONE',  ( -1.000000000000000000, 0.0000000000000000000, 0.0000000000000000000 ) ) ;
#593 = DIRECTION ( 'NONE',  ( 0.0000000000000000000, -1.000000000000000000, 0.0000000000000000000 ) ) ;
#594 = CARTESIAN_POINT ( 'NONE',  ( 0.3709936491443470152, 0.3562134266070410282, 0.3499999999999999778 ) ) ;
#595 = EDGE_LOOP ( 'NONE', ( #1317, #1166 ) ) ;
#596 = CARTESIAN_POINT ( 'NONE',  ( 0.2709936491443469819, 0.0000000000000000000, 0.3400000000000000244 ) ) ;
#597 = ADVANCED_FACE ( 'NONE', ( #1708 ), #503, .T. ) ;
#598 = ORIENTED_EDGE ( 'NONE', *, *, #109, .T. ) ;
#599 = DIRECTION ( 'NONE',  ( 0.0000000000000000000, 0.0000000000000000000, 1.000000000000000000 ) ) ;
#600 = CARTESIAN_POINT ( 'NONE',  ( -2.939999999999999947, 1.094999999999999973, -0.1000000000000000056 ) ) ;
#601 = ADVANCED_FACE ( 'NONE', ( #309, #141 ), #459, .T. ) ;
#602 = LINE ( 'NONE', #127, #161 ) ;
#603 = DIRECTION ( 'NONE',  ( 1.000000000000000000, 0.0000000000000000000, 0.0000000000000000000 ) ) ;
#604 = DIRECTION ( 'NONE',  ( -1.000000000000000000, 0.0000000000000000000, 0.0000000000000000000 ) ) ;
#605 = ORIENTED_EDGE ( 'NONE', *, *, #1079, .F. ) ;
#606 = FACE_OUTER_BOUND ( 'NONE', #1011, .T. ) ;
#607 = CARTESIAN_POINT ( 'NONE',  ( 0.3709936491443470152, 0.1000000000000000056, 0.3499999999999999778 ) ) ;
#608 = CARTESIAN_POINT ( 'NONE',  ( 0.0000000000000000000, 0.0000000000000000000, -0.8499999999999999778 ) ) ;
#609 = EDGE_CURVE ( 'NONE', #1315, #1124, #2001, .T. ) ;
#610 = DIRECTION ( 'NONE',  ( 0.0000000000000000000, 0.0000000000000000000, -1.000000000000000000 ) ) ;
#611 = DIRECTION ( 'NONE',  ( 0.0000000000000000000, -1.000000000000000000, 0.0000000000000000000 ) ) ;
#612 = ORIENTED_EDGE ( 'NONE', *, *, #623, .F. ) ;
#613 = DIRECTION ( 'NONE',  ( 0.0000000000000000000, 0.0000000000000000000, 1.000000000000000000 ) ) ;
#614 = AXIS2_PLACEMENT_3D ( 'NONE', #792, #1713, #501 ) ;
#615 = ORIENTED_EDGE ( 'NONE', *, *, #1862, .T. ) ;
#616 = COLOUR_RGB ( '',0.9647058823529411908, 0.9647058823529411908, 0.9529411764705881804 ) ;
#617 = AXIS2_PLACEMENT_3D ( 'NONE', #1894, #662, #1095 ) ;
#618 = DIRECTION ( 'NONE',  ( 0.0000000000000000000, 0.0000000000000000000, 1.000000000000000000 ) ) ;
#619 = CARTESIAN_POINT ( 'NONE',  ( 0.2709936491443469819, 0.2562134266070400512, 0.3400000000000000244 ) ) ;
#620 = MANIFOLD_SOLID_BREP ( '6028 LED.STEP[4]', #1725 ) ;
#621 = VECTOR ( 'NONE', #1297, 1000.000000000000000 ) ;
#622 = CARTESIAN_POINT ( 'NONE',  ( 0.3709936491443470152, 0.2562134266070400512, 0.3400000000000000244 ) ) ;
#623 = EDGE_CURVE ( 'NONE', #425, #1726, #1921, .T. ) ;
#624 = ORIENTED_EDGE ( 'NONE', *, *, #1684, .T. ) ;
#625 = DIRECTION ( 'NONE',  ( 0.0000000000000000000, 0.0000000000000000000, 1.000000000000000000 ) ) ;
#626 = EDGE_CURVE ( 'NONE', #543, #227, #917, .T. ) ;
#627 = VERTEX_POINT ( 'NONE', #62 ) ;
#628 = VERTEX_POINT ( 'NONE', #1331 ) ;
#629 = PLANE ( 'NONE',  #1040 ) ;
#630 = CARTESIAN_POINT ( 'NONE',  ( 0.0000000000000000000, 0.1781067133035199868, 0.3499999999999999778 ) ) ;
#631 = CARTESIAN_POINT ( 'NONE',  ( 2.228749999999999787, -1.306249999999999911, -0.1000000000000000056 ) ) ;
#632 = DIRECTION ( 'NONE',  ( 0.1414213562373100308, 0.0000000000000000000, -0.9899494936611664686 ) ) ;
#633 = ORIENTED_EDGE ( 'NONE', *, *, #1878, .F. ) ;
#634 = FACE_OUTER_BOUND ( 'NONE', #1778, .T. ) ;
#635 = EDGE_CURVE ( 'NONE', #987, #403, #1950, .T. ) ;
#636 = EDGE_LOOP ( 'NONE', ( #1191, #615, #637, #405 ) ) ;
#637 = ORIENTED_EDGE ( 'NONE', *, *, #873, .T. ) ;
#638 = CARTESIAN_POINT ( 'NONE',  ( 0.7666897017560679872, -1.399999999999999911, 0.4249999999999999889 ) ) ;
#639 = LINE ( 'NONE', #175, #718 ) ;
#640 = LINE ( 'NONE', #1252, #1271 ) ;
#641 = ORIENTED_EDGE ( 'NONE', *, *, #896, .T. ) ;
#642 = CARTESIAN_POINT ( 'NONE',  ( 0.0000000000000000000, 0.0000000000000000000, 0.3499999999999999778 ) ) ;
#643 = ORIENTED_EDGE ( 'NONE', *, *, #143, .T. ) ;
#644 = EDGE_CURVE ( 'NONE', #1433, #1569, #1456, .T. ) ;
#645 = VECTOR ( 'NONE', #1483, 1000.000000000000000 ) ;
#646 = MANIFOLD_SOLID_BREP ( '6028 LED.STEP[3]', #262 ) ;
#647 = EDGE_LOOP ( 'NONE', ( #182, #335, #146, #695, #130, #420, #864, #931, #1257, #8, #1343, #1289 ) ) ;
#648 = DIRECTION ( 'NONE',  ( 0.0000000000000000000, 0.0000000000000000000, 1.000000000000000000 ) ) ;
#649 = AXIS2_PLACEMENT_3D ( 'NONE', #1722, #1876, #801 ) ;
#650 = EDGE_CURVE ( 'NONE', #1768, #1376, #689, .T. ) ;
#651 = PLANE ( 'NONE',  #2021 ) ;
#652 = CARTESIAN_POINT ( 'NONE',  ( -0.3709936491443470152, 0.3562134266070410282, 0.3400000000000000244 ) ) ;
#653 = AXIS2_PLACEMENT_3D ( 'NONE', #324, #1874, #1736 ) ;
#654 = ORIENTED_EDGE ( 'NONE', *, *, #239, .T. ) ;
#655 = DIRECTION ( 'NONE',  ( 0.0000000000000000000, 0.0000000000000000000, -1.000000000000000000 ) ) ;
#656 = ORIENTED_EDGE ( 'NONE', *, *, #1684, .F. ) ;
#657 = VERTEX_POINT ( 'NONE', #1809 ) ;
#658 = ADVANCED_FACE ( 'NONE', ( #715 ), #380, .F. ) ;
#659 = DIRECTION ( 'NONE',  ( -1.000000000000000000, 0.0000000000000000000, 0.0000000000000000000 ) ) ;
#660 = EDGE_CURVE ( 'NONE', #1239, #502, #1939, .T. ) ;
#661 = PLANE ( 'NONE',  #22 ) ;
#662 = DIRECTION ( 'NONE',  ( 0.0000000000000000000, -1.000000000000000000, 0.0000000000000000000 ) ) ;
#663 = DIRECTION ( 'NONE',  ( 0.0000000000000000000, 0.0000000000000000000, -1.000000000000000000 ) ) ;
#664 = ORIENTED_EDGE ( 'NONE', *, *, #971, .T. ) ;
#665 = CARTESIAN_POINT ( 'NONE',  ( -0.2709936491443469819, 0.0000000000000000000, 0.3400000000000000244 ) ) ;
#666 = EDGE_LOOP ( 'NONE', ( #381, #1841, #815, #1628 ) ) ;
#667 = FACE_OUTER_BOUND ( 'NONE', #647, .T. ) ;
#668 = ORIENTED_EDGE ( 'NONE', *, *, #308, .F. ) ;
#669 =( LENGTH_UNIT ( ) NAMED_UNIT ( * ) SI_UNIT ( .MILLI., .METRE. ) );
#670 = CARTESIAN_POINT ( 'NONE',  ( 0.0000000000000000000, 0.0000000000000000000, 0.3499999999999999778 ) ) ;
#671 = CARTESIAN_POINT ( 'NONE',  ( -1.230976769834439821, 0.0000000000000000000, 0.8499999999999999778 ) ) ;
#672 = DIRECTION ( 'NONE',  ( 0.0000000000000000000, 0.0000000000000000000, 1.000000000000000000 ) ) ;
#673 = EDGE_CURVE ( 'NONE', #1116, #627, #1777, .T. ) ;
#674 = ORIENTED_EDGE ( 'NONE', *, *, #424, .T. ) ;
#675 = EDGE_LOOP ( 'NONE', ( #25, #169, #1675, #1232 ) ) ;
#676 = FILL_AREA_STYLE ('',( #528 ) ) ;
#677 = ORIENTED_EDGE ( 'NONE', *, *, #346, .F. ) ;
#678 = LINE ( 'NONE', #1019, #1986 ) ;
#679 = CARTESIAN_POINT ( 'NONE',  ( 0.0000000000000000000, 0.0000000000000000000, 0.3499999999999999778 ) ) ;
#680 = FACE_OUTER_BOUND ( 'NONE', #1106, .T. ) ;
#681 = DIRECTION ( 'NONE',  ( -1.000000000000000000, 0.0000000000000000000, 0.0000000000000000000 ) ) ;
#682 = VECTOR ( 'NONE', #1073, 1000.000000000000000 ) ;
#683 = EDGE_LOOP ( 'NONE', ( #1797, #1497, #287, #1811 ) ) ;
#684 = DIRECTION ( 'NONE',  ( 0.0000000000000000000, 0.0000000000000000000, 1.000000000000000000 ) ) ;
#685 = CIRCLE ( 'NONE', #812, 0.8114269542457979156 ) ;
#686 = EDGE_CURVE ( 'NONE', #805, #1789, #1017, .T. ) ;
#687 = VECTOR ( 'NONE', #207, 1000.000000000000000 ) ;
#688 = ORIENTED_EDGE ( 'NONE', *, *, #1447, .F. ) ;
#689 = LINE ( 'NONE', #1467, #120 ) ;
#690 = ORIENTED_EDGE ( 'NONE', *, *, #1273, .T. ) ;
#691 = LINE ( 'NONE', #540, #1397 ) ;
#692 = CARTESIAN_POINT ( 'NONE',  ( 1.016032285289560022, -1.399999999999999911, -0.7500000000000000000 ) ) ;
#693 = SURFACE_STYLE_USAGE ( .BOTH. , #1475 ) ;
#694 = ORIENTED_EDGE ( 'NONE', *, *, #696, .T. ) ;
#695 = ORIENTED_EDGE ( 'NONE', *, *, #1528, .F. ) ;
#696 = EDGE_CURVE ( 'NONE', #1742, #1907, #1490, .T. ) ;
#697 = ORIENTED_EDGE ( 'NONE', *, *, #34, .T. ) ;
#698 = CARTESIAN_POINT ( 'NONE',  ( 0.3709936491443470152, 0.1000000000000000056, 0.3400000000000000244 ) ) ;
#699 = DIRECTION ( 'NONE',  ( -1.982541115402059686E-16, -1.000000000000000000, 0.0000000000000000000 ) ) ;
#700 = DIRECTION ( 'NONE',  ( 1.000000000000000000, 0.0000000000000000000, 0.0000000000000000000 ) ) ;
#701 = ORIENTED_EDGE ( 'NONE', *, *, #885, .T. ) ;
#702 = VERTEX_POINT ( 'NONE', #1498 ) ;
#703 = ORIENTED_EDGE ( 'NONE', *, *, #440, .T. ) ;
#704 = DIRECTION ( 'NONE',  ( -1.000000000000000000, 0.0000000000000000000, 0.0000000000000000000 ) ) ;
#705 = EDGE_CURVE ( 'NONE', #1695, #891, #268, .T. ) ;
#706 = CARTESIAN_POINT ( 'NONE',  ( -0.2709936491443469819, 0.2562134266070400512, 0.3499999999999999778 ) ) ;
#707 = PLANE ( 'NONE',  #228 ) ;
#708 = COLOUR_RGB ( '',0.0000000000000000000, 0.0000000000000000000, 0.0000000000000000000 ) ;
#709 = ADVANCED_FACE ( 'NONE', ( #139 ), #277, .F. ) ;
#710 = VECTOR ( 'NONE', #1971, 1000.000000000000000 ) ;
#711 = LINE ( 'NONE', #1030, #1113 ) ;
#712 = VECTOR ( 'NONE', #275, 1000.000000000000000 ) ;
#713 = AXIS2_PLACEMENT_3D ( 'NONE', #1965, #568, #1995 ) ;
#714 = ORIENTED_EDGE ( 'NONE', *, *, #133, .T. ) ;
#715 = FACE_OUTER_BOUND ( 'NONE', #636, .T. ) ;
#716 = EDGE_LOOP ( 'NONE', ( #80, #544, #1542, #1514, #955, #775 ) ) ;
#717 = AXIS2_PLACEMENT_3D ( 'NONE', #1448, #43, #1292 ) ;
#718 = VECTOR ( 'NONE', #462, 1000.000000000000000 ) ;
#719 = ORIENTED_EDGE ( 'NONE', *, *, #705, .F. ) ;
#720 = LINE ( 'NONE', #1377, #517 ) ;
#721 = DIRECTION ( 'NONE',  ( 0.0000000000000000000, 0.0000000000000000000, 1.000000000000000000 ) ) ;
#722 = EDGE_CURVE ( 'NONE', #1695, #227, #732, .T. ) ;
#723 = CARTESIAN_POINT ( 'NONE',  ( -2.939999999999999947, -1.094999999999999973, 0.0000000000000000000 ) ) ;
#724 = CARTESIAN_POINT ( 'NONE',  ( 0.0000000000000000000, 0.0000000000000000000, -0.8499999999999999778 ) ) ;
#725 = EDGE_LOOP ( 'NONE', ( #826, #786, #198, #1391 ) ) ;
#726 = DIRECTION ( 'NONE',  ( 0.1321637200910179555, 0.0000000000000000000, -0.9912279006826346661 ) ) ;
#727 = CARTESIAN_POINT ( 'NONE',  ( 1.230976769834439821, -1.507511761002494935E-16, 0.8499999999999999778 ) ) ;
#728 = CARTESIAN_POINT ( 'NONE',  ( -0.1250000000000000000, 0.0000000000000000000, 0.3499999999999999778 ) ) ;
#729 = CARTESIAN_POINT ( 'NONE',  ( -1.230976769834439821, 0.0000000000000000000, 0.8499999999999999778 ) ) ;
#730 = DIRECTION ( 'NONE',  ( 1.000000000000000000, 0.0000000000000000000, 0.0000000000000000000 ) ) ;
#731 = EDGE_CURVE ( 'NONE', #1184, #391, #1553, .T. ) ;
#732 = LINE ( 'NONE', #755, #484 ) ;
#733 = VERTEX_POINT ( 'NONE', #1666 ) ;
#734 = VERTEX_POINT ( 'NONE', #763 ) ;
#735 = CARTESIAN_POINT ( 'NONE',  ( 1.016032285289560022, 0.6999999999999999556, -0.8499999999999999778 ) ) ;
#736 = DIRECTION ( 'NONE',  ( 1.000000000000000000, 0.0000000000000000000, 0.0000000000000000000 ) ) ;
#737 = DIRECTION ( 'NONE',  ( 0.0000000000000000000, -1.000000000000000000, 0.0000000000000000000 ) ) ;
#738 = LINE ( 'NONE', #1230, #809 ) ;
#739 = CARTESIAN_POINT ( 'NONE',  ( 1.016032285289560022, -1.399999999999999911, -0.7500000000000000000 ) ) ;
#740 = ADVANCED_FACE ( 'NONE', ( #606 ), #1522, .F. ) ;
#741 = ORIENTED_EDGE ( 'NONE', *, *, #1034, .F. ) ;
#742 = CIRCLE ( 'NONE', #1883, 0.5000000000000000000 ) ;
#743 = CARTESIAN_POINT ( 'NONE',  ( -0.1854968245721730080, 0.3562134266070410282, 0.3499999999999999778 ) ) ;
#744 = ADVANCED_FACE ( 'NONE', ( #1240 ), #1359, .T. ) ;
#745 = ORIENTED_EDGE ( 'NONE', *, *, #794, .T. ) ;
#746 = VECTOR ( 'NONE', #1102, 1000.000000000000000 ) ;
#747 = PRESENTATION_LAYER_ASSIGNMENT (  '', '', ( #95 ) ) ;
#748 = ORIENTED_EDGE ( 'NONE', *, *, #424, .F. ) ;
#749 = CARTESIAN_POINT ( 'NONE',  ( 0.7666897017560679872, -1.399999999999999911, 0.8499999999999999778 ) ) ;
#750 = PLANE ( 'NONE',  #713 ) ;
#751 = FACE_OUTER_BOUND ( 'NONE', #246, .T. ) ;
#752 = PLANE ( 'NONE',  #294 ) ;
#753 = CARTESIAN_POINT ( 'NONE',  ( 0.8114269542457979156, 0.0000000000000000000, 0.3499999999999999778 ) ) ;
#754 = VERTEX_POINT ( 'NONE', #1212 ) ;
#755 = CARTESIAN_POINT ( 'NONE',  ( 1.553602620087340069, -1.399999999999999911, 0.4479803493449780460 ) ) ;
#756 = ADVANCED_FACE ( 'NONE', ( #2007 ), #1979, .T. ) ;
#757 = CARTESIAN_POINT ( 'NONE',  ( 0.0000000000000000000, 0.0000000000000000000, 0.8499999999999999778 ) ) ;
#758 = CARTESIAN_POINT ( 'NONE',  ( 0.7666897017560679872, -1.399999999999999911, 0.8499999999999999778 ) ) ;
#759 = DIRECTION ( 'NONE',  ( 0.0000000000000000000, 0.0000000000000000000, 1.000000000000000000 ) ) ;
#760 = PLANE ( 'NONE',  #1080 ) ;
#761 = CARTESIAN_POINT ( 'NONE',  ( 0.0000000000000000000, 0.0000000000000000000, 0.3400000000000000244 ) ) ;
#762 = ORIENTED_EDGE ( 'NONE', *, *, #1587, .T. ) ;
#763 = CARTESIAN_POINT ( 'NONE',  ( -0.3709936491443470152, 0.1000000000000000056, 0.3400000000000000244 ) ) ;
#764 = EDGE_CURVE ( 'NONE', #471, #1125, #1991, .T. ) ;
#765 = CARTESIAN_POINT ( 'NONE',  ( 1.600000000000000089, -0.6999999999999999556, -0.1499999999999999944 ) ) ;
#766 = DIRECTION ( 'NONE',  ( -0.0000000000000000000, 1.000000000000000000, 0.0000000000000000000 ) ) ;
#767 = EDGE_CURVE ( 'NONE', #1201, #1178, #1861, .T. ) ;
#768 = PLANE ( 'NONE',  #353 ) ;
#769 = ORIENTED_EDGE ( 'NONE', *, *, #609, .T. ) ;
#770 = CARTESIAN_POINT ( 'NONE',  ( -0.5000000000000000000, 6.123233995736766036E-17, -0.8499999999999999778 ) ) ;
#771 = MECHANICAL_DESIGN_GEOMETRIC_PRESENTATION_REPRESENTATION (  '', ( #1138 ), #149 ) ;
#772 = AXIS2_PLACEMENT_3D ( 'NONE', #1233, #1392, #1223 ) ;
#773 = ORIENTED_EDGE ( 'NONE', *, *, #1139, .F. ) ;
#774 = VECTOR ( 'NONE', #858, 1000.000000000000000 ) ;
#775 = ORIENTED_EDGE ( 'NONE', *, *, #318, .T. ) ;
#776 = VECTOR ( 'NONE', #115, 1000.000000000000000 ) ;
#777 = SURFACE_STYLE_FILL_AREA ( #1241 ) ;
#778 = CARTESIAN_POINT ( 'NONE',  ( 0.0000000000000000000, 0.0000000000000000000, 0.3499999999999999778 ) ) ;
#779 = DIRECTION ( 'NONE',  ( 0.0000000000000000000, 0.0000000000000000000, -1.000000000000000000 ) ) ;
#780 = CLOSED_SHELL ( 'NONE', ( #465, #1335, #1833, #132, #1944, #1501, #539 ) ) ;
#781 = DIRECTION ( 'NONE',  ( 0.0000000000000000000, 0.0000000000000000000, 1.000000000000000000 ) ) ;
#782 = ADVANCED_FACE ( 'NONE', ( #434 ), #111, .T. ) ;
#783 = ORIENTED_EDGE ( 'NONE', *, *, #1014, .T. ) ;
#784 = LINE ( 'NONE', #511, #808 ) ;
#785 = VERTEX_POINT ( 'NONE', #454 ) ;
#786 = ORIENTED_EDGE ( 'NONE', *, *, #1564, .T. ) ;
#787 = PLANE ( 'NONE',  #395 ) ;
#788 = CARTESIAN_POINT ( 'NONE',  ( 0.0000000000000000000, 0.0000000000000000000, 0.8499999999999999778 ) ) ;
#789 = DIRECTION ( 'NONE',  ( 0.0000000000000000000, 0.0000000000000000000, 1.000000000000000000 ) ) ;
#790 = ORIENTED_EDGE ( 'NONE', *, *, #1717, .F. ) ;
#791 = EDGE_CURVE ( 'NONE', #944, #1546, #1078, .T. ) ;
#792 = CARTESIAN_POINT ( 'NONE',  ( 0.0000000000000000000, 0.0000000000000000000, 0.3400000000000000244 ) ) ;
#793 = ORIENTED_EDGE ( 'NONE', *, *, #318, .F. ) ;
#794 = EDGE_CURVE ( 'NONE', #1569, #1963, #1067, .T. ) ;
#795 = EDGE_LOOP ( 'NONE', ( #216, #89, #1915, #1783 ) ) ;
#796 = CARTESIAN_POINT ( 'NONE',  ( -0.8114269542457979156, 0.0000000000000000000, 0.3499999999999999778 ) ) ;
#797 = CARTESIAN_POINT ( 'NONE',  ( 2.439999999999999947, -1.094999999999999973, -0.1000000000000000056 ) ) ;
#798 = CARTESIAN_POINT ( 'NONE',  ( -1.550000000000000044, 0.6999999999999999556, -0.5000000000000000000 ) ) ;
#799 = CARTESIAN_POINT ( 'NONE',  ( -0.3709936491443470152, 0.3562134266070410282, 0.3400000000000000244 ) ) ;
#800 = ORIENTED_EDGE ( 'NONE', *, *, #1014, .F. ) ;
#801 = DIRECTION ( 'NONE',  ( -1.000000000000000000, 0.0000000000000000000, 0.0000000000000000000 ) ) ;
#802 = ORIENTED_EDGE ( 'NONE', *, *, #1482, .T. ) ;
#803 = VECTOR ( 'NONE', #1234, 1000.000000000000000 ) ;
#804 = EDGE_CURVE ( 'NONE', #510, #1521, #1676, .T. ) ;
#805 = VERTEX_POINT ( 'NONE', #1371 ) ;
#806 = UNCERTAINTY_MEASURE_WITH_UNIT (LENGTH_MEASURE( 1.000000000000000082E-05 ), #996, 'distance_accuracy_value', 'NONE');
#807 = DIRECTION ( 'NONE',  ( 0.0000000000000000000, 0.0000000000000000000, -1.000000000000000000 ) ) ;
#808 = VECTOR ( 'NONE', #1414, 1000.000000000000000 ) ;
#809 = VECTOR ( 'NONE', #1220, 1000.000000000000000 ) ;
#810 = CARTESIAN_POINT ( 'NONE',  ( 2.939999999999999947, 1.094999999999999973, 0.0000000000000000000 ) ) ;
#811 = DIRECTION ( 'NONE',  ( 1.000000000000000000, 0.0000000000000000000, 0.0000000000000000000 ) ) ;
#812 = AXIS2_PLACEMENT_3D ( 'NONE', #339, #167, #1565 ) ;
#813 = VECTOR ( 'NONE', #1716, 1000.000000000000000 ) ;
#814 = VERTEX_POINT ( 'NONE', #596 ) ;
#815 = ORIENTED_EDGE ( 'NONE', *, *, #47, .F. ) ;
#816 = CARTESIAN_POINT ( 'NONE',  ( -0.3709936491443470152, 0.0000000000000000000, 0.3499999999999999778 ) ) ;
#817 = AXIS2_PLACEMENT_3D ( 'NONE', #982, #1937, #1635 ) ;
#818 = ORIENTED_EDGE ( 'NONE', *, *, #143, .F. ) ;
#819 = DIRECTION ( 'NONE',  ( -1.000000000000000000, 0.0000000000000000000, 0.0000000000000000000 ) ) ;
#820 = ORIENTED_EDGE ( 'NONE', *, *, #935, .F. ) ;
#821 = FACE_OUTER_BOUND ( 'NONE', #565, .T. ) ;
#822 = EDGE_CURVE ( 'NONE', #204, #1124, #1704, .T. ) ;
#823 = LINE ( 'NONE', #1762, #428 ) ;
#824 = LINE ( 'NONE', #45, #746 ) ;
#825 = FACE_OUTER_BOUND ( 'NONE', #881, .T. ) ;
#826 = ORIENTED_EDGE ( 'NONE', *, *, #644, .F. ) ;
#827 = ORIENTED_EDGE ( 'NONE', *, *, #1819, .T. ) ;
#828 = PLANE ( 'NONE',  #55 ) ;
#829 = EDGE_LOOP ( 'NONE', ( #1133, #206, #859, #401 ) ) ;
#830 = UNCERTAINTY_MEASURE_WITH_UNIT (LENGTH_MEASURE( 1.000000000000000082E-05 ), #1702, 'distance_accuracy_value', 'NONE');
#831 = LINE ( 'NONE', #516, #1634 ) ;
#832 = DIRECTION ( 'NONE',  ( 0.0000000000000000000, 0.0000000000000000000, 1.000000000000000000 ) ) ;
#833 = LINE ( 'NONE', #692, #488 ) ;
#834 = DIRECTION ( 'NONE',  ( -0.9912279006826346661, 0.0000000000000000000, 0.1321637200910179555 ) ) ;
#835 = EDGE_CURVE ( 'NONE', #1907, #1583, #284, .T. ) ;
#836 = ORIENTED_EDGE ( 'NONE', *, *, #155, .F. ) ;
#837 = LINE ( 'NONE', #57, #1439 ) ;
#838 = ORIENTED_EDGE ( 'NONE', *, *, #285, .F. ) ;
#839 = VERTEX_POINT ( 'NONE', #1999 ) ;
#840 = DIRECTION ( 'NONE',  ( -1.000000000000000000, 0.0000000000000000000, 0.0000000000000000000 ) ) ;
#841 = AXIS2_PLACEMENT_3D ( 'NONE', #1793, #399, #414 ) ;
#842 = CIRCLE ( 'NONE', #24, 0.1250000000000000000 ) ;
#843 = PLANE ( 'NONE',  #1786 ) ;
#844 = FACE_OUTER_BOUND ( 'NONE', #172, .T. ) ;
#845 = DIRECTION ( 'NONE',  ( 0.6427876096865396960, -7.871877887341991227E-17, 0.7660444431189776804 ) ) ;
#846 = MECHANICAL_DESIGN_GEOMETRIC_PRESENTATION_REPRESENTATION (  '', ( #1045 ), #2014 ) ;
#847 = CARTESIAN_POINT ( 'NONE',  ( -0.2709936491443469819, 0.1281067133035199979, 0.3499999999999999778 ) ) ;
#848 = VECTOR ( 'NONE', #243, 1000.000000000000114 ) ;
#849 = CARTESIAN_POINT ( 'NONE',  ( 0.2709936491443469819, 0.0000000000000000000, 0.3400000000000000244 ) ) ;
#850 = AXIS2_PLACEMENT_3D ( 'NONE', #630, #648, #1902 ) ;
#851 = ORIENTED_EDGE ( 'NONE', *, *, #402, .F. ) ;
#852 =( NAMED_UNIT ( * ) SI_UNIT ( $, .STERADIAN. ) SOLID_ANGLE_UNIT ( ) );
#853 = AXIS2_PLACEMENT_3D ( 'NONE', #87, #1518, #592 ) ;
#854 = ORIENTED_EDGE ( 'NONE', *, *, #1517, .T. ) ;
#855 = SURFACE_STYLE_FILL_AREA ( #230 ) ;
#856 = DIRECTION ( 'NONE',  ( 0.0000000000000000000, 0.0000000000000000000, 1.000000000000000000 ) ) ;
#857 = CARTESIAN_POINT ( 'NONE',  ( -0.3709936491443470152, 0.3562134266070410282, 0.3400000000000000244 ) ) ;
#858 = DIRECTION ( 'NONE',  ( 0.0000000000000000000, -1.000000000000000000, 0.0000000000000000000 ) ) ;
#859 = ORIENTED_EDGE ( 'NONE', *, *, #332, .T. ) ;
#860 = EDGE_CURVE ( 'NONE', #814, #1429, #301, .T. ) ;
#861 = ORIENTED_EDGE ( 'NONE', *, *, #1478, .F. ) ;
#862 = CARTESIAN_POINT ( 'NONE',  ( -0.4026206968340709791, 0.1000000000000000056, 0.3499999999999999778 ) ) ;
#863 = EDGE_CURVE ( 'NONE', #1127, #1576, #1097, .T. ) ;
#864 = ORIENTED_EDGE ( 'NONE', *, *, #989, .F. ) ;
#865 = FACE_BOUND ( 'NONE', #1457, .T. ) ;
#866 = CARTESIAN_POINT ( 'NONE',  ( 1.566666666666669983, -0.6000230350894010245, 0.3499999999999999778 ) ) ;
#867 = DIRECTION ( 'NONE',  ( -1.000000000000000000, -1.280268730617219935E-16, 0.0000000000000000000 ) ) ;
#868 = CARTESIAN_POINT ( 'NONE',  ( -2.939999999999999947, 1.094999999999999973, 0.0000000000000000000 ) ) ;
#869 = ORIENTED_EDGE ( 'NONE', *, *, #1135, .F. ) ;
#870 = DIRECTION ( 'NONE',  ( 0.0000000000000000000, -1.000000000000000000, 0.0000000000000000000 ) ) ;
#871 = EDGE_CURVE ( 'NONE', #839, #754, #314, .T. ) ;
#872 = VERTEX_POINT ( 'NONE', #1577 ) ;
#873 = EDGE_CURVE ( 'NONE', #444, #1128, #1206, .T. ) ;
#874 = DIRECTION ( 'NONE',  ( 0.7071067811865480168, -0.7071067811865470176, 0.0000000000000000000 ) ) ;
#875 = DIRECTION ( 'NONE',  ( 1.000000000000000000, 0.0000000000000000000, 0.0000000000000000000 ) ) ;
#876 = VECTOR ( 'NONE', #209, 1000.000000000000000 ) ;
#877 = VECTOR ( 'NONE', #1585, 1000.000000000000000 ) ;
#878 = DIRECTION ( 'NONE',  ( 0.0000000000000000000, 0.0000000000000000000, -1.000000000000000000 ) ) ;
#879 = LINE ( 'NONE', #451, #682 ) ;
#880 = CIRCLE ( 'NONE', #1046, 0.8114269542457979156 ) ;
#881 = EDGE_LOOP ( 'NONE', ( #1393, #1579, #969, #1268 ) ) ;
#882 = CARTESIAN_POINT ( 'NONE',  ( 0.3709936491443470152, 0.3562134266070410282, 0.3400000000000000244 ) ) ;
#883 = STYLED_ITEM ( 'NONE', ( #1493 ), #1966 ) ;
#884 = AXIS2_PLACEMENT_3D ( 'NONE', #1581, #1866, #469 ) ;
#885 = EDGE_CURVE ( 'NONE', #238, #1116, #328, .T. ) ;
#886 = FACE_OUTER_BOUND ( 'NONE', #1766, .T. ) ;
#887 = DIRECTION ( 'NONE',  ( 0.9912279006826346661, 0.0000000000000000000, 0.1321637200910179555 ) ) ;
#888 = DIRECTION ( 'NONE',  ( -0.1414213562373100308, 0.0000000000000000000, 0.9899494936611664686 ) ) ;
#889 = LINE ( 'NONE', #296, #554 ) ;
#890 = LINE ( 'NONE', #1231, #1856 ) ;
#891 = VERTEX_POINT ( 'NONE', #953 ) ;
#892 = DIRECTION ( 'NONE',  ( 1.000000000000000000, 0.0000000000000000000, 0.0000000000000000000 ) ) ;
#893 = SHAPE_DEFINITION_REPRESENTATION ( #1672, #232 ) ;
#894 = CARTESIAN_POINT ( 'NONE',  ( 0.8052413936681429574, 0.1000000000000000056, 0.3400000000000000244 ) ) ;
#895 = CARTESIAN_POINT ( 'NONE',  ( 0.0000000000000000000, 0.0000000000000000000, 0.3499999999999999778 ) ) ;
#896 = EDGE_CURVE ( 'NONE', #345, #534, #1898, .T. ) ;
#897 = LINE ( 'NONE', #1827, #1342 ) ;
#898 = CARTESIAN_POINT ( 'NONE',  ( 0.3709936491443470152, 0.1000000000000000056, 0.3499999999999999778 ) ) ;
#899 = FACE_OUTER_BOUND ( 'NONE', #1444, .T. ) ;
#900 = ADVANCED_FACE ( 'NONE', ( #1422 ), #1908, .F. ) ;
#901 = ORIENTED_EDGE ( 'NONE', *, *, #722, .F. ) ;
#902 = DIRECTION ( 'NONE',  ( -1.000000000000000000, 0.0000000000000000000, 0.0000000000000000000 ) ) ;
#903 = DIRECTION ( 'NONE',  ( 0.0000000000000000000, 0.0000000000000000000, 1.000000000000000000 ) ) ;
#904 = CARTESIAN_POINT ( 'NONE',  ( 0.0000000000000000000, 0.0000000000000000000, 0.3400000000000000244 ) ) ;
#905 = CARTESIAN_POINT ( 'NONE',  ( 1.514285714285710016, -0.3499999999999999778, -0.7500000000000000000 ) ) ;
#906 = SURFACE_SIDE_STYLE ('',( #1987 ) ) ;
#907 = DIRECTION ( 'NONE',  ( 0.0000000000000000000, 0.0000000000000000000, -1.000000000000000000 ) ) ;
#908 = VECTOR ( 'NONE', #1352, 1000.000000000000000 ) ;
#909 = ORIENTED_EDGE ( 'NONE', *, *, #247, .F. ) ;
#910 = VECTOR ( 'NONE', #912, 1000.000000000000227 ) ;
#911 = EDGE_CURVE ( 'NONE', #1484, #1639, #160, .T. ) ;
#912 = DIRECTION ( 'NONE',  ( 0.1310243564160840646, 0.1310243564160840646, -0.9826826731206274035 ) ) ;
#913 = PRESENTATION_LAYER_ASSIGNMENT (  '', '', ( #1045 ) ) ;
#914 = AXIS2_PLACEMENT_3D ( 'NONE', #1659, #1054, #1386 ) ;
#915 =( GEOMETRIC_REPRESENTATION_CONTEXT ( 3 ) GLOBAL_UNCERTAINTY_ASSIGNED_CONTEXT ( ( #806 ) ) GLOBAL_UNIT_ASSIGNED_CONTEXT ( ( #996, #397, #1933 ) ) REPRESENTATION_CONTEXT ( 'NONE', 'WORKASPACE' ) );
#916 = EDGE_LOOP ( 'NONE', ( #1500, #18 ) ) ;
#917 = LINE ( 'NONE', #404, #645 ) ;
#918 = DIRECTION ( 'NONE',  ( 0.0000000000000000000, 0.0000000000000000000, 1.000000000000000000 ) ) ;
#919 = DIRECTION ( 'NONE',  ( 0.0000000000000000000, 0.0000000000000000000, -1.000000000000000000 ) ) ;
#920 = CARTESIAN_POINT ( 'NONE',  ( 1.600000000000000089, -1.399999999999999911, 0.0000000000000000000 ) ) ;
#921 = DIRECTION ( 'NONE',  ( -1.000000000000000000, 0.0000000000000000000, 0.0000000000000000000 ) ) ;
#922 = ORIENTED_EDGE ( 'NONE', *, *, #1541, .F. ) ;
#923 = DIRECTION ( 'NONE',  ( -1.000000000000000000, 0.0000000000000000000, 0.0000000000000000000 ) ) ;
#924 = EDGE_CURVE ( 'NONE', #1639, #981, #784, .T. ) ;
#925 = ADVANCED_FACE ( 'NONE', ( #1136 ), #472, .F. ) ;
#926 = DIRECTION ( 'NONE',  ( -1.000000000000000000, 0.0000000000000000000, 0.0000000000000000000 ) ) ;
#927 = DIRECTION ( 'NONE',  ( 1.000000000000000000, 0.0000000000000000000, 0.0000000000000000000 ) ) ;
#928 = LINE ( 'NONE', #442, #1954 ) ;
#929 = ORIENTED_EDGE ( 'NONE', *, *, #804, .F. ) ;
#930 = LINE ( 'NONE', #39, #941 ) ;
#931 = ORIENTED_EDGE ( 'NONE', *, *, #1931, .F. ) ;
#932 = ORIENTED_EDGE ( 'NONE', *, *, #958, .T. ) ;
#933 = CARTESIAN_POINT ( 'NONE',  ( 1.600000000000000089, -1.399999999999999911, -0.1499999999999999944 ) ) ;
#934 = PLANE ( 'NONE',  #850 ) ;
#935 = EDGE_CURVE ( 'NONE', #785, #1329, #179, .T. ) ;
#936 = CARTESIAN_POINT ( 'NONE',  ( -0.8052413936681429574, 0.1000000000000000056, 0.3400000000000000244 ) ) ;
#937 = PLANE ( 'NONE',  #1436 ) ;
#938 = EDGE_LOOP ( 'NONE', ( #1592, #40, #1446, #1118 ) ) ;
#939 = CARTESIAN_POINT ( 'NONE',  ( 0.3709936491443470152, 0.1000000000000000056, 0.3499999999999999778 ) ) ;
#940 = PRESENTATION_LAYER_ASSIGNMENT (  '', '', ( #1138 ) ) ;
#941 = VECTOR ( 'NONE', #1740, 1000.000000000000000 ) ;
#942 = ORIENTED_EDGE ( 'NONE', *, *, #623, .T. ) ;
#943 = VECTOR ( 'NONE', #867, 1000.000000000000000 ) ;
#944 = VERTEX_POINT ( 'NONE', #1278 ) ;
#945 = VECTOR ( 'NONE', #560, 1000.000000000000000 ) ;
#946 = PLANE ( 'NONE',  #30 ) ;
#947 = VECTOR ( 'NONE', #1260, 1000.000000000000000 ) ;
#948 = ADVANCED_FACE ( 'NONE', ( #634 ), #27, .T. ) ;
#949 = DIRECTION ( 'NONE',  ( -1.000000000000000000, 0.0000000000000000000, 0.0000000000000000000 ) ) ;
#950 = CARTESIAN_POINT ( 'NONE',  ( -1.553602620087340069, 1.399999999999999911, 0.4479803493449780460 ) ) ;
#951 = EDGE_CURVE ( 'NONE', #1016, #785, #456, .T. ) ;
#952 = EDGE_LOOP ( 'NONE', ( #1712, #769, #476, #790 ) ) ;
#953 = CARTESIAN_POINT ( 'NONE',  ( 0.7666897017560679872, -1.399999999999999911, 0.3499999999999999778 ) ) ;
#954 = ORIENTED_EDGE ( 'NONE', *, *, #358, .F. ) ;
#955 = ORIENTED_EDGE ( 'NONE', *, *, #764, .T. ) ;
#956 = CARTESIAN_POINT ( 'NONE',  ( 1.600000000000000089, -1.399999999999999911, 0.8499999999999999778 ) ) ;
#957 = LINE ( 'NONE', #36, #356 ) ;
#958 = EDGE_CURVE ( 'NONE', #1125, #204, #930, .T. ) ;
#959 = EDGE_LOOP ( 'NONE', ( #1889, #1952, #1615, #838 ) ) ;
#960 = CARTESIAN_POINT ( 'NONE',  ( -0.2709936491443469819, 0.2562134266070400512, 0.3499999999999999778 ) ) ;
#961 = EDGE_CURVE ( 'NONE', #1851, #1768, #1595, .T. ) ;
#962 = ORIENTED_EDGE ( 'NONE', *, *, #1805, .F. ) ;
#963 = VERTEX_POINT ( 'NONE', #970 ) ;
#964 = PLANE ( 'NONE',  #588 ) ;
#965 = CARTESIAN_POINT ( 'NONE',  ( -1.454008071322389961, -1.399999999999999911, -0.7500000000000000000 ) ) ;
#966 = CARTESIAN_POINT ( 'NONE',  ( -1.600000000000000089, 1.399999999999999911, 0.1000000000000000056 ) ) ;
#967 = CARTESIAN_POINT ( 'NONE',  ( 1.600000000000000089, 1.399999999999999911, -0.1499999999999999944 ) ) ;
#968 = ORIENTED_EDGE ( 'NONE', *, *, #96, .F. ) ;
#969 = ORIENTED_EDGE ( 'NONE', *, *, #1506, .T. ) ;
#970 = CARTESIAN_POINT ( 'NONE',  ( 1.016032285289560022, 1.399999999999999911, -0.8499999999999999778 ) ) ;
#971 = EDGE_CURVE ( 'NONE', #50, #1609, #1594, .T. ) ;
#972 = ORIENTED_EDGE ( 'NONE', *, *, #272, .F. ) ;
#973 = VECTOR ( 'NONE', #1167, 1000.000000000000000 ) ;
#974 = PLANE ( 'NONE',  #1431 ) ;
#975 = VECTOR ( 'NONE', #1479, 1000.000000000000000 ) ;
#976 = EDGE_LOOP ( 'NONE', ( #1454, #1465, #1088, #697, #1107, #1744 ) ) ;
#977 = CARTESIAN_POINT ( 'NONE',  ( 0.0000000000000000000, 0.0000000000000000000, 0.3400000000000000244 ) ) ;
#978 = AXIS2_PLACEMENT_3D ( 'NONE', #1519, #417, #610 ) ;
#979 = DIRECTION ( 'NONE',  ( 0.0000000000000000000, -1.000000000000000000, 0.0000000000000000000 ) ) ;
#980 = DIRECTION ( 'NONE',  ( 0.0000000000000000000, 0.0000000000000000000, -1.000000000000000000 ) ) ;
#981 = VERTEX_POINT ( 'NONE', #665 ) ;
#982 = CARTESIAN_POINT ( 'NONE',  ( 0.8114269542457979156, 0.0000000000000000000, 0.3499999999999999778 ) ) ;
#983 = VECTOR ( 'NONE', #1379, 1000.000000000000000 ) ;
#984 = ORIENTED_EDGE ( 'NONE', *, *, #1025, .F. ) ;
#985 = DIRECTION ( 'NONE',  ( 0.0000000000000000000, -1.000000000000000000, 0.0000000000000000000 ) ) ;
#986 = ADVANCED_FACE ( 'NONE', ( #491 ), #1402, .F. ) ;
#987 = VERTEX_POINT ( 'NONE', #1255 ) ;
#988 = CARTESIAN_POINT ( 'NONE',  ( 1.230976769834439821, -1.507511761002494935E-16, 0.8499999999999999778 ) ) ;
#989 = EDGE_CURVE ( 'NONE', #535, #1963, #480, .T. ) ;
#990 = CARTESIAN_POINT ( 'NONE',  ( 0.3709936491443470152, 0.1781067133035199868, 0.3499999999999999778 ) ) ;
#991 = CARTESIAN_POINT ( 'NONE',  ( -0.3709936491443470152, 0.3562134266070410282, 0.3499999999999999778 ) ) ;
#992 = PLANE ( 'NONE',  #1368 ) ;
#993 = DIRECTION ( 'NONE',  ( 0.7071067811865470176, 0.7071067811865480168, 0.0000000000000000000 ) ) ;
#994 = ORIENTED_EDGE ( 'NONE', *, *, #1890, .T. ) ;
#995 = EDGE_LOOP ( 'NONE', ( #138, #1730, #1566, #1463 ) ) ;
#996 =( LENGTH_UNIT ( ) NAMED_UNIT ( * ) SI_UNIT ( .MILLI., .METRE. ) );
#997 = ADVANCED_FACE ( 'NONE', ( #1320 ), #1165, .F. ) ;
#998 = DIRECTION ( 'NONE',  ( 0.0000000000000000000, 0.0000000000000000000, -1.000000000000000000 ) ) ;
#999 = CARTESIAN_POINT ( 'NONE',  ( 0.2709936491443469819, 0.0000000000000000000, 0.3499999999999999778 ) ) ;
#1000 = CYLINDRICAL_SURFACE ( 'NONE', #1629, 0.1250000000000000000 ) ;
#1001 = ORIENTED_EDGE ( 'NONE', *, *, #1034, .T. ) ;
#1002 = CARTESIAN_POINT ( 'NONE',  ( 0.5000000000000000000, 0.0000000000000000000, -0.7500000000000000000 ) ) ;
#1003 = ORIENTED_EDGE ( 'NONE', *, *, #1462, .F. ) ;
#1004 = ORIENTED_EDGE ( 'NONE', *, *, #1375, .T. ) ;
#1005 = CONICAL_SURFACE ( 'NONE', #1535, 0.8114269542457979156, 0.6981317007977323463 ) ;
#1006 = CIRCLE ( 'NONE', #122, 0.1250000000000000000 ) ;
#1007 = CARTESIAN_POINT ( 'NONE',  ( 1.514285714285710016, -1.399999999999999911, -0.7500000000000000000 ) ) ;
#1008 = DIRECTION ( 'NONE',  ( 1.000000000000000000, 0.0000000000000000000, 0.0000000000000000000 ) ) ;
#1009 = MECHANICAL_DESIGN_GEOMETRIC_PRESENTATION_REPRESENTATION (  '', ( #1857 ), #1918 ) ;
#1010 = EDGE_CURVE ( 'NONE', #891, #1583, #1636, .T. ) ;
#1011 = EDGE_LOOP ( 'NONE', ( #1245, #150, #574, #641, #368, #1492, #1050, #690, #1424, #664, #317, #654 ) ) ;
#1012 = VECTOR ( 'NONE', #1378, 1000.000000000000000 ) ;
#1013 = DIRECTION ( 'NONE',  ( 0.0000000000000000000, 0.0000000000000000000, -1.000000000000000000 ) ) ;
#1014 = EDGE_CURVE ( 'NONE', #785, #1016, #1917, .T. ) ;
#1015 =( GEOMETRIC_REPRESENTATION_CONTEXT ( 3 ) GLOBAL_UNCERTAINTY_ASSIGNED_CONTEXT ( ( #94 ) ) GLOBAL_UNIT_ASSIGNED_CONTEXT ( ( #575, #1545, #288 ) ) REPRESENTATION_CONTEXT ( 'NONE', 'WORKASPACE' ) );
#1016 = VERTEX_POINT ( 'NONE', #1538 ) ;
#1017 = LINE ( 'NONE', #240, #583 ) ;
#1018 = ORIENTED_EDGE ( 'NONE', *, *, #961, .F. ) ;
#1019 = CARTESIAN_POINT ( 'NONE',  ( -0.2709936491443469819, 0.0000000000000000000, 0.3499999999999999778 ) ) ;
#1020 = CARTESIAN_POINT ( 'NONE',  ( -0.3709936491443470152, 0.3562134266070410282, 0.3499999999999999778 ) ) ;
#1021 = CARTESIAN_POINT ( 'NONE',  ( -0.2709936491443469819, 0.2562134266070400512, 0.3499999999999999778 ) ) ;
#1022 = FACE_OUTER_BOUND ( 'NONE', #1403, .T. ) ;
#1023 = ORIENTED_EDGE ( 'NONE', *, *, #9, .F. ) ;
#1024 = ORIENTED_EDGE ( 'NONE', *, *, #509, .F. ) ;
#1025 = EDGE_CURVE ( 'NONE', #278, #1834, #1044, .T. ) ;
#1026 = SURFACE_STYLE_USAGE ( .BOTH. , #371 ) ;
#1027 = ORIENTED_EDGE ( 'NONE', *, *, #1151, .F. ) ;
#1028 = LINE ( 'NONE', #249, #908 ) ;
#1029 = CARTESIAN_POINT ( 'NONE',  ( 2.939999999999999947, -1.094999999999999973, 0.1000000000000000056 ) ) ;
#1030 = CARTESIAN_POINT ( 'NONE',  ( 1.016032285289560022, 1.399999999999999911, -0.4249999999999999889 ) ) ;
#1031 = DIRECTION ( 'NONE',  ( 0.0000000000000000000, 0.0000000000000000000, 1.000000000000000000 ) ) ;
#1032 = ORIENTED_EDGE ( 'NONE', *, *, #1931, .T. ) ;
#1033 = CARTESIAN_POINT ( 'NONE',  ( 1.454008071322389961, 1.399999999999999911, -0.7500000000000000000 ) ) ;
#1034 = EDGE_CURVE ( 'NONE', #1035, #348, #890, .T. ) ;
#1035 = VERTEX_POINT ( 'NONE', #1652 ) ;
#1036 = PRODUCT_DEFINITION_CONTEXT ( 'detailed design', #396, 'design' ) ;
#1037 = ORIENTED_EDGE ( 'NONE', *, *, #767, .F. ) ;
#1038 = CARTESIAN_POINT ( 'NONE',  ( -0.3709936491443470152, 0.1000000000000000056, 0.3499999999999999778 ) ) ;
#1039 = CARTESIAN_POINT ( 'NONE',  ( 0.0000000000000000000, 0.0000000000000000000, 0.3499999999999999778 ) ) ;
#1040 = AXIS2_PLACEMENT_3D ( 'NONE', #303, #205, #1445 ) ;
#1041 = VECTOR ( 'NONE', #1288, 1000.000000000000000 ) ;
#1042 = CARTESIAN_POINT ( 'NONE',  ( -1.016032285289560022, -0.6999999999999999556, -0.8499999999999999778 ) ) ;
#1043 = LINE ( 'NONE', #1663, #776 ) ;
#1044 = LINE ( 'NONE', #570, #1267 ) ;
#1045 = STYLED_ITEM ( 'NONE', ( #1208 ), #1323 ) ;
#1046 = AXIS2_PLACEMENT_3D ( 'NONE', #549, #77, #1495 ) ;
#1047 = EDGE_LOOP ( 'NONE', ( #1024, #745, #363, #2019 ) ) ;
#1048 = CARTESIAN_POINT ( 'NONE',  ( 0.2709936491443469819, 0.0000000000000000000, 0.3400000000000000244 ) ) ;
#1049 = VECTOR ( 'NONE', #1610, 1000.000000000000000 ) ;
#1050 = ORIENTED_EDGE ( 'NONE', *, *, #860, .T. ) ;
#1051 = EDGE_CURVE ( 'NONE', #63, #1860, #842, .T. ) ;
#1052 = ORIENTED_EDGE ( 'NONE', *, *, #767, .T. ) ;
#1053 = DIRECTION ( 'NONE',  ( 0.0000000000000000000, 1.000000000000000000, 0.0000000000000000000 ) ) ;
#1054 = DIRECTION ( 'NONE',  ( 0.0000000000000000000, 0.0000000000000000000, 1.000000000000000000 ) ) ;
#1055 = EDGE_CURVE ( 'NONE', #1614, #1733, #432, .T. ) ;
#1056 = DIRECTION ( 'NONE',  ( 0.0000000000000000000, 1.000000000000000000, 0.0000000000000000000 ) ) ;
#1057 = DIRECTION ( 'NONE',  ( -1.000000000000000000, 0.0000000000000000000, 0.0000000000000000000 ) ) ;
#1058 = DIRECTION ( 'NONE',  ( 0.7071067811865470176, 0.7071067811865480168, 0.0000000000000000000 ) ) ;
#1059 = CARTESIAN_POINT ( 'NONE',  ( -0.8052413936681429574, 0.1000000000000000056, 0.3400000000000000244 ) ) ;
#1060 = PLANE ( 'NONE',  #350 ) ;
#1061 = FACE_OUTER_BOUND ( 'NONE', #552, .T. ) ;
#1062 = ADVANCED_FACE ( 'NONE', ( #899 ), #1816, .T. ) ;
#1063 = CARTESIAN_POINT ( 'NONE',  ( -1.016032285289560022, -1.399999999999999911, -0.7500000000000000000 ) ) ;
#1064 = LINE ( 'NONE', #1557, #1568 ) ;
#1065 = DIRECTION ( 'NONE',  ( 0.0000000000000000000, 0.0000000000000000000, 1.000000000000000000 ) ) ;
#1066 = ORIENTED_EDGE ( 'NONE', *, *, #1958, .F. ) ;
#1067 = LINE ( 'NONE', #102, #710 ) ;
#1068 = ORIENTED_EDGE ( 'NONE', *, *, #1669, .T. ) ;
#1069 = DIRECTION ( 'NONE',  ( 0.0000000000000000000, 0.0000000000000000000, 1.000000000000000000 ) ) ;
#1070 = FACE_OUTER_BOUND ( 'NONE', #571, .T. ) ;
#1071 = LINE ( 'NONE', #245, #558 ) ;
#1072 = FILL_AREA_STYLE_COLOUR ( '', #616 ) ;
#1073 = DIRECTION ( 'NONE',  ( 0.0000000000000000000, 0.0000000000000000000, 1.000000000000000000 ) ) ;
#1074 = EDGE_CURVE ( 'NONE', #702, #987, #1850, .T. ) ;
#1075 = VECTOR ( 'NONE', #1053, 1000.000000000000000 ) ;
#1076 = ORIENTED_EDGE ( 'NONE', *, *, #496, .T. ) ;
#1077 = AXIS2_PLACEMENT_3D ( 'NONE', #642, #344, #1265 ) ;
#1078 = LINE ( 'NONE', #1059, #2012 ) ;
#1079 = EDGE_CURVE ( 'NONE', #1329, #32, #742, .T. ) ;
#1080 = AXIS2_PLACEMENT_3D ( 'NONE', #1086, #1389, #1815 ) ;
#1081 = AXIS2_PLACEMENT_3D ( 'NONE', #1728, #781, #811 ) ;
#1082 = SURFACE_STYLE_USAGE ( .BOTH. , #1900 ) ;
#1083 = CARTESIAN_POINT ( 'NONE',  ( 0.2709936491443469819, 0.2562134266070400512, 0.3499999999999999778 ) ) ;
#1084 = VECTOR ( 'NONE', #919, 1000.000000000000000 ) ;
#1085 = LINE ( 'NONE', #1410, #1214 ) ;
#1086 = CARTESIAN_POINT ( 'NONE',  ( 2.939999999999999947, -1.094999999999999973, 0.0000000000000000000 ) ) ;
#1087 = EDGE_CURVE ( 'NONE', #453, #1376, #1006, .T. ) ;
#1088 = ORIENTED_EDGE ( 'NONE', *, *, #509, .T. ) ;
#1089 = DIRECTION ( 'NONE',  ( 0.0000000000000000000, 0.0000000000000000000, 1.000000000000000000 ) ) ;
#1090 = EDGE_CURVE ( 'NONE', #754, #1614, #1551, .T. ) ;
#1091 = VERTEX_POINT ( 'NONE', #739 ) ;
#1092 = CARTESIAN_POINT ( 'NONE',  ( 0.2709936491443469819, 0.0000000000000000000, 0.3499999999999999778 ) ) ;
#1093 = LINE ( 'NONE', #796, #257 ) ;
#1094 = CARTESIAN_POINT ( 'NONE',  ( 1.600000000000000089, -1.399999999999999911, 0.1000000000000000056 ) ) ;
#1095 = DIRECTION ( 'NONE',  ( 0.0000000000000000000, 0.0000000000000000000, -1.000000000000000000 ) ) ;
#1096 = ORIENTED_EDGE ( 'NONE', *, *, #951, .F. ) ;
#1097 = LINE ( 'NONE', #170, #877 ) ;
#1098 = ORIENTED_EDGE ( 'NONE', *, *, #1151, .T. ) ;
#1099 = EDGE_CURVE ( 'NONE', #1406, #159, #1189, .T. ) ;
#1100 = EDGE_LOOP ( 'NONE', ( #1277, #1755, #1168, #1469 ) ) ;
#1101 = CARTESIAN_POINT ( 'NONE',  ( -0.3709936491443470152, 0.3562134266070410282, 0.3400000000000000244 ) ) ;
#1102 = DIRECTION ( 'NONE',  ( -0.1414213562373100308, 0.0000000000000000000, -0.9899494936611664686 ) ) ;
#1103 = ORIENTED_EDGE ( 'NONE', *, *, #958, .F. ) ;
#1104 = DIRECTION ( 'NONE',  ( 0.0000000000000000000, -1.000000000000000000, 0.0000000000000000000 ) ) ;
#1105 = AXIS2_PLACEMENT_3D ( 'NONE', #297, #100, #730 ) ;
#1106 = EDGE_LOOP ( 'NONE', ( #1532, #474, #1884, #1453, #1638, #694 ) ) ;
#1107 = ORIENTED_EDGE ( 'NONE', *, *, #1099, .T. ) ;
#1108 = VECTOR ( 'NONE', #497, 1000.000000000000114 ) ;
#1109 = EDGE_CURVE ( 'NONE', #1609, #944, #1657, .T. ) ;
#1110 = DIRECTION ( 'NONE',  ( 0.0000000000000000000, 0.0000000000000000000, 1.000000000000000000 ) ) ;
#1111 = VECTOR ( 'NONE', #2011, 1000.000000000000000 ) ;
#1112 = EDGE_CURVE ( 'NONE', #1767, #330, #1209, .T. ) ;
#1113 = VECTOR ( 'NONE', #1959, 1000.000000000000000 ) ;
#1114 = PLANE ( 'NONE',  #1081 ) ;
#1115 = DIRECTION ( 'NONE',  ( -1.000000000000000000, 0.0000000000000000000, 0.0000000000000000000 ) ) ;
#1116 = VERTEX_POINT ( 'NONE', #1527 ) ;
#1117 = DIRECTION ( 'NONE',  ( -0.0000000000000000000, 1.000000000000000000, 0.0000000000000000000 ) ) ;
#1118 = ORIENTED_EDGE ( 'NONE', *, *, #863, .F. ) ;
#1119 = EDGE_LOOP ( 'NONE', ( #1287, #1586, #703, #1341 ) ) ;
#1120 = CARTESIAN_POINT ( 'NONE',  ( 1.500000000000000000, -0.6666897017560668992, 0.8499999999999999778 ) ) ;
#1121 = DIRECTION ( 'NONE',  ( -1.000000000000000000, 0.0000000000000000000, 0.0000000000000000000 ) ) ;
#1122 = PLANE ( 'NONE',  #617 ) ;
#1123 = FACE_OUTER_BOUND ( 'NONE', #595, .T. ) ;
#1124 = VERTEX_POINT ( 'NONE', #1367 ) ;
#1125 = VERTEX_POINT ( 'NONE', #594 ) ;
#1126 = DIRECTION ( 'NONE',  ( 1.000000000000000000, 0.0000000000000000000, 0.0000000000000000000 ) ) ;
#1127 = VERTEX_POINT ( 'NONE', #252 ) ;
#1128 = VERTEX_POINT ( 'NONE', #1221 ) ;
#1129 = CARTESIAN_POINT ( 'NONE',  ( -1.600000000000000089, -1.399999999999999911, -0.1499999999999999944 ) ) ;
#1130 = DIRECTION ( 'NONE',  ( 0.0000000000000000000, -1.000000000000000000, 0.0000000000000000000 ) ) ;
#1131 = CARTESIAN_POINT ( 'NONE',  ( -0.3709936491443470152, 0.0000000000000000000, 0.3400000000000000244 ) ) ;
#1132 = CARTESIAN_POINT ( 'NONE',  ( -0.2709936491443469819, 0.2562134266070400512, 0.3400000000000000244 ) ) ;
#1133 = ORIENTED_EDGE ( 'NONE', *, *, #1074, .F. ) ;
#1134 = ORIENTED_EDGE ( 'NONE', *, *, #660, .F. ) ;
#1135 = EDGE_CURVE ( 'NONE', #1767, #1433, #1840, .T. ) ;
#1136 = FACE_OUTER_BOUND ( 'NONE', #342, .T. ) ;
#1137 = ORIENTED_EDGE ( 'NONE', *, *, #1055, .T. ) ;
#1138 = STYLED_ITEM ( 'NONE', ( #1547 ), #620 ) ;
#1139 = EDGE_CURVE ( 'NONE', #32, #1329, #1503, .T. ) ;
#1140 = FACE_OUTER_BOUND ( 'NONE', #725, .T. ) ;
#1141 = ORIENTED_EDGE ( 'NONE', *, *, #1637, .F. ) ;
#1142 = CARTESIAN_POINT ( 'NONE',  ( 0.0000000000000000000, 0.0000000000000000000, 0.3499999999999999778 ) ) ;
#1143 = AXIS2_PLACEMENT_3D ( 'NONE', #234, #407, #1460 ) ;
#1144 = FACE_OUTER_BOUND ( 'NONE', #354, .T. ) ;
#1145 = CARTESIAN_POINT ( 'NONE',  ( 0.8052413936681429574, 0.1000000000000000056, 0.3400000000000000244 ) ) ;
#1146 = DIRECTION ( 'NONE',  ( 0.0000000000000000000, 1.000000000000000000, 0.0000000000000000000 ) ) ;
#1147 = CONICAL_SURFACE ( 'NONE', #1405, 1.230976769834439821, 0.6981317007977323463 ) ;
#1148 = ORIENTED_EDGE ( 'NONE', *, *, #239, .F. ) ;
#1149 = ORIENTED_EDGE ( 'NONE', *, *, #2000, .F. ) ;
#1150 =( LENGTH_UNIT ( ) NAMED_UNIT ( * ) SI_UNIT ( .MILLI., .METRE. ) );
#1151 = EDGE_CURVE ( 'NONE', #93, #446, #390, .T. ) ;
#1152 = ORIENTED_EDGE ( 'NONE', *, *, #1139, .T. ) ;
#1153 = CARTESIAN_POINT ( 'NONE',  ( -1.600000000000000089, 1.399999999999999911, 0.8499999999999999778 ) ) ;
#1154 = FACE_OUTER_BOUND ( 'NONE', #203, .T. ) ;
#1155 = CARTESIAN_POINT ( 'NONE',  ( -0.8052413936681429574, 0.1000000000000000056, 0.3499999999999999778 ) ) ;
#1156 = ORIENTED_EDGE ( 'NONE', *, *, #362, .T. ) ;
#1157 = ORIENTED_EDGE ( 'NONE', *, *, #1528, .T. ) ;
#1158 = ORIENTED_EDGE ( 'NONE', *, *, #1087, .T. ) ;
#1159 = ORIENTED_EDGE ( 'NONE', *, *, #19, .T. ) ;
#1160 = EDGE_CURVE ( 'NONE', #814, #370, #879, .T. ) ;
#1161 = DIRECTION ( 'NONE',  ( 1.000000000000000000, 0.0000000000000000000, 0.0000000000000000000 ) ) ;
#1162 = LINE ( 'NONE', #1029, #945 ) ;
#1163 = FACE_OUTER_BOUND ( 'NONE', #48, .T. ) ;
#1164 = ORIENTED_EDGE ( 'NONE', *, *, #168, .F. ) ;
#1165 = PLANE ( 'NONE',  #1399 ) ;
#1166 = ORIENTED_EDGE ( 'NONE', *, *, #1087, .F. ) ;
#1167 = DIRECTION ( 'NONE',  ( 1.000000000000000000, 0.0000000000000000000, 0.0000000000000000000 ) ) ;
#1168 = ORIENTED_EDGE ( 'NONE', *, *, #70, .F. ) ;
#1169 = SURFACE_STYLE_USAGE ( .BOTH. , #546 ) ;
#1170 = AXIS2_PLACEMENT_3D ( 'NONE', #467, #360, #514 ) ;
#1171 = EDGE_CURVE ( 'NONE', #510, #628, #1510, .T. ) ;
#1172 = AXIS2_PLACEMENT_3D ( 'NONE', #584, #1842, #892 ) ;
#1173 = PLANE ( 'NONE',  #841 ) ;
#1174 = DIRECTION ( 'NONE',  ( -1.000000000000000000, 0.0000000000000000000, 0.0000000000000000000 ) ) ;
#1175 = CARTESIAN_POINT ( 'NONE',  ( 0.0000000000000000000, 0.0000000000000000000, 0.3499999999999999778 ) ) ;
#1176 = VECTOR ( 'NONE', #2004, 1000.000000000000000 ) ;
#1177 = EDGE_CURVE ( 'NONE', #1834, #110, #177, .T. ) ;
#1178 = VERTEX_POINT ( 'NONE', #1895 ) ;
#1179 = AXIS2_PLACEMENT_3D ( 'NONE', #608, #1524, #1836 ) ;
#1180 = PRESENTATION_LAYER_ASSIGNMENT (  '', '', ( #883 ) ) ;
#1181 = ORIENTED_EDGE ( 'NONE', *, *, #1074, .T. ) ;
#1182 = CARTESIAN_POINT ( 'NONE',  ( 1.500000000000000000, -0.6999999999999999556, 0.8499999999999999778 ) ) ;
#1183 = VECTOR ( 'NONE', #684, 1000.000000000000000 ) ;
#1184 = VERTEX_POINT ( 'NONE', #967 ) ;
#1185 = UNCERTAINTY_MEASURE_WITH_UNIT (LENGTH_MEASURE( 1.000000000000000082E-05 ), #1150, 'distance_accuracy_value', 'NONE');
#1186 = CARTESIAN_POINT ( 'NONE',  ( 2.689999999999999947, -0.8450000000000000844, 0.0000000000000000000 ) ) ;
#1187 = DIRECTION ( 'NONE',  ( -0.0000000000000000000, 1.000000000000000000, 0.0000000000000000000 ) ) ;
#1188 = CARTESIAN_POINT ( 'NONE',  ( 0.8114269542457979156, 0.0000000000000000000, 0.3499999999999999778 ) ) ;
#1189 = LINE ( 'NONE', #580, #154 ) ;
#1190 = ADVANCED_FACE ( 'NONE', ( #498 ), #1305, .T. ) ;
#1191 = ORIENTED_EDGE ( 'NONE', *, *, #1754, .T. ) ;
#1192 = CARTESIAN_POINT ( 'NONE',  ( 2.228749999999999787, -1.306249999999999911, 0.1000000000000000056 ) ) ;
#1193 = ORIENTED_EDGE ( 'NONE', *, *, #1055, .F. ) ;
#1194 = DIRECTION ( 'NONE',  ( -1.000000000000000000, 0.0000000000000000000, 0.0000000000000000000 ) ) ;
#1195 = LINE ( 'NONE', #600, #556 ) ;
#1196 = DIRECTION ( 'NONE',  ( -1.000000000000000000, 0.0000000000000000000, 0.0000000000000000000 ) ) ;
#1197 = CARTESIAN_POINT ( 'NONE',  ( 1.600000000000000089, -0.5666897017560670324, 0.3499999999999999778 ) ) ;
#1198 = VERTEX_POINT ( 'NONE', #799 ) ;
#1199 = CARTESIAN_POINT ( 'NONE',  ( 0.3709936491443470152, 0.2562134266070400512, 0.3400000000000000244 ) ) ;
#1200 = ADVANCED_FACE ( 'NONE', ( #1123 ), #340, .T. ) ;
#1201 = VERTEX_POINT ( 'NONE', #78 ) ;
#1202 = CARTESIAN_POINT ( 'NONE',  ( 0.0000000000000000000, 0.0000000000000000000, 0.0000000000000000000 ) ) ;
#1203 = CARTESIAN_POINT ( 'NONE',  ( -1.600000000000000089, 1.399999999999999911, -0.1499999999999999944 ) ) ;
#1204 = DIRECTION ( 'NONE',  ( -1.000000000000000000, 0.0000000000000000000, 0.0000000000000000000 ) ) ;
#1205 = VECTOR ( 'NONE', #1654, 1000.000000000000000 ) ;
#1206 = CIRCLE ( 'NONE', #649, 0.8114269542457979156 ) ;
#1207 = CARTESIAN_POINT ( 'NONE',  ( -0.3709936491443470152, 0.1000000000000000056, 0.3400000000000000244 ) ) ;
#1208 = PRESENTATION_STYLE_ASSIGNMENT (( #265 ) ) ;
#1209 = LINE ( 'NONE', #753, #712 ) ;
#1210 = AXIS2_PLACEMENT_3D ( 'NONE', #904, #1353, #577 ) ;
#1211 = EDGE_LOOP ( 'NONE', ( #1321, #1868 ) ) ;
#1212 = CARTESIAN_POINT ( 'NONE',  ( -0.2709936491443469819, 0.0000000000000000000, 0.3499999999999999778 ) ) ;
#1213 = CIRCLE ( 'NONE', #2018, 0.1250000000000000000 ) ;
#1214 = VECTOR ( 'NONE', #759, 1000.000000000000000 ) ;
#1215 = ADVANCED_FACE ( 'NONE', ( #1022 ), #1000, .F. ) ;
#1216 = CIRCLE ( 'NONE', #263, 1.230976769834439821 ) ;
#1217 = LINE ( 'NONE', #97, #1949 ) ;
#1218 = DIRECTION ( 'NONE',  ( 0.0000000000000000000, -1.000000000000000000, 0.0000000000000000000 ) ) ;
#1219 = CARTESIAN_POINT ( 'NONE',  ( 0.1250000000000000000, -1.530808498934191509E-17, 0.3400000000000000244 ) ) ;
#1220 = DIRECTION ( 'NONE',  ( -0.6427876096865396960, 0.0000000000000000000, 0.7660444431189776804 ) ) ;
#1221 = CARTESIAN_POINT ( 'NONE',  ( -0.8052413936681429574, 0.1000000000000000056, 0.3400000000000000244 ) ) ;
#1222 = EDGE_LOOP ( 'NONE', ( #313, #714, #379, #1938 ) ) ;
#1223 = DIRECTION ( 'NONE',  ( 1.000000000000000000, 0.0000000000000000000, 0.0000000000000000000 ) ) ;
#1224 = ORIENTED_EDGE ( 'NONE', *, *, #473, .T. ) ;
#1225 = ADVANCED_FACE ( 'NONE', ( #1945 ), #1622, .F. ) ;
#1226 = DIRECTION ( 'NONE',  ( 0.0000000000000000000, -1.000000000000000000, 0.0000000000000000000 ) ) ;
#1227 = DIRECTION ( 'NONE',  ( 1.000000000000000000, 0.0000000000000000000, 0.0000000000000000000 ) ) ;
#1228 = EDGE_CURVE ( 'NONE', #1521, #805, #1644, .T. ) ;
#1229 = CARTESIAN_POINT ( 'NONE',  ( -0.8114269542457979156, 0.0000000000000000000, 0.3499999999999999778 ) ) ;
#1230 = CARTESIAN_POINT ( 'NONE',  ( -0.8114269542457979156, 0.0000000000000000000, 0.3499999999999999778 ) ) ;
#1231 = CARTESIAN_POINT ( 'NONE',  ( 0.8052413936681429574, 0.1000000000000000056, 0.3499999999999999778 ) ) ;
#1232 = ORIENTED_EDGE ( 'NONE', *, *, #1890, .F. ) ;
#1233 = CARTESIAN_POINT ( 'NONE',  ( 0.0000000000000000000, 0.1781067133035199868, 0.3400000000000000244 ) ) ;
#1234 = DIRECTION ( 'NONE',  ( 0.0000000000000000000, 0.0000000000000000000, -1.000000000000000000 ) ) ;
#1235 = CYLINDRICAL_SURFACE ( 'NONE', #126, 0.8114269542457979156 ) ;
#1236 = CIRCLE ( 'NONE', #1466, 0.1250000000000000000 ) ;
#1237 = FACE_OUTER_BOUND ( 'NONE', #1940, .T. ) ;
#1238 = EDGE_CURVE ( 'NONE', #805, #1896, #244, .T. ) ;
#1239 = VERTEX_POINT ( 'NONE', #1155 ) ;
#1240 = FACE_OUTER_BOUND ( 'NONE', #1222, .T. ) ;
#1241 = FILL_AREA_STYLE ('',( #1700 ) ) ;
#1242 = CARTESIAN_POINT ( 'NONE',  ( -0.1250000000000000000, 0.0000000000000000000, 0.3400000000000000244 ) ) ;
#1243 = DIRECTION ( 'NONE',  ( 0.0000000000000000000, 1.000000000000000000, 0.0000000000000000000 ) ) ;
#1244 = CARTESIAN_POINT ( 'NONE',  ( -0.2709936491443469819, 0.0000000000000000000, 0.3400000000000000244 ) ) ;
#1245 = ORIENTED_EDGE ( 'NONE', *, *, #1878, .T. ) ;
#1246 = EDGE_CURVE ( 'NONE', #63, #1927, #508, .T. ) ;
#1247 = DIRECTION ( 'NONE',  ( 1.000000000000000000, 0.0000000000000000000, 0.0000000000000000000 ) ) ;
#1248 = ORIENTED_EDGE ( 'NONE', *, *, #764, .F. ) ;
#1249 = ORIENTED_EDGE ( 'NONE', *, *, #1805, .T. ) ;
#1250 = DIRECTION ( 'NONE',  ( 0.0000000000000000000, 0.0000000000000000000, 1.000000000000000000 ) ) ;
#1251 = CARTESIAN_POINT ( 'NONE',  ( 0.0000000000000000000, 0.0000000000000000000, -0.1000000000000000056 ) ) ;
#1252 = CARTESIAN_POINT ( 'NONE',  ( -0.1250000000000000000, 0.0000000000000000000, 0.3400000000000000244 ) ) ;
#1253 = CARTESIAN_POINT ( 'NONE',  ( -2.939999999999999947, -1.094999999999999973, 0.1000000000000000056 ) ) ;
#1254 = ORIENTED_EDGE ( 'NONE', *, *, #1575, .T. ) ;
#1255 = CARTESIAN_POINT ( 'NONE',  ( 2.939999999999999947, -0.5950000000000000844, 0.1000000000000000056 ) ) ;
#1256 = EDGE_CURVE ( 'NONE', #1963, #1639, #1309, .T. ) ;
#1257 = ORIENTED_EDGE ( 'NONE', *, *, #1796, .F. ) ;
#1258 = EDGE_CURVE ( 'NONE', #1376, #453, #585, .T. ) ;
#1259 = ORIENTED_EDGE ( 'NONE', *, *, #1779, .F. ) ;
#1260 = DIRECTION ( 'NONE',  ( 0.0000000000000000000, 1.000000000000000000, 0.0000000000000000000 ) ) ;
#1261 = DIRECTION ( 'NONE',  ( -1.000000000000000000, 0.0000000000000000000, 0.0000000000000000000 ) ) ;
#1262 = DIRECTION ( 'NONE',  ( -0.9899494936611664686, 0.0000000000000000000, -0.1414213562373098920 ) ) ;
#1263 = CARTESIAN_POINT ( 'NONE',  ( 0.0000000000000000000, 0.0000000000000000000, 0.3499999999999999778 ) ) ;
#1264 = ORIENTED_EDGE ( 'NONE', *, *, #1228, .F. ) ;
#1265 = DIRECTION ( 'NONE',  ( -1.000000000000000000, 0.0000000000000000000, 0.0000000000000000000 ) ) ;
#1266 = AXIS2_PLACEMENT_3D ( 'NONE', #151, #1688, #292 ) ;
#1267 = VECTOR ( 'NONE', #921, 1000.000000000000000 ) ;
#1268 = ORIENTED_EDGE ( 'NONE', *, *, #1228, .T. ) ;
#1269 = AXIS2_PLACEMENT_3D ( 'NONE', #1748, #663, #1633 ) ;
#1270 = ORIENTED_EDGE ( 'NONE', *, *, #473, .F. ) ;
#1271 = VECTOR ( 'NONE', #1582, 1000.000000000000000 ) ;
#1272 = DIRECTION ( 'NONE',  ( -1.000000000000000000, 1.982541115402059686E-16, 0.0000000000000000000 ) ) ;
#1273 = EDGE_CURVE ( 'NONE', #1429, #1280, #1461, .T. ) ;
#1274 = VECTOR ( 'NONE', #1395, 1000.000000000000000 ) ;
#1275 = CARTESIAN_POINT ( 'NONE',  ( 1.308016142644780055, 2.775557561562889872E-16, -0.7500000000000000000 ) ) ;
#1276 = FACE_OUTER_BOUND ( 'NONE', #194, .T. ) ;
#1277 = ORIENTED_EDGE ( 'NONE', *, *, #860, .F. ) ;
#1278 = CARTESIAN_POINT ( 'NONE',  ( -0.8052413936681429574, 0.1000000000000000056, 0.3400000000000000244 ) ) ;
#1279 = ORIENTED_EDGE ( 'NONE', *, *, #168, .T. ) ;
#1280 = VERTEX_POINT ( 'NONE', #1613 ) ;
#1281 = LINE ( 'NONE', #1426, #947 ) ;
#1282 = ADVANCED_FACE ( 'NONE', ( #1163 ), #992, .F. ) ;
#1283 = DIRECTION ( 'NONE',  ( 0.0000000000000000000, 0.0000000000000000000, -1.000000000000000000 ) ) ;
#1284 = DIRECTION ( 'NONE',  ( 0.0000000000000000000, 0.0000000000000000000, 1.000000000000000000 ) ) ;
#1285 = SURFACE_STYLE_FILL_AREA ( #1936 ) ;
#1286 = EDGE_CURVE ( 'NONE', #1714, #1946, #1773, .T. ) ;
#1287 = ORIENTED_EDGE ( 'NONE', *, *, #1478, .T. ) ;
#1288 = DIRECTION ( 'NONE',  ( 1.000000000000000000, 0.0000000000000000000, 0.0000000000000000000 ) ) ;
#1289 = ORIENTED_EDGE ( 'NONE', *, *, #109, .F. ) ;
#1290 = PLANE ( 'NONE',  #1170 ) ;
#1291 = ORIENTED_EDGE ( 'NONE', *, *, #437, .T. ) ;
#1292 = DIRECTION ( 'NONE',  ( 1.000000000000000000, 0.0000000000000000000, 0.0000000000000000000 ) ) ;
#1293 = MANIFOLD_SOLID_BREP ( '6028 LED.STEP[5]', #1374 ) ;
#1294 = DIRECTION ( 'NONE',  ( 0.0000000000000000000, 0.0000000000000000000, 1.000000000000000000 ) ) ;
#1295 = CARTESIAN_POINT ( 'NONE',  ( 0.0000000000000000000, 0.3562134266070410282, 0.3499999999999999778 ) ) ;
#1296 = DIRECTION ( 'NONE',  ( 0.0000000000000000000, 0.0000000000000000000, -1.000000000000000000 ) ) ;
#1297 = DIRECTION ( 'NONE',  ( 0.0000000000000000000, -1.000000000000000000, 0.0000000000000000000 ) ) ;
#1298 = ADVANCED_FACE ( 'NONE', ( #825 ), #1782, .T. ) ;
#1299 = ORIENTED_EDGE ( 'NONE', *, *, #9, .T. ) ;
#1300 = VECTOR ( 'NONE', #91, 1000.000000000000000 ) ;
#1301 =( NAMED_UNIT ( * ) SI_UNIT ( $, .STERADIAN. ) SOLID_ANGLE_UNIT ( ) );
#1302 = AXIS2_PLACEMENT_3D ( 'NONE', #1818, #1512, #1831 ) ;
#1303 = EDGE_LOOP ( 'NONE', ( #359, #1616, #1489, #69 ) ) ;
#1304 = DIRECTION ( 'NONE',  ( 0.0000000000000000000, 0.0000000000000000000, -1.000000000000000000 ) ) ;
#1305 = CONICAL_SURFACE ( 'NONE', #522, 0.8114269542457979156, 0.6981317007977323463 ) ;
#1306 = CIRCLE ( 'NONE', #1210, 0.8114269542457979156 ) ;
#1307 = CARTESIAN_POINT ( 'NONE',  ( -1.016032285289560022, -1.399999999999999911, -0.8499999999999999778 ) ) ;
#1308 = CARTESIAN_POINT ( 'NONE',  ( -0.3709936491443470152, 0.1000000000000000056, 0.3499999999999999778 ) ) ;
#1309 = LINE ( 'NONE', #1132, #943 ) ;
#1310 = CIRCLE ( 'NONE', #463, 0.8114269542457979156 ) ;
#1311 = ORIENTED_EDGE ( 'NONE', *, *, #1541, .T. ) ;
#1312 = PLANE ( 'NONE',  #817 ) ;
#1313 = AXIS2_PLACEMENT_3D ( 'NONE', #506, #65, #233 ) ;
#1314 = ADVANCED_FACE ( 'NONE', ( #1355 ), #768, .T. ) ;
#1315 = VERTEX_POINT ( 'NONE', #898 ) ;
#1316 = DIRECTION ( 'NONE',  ( 0.0000000000000000000, 0.0000000000000000000, -1.000000000000000000 ) ) ;
#1317 = ORIENTED_EDGE ( 'NONE', *, *, #1258, .F. ) ;
#1318 = DIRECTION ( 'NONE',  ( 1.000000000000000000, 0.0000000000000000000, 0.0000000000000000000 ) ) ;
#1319 = CARTESIAN_POINT ( 'NONE',  ( -0.2709936491443469819, 0.0000000000000000000, 0.3400000000000000244 ) ) ;
#1320 = FACE_OUTER_BOUND ( 'NONE', #1047, .T. ) ;
#1321 = ORIENTED_EDGE ( 'NONE', *, *, #1977, .T. ) ;
#1322 = PRESENTATION_STYLE_ASSIGNMENT (( #1026 ) ) ;
#1323 = MANIFOLD_SOLID_BREP ( '6028 LED.STEP[1]', #361 ) ;
#1324 = EDGE_CURVE ( 'NONE', #1201, #345, #1398, .T. ) ;
#1325 = EDGE_LOOP ( 'NONE', ( #1, #464, #29, #1311 ) ) ;
#1326 = LINE ( 'NONE', #1780, #1832 ) ;
#1327 = DIRECTION ( 'NONE',  ( 0.0000000000000000000, 0.0000000000000000000, 1.000000000000000000 ) ) ;
#1328 = CARTESIAN_POINT ( 'NONE',  ( -0.2709936491443469819, 0.2562134266070400512, 0.3400000000000000244 ) ) ;
#1329 = VERTEX_POINT ( 'NONE', #1839 ) ;
#1330 = ORIENTED_EDGE ( 'NONE', *, *, #1796, .T. ) ;
#1331 = CARTESIAN_POINT ( 'NONE',  ( -1.514285714285710016, 1.399999999999999911, -0.7500000000000000000 ) ) ;
#1332 = VECTOR ( 'NONE', #1835, 1000.000000000000000 ) ;
#1333 = EDGE_LOOP ( 'NONE', ( #42, #1588, #413, #1899, #2009, #1137, #333, #178, #1249, #1001, #433, #1068 ) ) ;
#1334 = VECTOR ( 'NONE', #573, 1000.000000000000000 ) ;
#1335 = ADVANCED_FACE ( 'NONE', ( #579 ), #760, .T. ) ;
#1336 = CARTESIAN_POINT ( 'NONE',  ( -0.8114269542457979156, 0.0000000000000000000, 0.3400000000000000244 ) ) ;
#1337 = CARTESIAN_POINT ( 'NONE',  ( 1.581550218340609826, 1.399999999999999911, 0.2383733624454149880 ) ) ;
#1338 = PLANE ( 'NONE',  #31 ) ;
#1339 = AXIS2_PLACEMENT_3D ( 'NONE', #758, #1846, #1701 ) ;
#1340 =( GEOMETRIC_REPRESENTATION_CONTEXT ( 3 ) GLOBAL_UNCERTAINTY_ASSIGNED_CONTEXT ( ( #1470 ) ) GLOBAL_UNIT_ASSIGNED_CONTEXT ( ( #669, #1603, #364 ) ) REPRESENTATION_CONTEXT ( 'NONE', 'WORKASPACE' ) );
#1341 = ORIENTED_EDGE ( 'NONE', *, *, #1375, .F. ) ;
#1342 = VECTOR ( 'NONE', #888, 1000.000000000000000 ) ;
#1343 = ORIENTED_EDGE ( 'NONE', *, *, #822, .F. ) ;
#1344 = APPLICATION_PROTOCOL_DEFINITION ( 'draft international standard', 'automotive_design', 1998, #396 ) ;
#1345 = EDGE_LOOP ( 'NONE', ( #276, #1618, #643, #1645 ) ) ;
#1346 = CARTESIAN_POINT ( 'NONE',  ( 0.1250000000000000000, 1.530808498934191509E-17, 0.3400000000000000244 ) ) ;
#1347 = DIRECTION ( 'NONE',  ( -1.000000000000000000, 0.0000000000000000000, 0.0000000000000000000 ) ) ;
#1348 = LINE ( 'NONE', #569, #1511 ) ;
#1349 = CARTESIAN_POINT ( 'NONE',  ( -0.2709936491443469819, 0.0000000000000000000, 0.3499999999999999778 ) ) ;
#1350 = DIRECTION ( 'NONE',  ( 1.000000000000000000, 0.0000000000000000000, 0.0000000000000000000 ) ) ;
#1351 = ORIENTED_EDGE ( 'NONE', *, *, #935, .T. ) ;
#1352 = DIRECTION ( 'NONE',  ( 0.1414213562373100308, 0.0000000000000000000, 0.9899494936611664686 ) ) ;
#1353 = DIRECTION ( 'NONE',  ( 0.0000000000000000000, 0.0000000000000000000, -1.000000000000000000 ) ) ;
#1354 = CARTESIAN_POINT ( 'NONE',  ( 0.0000000000000000000, 0.3562134266070410282, 0.3400000000000000244 ) ) ;
#1355 = FACE_OUTER_BOUND ( 'NONE', #214, .T. ) ;
#1356 = DIRECTION ( 'NONE',  ( 0.0000000000000000000, 0.0000000000000000000, -1.000000000000000000 ) ) ;
#1357 = ORIENTED_EDGE ( 'NONE', *, *, #871, .F. ) ;
#1358 = EDGE_CURVE ( 'NONE', #1715, #814, #1828, .T. ) ;
#1359 = PLANE ( 'NONE',  #1627 ) ;
#1360 = ORIENTED_EDGE ( 'NONE', *, *, #1025, .T. ) ;
#1361 = ORIENTED_EDGE ( 'NONE', *, *, #208, .T. ) ;
#1362 = DIRECTION ( 'NONE',  ( 0.0000000000000000000, -1.000000000000000000, 0.0000000000000000000 ) ) ;
#1363 = CARTESIAN_POINT ( 'NONE',  ( -0.3709936491443470152, 0.1000000000000000056, 0.3499999999999999778 ) ) ;
#1364 = VECTOR ( 'NONE', #1031, 1000.000000000000000 ) ;
#1365 = CARTESIAN_POINT ( 'NONE',  ( -1.600000000000000089, 0.6999999999999999556, -0.1499999999999999944 ) ) ;
#1366 = DIRECTION ( 'NONE',  ( 0.0000000000000000000, 0.0000000000000000000, 1.000000000000000000 ) ) ;
#1367 = CARTESIAN_POINT ( 'NONE',  ( 0.3709936491443470152, 0.1000000000000000056, 0.3400000000000000244 ) ) ;
#1368 = AXIS2_PLACEMENT_3D ( 'NONE', #1175, #1926, #533 ) ;
#1369 = CIRCLE ( 'NONE', #157, 0.8114269542457979156 ) ;
#1370 = ORIENTED_EDGE ( 'NONE', *, *, #896, .F. ) ;
#1371 = CARTESIAN_POINT ( 'NONE',  ( -1.600000000000000089, -1.399999999999999911, 0.1000000000000000056 ) ) ;
#1372 = CIRCLE ( 'NONE', #489, 0.8114269542457979156 ) ;
#1373 = EDGE_CURVE ( 'NONE', #1315, #3, #889, .T. ) ;
#1374 = CLOSED_SHELL ( 'NONE', ( #512, #1190, #589, #1282 ) ) ;
#1375 = EDGE_CURVE ( 'NONE', #103, #1932, #738, .T. ) ;
#1376 = VERTEX_POINT ( 'NONE', #431 ) ;
#1377 = CARTESIAN_POINT ( 'NONE',  ( -1.600000000000000089, 1.399999999999999911, -0.8499999999999999778 ) ) ;
#1378 = DIRECTION ( 'NONE',  ( 0.0000000000000000000, 0.0000000000000000000, -1.000000000000000000 ) ) ;
#1379 = DIRECTION ( 'NONE',  ( 0.0000000000000000000, 1.000000000000000000, 0.0000000000000000000 ) ) ;
#1380 = PLANE ( 'NONE',  #978 ) ;
#1381 = CARTESIAN_POINT ( 'NONE',  ( 0.0000000000000000000, 0.0000000000000000000, 0.3400000000000000244 ) ) ;
#1382 = EDGE_LOOP ( 'NONE', ( #1370, #1823, #741, #836 ) ) ;
#1383 = CARTESIAN_POINT ( 'NONE',  ( 0.0000000000000000000, 0.0000000000000000000, 0.3400000000000000244 ) ) ;
#1384 = EDGE_CURVE ( 'NONE', #1576, #628, #928, .T. ) ;
#1385 = LINE ( 'NONE', #765, #1749 ) ;
#1386 = DIRECTION ( 'NONE',  ( -1.000000000000000000, 0.0000000000000000000, 0.0000000000000000000 ) ) ;
#1387 = ADVANCED_FACE ( 'NONE', ( #1237 ), #1380, .T. ) ;
#1388 = DIRECTION ( 'NONE',  ( 0.0000000000000000000, 0.0000000000000000000, 1.000000000000000000 ) ) ;
#1389 = DIRECTION ( 'NONE',  ( 1.000000000000000000, 0.0000000000000000000, 0.0000000000000000000 ) ) ;
#1390 = DIRECTION ( 'NONE',  ( 0.0000000000000000000, 0.0000000000000000000, -1.000000000000000000 ) ) ;
#1391 = ORIENTED_EDGE ( 'NONE', *, *, #794, .F. ) ;
#1392 = DIRECTION ( 'NONE',  ( 0.0000000000000000000, 0.0000000000000000000, 1.000000000000000000 ) ) ;
#1393 = ORIENTED_EDGE ( 'NONE', *, *, #686, .T. ) ;
#1394 = FACE_OUTER_BOUND ( 'NONE', #1597, .T. ) ;
#1395 = DIRECTION ( 'NONE',  ( -1.000000000000000000, 0.0000000000000000000, 0.0000000000000000000 ) ) ;
#1396 = EDGE_CURVE ( 'NONE', #1583, #1695, #1064, .T. ) ;
#1397 = VECTOR ( 'NONE', #998, 1000.000000000000000 ) ;
#1398 = LINE ( 'NONE', #622, #26 ) ;
#1399 = AXIS2_PLACEMENT_3D ( 'NONE', #1784, #389, #1013 ) ;
#1400 = ORIENTED_EDGE ( 'NONE', *, *, #1324, .F. ) ;
#1401 = VECTOR ( 'NONE', #611, 1000.000000000000000 ) ;
#1402 = PLANE ( 'NONE',  #224 ) ;
#1403 = EDGE_LOOP ( 'NONE', ( #1844, #748, #1962, #1703 ) ) ;
#1404 = VECTOR ( 'NONE', #1110, 1000.000000000000000 ) ;
#1405 = AXIS2_PLACEMENT_3D ( 'NONE', #788, #1419, #1261 ) ;
#1406 = VERTEX_POINT ( 'NONE', #274 ) ;
#1407 = CYLINDRICAL_SURFACE ( 'NONE', #2008, 0.8114269542457979156 ) ;
#1408 = CARTESIAN_POINT ( 'NONE',  ( -2.939999999999999947, 1.094999999999999973, 0.1000000000000000056 ) ) ;
#1409 = VECTOR ( 'NONE', #1473, 1000.000000000000000 ) ;
#1410 = CARTESIAN_POINT ( 'NONE',  ( 0.3709936491443470152, 0.1000000000000000056, 0.3400000000000000244 ) ) ;
#1411 = PLANE ( 'NONE',  #1472 ) ;
#1412 = EDGE_CURVE ( 'NONE', #117, #305, #1043, .T. ) ;
#1413 = ORIENTED_EDGE ( 'NONE', *, *, #1273, .F. ) ;
#1414 = DIRECTION ( 'NONE',  ( 0.0000000000000000000, -1.000000000000000000, 0.0000000000000000000 ) ) ;
#1415 = ADVANCED_FACE ( 'NONE', ( #1682 ), #752, .T. ) ;
#1416 = ORIENTED_EDGE ( 'NONE', *, *, #1707, .F. ) ;
#1417 = ORIENTED_EDGE ( 'NONE', *, *, #1619, .F. ) ;
#1418 = DIRECTION ( 'NONE',  ( 0.0000000000000000000, 0.0000000000000000000, -1.000000000000000000 ) ) ;
#1419 = DIRECTION ( 'NONE',  ( 0.0000000000000000000, 0.0000000000000000000, 1.000000000000000000 ) ) ;
#1420 = DIRECTION ( 'NONE',  ( -0.1414213562373098920, 0.0000000000000000000, 0.9899494936611664686 ) ) ;
#1421 = VERTEX_POINT ( 'NONE', #450 ) ;
#1422 = FACE_OUTER_BOUND ( 'NONE', #938, .T. ) ;
#1423 = EDGE_CURVE ( 'NONE', #1016, #32, #957, .T. ) ;
#1424 = ORIENTED_EDGE ( 'NONE', *, *, #171, .T. ) ;
#1425 = EDGE_LOOP ( 'NONE', ( #954, #1774, #802, #1929 ) ) ;
#1426 = CARTESIAN_POINT ( 'NONE',  ( -1.016032285289560022, 1.399999999999999911, -0.7500000000000000000 ) ) ;
#1427 = FACE_OUTER_BOUND ( 'NONE', #15, .T. ) ;
#1428 = CARTESIAN_POINT ( 'NONE',  ( -0.3709936491443470152, 0.1000000000000000056, 0.3400000000000000244 ) ) ;
#1429 = VERTEX_POINT ( 'NONE', #1591 ) ;
#1430 = DIRECTION ( 'NONE',  ( 0.0000000000000000000, 0.0000000000000000000, 1.000000000000000000 ) ) ;
#1431 = AXIS2_PLACEMENT_3D ( 'NONE', #41, #1743, #1608 ) ;
#1432 = VECTOR ( 'NONE', #119, 1000.000000000000000 ) ;
#1433 = VERTEX_POINT ( 'NONE', #1451 ) ;
#1434 = EDGE_CURVE ( 'NONE', #1860, #657, #640, .T. ) ;
#1435 = ORIENTED_EDGE ( 'NONE', *, *, #822, .T. ) ;
#1436 = AXIS2_PLACEMENT_3D ( 'NONE', #1719, #86, #1957 ) ;
#1437 = CARTESIAN_POINT ( 'NONE',  ( 0.3709936491443470152, 0.2562134266070400512, 0.3499999999999999778 ) ) ;
#1438 = DIRECTION ( 'NONE',  ( 0.0000000000000000000, 0.0000000000000000000, -1.000000000000000000 ) ) ;
#1439 = VECTOR ( 'NONE', #223, 1000.000000000000000 ) ;
#1440 = FACE_OUTER_BOUND ( 'NONE', #248, .T. ) ;
#1441 = ORIENTED_EDGE ( 'NONE', *, *, #635, .T. ) ;
#1442 = ORIENTED_EDGE ( 'NONE', *, *, #475, .T. ) ;
#1443 = CARTESIAN_POINT ( 'NONE',  ( 2.939999999999999947, -1.094999999999999973, -0.1000000000000000056 ) ) ;
#1444 = EDGE_LOOP ( 'NONE', ( #1259, #624, #1677, #1037 ) ) ;
#1445 = DIRECTION ( 'NONE',  ( 1.000000000000000000, 0.0000000000000000000, 0.0000000000000000000 ) ) ;
#1446 = ORIENTED_EDGE ( 'NONE', *, *, #1920, .T. ) ;
#1447 = EDGE_CURVE ( 'NONE', #238, #702, #1747, .T. ) ;
#1448 = CARTESIAN_POINT ( 'NONE',  ( 1.600000000000000089, 1.399999999999999911, 0.0000000000000000000 ) ) ;
#1449 = ADVANCED_FACE ( 'NONE', ( #156 ), #1411, .T. ) ;
#1450 = DIRECTION ( 'NONE',  ( 1.000000000000000000, 0.0000000000000000000, 0.0000000000000000000 ) ) ;
#1451 = CARTESIAN_POINT ( 'NONE',  ( 0.2709936491443469819, 0.0000000000000000000, 0.3499999999999999778 ) ) ;
#1452 = FILL_AREA_STYLE_COLOUR ( '', #457 ) ;
#1453 = ORIENTED_EDGE ( 'NONE', *, *, #47, .T. ) ;
#1454 = ORIENTED_EDGE ( 'NONE', *, *, #1135, .T. ) ;
#1455 = VERTEX_POINT ( 'NONE', #23 ) ;
#1456 = LINE ( 'NONE', #215, #1300 ) ;
#1457 = EDGE_LOOP ( 'NONE', ( #1098, #1571 ) ) ;
#1458 = DIRECTION ( 'NONE',  ( 1.000000000000000000, 0.0000000000000000000, 0.0000000000000000000 ) ) ;
#1459 = LINE ( 'NONE', #1486, #1665 ) ;
#1460 = DIRECTION ( 'NONE',  ( 0.0000000000000000000, 1.000000000000000000, 0.0000000000000000000 ) ) ;
#1461 = LINE ( 'NONE', #1328, #60 ) ;
#1462 = EDGE_CURVE ( 'NONE', #734, #1738, #6, .T. ) ;
#1463 = ORIENTED_EDGE ( 'NONE', *, *, #1010, .T. ) ;
#1464 = CARTESIAN_POINT ( 'NONE',  ( 0.8114269542457979156, 0.0000000000000000000, 0.3400000000000000244 ) ) ;
#1465 = ORIENTED_EDGE ( 'NONE', *, *, #644, .T. ) ;
#1466 = AXIS2_PLACEMENT_3D ( 'NONE', #1504, #590, #1194 ) ;
#1467 = CARTESIAN_POINT ( 'NONE',  ( -0.1250000000000000000, 0.0000000000000000000, 0.3499999999999999778 ) ) ;
#1468 = VECTOR ( 'NONE', #1247, 1000.000000000000000 ) ;
#1469 = ORIENTED_EDGE ( 'NONE', *, *, #475, .F. ) ;
#1470 = UNCERTAINTY_MEASURE_WITH_UNIT (LENGTH_MEASURE( 1.000000000000000082E-05 ), #669, 'distance_accuracy_value', 'NONE');
#1471 = DIRECTION ( 'NONE',  ( 0.0000000000000000000, 0.0000000000000000000, 1.000000000000000000 ) ) ;
#1472 = AXIS2_PLACEMENT_3D ( 'NONE', #798, #1262, #1420 ) ;
#1473 = DIRECTION ( 'NONE',  ( 0.0000000000000000000, 0.0000000000000000000, 1.000000000000000000 ) ) ;
#1474 = PLANE ( 'NONE',  #1143 ) ;
#1475 = SURFACE_SIDE_STYLE ('',( #1285 ) ) ;
#1476 = PRODUCT_DEFINITION_FORMATION_WITH_SPECIFIED_SOURCE ( 'ANY', '', #1640, .NOT_KNOWN. ) ;
#1477 = CARTESIAN_POINT ( 'NONE',  ( 0.8052413936681429574, 0.1000000000000000056, 0.3499999999999999778 ) ) ;
#1478 = EDGE_CURVE ( 'NONE', #103, #1714, #524, .T. ) ;
#1479 = DIRECTION ( 'NONE',  ( 0.0000000000000000000, 1.000000000000000000, 0.0000000000000000000 ) ) ;
#1480 = VECTOR ( 'NONE', #1903, 1000.000000000000000 ) ;
#1481 = ORIENTED_EDGE ( 'NONE', *, *, #200, .T. ) ;
#1482 = EDGE_CURVE ( 'NONE', #1455, #872, #1574, .T. ) ;
#1483 = DIRECTION ( 'NONE',  ( 0.0000000000000000000, 0.0000000000000000000, 1.000000000000000000 ) ) ;
#1484 = VERTEX_POINT ( 'NONE', #1882 ) ;
#1485 = LINE ( 'NONE', #988, #1049 ) ;
#1486 = CARTESIAN_POINT ( 'NONE',  ( 0.3709936491443470152, 0.0000000000000000000, 0.3499999999999999778 ) ) ;
#1487 = LINE ( 'NONE', #1943, #1792 ) ;
#1488 = PRESENTATION_STYLE_ASSIGNMENT (( #693 ) ) ;
#1489 = ORIENTED_EDGE ( 'NONE', *, *, #84, .F. ) ;
#1490 = LINE ( 'NONE', #1182, #1981 ) ;
#1491 = ADVANCED_FACE ( 'NONE', ( #187 ), #1114, .F. ) ;
#1492 = ORIENTED_EDGE ( 'NONE', *, *, #1358, .T. ) ;
#1493 = PRESENTATION_STYLE_ASSIGNMENT (( #1953 ) ) ;
#1494 = FACE_OUTER_BOUND ( 'NONE', #1119, .T. ) ;
#1495 = DIRECTION ( 'NONE',  ( -1.000000000000000000, 0.0000000000000000000, 0.0000000000000000000 ) ) ;
#1496 = FACE_OUTER_BOUND ( 'NONE', #545, .T. ) ;
#1497 = ORIENTED_EDGE ( 'NONE', *, *, #911, .T. ) ;
#1498 = CARTESIAN_POINT ( 'NONE',  ( 2.939999999999999947, -0.5950000000000000844, -0.1000000000000000056 ) ) ;
#1499 = VECTOR ( 'NONE', #1642, 1000.000000000000000 ) ;
#1500 = ORIENTED_EDGE ( 'NONE', *, *, #1847, .F. ) ;
#1501 = ADVANCED_FACE ( 'NONE', ( #1276 ), #1122, .T. ) ;
#1502 = VECTOR ( 'NONE', #1430, 1000.000000000000000 ) ;
#1503 = CIRCLE ( 'NONE', #1753, 0.5000000000000000000 ) ;
#1504 = CARTESIAN_POINT ( 'NONE',  ( 0.0000000000000000000, 0.0000000000000000000, 0.3499999999999999778 ) ) ;
#1505 = LINE ( 'NONE', #671, #2016 ) ;
#1506 = EDGE_CURVE ( 'NONE', #38, #1521, #507, .T. ) ;
#1507 = VECTOR ( 'NONE', #176, 1000.000000000000000 ) ;
#1508 = LINE ( 'NONE', #905, #983 ) ;
#1509 = CIRCLE ( 'NONE', #525, 1.230976769834439821 ) ;
#1510 = LINE ( 'NONE', #7, #321 ) ;
#1511 = VECTOR ( 'NONE', #1681, 1000.000000000000000 ) ;
#1512 = DIRECTION ( 'NONE',  ( 1.280268730617219935E-16, -1.000000000000000000, 0.0000000000000000000 ) ) ;
#1513 = VECTOR ( 'NONE', #856, 1000.000000000000000 ) ;
#1514 = ORIENTED_EDGE ( 'NONE', *, *, #358, .T. ) ;
#1515 = LINE ( 'NONE', #576, #1499 ) ;
#1516 = CARTESIAN_POINT ( 'NONE',  ( 1.016032285289560022, 1.399999999999999911, -0.7500000000000000000 ) ) ;
#1517 = EDGE_CURVE ( 'NONE', #1714, #103, #685, .T. ) ;
#1518 = DIRECTION ( 'NONE',  ( 0.0000000000000000000, 0.0000000000000000000, 1.000000000000000000 ) ) ;
#1519 = CARTESIAN_POINT ( 'NONE',  ( -0.8114269542457979156, 0.0000000000000000000, 0.3400000000000000244 ) ) ;
#1520 = CARTESIAN_POINT ( 'NONE',  ( -0.2709936491443469819, 0.2562134266070400512, 0.3499999999999999778 ) ) ;
#1521 = VERTEX_POINT ( 'NONE', #966 ) ;
#1522 = PLANE ( 'NONE',  #772 ) ;
#1523 = FACE_OUTER_BOUND ( 'NONE', #683, .T. ) ;
#1524 = DIRECTION ( 'NONE',  ( 0.0000000000000000000, 0.0000000000000000000, 1.000000000000000000 ) ) ;
#1525 = DIRECTION ( 'NONE',  ( -0.0000000000000000000, 1.000000000000000000, 0.0000000000000000000 ) ) ;
#1526 = DIRECTION ( 'NONE',  ( 0.0000000000000000000, -1.000000000000000000, 0.0000000000000000000 ) ) ;
#1527 = CARTESIAN_POINT ( 'NONE',  ( -2.939999999999999947, -1.094999999999999973, -0.1000000000000000056 ) ) ;
#1528 = EDGE_CURVE ( 'NONE', #981, #444, #14, .T. ) ;
#1529 = CARTESIAN_POINT ( 'NONE',  ( -1.600000000000000089, 1.399999999999999911, 0.0000000000000000000 ) ) ;
#1530 = ADVANCED_FACE ( 'NONE', ( #1440 ), #352, .T. ) ;
#1531 = ORIENTED_EDGE ( 'NONE', *, *, #2017, .T. ) ;
#1532 = ORIENTED_EDGE ( 'NONE', *, *, #835, .T. ) ;
#1533 = CARTESIAN_POINT ( 'NONE',  ( 0.0000000000000000000, 0.0000000000000000000, 0.8499999999999999778 ) ) ;
#1534 = FACE_OUTER_BOUND ( 'NONE', #1325, .T. ) ;
#1535 = AXIS2_PLACEMENT_3D ( 'NONE', #1670, #85, #270 ) ;
#1536 = VECTOR ( 'NONE', #422, 1000.000000000000000 ) ;
#1537 = DIRECTION ( 'NONE',  ( 0.0000000000000000000, 0.0000000000000000000, 1.000000000000000000 ) ) ;
#1538 = CARTESIAN_POINT ( 'NONE',  ( 0.5000000000000000000, 0.0000000000000000000, -0.8499999999999999778 ) ) ;
#1539 = AXIS2_PLACEMENT_3D ( 'NONE', #188, #54, #700 ) ;
#1540 = AXIS2_PLACEMENT_3D ( 'NONE', #1671, #1689, #736 ) ;
#1541 = EDGE_CURVE ( 'NONE', #543, #300, #824, .T. ) ;
#1542 = ORIENTED_EDGE ( 'NONE', *, *, #660, .T. ) ;
#1543 = CARTESIAN_POINT ( 'NONE',  ( 1.511695872148229869, -0.6549938296078420263, 0.7622809588883130427 ) ) ;
#1544 = EDGE_CURVE ( 'NONE', #50, #754, #1711, .T. ) ;
#1545 =( NAMED_UNIT ( * ) PLANE_ANGLE_UNIT ( ) SI_UNIT ( $, .RADIAN. ) );
#1546 = VERTEX_POINT ( 'NONE', #470 ) ;
#1547 = PRESENTATION_STYLE_ASSIGNMENT (( #1082 ) ) ;
#1548 = PLANE ( 'NONE',  #393 ) ;
#1549 = CARTESIAN_POINT ( 'NONE',  ( 0.0000000000000000000, 0.0000000000000000000, 0.3400000000000000244 ) ) ;
#1550 = CARTESIAN_POINT ( 'NONE',  ( -1.600000000000000089, 1.399999999999999911, 0.0000000000000000000 ) ) ;
#1551 = LINE ( 'NONE', #1349, #1788 ) ;
#1552 = ORIENTED_EDGE ( 'NONE', *, *, #650, .F. ) ;
#1553 = LINE ( 'NONE', #445, #1432 ) ;
#1554 = ADVANCED_FACE ( 'NONE', ( #312 ), #937, .T. ) ;
#1555 = DIRECTION ( 'NONE',  ( -1.982541115402059686E-16, -1.000000000000000000, 0.0000000000000000000 ) ) ;
#1556 = FACE_OUTER_BOUND ( 'NONE', #555, .T. ) ;
#1557 = CARTESIAN_POINT ( 'NONE',  ( 1.566666666666669983, -0.8416724254390169913, 0.3499999999999999778 ) ) ;
#1558 = ORIENTED_EDGE ( 'NONE', *, *, #971, .F. ) ;
#1559 = DIRECTION ( 'NONE',  ( -1.000000000000000000, 0.0000000000000000000, 0.0000000000000000000 ) ) ;
#1560 = EDGE_LOOP ( 'NONE', ( #1413, #1442, #1193, #1625 ) ) ;
#1561 = FACE_OUTER_BOUND ( 'NONE', #1807, .T. ) ;
#1562 = DIRECTION ( 'NONE',  ( 0.0000000000000000000, 0.0000000000000000000, -1.000000000000000000 ) ) ;
#1563 = AXIS2_PLACEMENT_3D ( 'NONE', #1533, #104, #242 ) ;
#1564 = EDGE_CURVE ( 'NONE', #1433, #535, #541, .T. ) ;
#1565 = DIRECTION ( 'NONE',  ( -1.000000000000000000, 0.0000000000000000000, 0.0000000000000000000 ) ) ;
#1566 = ORIENTED_EDGE ( 'NONE', *, *, #1870, .F. ) ;
#1567 = CARTESIAN_POINT ( 'NONE',  ( 0.8052413936681429574, 0.1000000000000000056, 0.3400000000000000244 ) ) ;
#1568 = VECTOR ( 'NONE', #1526, 1000.000000000000000 ) ;
#1569 = VERTEX_POINT ( 'NONE', #1632 ) ;
#1570 = AXIS2_PLACEMENT_3D ( 'NONE', #868, #449, #578 ) ;
#1571 = ORIENTED_EDGE ( 'NONE', *, *, #299, .T. ) ;
#1572 = FACE_OUTER_BOUND ( 'NONE', #675, .T. ) ;
#1573 = CIRCLE ( 'NONE', #1667, 0.8114269542457979156 ) ;
#1574 = LINE ( 'NONE', #652, #423 ) ;
#1575 = EDGE_CURVE ( 'NONE', #1128, #1455, #1487, .T. ) ;
#1576 = VERTEX_POINT ( 'NONE', #376 ) ;
#1577 = CARTESIAN_POINT ( 'NONE',  ( -0.3709936491443470152, 0.3562134266070410282, 0.3400000000000000244 ) ) ;
#1578 = ORIENTED_EDGE ( 'NONE', *, *, #1079, .T. ) ;
#1579 = ORIENTED_EDGE ( 'NONE', *, *, #485, .T. ) ;
#1580 = FILL_AREA_STYLE_COLOUR ( '', #1795 ) ;
#1581 = CARTESIAN_POINT ( 'NONE',  ( 0.0000000000000000000, 0.0000000000000000000, -0.8499999999999999778 ) ) ;
#1582 = DIRECTION ( 'NONE',  ( 0.0000000000000000000, 0.0000000000000000000, 1.000000000000000000 ) ) ;
#1583 = VERTEX_POINT ( 'NONE', #866 ) ;
#1584 = ADVANCED_FACE ( 'NONE', ( #532 ), #1772, .F. ) ;
#1585 = DIRECTION ( 'NONE',  ( 0.0000000000000000000, 0.0000000000000000000, 1.000000000000000000 ) ) ;
#1586 = ORIENTED_EDGE ( 'NONE', *, *, #1286, .T. ) ;
#1587 = EDGE_CURVE ( 'NONE', #110, #403, #1162, .T. ) ;
#1588 = ORIENTED_EDGE ( 'NONE', *, *, #346, .T. ) ;
#1589 = CARTESIAN_POINT ( 'NONE',  ( 1.016032285289560022, -1.399999999999999911, -0.4249999999999999889 ) ) ;
#1590 = CARTESIAN_POINT ( 'NONE',  ( -2.939999999999999947, 1.094999999999999973, 0.0000000000000000000 ) ) ;
#1591 = CARTESIAN_POINT ( 'NONE',  ( 0.2709936491443469819, 0.2562134266070400512, 0.3400000000000000244 ) ) ;
#1592 = ORIENTED_EDGE ( 'NONE', *, *, #200, .F. ) ;
#1593 = ORIENTED_EDGE ( 'NONE', *, *, #332, .F. ) ;
#1594 = LINE ( 'NONE', #192, #189 ) ;
#1595 = CIRCLE ( 'NONE', #1077, 0.1250000000000000000 ) ;
#1596 = EDGE_CURVE ( 'NONE', #1767, #3, #880, .T. ) ;
#1597 = EDGE_LOOP ( 'NONE', ( #1798, #1531, #1157, #436 ) ) ;
#1598 = DIRECTION ( 'NONE',  ( 0.0000000000000000000, 0.0000000000000000000, -1.000000000000000000 ) ) ;
#1599 = VECTOR ( 'NONE', #550, 1000.000000000000000 ) ;
#1600 = ADVANCED_FACE ( 'NONE', ( #1794 ), #1650, .F. ) ;
#1601 = ORIENTED_EDGE ( 'NONE', *, *, #1819, .F. ) ;
#1602 = VECTOR ( 'NONE', #1867, 1000.000000000000000 ) ;
#1603 =( NAMED_UNIT ( * ) PLANE_ANGLE_UNIT ( ) SI_UNIT ( $, .RADIAN. ) );
#1604 = CARTESIAN_POINT ( 'NONE',  ( -1.308016142644780055, 2.775557561562889872E-16, -0.7500000000000000000 ) ) ;
#1605 = VECTOR ( 'NONE', #311, 1000.000000000000000 ) ;
#1606 = LINE ( 'NONE', #847, #621 ) ;
#1607 = ORIENTED_EDGE ( 'NONE', *, *, #526, .T. ) ;
#1608 = DIRECTION ( 'NONE',  ( 0.0000000000000000000, 1.000000000000000000, 0.0000000000000000000 ) ) ;
#1609 = VERTEX_POINT ( 'NONE', #400 ) ;
#1610 = DIRECTION ( 'NONE',  ( 0.6427876096865396960, -7.871877887341991227E-17, 0.7660444431189776804 ) ) ;
#1611 = DIRECTION ( 'NONE',  ( -1.000000000000000000, 0.0000000000000000000, 0.0000000000000000000 ) ) ;
#1612 = LINE ( 'NONE', #857, #1660 ) ;
#1613 = CARTESIAN_POINT ( 'NONE',  ( -0.2709936491443469819, 0.2562134266070400512, 0.3400000000000000244 ) ) ;
#1614 = VERTEX_POINT ( 'NONE', #1021 ) ;
#1615 = ORIENTED_EDGE ( 'NONE', *, *, #1920, .F. ) ;
#1616 = ORIENTED_EDGE ( 'NONE', *, *, #1246, .T. ) ;
#1617 =( LENGTH_UNIT ( ) NAMED_UNIT ( * ) SI_UNIT ( .MILLI., .METRE. ) );
#1618 = ORIENTED_EDGE ( 'NONE', *, *, #82, .T. ) ;
#1619 = EDGE_CURVE ( 'NONE', #159, #93, #1505, .T. ) ;
#1620 = FACE_OUTER_BOUND ( 'NONE', #582, .T. ) ;
#1621 = DIRECTION ( 'NONE',  ( 0.0000000000000000000, 0.0000000000000000000, -1.000000000000000000 ) ) ;
#1622 = CYLINDRICAL_SURFACE ( 'NONE', #458, 0.1250000000000000000 ) ;
#1623 = ADVANCED_FACE ( 'NONE', ( #1154 ), #707, .T. ) ;
#1624 = FACE_OUTER_BOUND ( 'NONE', #1919, .T. ) ;
#1625 = ORIENTED_EDGE ( 'NONE', *, *, #133, .F. ) ;
#1626 = DIRECTION ( 'NONE',  ( -1.000000000000000000, 0.0000000000000000000, 0.0000000000000000000 ) ) ;
#1627 = AXIS2_PLACEMENT_3D ( 'NONE', #1852, #1350, #466 ) ;
#1628 = ORIENTED_EDGE ( 'NONE', *, *, #626, .F. ) ;
#1629 = AXIS2_PLACEMENT_3D ( 'NONE', #46, #1296, #367 ) ;
#1630 = VECTOR ( 'NONE', #1284, 1000.000000000000000 ) ;
#1631 = LINE ( 'NONE', #990, #2 ) ;
#1632 = CARTESIAN_POINT ( 'NONE',  ( 0.2709936491443469819, 0.2562134266070400512, 0.3499999999999999778 ) ) ;
#1633 = DIRECTION ( 'NONE',  ( -1.000000000000000000, 0.0000000000000000000, 0.0000000000000000000 ) ) ;
#1634 = VECTOR ( 'NONE', #1458, 1000.000000000000000 ) ;
#1635 = DIRECTION ( 'NONE',  ( 0.0000000000000000000, 0.0000000000000000000, -1.000000000000000000 ) ) ;
#1636 = LINE ( 'NONE', #1197, #518 ) ;
#1637 = EDGE_CURVE ( 'NONE', #391, #1742, #1643, .T. ) ;
#1638 = ORIENTED_EDGE ( 'NONE', *, *, #1637, .T. ) ;
#1639 = VERTEX_POINT ( 'NONE', #1803 ) ;
#1640 = PRODUCT ( '1B7A9D4B-DD9A-41BF-928E-F906D4B0980F', '1B7A9D4B-DD9A-41BF-928E-F906D4B0980F', '', ( #121 ) ) ;
#1641 = SURFACE_STYLE_FILL_AREA ( #174 ) ;
#1642 = DIRECTION ( 'NONE',  ( -1.000000000000000000, -1.280268730617219935E-16, 0.0000000000000000000 ) ) ;
#1643 = LINE ( 'NONE', #1337, #848 ) ;
#1644 = LINE ( 'NONE', #235, #774 ) ;
#1645 = ORIENTED_EDGE ( 'NONE', *, *, #1171, .T. ) ;
#1646 = ADVANCED_FACE ( 'NONE', ( #844 ), #1474, .F. ) ;
#1647 = EDGE_LOOP ( 'NONE', ( #688, #701, #1911, #827, #388 ) ) ;
#1648 = ORIENTED_EDGE ( 'NONE', *, *, #696, .F. ) ;
#1649 = FACE_OUTER_BOUND ( 'NONE', #482, .T. ) ;
#1650 = PLANE ( 'NONE',  #193 ) ;
#1651 = LINE ( 'NONE', #99, #197 ) ;
#1652 = CARTESIAN_POINT ( 'NONE',  ( 0.8052413936681429574, 0.1000000000000000056, 0.3499999999999999778 ) ) ;
#1653 = ORIENTED_EDGE ( 'NONE', *, *, #1958, .T. ) ;
#1654 = DIRECTION ( 'NONE',  ( -0.7071067811865470176, -0.7071067811865480168, 0.0000000000000000000 ) ) ;
#1655 = CIRCLE ( 'NONE', #1563, 1.230976769834439821 ) ;
#1656 = EDGE_CURVE ( 'NONE', #1726, #1091, #833, .T. ) ;
#1657 = CIRCLE ( 'NONE', #191, 0.8114269542457979156 ) ;
#1658 = CARTESIAN_POINT ( 'NONE',  ( 0.0000000000000000000, 0.0000000000000000000, -0.8499999999999999778 ) ) ;
#1659 = CARTESIAN_POINT ( 'NONE',  ( 0.0000000000000000000, 0.0000000000000000000, 0.3499999999999999778 ) ) ;
#1660 = VECTOR ( 'NONE', #1327, 1000.000000000000000 ) ;
#1661 = CARTESIAN_POINT ( 'NONE',  ( 0.2709936491443469819, 0.0000000000000000000, 0.3499999999999999778 ) ) ;
#1662 = AXIS2_PLACEMENT_3D ( 'NONE', #1202, #566, #269 ) ;
#1663 = CARTESIAN_POINT ( 'NONE',  ( -1.016032285289560022, -1.399999999999999911, -0.4249999999999999889 ) ) ;
#1664 = DIRECTION ( 'NONE',  ( -1.000000000000000000, 0.0000000000000000000, 0.0000000000000000000 ) ) ;
#1665 = VECTOR ( 'NONE', #1161, 1000.000000000000000 ) ;
#1666 = CARTESIAN_POINT ( 'NONE',  ( 2.939999999999999947, 1.094999999999999973, -0.1000000000000000056 ) ) ;
#1667 = AXIS2_PLACEMENT_3D ( 'NONE', #679, #832, #1611 ) ;
#1668 = UNCERTAINTY_MEASURE_WITH_UNIT (LENGTH_MEASURE( 1.000000000000000082E-05 ), #1764, 'distance_accuracy_value', 'NONE');
#1669 = EDGE_CURVE ( 'NONE', #1178, #51, #1781, .T. ) ;
#1670 = CARTESIAN_POINT ( 'NONE',  ( 0.0000000000000000000, 0.0000000000000000000, 0.3499999999999999778 ) ) ;
#1671 = CARTESIAN_POINT ( 'NONE',  ( 0.0000000000000000000, 0.0000000000000000000, 0.3499999999999999778 ) ) ;
#1672 = PRODUCT_DEFINITION_SHAPE ( 'NONE', 'NONE',  #1916 ) ;
#1673 = LINE ( 'NONE', #281, #1761 ) ;
#1674 = DIRECTION ( 'NONE',  ( -1.000000000000000000, 0.0000000000000000000, 0.0000000000000000000 ) ) ;
#1675 = ORIENTED_EDGE ( 'NONE', *, *, #1656, .T. ) ;
#1676 = LINE ( 'NONE', #1529, #289 ) ;
#1677 = ORIENTED_EDGE ( 'NONE', *, *, #1669, .F. ) ;
#1678 = LINE ( 'NONE', #279, #551 ) ;
#1679 = FACE_OUTER_BOUND ( 'NONE', #716, .T. ) ;
#1680 = ADVANCED_FACE ( 'NONE', ( #385 ), #520, .T. ) ;
#1681 = DIRECTION ( 'NONE',  ( 0.0000000000000000000, -1.000000000000000000, 0.0000000000000000000 ) ) ;
#1682 = FACE_OUTER_BOUND ( 'NONE', #666, .T. ) ;
#1683 = DIRECTION ( 'NONE',  ( 0.0000000000000000000, 0.0000000000000000000, 1.000000000000000000 ) ) ;
#1684 = EDGE_CURVE ( 'NONE', #1198, #51, #1612, .T. ) ;
#1685 = ORIENTED_EDGE ( 'NONE', *, *, #951, .T. ) ;
#1686 = DIRECTION ( 'NONE',  ( 0.0000000000000000000, 0.0000000000000000000, 1.000000000000000000 ) ) ;
#1687 = ORIENTED_EDGE ( 'NONE', *, *, #635, .F. ) ;
#1688 = DIRECTION ( 'NONE',  ( 0.0000000000000000000, 0.0000000000000000000, 1.000000000000000000 ) ) ;
#1689 = DIRECTION ( 'NONE',  ( 0.0000000000000000000, 0.0000000000000000000, 1.000000000000000000 ) ) ;
#1690 = AXIS2_PLACEMENT_3D ( 'NONE', #757, #618, #447 ) ;
#1691 = VECTOR ( 'NONE', #923, 1000.000000000000000 ) ;
#1692 = DIRECTION ( 'NONE',  ( 1.000000000000000000, 0.0000000000000000000, 0.0000000000000000000 ) ) ;
#1693 = CARTESIAN_POINT ( 'NONE',  ( 0.0000000000000000000, 0.0000000000000000000, 0.8499999999999999778 ) ) ;
#1694 = AXIS2_PLACEMENT_3D ( 'NONE', #1145, #1763, #1008 ) ;
#1695 = VERTEX_POINT ( 'NONE', #53 ) ;
#1696 = ADVANCED_FACE ( 'NONE', ( #680 ), #1925, .T. ) ;
#1697 = DIRECTION ( 'NONE',  ( 1.000000000000000000, 0.0000000000000000000, 0.0000000000000000000 ) ) ;
#1698 = COLOUR_RGB ( '',0.7921568627450980005, 0.8196078431372548767, 0.9333333333333333481 ) ;
#1699 = VECTOR ( 'NONE', #1056, 1000.000000000000000 ) ;
#1700 = FILL_AREA_STYLE_COLOUR ( '', #1820 ) ;
#1701 = DIRECTION ( 'NONE',  ( 0.0000000000000000000, 0.0000000000000000000, 1.000000000000000000 ) ) ;
#1702 =( LENGTH_UNIT ( ) NAMED_UNIT ( * ) SI_UNIT ( .MILLI., .METRE. ) );
#1703 = ORIENTED_EDGE ( 'NONE', *, *, #1258, .T. ) ;
#1704 = LINE ( 'NONE', #1199, #1536 ) ;
#1705 = ADVANCED_FACE ( 'NONE', ( #415 ), #1548, .T. ) ;
#1706 = ORIENTED_EDGE ( 'NONE', *, *, #302, .T. ) ;
#1707 = EDGE_CURVE ( 'NONE', #3, #1239, #1369, .T. ) ;
#1708 = FACE_OUTER_BOUND ( 'NONE', #1100, .T. ) ;
#1709 = CARTESIAN_POINT ( 'NONE',  ( -1.230976769834438267, 0.0000000000000000000, 0.8499999999999999778 ) ) ;
#1710 = FACE_OUTER_BOUND ( 'NONE', #1897, .T. ) ;
#1711 = LINE ( 'NONE', #1244, #1602 ) ;
#1712 = ORIENTED_EDGE ( 'NONE', *, *, #1373, .F. ) ;
#1713 = DIRECTION ( 'NONE',  ( 0.0000000000000000000, 0.0000000000000000000, 1.000000000000000000 ) ) ;
#1714 = VERTEX_POINT ( 'NONE', #135 ) ;
#1715 = VERTEX_POINT ( 'NONE', #125 ) ;
#1716 = DIRECTION ( 'NONE',  ( 0.0000000000000000000, -1.000000000000000000, 0.0000000000000000000 ) ) ;
#1717 = EDGE_CURVE ( 'NONE', #3, #523, #105, .T. ) ;
#1718 = STYLED_ITEM ( 'NONE', ( #1322 ), #646 ) ;
#1719 = CARTESIAN_POINT ( 'NONE',  ( 0.2709936491443469819, 0.0000000000000000000, 0.3400000000000000244 ) ) ;
#1720 = AXIS2_PLACEMENT_3D ( 'NONE', #16, #625, #1126 ) ;
#1721 = EDGE_LOOP ( 'NONE', ( #1164, #1879, #336, #2006 ) ) ;
#1722 = CARTESIAN_POINT ( 'NONE',  ( 0.0000000000000000000, 0.0000000000000000000, 0.3400000000000000244 ) ) ;
#1723 = EDGE_LOOP ( 'NONE', ( #1018, #68, #1158, #1552 ) ) ;
#1724 = VECTOR ( 'NONE', #477, 1000.000000000000000 ) ;
#1725 = CLOSED_SHELL ( 'NONE', ( #756, #948, #387, #1491 ) ) ;
#1726 = VERTEX_POINT ( 'NONE', #1516 ) ;
#1727 = CARTESIAN_POINT ( 'NONE',  ( 1.230976769834438267, -1.507511761002493209E-16, 0.8499999999999999778 ) ) ;
#1728 = CARTESIAN_POINT ( 'NONE',  ( 0.0000000000000000000, 0.0000000000000000000, 0.3400000000000000244 ) ) ;
#1729 = ADVANCED_FACE ( 'NONE', ( #1070 ), #1235, .F. ) ;
#1730 = ORIENTED_EDGE ( 'NONE', *, *, #19, .F. ) ;
#1731 = DIRECTION ( 'NONE',  ( 0.0000000000000000000, 0.0000000000000000000, -1.000000000000000000 ) ) ;
#1732 = ORIENTED_EDGE ( 'NONE', *, *, #1906, .F. ) ;
#1733 = VERTEX_POINT ( 'NONE', #1083 ) ;
#1734 = LINE ( 'NONE', #33, #295 ) ;
#1735 = CARTESIAN_POINT ( 'NONE',  ( 0.3709936491443470152, 0.1000000000000000056, 0.3499999999999999778 ) ) ;
#1736 = DIRECTION ( 'NONE',  ( -1.000000000000000000, 0.0000000000000000000, 0.0000000000000000000 ) ) ;
#1737 = ADVANCED_FACE ( 'NONE', ( #1679 ), #2002, .T. ) ;
#1738 = VERTEX_POINT ( 'NONE', #1363 ) ;
#1739 = ORIENTED_EDGE ( 'NONE', *, *, #1977, .F. ) ;
#1740 = DIRECTION ( 'NONE',  ( 0.0000000000000000000, 0.0000000000000000000, -1.000000000000000000 ) ) ;
#1741 = ADVANCED_FACE ( 'NONE', ( #260 ), #293, .F. ) ;
#1742 = VERTEX_POINT ( 'NONE', #591 ) ;
#1743 = DIRECTION ( 'NONE',  ( 1.000000000000000000, 0.0000000000000000000, 0.0000000000000000000 ) ) ;
#1744 = ORIENTED_EDGE ( 'NONE', *, *, #343, .T. ) ;
#1745 = DIRECTION ( 'NONE',  ( 0.0000000000000000000, -1.000000000000000000, 0.0000000000000000000 ) ) ;
#1746 = CARTESIAN_POINT ( 'NONE',  ( -0.3709936491443470152, 0.05000000000000000278, 0.3499999999999999778 ) ) ;
#1747 = LINE ( 'NONE', #631, #1507 ) ;
#1748 = CARTESIAN_POINT ( 'NONE',  ( 0.0000000000000000000, 0.0000000000000000000, 0.3400000000000000244 ) ) ;
#1749 = VECTOR ( 'NONE', #1226, 1000.000000000000000 ) ;
#1750 = EDGE_LOOP ( 'NONE', ( #674, #1990 ) ) ;
#1751 = LINE ( 'NONE', #1464, #1183 ) ;
#1752 = AXIS2_PLACEMENT_3D ( 'NONE', #1383, #613, #902 ) ;
#1753 = AXIS2_PLACEMENT_3D ( 'NONE', #409, #1683, #282 ) ;
#1754 = EDGE_CURVE ( 'NONE', #1239, #159, #461, .T. ) ;
#1755 = ORIENTED_EDGE ( 'NONE', *, *, #1160, .T. ) ;
#1756 = PLANE ( 'NONE',  #286 ) ;
#1757 = AXIS2_PLACEMENT_3D ( 'NONE', #1308, #1174, #250 ) ;
#1758 = ORIENTED_EDGE ( 'NONE', *, *, #863, .T. ) ;
#1759 = MECHANICAL_DESIGN_GEOMETRIC_PRESENTATION_REPRESENTATION (  '', ( #95 ), #1015 ) ;
#1760 = DIRECTION ( 'NONE',  ( 0.0000000000000000000, 0.0000000000000000000, 1.000000000000000000 ) ) ;
#1761 = VECTOR ( 'NONE', #1196, 1000.000000000000000 ) ;
#1762 = CARTESIAN_POINT ( 'NONE',  ( -0.3709936491443470152, 0.3562134266070410282, 0.3499999999999999778 ) ) ;
#1763 = DIRECTION ( 'NONE',  ( -0.0000000000000000000, 1.000000000000000000, 0.0000000000000000000 ) ) ;
#1764 =( LENGTH_UNIT ( ) NAMED_UNIT ( * ) SI_UNIT ( .MILLI., .METRE. ) );
#1765 = ORIENTED_EDGE ( 'NONE', *, *, #1412, .T. ) ;
#1766 = EDGE_LOOP ( 'NONE', ( #1159, #1648, #1776, #236, #1653 ) ) ;
#1767 = VERTEX_POINT ( 'NONE', #98 ) ;
#1768 = VERTEX_POINT ( 'NONE', #728 ) ;
#1769 = UNCERTAINTY_MEASURE_WITH_UNIT (LENGTH_MEASURE( 1.000000000000000082E-05 ), #1617, 'distance_accuracy_value', 'NONE');
#1770 = ADVANCED_FACE ( 'NONE', ( #1061 ), #271, .F. ) ;
#1771 = LINE ( 'NONE', #1746, #876 ) ;
#1772 = PLANE ( 'NONE',  #1757 ) ;
#1773 = LINE ( 'NONE', #377, #226 ) ;
#1774 = ORIENTED_EDGE ( 'NONE', *, *, #402, .T. ) ;
#1775 = ORIENTED_EDGE ( 'NONE', *, *, #1447, .T. ) ;
#1776 = ORIENTED_EDGE ( 'NONE', *, *, #308, .T. ) ;
#1777 = LINE ( 'NONE', #1961, #1951 ) ;
#1778 = EDGE_LOOP ( 'NONE', ( #538, #1739, #20, #315 ) ) ;
#1779 = EDGE_CURVE ( 'NONE', #1198, #1201, #439, .T. ) ;
#1780 = CARTESIAN_POINT ( 'NONE',  ( -0.8052413936681429574, 0.1000000000000000056, 0.3499999999999999778 ) ) ;
#1781 = LINE ( 'NONE', #1295, #255 ) ;
#1782 = PLANE ( 'NONE',  #123 ) ;
#1783 = ORIENTED_EDGE ( 'NONE', *, *, #299, .F. ) ;
#1784 = CARTESIAN_POINT ( 'NONE',  ( 0.2709936491443469819, 0.2562134266070409949, 0.3499999999999999778 ) ) ;
#1785 = ORIENTED_EDGE ( 'NONE', *, *, #1423, .F. ) ;
#1786 = AXIS2_PLACEMENT_3D ( 'NONE', #670, #1294, #1913 ) ;
#1787 =( NAMED_UNIT ( * ) PLANE_ANGLE_UNIT ( ) SI_UNIT ( $, .RADIAN. ) );
#1788 = VECTOR ( 'NONE', #2005, 1000.000000000000000 ) ;
#1789 = VERTEX_POINT ( 'NONE', #280 ) ;
#1790 = PRESENTATION_STYLE_ASSIGNMENT (( #1169 ) ) ;
#1791 = VECTOR ( 'NONE', #672, 1000.000000000000000 ) ;
#1792 = VECTOR ( 'NONE', #219, 1000.000000000000000 ) ;
#1793 = CARTESIAN_POINT ( 'NONE',  ( 0.0000000000000000000, 0.0000000000000000000, 0.8499999999999999778 ) ) ;
#1794 = FACE_OUTER_BOUND ( 'NONE', #148, .T. ) ;
#1795 = COLOUR_RGB ( '',0.8156862745098039102, 0.8156862745098039102, 0.8156862745098039102 ) ;
#1796 = EDGE_CURVE ( 'NONE', #523, #330, #1306, .T. ) ;
#1797 = ORIENTED_EDGE ( 'NONE', *, *, #34, .F. ) ;
#1798 = ORIENTED_EDGE ( 'NONE', *, *, #1099, .F. ) ;
#1799 = DIRECTION ( 'NONE',  ( -1.000000000000000000, 0.0000000000000000000, 0.0000000000000000000 ) ) ;
#1800 = ORIENTED_EDGE ( 'NONE', *, *, #180, .T. ) ;
#1801 = DIRECTION ( 'NONE',  ( -1.000000000000000000, 0.0000000000000000000, 0.0000000000000000000 ) ) ;
#1802 = DIRECTION ( 'NONE',  ( 0.0000000000000000000, 0.0000000000000000000, -1.000000000000000000 ) ) ;
#1803 = CARTESIAN_POINT ( 'NONE',  ( -0.2709936491443469819, 0.2562134266070400512, 0.3400000000000000244 ) ) ;
#1804 = CARTESIAN_POINT ( 'NONE',  ( 0.0000000000000000000, 0.0000000000000000000, 0.3400000000000000244 ) ) ;
#1805 = EDGE_CURVE ( 'NONE', #162, #1035, #28, .T. ) ;
#1806 = CARTESIAN_POINT ( 'NONE',  ( 0.4057134771228989578, 0.0000000000000000000, 0.3499999999999999778 ) ) ;
#1807 = EDGE_LOOP ( 'NONE', ( #258, #1224, #83, #1948 ) ) ;
#1808 = ADVANCED_FACE ( 'NONE', ( #1534 ), #750, .T. ) ;
#1809 = CARTESIAN_POINT ( 'NONE',  ( -0.1250000000000000000, 0.0000000000000000000, 0.3499999999999999778 ) ) ;
#1810 = EDGE_LOOP ( 'NONE', ( #1400, #1052, #1732, #909 ) ) ;
#1811 = ORIENTED_EDGE ( 'NONE', *, *, #2017, .F. ) ;
#1812 = CARTESIAN_POINT ( 'NONE',  ( 1.514285714285710016, 1.399999999999999911, -0.7500000000000000000 ) ) ;
#1813 = FACE_OUTER_BOUND ( 'NONE', #1647, .T. ) ;
#1814 = LINE ( 'NONE', #723, #1888 ) ;
#1815 = DIRECTION ( 'NONE',  ( 0.0000000000000000000, 1.000000000000000000, 0.0000000000000000000 ) ) ;
#1816 = PLANE ( 'NONE',  #1105 ) ;
#1817 = ORIENTED_EDGE ( 'NONE', *, *, #1870, .T. ) ;
#1818 = CARTESIAN_POINT ( 'NONE',  ( -0.2709936491443469819, 0.2562134266070400512, 0.3400000000000000244 ) ) ;
#1819 = EDGE_CURVE ( 'NONE', #627, #733, #1195, .T. ) ;
#1820 = COLOUR_RGB ( '',0.9294117647058823817, 0.8078431372549019773, 0.7647058823529411242 ) ;
#1821 = ORIENTED_EDGE ( 'NONE', *, *, #626, .T. ) ;
#1822 = VECTOR ( 'NONE', #147, 1000.000000000000000 ) ;
#1823 = ORIENTED_EDGE ( 'NONE', *, *, #247, .T. ) ;
#1824 = PLANE ( 'NONE',  #316 ) ;
#1825 = CARTESIAN_POINT ( 'NONE',  ( 0.8052413936681429574, 0.1000000000000000056, 0.3499999999999999778 ) ) ;
#1826 = AXIS2_PLACEMENT_3D ( 'NONE', #1904, #980, #478 ) ;
#1827 = CARTESIAN_POINT ( 'NONE',  ( -1.585500000000000131, -1.399999999999999911, -0.2515000000000000013 ) ) ;
#1828 = LINE ( 'NONE', #128, #1176 ) ;
#1829 = CARTESIAN_POINT ( 'NONE',  ( 0.0000000000000000000, 0.0000000000000000000, -0.7500000000000000000 ) ) ;
#1830 = ORIENTED_EDGE ( 'NONE', *, *, #1286, .F. ) ;
#1831 = DIRECTION ( 'NONE',  ( 0.0000000000000000000, 0.0000000000000000000, -1.000000000000000000 ) ) ;
#1832 = VECTOR ( 'NONE', #1121, 1000.000000000000000 ) ;
#1833 = ADVANCED_FACE ( 'NONE', ( #1813 ), #964, .T. ) ;
#1834 = VERTEX_POINT ( 'NONE', #1408 ) ;
#1835 = DIRECTION ( 'NONE',  ( 0.0000000000000000000, 1.000000000000000000, 0.0000000000000000000 ) ) ;
#1836 = DIRECTION ( 'NONE',  ( 1.000000000000000000, 0.0000000000000000000, 0.0000000000000000000 ) ) ;
#1837 = EDGE_CURVE ( 'NONE', #1851, #453, #1734, .T. ) ;
#1838 = DIRECTION ( 'NONE',  ( 0.0000000000000000000, 0.0000000000000000000, 1.000000000000000000 ) ) ;
#1839 = CARTESIAN_POINT ( 'NONE',  ( -0.5000000000000000000, 6.123233995736766036E-17, -0.7500000000000000000 ) ) ;
#1840 = LINE ( 'NONE', #1806, #291 ) ;
#1841 = ORIENTED_EDGE ( 'NONE', *, *, #731, .T. ) ;
#1842 = DIRECTION ( 'NONE',  ( -0.0000000000000000000, 1.000000000000000000, 0.0000000000000000000 ) ) ;
#1843 = ORIENTED_EDGE ( 'NONE', *, *, #82, .F. ) ;
#1844 = ORIENTED_EDGE ( 'NONE', *, *, #1837, .F. ) ;
#1845 = PLANE ( 'NONE',  #1690 ) ;
#1846 = DIRECTION ( 'NONE',  ( -0.7071067811865480168, 0.7071067811865470176, 0.0000000000000000000 ) ) ;
#1847 = EDGE_CURVE ( 'NONE', #1932, #1946, #1509, .T. ) ;
#1848 = FACE_OUTER_BOUND ( 'NONE', #1721, .T. ) ;
#1849 = DIRECTION ( 'NONE',  ( 0.0000000000000000000, 1.000000000000000000, 0.0000000000000000000 ) ) ;
#1850 = LINE ( 'NONE', #1968, #1364 ) ;
#1851 = VERTEX_POINT ( 'NONE', #1880 ) ;
#1852 = CARTESIAN_POINT ( 'NONE',  ( -0.2709936491443469819, 0.0000000000000000000, 0.3400000000000000244 ) ) ;
#1853 = MECHANICAL_DESIGN_GEOMETRIC_PRESENTATION_REPRESENTATION (  '', ( #1718 ), #1881 ) ;
#1854 = CARTESIAN_POINT ( 'NONE',  ( 0.2709936491443469819, 0.2562134266070400512, 0.3400000000000000244 ) ) ;
#1855 = CARTESIAN_POINT ( 'NONE',  ( -1.600000000000000089, -1.399999999999999911, 0.0000000000000000000 ) ) ;
#1856 = VECTOR ( 'NONE', #1976, 1000.000000000000000 ) ;
#1857 = STYLED_ITEM ( 'NONE', ( #1488 ), #1293 ) ;
#1858 = CARTESIAN_POINT ( 'NONE',  ( 0.3709936491443470152, 0.3562134266070410282, 0.3400000000000000244 ) ) ;
#1859 = VECTOR ( 'NONE', #927, 1000.000000000000000 ) ;
#1860 = VERTEX_POINT ( 'NONE', #1242 ) ;
#1861 = LINE ( 'NONE', #882, #1334 ) ;
#1862 = EDGE_CURVE ( 'NONE', #159, #444, #1093, .T. ) ;
#1863 = MECHANICAL_DESIGN_GEOMETRIC_PRESENTATION_REPRESENTATION (  '', ( #883 ), #1340 ) ;
#1864 = CARTESIAN_POINT ( 'NONE',  ( 0.2709936491443469819, 0.0000000000000000000, 0.3400000000000000244 ) ) ;
#1865 = DIRECTION ( 'NONE',  ( 0.0000000000000000000, 1.000000000000000000, 0.0000000000000000000 ) ) ;
#1866 = DIRECTION ( 'NONE',  ( 0.0000000000000000000, 0.0000000000000000000, 1.000000000000000000 ) ) ;
#1867 = DIRECTION ( 'NONE',  ( 0.0000000000000000000, 0.0000000000000000000, 1.000000000000000000 ) ) ;
#1868 = ORIENTED_EDGE ( 'NONE', *, *, #1051, .T. ) ;
#1869 = DIRECTION ( 'NONE',  ( -1.000000000000000000, 0.0000000000000000000, 0.0000000000000000000 ) ) ;
#1870 = EDGE_CURVE ( 'NONE', #891, #494, #1891, .T. ) ;
#1871 = ORIENTED_EDGE ( 'NONE', *, *, #885, .F. ) ;
#1872 = ORIENTED_EDGE ( 'NONE', *, *, #2000, .T. ) ;
#1873 = CARTESIAN_POINT ( 'NONE',  ( 0.0000000000000000000, 0.0000000000000000000, 0.8499999999999999778 ) ) ;
#1874 = DIRECTION ( 'NONE',  ( 0.0000000000000000000, 0.0000000000000000000, 1.000000000000000000 ) ) ;
#1875 = ORIENTED_EDGE ( 'NONE', *, *, #1010, .F. ) ;
#1876 = DIRECTION ( 'NONE',  ( 0.0000000000000000000, 0.0000000000000000000, -1.000000000000000000 ) ) ;
#1877 = EDGE_LOOP ( 'NONE', ( #372, #1299, #972, #329 ) ) ;
#1878 = EDGE_CURVE ( 'NONE', #734, #1198, #183, .T. ) ;
#1879 = ORIENTED_EDGE ( 'NONE', *, *, #1177, .F. ) ;
#1880 = CARTESIAN_POINT ( 'NONE',  ( 0.1250000000000000000, 1.530808498934191509E-17, 0.3499999999999999778 ) ) ;
#1881 =( GEOMETRIC_REPRESENTATION_CONTEXT ( 3 ) GLOBAL_UNCERTAINTY_ASSIGNED_CONTEXT ( ( #1769 ) ) GLOBAL_UNIT_ASSIGNED_CONTEXT ( ( #1617, #1787, #852 ) ) REPRESENTATION_CONTEXT ( 'NONE', 'WORKASPACE' ) );
#1882 = CARTESIAN_POINT ( 'NONE',  ( -0.2709936491443469819, 0.2562134266070400512, 0.3499999999999999778 ) ) ;
#1883 = AXIS2_PLACEMENT_3D ( 'NONE', #1829, #129, #116 ) ;
#1884 = ORIENTED_EDGE ( 'NONE', *, *, #722, .T. ) ;
#1885 = CARTESIAN_POINT ( 'NONE',  ( -1.016032285289560022, -1.399999999999999911, -0.8499999999999999778 ) ) ;
#1886 = AXIS2_PLACEMENT_3D ( 'NONE', #113, #887, #1973 ) ;
#1887 = ORIENTED_EDGE ( 'NONE', *, *, #1462, .T. ) ;
#1888 = VECTOR ( 'NONE', #1985, 1000.000000000000000 ) ;
#1889 = ORIENTED_EDGE ( 'NONE', *, *, #225, .F. ) ;
#1890 = EDGE_CURVE ( 'NONE', #411, #1091, #152, .T. ) ;
#1891 = LINE ( 'NONE', #638, #1404 ) ;
#1892 = EDGE_CURVE ( 'NONE', #733, #702, #310, .T. ) ;
#1893 = LINE ( 'NONE', #323, #1084 ) ;
#1894 = CARTESIAN_POINT ( 'NONE',  ( -2.939999999999999947, -1.094999999999999973, 0.0000000000000000000 ) ) ;
#1895 = CARTESIAN_POINT ( 'NONE',  ( 0.3709936491443470152, 0.3562134266070410282, 0.3499999999999999778 ) ) ;
#1896 = VERTEX_POINT ( 'NONE', #1129 ) ;
#1897 = EDGE_LOOP ( 'NONE', ( #820, #1096, #101, #1152 ) ) ;
#1898 = LINE ( 'NONE', #1567, #1041 ) ;
#1899 = ORIENTED_EDGE ( 'NONE', *, *, #871, .T. ) ;
#1900 = SURFACE_SIDE_STYLE ('',( #777 ) ) ;
#1901 = ORIENTED_EDGE ( 'NONE', *, *, #1506, .F. ) ;
#1902 = DIRECTION ( 'NONE',  ( 1.000000000000000000, 0.0000000000000000000, 0.0000000000000000000 ) ) ;
#1903 = DIRECTION ( 'NONE',  ( 1.000000000000000000, 0.0000000000000000000, 0.0000000000000000000 ) ) ;
#1904 = CARTESIAN_POINT ( 'NONE',  ( 0.0000000000000000000, 0.0000000000000000000, -0.7500000000000000000 ) ) ;
#1905 = DIRECTION ( 'NONE',  ( 0.0000000000000000000, 0.0000000000000000000, -1.000000000000000000 ) ) ;
#1906 = EDGE_CURVE ( 'NONE', #348, #1178, #319, .T. ) ;
#1907 = VERTEX_POINT ( 'NONE', #1120 ) ;
#1908 = PLANE ( 'NONE',  #185 ) ;
#1909 = ORIENTED_EDGE ( 'NONE', *, *, #2003, .T. ) ;
#1910 = FACE_OUTER_BOUND ( 'NONE', #341, .T. ) ;
#1911 = ORIENTED_EDGE ( 'NONE', *, *, #673, .T. ) ;
#1912 = LINE ( 'NONE', #373, #687 ) ;
#1913 = DIRECTION ( 'NONE',  ( 1.000000000000000000, 0.0000000000000000000, 0.0000000000000000000 ) ) ;
#1914 = DIRECTION ( 'NONE',  ( -1.000000000000000000, 0.0000000000000000000, 0.0000000000000000000 ) ) ;
#1915 = ORIENTED_EDGE ( 'NONE', *, *, #1619, .T. ) ;
#1916 = PRODUCT_DEFINITION ( 'UNKNOWN', '', #1476, #1036 ) ;
#1917 = CIRCLE ( 'NONE', #58, 0.5000000000000000000 ) ;
#1918 =( GEOMETRIC_REPRESENTATION_CONTEXT ( 3 ) GLOBAL_UNCERTAINTY_ASSIGNED_CONTEXT ( ( #1668 ) ) GLOBAL_UNIT_ASSIGNED_CONTEXT ( ( #1764, #211, #386 ) ) REPRESENTATION_CONTEXT ( 'NONE', 'WORKASPACE' ) );
#1919 = EDGE_LOOP ( 'NONE', ( #869, #74, #1032, #1970 ) ) ;
#1920 = EDGE_CURVE ( 'NONE', #117, #1576, #1281, .T. ) ;
#1921 = LINE ( 'NONE', #1033, #1947 ) ;
#1922 = VECTOR ( 'NONE', #202, 1000.000000000000000 ) ;
#1923 = ORIENTED_EDGE ( 'NONE', *, *, #1238, .T. ) ;
#1924 = CARTESIAN_POINT ( 'NONE',  ( -0.8052413936681429574, 0.1000000000000000056, 0.3499999999999999778 ) ) ;
#1925 = PLANE ( 'NONE',  #1886 ) ;
#1926 = DIRECTION ( 'NONE',  ( 0.0000000000000000000, 0.0000000000000000000, 1.000000000000000000 ) ) ;
#1927 = VERTEX_POINT ( 'NONE', #468 ) ;
#1928 = ORIENTED_EDGE ( 'NONE', *, *, #791, .T. ) ;
#1929 = ORIENTED_EDGE ( 'NONE', *, *, #73, .F. ) ;
#1930 = CARTESIAN_POINT ( 'NONE',  ( 0.0000000000000000000, 0.0000000000000000000, 0.3499999999999999778 ) ) ;
#1931 = EDGE_CURVE ( 'NONE', #330, #535, #5, .T. ) ;
#1932 = VERTEX_POINT ( 'NONE', #1709 ) ;
#1933 =( NAMED_UNIT ( * ) SI_UNIT ( $, .STERADIAN. ) SOLID_ANGLE_UNIT ( ) );
#1934 = CARTESIAN_POINT ( 'NONE',  ( 0.0000000000000000000, 0.0000000000000000000, 0.8499999999999999778 ) ) ;
#1935 = DIRECTION ( 'NONE',  ( -1.000000000000000000, 0.0000000000000000000, 0.0000000000000000000 ) ) ;
#1936 = FILL_AREA_STYLE ('',( #1452 ) ) ;
#1937 = DIRECTION ( 'NONE',  ( 0.0000000000000000000, -1.000000000000000000, 0.0000000000000000000 ) ) ;
#1938 = ORIENTED_EDGE ( 'NONE', *, *, #1544, .F. ) ;
#1939 = LINE ( 'NONE', #862, #973 ) ;
#1940 = EDGE_LOOP ( 'NONE', ( #1558, #490, #1357, #1270 ) ) ;
#1941 = ADVANCED_FACE ( 'NONE', ( #165 ), #934, .T. ) ;
#1942 = LINE ( 'NONE', #810, #1513 ) ;
#1943 = CARTESIAN_POINT ( 'NONE',  ( -0.8052413936681429574, 0.1000000000000000056, 0.3400000000000000244 ) ) ;
#1944 = ADVANCED_FACE ( 'NONE', ( #1556 ), #946, .T. ) ;
#1945 = FACE_OUTER_BOUND ( 'NONE', #1723, .T. ) ;
#1946 = VERTEX_POINT ( 'NONE', #1727 ) ;
#1947 = VECTOR ( 'NONE', #1799, 1000.000000000000000 ) ;
#1948 = ORIENTED_EDGE ( 'NONE', *, *, #791, .F. ) ;
#1949 = VECTOR ( 'NONE', #1972, 1000.000000000000000 ) ;
#1950 = LINE ( 'NONE', #1192, #1205 ) ;
#1951 = VECTOR ( 'NONE', #564, 1000.000000000000000 ) ;
#1952 = ORIENTED_EDGE ( 'NONE', *, *, #1384, .F. ) ;
#1953 = SURFACE_STYLE_USAGE ( .BOTH. , #530 ) ;
#1954 = VECTOR ( 'NONE', #107, 1000.000000000000000 ) ;
#1955 = ADVANCED_FACE ( 'NONE', ( #1572 ), #787, .F. ) ;
#1956 = CARTESIAN_POINT ( 'NONE',  ( 2.939999999999999947, 1.094999999999999973, 0.1000000000000000056 ) ) ;
#1957 = DIRECTION ( 'NONE',  ( 0.0000000000000000000, 0.0000000000000000000, -1.000000000000000000 ) ) ;
#1958 = EDGE_CURVE ( 'NONE', #1789, #494, #337, .T. ) ;
#1959 = DIRECTION ( 'NONE',  ( 0.0000000000000000000, 0.0000000000000000000, -1.000000000000000000 ) ) ;
#1960 = EDGE_LOOP ( 'NONE', ( #1817, #1066, #164, #1923, #1843, #355, #1765, #481, #994, #1872, #922, #1821, #901, #71 ) ) ;
#1961 = CARTESIAN_POINT ( 'NONE',  ( -2.939999999999999947, -1.094999999999999973, -0.1000000000000000056 ) ) ;
#1962 = ORIENTED_EDGE ( 'NONE', *, *, #650, .T. ) ;
#1963 = VERTEX_POINT ( 'NONE', #619 ) ;
#1964 = DIRECTION ( 'NONE',  ( 0.0000000000000000000, 1.000000000000000000, 0.0000000000000000000 ) ) ;
#1965 = CARTESIAN_POINT ( 'NONE',  ( 1.550000000000000044, -0.6999999999999999556, -0.5000000000000000000 ) ) ;
#1966 = MANIFOLD_SOLID_BREP ( '6028 LED.STEP[2]', #780 ) ;
#1967 = LINE ( 'NONE', #1354, #298 ) ;
#1968 = CARTESIAN_POINT ( 'NONE',  ( 2.939999999999999947, -0.5950000000000000844, 0.0000000000000000000 ) ) ;
#1969 = EDGE_CURVE ( 'NONE', #1546, #839, #1372, .T. ) ;
#1970 = ORIENTED_EDGE ( 'NONE', *, *, #1564, .F. ) ;
#1971 = DIRECTION ( 'NONE',  ( 0.0000000000000000000, 0.0000000000000000000, -1.000000000000000000 ) ) ;
#1972 = DIRECTION ( 'NONE',  ( 0.0000000000000000000, 0.0000000000000000000, 1.000000000000000000 ) ) ;
#1973 = DIRECTION ( 'NONE',  ( 0.0000000000000000000, -1.000000000000000000, 0.0000000000000000000 ) ) ;
#1974 = CYLINDRICAL_SURFACE ( 'NONE', #1989, 0.8114269542457979156 ) ;
#1975 = FILL_AREA_STYLE ('',( #1072 ) ) ;
#1976 = DIRECTION ( 'NONE',  ( -1.000000000000000000, 0.0000000000000000000, 0.0000000000000000000 ) ) ;
#1977 = EDGE_CURVE ( 'NONE', #1860, #63, #326, .T. ) ;
#1978 = EDGE_LOOP ( 'NONE', ( #1685, #783 ) ) ;
#1979 = CYLINDRICAL_SURFACE ( 'NONE', #1752, 0.1250000000000000000 ) ;
#1980 = EDGE_CURVE ( 'NONE', #1767, #446, #1485, .T. ) ;
#1981 = VECTOR ( 'NONE', #870, 1000.000000000000000 ) ;
#1982 = DIRECTION ( 'NONE',  ( 0.0000000000000000000, 0.0000000000000000000, -1.000000000000000000 ) ) ;
#1983 = CARTESIAN_POINT ( 'NONE',  ( 0.0000000000000000000, 0.0000000000000000000, 0.3499999999999999778 ) ) ;
#1984 = VECTOR ( 'NONE', #1621, 1000.000000000000000 ) ;
#1985 = DIRECTION ( 'NONE',  ( 0.0000000000000000000, 0.0000000000000000000, -1.000000000000000000 ) ) ;
#1986 = VECTOR ( 'NONE', #1304, 1000.000000000000000 ) ;
#1987 = SURFACE_STYLE_FILL_AREA ( #1975 ) ;
#1988 = DIRECTION ( 'NONE',  ( 1.000000000000000000, 0.0000000000000000000, 0.0000000000000000000 ) ) ;
#1989 = AXIS2_PLACEMENT_3D ( 'NONE', #1804, #1838, #264 ) ;
#1990 = ORIENTED_EDGE ( 'NONE', *, *, #961, .T. ) ;
#1991 = LINE ( 'NONE', #743, #90 ) ;
#1992 = ORIENTED_EDGE ( 'NONE', *, *, #1980, .T. ) ;
#1993 = ADVANCED_FACE ( 'NONE', ( #821 ), #217, .T. ) ;
#1994 = DIRECTION ( 'NONE',  ( -1.000000000000000000, 0.0000000000000000000, 0.0000000000000000000 ) ) ;
#1995 = DIRECTION ( 'NONE',  ( 0.0000000000000000000, -1.000000000000000000, 0.0000000000000000000 ) ) ;
#1996 = CARTESIAN_POINT ( 'NONE',  ( -0.3709936491443470152, 0.3562134266070410282, 0.3499999999999999778 ) ) ;
#1997 = DIRECTION ( 'NONE',  ( 0.0000000000000000000, 0.0000000000000000000, -1.000000000000000000 ) ) ;
#1998 = ORIENTED_EDGE ( 'NONE', *, *, #140, .T. ) ;
#1999 = CARTESIAN_POINT ( 'NONE',  ( -0.8114269542457979156, 0.0000000000000000000, 0.3499999999999999778 ) ) ;
#2000 = EDGE_CURVE ( 'NONE', #1091, #300, #1912, .T. ) ;
#2001 = LINE ( 'NONE', #607, #803 ) ;
#2002 = PLANE ( 'NONE',  #1540 ) ;
#2003 = EDGE_CURVE ( 'NONE', #1927, #657, #1213, .T. ) ;
#2004 = DIRECTION ( 'NONE',  ( -1.000000000000000000, 0.0000000000000000000, 0.0000000000000000000 ) ) ;
#2005 = DIRECTION ( 'NONE',  ( 0.0000000000000000000, 1.000000000000000000, 0.0000000000000000000 ) ) ;
#2006 = ORIENTED_EDGE ( 'NONE', *, *, #673, .F. ) ;
#2007 = FACE_OUTER_BOUND ( 'NONE', #1303, .T. ) ;
#2008 = AXIS2_PLACEMENT_3D ( 'NONE', #2010, #1250, #926 ) ;
#2009 = ORIENTED_EDGE ( 'NONE', *, *, #1090, .T. ) ;
#2010 = CARTESIAN_POINT ( 'NONE',  ( 0.0000000000000000000, 0.0000000000000000000, 0.3400000000000000244 ) ) ;
#2011 = DIRECTION ( 'NONE',  ( 1.000000000000000000, 0.0000000000000000000, 0.0000000000000000000 ) ) ;
#2012 = VECTOR ( 'NONE', #1089, 1000.000000000000000 ) ;
#2013 = EDGE_CURVE ( 'NONE', #1124, #523, #831, .T. ) ;
#2014 =( GEOMETRIC_REPRESENTATION_CONTEXT ( 3 ) GLOBAL_UNCERTAINTY_ASSIGNED_CONTEXT ( ( #830 ) ) GLOBAL_UNIT_ASSIGNED_CONTEXT ( ( #1702, #2015, #145 ) ) REPRESENTATION_CONTEXT ( 'NONE', 'WORKASPACE' ) );
#2015 =( NAMED_UNIT ( * ) PLANE_ANGLE_UNIT ( ) SI_UNIT ( $, .RADIAN. ) );
#2016 = VECTOR ( 'NONE', #366, 1000.000000000000000 ) ;
#2017 = EDGE_CURVE ( 'NONE', #1406, #981, #678, .T. ) ;
#2018 = AXIS2_PLACEMENT_3D ( 'NONE', #1142, #1471, #704 ) ;
#2019 = ORIENTED_EDGE ( 'NONE', *, *, #911, .F. ) ;
#2020 = DIRECTION ( 'NONE',  ( 1.000000000000000000, 0.0000000000000000000, 0.0000000000000000000 ) ) ;
#2021 = AXIS2_PLACEMENT_3D ( 'NONE', #1275, #1388, #1318 ) ;
ENDSEC;
END-ISO-10303-21;
